***********************************************************
***********************************************************

  This calculation was performed by OpenMX Ver. 4.0
  using 28 MPI processes and 1 OpenMP threads.

  Wed Apr  8 17:31:49 2026

***********************************************************
***********************************************************

#
# File Name
#

System.CurrrentDirectory         ./    # default=./
System.Name                      TiO2_DIIS
level.of.stdout                   1    # default=1 (1-3)
level.of.fileout                  0    # default=1 (0-2)

#
# Definition of Atomic Species
#

Species.Number       2
<Definition.of.Atomic.Species
  Ti   Ti7.0-s2p2d1  Ti_PBE19
  O    O5.0-s2p1     O_PBE19
Definition.of.Atomic.Species>

#
# Atoms
#

Atoms.Number         6
Atoms.SpeciesAndCoordinates.Unit   Ang # Ang|AU
<Atoms.SpeciesAndCoordinates           
  1 Ti -0.20000000  0.10000000  0.30000000  6.0 6.0
  2 Ti  2.29686500  2.29686500  1.47906000  6.0 6.0
  3 O   1.40246577  1.40246577  0.00000000  3.0 3.0
  4 O  -1.40246577 -1.40246577  0.00000000  3.0 3.0
  5 O   3.69933077  0.89439923  1.47906000  3.0 3.0
  6 O   0.89439923  3.69933077  1.47906000  3.0 3.0
Atoms.SpeciesAndCoordinates>
Atoms.UnitVectors.Unit             Ang # Ang|AU
<Atoms.UnitVectors                     
  4.59373000  0.00000000  0.00000000
  0.00000000  4.59373000  0.00000000
  0.00000000  0.00000000  2.95812000
Atoms.UnitVectors>
     
#
# SCF or Electronic System
#


scf.XcType                GGA-PBE      # LDA|LSDA-CA|LSDA-PW|GGA-PBE
scf.SpinPolarization        off        # On|Off|NC
scf.ElectronicTemperature  300.0       # default=300 (K)
scf.energycutoff           180.0       # default=150 (Ry)
scf.maxIter                  50        # default=40
scf.EigenvalueSolver       band        # DC|GDC|Cluster|Band
scf.Kgrid                  4 4 4       # means n1 x n2 x n3
scf.Mixing.Type           rmm-diisk    # Simple|Rmm-Diis|Gr-Pulay|Kerker|Rmm-Diisk
scf.Init.Mixing.Weight     0.20        # default=0.30 
scf.Min.Mixing.Weight      0.001       # default=0.001 
scf.Max.Mixing.Weight      0.500       # default=0.40 
scf.Mixing.History          10         # default=5
scf.Mixing.StartPulay       7          # default=6
scf.criterion             1.0e-8       # default=1.0e-6 (Hartree) 

#
# MD or Geometry Optimization
#

MD.Type                     DIIS       # Nomd|Opt|DIIS|NVE|NVT_VS|NVT_NH
MD.Opt.DIIS.History          3         # default=3
MD.Opt.StartDIIS            15         # default=5
MD.Opt.EveryDIIS           10000       # default=10
MD.maxIter                  200        # default=1xsx
MD.Opt.criterion          1.0e-4       # default=1.0e-4 (Hartree/bohr)
















***********************************************************
***********************************************************

  Required cutoff energy (Ryd) for 3D-grids = 180.0000
      Used cutoff energy (Ryd) for 3D-grids = 169.7369, 169.7369, 181.9253
  Num. of grids of a-, b-, and c-axes = 36, 36, 24

  Num.Grid1.    36
  Num.Grid2.    36
  Num.Grid3.    24


  Cell_Volume =    421.253212939055 (Bohr^3)
  GridVol     =      0.013543377474 (Bohr^3)
  Cell vectors (bohr) of the grid cell (gtv)
    gtv_a =  0.241135860153,  0.000000000000,  0.000000000000
    gtv_b =  0.000000000000,  0.241135860153,  0.000000000000
    gtv_c =  0.000000000000,  0.000000000000,  0.232918176722
    |gtv_a| =  0.241135860153
    |gtv_b| =  0.241135860153
    |gtv_c| =  0.232918176722

***********************************************************
***********************************************************


***********************************************************
***********************************************************
                  SCF history at MD= 1                    
***********************************************************
***********************************************************

   SCF=   1  NormRD=  1.000000000000  Uele= -45.400828246616
   SCF=   2  NormRD=  3.424594526712  Uele= -45.400828246616
   SCF=   3  NormRD=  3.287146054250  Uele= -45.376780130506
   SCF=   4  NormRD=  1.359080879764  Uele= -45.158204195778
   SCF=   5  NormRD=  0.433639493675  Uele= -45.138406924379
   SCF=   6  NormRD=  0.300127596246  Uele= -45.093067203467
   SCF=   7  NormRD=  0.158342837057  Uele= -45.031946266926
   SCF=   8  NormRD=  0.090259682050  Uele= -44.942434656611
   SCF=   9  NormRD=  0.021011065808  Uele= -44.945491189194
   SCF=  10  NormRD=  0.009998830213  Uele= -44.940212052009
   SCF=  11  NormRD=  0.002692764825  Uele= -44.938893300554
   SCF=  12  NormRD=  0.002186391988  Uele= -44.938568807144
   SCF=  13  NormRD=  0.000491514700  Uele= -44.938420669768
   SCF=  14  NormRD=  0.000184388580  Uele= -44.938431871804
   SCF=  15  NormRD=  0.000099813979  Uele= -44.938400324945
   SCF=  16  NormRD=  0.000016304934  Uele= -44.938394915107
   SCF=  17  NormRD=  0.000002076413  Uele= -44.938398042673
   SCF=  18  NormRD=  0.000000479222  Uele= -44.938397919590
   SCF=  19  NormRD=  0.000000213845  Uele= -44.938397949521
   SCF=  20  NormRD=  0.000000006652  Uele= -44.938397934771
   SCF=  21  NormRD=  0.000000001926  Uele= -44.938397925981

*******************************************************
        Total energy (Hartree) at MD = 1        
*******************************************************

  Uele.        -44.938397925981

  Ukin.         93.650558103550
  UH0.       -2503.927141906045
  UH1.           0.108130095961
  Una.        -126.032861938578
  Unl.          25.290274293283
  Uxc0.        -16.365224638764
  Uxc1.        -16.365224638764
  Ucore.      2359.641471518506
  Uhub.          0.000000000000
  Ucs.           0.000000000000
  Uzs.           0.000000000000
  Uzo.           0.000000000000
  Uef.           0.000000000000
  UvdW.          0.000000000000
  Uch.           0.000000000000
  Utot.       -184.000019110851

  UpV.           0.000000000000
  Enpy.       -184.000019110851
  Note:

  Utot = Ukin+UH0+UH1+Una+Unl+Uxc0+Uxc1+Ucore+Uhub+Ucs+Uzs+Uzo+Uef+UvdW+Uch

  Uele:   band energy
  Ukin:   kinetic energy
  UH0:    electric part of screened Coulomb energy
  UH1:    difference electron-electron Coulomb energy
  Una:    neutral atom potential energy
  Unl:    non-local potential energy
  Uxc0:   exchange-correlation energy for alpha spin
  Uxc1:   exchange-correlation energy for beta spin
  Ucore:  core-core Coulomb energy
  Uhub:   LDA+U energy
  Ucs:    constraint energy for spin orientation
  Uzs:    Zeeman term for spin magnetic moment
  Uzo:    Zeeman term for orbital magnetic moment
  Uef:    electric energy by electric field
  UvdW:   semi-empirical vdW energy
  Uch:    penalty term to create a core hole

  UpV:    pressure times volume
  Enpy:   Enthalpy = Utot + UpV
  (see also PRB 72, 045121(2005) for the energy contributions)



  Chemical potential (Hartree)      -0.254287212510

***********************************************************
***********************************************************
                  SCF history at MD= 2                    
***********************************************************
***********************************************************

   SCF=   1  NormRD=  1.000000000000  Uele= -44.661437818686
   SCF=   2  NormRD=  0.459886886618  Uele= -44.821576917685
   SCF=   3  NormRD=  0.473784851322  Uele= -44.845102466275
   SCF=   4  NormRD=  0.086185195964  Uele= -44.873644955413
   SCF=   5  NormRD=  0.062304484635  Uele= -44.883150141645
   SCF=   6  NormRD=  0.024172481202  Uele= -44.916645268676
   SCF=   7  NormRD=  0.012021213893  Uele= -44.912883993841
   SCF=   8  NormRD=  0.017231817760  Uele= -44.910720890147
   SCF=   9  NormRD=  0.001947720157  Uele= -44.911056762954
   SCF=  10  NormRD=  0.001845342553  Uele= -44.910799756772
   SCF=  11  NormRD=  0.000156252020  Uele= -44.910755043522
   SCF=  12  NormRD=  0.000106644925  Uele= -44.910777454418
   SCF=  13  NormRD=  0.000023851575  Uele= -44.910775224666
   SCF=  14  NormRD=  0.000003159261  Uele= -44.910774494422
   SCF=  15  NormRD=  0.000001714631  Uele= -44.910774512664
   SCF=  16  NormRD=  0.000000114292  Uele= -44.910774712943
   SCF=  17  NormRD=  0.000000017006  Uele= -44.910774686267
   SCF=  18  NormRD=  0.000000002263  Uele= -44.910774690832

*******************************************************
        Total energy (Hartree) at MD = 2        
*******************************************************

  Uele.        -44.910774690832

  Ukin.         93.216978571729
  UH0.       -2502.425735627512
  UH1.           0.108422631138
  Una.        -125.440110998186
  Unl.          25.286224203758
  Uxc0.        -16.327629270081
  Uxc1.        -16.327629270081
  Ucore.      2357.864108755396
  Uhub.          0.000000000000
  Ucs.           0.000000000000
  Uzs.           0.000000000000
  Uzo.           0.000000000000
  Uef.           0.000000000000
  UvdW.          0.000000000000
  Uch.           0.000000000000
  Utot.       -184.045371003839

  UpV.           0.000000000000
  Enpy.       -184.045371003839
  Note:

  Utot = Ukin+UH0+UH1+Una+Unl+Uxc0+Uxc1+Ucore+Uhub+Ucs+Uzs+Uzo+Uef+UvdW+Uch

  Uele:   band energy
  Ukin:   kinetic energy
  UH0:    electric part of screened Coulomb energy
  UH1:    difference electron-electron Coulomb energy
  Una:    neutral atom potential energy
  Unl:    non-local potential energy
  Uxc0:   exchange-correlation energy for alpha spin
  Uxc1:   exchange-correlation energy for beta spin
  Ucore:  core-core Coulomb energy
  Uhub:   LDA+U energy
  Ucs:    constraint energy for spin orientation
  Uzs:    Zeeman term for spin magnetic moment
  Uzo:    Zeeman term for orbital magnetic moment
  Uef:    electric energy by electric field
  UvdW:   semi-empirical vdW energy
  Uch:    penalty term to create a core hole

  UpV:    pressure times volume
  Enpy:   Enthalpy = Utot + UpV
  (see also PRB 72, 045121(2005) for the energy contributions)



  Chemical potential (Hartree)      -0.265224758940

***********************************************************
***********************************************************
                  SCF history at MD= 3                    
***********************************************************
***********************************************************

   SCF=   1  NormRD=  1.000000000000  Uele= -44.910066307488
   SCF=   2  NormRD=  0.014307697647  Uele= -44.910999760333
   SCF=   3  NormRD=  0.009630558995  Uele= -44.911221955975
   SCF=   4  NormRD=  0.008147085240  Uele= -44.911468841131
   SCF=   5  NormRD=  0.004588111262  Uele= -44.911695482656
   SCF=   6  NormRD=  0.000900141168  Uele= -44.911511889470
   SCF=   7  NormRD=  0.001052395313  Uele= -44.911630656808
   SCF=   8  NormRD=  0.000065594982  Uele= -44.911564161615
   SCF=   9  NormRD=  0.000071022302  Uele= -44.911566982120
   SCF=  10  NormRD=  0.000008139552  Uele= -44.911566385101
   SCF=  11  NormRD=  0.000005640174  Uele= -44.911566144273
   SCF=  12  NormRD=  0.000000422587  Uele= -44.911565822073
   SCF=  13  NormRD=  0.000000057090  Uele= -44.911565903125
   SCF=  14  NormRD=  0.000000008461  Uele= -44.911565899366

*******************************************************
        Total energy (Hartree) at MD = 3        
*******************************************************

  Uele.        -44.911565899366

  Ukin.         93.212945382374
  UH0.       -2502.364908477877
  UH1.           0.108425520006
  Una.        -125.435746911538
  Unl.          25.286217872201
  Uxc0.        -16.327353770860
  Uxc1.        -16.327353770860
  Ucore.      2357.801686317118
  Uhub.          0.000000000000
  Ucs.           0.000000000000
  Uzs.           0.000000000000
  Uzo.           0.000000000000
  Uef.           0.000000000000
  UvdW.          0.000000000000
  Uch.           0.000000000000
  Utot.       -184.046087839436

  UpV.           0.000000000000
  Enpy.       -184.046087839436
  Note:

  Utot = Ukin+UH0+UH1+Una+Unl+Uxc0+Uxc1+Ucore+Uhub+Ucs+Uzs+Uzo+Uef+UvdW+Uch

  Uele:   band energy
  Ukin:   kinetic energy
  UH0:    electric part of screened Coulomb energy
  UH1:    difference electron-electron Coulomb energy
  Una:    neutral atom potential energy
  Unl:    non-local potential energy
  Uxc0:   exchange-correlation energy for alpha spin
  Uxc1:   exchange-correlation energy for beta spin
  Ucore:  core-core Coulomb energy
  Uhub:   LDA+U energy
  Ucs:    constraint energy for spin orientation
  Uzs:    Zeeman term for spin magnetic moment
  Uzo:    Zeeman term for orbital magnetic moment
  Uef:    electric energy by electric field
  UvdW:   semi-empirical vdW energy
  Uch:    penalty term to create a core hole

  UpV:    pressure times volume
  Enpy:   Enthalpy = Utot + UpV
  (see also PRB 72, 045121(2005) for the energy contributions)



  Chemical potential (Hartree)      -0.265399014005

***********************************************************
***********************************************************
                  SCF history at MD= 4                    
***********************************************************
***********************************************************

   SCF=   1  NormRD=  1.000000000000  Uele= -44.912229060144
   SCF=   2  NormRD=  0.001677756036  Uele= -44.912290602732
   SCF=   3  NormRD=  0.001347851531  Uele= -44.912316808988
   SCF=   4  NormRD=  0.000760298938  Uele= -44.912355587909
   SCF=   5  NormRD=  0.000638651156  Uele= -44.912324289989
   SCF=   6  NormRD=  0.000125857241  Uele= -44.912350281499
   SCF=   7  NormRD=  0.000092623281  Uele= -44.912339518048
   SCF=   8  NormRD=  0.000007264510  Uele= -44.912343563972
   SCF=   9  NormRD=  0.000013653033  Uele= -44.912343423402
   SCF=  10  NormRD=  0.000000651502  Uele= -44.912343669869
   SCF=  11  NormRD=  0.000000933963  Uele= -44.912343572058
   SCF=  12  NormRD=  0.000000051052  Uele= -44.912343631800
   SCF=  13  NormRD=  0.000000003730  Uele= -44.912343631805

*******************************************************
        Total energy (Hartree) at MD = 4        
*******************************************************

  Uele.        -44.912343631805

  Ukin.         93.209558327629
  UH0.       -2502.316229227364
  UH1.           0.108444136509
  Una.        -125.432016290333
  Unl.          25.286275215849
  Uxc0.        -16.327109739875
  Uxc1.        -16.327109739875
  Ucore.      2357.751610906303
  Uhub.          0.000000000000
  Ucs.           0.000000000000
  Uzs.           0.000000000000
  Uzo.           0.000000000000
  Uef.           0.000000000000
  UvdW.          0.000000000000
  Uch.           0.000000000000
  Utot.       -184.046576411157

  UpV.           0.000000000000
  Enpy.       -184.046576411157
  Note:

  Utot = Ukin+UH0+UH1+Una+Unl+Uxc0+Uxc1+Ucore+Uhub+Ucs+Uzs+Uzo+Uef+UvdW+Uch

  Uele:   band energy
  Ukin:   kinetic energy
  UH0:    electric part of screened Coulomb energy
  UH1:    difference electron-electron Coulomb energy
  Una:    neutral atom potential energy
  Unl:    non-local potential energy
  Uxc0:   exchange-correlation energy for alpha spin
  Uxc1:   exchange-correlation energy for beta spin
  Ucore:  core-core Coulomb energy
  Uhub:   LDA+U energy
  Ucs:    constraint energy for spin orientation
  Uzs:    Zeeman term for spin magnetic moment
  Uzo:    Zeeman term for orbital magnetic moment
  Uef:    electric energy by electric field
  UvdW:   semi-empirical vdW energy
  Uch:    penalty term to create a core hole

  UpV:    pressure times volume
  Enpy:   Enthalpy = Utot + UpV
  (see also PRB 72, 045121(2005) for the energy contributions)



  Chemical potential (Hartree)      -0.265518551782

***********************************************************
***********************************************************
                  SCF history at MD= 5                    
***********************************************************
***********************************************************

   SCF=   1  NormRD=  1.000000000000  Uele= -44.913099357401
   SCF=   2  NormRD=  0.000192907075  Uele= -44.913102601320
   SCF=   3  NormRD=  0.000124025228  Uele= -44.913097964933
   SCF=   4  NormRD=  0.000191791106  Uele= -44.913108647337
   SCF=   5  NormRD=  0.000060375059  Uele= -44.913101932961
   SCF=   6  NormRD=  0.000021722699  Uele= -44.913101373082
   SCF=   7  NormRD=  0.000011817203  Uele= -44.913101431188
   SCF=   8  NormRD=  0.000001042716  Uele= -44.913101884939
   SCF=   9  NormRD=  0.000001680139  Uele= -44.913101799953
   SCF=  10  NormRD=  0.000000117220  Uele= -44.913101891886
   SCF=  11  NormRD=  0.000000068054  Uele= -44.913101879932
   SCF=  12  NormRD=  0.000000006441  Uele= -44.913101883967

*******************************************************
        Total energy (Hartree) at MD = 5        
*******************************************************

  Uele.        -44.913101883967

  Ukin.         93.206625876930
  UH0.       -2481.720718870364
  UH1.           0.108472278215
  Una.        -125.428744584367
  Unl.          25.286373143116
  Uxc0.        -16.326891395289
  Uxc1.        -16.326891395289
  Ucore.      2337.154846859761
  Uhub.          0.000000000000
  Ucs.           0.000000000000
  Uzs.           0.000000000000
  Uzo.           0.000000000000
  Uef.           0.000000000000
  UvdW.          0.000000000000
  Uch.           0.000000000000
  Utot.       -184.046928087288

  UpV.           0.000000000000
  Enpy.       -184.046928087288
  Note:

  Utot = Ukin+UH0+UH1+Una+Unl+Uxc0+Uxc1+Ucore+Uhub+Ucs+Uzs+Uzo+Uef+UvdW+Uch

  Uele:   band energy
  Ukin:   kinetic energy
  UH0:    electric part of screened Coulomb energy
  UH1:    difference electron-electron Coulomb energy
  Una:    neutral atom potential energy
  Unl:    non-local potential energy
  Uxc0:   exchange-correlation energy for alpha spin
  Uxc1:   exchange-correlation energy for beta spin
  Ucore:  core-core Coulomb energy
  Uhub:   LDA+U energy
  Ucs:    constraint energy for spin orientation
  Uzs:    Zeeman term for spin magnetic moment
  Uzo:    Zeeman term for orbital magnetic moment
  Uef:    electric energy by electric field
  UvdW:   semi-empirical vdW energy
  Uch:    penalty term to create a core hole

  UpV:    pressure times volume
  Enpy:   Enthalpy = Utot + UpV
  (see also PRB 72, 045121(2005) for the energy contributions)



  Chemical potential (Hartree)      -0.265601640972

***********************************************************
***********************************************************
                  SCF history at MD= 6                    
***********************************************************
***********************************************************

   SCF=   1  NormRD=  1.000000000000  Uele= -44.915197072442
   SCF=   2  NormRD=  0.000603455189  Uele= -44.914973289270
   SCF=   3  NormRD=  0.000570979284  Uele= -44.914949830198
   SCF=   4  NormRD=  0.000261669179  Uele= -44.914838600543
   SCF=   5  NormRD=  0.000101958513  Uele= -44.914875653841
   SCF=   6  NormRD=  0.000024943968  Uele= -44.914871445787
   SCF=   7  NormRD=  0.000021065738  Uele= -44.914870347799
   SCF=   8  NormRD=  0.000002110489  Uele= -44.914869214048
   SCF=   9  NormRD=  0.000003166769  Uele= -44.914868806727
   SCF=  10  NormRD=  0.000000120866  Uele= -44.914868786724
   SCF=  11  NormRD=  0.000000206931  Uele= -44.914868913409
   SCF=  12  NormRD=  0.000000014914  Uele= -44.914868915405

*******************************************************
        Total energy (Hartree) at MD = 6        
*******************************************************

  Uele.        -44.914868915405

  Ukin.         93.200656375007
  UH0.       -2502.260795667895
  UH1.           0.108560376338
  Una.        -125.422110690203
  Unl.          25.286708561641
  Uxc0.        -16.326444968879
  Uxc1.        -16.326444968879
  Ucore.      2357.692332895353
  Uhub.          0.000000000000
  Ucs.           0.000000000000
  Uzs.           0.000000000000
  Uzo.           0.000000000000
  Uef.           0.000000000000
  UvdW.          0.000000000000
  Uch.           0.000000000000
  Utot.       -184.047538087519

  UpV.           0.000000000000
  Enpy.       -184.047538087519
  Note:

  Utot = Ukin+UH0+UH1+Una+Unl+Uxc0+Uxc1+Ucore+Uhub+Ucs+Uzs+Uzo+Uef+UvdW+Uch

  Uele:   band energy
  Ukin:   kinetic energy
  UH0:    electric part of screened Coulomb energy
  UH1:    difference electron-electron Coulomb energy
  Una:    neutral atom potential energy
  Unl:    non-local potential energy
  Uxc0:   exchange-correlation energy for alpha spin
  Uxc1:   exchange-correlation energy for beta spin
  Ucore:  core-core Coulomb energy
  Uhub:   LDA+U energy
  Ucs:    constraint energy for spin orientation
  Uzs:    Zeeman term for spin magnetic moment
  Uzo:    Zeeman term for orbital magnetic moment
  Uef:    electric energy by electric field
  UvdW:   semi-empirical vdW energy
  Uch:    penalty term to create a core hole

  UpV:    pressure times volume
  Enpy:   Enthalpy = Utot + UpV
  (see also PRB 72, 045121(2005) for the energy contributions)



  Chemical potential (Hartree)      -0.265735625599

***********************************************************
***********************************************************
                  SCF history at MD= 7                    
***********************************************************
***********************************************************

   SCF=   1  NormRD=  1.000000000000  Uele= -44.915459304903
   SCF=   2  NormRD=  0.002019622283  Uele= -44.916121040583
   SCF=   3  NormRD=  0.002132741195  Uele= -44.916121322138
   SCF=   4  NormRD=  0.000548446402  Uele= -44.916415616441
   SCF=   5  NormRD=  0.000585239263  Uele= -44.916376442367
   SCF=   6  NormRD=  0.000100164353  Uele= -44.916383898181
   SCF=   7  NormRD=  0.000051987516  Uele= -44.916387240541
   SCF=   8  NormRD=  0.000008980096  Uele= -44.916391549116
   SCF=   9  NormRD=  0.000008996766  Uele= -44.916392190987
   SCF=  10  NormRD=  0.000000665228  Uele= -44.916392497137
   SCF=  11  NormRD=  0.000000894177  Uele= -44.916392289692
   SCF=  12  NormRD=  0.000000035524  Uele= -44.916392153755
   SCF=  13  NormRD=  0.000000003291  Uele= -44.916392176754
   SCF=  14  NormRD=  0.000000000953  Uele= -44.916392178059

*******************************************************
        Total energy (Hartree) at MD = 7        
*******************************************************

  Uele.        -44.916392178059

  Ukin.         93.195589202071
  UH0.       -2502.251413560964
  UH1.           0.108668342640
  Una.        -125.416278515237
  Unl.          25.287131566394
  Uxc0.        -16.326052184616
  Uxc1.        -16.326052184616
  Ucore.      2357.680516461668
  Uhub.          0.000000000000
  Ucs.           0.000000000000
  Uzs.           0.000000000000
  Uzo.           0.000000000000
  Uef.           0.000000000000
  UvdW.          0.000000000000
  Uch.           0.000000000000
  Utot.       -184.047890872659

  UpV.           0.000000000000
  Enpy.       -184.047890872659
  Note:

  Utot = Ukin+UH0+UH1+Una+Unl+Uxc0+Uxc1+Ucore+Uhub+Ucs+Uzs+Uzo+Uef+UvdW+Uch

  Uele:   band energy
  Ukin:   kinetic energy
  UH0:    electric part of screened Coulomb energy
  UH1:    difference electron-electron Coulomb energy
  Una:    neutral atom potential energy
  Unl:    non-local potential energy
  Uxc0:   exchange-correlation energy for alpha spin
  Uxc1:   exchange-correlation energy for beta spin
  Ucore:  core-core Coulomb energy
  Uhub:   LDA+U energy
  Ucs:    constraint energy for spin orientation
  Uzs:    Zeeman term for spin magnetic moment
  Uzo:    Zeeman term for orbital magnetic moment
  Uef:    electric energy by electric field
  UvdW:   semi-empirical vdW energy
  Uch:    penalty term to create a core hole

  UpV:    pressure times volume
  Enpy:   Enthalpy = Utot + UpV
  (see also PRB 72, 045121(2005) for the energy contributions)



  Chemical potential (Hartree)      -0.265780633924

***********************************************************
***********************************************************
                  SCF history at MD= 8                    
***********************************************************
***********************************************************

   SCF=   1  NormRD=  1.000000000000  Uele= -44.917855023469
   SCF=   2  NormRD=  0.001110602748  Uele= -44.917727812260
   SCF=   3  NormRD=  0.000823778365  Uele= -44.917715134299
   SCF=   4  NormRD=  0.000786845204  Uele= -44.917636926354
   SCF=   5  NormRD=  0.000470069076  Uele= -44.917679064339
   SCF=   6  NormRD=  0.000106776040  Uele= -44.917673090089
   SCF=   7  NormRD=  0.000077669987  Uele= -44.917675225188
   SCF=   8  NormRD=  0.000007049383  Uele= -44.917673429041
   SCF=   9  NormRD=  0.000012403274  Uele= -44.917672751123
   SCF=  10  NormRD=  0.000000617159  Uele= -44.917672907331
   SCF=  11  NormRD=  0.000000620126  Uele= -44.917673011311
   SCF=  12  NormRD=  0.000000026448  Uele= -44.917672966989
   SCF=  13  NormRD=  0.000000004878  Uele= -44.917672958322

*******************************************************
        Total energy (Hartree) at MD = 8        
*******************************************************

  Uele.        -44.917672958322

  Ukin.         93.191463522158
  UH0.       -2502.243288197083
  UH1.           0.108779901220
  Una.        -125.411582777938
  Unl.          25.287611123468
  Uxc0.        -16.325740235711
  Uxc1.        -16.325740235711
  Ucore.      2357.670355559407
  Uhub.          0.000000000000
  Ucs.           0.000000000000
  Uzs.           0.000000000000
  Uzo.           0.000000000000
  Uef.           0.000000000000
  UvdW.          0.000000000000
  Uch.           0.000000000000
  Utot.       -184.048141340189

  UpV.           0.000000000000
  Enpy.       -184.048141340189
  Note:

  Utot = Ukin+UH0+UH1+Una+Unl+Uxc0+Uxc1+Ucore+Uhub+Ucs+Uzs+Uzo+Uef+UvdW+Uch

  Uele:   band energy
  Ukin:   kinetic energy
  UH0:    electric part of screened Coulomb energy
  UH1:    difference electron-electron Coulomb energy
  Una:    neutral atom potential energy
  Unl:    non-local potential energy
  Uxc0:   exchange-correlation energy for alpha spin
  Uxc1:   exchange-correlation energy for beta spin
  Ucore:  core-core Coulomb energy
  Uhub:   LDA+U energy
  Ucs:    constraint energy for spin orientation
  Uzs:    Zeeman term for spin magnetic moment
  Uzo:    Zeeman term for orbital magnetic moment
  Uef:    electric energy by electric field
  UvdW:   semi-empirical vdW energy
  Uch:    penalty term to create a core hole

  UpV:    pressure times volume
  Enpy:   Enthalpy = Utot + UpV
  (see also PRB 72, 045121(2005) for the energy contributions)



  Chemical potential (Hartree)      -0.265804007446

***********************************************************
***********************************************************
                  SCF history at MD= 9                    
***********************************************************
***********************************************************

   SCF=   1  NormRD=  1.000000000000  Uele= -44.918807504369
   SCF=   2  NormRD=  0.000569616510  Uele= -44.918764920347
   SCF=   3  NormRD=  0.000361959477  Uele= -44.918747459841
   SCF=   4  NormRD=  0.000408044295  Uele= -44.918732301456
   SCF=   5  NormRD=  0.000231600159  Uele= -44.918736649943
   SCF=   6  NormRD=  0.000032395847  Uele= -44.918735005007
   SCF=   7  NormRD=  0.000037573066  Uele= -44.918736261287
   SCF=   8  NormRD=  0.000003081430  Uele= -44.918735204234
   SCF=   9  NormRD=  0.000001321122  Uele= -44.918735160390
   SCF=  10  NormRD=  0.000000588383  Uele= -44.918735270382
   SCF=  11  NormRD=  0.000000027835  Uele= -44.918735248088
   SCF=  12  NormRD=  0.000000019834  Uele= -44.918735246475

*******************************************************
        Total energy (Hartree) at MD = 9        
*******************************************************

  Uele.        -44.918735246475

  Ukin.         93.188052742647
  UH0.       -2502.236022314533
  UH1.           0.108888460069
  Una.        -125.407757147182
  Unl.          25.288107039064
  Uxc0.        -16.325490088993
  Uxc1.        -16.325490088993
  Ucore.      2357.661377065127
  Uhub.          0.000000000000
  Ucs.           0.000000000000
  Uzs.           0.000000000000
  Uzo.           0.000000000000
  Uef.           0.000000000000
  UvdW.          0.000000000000
  Uch.           0.000000000000
  Utot.       -184.048334332795

  UpV.           0.000000000000
  Enpy.       -184.048334332795
  Note:

  Utot = Ukin+UH0+UH1+Una+Unl+Uxc0+Uxc1+Ucore+Uhub+Ucs+Uzs+Uzo+Uef+UvdW+Uch

  Uele:   band energy
  Ukin:   kinetic energy
  UH0:    electric part of screened Coulomb energy
  UH1:    difference electron-electron Coulomb energy
  Una:    neutral atom potential energy
  Unl:    non-local potential energy
  Uxc0:   exchange-correlation energy for alpha spin
  Uxc1:   exchange-correlation energy for beta spin
  Ucore:  core-core Coulomb energy
  Uhub:   LDA+U energy
  Ucs:    constraint energy for spin orientation
  Uzs:    Zeeman term for spin magnetic moment
  Uzo:    Zeeman term for orbital magnetic moment
  Uef:    electric energy by electric field
  UvdW:   semi-empirical vdW energy
  Uch:    penalty term to create a core hole

  UpV:    pressure times volume
  Enpy:   Enthalpy = Utot + UpV
  (see also PRB 72, 045121(2005) for the energy contributions)



  Chemical potential (Hartree)      -0.265821849223

***********************************************************
***********************************************************
                  SCF history at MD=10                    
***********************************************************
***********************************************************

   SCF=   1  NormRD=  1.000000000000  Uele= -44.920983820436
   SCF=   2  NormRD=  0.001613879041  Uele= -44.920927594619
   SCF=   3  NormRD=  0.000906632642  Uele= -44.920934807231
   SCF=   4  NormRD=  0.001651565904  Uele= -44.920868071381
   SCF=   5  NormRD=  0.000367361145  Uele= -44.920925914460
   SCF=   6  NormRD=  0.000135342740  Uele= -44.920917191766
   SCF=   7  NormRD=  0.000083996054  Uele= -44.920919302339
   SCF=   8  NormRD=  0.000008650659  Uele= -44.920917699683
   SCF=   9  NormRD=  0.000007663176  Uele= -44.920917235246
   SCF=  10  NormRD=  0.000000732535  Uele= -44.920917488414
   SCF=  11  NormRD=  0.000000424867  Uele= -44.920917556615
   SCF=  12  NormRD=  0.000000041207  Uele= -44.920917522327
   SCF=  13  NormRD=  0.000000012860  Uele= -44.920917520589

*******************************************************
        Total energy (Hartree) at MD =10        
*******************************************************

  Uele.        -44.920917520589

  Ukin.         93.180935649634
  UH0.       -2502.216795910181
  UH1.           0.109153416304
  Una.        -125.399889195152
  Unl.          25.289362961884
  Uxc0.        -16.324981279866
  Uxc1.        -16.324981279866
  Ucore.      2357.638510806675
  Uhub.          0.000000000000
  Ucs.           0.000000000000
  Uzs.           0.000000000000
  Uzo.           0.000000000000
  Uef.           0.000000000000
  UvdW.          0.000000000000
  Uch.           0.000000000000
  Utot.       -184.048684830569

  UpV.           0.000000000000
  Enpy.       -184.048684830569
  Note:

  Utot = Ukin+UH0+UH1+Una+Unl+Uxc0+Uxc1+Ucore+Uhub+Ucs+Uzs+Uzo+Uef+UvdW+Uch

  Uele:   band energy
  Ukin:   kinetic energy
  UH0:    electric part of screened Coulomb energy
  UH1:    difference electron-electron Coulomb energy
  Una:    neutral atom potential energy
  Unl:    non-local potential energy
  Uxc0:   exchange-correlation energy for alpha spin
  Uxc1:   exchange-correlation energy for beta spin
  Ucore:  core-core Coulomb energy
  Uhub:   LDA+U energy
  Ucs:    constraint energy for spin orientation
  Uzs:    Zeeman term for spin magnetic moment
  Uzo:    Zeeman term for orbital magnetic moment
  Uef:    electric energy by electric field
  UvdW:   semi-empirical vdW energy
  Uch:    penalty term to create a core hole

  UpV:    pressure times volume
  Enpy:   Enthalpy = Utot + UpV
  (see also PRB 72, 045121(2005) for the energy contributions)



  Chemical potential (Hartree)      -0.265858267618

***********************************************************
***********************************************************
                  SCF history at MD=11                    
***********************************************************
***********************************************************

   SCF=   1  NormRD=  1.000000000000  Uele= -44.922375028084
   SCF=   2  NormRD=  0.002113594578  Uele= -44.922369586547
   SCF=   3  NormRD=  0.001184451841  Uele= -44.922314553496
   SCF=   4  NormRD=  0.002024078666  Uele= -44.922393268570
   SCF=   5  NormRD=  0.000228968243  Uele= -44.922317095951
   SCF=   6  NormRD=  0.000294200821  Uele= -44.922315219066
   SCF=   7  NormRD=  0.000017125228  Uele= -44.922319500109
   SCF=   8  NormRD=  0.000026730539  Uele= -44.922318495586
   SCF=   9  NormRD=  0.000005462314  Uele= -44.922319595047
   SCF=  10  NormRD=  0.000000860003  Uele= -44.922319440079
   SCF=  11  NormRD=  0.000000743573  Uele= -44.922319368873
   SCF=  12  NormRD=  0.000000064821  Uele= -44.922319422910
   SCF=  13  NormRD=  0.000000026730  Uele= -44.922319420676

*******************************************************
        Total energy (Hartree) at MD =11        
*******************************************************

  Uele.        -44.922319420676

  Ukin.         93.176358945881
  UH0.       -2508.202494719942
  UH1.           0.109371042663
  Una.        -125.395077994350
  Unl.          25.290488072683
  Uxc0.        -16.324680992658
  Uxc1.        -16.324680992658
  Ucore.      2363.621827213929
  Uhub.          0.000000000000
  Ucs.           0.000000000000
  Uzs.           0.000000000000
  Uzo.           0.000000000000
  Uef.           0.000000000000
  UvdW.          0.000000000000
  Uch.           0.000000000000
  Utot.       -184.048889424452

  UpV.           0.000000000000
  Enpy.       -184.048889424452
  Note:

  Utot = Ukin+UH0+UH1+Una+Unl+Uxc0+Uxc1+Ucore+Uhub+Ucs+Uzs+Uzo+Uef+UvdW+Uch

  Uele:   band energy
  Ukin:   kinetic energy
  UH0:    electric part of screened Coulomb energy
  UH1:    difference electron-electron Coulomb energy
  Una:    neutral atom potential energy
  Unl:    non-local potential energy
  Uxc0:   exchange-correlation energy for alpha spin
  Uxc1:   exchange-correlation energy for beta spin
  Ucore:  core-core Coulomb energy
  Uhub:   LDA+U energy
  Ucs:    constraint energy for spin orientation
  Uzs:    Zeeman term for spin magnetic moment
  Uzo:    Zeeman term for orbital magnetic moment
  Uef:    electric energy by electric field
  UvdW:   semi-empirical vdW energy
  Uch:    penalty term to create a core hole

  UpV:    pressure times volume
  Enpy:   Enthalpy = Utot + UpV
  (see also PRB 72, 045121(2005) for the energy contributions)



  Chemical potential (Hartree)      -0.265889342405

***********************************************************
***********************************************************
                  SCF history at MD=12                    
***********************************************************
***********************************************************

   SCF=   1  NormRD=  1.000000000000  Uele= -44.922914484395
   SCF=   2  NormRD=  0.002381387475  Uele= -44.923213500587
   SCF=   3  NormRD=  0.001336761708  Uele= -44.923280889903
   SCF=   4  NormRD=  0.002102779869  Uele= -44.923466660419
   SCF=   5  NormRD=  0.000627682174  Uele= -44.923391515711
   SCF=   6  NormRD=  0.000212793219  Uele= -44.923383765591
   SCF=   7  NormRD=  0.000146379588  Uele= -44.923390456265
   SCF=   8  NormRD=  0.000013666067  Uele= -44.923389739239
   SCF=   9  NormRD=  0.000020074166  Uele= -44.923390557150
   SCF=  10  NormRD=  0.000001386563  Uele= -44.923390738782
   SCF=  11  NormRD=  0.000001027984  Uele= -44.923390480803
   SCF=  12  NormRD=  0.000000028846  Uele= -44.923390555257
   SCF=  13  NormRD=  0.000000013710  Uele= -44.923390579092
   SCF=  14  NormRD=  0.000000001379  Uele= -44.923390576923

*******************************************************
        Total energy (Hartree) at MD =12        
*******************************************************

  Uele.        -44.923390576923

  Ukin.         93.172442865168
  UH0.       -2508.194078765363
  UH1.           0.109548033847
  Una.        -125.390807320230
  Unl.          25.291367059461
  Uxc0.        -16.324410212109
  Uxc1.        -16.324410212109
  Ucore.      2363.611326424293
  Uhub.          0.000000000000
  Ucs.           0.000000000000
  Uzs.           0.000000000000
  Uzo.           0.000000000000
  Uef.           0.000000000000
  UvdW.          0.000000000000
  Uch.           0.000000000000
  Utot.       -184.049022127041

  UpV.           0.000000000000
  Enpy.       -184.049022127041
  Note:

  Utot = Ukin+UH0+UH1+Una+Unl+Uxc0+Uxc1+Ucore+Uhub+Ucs+Uzs+Uzo+Uef+UvdW+Uch

  Uele:   band energy
  Ukin:   kinetic energy
  UH0:    electric part of screened Coulomb energy
  UH1:    difference electron-electron Coulomb energy
  Una:    neutral atom potential energy
  Unl:    non-local potential energy
  Uxc0:   exchange-correlation energy for alpha spin
  Uxc1:   exchange-correlation energy for beta spin
  Ucore:  core-core Coulomb energy
  Uhub:   LDA+U energy
  Ucs:    constraint energy for spin orientation
  Uzs:    Zeeman term for spin magnetic moment
  Uzo:    Zeeman term for orbital magnetic moment
  Uef:    electric energy by electric field
  UvdW:   semi-empirical vdW energy
  Uch:    penalty term to create a core hole

  UpV:    pressure times volume
  Enpy:   Enthalpy = Utot + UpV
  (see also PRB 72, 045121(2005) for the energy contributions)



  Chemical potential (Hartree)      -0.265917257527

***********************************************************
***********************************************************
                  SCF history at MD=13                    
***********************************************************
***********************************************************

   SCF=   1  NormRD=  1.000000000000  Uele= -44.923956684687
   SCF=   2  NormRD=  0.001513973913  Uele= -44.924139420195
   SCF=   3  NormRD=  0.000987087372  Uele= -44.924211995204
   SCF=   4  NormRD=  0.001441380091  Uele= -44.924286601074
   SCF=   5  NormRD=  0.000158248953  Uele= -44.924268394003
   SCF=   6  NormRD=  0.000170570933  Uele= -44.924273314211
   SCF=   7  NormRD=  0.000040517159  Uele= -44.924269172880
   SCF=   8  NormRD=  0.000014207829  Uele= -44.924270102143
   SCF=   9  NormRD=  0.000001983290  Uele= -44.924270243173
   SCF=  10  NormRD=  0.000001260195  Uele= -44.924270499975
   SCF=  11  NormRD=  0.000000040806  Uele= -44.924270308627
   SCF=  12  NormRD=  0.000000051608  Uele= -44.924270325701
   SCF=  13  NormRD=  0.000000011796  Uele= -44.924270328606

*******************************************************
        Total energy (Hartree) at MD =13        
*******************************************************

  Uele.        -44.924270328606

  Ukin.         93.168721943420
  UH0.       -2514.185750536157
  UH1.           0.109690548163
  Una.        -125.386529241731
  Unl.          25.292033763867
  Uxc0.        -16.324133803326
  Uxc1.        -16.324133803326
  Ucore.      2369.600986979846
  Uhub.          0.000000000000
  Ucs.           0.000000000000
  Uzs.           0.000000000000
  Uzo.           0.000000000000
  Uef.           0.000000000000
  UvdW.          0.000000000000
  Uch.           0.000000000000
  Utot.       -184.049114149245

  UpV.           0.000000000000
  Enpy.       -184.049114149245
  Note:

  Utot = Ukin+UH0+UH1+Una+Unl+Uxc0+Uxc1+Ucore+Uhub+Ucs+Uzs+Uzo+Uef+UvdW+Uch

  Uele:   band energy
  Ukin:   kinetic energy
  UH0:    electric part of screened Coulomb energy
  UH1:    difference electron-electron Coulomb energy
  Una:    neutral atom potential energy
  Unl:    non-local potential energy
  Uxc0:   exchange-correlation energy for alpha spin
  Uxc1:   exchange-correlation energy for beta spin
  Ucore:  core-core Coulomb energy
  Uhub:   LDA+U energy
  Ucs:    constraint energy for spin orientation
  Uzs:    Zeeman term for spin magnetic moment
  Uzo:    Zeeman term for orbital magnetic moment
  Uef:    electric energy by electric field
  UvdW:   semi-empirical vdW energy
  Uch:    penalty term to create a core hole

  UpV:    pressure times volume
  Enpy:   Enthalpy = Utot + UpV
  (see also PRB 72, 045121(2005) for the energy contributions)



  Chemical potential (Hartree)      -0.265947161747

***********************************************************
***********************************************************
                  SCF history at MD=14                    
***********************************************************
***********************************************************

   SCF=   1  NormRD=  1.000000000000  Uele= -44.926495897644
   SCF=   2  NormRD=  0.004788630852  Uele= -44.925933912547
   SCF=   3  NormRD=  0.004044394544  Uele= -44.926121150291
   SCF=   4  NormRD=  0.002537090698  Uele= -44.925713305012
   SCF=   5  NormRD=  0.001453916587  Uele= -44.925873124161
   SCF=   6  NormRD=  0.000268305684  Uele= -44.925879753309
   SCF=   7  NormRD=  0.000246461811  Uele= -44.925882891468
   SCF=   8  NormRD=  0.000016350728  Uele= -44.925876577994
   SCF=   9  NormRD=  0.000005247487  Uele= -44.925874433113
   SCF=  10  NormRD=  0.000002881499  Uele= -44.925874397957
   SCF=  11  NormRD=  0.000000128439  Uele= -44.925874815265
   SCF=  12  NormRD=  0.000000182643  Uele= -44.925874773227
   SCF=  13  NormRD=  0.000000034665  Uele= -44.925874752940
   SCF=  14  NormRD=  0.000000004666  Uele= -44.925874755775

*******************************************************
        Total energy (Hartree) at MD =14        
*******************************************************

  Uele.        -44.925874755775

  Ukin.         93.162065538636
  UH0.       -2514.172889627630
  UH1.           0.109949651391
  Una.        -125.378888777095
  Unl.          25.293229714015
  Uxc0.        -16.323640945377
  Uxc1.        -16.323640945377
  Ucore.      2369.584564454788
  Uhub.          0.000000000000
  Ucs.           0.000000000000
  Uzs.           0.000000000000
  Uzo.           0.000000000000
  Uef.           0.000000000000
  UvdW.          0.000000000000
  Uch.           0.000000000000
  Utot.       -184.049250936649

  UpV.           0.000000000000
  Enpy.       -184.049250936649
  Note:

  Utot = Ukin+UH0+UH1+Una+Unl+Uxc0+Uxc1+Ucore+Uhub+Ucs+Uzs+Uzo+Uef+UvdW+Uch

  Uele:   band energy
  Ukin:   kinetic energy
  UH0:    electric part of screened Coulomb energy
  UH1:    difference electron-electron Coulomb energy
  Una:    neutral atom potential energy
  Unl:    non-local potential energy
  Uxc0:   exchange-correlation energy for alpha spin
  Uxc1:   exchange-correlation energy for beta spin
  Ucore:  core-core Coulomb energy
  Uhub:   LDA+U energy
  Ucs:    constraint energy for spin orientation
  Uzs:    Zeeman term for spin magnetic moment
  Uzo:    Zeeman term for orbital magnetic moment
  Uef:    electric energy by electric field
  UvdW:   semi-empirical vdW energy
  Uch:    penalty term to create a core hole

  UpV:    pressure times volume
  Enpy:   Enthalpy = Utot + UpV
  (see also PRB 72, 045121(2005) for the energy contributions)



  Chemical potential (Hartree)      -0.266012044690

***********************************************************
***********************************************************
                  SCF history at MD=15                    
***********************************************************
***********************************************************

   SCF=   1  NormRD=  1.000000000000  Uele= -44.926716984679
   SCF=   2  NormRD=  0.007453383142  Uele= -44.926668080688
   SCF=   3  NormRD=  0.005087818751  Uele= -44.926900420030
   SCF=   4  NormRD=  0.005322365422  Uele= -44.926676239572
   SCF=   5  NormRD=  0.002120186973  Uele= -44.926853051232
   SCF=   6  NormRD=  0.000479046942  Uele= -44.926859462813
   SCF=   7  NormRD=  0.000454531073  Uele= -44.926856105640
   SCF=   8  NormRD=  0.000031145785  Uele= -44.926849919037
   SCF=   9  NormRD=  0.000047231866  Uele= -44.926850248721
   SCF=  10  NormRD=  0.000002725776  Uele= -44.926849716927
   SCF=  11  NormRD=  0.000001507308  Uele= -44.926849984053
   SCF=  12  NormRD=  0.000000305144  Uele= -44.926849838745
   SCF=  13  NormRD=  0.000000045165  Uele= -44.926849827178
   SCF=  14  NormRD=  0.000000003336  Uele= -44.926849827020

*******************************************************
        Total energy (Hartree) at MD =15        
*******************************************************

  Uele.        -44.926849827020

  Ukin.         93.156642566185
  UH0.       -2514.148224175446
  UH1.           0.110105214212
  Una.        -125.372136908519
  Unl.          25.293818146409
  Uxc0.        -16.323195503222
  Uxc1.        -16.323195503222
  Ucore.      2369.556873301030
  Uhub.          0.000000000000
  Ucs.           0.000000000000
  Uzs.           0.000000000000
  Uzo.           0.000000000000
  Uef.           0.000000000000
  UvdW.          0.000000000000
  Uch.           0.000000000000
  Utot.       -184.049312862572

  UpV.           0.000000000000
  Enpy.       -184.049312862572
  Note:

  Utot = Ukin+UH0+UH1+Una+Unl+Uxc0+Uxc1+Ucore+Uhub+Ucs+Uzs+Uzo+Uef+UvdW+Uch

  Uele:   band energy
  Ukin:   kinetic energy
  UH0:    electric part of screened Coulomb energy
  UH1:    difference electron-electron Coulomb energy
  Una:    neutral atom potential energy
  Unl:    non-local potential energy
  Uxc0:   exchange-correlation energy for alpha spin
  Uxc1:   exchange-correlation energy for beta spin
  Ucore:  core-core Coulomb energy
  Uhub:   LDA+U energy
  Ucs:    constraint energy for spin orientation
  Uzs:    Zeeman term for spin magnetic moment
  Uzo:    Zeeman term for orbital magnetic moment
  Uef:    electric energy by electric field
  UvdW:   semi-empirical vdW energy
  Uch:    penalty term to create a core hole

  UpV:    pressure times volume
  Enpy:   Enthalpy = Utot + UpV
  (see also PRB 72, 045121(2005) for the energy contributions)



  Chemical potential (Hartree)      -0.266046448517

***********************************************************
***********************************************************
                  SCF history at MD=16                    
***********************************************************
***********************************************************

   SCF=   1  NormRD=  1.000000000000  Uele= -44.926898299124
   SCF=   2  NormRD=  0.000554914147  Uele= -44.926863884665
   SCF=   3  NormRD=  0.000442031128  Uele= -44.926880940804
   SCF=   4  NormRD=  0.000344741408  Uele= -44.926846716317
   SCF=   5  NormRD=  0.000230419572  Uele= -44.926867466809
   SCF=   6  NormRD=  0.000050201974  Uele= -44.926864286543
   SCF=   7  NormRD=  0.000039072286  Uele= -44.926865843905
   SCF=   8  NormRD=  0.000002844683  Uele= -44.926864149936
   SCF=   9  NormRD=  0.000003419149  Uele= -44.926864242981
   SCF=  10  NormRD=  0.000000283899  Uele= -44.926864079658
   SCF=  11  NormRD=  0.000000033219  Uele= -44.926864108930
   SCF=  12  NormRD=  0.000000027946  Uele= -44.926864103743

*******************************************************
        Total energy (Hartree) at MD =16        
*******************************************************

  Uele.        -44.926864103743

  Ukin.         93.156575090536
  UH0.       -2514.147668589277
  UH1.           0.110108418416
  Una.        -125.372062002664
  Unl.          25.293833005709
  Uxc0.        -16.323191210955
  Uxc1.        -16.323191210955
  Ucore.      2369.556280583231
  Uhub.          0.000000000000
  Ucs.           0.000000000000
  Uzs.           0.000000000000
  Uzo.           0.000000000000
  Uef.           0.000000000000
  UvdW.          0.000000000000
  Uch.           0.000000000000
  Utot.       -184.049315915959

  UpV.           0.000000000000
  Enpy.       -184.049315915959
  Note:

  Utot = Ukin+UH0+UH1+Una+Unl+Uxc0+Uxc1+Ucore+Uhub+Ucs+Uzs+Uzo+Uef+UvdW+Uch

  Uele:   band energy
  Ukin:   kinetic energy
  UH0:    electric part of screened Coulomb energy
  UH1:    difference electron-electron Coulomb energy
  Una:    neutral atom potential energy
  Unl:    non-local potential energy
  Uxc0:   exchange-correlation energy for alpha spin
  Uxc1:   exchange-correlation energy for beta spin
  Ucore:  core-core Coulomb energy
  Uhub:   LDA+U energy
  Ucs:    constraint energy for spin orientation
  Uzs:    Zeeman term for spin magnetic moment
  Uzo:    Zeeman term for orbital magnetic moment
  Uef:    electric energy by electric field
  UvdW:   semi-empirical vdW energy
  Uch:    penalty term to create a core hole

  UpV:    pressure times volume
  Enpy:   Enthalpy = Utot + UpV
  (see also PRB 72, 045121(2005) for the energy contributions)



  Chemical potential (Hartree)      -0.266048630386

***********************************************************
***********************************************************
                  SCF history at MD=17                    
***********************************************************
***********************************************************

   SCF=   1  NormRD=  1.000000000000  Uele= -44.927001321747
   SCF=   2  NormRD=  0.000159210402  Uele= -44.926966308066
   SCF=   3  NormRD=  0.000145968044  Uele= -44.926968795606
   SCF=   4  NormRD=  0.000072636817  Uele= -44.926947667742
   SCF=   5  NormRD=  0.000075406871  Uele= -44.926956418309
   SCF=   6  NormRD=  0.000017955452  Uele= -44.926954634373
   SCF=   7  NormRD=  0.000010099822  Uele= -44.926954880151
   SCF=   8  NormRD=  0.000001343733  Uele= -44.926954251597
   SCF=   9  NormRD=  0.000001680331  Uele= -44.926954213481
   SCF=  10  NormRD=  0.000000063505  Uele= -44.926954175631
   SCF=  11  NormRD=  0.000000096527  Uele= -44.926954190458
   SCF=  12  NormRD=  0.000000002831  Uele= -44.926954195151

*******************************************************
        Total energy (Hartree) at MD =17        
*******************************************************

  Uele.        -44.926954195151

  Ukin.         93.156156935764
  UH0.       -2514.143974865672
  UH1.           0.110127935838
  Una.        -125.371591980847
  Unl.          25.293922728285
  Uxc0.        -16.323163448251
  Uxc1.        -16.323163448251
  Ucore.      2369.552357519100
  Uhub.          0.000000000000
  Ucs.           0.000000000000
  Uzs.           0.000000000000
  Uzo.           0.000000000000
  Uef.           0.000000000000
  UvdW.          0.000000000000
  Uch.           0.000000000000
  Utot.       -184.049328624035

  UpV.           0.000000000000
  Enpy.       -184.049328624035
  Note:

  Utot = Ukin+UH0+UH1+Una+Unl+Uxc0+Uxc1+Ucore+Uhub+Ucs+Uzs+Uzo+Uef+UvdW+Uch

  Uele:   band energy
  Ukin:   kinetic energy
  UH0:    electric part of screened Coulomb energy
  UH1:    difference electron-electron Coulomb energy
  Una:    neutral atom potential energy
  Unl:    non-local potential energy
  Uxc0:   exchange-correlation energy for alpha spin
  Uxc1:   exchange-correlation energy for beta spin
  Ucore:  core-core Coulomb energy
  Uhub:   LDA+U energy
  Ucs:    constraint energy for spin orientation
  Uzs:    Zeeman term for spin magnetic moment
  Uzo:    Zeeman term for orbital magnetic moment
  Uef:    electric energy by electric field
  UvdW:   semi-empirical vdW energy
  Uch:    penalty term to create a core hole

  UpV:    pressure times volume
  Enpy:   Enthalpy = Utot + UpV
  (see also PRB 72, 045121(2005) for the energy contributions)



  Chemical potential (Hartree)      -0.266060075412

***********************************************************
***********************************************************
                  SCF history at MD=18                    
***********************************************************
***********************************************************

   SCF=   1  NormRD=  1.000000000000  Uele= -44.926890151127
   SCF=   2  NormRD=  0.000803403311  Uele= -44.926960015369
   SCF=   3  NormRD=  0.000511267092  Uele= -44.926952007168
   SCF=   4  NormRD=  0.000782239582  Uele= -44.927038051536
   SCF=   5  NormRD=  0.000139843200  Uele= -44.926977283576
   SCF=   6  NormRD=  0.000072431319  Uele= -44.926983825686
   SCF=   7  NormRD=  0.000032016542  Uele= -44.926981593826
   SCF=   8  NormRD=  0.000003101867  Uele= -44.926983196609
   SCF=   9  NormRD=  0.000002650656  Uele= -44.926983583811
   SCF=  10  NormRD=  0.000000248850  Uele= -44.926983597242
   SCF=  11  NormRD=  0.000000117080  Uele= -44.926983486263
   SCF=  12  NormRD=  0.000000016837  Uele= -44.926983491762

*******************************************************
        Total energy (Hartree) at MD =18        
*******************************************************

  Uele.        -44.926983491762

  Ukin.         93.156009488027
  UH0.       -2503.857094367334
  UH1.           0.110133175466
  Una.        -125.371414338267
  Unl.          25.293944273820
  Uxc0.        -16.323152186881
  Uxc1.        -16.323152186881
  Ucore.      2359.265394949209
  Uhub.          0.000000000000
  Ucs.           0.000000000000
  Uzs.           0.000000000000
  Uzo.           0.000000000000
  Uef.           0.000000000000
  UvdW.          0.000000000000
  Uch.           0.000000000000
  Utot.       -184.049331192843

  UpV.           0.000000000000
  Enpy.       -184.049331192843
  Note:

  Utot = Ukin+UH0+UH1+Una+Unl+Uxc0+Uxc1+Ucore+Uhub+Ucs+Uzs+Uzo+Uef+UvdW+Uch

  Uele:   band energy
  Ukin:   kinetic energy
  UH0:    electric part of screened Coulomb energy
  UH1:    difference electron-electron Coulomb energy
  Una:    neutral atom potential energy
  Unl:    non-local potential energy
  Uxc0:   exchange-correlation energy for alpha spin
  Uxc1:   exchange-correlation energy for beta spin
  Ucore:  core-core Coulomb energy
  Uhub:   LDA+U energy
  Ucs:    constraint energy for spin orientation
  Uzs:    Zeeman term for spin magnetic moment
  Uzo:    Zeeman term for orbital magnetic moment
  Uef:    electric energy by electric field
  UvdW:   semi-empirical vdW energy
  Uch:    penalty term to create a core hole

  UpV:    pressure times volume
  Enpy:   Enthalpy = Utot + UpV
  (see also PRB 72, 045121(2005) for the energy contributions)



  Chemical potential (Hartree)      -0.266061675227

***********************************************************
***********************************************************
                  SCF history at MD=19                    
***********************************************************
***********************************************************

   SCF=   1  NormRD=  1.000000000000  Uele= -44.927121105949
   SCF=   2  NormRD=  0.000095684925  Uele= -44.927104862439
   SCF=   3  NormRD=  0.000079101779  Uele= -44.927105871632
   SCF=   4  NormRD=  0.000060720974  Uele= -44.927094175306
   SCF=   5  NormRD=  0.000047819952  Uele= -44.927101132451
   SCF=   6  NormRD=  0.000011030156  Uele= -44.927099456092
   SCF=   7  NormRD=  0.000006178087  Uele= -44.927099897729
   SCF=   8  NormRD=  0.000000956161  Uele= -44.927099496442
   SCF=   9  NormRD=  0.000001021976  Uele= -44.927099449627
   SCF=  10  NormRD=  0.000000047016  Uele= -44.927099433588
   SCF=  11  NormRD=  0.000000046000  Uele= -44.927099442389

*******************************************************
        Total energy (Hartree) at MD =19        
*******************************************************

  Uele.        -44.927099442389

  Ukin.         93.155444960753
  UH0.       -2493.567963397440
  UH1.           0.110153502174
  Una.        -125.370736681592
  Unl.          25.294028425343
  Uxc0.        -16.323109048543
  Uxc1.        -16.323109048543
  Ucore.      2348.975950826802
  Uhub.          0.000000000000
  Ucs.           0.000000000000
  Uzs.           0.000000000000
  Uzo.           0.000000000000
  Uef.           0.000000000000
  UvdW.          0.000000000000
  Uch.           0.000000000000
  Utot.       -184.049340461047

  UpV.           0.000000000000
  Enpy.       -184.049340461047
  Note:

  Utot = Ukin+UH0+UH1+Una+Unl+Uxc0+Uxc1+Ucore+Uhub+Ucs+Uzs+Uzo+Uef+UvdW+Uch

  Uele:   band energy
  Ukin:   kinetic energy
  UH0:    electric part of screened Coulomb energy
  UH1:    difference electron-electron Coulomb energy
  Una:    neutral atom potential energy
  Unl:    non-local potential energy
  Uxc0:   exchange-correlation energy for alpha spin
  Uxc1:   exchange-correlation energy for beta spin
  Ucore:  core-core Coulomb energy
  Uhub:   LDA+U energy
  Ucs:    constraint energy for spin orientation
  Uzs:    Zeeman term for spin magnetic moment
  Uzo:    Zeeman term for orbital magnetic moment
  Uef:    electric energy by electric field
  UvdW:   semi-empirical vdW energy
  Uch:    penalty term to create a core hole

  UpV:    pressure times volume
  Enpy:   Enthalpy = Utot + UpV
  (see also PRB 72, 045121(2005) for the energy contributions)



  Chemical potential (Hartree)      -0.266068384458

***********************************************************
***********************************************************
                  SCF history at MD=20                    
***********************************************************
***********************************************************

   SCF=   1  NormRD=  1.000000000000  Uele= -44.927315074996
   SCF=   2  NormRD=  0.000277933546  Uele= -44.927258199892
   SCF=   3  NormRD=  0.000242274456  Uele= -44.927263089618
   SCF=   4  NormRD=  0.000151815075  Uele= -44.927226387528
   SCF=   5  NormRD=  0.000075805163  Uele= -44.927241390380
   SCF=   6  NormRD=  0.000025420256  Uele= -44.927241572302
   SCF=   7  NormRD=  0.000017298378  Uele= -44.927240558253
   SCF=   8  NormRD=  0.000001417356  Uele= -44.927240040447
   SCF=   9  NormRD=  0.000002424899  Uele= -44.927239807663
   SCF=  10  NormRD=  0.000000090354  Uele= -44.927239748651
   SCF=  11  NormRD=  0.000000111769  Uele= -44.927239796867
   SCF=  12  NormRD=  0.000000003890  Uele= -44.927239797233

*******************************************************
        Total energy (Hartree) at MD =20        
*******************************************************

  Uele.        -44.927239797233

  Ukin.         93.154781460394
  UH0.       -2493.564260248571
  UH1.           0.110178097091
  Una.        -125.369944290121
  Unl.          25.294131016057
  Uxc0.        -16.323059156044
  Uxc1.        -16.323059156044
  Ucore.      2348.971880322325
  Uhub.          0.000000000000
  Ucs.           0.000000000000
  Uzs.           0.000000000000
  Uzo.           0.000000000000
  Uef.           0.000000000000
  UvdW.          0.000000000000
  Uch.           0.000000000000
  Utot.       -184.049351954912

  UpV.           0.000000000000
  Enpy.       -184.049351954912
  Note:

  Utot = Ukin+UH0+UH1+Una+Unl+Uxc0+Uxc1+Ucore+Uhub+Ucs+Uzs+Uzo+Uef+UvdW+Uch

  Uele:   band energy
  Ukin:   kinetic energy
  UH0:    electric part of screened Coulomb energy
  UH1:    difference electron-electron Coulomb energy
  Una:    neutral atom potential energy
  Unl:    non-local potential energy
  Uxc0:   exchange-correlation energy for alpha spin
  Uxc1:   exchange-correlation energy for beta spin
  Ucore:  core-core Coulomb energy
  Uhub:   LDA+U energy
  Ucs:    constraint energy for spin orientation
  Uzs:    Zeeman term for spin magnetic moment
  Uzo:    Zeeman term for orbital magnetic moment
  Uef:    electric energy by electric field
  UvdW:   semi-empirical vdW energy
  Uch:    penalty term to create a core hole

  UpV:    pressure times volume
  Enpy:   Enthalpy = Utot + UpV
  (see also PRB 72, 045121(2005) for the energy contributions)



  Chemical potential (Hartree)      -0.266076317037

***********************************************************
***********************************************************
                  SCF history at MD=21                    
***********************************************************
***********************************************************

   SCF=   1  NormRD=  1.000000000000  Uele= -44.927381596192
   SCF=   2  NormRD=  0.000229970774  Uele= -44.927319371600
   SCF=   3  NormRD=  0.000181285742  Uele= -44.927312432640
   SCF=   4  NormRD=  0.000157235390  Uele= -44.927277479003
   SCF=   5  NormRD=  0.000075782983  Uele= -44.927290889129
   SCF=   6  NormRD=  0.000016708134  Uele= -44.927291861721
   SCF=   7  NormRD=  0.000012917385  Uele= -44.927290628353
   SCF=   8  NormRD=  0.000001174270  Uele= -44.927290044121
   SCF=   9  NormRD=  0.000001451807  Uele= -44.927289851599
   SCF=  10  NormRD=  0.000000106719  Uele= -44.927289812080
   SCF=  11  NormRD=  0.000000075547  Uele= -44.927289849290
   SCF=  12  NormRD=  0.000000004325  Uele= -44.927289847270

*******************************************************
        Total energy (Hartree) at MD =21        
*******************************************************

  Uele.        -44.927289847270

  Ukin.         93.154530421748
  UH0.       -2493.563023769048
  UH1.           0.110187164877
  Una.        -125.369644560763
  Unl.          25.294169662227
  Uxc0.        -16.323040096011
  Uxc1.        -16.323040096011
  Ucore.      2348.970505469132
  Uhub.          0.000000000000
  Ucs.           0.000000000000
  Uzs.           0.000000000000
  Uzo.           0.000000000000
  Uef.           0.000000000000
  UvdW.          0.000000000000
  Uch.           0.000000000000
  Utot.       -184.049355803849

  UpV.           0.000000000000
  Enpy.       -184.049355803849
  Note:

  Utot = Ukin+UH0+UH1+Una+Unl+Uxc0+Uxc1+Ucore+Uhub+Ucs+Uzs+Uzo+Uef+UvdW+Uch

  Uele:   band energy
  Ukin:   kinetic energy
  UH0:    electric part of screened Coulomb energy
  UH1:    difference electron-electron Coulomb energy
  Una:    neutral atom potential energy
  Unl:    non-local potential energy
  Uxc0:   exchange-correlation energy for alpha spin
  Uxc1:   exchange-correlation energy for beta spin
  Ucore:  core-core Coulomb energy
  Uhub:   LDA+U energy
  Ucs:    constraint energy for spin orientation
  Uzs:    Zeeman term for spin magnetic moment
  Uzo:    Zeeman term for orbital magnetic moment
  Uef:    electric energy by electric field
  UvdW:   semi-empirical vdW energy
  Uch:    penalty term to create a core hole

  UpV:    pressure times volume
  Enpy:   Enthalpy = Utot + UpV
  (see also PRB 72, 045121(2005) for the energy contributions)



  Chemical potential (Hartree)      -0.266079112516

***********************************************************
***********************************************************
                  SCF history at MD=22                    
***********************************************************
***********************************************************

   SCF=   1  NormRD=  1.000000000000  Uele= -44.927303481781
   SCF=   2  NormRD=  0.000182953116  Uele= -44.927296265702
   SCF=   3  NormRD=  0.000099966646  Uele= -44.927291937844
   SCF=   4  NormRD=  0.000243689229  Uele= -44.927291535983
   SCF=   5  NormRD=  0.000013127004  Uele= -44.927289958180
   SCF=   6  NormRD=  0.000021507263  Uele= -44.927288817058
   SCF=   7  NormRD=  0.000001337352  Uele= -44.927289676609
   SCF=   8  NormRD=  0.000001350375  Uele= -44.927289734490
   SCF=   9  NormRD=  0.000000180742  Uele= -44.927289664312
   SCF=  10  NormRD=  0.000000121855  Uele= -44.927289674277

*******************************************************
        Total energy (Hartree) at MD =22        
*******************************************************

  Uele.        -44.927289674277

  Ukin.         93.154531104879
  UH0.       -2493.562614194775
  UH1.           0.110187099445
  Una.        -125.369643449495
  Unl.          25.294167950068
  Uxc0.        -16.323040184358
  Uxc1.        -16.323040184358
  Ucore.      2348.970095491817
  Uhub.          0.000000000000
  Ucs.           0.000000000000
  Uzs.           0.000000000000
  Uzo.           0.000000000000
  Uef.           0.000000000000
  UvdW.          0.000000000000
  Uch.           0.000000000000
  Utot.       -184.049356366777

  UpV.           0.000000000000
  Enpy.       -184.049356366777
  Note:

  Utot = Ukin+UH0+UH1+Una+Unl+Uxc0+Uxc1+Ucore+Uhub+Ucs+Uzs+Uzo+Uef+UvdW+Uch

  Uele:   band energy
  Ukin:   kinetic energy
  UH0:    electric part of screened Coulomb energy
  UH1:    difference electron-electron Coulomb energy
  Una:    neutral atom potential energy
  Unl:    non-local potential energy
  Uxc0:   exchange-correlation energy for alpha spin
  Uxc1:   exchange-correlation energy for beta spin
  Ucore:  core-core Coulomb energy
  Uhub:   LDA+U energy
  Ucs:    constraint energy for spin orientation
  Uzs:    Zeeman term for spin magnetic moment
  Uzo:    Zeeman term for orbital magnetic moment
  Uef:    electric energy by electric field
  UvdW:   semi-empirical vdW energy
  Uch:    penalty term to create a core hole

  UpV:    pressure times volume
  Enpy:   Enthalpy = Utot + UpV
  (see also PRB 72, 045121(2005) for the energy contributions)



  Chemical potential (Hartree)      -0.266078869118

***********************************************************
***********************************************************
                  SCF history at MD=23                    
***********************************************************
***********************************************************

   SCF=   1  NormRD=  1.000000000000  Uele= -44.927079841758
   SCF=   2  NormRD=  0.004579713439  Uele= -44.927302473286
   SCF=   3  NormRD=  0.002537944884  Uele= -44.927278645646
   SCF=   4  NormRD=  0.004497663509  Uele= -44.927624298218
   SCF=   5  NormRD=  0.000368529229  Uele= -44.927373824516
   SCF=   6  NormRD=  0.000515375115  Uele= -44.927367489723
   SCF=   7  NormRD=  0.000029603895  Uele= -44.927377693998
   SCF=   8  NormRD=  0.000044487100  Uele= -44.927375034690
   SCF=   9  NormRD=  0.000004633345  Uele= -44.927378383521
   SCF=  10  NormRD=  0.000002022099  Uele= -44.927378305727
   SCF=  11  NormRD=  0.000000132521  Uele= -44.927377931216
   SCF=  12  NormRD=  0.000000201130  Uele= -44.927377969324
   SCF=  13  NormRD=  0.000000018634  Uele= -44.927377977589

*******************************************************
        Total energy (Hartree) at MD =23        
*******************************************************

  Uele.        -44.927377977589

  Ukin.         93.154066352817
  UH0.       -2493.555866476623
  UH1.           0.110203669996
  Una.        -125.369071495810
  Unl.          25.294227333198
  Uxc0.        -16.323005265222
  Uxc1.        -16.323005265222
  Ucore.      2348.963083318415
  Uhub.          0.000000000000
  Ucs.           0.000000000000
  Uzs.           0.000000000000
  Uzo.           0.000000000000
  Uef.           0.000000000000
  UvdW.          0.000000000000
  Uch.           0.000000000000
  Utot.       -184.049367828452

  UpV.           0.000000000000
  Enpy.       -184.049367828452
  Note:

  Utot = Ukin+UH0+UH1+Una+Unl+Uxc0+Uxc1+Ucore+Uhub+Ucs+Uzs+Uzo+Uef+UvdW+Uch

  Uele:   band energy
  Ukin:   kinetic energy
  UH0:    electric part of screened Coulomb energy
  UH1:    difference electron-electron Coulomb energy
  Una:    neutral atom potential energy
  Unl:    non-local potential energy
  Uxc0:   exchange-correlation energy for alpha spin
  Uxc1:   exchange-correlation energy for beta spin
  Ucore:  core-core Coulomb energy
  Uhub:   LDA+U energy
  Ucs:    constraint energy for spin orientation
  Uzs:    Zeeman term for spin magnetic moment
  Uzo:    Zeeman term for orbital magnetic moment
  Uef:    electric energy by electric field
  UvdW:   semi-empirical vdW energy
  Uch:    penalty term to create a core hole

  UpV:    pressure times volume
  Enpy:   Enthalpy = Utot + UpV
  (see also PRB 72, 045121(2005) for the energy contributions)



  Chemical potential (Hartree)      -0.266081454452

***********************************************************
***********************************************************
                  SCF history at MD=24                    
***********************************************************
***********************************************************

   SCF=   1  NormRD=  1.000000000000  Uele= -44.927391182972
   SCF=   2  NormRD=  0.000114060940  Uele= -44.927392019886
   SCF=   3  NormRD=  0.000076642896  Uele= -44.927393325375
   SCF=   4  NormRD=  0.000107541517  Uele= -44.927392571680
   SCF=   5  NormRD=  0.000046946059  Uele= -44.927393440214
   SCF=   6  NormRD=  0.000011723119  Uele= -44.927393335304
   SCF=   7  NormRD=  0.000009330822  Uele= -44.927393331371

*******************************************************
        Total energy (Hartree) at MD =24        
*******************************************************

  Uele.        -44.927393331371

  Ukin.         93.153973713569
  UH0.       -2493.555383604813
  UH1.           0.110206689710
  Una.        -125.368957274041
  Unl.          25.294239209447
  Uxc0.        -16.322997939917
  Uxc1.        -16.322997939917
  Ucore.      2348.962548185621
  Uhub.          0.000000000000
  Ucs.           0.000000000000
  Uzs.           0.000000000000
  Uzo.           0.000000000000
  Uef.           0.000000000000
  UvdW.          0.000000000000
  Uch.           0.000000000000
  Utot.       -184.049368960342

  UpV.           0.000000000000
  Enpy.       -184.049368960342
  Note:

  Utot = Ukin+UH0+UH1+Una+Unl+Uxc0+Uxc1+Ucore+Uhub+Ucs+Uzs+Uzo+Uef+UvdW+Uch

  Uele:   band energy
  Ukin:   kinetic energy
  UH0:    electric part of screened Coulomb energy
  UH1:    difference electron-electron Coulomb energy
  Una:    neutral atom potential energy
  Unl:    non-local potential energy
  Uxc0:   exchange-correlation energy for alpha spin
  Uxc1:   exchange-correlation energy for beta spin
  Ucore:  core-core Coulomb energy
  Uhub:   LDA+U energy
  Ucs:    constraint energy for spin orientation
  Uzs:    Zeeman term for spin magnetic moment
  Uzo:    Zeeman term for orbital magnetic moment
  Uef:    electric energy by electric field
  UvdW:   semi-empirical vdW energy
  Uch:    penalty term to create a core hole

  UpV:    pressure times volume
  Enpy:   Enthalpy = Utot + UpV
  (see also PRB 72, 045121(2005) for the energy contributions)



  Chemical potential (Hartree)      -0.266082470720

***********************************************************
***********************************************************
                  SCF history at MD=25                    
***********************************************************
***********************************************************

   SCF=   1  NormRD=  1.000000000000  Uele= -44.926817238483
   SCF=   2  NormRD=  0.010185500310  Uele= -44.927410175710
   SCF=   3  NormRD=  0.005790484262  Uele= -44.927340505477
   SCF=   4  NormRD=  0.009674892694  Uele= -44.928213829503
   SCF=   5  NormRD=  0.000852764582  Uele= -44.927564181072
   SCF=   6  NormRD=  0.001079663757  Uele= -44.927606965519
   SCF=   7  NormRD=  0.000108505992  Uele= -44.927595360378
   SCF=   8  NormRD=  0.000049784219  Uele= -44.927596784550
   SCF=   9  NormRD=  0.000033843114  Uele= -44.927601489627
   SCF=  10  NormRD=  0.000002812234  Uele= -44.927599603620
   SCF=  11  NormRD=  0.000001021753  Uele= -44.927598897270
   SCF=  12  NormRD=  0.000000268309  Uele= -44.927598899841

*******************************************************
        Total energy (Hartree) at MD =25        
*******************************************************

  Uele.        -44.927598899841

  Ukin.         93.152821301750
  UH0.       -2483.258715765518
  UH1.           0.110248409858
  Una.        -125.367550899377
  Unl.          25.294405591948
  Uxc0.        -16.322911405677
  Uxc1.        -16.322911405677
  Ucore.      2338.665223561002
  Uhub.          0.000000000000
  Ucs.           0.000000000000
  Uzs.           0.000000000000
  Uzo.           0.000000000000
  Uef.           0.000000000000
  UvdW.          0.000000000000
  Uch.           0.000000000000
  Utot.       -184.049390611691

  UpV.           0.000000000000
  Enpy.       -184.049390611691
  Note:

  Utot = Ukin+UH0+UH1+Una+Unl+Uxc0+Uxc1+Ucore+Uhub+Ucs+Uzs+Uzo+Uef+UvdW+Uch

  Uele:   band energy
  Ukin:   kinetic energy
  UH0:    electric part of screened Coulomb energy
  UH1:    difference electron-electron Coulomb energy
  Una:    neutral atom potential energy
  Unl:    non-local potential energy
  Uxc0:   exchange-correlation energy for alpha spin
  Uxc1:   exchange-correlation energy for beta spin
  Ucore:  core-core Coulomb energy
  Uhub:   LDA+U energy
  Ucs:    constraint energy for spin orientation
  Uzs:    Zeeman term for spin magnetic moment
  Uzo:    Zeeman term for orbital magnetic moment
  Uef:    electric energy by electric field
  UvdW:   semi-empirical vdW energy
  Uch:    penalty term to create a core hole

  UpV:    pressure times volume
  Enpy:   Enthalpy = Utot + UpV
  (see also PRB 72, 045121(2005) for the energy contributions)



  Chemical potential (Hartree)      -0.266091964398

***********************************************************
***********************************************************
                  SCF history at MD=26                    
***********************************************************
***********************************************************

   SCF=   1  NormRD=  1.000000000000  Uele= -44.927883643429
   SCF=   2  NormRD=  0.000527253115  Uele= -44.927738923755
   SCF=   3  NormRD=  0.000499047492  Uele= -44.927737043634
   SCF=   4  NormRD=  0.000231088663  Uele= -44.927660957625
   SCF=   5  NormRD=  0.000202702311  Uele= -44.927685908865
   SCF=   6  NormRD=  0.000035535899  Uele= -44.927682978632
   SCF=   7  NormRD=  0.000018858008  Uele= -44.927684591339
   SCF=   8  NormRD=  0.000003892135  Uele= -44.927681968509
   SCF=   9  NormRD=  0.000002738619  Uele= -44.927681911456
   SCF=  10  NormRD=  0.000000140479  Uele= -44.927681685849
   SCF=  11  NormRD=  0.000000085557  Uele= -44.927681749774
   SCF=  12  NormRD=  0.000000011207  Uele= -44.927681749259

*******************************************************
        Total energy (Hartree) at MD =26        
*******************************************************

  Uele.        -44.927681749259

  Ukin.         93.152378973553
  UH0.       -2493.538264940047
  UH1.           0.110266558941
  Una.        -125.367015406881
  Unl.          25.294478448617
  Uxc0.        -16.322878887533
  Uxc1.        -16.322878887533
  Ucore.      2348.944515495675
  Uhub.          0.000000000000
  Ucs.           0.000000000000
  Uzs.           0.000000000000
  Uzo.           0.000000000000
  Uef.           0.000000000000
  UvdW.          0.000000000000
  Uch.           0.000000000000
  Utot.       -184.049398645207

  UpV.           0.000000000000
  Enpy.       -184.049398645207
  Note:

  Utot = Ukin+UH0+UH1+Una+Unl+Uxc0+Uxc1+Ucore+Uhub+Ucs+Uzs+Uzo+Uef+UvdW+Uch

  Uele:   band energy
  Ukin:   kinetic energy
  UH0:    electric part of screened Coulomb energy
  UH1:    difference electron-electron Coulomb energy
  Una:    neutral atom potential energy
  Unl:    non-local potential energy
  Uxc0:   exchange-correlation energy for alpha spin
  Uxc1:   exchange-correlation energy for beta spin
  Ucore:  core-core Coulomb energy
  Uhub:   LDA+U energy
  Ucs:    constraint energy for spin orientation
  Uzs:    Zeeman term for spin magnetic moment
  Uzo:    Zeeman term for orbital magnetic moment
  Uef:    electric energy by electric field
  UvdW:   semi-empirical vdW energy
  Uch:    penalty term to create a core hole

  UpV:    pressure times volume
  Enpy:   Enthalpy = Utot + UpV
  (see also PRB 72, 045121(2005) for the energy contributions)



  Chemical potential (Hartree)      -0.266094570616

***********************************************************
***********************************************************
                  SCF history at MD=27                    
***********************************************************
***********************************************************

   SCF=   1  NormRD=  1.000000000000  Uele= -44.927738473831
   SCF=   2  NormRD=  0.000127269608  Uele= -44.927726409090
   SCF=   3  NormRD=  0.000094828284  Uele= -44.927731671659
   SCF=   4  NormRD=  0.000111903081  Uele= -44.927717532555
   SCF=   5  NormRD=  0.000026356989  Uele= -44.927726979909
   SCF=   6  NormRD=  0.000016538205  Uele= -44.927727089141
   SCF=   7  NormRD=  0.000004945315  Uele= -44.927726595968
   SCF=   8  NormRD=  0.000000978237  Uele= -44.927726542564
   SCF=   9  NormRD=  0.000000877379  Uele= -44.927726472371
   SCF=  10  NormRD=  0.000000053471  Uele= -44.927726483351
   SCF=  11  NormRD=  0.000000061274  Uele= -44.927726497248
   SCF=  12  NormRD=  0.000000002766  Uele= -44.927726495664

*******************************************************
        Total energy (Hartree) at MD =27        
*******************************************************

  Uele.        -44.927726495664

  Ukin.         93.152083745626
  UH0.       -2493.534012564232
  UH1.           0.110280075238
  Una.        -125.366653578910
  Unl.          25.294531677648
  Uxc0.        -16.322859582300
  Uxc1.        -16.322859582300
  Ucore.      2348.940081504049
  Uhub.          0.000000000000
  Ucs.           0.000000000000
  Uzs.           0.000000000000
  Uzo.           0.000000000000
  Uef.           0.000000000000
  UvdW.          0.000000000000
  Uch.           0.000000000000
  Utot.       -184.049408305181

  UpV.           0.000000000000
  Enpy.       -184.049408305181
  Note:

  Utot = Ukin+UH0+UH1+Una+Unl+Uxc0+Uxc1+Ucore+Uhub+Ucs+Uzs+Uzo+Uef+UvdW+Uch

  Uele:   band energy
  Ukin:   kinetic energy
  UH0:    electric part of screened Coulomb energy
  UH1:    difference electron-electron Coulomb energy
  Una:    neutral atom potential energy
  Unl:    non-local potential energy
  Uxc0:   exchange-correlation energy for alpha spin
  Uxc1:   exchange-correlation energy for beta spin
  Ucore:  core-core Coulomb energy
  Uhub:   LDA+U energy
  Ucs:    constraint energy for spin orientation
  Uzs:    Zeeman term for spin magnetic moment
  Uzo:    Zeeman term for orbital magnetic moment
  Uef:    electric energy by electric field
  UvdW:   semi-empirical vdW energy
  Uch:    penalty term to create a core hole

  UpV:    pressure times volume
  Enpy:   Enthalpy = Utot + UpV
  (see also PRB 72, 045121(2005) for the energy contributions)



  Chemical potential (Hartree)      -0.266094218239

***********************************************************
***********************************************************
                  SCF history at MD=28                    
***********************************************************
***********************************************************

   SCF=   1  NormRD=  1.000000000000  Uele= -44.927424300962
   SCF=   2  NormRD=  0.000566067627  Uele= -44.927621811859
   SCF=   3  NormRD=  0.000528148607  Uele= -44.927638013923
   SCF=   4  NormRD=  0.000253050186  Uele= -44.927736582815
   SCF=   5  NormRD=  0.000091778723  Uele= -44.927705353234
   SCF=   6  NormRD=  0.000025765729  Uele= -44.927704335388
   SCF=   7  NormRD=  0.000017284116  Uele= -44.927707444067
   SCF=   8  NormRD=  0.000002184710  Uele= -44.927709394887
   SCF=   9  NormRD=  0.000002930868  Uele= -44.927709718940
   SCF=  10  NormRD=  0.000000131039  Uele= -44.927709914720
   SCF=  11  NormRD=  0.000000173521  Uele= -44.927709818750
   SCF=  12  NormRD=  0.000000009215  Uele= -44.927709807589
   SCF=  13  NormRD=  0.000000000626  Uele= -44.927709811232

*******************************************************
        Total energy (Hartree) at MD =28        
*******************************************************

  Uele.        -44.927709811232

  Ukin.         93.152123869803
  UH0.       -2493.533506033506
  UH1.           0.110274351355
  Una.        -125.366673610180
  Unl.          25.294497485849
  Uxc0.        -16.322859795251
  Uxc1.        -16.322859795251
  Ucore.      2348.939596893987
  Uhub.          0.000000000000
  Ucs.           0.000000000000
  Uzs.           0.000000000000
  Uzo.           0.000000000000
  Uef.           0.000000000000
  UvdW.          0.000000000000
  Uch.           0.000000000000
  Utot.       -184.049406633194

  UpV.           0.000000000000
  Enpy.       -184.049406633194
  Note:

  Utot = Ukin+UH0+UH1+Una+Unl+Uxc0+Uxc1+Ucore+Uhub+Ucs+Uzs+Uzo+Uef+UvdW+Uch

  Uele:   band energy
  Ukin:   kinetic energy
  UH0:    electric part of screened Coulomb energy
  UH1:    difference electron-electron Coulomb energy
  Una:    neutral atom potential energy
  Unl:    non-local potential energy
  Uxc0:   exchange-correlation energy for alpha spin
  Uxc1:   exchange-correlation energy for beta spin
  Ucore:  core-core Coulomb energy
  Uhub:   LDA+U energy
  Ucs:    constraint energy for spin orientation
  Uzs:    Zeeman term for spin magnetic moment
  Uzo:    Zeeman term for orbital magnetic moment
  Uef:    electric energy by electric field
  UvdW:   semi-empirical vdW energy
  Uch:    penalty term to create a core hole

  UpV:    pressure times volume
  Enpy:   Enthalpy = Utot + UpV
  (see also PRB 72, 045121(2005) for the energy contributions)



  Chemical potential (Hartree)      -0.266093186164

***********************************************************
***********************************************************
                  SCF history at MD=29                    
***********************************************************
***********************************************************

   SCF=   1  NormRD=  1.000000000000  Uele= -44.927682452648
   SCF=   2  NormRD=  0.000096033057  Uele= -44.927715416374
   SCF=   3  NormRD=  0.000082435723  Uele= -44.927719477096
   SCF=   4  NormRD=  0.000062920427  Uele= -44.927739221580
   SCF=   5  NormRD=  0.000029242639  Uele= -44.927730478760
   SCF=   6  NormRD=  0.000005848302  Uele= -44.927730545652
   SCF=   7  NormRD=  0.000005214661  Uele= -44.927731126842
   SCF=   8  NormRD=  0.000000459099  Uele= -44.927731366554
   SCF=   9  NormRD=  0.000000375604  Uele= -44.927731528435
   SCF=  10  NormRD=  0.000000036821  Uele= -44.927731530433

*******************************************************
        Total energy (Hartree) at MD =29        
*******************************************************

  Uele.        -44.927731530433

  Ukin.         93.152096481748
  UH0.       -2493.535134866690
  UH1.           0.110280787491
  Una.        -125.366685667207
  Unl.          25.294540818836
  Uxc0.        -16.322860928034
  Uxc1.        -16.322860928034
  Ucore.      2348.941217507522
  Uhub.          0.000000000000
  Ucs.           0.000000000000
  Uzs.           0.000000000000
  Uzo.           0.000000000000
  Uef.           0.000000000000
  UvdW.          0.000000000000
  Uch.           0.000000000000
  Utot.       -184.049406794367

  UpV.           0.000000000000
  Enpy.       -184.049406794367
  Note:

  Utot = Ukin+UH0+UH1+Una+Unl+Uxc0+Uxc1+Ucore+Uhub+Ucs+Uzs+Uzo+Uef+UvdW+Uch

  Uele:   band energy
  Ukin:   kinetic energy
  UH0:    electric part of screened Coulomb energy
  UH1:    difference electron-electron Coulomb energy
  Una:    neutral atom potential energy
  Unl:    non-local potential energy
  Uxc0:   exchange-correlation energy for alpha spin
  Uxc1:   exchange-correlation energy for beta spin
  Ucore:  core-core Coulomb energy
  Uhub:   LDA+U energy
  Ucs:    constraint energy for spin orientation
  Uzs:    Zeeman term for spin magnetic moment
  Uzo:    Zeeman term for orbital magnetic moment
  Uef:    electric energy by electric field
  UvdW:   semi-empirical vdW energy
  Uch:    penalty term to create a core hole

  UpV:    pressure times volume
  Enpy:   Enthalpy = Utot + UpV
  (see also PRB 72, 045121(2005) for the energy contributions)



  Chemical potential (Hartree)      -0.266095620979

***********************************************************
***********************************************************
                  SCF history at MD=30                    
***********************************************************
***********************************************************

   SCF=   1  NormRD=  1.000000000000  Uele= -44.927708660427
   SCF=   2  NormRD=  0.000125621574  Uele= -44.927699800936
   SCF=   3  NormRD=  0.000085189523  Uele= -44.927700415451
   SCF=   4  NormRD=  0.000105875023  Uele= -44.927692435765
   SCF=   5  NormRD=  0.000051489831  Uele= -44.927697657535
   SCF=   6  NormRD=  0.000012339036  Uele= -44.927696983705
   SCF=   7  NormRD=  0.000010260571  Uele= -44.927697127059
   SCF=   8  NormRD=  0.000000946573  Uele= -44.927696860425
   SCF=   9  NormRD=  0.000001236111  Uele= -44.927696823449
   SCF=  10  NormRD=  0.000000082014  Uele= -44.927696817085

*******************************************************
        Total energy (Hartree) at MD =30        
*******************************************************

  Uele.        -44.927696817085

  Ukin.         93.152084782154
  UH0.       -2493.530408595349
  UH1.           0.110272896208
  Una.        -125.366578418707
  Unl.          25.294473144669
  Uxc0.        -16.322856070603
  Uxc1.        -16.322856070603
  Ucore.      2348.936457404216
  Uhub.          0.000000000000
  Ucs.           0.000000000000
  Uzs.           0.000000000000
  Uzo.           0.000000000000
  Uef.           0.000000000000
  UvdW.          0.000000000000
  Uch.           0.000000000000
  Utot.       -184.049410928015

  UpV.           0.000000000000
  Enpy.       -184.049410928015
  Note:

  Utot = Ukin+UH0+UH1+Una+Unl+Uxc0+Uxc1+Ucore+Uhub+Ucs+Uzs+Uzo+Uef+UvdW+Uch

  Uele:   band energy
  Ukin:   kinetic energy
  UH0:    electric part of screened Coulomb energy
  UH1:    difference electron-electron Coulomb energy
  Una:    neutral atom potential energy
  Unl:    non-local potential energy
  Uxc0:   exchange-correlation energy for alpha spin
  Uxc1:   exchange-correlation energy for beta spin
  Ucore:  core-core Coulomb energy
  Uhub:   LDA+U energy
  Ucs:    constraint energy for spin orientation
  Uzs:    Zeeman term for spin magnetic moment
  Uzo:    Zeeman term for orbital magnetic moment
  Uef:    electric energy by electric field
  UvdW:   semi-empirical vdW energy
  Uch:    penalty term to create a core hole

  UpV:    pressure times volume
  Enpy:   Enthalpy = Utot + UpV
  (see also PRB 72, 045121(2005) for the energy contributions)



  Chemical potential (Hartree)      -0.266088694254

***********************************************************
***********************************************************
                  SCF history at MD=31                    
***********************************************************
***********************************************************

   SCF=   1  NormRD=  1.000000000000  Uele= -44.927732265705
   SCF=   2  NormRD=  0.000171087558  Uele= -44.927704505214
   SCF=   3  NormRD=  0.000139964294  Uele= -44.927707682090
   SCF=   4  NormRD=  0.000101607812  Uele= -44.927688778448
   SCF=   5  NormRD=  0.000070876258  Uele= -44.927697775454
   SCF=   6  NormRD=  0.000018386041  Uele= -44.927696960130
   SCF=   7  NormRD=  0.000012718844  Uele= -44.927696969543

*******************************************************
        Total energy (Hartree) at MD =31        
*******************************************************

  Uele.        -44.927696969543

  Ukin.         93.152073265565
  UH0.       -2483.244237581055
  UH1.           0.110274528286
  Una.        -125.366556118043
  Unl.          25.294475447399
  Uxc0.        -16.322856244151
  Uxc1.        -16.322856244151
  Ucore.      2338.650270614943
  Uhub.          0.000000000000
  Ucs.           0.000000000000
  Uzs.           0.000000000000
  Uzo.           0.000000000000
  Uef.           0.000000000000
  UvdW.          0.000000000000
  Uch.           0.000000000000
  Utot.       -184.049412331207

  UpV.           0.000000000000
  Enpy.       -184.049412331207
  Note:

  Utot = Ukin+UH0+UH1+Una+Unl+Uxc0+Uxc1+Ucore+Uhub+Ucs+Uzs+Uzo+Uef+UvdW+Uch

  Uele:   band energy
  Ukin:   kinetic energy
  UH0:    electric part of screened Coulomb energy
  UH1:    difference electron-electron Coulomb energy
  Una:    neutral atom potential energy
  Unl:    non-local potential energy
  Uxc0:   exchange-correlation energy for alpha spin
  Uxc1:   exchange-correlation energy for beta spin
  Ucore:  core-core Coulomb energy
  Uhub:   LDA+U energy
  Ucs:    constraint energy for spin orientation
  Uzs:    Zeeman term for spin magnetic moment
  Uzo:    Zeeman term for orbital magnetic moment
  Uef:    electric energy by electric field
  UvdW:   semi-empirical vdW energy
  Uch:    penalty term to create a core hole

  UpV:    pressure times volume
  Enpy:   Enthalpy = Utot + UpV
  (see also PRB 72, 045121(2005) for the energy contributions)



  Chemical potential (Hartree)      -0.266087124801

***********************************************************
***********************************************************
                  SCF history at MD=32                    
***********************************************************
***********************************************************

   SCF=   1  NormRD=  1.000000000000  Uele= -44.927702830385
   SCF=   2  NormRD=  0.000174175976  Uele= -44.927683123206
   SCF=   3  NormRD=  0.000137647380  Uele= -44.927685687803
   SCF=   4  NormRD=  0.000102536760  Uele= -44.927671559081
   SCF=   5  NormRD=  0.000067996466  Uele= -44.927678586619
   SCF=   6  NormRD=  0.000019047031  Uele= -44.927677507121
   SCF=   7  NormRD=  0.000013776430  Uele= -44.927678066623
   SCF=   8  NormRD=  0.000001547663  Uele= -44.927677460039
   SCF=   9  NormRD=  0.000002106741  Uele= -44.927677456214

*******************************************************
        Total energy (Hartree) at MD =32        
*******************************************************

  Uele.        -44.927677456214

  Ukin.         93.152113209058
  UH0.       -2493.529419373775
  UH1.           0.110268001328
  Una.        -125.366577323202
  Unl.          25.294439922824
  Uxc0.        -16.322856170301
  Uxc1.        -16.322856170301
  Ucore.      2348.935476701817
  Uhub.          0.000000000000
  Ucs.           0.000000000000
  Uzs.           0.000000000000
  Uzo.           0.000000000000
  Uef.           0.000000000000
  UvdW.          0.000000000000
  Uch.           0.000000000000
  Utot.       -184.049411202552

  UpV.           0.000000000000
  Enpy.       -184.049411202552
  Note:

  Utot = Ukin+UH0+UH1+Una+Unl+Uxc0+Uxc1+Ucore+Uhub+Ucs+Uzs+Uzo+Uef+UvdW+Uch

  Uele:   band energy
  Ukin:   kinetic energy
  UH0:    electric part of screened Coulomb energy
  UH1:    difference electron-electron Coulomb energy
  Una:    neutral atom potential energy
  Unl:    non-local potential energy
  Uxc0:   exchange-correlation energy for alpha spin
  Uxc1:   exchange-correlation energy for beta spin
  Ucore:  core-core Coulomb energy
  Uhub:   LDA+U energy
  Ucs:    constraint energy for spin orientation
  Uzs:    Zeeman term for spin magnetic moment
  Uzo:    Zeeman term for orbital magnetic moment
  Uef:    electric energy by electric field
  UvdW:   semi-empirical vdW energy
  Uch:    penalty term to create a core hole

  UpV:    pressure times volume
  Enpy:   Enthalpy = Utot + UpV
  (see also PRB 72, 045121(2005) for the energy contributions)



  Chemical potential (Hartree)      -0.266086598881

***********************************************************
***********************************************************
                  SCF history at MD=33                    
***********************************************************
***********************************************************

   SCF=   1  NormRD=  1.000000000000  Uele= -44.927679513126
   SCF=   2  NormRD=  0.000101314469  Uele= -44.927673004881
   SCF=   3  NormRD=  0.000073813440  Uele= -44.927673848876
   SCF=   4  NormRD=  0.000071985729  Uele= -44.927668092700
   SCF=   5  NormRD=  0.000044060902  Uele= -44.927671511505
   SCF=   6  NormRD=  0.000010233336  Uele= -44.927671106619
   SCF=   7  NormRD=  0.000007953631  Uele= -44.927671315213
   SCF=   8  NormRD=  0.000000880109  Uele= -44.927671099610
   SCF=   9  NormRD=  0.000001133273  Uele= -44.927671072107
   SCF=  10  NormRD=  0.000000077009  Uele= -44.927671066907

*******************************************************
        Total energy (Hartree) at MD =33        
*******************************************************

  Uele.        -44.927671066907

  Ukin.         93.152130658976
  UH0.       -2493.529675966332
  UH1.           0.110266531145
  Una.        -125.366592795589
  Unl.          25.294432486962
  Uxc0.        -16.322857187147
  Uxc1.        -16.322857187147
  Ucore.      2348.935742283938
  Uhub.          0.000000000000
  Ucs.           0.000000000000
  Uzs.           0.000000000000
  Uzo.           0.000000000000
  Uef.           0.000000000000
  UvdW.          0.000000000000
  Uch.           0.000000000000
  Utot.       -184.049411175195

  UpV.           0.000000000000
  Enpy.       -184.049411175195
  Note:

  Utot = Ukin+UH0+UH1+Una+Unl+Uxc0+Uxc1+Ucore+Uhub+Ucs+Uzs+Uzo+Uef+UvdW+Uch

  Uele:   band energy
  Ukin:   kinetic energy
  UH0:    electric part of screened Coulomb energy
  UH1:    difference electron-electron Coulomb energy
  Una:    neutral atom potential energy
  Unl:    non-local potential energy
  Uxc0:   exchange-correlation energy for alpha spin
  Uxc1:   exchange-correlation energy for beta spin
  Ucore:  core-core Coulomb energy
  Uhub:   LDA+U energy
  Ucs:    constraint energy for spin orientation
  Uzs:    Zeeman term for spin magnetic moment
  Uzo:    Zeeman term for orbital magnetic moment
  Uef:    electric energy by electric field
  UvdW:   semi-empirical vdW energy
  Uch:    penalty term to create a core hole

  UpV:    pressure times volume
  Enpy:   Enthalpy = Utot + UpV
  (see also PRB 72, 045121(2005) for the energy contributions)



  Chemical potential (Hartree)      -0.266086410152

***********************************************************
***********************************************************
                  SCF history at MD=34                    
***********************************************************
***********************************************************

   SCF=   1  NormRD=  1.000000000000  Uele= -44.927649535673
   SCF=   2  NormRD=  0.000108879001  Uele= -44.927651561994
   SCF=   3  NormRD=  0.000070714284  Uele= -44.927649443516
   SCF=   4  NormRD=  0.000094968699  Uele= -44.927653431930
   SCF=   5  NormRD=  0.000054451378  Uele= -44.927649723978
   SCF=   6  NormRD=  0.000009757380  Uele= -44.927650187943
   SCF=   7  NormRD=  0.000009297948  Uele= -44.927650204501
   SCF=   8  NormRD=  0.000000787425  Uele= -44.927650352260
   SCF=   9  NormRD=  0.000000857921  Uele= -44.927650381527
   SCF=  10  NormRD=  0.000000055694  Uele= -44.927650372047

*******************************************************
        Total energy (Hartree) at MD =34        
*******************************************************

  Uele.        -44.927650372047

  Ukin.         93.152189730211
  UH0.       -2493.530510777768
  UH1.           0.110262696271
  Una.        -125.366646758805
  Unl.          25.294411655966
  Uxc0.        -16.322860934264
  Uxc1.        -16.322860934264
  Ucore.      2348.936604472285
  Uhub.          0.000000000000
  Ucs.           0.000000000000
  Uzs.           0.000000000000
  Uzo.           0.000000000000
  Uef.           0.000000000000
  UvdW.          0.000000000000
  Uch.           0.000000000000
  Utot.       -184.049410850369

  UpV.           0.000000000000
  Enpy.       -184.049410850369
  Note:

  Utot = Ukin+UH0+UH1+Una+Unl+Uxc0+Uxc1+Ucore+Uhub+Ucs+Uzs+Uzo+Uef+UvdW+Uch

  Uele:   band energy
  Ukin:   kinetic energy
  UH0:    electric part of screened Coulomb energy
  UH1:    difference electron-electron Coulomb energy
  Una:    neutral atom potential energy
  Unl:    non-local potential energy
  Uxc0:   exchange-correlation energy for alpha spin
  Uxc1:   exchange-correlation energy for beta spin
  Ucore:  core-core Coulomb energy
  Uhub:   LDA+U energy
  Ucs:    constraint energy for spin orientation
  Uzs:    Zeeman term for spin magnetic moment
  Uzo:    Zeeman term for orbital magnetic moment
  Uef:    electric energy by electric field
  UvdW:   semi-empirical vdW energy
  Uch:    penalty term to create a core hole

  UpV:    pressure times volume
  Enpy:   Enthalpy = Utot + UpV
  (see also PRB 72, 045121(2005) for the energy contributions)



  Chemical potential (Hartree)      -0.266085413189

***********************************************************
***********************************************************
                  SCF history at MD=35                    
***********************************************************
***********************************************************

   SCF=   1  NormRD=  1.000000000000  Uele= -44.927636242135
   SCF=   2  NormRD=  0.000082851856  Uele= -44.927633746915
   SCF=   3  NormRD=  0.000049457874  Uele= -44.927632438700
   SCF=   4  NormRD=  0.000084505084  Uele= -44.927631410939
   SCF=   5  NormRD=  0.000034848420  Uele= -44.927631450316
   SCF=   6  NormRD=  0.000007862251  Uele= -44.927631329773
   SCF=   7  NormRD=  0.000007141112  Uele= -44.927631437129
   SCF=   8  NormRD=  0.000000680965  Uele= -44.927631379290
   SCF=   9  NormRD=  0.000000746193  Uele= -44.927631383332

*******************************************************
        Total energy (Hartree) at MD =35        
*******************************************************

  Uele.        -44.927631383332

  Ukin.         93.152249829025
  UH0.       -2493.530960649438
  UH1.           0.110260937344
  Una.        -125.366708878984
  Unl.          25.294401301576
  Uxc0.        -16.322866315181
  Uxc1.        -16.322866315181
  Ucore.      2348.937078318977
  Uhub.          0.000000000000
  Ucs.           0.000000000000
  Uzs.           0.000000000000
  Uzo.           0.000000000000
  Uef.           0.000000000000
  UvdW.          0.000000000000
  Uch.           0.000000000000
  Utot.       -184.049411771863

  UpV.           0.000000000000
  Enpy.       -184.049411771863
  Note:

  Utot = Ukin+UH0+UH1+Una+Unl+Uxc0+Uxc1+Ucore+Uhub+Ucs+Uzs+Uzo+Uef+UvdW+Uch

  Uele:   band energy
  Ukin:   kinetic energy
  UH0:    electric part of screened Coulomb energy
  UH1:    difference electron-electron Coulomb energy
  Una:    neutral atom potential energy
  Unl:    non-local potential energy
  Uxc0:   exchange-correlation energy for alpha spin
  Uxc1:   exchange-correlation energy for beta spin
  Ucore:  core-core Coulomb energy
  Uhub:   LDA+U energy
  Ucs:    constraint energy for spin orientation
  Uzs:    Zeeman term for spin magnetic moment
  Uzo:    Zeeman term for orbital magnetic moment
  Uef:    electric energy by electric field
  UvdW:   semi-empirical vdW energy
  Uch:    penalty term to create a core hole

  UpV:    pressure times volume
  Enpy:   Enthalpy = Utot + UpV
  (see also PRB 72, 045121(2005) for the energy contributions)



  Chemical potential (Hartree)      -0.266083548568

***********************************************************
***********************************************************
                  SCF history at MD=36                    
***********************************************************
***********************************************************

   SCF=   1  NormRD=  1.000000000000  Uele= -44.927633116447
   SCF=   2  NormRD=  0.000087532730  Uele= -44.927621572435
   SCF=   3  NormRD=  0.000059845340  Uele= -44.927621292269
   SCF=   4  NormRD=  0.000081775038  Uele= -44.927610985840
   SCF=   5  NormRD=  0.000034727853  Uele= -44.927617634680
   SCF=   6  NormRD=  0.000009102745  Uele= -44.927616791881
   SCF=   7  NormRD=  0.000008015820  Uele= -44.927616999115
   SCF=   8  NormRD=  0.000000733739  Uele= -44.927616646821
   SCF=   9  NormRD=  0.000000940084  Uele= -44.927616595317
   SCF=  10  NormRD=  0.000000046612  Uele= -44.927616574824
   SCF=  11  NormRD=  0.000000040480  Uele= -44.927616585510
   SCF=  12  NormRD=  0.000000002034  Uele= -44.927616583440

*******************************************************
        Total energy (Hartree) at MD =36        
*******************************************************

  Uele.        -44.927616583440

  Ukin.         93.152303982625
  UH0.       -2493.530892461107
  UH1.           0.110259641354
  Una.        -125.366768781518
  Unl.          25.294394213431
  Uxc0.        -16.322871096572
  Uxc1.        -16.322871096572
  Ucore.      2348.937033339326
  Uhub.          0.000000000000
  Ucs.           0.000000000000
  Uzs.           0.000000000000
  Uzo.           0.000000000000
  Uef.           0.000000000000
  UvdW.          0.000000000000
  Uch.           0.000000000000
  Utot.       -184.049412259033

  UpV.           0.000000000000
  Enpy.       -184.049412259033
  Note:

  Utot = Ukin+UH0+UH1+Una+Unl+Uxc0+Uxc1+Ucore+Uhub+Ucs+Uzs+Uzo+Uef+UvdW+Uch

  Uele:   band energy
  Ukin:   kinetic energy
  UH0:    electric part of screened Coulomb energy
  UH1:    difference electron-electron Coulomb energy
  Una:    neutral atom potential energy
  Unl:    non-local potential energy
  Uxc0:   exchange-correlation energy for alpha spin
  Uxc1:   exchange-correlation energy for beta spin
  Ucore:  core-core Coulomb energy
  Uhub:   LDA+U energy
  Ucs:    constraint energy for spin orientation
  Uzs:    Zeeman term for spin magnetic moment
  Uzo:    Zeeman term for orbital magnetic moment
  Uef:    electric energy by electric field
  UvdW:   semi-empirical vdW energy
  Uch:    penalty term to create a core hole

  UpV:    pressure times volume
  Enpy:   Enthalpy = Utot + UpV
  (see also PRB 72, 045121(2005) for the energy contributions)



  Chemical potential (Hartree)      -0.266081984650

***********************************************************
***********************************************************
                  SCF history at MD=37                    
***********************************************************
***********************************************************

   SCF=   1  NormRD=  1.000000000000  Uele= -44.927740115584
   SCF=   2  NormRD=  0.000137848222  Uele= -44.927698660646
   SCF=   3  NormRD=  0.000098739184  Uele= -44.927691118301
   SCF=   4  NormRD=  0.000129938804  Uele= -44.927663589964
   SCF=   5  NormRD=  0.000028706043  Uele= -44.927676975617
   SCF=   6  NormRD=  0.000012439560  Uele= -44.927677330783
   SCF=   7  NormRD=  0.000007444728  Uele= -44.927676514425
   SCF=   8  NormRD=  0.000000879835  Uele= -44.927676357157
   SCF=   9  NormRD=  0.000001227460  Uele= -44.927676164875
   SCF=  10  NormRD=  0.000000050167  Uele= -44.927676121912
   SCF=  11  NormRD=  0.000000077551  Uele= -44.927676151066
   SCF=  12  NormRD=  0.000000002915  Uele= -44.927676151763

*******************************************************
        Total energy (Hartree) at MD =37        
*******************************************************

  Uele.        -44.927676151763

  Ukin.         93.152088004973
  UH0.       -2493.531352230391
  UH1.           0.110264570845
  Una.        -125.366533783037
  Unl.          25.294423589285
  Uxc0.        -16.322851105576
  Uxc1.        -16.322851105576
  Ucore.      2348.937403762782
  Uhub.          0.000000000000
  Ucs.           0.000000000000
  Uzs.           0.000000000000
  Uzo.           0.000000000000
  Uef.           0.000000000000
  UvdW.          0.000000000000
  Uch.           0.000000000000
  Utot.       -184.049408296695

  UpV.           0.000000000000
  Enpy.       -184.049408296695
  Note:

  Utot = Ukin+UH0+UH1+Una+Unl+Uxc0+Uxc1+Ucore+Uhub+Ucs+Uzs+Uzo+Uef+UvdW+Uch

  Uele:   band energy
  Ukin:   kinetic energy
  UH0:    electric part of screened Coulomb energy
  UH1:    difference electron-electron Coulomb energy
  Una:    neutral atom potential energy
  Unl:    non-local potential energy
  Uxc0:   exchange-correlation energy for alpha spin
  Uxc1:   exchange-correlation energy for beta spin
  Ucore:  core-core Coulomb energy
  Uhub:   LDA+U energy
  Ucs:    constraint energy for spin orientation
  Uzs:    Zeeman term for spin magnetic moment
  Uzo:    Zeeman term for orbital magnetic moment
  Uef:    electric energy by electric field
  UvdW:   semi-empirical vdW energy
  Uch:    penalty term to create a core hole

  UpV:    pressure times volume
  Enpy:   Enthalpy = Utot + UpV
  (see also PRB 72, 045121(2005) for the energy contributions)



  Chemical potential (Hartree)      -0.266088889458

***********************************************************
***********************************************************
                  SCF history at MD=38                    
***********************************************************
***********************************************************

   SCF=   1  NormRD=  1.000000000000  Uele= -44.927658490671
   SCF=   2  NormRD=  0.000085435967  Uele= -44.927639285810
   SCF=   3  NormRD=  0.000054963969  Uele= -44.927626789263
   SCF=   4  NormRD=  0.000095683147  Uele= -44.927626360667
   SCF=   5  NormRD=  0.000013559830  Uele= -44.927621190188
   SCF=   6  NormRD=  0.000009482920  Uele= -44.927621184249

*******************************************************
        Total energy (Hartree) at MD =38        
*******************************************************

  Uele.        -44.927621184249

  Ukin.         93.152294964052
  UH0.       -2493.530559580464
  UH1.           0.110259918385
  Una.        -125.366760786358
  Unl.          25.294396280094
  Uxc0.        -16.322870354298
  Uxc1.        -16.322870354298
  Ucore.      2348.936697528745
  Uhub.          0.000000000000
  Ucs.           0.000000000000
  Uzs.           0.000000000000
  Uzo.           0.000000000000
  Uef.           0.000000000000
  UvdW.          0.000000000000
  Uch.           0.000000000000
  Utot.       -184.049412384144

  UpV.           0.000000000000
  Enpy.       -184.049412384144
  Note:

  Utot = Ukin+UH0+UH1+Una+Unl+Uxc0+Uxc1+Ucore+Uhub+Ucs+Uzs+Uzo+Uef+UvdW+Uch

  Uele:   band energy
  Ukin:   kinetic energy
  UH0:    electric part of screened Coulomb energy
  UH1:    difference electron-electron Coulomb energy
  Una:    neutral atom potential energy
  Unl:    non-local potential energy
  Uxc0:   exchange-correlation energy for alpha spin
  Uxc1:   exchange-correlation energy for beta spin
  Ucore:  core-core Coulomb energy
  Uhub:   LDA+U energy
  Ucs:    constraint energy for spin orientation
  Uzs:    Zeeman term for spin magnetic moment
  Uzo:    Zeeman term for orbital magnetic moment
  Uef:    electric energy by electric field
  UvdW:   semi-empirical vdW energy
  Uch:    penalty term to create a core hole

  UpV:    pressure times volume
  Enpy:   Enthalpy = Utot + UpV
  (see also PRB 72, 045121(2005) for the energy contributions)



  Chemical potential (Hartree)      -0.266082197513

***********************************************************
***********************************************************
                  SCF history at MD=39                    
***********************************************************
***********************************************************

   SCF=   1  NormRD=  1.000000000000  Uele= -44.927644987661
   SCF=   2  NormRD=  0.000237182227  Uele= -44.927569493389
   SCF=   3  NormRD=  0.000231708230  Uele= -44.927567483404
   SCF=   4  NormRD=  0.000091430637  Uele= -44.927529401574
   SCF=   5  NormRD=  0.000017858504  Uele= -44.927541513897
   SCF=   6  NormRD=  0.000013837092  Uele= -44.927540061804
   SCF=   7  NormRD=  0.000003657113  Uele= -44.927539061542
   SCF=   8  NormRD=  0.000001185087  Uele= -44.927538981804
   SCF=   9  NormRD=  0.000000453260  Uele= -44.927538687483
   SCF=  10  NormRD=  0.000000058331  Uele= -44.927538695680

*******************************************************
        Total energy (Hartree) at MD =39        
*******************************************************

  Uele.        -44.927538695680

  Ukin.         93.152625194323
  UH0.       -2483.244573246740
  UH1.           0.110251735016
  Una.        -125.367134433868
  Unl.          25.294353222652
  Uxc0.        -16.322899783073
  Uxc1.        -16.322899783073
  Ucore.      2338.650861928509
  Uhub.          0.000000000000
  Ucs.           0.000000000000
  Uzs.           0.000000000000
  Uzo.           0.000000000000
  Uef.           0.000000000000
  UvdW.          0.000000000000
  Uch.           0.000000000000
  Utot.       -184.049415166256

  UpV.           0.000000000000
  Enpy.       -184.049415166256
  Note:

  Utot = Ukin+UH0+UH1+Una+Unl+Uxc0+Uxc1+Ucore+Uhub+Ucs+Uzs+Uzo+Uef+UvdW+Uch

  Uele:   band energy
  Ukin:   kinetic energy
  UH0:    electric part of screened Coulomb energy
  UH1:    difference electron-electron Coulomb energy
  Una:    neutral atom potential energy
  Unl:    non-local potential energy
  Uxc0:   exchange-correlation energy for alpha spin
  Uxc1:   exchange-correlation energy for beta spin
  Ucore:  core-core Coulomb energy
  Uhub:   LDA+U energy
  Ucs:    constraint energy for spin orientation
  Uzs:    Zeeman term for spin magnetic moment
  Uzo:    Zeeman term for orbital magnetic moment
  Uef:    electric energy by electric field
  UvdW:   semi-empirical vdW energy
  Uch:    penalty term to create a core hole

  UpV:    pressure times volume
  Enpy:   Enthalpy = Utot + UpV
  (see also PRB 72, 045121(2005) for the energy contributions)



  Chemical potential (Hartree)      -0.266073553825

***********************************************************
***********************************************************
                  SCF history at MD=40                    
***********************************************************
***********************************************************

   SCF=   1  NormRD=  1.000000000000  Uele= -44.927748842681
   SCF=   2  NormRD=  0.000215691547  Uele= -44.927678459479
   SCF=   3  NormRD=  0.000204014601  Uele= -44.927674912565
   SCF=   4  NormRD=  0.000092586762  Uele= -44.927639095182
   SCF=   5  NormRD=  0.000042473930  Uele= -44.927651613255
   SCF=   6  NormRD=  0.000011854554  Uele= -44.927650530547
   SCF=   7  NormRD=  0.000008531326  Uele= -44.927649458695
   SCF=   8  NormRD=  0.000001093291  Uele= -44.927648991953
   SCF=   9  NormRD=  0.000001231351  Uele= -44.927648782699
   SCF=  10  NormRD=  0.000000031770  Uele= -44.927648687678
   SCF=  11  NormRD=  0.000000035106  Uele= -44.927648728148
   SCF=  12  NormRD=  0.000000004024  Uele= -44.927648728429

*******************************************************
        Total energy (Hartree) at MD =40        
*******************************************************

  Uele.        -44.927648728429

  Ukin.         93.152198416108
  UH0.       -2493.530252618542
  UH1.           0.110262618840
  Una.        -125.366656439093
  Unl.          25.294410751743
  Uxc0.        -16.322861796115
  Uxc1.        -16.322861796115
  Ucore.      2348.936349829076
  Uhub.          0.000000000000
  Ucs.           0.000000000000
  Uzs.           0.000000000000
  Uzo.           0.000000000000
  Uef.           0.000000000000
  UvdW.          0.000000000000
  Uch.           0.000000000000
  Utot.       -184.049411034098

  UpV.           0.000000000000
  Enpy.       -184.049411034098
  Note:

  Utot = Ukin+UH0+UH1+Una+Unl+Uxc0+Uxc1+Ucore+Uhub+Ucs+Uzs+Uzo+Uef+UvdW+Uch

  Uele:   band energy
  Ukin:   kinetic energy
  UH0:    electric part of screened Coulomb energy
  UH1:    difference electron-electron Coulomb energy
  Una:    neutral atom potential energy
  Unl:    non-local potential energy
  Uxc0:   exchange-correlation energy for alpha spin
  Uxc1:   exchange-correlation energy for beta spin
  Ucore:  core-core Coulomb energy
  Uhub:   LDA+U energy
  Ucs:    constraint energy for spin orientation
  Uzs:    Zeeman term for spin magnetic moment
  Uzo:    Zeeman term for orbital magnetic moment
  Uef:    electric energy by electric field
  UvdW:   semi-empirical vdW energy
  Uch:    penalty term to create a core hole

  UpV:    pressure times volume
  Enpy:   Enthalpy = Utot + UpV
  (see also PRB 72, 045121(2005) for the energy contributions)



  Chemical potential (Hartree)      -0.266084927701

***********************************************************
***********************************************************
                  SCF history at MD=41                    
***********************************************************
***********************************************************

   SCF=   1  NormRD=  1.000000000000  Uele= -44.927924589776
   SCF=   2  NormRD=  0.000409730241  Uele= -44.927781205213
   SCF=   3  NormRD=  0.000391551342  Uele= -44.927771397896
   SCF=   4  NormRD=  0.000170512825  Uele= -44.927700539201
   SCF=   5  NormRD=  0.000033762425  Uele= -44.927721613820
   SCF=   6  NormRD=  0.000015691352  Uele= -44.927722599690
   SCF=   7  NormRD=  0.000009581555  Uele= -44.927719751926
   SCF=   8  NormRD=  0.000000984532  Uele= -44.927718886495
   SCF=   9  NormRD=  0.000001294393  Uele= -44.927718751787
   SCF=  10  NormRD=  0.000000064425  Uele= -44.927718752577

*******************************************************
        Total energy (Hartree) at MD =41        
*******************************************************

  Uele.        -44.927718752577

  Ukin.         93.151968366356
  UH0.       -2483.245454062147
  UH1.           0.110268493122
  Una.        -125.366416954989
  Unl.          25.294448513069
  Uxc0.        -16.322839739470
  Uxc1.        -16.322839739470
  Ucore.      2338.651461153051
  Uhub.          0.000000000000
  Ucs.           0.000000000000
  Uzs.           0.000000000000
  Uzo.           0.000000000000
  Uef.           0.000000000000
  UvdW.          0.000000000000
  Uch.           0.000000000000
  Utot.       -184.049403970478

  UpV.           0.000000000000
  Enpy.       -184.049403970478
  Note:

  Utot = Ukin+UH0+UH1+Una+Unl+Uxc0+Uxc1+Ucore+Uhub+Ucs+Uzs+Uzo+Uef+UvdW+Uch

  Uele:   band energy
  Ukin:   kinetic energy
  UH0:    electric part of screened Coulomb energy
  UH1:    difference electron-electron Coulomb energy
  Una:    neutral atom potential energy
  Unl:    non-local potential energy
  Uxc0:   exchange-correlation energy for alpha spin
  Uxc1:   exchange-correlation energy for beta spin
  Ucore:  core-core Coulomb energy
  Uhub:   LDA+U energy
  Ucs:    constraint energy for spin orientation
  Uzs:    Zeeman term for spin magnetic moment
  Uzo:    Zeeman term for orbital magnetic moment
  Uef:    electric energy by electric field
  UvdW:   semi-empirical vdW energy
  Uch:    penalty term to create a core hole

  UpV:    pressure times volume
  Enpy:   Enthalpy = Utot + UpV
  (see also PRB 72, 045121(2005) for the energy contributions)



  Chemical potential (Hartree)      -0.266093300099

***********************************************************
***********************************************************
                  SCF history at MD=42                    
***********************************************************
***********************************************************

   SCF=   1  NormRD=  1.000000000000  Uele= -44.927627968528
   SCF=   2  NormRD=  0.000151732808  Uele= -44.927583263723
   SCF=   3  NormRD=  0.000133947572  Uele= -44.927580917174
   SCF=   4  NormRD=  0.000079541673  Uele= -44.927556578968
   SCF=   5  NormRD=  0.000009697610  Uele= -44.927566034803
   SCF=   6  NormRD=  0.000012864835  Uele= -44.927565154369
   SCF=   7  NormRD=  0.000002205700  Uele= -44.927564437125
   SCF=   8  NormRD=  0.000000742535  Uele= -44.927564350314
   SCF=   9  NormRD=  0.000000431827  Uele= -44.927564145421
   SCF=  10  NormRD=  0.000000030450  Uele= -44.927564145846

*******************************************************
        Total energy (Hartree) at MD =42        
*******************************************************

  Uele.        -44.927564145846

  Ukin.         93.152530517366
  UH0.       -2483.244138315035
  UH1.           0.110253973756
  Una.        -125.367025748921
  Unl.          25.294363837336
  Uxc0.        -16.322891353734
  Uxc1.        -16.322891353734
  Ucore.      2338.650383940082
  Uhub.          0.000000000000
  Ucs.           0.000000000000
  Uzs.           0.000000000000
  Uzo.           0.000000000000
  Uef.           0.000000000000
  UvdW.          0.000000000000
  Uch.           0.000000000000
  Utot.       -184.049414502884

  UpV.           0.000000000000
  Enpy.       -184.049414502884
  Note:

  Utot = Ukin+UH0+UH1+Una+Unl+Uxc0+Uxc1+Ucore+Uhub+Ucs+Uzs+Uzo+Uef+UvdW+Uch

  Uele:   band energy
  Ukin:   kinetic energy
  UH0:    electric part of screened Coulomb energy
  UH1:    difference electron-electron Coulomb energy
  Una:    neutral atom potential energy
  Unl:    non-local potential energy
  Uxc0:   exchange-correlation energy for alpha spin
  Uxc1:   exchange-correlation energy for beta spin
  Ucore:  core-core Coulomb energy
  Uhub:   LDA+U energy
  Ucs:    constraint energy for spin orientation
  Uzs:    Zeeman term for spin magnetic moment
  Uzo:    Zeeman term for orbital magnetic moment
  Uef:    electric energy by electric field
  UvdW:   semi-empirical vdW energy
  Uch:    penalty term to create a core hole

  UpV:    pressure times volume
  Enpy:   Enthalpy = Utot + UpV
  (see also PRB 72, 045121(2005) for the energy contributions)



  Chemical potential (Hartree)      -0.266075651722

***********************************************************
***********************************************************
                  SCF history at MD=43                    
***********************************************************
***********************************************************

   SCF=   1  NormRD=  1.000000000000  Uele= -44.927585368831
   SCF=   2  NormRD=  0.000075683886  Uele= -44.927563309050
   SCF=   3  NormRD=  0.000070547886  Uele= -44.927562925448
   SCF=   4  NormRD=  0.000038670214  Uele= -44.927549702026
   SCF=   5  NormRD=  0.000006983539  Uele= -44.927555420947
   SCF=   6  NormRD=  0.000007587728  Uele= -44.927555183144
   SCF=   7  NormRD=  0.000000432936  Uele= -44.927554718624
   SCF=   8  NormRD=  0.000000577738  Uele= -44.927554567332
   SCF=   9  NormRD=  0.000000048293  Uele= -44.927554525199
   SCF=  10  NormRD=  0.000000038268  Uele= -44.927554535678
   SCF=  11  NormRD=  0.000000007114  Uele= -44.927554545485

*******************************************************
        Total energy (Hartree) at MD =43        
*******************************************************

  Uele.        -44.927554545485

  Ukin.         93.152572166144
  UH0.       -2483.244217756260
  UH1.           0.110252870548
  Una.        -125.367073035174
  Unl.          25.294358086851
  Uxc0.        -16.322895002956
  Uxc1.        -16.322895002956
  Ucore.      2338.650482897537
  Uhub.          0.000000000000
  Ucs.           0.000000000000
  Uzs.           0.000000000000
  Uzo.           0.000000000000
  Uef.           0.000000000000
  UvdW.          0.000000000000
  Uch.           0.000000000000
  Utot.       -184.049414776267

  UpV.           0.000000000000
  Enpy.       -184.049414776267
  Note:

  Utot = Ukin+UH0+UH1+Una+Unl+Uxc0+Uxc1+Ucore+Uhub+Ucs+Uzs+Uzo+Uef+UvdW+Uch

  Uele:   band energy
  Ukin:   kinetic energy
  UH0:    electric part of screened Coulomb energy
  UH1:    difference electron-electron Coulomb energy
  Una:    neutral atom potential energy
  Unl:    non-local potential energy
  Uxc0:   exchange-correlation energy for alpha spin
  Uxc1:   exchange-correlation energy for beta spin
  Ucore:  core-core Coulomb energy
  Uhub:   LDA+U energy
  Ucs:    constraint energy for spin orientation
  Uzs:    Zeeman term for spin magnetic moment
  Uzo:    Zeeman term for orbital magnetic moment
  Uef:    electric energy by electric field
  UvdW:   semi-empirical vdW energy
  Uch:    penalty term to create a core hole

  UpV:    pressure times volume
  Enpy:   Enthalpy = Utot + UpV
  (see also PRB 72, 045121(2005) for the energy contributions)



  Chemical potential (Hartree)      -0.266074575422

***********************************************************
***********************************************************
                  SCF history at MD=44                    
***********************************************************
***********************************************************

   SCF=   1  NormRD=  1.000000000000  Uele= -44.927671417545
   SCF=   2  NormRD=  0.000533880755  Uele= -44.927497576673
   SCF=   3  NormRD=  0.000541296896  Uele= -44.927495142557
   SCF=   4  NormRD=  0.000179435014  Uele= -44.927409957307
   SCF=   5  NormRD=  0.000026450775  Uele= -44.927432443106
   SCF=   6  NormRD=  0.000019688409  Uele= -44.927432648585
   SCF=   7  NormRD=  0.000005392292  Uele= -44.927429921167
   SCF=   8  NormRD=  0.000002257489  Uele= -44.927429733272
   SCF=   9  NormRD=  0.000000349058  Uele= -44.927429260923
   SCF=  10  NormRD=  0.000000229770  Uele= -44.927429304980
   SCF=  11  NormRD=  0.000000008592  Uele= -44.927429373143
   SCF=  12  NormRD=  0.000000011590  Uele= -44.927429369008

*******************************************************
        Total energy (Hartree) at MD =44        
*******************************************************

  Uele.        -44.927429369008

  Ukin.         93.153105191951
  UH0.       -2493.532016909065
  UH1.           0.110239343300
  Una.        -125.367689957372
  Unl.          25.294292392508
  Uxc0.        -16.322942160561
  Uxc1.        -16.322942160561
  Ucore.      2348.938536169116
  Uhub.          0.000000000000
  Ucs.           0.000000000000
  Uzs.           0.000000000000
  Uzo.           0.000000000000
  Uef.           0.000000000000
  UvdW.          0.000000000000
  Uch.           0.000000000000
  Utot.       -184.049418090684

  UpV.           0.000000000000
  Enpy.       -184.049418090684
  Note:

  Utot = Ukin+UH0+UH1+Una+Unl+Uxc0+Uxc1+Ucore+Uhub+Ucs+Uzs+Uzo+Uef+UvdW+Uch

  Uele:   band energy
  Ukin:   kinetic energy
  UH0:    electric part of screened Coulomb energy
  UH1:    difference electron-electron Coulomb energy
  Una:    neutral atom potential energy
  Unl:    non-local potential energy
  Uxc0:   exchange-correlation energy for alpha spin
  Uxc1:   exchange-correlation energy for beta spin
  Ucore:  core-core Coulomb energy
  Uhub:   LDA+U energy
  Ucs:    constraint energy for spin orientation
  Uzs:    Zeeman term for spin magnetic moment
  Uzo:    Zeeman term for orbital magnetic moment
  Uef:    electric energy by electric field
  UvdW:   semi-empirical vdW energy
  Uch:    penalty term to create a core hole

  UpV:    pressure times volume
  Enpy:   Enthalpy = Utot + UpV
  (see also PRB 72, 045121(2005) for the energy contributions)



  Chemical potential (Hartree)      -0.266062315323

***********************************************************
***********************************************************
                  SCF history at MD=45                    
***********************************************************
***********************************************************

   SCF=   1  NormRD=  1.000000000000  Uele= -44.927163504998
   SCF=   2  NormRD=  0.004658077202  Uele= -44.927407629633
   SCF=   3  NormRD=  0.002440595628  Uele= -44.927428448212
   SCF=   4  NormRD=  0.004381468621  Uele= -44.927757779347
   SCF=   5  NormRD=  0.000309980339  Uele= -44.927516545704
   SCF=   6  NormRD=  0.000484461756  Uele= -44.927528654753
   SCF=   7  NormRD=  0.000023644763  Uele= -44.927527023387
   SCF=   8  NormRD=  0.000042059087  Uele= -44.927525238308
   SCF=   9  NormRD=  0.000003621598  Uele= -44.927528089735
   SCF=  10  NormRD=  0.000001490899  Uele= -44.927527994358
   SCF=  11  NormRD=  0.000000148081  Uele= -44.927527654540
   SCF=  12  NormRD=  0.000000211136  Uele= -44.927527678466
   SCF=  13  NormRD=  0.000000035018  Uele= -44.927527674937

*******************************************************
        Total energy (Hartree) at MD =45        
*******************************************************

  Uele.        -44.927527674937

  Ukin.         93.152647613031
  UH0.       -2483.244400945414
  UH1.           0.110250529921
  Una.        -125.367152683976
  Unl.          25.294345515651
  Uxc0.        -16.322901393415
  Uxc1.        -16.322901393415
  Ucore.      2338.650697296720
  Uhub.          0.000000000000
  Ucs.           0.000000000000
  Uzs.           0.000000000000
  Uzo.           0.000000000000
  Uef.           0.000000000000
  UvdW.          0.000000000000
  Uch.           0.000000000000
  Utot.       -184.049415460897

  UpV.           0.000000000000
  Enpy.       -184.049415460897
  Note:

  Utot = Ukin+UH0+UH1+Una+Unl+Uxc0+Uxc1+Ucore+Uhub+Ucs+Uzs+Uzo+Uef+UvdW+Uch

  Uele:   band energy
  Ukin:   kinetic energy
  UH0:    electric part of screened Coulomb energy
  UH1:    difference electron-electron Coulomb energy
  Una:    neutral atom potential energy
  Unl:    non-local potential energy
  Uxc0:   exchange-correlation energy for alpha spin
  Uxc1:   exchange-correlation energy for beta spin
  Ucore:  core-core Coulomb energy
  Uhub:   LDA+U energy
  Ucs:    constraint energy for spin orientation
  Uzs:    Zeeman term for spin magnetic moment
  Uzo:    Zeeman term for orbital magnetic moment
  Uef:    electric energy by electric field
  UvdW:   semi-empirical vdW energy
  Uch:    penalty term to create a core hole

  UpV:    pressure times volume
  Enpy:   Enthalpy = Utot + UpV
  (see also PRB 72, 045121(2005) for the energy contributions)



  Chemical potential (Hartree)      -0.266072621249

***********************************************************
***********************************************************
                  SCF history at MD=46                    
***********************************************************
***********************************************************

   SCF=   1  NormRD=  1.000000000000  Uele= -44.927494874826
   SCF=   2  NormRD=  0.000096894017  Uele= -44.927503487912
   SCF=   3  NormRD=  0.000050359230  Uele= -44.927509038685
   SCF=   4  NormRD=  0.000124603747  Uele= -44.927503784147
   SCF=   5  NormRD=  0.000014032882  Uele= -44.927511244346
   SCF=   6  NormRD=  0.000009839096  Uele= -44.927510650199
   SCF=   7  NormRD=  0.000004708564  Uele= -44.927510668488
   SCF=   8  NormRD=  0.000000558830  Uele= -44.927510739547
   SCF=   9  NormRD=  0.000000500917  Uele= -44.927510694264
   SCF=  10  NormRD=  0.000000032524  Uele= -44.927510723224
   SCF=  11  NormRD=  0.000000007603  Uele= -44.927510722561

*******************************************************
        Total energy (Hartree) at MD =46        
*******************************************************

  Uele.        -44.927510722561

  Ukin.         93.152776031917
  UH0.       -2483.244655667458
  UH1.           0.110247381019
  Una.        -125.367307453475
  Unl.          25.294330381817
  Uxc0.        -16.322913061273
  Uxc1.        -16.322913061273
  Ucore.      2338.651019047679
  Uhub.          0.000000000000
  Ucs.           0.000000000000
  Uzs.           0.000000000000
  Uzo.           0.000000000000
  Uef.           0.000000000000
  UvdW.          0.000000000000
  Uch.           0.000000000000
  Utot.       -184.049416401048

  UpV.           0.000000000000
  Enpy.       -184.049416401048
  Note:

  Utot = Ukin+UH0+UH1+Una+Unl+Uxc0+Uxc1+Ucore+Uhub+Ucs+Uzs+Uzo+Uef+UvdW+Uch

  Uele:   band energy
  Ukin:   kinetic energy
  UH0:    electric part of screened Coulomb energy
  UH1:    difference electron-electron Coulomb energy
  Una:    neutral atom potential energy
  Unl:    non-local potential energy
  Uxc0:   exchange-correlation energy for alpha spin
  Uxc1:   exchange-correlation energy for beta spin
  Ucore:  core-core Coulomb energy
  Uhub:   LDA+U energy
  Ucs:    constraint energy for spin orientation
  Uzs:    Zeeman term for spin magnetic moment
  Uzo:    Zeeman term for orbital magnetic moment
  Uef:    electric energy by electric field
  UvdW:   semi-empirical vdW energy
  Uch:    penalty term to create a core hole

  UpV:    pressure times volume
  Enpy:   Enthalpy = Utot + UpV
  (see also PRB 72, 045121(2005) for the energy contributions)



  Chemical potential (Hartree)      -0.266069785672

***********************************************************
***********************************************************
                  SCF history at MD=47                    
***********************************************************
***********************************************************

   SCF=   1  NormRD=  1.000000000000  Uele= -44.927365438047
   SCF=   2  NormRD=  0.000120178345  Uele= -44.927368271802
   SCF=   3  NormRD=  0.000090505152  Uele= -44.927370312095
   SCF=   4  NormRD=  0.000083168225  Uele= -44.927370912275
   SCF=   5  NormRD=  0.000058155111  Uele= -44.927371343092
   SCF=   6  NormRD=  0.000010868352  Uele= -44.927370706889
   SCF=   7  NormRD=  0.000007730412  Uele= -44.927370889704
   SCF=   8  NormRD=  0.000000526146  Uele= -44.927370832540
   SCF=   9  NormRD=  0.000000444098  Uele= -44.927370869447
   SCF=  10  NormRD=  0.000000030351  Uele= -44.927370850922
   SCF=  11  NormRD=  0.000000001341  Uele= -44.927370850647

*******************************************************
        Total energy (Hartree) at MD =47        
*******************************************************

  Uele.        -44.927370850647

  Ukin.         93.153254638219
  UH0.       -2493.531726442626
  UH1.           0.110234909448
  Una.        -125.367849820024
  Unl.          25.294270040781
  Uxc0.        -16.322955153240
  Uxc1.        -16.322955153240
  Ucore.      2348.938307367557
  Uhub.          0.000000000000
  Ucs.           0.000000000000
  Uzs.           0.000000000000
  Uzo.           0.000000000000
  Uef.           0.000000000000
  UvdW.          0.000000000000
  Uch.           0.000000000000
  Utot.       -184.049419613126

  UpV.           0.000000000000
  Enpy.       -184.049419613126
  Note:

  Utot = Ukin+UH0+UH1+Una+Unl+Uxc0+Uxc1+Ucore+Uhub+Ucs+Uzs+Uzo+Uef+UvdW+Uch

  Uele:   band energy
  Ukin:   kinetic energy
  UH0:    electric part of screened Coulomb energy
  UH1:    difference electron-electron Coulomb energy
  Una:    neutral atom potential energy
  Unl:    non-local potential energy
  Uxc0:   exchange-correlation energy for alpha spin
  Uxc1:   exchange-correlation energy for beta spin
  Ucore:  core-core Coulomb energy
  Uhub:   LDA+U energy
  Ucs:    constraint energy for spin orientation
  Uzs:    Zeeman term for spin magnetic moment
  Uzo:    Zeeman term for orbital magnetic moment
  Uef:    electric energy by electric field
  UvdW:   semi-empirical vdW energy
  Uch:    penalty term to create a core hole

  UpV:    pressure times volume
  Enpy:   Enthalpy = Utot + UpV
  (see also PRB 72, 045121(2005) for the energy contributions)



  Chemical potential (Hartree)      -0.266058484891

***********************************************************
***********************************************************
                  SCF history at MD=48                    
***********************************************************
***********************************************************

   SCF=   1  NormRD=  1.000000000000  Uele= -44.927337558364
   SCF=   2  NormRD=  0.000165146357  Uele= -44.927313067135
   SCF=   3  NormRD=  0.000140287773  Uele= -44.927314089613
   SCF=   4  NormRD=  0.000090175636  Uele= -44.927299210358
   SCF=   5  NormRD=  0.000080887146  Uele= -44.927305842079
   SCF=   6  NormRD=  0.000015997362  Uele= -44.927304485811
   SCF=   7  NormRD=  0.000009484518  Uele= -44.927305034608
   SCF=   8  NormRD=  0.000001253382  Uele= -44.927304315751
   SCF=   9  NormRD=  0.000001432761  Uele= -44.927304382469
   SCF=  10  NormRD=  0.000000045498  Uele= -44.927304301414
   SCF=  11  NormRD=  0.000000009604  Uele= -44.927304314170
   SCF=  12  NormRD=  0.000000007991  Uele= -44.927304312828

*******************************************************
        Total energy (Hartree) at MD =48        
*******************************************************

  Uele.        -44.927304312828

  Ukin.         93.153490724518
  UH0.       -2493.531899940504
  UH1.           0.110228076824
  Una.        -125.368114791993
  Unl.          25.294235789466
  Uxc0.        -16.322975644695
  Uxc1.        -16.322975644695
  Ucore.      2348.938590375546
  Uhub.          0.000000000000
  Ucs.           0.000000000000
  Uzs.           0.000000000000
  Uzo.           0.000000000000
  Uef.           0.000000000000
  UvdW.          0.000000000000
  Uch.           0.000000000000
  Utot.       -184.049421055535

  UpV.           0.000000000000
  Enpy.       -184.049421055535
  Note:

  Utot = Ukin+UH0+UH1+Una+Unl+Uxc0+Uxc1+Ucore+Uhub+Ucs+Uzs+Uzo+Uef+UvdW+Uch

  Uele:   band energy
  Ukin:   kinetic energy
  UH0:    electric part of screened Coulomb energy
  UH1:    difference electron-electron Coulomb energy
  Una:    neutral atom potential energy
  Unl:    non-local potential energy
  Uxc0:   exchange-correlation energy for alpha spin
  Uxc1:   exchange-correlation energy for beta spin
  Ucore:  core-core Coulomb energy
  Uhub:   LDA+U energy
  Ucs:    constraint energy for spin orientation
  Uzs:    Zeeman term for spin magnetic moment
  Uzo:    Zeeman term for orbital magnetic moment
  Uef:    electric energy by electric field
  UvdW:   semi-empirical vdW energy
  Uch:    penalty term to create a core hole

  UpV:    pressure times volume
  Enpy:   Enthalpy = Utot + UpV
  (see also PRB 72, 045121(2005) for the energy contributions)



  Chemical potential (Hartree)      -0.266052966374

***********************************************************
***********************************************************
                  SCF history at MD=49                    
***********************************************************
***********************************************************

   SCF=   1  NormRD=  1.000000000000  Uele= -44.927308001360
   SCF=   2  NormRD=  0.000109768294  Uele= -44.927297392514
   SCF=   3  NormRD=  0.000081732446  Uele= -44.927298362062
   SCF=   4  NormRD=  0.000086190830  Uele= -44.927289044851
   SCF=   5  NormRD=  0.000050722337  Uele= -44.927294997698
   SCF=   6  NormRD=  0.000009870388  Uele= -44.927293808150
   SCF=   7  NormRD=  0.000009247766  Uele= -44.927294308182
   SCF=   8  NormRD=  0.000000874537  Uele= -44.927293773663
   SCF=   9  NormRD=  0.000001090301  Uele= -44.927293783769
   SCF=  10  NormRD=  0.000000033655  Uele= -44.927293745983
   SCF=  11  NormRD=  0.000000022666  Uele= -44.927293754272

*******************************************************
        Total energy (Hartree) at MD =49        
*******************************************************

  Uele.        -44.927293754272

  Ukin.         93.153535602905
  UH0.       -2493.531814389799
  UH1.           0.110226443666
  Una.        -125.368164027221
  Unl.          25.294226788600
  Uxc0.        -16.322979275234
  Uxc1.        -16.322979275234
  Ucore.      2348.938526938514
  Uhub.          0.000000000000
  Ucs.           0.000000000000
  Uzs.           0.000000000000
  Uzo.           0.000000000000
  Uef.           0.000000000000
  UvdW.          0.000000000000
  Uch.           0.000000000000
  Utot.       -184.049421193804

  UpV.           0.000000000000
  Enpy.       -184.049421193804
  Note:

  Utot = Ukin+UH0+UH1+Una+Unl+Uxc0+Uxc1+Ucore+Uhub+Ucs+Uzs+Uzo+Uef+UvdW+Uch

  Uele:   band energy
  Ukin:   kinetic energy
  UH0:    electric part of screened Coulomb energy
  UH1:    difference electron-electron Coulomb energy
  Una:    neutral atom potential energy
  Unl:    non-local potential energy
  Uxc0:   exchange-correlation energy for alpha spin
  Uxc1:   exchange-correlation energy for beta spin
  Ucore:  core-core Coulomb energy
  Uhub:   LDA+U energy
  Ucs:    constraint energy for spin orientation
  Uzs:    Zeeman term for spin magnetic moment
  Uzo:    Zeeman term for orbital magnetic moment
  Uef:    electric energy by electric field
  UvdW:   semi-empirical vdW energy
  Uch:    penalty term to create a core hole

  UpV:    pressure times volume
  Enpy:   Enthalpy = Utot + UpV
  (see also PRB 72, 045121(2005) for the energy contributions)



  Chemical potential (Hartree)      -0.266051834168

***********************************************************
***********************************************************
                  SCF history at MD=50                    
***********************************************************
***********************************************************

   SCF=   1  NormRD=  1.000000000000  Uele= -44.927290622269
   SCF=   2  NormRD=  0.000068324010  Uele= -44.927289397826
   SCF=   3  NormRD=  0.000034395980  Uele= -44.927289724787
   SCF=   4  NormRD=  0.000075492995  Uele= -44.927284028698
   SCF=   5  NormRD=  0.000008773889  Uele= -44.927289302598
   SCF=   6  NormRD=  0.000007840450  Uele= -44.927288804444
   SCF=   7  NormRD=  0.000000484600  Uele= -44.927288819140
   SCF=   8  NormRD=  0.000000971920  Uele= -44.927288824370

*******************************************************
        Total energy (Hartree) at MD =50        
*******************************************************

  Uele.        -44.927288824370

  Ukin.         93.153576307751
  UH0.       -2493.531271406866
  UH1.           0.110223666173
  Una.        -125.368203381063
  Unl.          25.294209791706
  Uxc0.        -16.322981755987
  Uxc1.        -16.322981755987
  Ucore.      2348.938007263110
  Uhub.          0.000000000000
  Ucs.           0.000000000000
  Uzs.           0.000000000000
  Uzo.           0.000000000000
  Uef.           0.000000000000
  UvdW.          0.000000000000
  Uch.           0.000000000000
  Utot.       -184.049421271163

  UpV.           0.000000000000
  Enpy.       -184.049421271163
  Note:

  Utot = Ukin+UH0+UH1+Una+Unl+Uxc0+Uxc1+Ucore+Uhub+Ucs+Uzs+Uzo+Uef+UvdW+Uch

  Uele:   band energy
  Ukin:   kinetic energy
  UH0:    electric part of screened Coulomb energy
  UH1:    difference electron-electron Coulomb energy
  Una:    neutral atom potential energy
  Unl:    non-local potential energy
  Uxc0:   exchange-correlation energy for alpha spin
  Uxc1:   exchange-correlation energy for beta spin
  Ucore:  core-core Coulomb energy
  Uhub:   LDA+U energy
  Ucs:    constraint energy for spin orientation
  Uzs:    Zeeman term for spin magnetic moment
  Uzo:    Zeeman term for orbital magnetic moment
  Uef:    electric energy by electric field
  UvdW:   semi-empirical vdW energy
  Uch:    penalty term to create a core hole

  UpV:    pressure times volume
  Enpy:   Enthalpy = Utot + UpV
  (see also PRB 72, 045121(2005) for the energy contributions)



  Chemical potential (Hartree)      -0.266050606896

***********************************************************
***********************************************************
                  SCF history at MD=51                    
***********************************************************
***********************************************************

   SCF=   1  NormRD=  1.000000000000  Uele= -44.927285992623
   SCF=   2  NormRD=  0.000064664153  Uele= -44.927279128809
   SCF=   3  NormRD=  0.000040323399  Uele= -44.927279729253
   SCF=   4  NormRD=  0.000073116676  Uele= -44.927270449811
   SCF=   5  NormRD=  0.000016855552  Uele= -44.927277581648
   SCF=   6  NormRD=  0.000006789676  Uele= -44.927276836917
   SCF=   7  NormRD=  0.000004490080  Uele= -44.927276869940
   SCF=   8  NormRD=  0.000000459780  Uele= -44.927276736435
   SCF=   9  NormRD=  0.000000354328  Uele= -44.927276684483
   SCF=  10  NormRD=  0.000000030179  Uele= -44.927276687074

*******************************************************
        Total energy (Hartree) at MD =51        
*******************************************************

  Uele.        -44.927276687074

  Ukin.         93.153629599284
  UH0.       -2493.531062060293
  UH1.           0.110221525485
  Una.        -125.368261537851
  Unl.          25.294198183611
  Uxc0.        -16.322985933419
  Uxc1.        -16.322985933419
  Ucore.      2348.937824696023
  Uhub.          0.000000000000
  Ucs.           0.000000000000
  Uzs.           0.000000000000
  Uzo.           0.000000000000
  Uef.           0.000000000000
  UvdW.          0.000000000000
  Uch.           0.000000000000
  Utot.       -184.049421460580

  UpV.           0.000000000000
  Enpy.       -184.049421460580
  Note:

  Utot = Ukin+UH0+UH1+Una+Unl+Uxc0+Uxc1+Ucore+Uhub+Ucs+Uzs+Uzo+Uef+UvdW+Uch

  Uele:   band energy
  Ukin:   kinetic energy
  UH0:    electric part of screened Coulomb energy
  UH1:    difference electron-electron Coulomb energy
  Una:    neutral atom potential energy
  Unl:    non-local potential energy
  Uxc0:   exchange-correlation energy for alpha spin
  Uxc1:   exchange-correlation energy for beta spin
  Ucore:  core-core Coulomb energy
  Uhub:   LDA+U energy
  Ucs:    constraint energy for spin orientation
  Uzs:    Zeeman term for spin magnetic moment
  Uzo:    Zeeman term for orbital magnetic moment
  Uef:    electric energy by electric field
  UvdW:   semi-empirical vdW energy
  Uch:    penalty term to create a core hole

  UpV:    pressure times volume
  Enpy:   Enthalpy = Utot + UpV
  (see also PRB 72, 045121(2005) for the energy contributions)



  Chemical potential (Hartree)      -0.266049362051

***********************************************************
***********************************************************
                  SCF history at MD=52                    
***********************************************************
***********************************************************

   SCF=   1  NormRD=  1.000000000000  Uele= -44.927273221249
   SCF=   2  NormRD=  0.000038403701  Uele= -44.927269488864
   SCF=   3  NormRD=  0.000024211983  Uele= -44.927269903050
   SCF=   4  NormRD=  0.000041377603  Uele= -44.927265043221
   SCF=   5  NormRD=  0.000012419326  Uele= -44.927268845246
   SCF=   6  NormRD=  0.000003326195  Uele= -44.927268404622
   SCF=   7  NormRD=  0.000002325579  Uele= -44.927268420330
   SCF=   8  NormRD=  0.000000318883  Uele= -44.927268316906
   SCF=   9  NormRD=  0.000000251494  Uele= -44.927268298923
   SCF=  10  NormRD=  0.000000015221  Uele= -44.927268295113

*******************************************************
        Total energy (Hartree) at MD =52        
*******************************************************

  Uele.        -44.927268295113

  Ukin.         93.153666362007
  UH0.       -2493.530945521284
  UH1.           0.110220119126
  Una.        -125.368302702175
  Unl.          25.294191067954
  Uxc0.        -16.322988898860
  Uxc1.        -16.322988898860
  Ucore.      2348.937726879891
  Uhub.          0.000000000000
  Ucs.           0.000000000000
  Uzs.           0.000000000000
  Uzo.           0.000000000000
  Uef.           0.000000000000
  UvdW.          0.000000000000
  Uch.           0.000000000000
  Utot.       -184.049421592202

  UpV.           0.000000000000
  Enpy.       -184.049421592202
  Note:

  Utot = Ukin+UH0+UH1+Una+Unl+Uxc0+Uxc1+Ucore+Uhub+Ucs+Uzs+Uzo+Uef+UvdW+Uch

  Uele:   band energy
  Ukin:   kinetic energy
  UH0:    electric part of screened Coulomb energy
  UH1:    difference electron-electron Coulomb energy
  Una:    neutral atom potential energy
  Unl:    non-local potential energy
  Uxc0:   exchange-correlation energy for alpha spin
  Uxc1:   exchange-correlation energy for beta spin
  Ucore:  core-core Coulomb energy
  Uhub:   LDA+U energy
  Ucs:    constraint energy for spin orientation
  Uzs:    Zeeman term for spin magnetic moment
  Uzo:    Zeeman term for orbital magnetic moment
  Uef:    electric energy by electric field
  UvdW:   semi-empirical vdW energy
  Uch:    penalty term to create a core hole

  UpV:    pressure times volume
  Enpy:   Enthalpy = Utot + UpV
  (see also PRB 72, 045121(2005) for the energy contributions)



  Chemical potential (Hartree)      -0.266048581771

***********************************************************
***********************************************************
                  SCF history at MD=53                    
***********************************************************
***********************************************************

   SCF=   1  NormRD=  1.000000000000  Uele= -44.927349607461
   SCF=   2  NormRD=  0.000628063457  Uele= -44.927261481471
   SCF=   3  NormRD=  0.000427286257  Uele= -44.927266525654
   SCF=   4  NormRD=  0.000567119815  Uele= -44.927178512561
   SCF=   5  NormRD=  0.000073326386  Uele= -44.927231659215
   SCF=   6  NormRD=  0.000071016142  Uele= -44.927229616522
   SCF=   7  NormRD=  0.000023828792  Uele= -44.927228738234
   SCF=   8  NormRD=  0.000003077780  Uele= -44.927228284032
   SCF=   9  NormRD=  0.000001900953  Uele= -44.927227728450
   SCF=  10  NormRD=  0.000000222129  Uele= -44.927227766850
   SCF=  11  NormRD=  0.000000053983  Uele= -44.927227875085
   SCF=  12  NormRD=  0.000000021601  Uele= -44.927227871187

*******************************************************
        Total energy (Hartree) at MD =53        
*******************************************************

  Uele.        -44.927227871187

  Ukin.         93.153848094057
  UH0.       -2493.530732064004
  UH1.           0.110214107834
  Una.        -125.368512166676
  Unl.          25.294161857769
  Uxc0.        -16.323003748811
  Uxc1.        -16.323003748811
  Ucore.      2348.937605765519
  Uhub.          0.000000000000
  Ucs.           0.000000000000
  Uzs.           0.000000000000
  Uzo.           0.000000000000
  Uef.           0.000000000000
  UvdW.          0.000000000000
  Uch.           0.000000000000
  Utot.       -184.049421903123

  UpV.           0.000000000000
  Enpy.       -184.049421903123
  Note:

  Utot = Ukin+UH0+UH1+Una+Unl+Uxc0+Uxc1+Ucore+Uhub+Ucs+Uzs+Uzo+Uef+UvdW+Uch

  Uele:   band energy
  Ukin:   kinetic energy
  UH0:    electric part of screened Coulomb energy
  UH1:    difference electron-electron Coulomb energy
  Una:    neutral atom potential energy
  Unl:    non-local potential energy
  Uxc0:   exchange-correlation energy for alpha spin
  Uxc1:   exchange-correlation energy for beta spin
  Ucore:  core-core Coulomb energy
  Uhub:   LDA+U energy
  Ucs:    constraint energy for spin orientation
  Uzs:    Zeeman term for spin magnetic moment
  Uzo:    Zeeman term for orbital magnetic moment
  Uef:    electric energy by electric field
  UvdW:   semi-empirical vdW energy
  Uch:    penalty term to create a core hole

  UpV:    pressure times volume
  Enpy:   Enthalpy = Utot + UpV
  (see also PRB 72, 045121(2005) for the energy contributions)



  Chemical potential (Hartree)      -0.266045602709

***********************************************************
***********************************************************
                  SCF history at MD=54                    
***********************************************************
***********************************************************

   SCF=   1  NormRD=  1.000000000000  Uele= -44.927244308505
   SCF=   2  NormRD=  0.000020935514  Uele= -44.927242084076
   SCF=   3  NormRD=  0.000016317815  Uele= -44.927240096837
   SCF=   4  NormRD=  0.000015915352  Uele= -44.927239827773
   SCF=   5  NormRD=  0.000010374082  Uele= -44.927239331982
   SCF=   6  NormRD=  0.000002255324  Uele= -44.927239457841
   SCF=   7  NormRD=  0.000001813965  Uele= -44.927239443506
   SCF=   8  NormRD=  0.000000136388  Uele= -44.927239465798
   SCF=   9  NormRD=  0.000000136403  Uele= -44.927239457335

*******************************************************
        Total energy (Hartree) at MD =54        
*******************************************************

  Uele.        -44.927239457335

  Ukin.         93.153795033496
  UH0.       -2493.530578453771
  UH1.           0.110215282347
  Una.        -125.368445684361
  Unl.          25.294165328480
  Uxc0.        -16.322999185437
  Uxc1.        -16.322999185437
  Ucore.      2348.937424872516
  Uhub.          0.000000000000
  Ucs.           0.000000000000
  Uzs.           0.000000000000
  Uzo.           0.000000000000
  Uef.           0.000000000000
  UvdW.          0.000000000000
  Uch.           0.000000000000
  Utot.       -184.049421992168

  UpV.           0.000000000000
  Enpy.       -184.049421992168
  Note:

  Utot = Ukin+UH0+UH1+Una+Unl+Uxc0+Uxc1+Ucore+Uhub+Ucs+Uzs+Uzo+Uef+UvdW+Uch

  Uele:   band energy
  Ukin:   kinetic energy
  UH0:    electric part of screened Coulomb energy
  UH1:    difference electron-electron Coulomb energy
  Una:    neutral atom potential energy
  Unl:    non-local potential energy
  Uxc0:   exchange-correlation energy for alpha spin
  Uxc1:   exchange-correlation energy for beta spin
  Ucore:  core-core Coulomb energy
  Uhub:   LDA+U energy
  Ucs:    constraint energy for spin orientation
  Uzs:    Zeeman term for spin magnetic moment
  Uzo:    Zeeman term for orbital magnetic moment
  Uef:    electric energy by electric field
  UvdW:   semi-empirical vdW energy
  Uch:    penalty term to create a core hole

  UpV:    pressure times volume
  Enpy:   Enthalpy = Utot + UpV
  (see also PRB 72, 045121(2005) for the energy contributions)



  Chemical potential (Hartree)      -0.266045826055

***********************************************************
***********************************************************
                  SCF history at MD=55                    
***********************************************************
***********************************************************

   SCF=   1  NormRD=  1.000000000000  Uele= -44.927281216783
   SCF=   2  NormRD=  0.000019992310  Uele= -44.927283169806
   SCF=   3  NormRD=  0.000015010190  Uele= -44.927283670174
   SCF=   4  NormRD=  0.000014058968  Uele= -44.927284774083
   SCF=   5  NormRD=  0.000008266403  Uele= -44.927284393822
   SCF=   6  NormRD=  0.000002248276  Uele= -44.927284292791
   SCF=   7  NormRD=  0.000001552467  Uele= -44.927284297224

*******************************************************
        Total energy (Hartree) at MD =55        
*******************************************************

  Uele.        -44.927284297224

  Ukin.         93.153593695978
  UH0.       -2493.531147489965
  UH1.           0.110222920016
  Una.        -125.368222502299
  Unl.          25.294206137517
  Uxc0.        -16.322983097199
  Uxc1.        -16.322983097199
  Ucore.      2348.937892067986
  Uhub.          0.000000000000
  Ucs.           0.000000000000
  Uzs.           0.000000000000
  Uzo.           0.000000000000
  Uef.           0.000000000000
  UvdW.          0.000000000000
  Uch.           0.000000000000
  Utot.       -184.049421365166

  UpV.           0.000000000000
  Enpy.       -184.049421365166
  Note:

  Utot = Ukin+UH0+UH1+Una+Unl+Uxc0+Uxc1+Ucore+Uhub+Ucs+Uzs+Uzo+Uef+UvdW+Uch

  Uele:   band energy
  Ukin:   kinetic energy
  UH0:    electric part of screened Coulomb energy
  UH1:    difference electron-electron Coulomb energy
  Una:    neutral atom potential energy
  Unl:    non-local potential energy
  Uxc0:   exchange-correlation energy for alpha spin
  Uxc1:   exchange-correlation energy for beta spin
  Ucore:  core-core Coulomb energy
  Uhub:   LDA+U energy
  Ucs:    constraint energy for spin orientation
  Uzs:    Zeeman term for spin magnetic moment
  Uzo:    Zeeman term for orbital magnetic moment
  Uef:    electric energy by electric field
  UvdW:   semi-empirical vdW energy
  Uch:    penalty term to create a core hole

  UpV:    pressure times volume
  Enpy:   Enthalpy = Utot + UpV
  (see also PRB 72, 045121(2005) for the energy contributions)



  Chemical potential (Hartree)      -0.266050298704

***********************************************************
***********************************************************
                  SCF history at MD=56                    
***********************************************************
***********************************************************

   SCF=   1  NormRD=  1.000000000000  Uele= -44.927268682493
   SCF=   2  NormRD=  0.000019679593  Uele= -44.927270170039
   SCF=   3  NormRD=  0.000015344540  Uele= -44.927270411612
   SCF=   4  NormRD=  0.000012198444  Uele= -44.927271330192
   SCF=   5  NormRD=  0.000006824918  Uele= -44.927270966348
   SCF=   6  NormRD=  0.000002002020  Uele= -44.927270929109
   SCF=   7  NormRD=  0.000001189760  Uele= -44.927270905497
   SCF=   8  NormRD=  0.000000071999  Uele= -44.927270946700
   SCF=   9  NormRD=  0.000000078155  Uele= -44.927270952662

*******************************************************
        Total energy (Hartree) at MD =56        
*******************************************************

  Uele.        -44.927270952662

  Ukin.         93.153653762165
  UH0.       -2493.531022859540
  UH1.           0.110220762842
  Una.        -125.368290464232
  Unl.          25.294195166459
  Uxc0.        -16.322987934068
  Uxc1.        -16.322987934068
  Ucore.      2348.937798013003
  Uhub.          0.000000000000
  Ucs.           0.000000000000
  Uzs.           0.000000000000
  Uzo.           0.000000000000
  Uef.           0.000000000000
  UvdW.          0.000000000000
  Uch.           0.000000000000
  Utot.       -184.049421487440

  UpV.           0.000000000000
  Enpy.       -184.049421487440
  Note:

  Utot = Ukin+UH0+UH1+Una+Unl+Uxc0+Uxc1+Ucore+Uhub+Ucs+Uzs+Uzo+Uef+UvdW+Uch

  Uele:   band energy
  Ukin:   kinetic energy
  UH0:    electric part of screened Coulomb energy
  UH1:    difference electron-electron Coulomb energy
  Una:    neutral atom potential energy
  Unl:    non-local potential energy
  Uxc0:   exchange-correlation energy for alpha spin
  Uxc1:   exchange-correlation energy for beta spin
  Ucore:  core-core Coulomb energy
  Uhub:   LDA+U energy
  Ucs:    constraint energy for spin orientation
  Uzs:    Zeeman term for spin magnetic moment
  Uzo:    Zeeman term for orbital magnetic moment
  Uef:    electric energy by electric field
  UvdW:   semi-empirical vdW energy
  Uch:    penalty term to create a core hole

  UpV:    pressure times volume
  Enpy:   Enthalpy = Utot + UpV
  (see also PRB 72, 045121(2005) for the energy contributions)



  Chemical potential (Hartree)      -0.266049196049

***********************************************************
***********************************************************
                  SCF history at MD=57                    
***********************************************************
***********************************************************

   SCF=   1  NormRD=  1.000000000000  Uele= -44.927260025824
   SCF=   2  NormRD=  0.000024047746  Uele= -44.927260465631
   SCF=   3  NormRD=  0.000016776552  Uele= -44.927259492043
   SCF=   4  NormRD=  0.000017317771  Uele= -44.927260820458
   SCF=   5  NormRD=  0.000011479903  Uele= -44.927259438606
   SCF=   6  NormRD=  0.000002178895  Uele= -44.927259893621
   SCF=   7  NormRD=  0.000002030358  Uele= -44.927259723798
   SCF=   8  NormRD=  0.000000215165  Uele= -44.927259846732
   SCF=   9  NormRD=  0.000000256003  Uele= -44.927259848145

*******************************************************
        Total energy (Hartree) at MD =57        
*******************************************************

  Uele.        -44.927259848145

  Ukin.         93.153703989699
  UH0.       -2493.530965021501
  UH1.           0.110219118334
  Una.        -125.368348745319
  Unl.          25.294187233746
  Uxc0.        -16.322992017597
  Uxc1.        -16.322992017597
  Ucore.      2348.937765905755
  Uhub.          0.000000000000
  Ucs.           0.000000000000
  Uzs.           0.000000000000
  Uzo.           0.000000000000
  Uef.           0.000000000000
  UvdW.          0.000000000000
  Uch.           0.000000000000
  Utot.       -184.049421554480

  UpV.           0.000000000000
  Enpy.       -184.049421554480
  Note:

  Utot = Ukin+UH0+UH1+Una+Unl+Uxc0+Uxc1+Ucore+Uhub+Ucs+Uzs+Uzo+Uef+UvdW+Uch

  Uele:   band energy
  Ukin:   kinetic energy
  UH0:    electric part of screened Coulomb energy
  UH1:    difference electron-electron Coulomb energy
  Una:    neutral atom potential energy
  Unl:    non-local potential energy
  Uxc0:   exchange-correlation energy for alpha spin
  Uxc1:   exchange-correlation energy for beta spin
  Ucore:  core-core Coulomb energy
  Uhub:   LDA+U energy
  Ucs:    constraint energy for spin orientation
  Uzs:    Zeeman term for spin magnetic moment
  Uzo:    Zeeman term for orbital magnetic moment
  Uef:    electric energy by electric field
  UvdW:   semi-empirical vdW energy
  Uch:    penalty term to create a core hole

  UpV:    pressure times volume
  Enpy:   Enthalpy = Utot + UpV
  (see also PRB 72, 045121(2005) for the energy contributions)



  Chemical potential (Hartree)      -0.266048517660

***********************************************************
***********************************************************
                  SCF history at MD=58                    
***********************************************************
***********************************************************

   SCF=   1  NormRD=  1.000000000000  Uele= -44.927254172346
   SCF=   2  NormRD=  0.000033842014  Uele= -44.927255119295
   SCF=   3  NormRD=  0.000025501229  Uele= -44.927253683380
   SCF=   4  NormRD=  0.000021568980  Uele= -44.927255592931
   SCF=   5  NormRD=  0.000015025017  Uele= -44.927253794673
   SCF=   6  NormRD=  0.000002974563  Uele= -44.927254411574
   SCF=   7  NormRD=  0.000002457105  Uele= -44.927254139991
   SCF=   8  NormRD=  0.000000274173  Uele= -44.927254325479
   SCF=   9  NormRD=  0.000000322634  Uele= -44.927254314460
   SCF=  10  NormRD=  0.000000017720  Uele= -44.927254319951

*******************************************************
        Total energy (Hartree) at MD =58        
*******************************************************

  Uele.        -44.927254319951

  Ukin.         93.153731536317
  UH0.       -2493.531042017616
  UH1.           0.110218475111
  Una.        -125.368384094656
  Unl.          25.294185350501
  Uxc0.        -16.322994367885
  Uxc1.        -16.322994367885
  Ucore.      2348.937857938767
  Uhub.          0.000000000000
  Ucs.           0.000000000000
  Uzs.           0.000000000000
  Uzo.           0.000000000000
  Uef.           0.000000000000
  UvdW.          0.000000000000
  Uch.           0.000000000000
  Utot.       -184.049421547346

  UpV.           0.000000000000
  Enpy.       -184.049421547346
  Note:

  Utot = Ukin+UH0+UH1+Una+Unl+Uxc0+Uxc1+Ucore+Uhub+Ucs+Uzs+Uzo+Uef+UvdW+Uch

  Uele:   band energy
  Ukin:   kinetic energy
  UH0:    electric part of screened Coulomb energy
  UH1:    difference electron-electron Coulomb energy
  Una:    neutral atom potential energy
  Unl:    non-local potential energy
  Uxc0:   exchange-correlation energy for alpha spin
  Uxc1:   exchange-correlation energy for beta spin
  Ucore:  core-core Coulomb energy
  Uhub:   LDA+U energy
  Ucs:    constraint energy for spin orientation
  Uzs:    Zeeman term for spin magnetic moment
  Uzo:    Zeeman term for orbital magnetic moment
  Uef:    electric energy by electric field
  UvdW:   semi-empirical vdW energy
  Uch:    penalty term to create a core hole

  UpV:    pressure times volume
  Enpy:   Enthalpy = Utot + UpV
  (see also PRB 72, 045121(2005) for the energy contributions)



  Chemical potential (Hartree)      -0.266048631854

***********************************************************
***********************************************************
                  SCF history at MD=59                    
***********************************************************
***********************************************************

   SCF=   1  NormRD=  1.000000000000  Uele= -44.927268890125
   SCF=   2  NormRD=  0.000048602231  Uele= -44.927271781068
   SCF=   3  NormRD=  0.000033108942  Uele= -44.927270528064
   SCF=   4  NormRD=  0.000042291894  Uele= -44.927274555794
   SCF=   5  NormRD=  0.000023056490  Uele= -44.927271360099
   SCF=   6  NormRD=  0.000004657167  Uele= -44.927271804759
   SCF=   7  NormRD=  0.000004342166  Uele= -44.927271720246
   SCF=   8  NormRD=  0.000000463107  Uele= -44.927271884841
   SCF=   9  NormRD=  0.000000572240  Uele= -44.927271901508
   SCF=  10  NormRD=  0.000000029283  Uele= -44.927271910040

*******************************************************
        Total energy (Hartree) at MD =59        
*******************************************************

  Uele.        -44.927271910040

  Ukin.         93.153658316026
  UH0.       -2493.531261376238
  UH1.           0.110221343957
  Una.        -125.368305872203
  Unl.          25.294201239522
  Uxc0.        -16.322988438979
  Uxc1.        -16.322988438979
  Ucore.      2348.938042152084
  Uhub.          0.000000000000
  Ucs.           0.000000000000
  Uzs.           0.000000000000
  Uzo.           0.000000000000
  Uef.           0.000000000000
  UvdW.          0.000000000000
  Uch.           0.000000000000
  Utot.       -184.049421074810

  UpV.           0.000000000000
  Enpy.       -184.049421074810
  Note:

  Utot = Ukin+UH0+UH1+Una+Unl+Uxc0+Uxc1+Ucore+Uhub+Ucs+Uzs+Uzo+Uef+UvdW+Uch

  Uele:   band energy
  Ukin:   kinetic energy
  UH0:    electric part of screened Coulomb energy
  UH1:    difference electron-electron Coulomb energy
  Una:    neutral atom potential energy
  Unl:    non-local potential energy
  Uxc0:   exchange-correlation energy for alpha spin
  Uxc1:   exchange-correlation energy for beta spin
  Ucore:  core-core Coulomb energy
  Uhub:   LDA+U energy
  Ucs:    constraint energy for spin orientation
  Uzs:    Zeeman term for spin magnetic moment
  Uzo:    Zeeman term for orbital magnetic moment
  Uef:    electric energy by electric field
  UvdW:   semi-empirical vdW energy
  Uch:    penalty term to create a core hole

  UpV:    pressure times volume
  Enpy:   Enthalpy = Utot + UpV
  (see also PRB 72, 045121(2005) for the energy contributions)



  Chemical potential (Hartree)      -0.266050678393

***********************************************************
***********************************************************
                  SCF history at MD=60                    
***********************************************************
***********************************************************

   SCF=   1  NormRD=  1.000000000000  Uele= -44.927253618796
   SCF=   2  NormRD=  0.000059486108  Uele= -44.927252842995
   SCF=   3  NormRD=  0.000036755030  Uele= -44.927252320783
   SCF=   4  NormRD=  0.000052788802  Uele= -44.927252412271
   SCF=   5  NormRD=  0.000028799761  Uele= -44.927252150415
   SCF=   6  NormRD=  0.000005088161  Uele= -44.927252139947
   SCF=   7  NormRD=  0.000005056153  Uele= -44.927252172799
   SCF=   8  NormRD=  0.000000405127  Uele= -44.927252151519
   SCF=   9  NormRD=  0.000000318107  Uele= -44.927252169270
   SCF=  10  NormRD=  0.000000025116  Uele= -44.927252158994
   SCF=  11  NormRD=  0.000000008723  Uele= -44.927252157229

*******************************************************
        Total energy (Hartree) at MD =60        
*******************************************************

  Uele.        -44.927252157229

  Ukin.         93.153751100397
  UH0.       -2483.245488716956
  UH1.           0.110218327423
  Una.        -125.368414419865
  Unl.          25.294186994255
  Uxc0.        -16.322996017122
  Uxc1.        -16.322996017122
  Ucore.      2338.652317589355
  Uhub.          0.000000000000
  Ucs.           0.000000000000
  Uzs.           0.000000000000
  Uzo.           0.000000000000
  Uef.           0.000000000000
  UvdW.          0.000000000000
  Uch.           0.000000000000
  Utot.       -184.049421159636

  UpV.           0.000000000000
  Enpy.       -184.049421159636
  Note:

  Utot = Ukin+UH0+UH1+Una+Unl+Uxc0+Uxc1+Ucore+Uhub+Ucs+Uzs+Uzo+Uef+UvdW+Uch

  Uele:   band energy
  Ukin:   kinetic energy
  UH0:    electric part of screened Coulomb energy
  UH1:    difference electron-electron Coulomb energy
  Una:    neutral atom potential energy
  Unl:    non-local potential energy
  Uxc0:   exchange-correlation energy for alpha spin
  Uxc1:   exchange-correlation energy for beta spin
  Ucore:  core-core Coulomb energy
  Uhub:   LDA+U energy
  Ucs:    constraint energy for spin orientation
  Uzs:    Zeeman term for spin magnetic moment
  Uzo:    Zeeman term for orbital magnetic moment
  Uef:    electric energy by electric field
  UvdW:   semi-empirical vdW energy
  Uch:    penalty term to create a core hole

  UpV:    pressure times volume
  Enpy:   Enthalpy = Utot + UpV
  (see also PRB 72, 045121(2005) for the energy contributions)



  Chemical potential (Hartree)      -0.266049409071

***********************************************************
***********************************************************
                  SCF history at MD=61                    
***********************************************************
***********************************************************

   SCF=   1  NormRD=  1.000000000000  Uele= -44.927243806823
   SCF=   2  NormRD=  0.000044486575  Uele= -44.927244734390
   SCF=   3  NormRD=  0.000027090870  Uele= -44.927244144848
   SCF=   4  NormRD=  0.000040803549  Uele= -44.927245896169
   SCF=   5  NormRD=  0.000021293730  Uele= -44.927244288645
   SCF=   6  NormRD=  0.000003938563  Uele= -44.927244581534
   SCF=   7  NormRD=  0.000003897830  Uele= -44.927244540792
   SCF=   8  NormRD=  0.000000352290  Uele= -44.927244609468
   SCF=   9  NormRD=  0.000000417506  Uele= -44.927244626112
   SCF=  10  NormRD=  0.000000029638  Uele= -44.927244622082

*******************************************************
        Total energy (Hartree) at MD =61        
*******************************************************

  Uele.        -44.927244622082

  Ukin.         93.153781781839
  UH0.       -2493.530978147660
  UH1.           0.110217019155
  Una.        -125.368446009083
  Unl.          25.294179231781
  Uxc0.        -16.322998437474
  Uxc1.        -16.322998437474
  Ucore.      2348.937821634760
  Uhub.          0.000000000000
  Ucs.           0.000000000000
  Uzs.           0.000000000000
  Uzo.           0.000000000000
  Uef.           0.000000000000
  UvdW.          0.000000000000
  Uch.           0.000000000000
  Utot.       -184.049421364157

  UpV.           0.000000000000
  Enpy.       -184.049421364157
  Note:

  Utot = Ukin+UH0+UH1+Una+Unl+Uxc0+Uxc1+Ucore+Uhub+Ucs+Uzs+Uzo+Uef+UvdW+Uch

  Uele:   band energy
  Ukin:   kinetic energy
  UH0:    electric part of screened Coulomb energy
  UH1:    difference electron-electron Coulomb energy
  Una:    neutral atom potential energy
  Unl:    non-local potential energy
  Uxc0:   exchange-correlation energy for alpha spin
  Uxc1:   exchange-correlation energy for beta spin
  Ucore:  core-core Coulomb energy
  Uhub:   LDA+U energy
  Ucs:    constraint energy for spin orientation
  Uzs:    Zeeman term for spin magnetic moment
  Uzo:    Zeeman term for orbital magnetic moment
  Uef:    electric energy by electric field
  UvdW:   semi-empirical vdW energy
  Uch:    penalty term to create a core hole

  UpV:    pressure times volume
  Enpy:   Enthalpy = Utot + UpV
  (see also PRB 72, 045121(2005) for the energy contributions)



  Chemical potential (Hartree)      -0.266048365193

***********************************************************
***********************************************************
                  SCF history at MD=62                    
***********************************************************
***********************************************************

   SCF=   1  NormRD=  1.000000000000  Uele= -44.927215935936
   SCF=   2  NormRD=  0.000038898523  Uele= -44.927213570087
   SCF=   3  NormRD=  0.000020247066  Uele= -44.927211915200
   SCF=   4  NormRD=  0.000047921316  Uele= -44.927212547528
   SCF=   5  NormRD=  0.000011631768  Uele= -44.927211221759
   SCF=   6  NormRD=  0.000004797794  Uele= -44.927211283361
   SCF=   7  NormRD=  0.000003131369  Uele= -44.927211364172
   SCF=   8  NormRD=  0.000000229743  Uele= -44.927211324176
   SCF=   9  NormRD=  0.000000295815  Uele= -44.927211341104
   SCF=  10  NormRD=  0.000000027414  Uele= -44.927211328767
   SCF=  11  NormRD=  0.000000007091  Uele= -44.927211328973

*******************************************************
        Total energy (Hartree) at MD =62        
*******************************************************

  Uele.        -44.927211328973

  Ukin.         93.153929436028
  UH0.       -2493.530580654545
  UH1.           0.110211675325
  Una.        -125.368611115044
  Unl.          25.294151225956
  Uxc0.        -16.323010383831
  Uxc1.        -16.323010383831
  Ucore.      2348.937498378946
  Uhub.          0.000000000000
  Ucs.           0.000000000000
  Uzs.           0.000000000000
  Uzo.           0.000000000000
  Uef.           0.000000000000
  UvdW.          0.000000000000
  Uch.           0.000000000000
  Utot.       -184.049421820994

  UpV.           0.000000000000
  Enpy.       -184.049421820994
  Note:

  Utot = Ukin+UH0+UH1+Una+Unl+Uxc0+Uxc1+Ucore+Uhub+Ucs+Uzs+Uzo+Uef+UvdW+Uch

  Uele:   band energy
  Ukin:   kinetic energy
  UH0:    electric part of screened Coulomb energy
  UH1:    difference electron-electron Coulomb energy
  Una:    neutral atom potential energy
  Unl:    non-local potential energy
  Uxc0:   exchange-correlation energy for alpha spin
  Uxc1:   exchange-correlation energy for beta spin
  Ucore:  core-core Coulomb energy
  Uhub:   LDA+U energy
  Ucs:    constraint energy for spin orientation
  Uzs:    Zeeman term for spin magnetic moment
  Uzo:    Zeeman term for orbital magnetic moment
  Uef:    electric energy by electric field
  UvdW:   semi-empirical vdW energy
  Uch:    penalty term to create a core hole

  UpV:    pressure times volume
  Enpy:   Enthalpy = Utot + UpV
  (see also PRB 72, 045121(2005) for the energy contributions)



  Chemical potential (Hartree)      -0.266044985665

***********************************************************
***********************************************************
                  SCF history at MD=63                    
***********************************************************
***********************************************************

   SCF=   1  NormRD=  1.000000000000  Uele= -44.927228077224
   SCF=   2  NormRD=  0.000020652532  Uele= -44.927227705287
   SCF=   3  NormRD=  0.000010666724  Uele= -44.927227315184
   SCF=   4  NormRD=  0.000022837969  Uele= -44.927227735035
   SCF=   5  NormRD=  0.000007187353  Uele= -44.927227145455
   SCF=   6  NormRD=  0.000002459059  Uele= -44.927227282893
   SCF=   7  NormRD=  0.000001799447  Uele= -44.927227255767
   SCF=   8  NormRD=  0.000000155583  Uele= -44.927227268017
   SCF=   9  NormRD=  0.000000130326  Uele= -44.927227277015

*******************************************************
        Total energy (Hartree) at MD =63        
*******************************************************

  Uele.        -44.927227277015

  Ukin.         93.153858382091
  UH0.       -2493.530726263664
  UH1.           0.110214085200
  Una.        -125.368529666884
  Unl.          25.294162988696
  Uxc0.        -16.323004615376
  Uxc1.        -16.323004615376
  Ucore.      2348.937607939827
  Uhub.          0.000000000000
  Ucs.           0.000000000000
  Uzs.           0.000000000000
  Uzo.           0.000000000000
  Uef.           0.000000000000
  UvdW.          0.000000000000
  Uch.           0.000000000000
  Utot.       -184.049421765487

  UpV.           0.000000000000
  Enpy.       -184.049421765487
  Note:

  Utot = Ukin+UH0+UH1+Una+Unl+Uxc0+Uxc1+Ucore+Uhub+Ucs+Uzs+Uzo+Uef+UvdW+Uch

  Uele:   band energy
  Ukin:   kinetic energy
  UH0:    electric part of screened Coulomb energy
  UH1:    difference electron-electron Coulomb energy
  Una:    neutral atom potential energy
  Unl:    non-local potential energy
  Uxc0:   exchange-correlation energy for alpha spin
  Uxc1:   exchange-correlation energy for beta spin
  Ucore:  core-core Coulomb energy
  Uhub:   LDA+U energy
  Ucs:    constraint energy for spin orientation
  Uzs:    Zeeman term for spin magnetic moment
  Uzo:    Zeeman term for orbital magnetic moment
  Uef:    electric energy by electric field
  UvdW:   semi-empirical vdW energy
  Uch:    penalty term to create a core hole

  UpV:    pressure times volume
  Enpy:   Enthalpy = Utot + UpV
  (see also PRB 72, 045121(2005) for the energy contributions)



  Chemical potential (Hartree)      -0.266046287001

***********************************************************
***********************************************************
                  SCF history at MD=64                    
***********************************************************
***********************************************************

   SCF=   1  NormRD=  1.000000000000  Uele= -44.927201173995
   SCF=   2  NormRD=  0.000022079520  Uele= -44.927199842351
   SCF=   3  NormRD=  0.000014140581  Uele= -44.927197982525
   SCF=   4  NormRD=  0.000022736227  Uele= -44.927199207272
   SCF=   5  NormRD=  0.000008533239  Uele= -44.927197586001
   SCF=   6  NormRD=  0.000003021793  Uele= -44.927197700884
   SCF=   7  NormRD=  0.000002056047  Uele= -44.927197793838
   SCF=   8  NormRD=  0.000000143167  Uele= -44.927197776080
   SCF=   9  NormRD=  0.000000205813  Uele= -44.927197792831
   SCF=  10  NormRD=  0.000000014175  Uele= -44.927197785156

*******************************************************
        Total energy (Hartree) at MD =64        
*******************************************************

  Uele.        -44.927197785156

  Ukin.         93.153992613235
  UH0.       -2493.530521009238
  UH1.           0.110209679283
  Una.        -125.368684341509
  Unl.          25.294141313317
  Uxc0.        -16.323015576905
  Uxc1.        -16.323015576905
  Ucore.      2348.937470999189
  Uhub.          0.000000000000
  Ucs.           0.000000000000
  Uzs.           0.000000000000
  Uzo.           0.000000000000
  Uef.           0.000000000000
  UvdW.          0.000000000000
  Uch.           0.000000000000
  Utot.       -184.049421899533

  UpV.           0.000000000000
  Enpy.       -184.049421899533
  Note:

  Utot = Ukin+UH0+UH1+Una+Unl+Uxc0+Uxc1+Ucore+Uhub+Ucs+Uzs+Uzo+Uef+UvdW+Uch

  Uele:   band energy
  Ukin:   kinetic energy
  UH0:    electric part of screened Coulomb energy
  UH1:    difference electron-electron Coulomb energy
  Una:    neutral atom potential energy
  Unl:    non-local potential energy
  Uxc0:   exchange-correlation energy for alpha spin
  Uxc1:   exchange-correlation energy for beta spin
  Ucore:  core-core Coulomb energy
  Uhub:   LDA+U energy
  Ucs:    constraint energy for spin orientation
  Uzs:    Zeeman term for spin magnetic moment
  Uzo:    Zeeman term for orbital magnetic moment
  Uef:    electric energy by electric field
  UvdW:   semi-empirical vdW energy
  Uch:    penalty term to create a core hole

  UpV:    pressure times volume
  Enpy:   Enthalpy = Utot + UpV
  (see also PRB 72, 045121(2005) for the energy contributions)



  Chemical potential (Hartree)      -0.266043846045

***********************************************************
***********************************************************
                  SCF history at MD=65                    
***********************************************************
***********************************************************

   SCF=   1  NormRD=  1.000000000000  Uele= -44.927252814384
   SCF=   2  NormRD=  0.000551525654  Uele= -44.927208176017
   SCF=   3  NormRD=  0.000281151223  Uele= -44.927198695637
   SCF=   4  NormRD=  0.000615851907  Uele= -44.927154611016
   SCF=   5  NormRD=  0.000085238407  Uele= -44.927184485471
   SCF=   6  NormRD=  0.000060551782  Uele= -44.927183290216
   SCF=   7  NormRD=  0.000021614179  Uele= -44.927181904995
   SCF=   8  NormRD=  0.000002875342  Uele= -44.927182475140
   SCF=   9  NormRD=  0.000001791059  Uele= -44.927182141795
   SCF=  10  NormRD=  0.000000241077  Uele= -44.927182178730
   SCF=  11  NormRD=  0.000000031218  Uele= -44.927182230626
   SCF=  12  NormRD=  0.000000026799  Uele= -44.927182224826

*******************************************************
        Total energy (Hartree) at MD =65        
*******************************************************

  Uele.        -44.927182224826

  Ukin.         93.154084625995
  UH0.       -2493.531370003718
  UH1.           0.110208679616
  Una.        -125.368805330775
  Unl.          25.294139844047
  Uxc0.        -16.323024337195
  Uxc1.        -16.323024337195
  Ucore.      2348.938368673021
  Uhub.          0.000000000000
  Ucs.           0.000000000000
  Uzs.           0.000000000000
  Uzo.           0.000000000000
  Uef.           0.000000000000
  UvdW.          0.000000000000
  Uch.           0.000000000000
  Utot.       -184.049422186204

  UpV.           0.000000000000
  Enpy.       -184.049422186204
  Note:

  Utot = Ukin+UH0+UH1+Una+Unl+Uxc0+Uxc1+Ucore+Uhub+Ucs+Uzs+Uzo+Uef+UvdW+Uch

  Uele:   band energy
  Ukin:   kinetic energy
  UH0:    electric part of screened Coulomb energy
  UH1:    difference electron-electron Coulomb energy
  Una:    neutral atom potential energy
  Unl:    non-local potential energy
  Uxc0:   exchange-correlation energy for alpha spin
  Uxc1:   exchange-correlation energy for beta spin
  Ucore:  core-core Coulomb energy
  Uhub:   LDA+U energy
  Ucs:    constraint energy for spin orientation
  Uzs:    Zeeman term for spin magnetic moment
  Uzo:    Zeeman term for orbital magnetic moment
  Uef:    electric energy by electric field
  UvdW:   semi-empirical vdW energy
  Uch:    penalty term to create a core hole

  UpV:    pressure times volume
  Enpy:   Enthalpy = Utot + UpV
  (see also PRB 72, 045121(2005) for the energy contributions)



  Chemical potential (Hartree)      -0.266042341591

***********************************************************
***********************************************************
                  SCF history at MD=66                    
***********************************************************
***********************************************************

   SCF=   1  NormRD=  1.000000000000  Uele= -44.927152572525
   SCF=   2  NormRD=  0.000034773483  Uele= -44.927152352289
   SCF=   3  NormRD=  0.000021092422  Uele= -44.927153721118
   SCF=   4  NormRD=  0.000034636226  Uele= -44.927151344076
   SCF=   5  NormRD=  0.000013695933  Uele= -44.927153931750
   SCF=   6  NormRD=  0.000003482085  Uele= -44.927153329772
   SCF=   7  NormRD=  0.000003110827  Uele= -44.927153457298
   SCF=   8  NormRD=  0.000000290767  Uele= -44.927153365528
   SCF=   9  NormRD=  0.000000354204  Uele= -44.927153334875
   SCF=  10  NormRD=  0.000000020102  Uele= -44.927153347554
   SCF=  11  NormRD=  0.000000005247  Uele= -44.927153349449

*******************************************************
        Total energy (Hartree) at MD =66        
*******************************************************

  Uele.        -44.927153349449

  Ukin.         93.154203581759
  UH0.       -2493.530533028249
  UH1.           0.110203404139
  Una.        -125.368932606457
  Unl.          25.294111334461
  Uxc0.        -16.323033297884
  Uxc1.        -16.323033297884
  Ucore.      2348.937591544730
  Uhub.          0.000000000000
  Ucs.           0.000000000000
  Uzs.           0.000000000000
  Uzo.           0.000000000000
  Uef.           0.000000000000
  UvdW.          0.000000000000
  Uch.           0.000000000000
  Utot.       -184.049422365385

  UpV.           0.000000000000
  Enpy.       -184.049422365385
  Note:

  Utot = Ukin+UH0+UH1+Una+Unl+Uxc0+Uxc1+Ucore+Uhub+Ucs+Uzs+Uzo+Uef+UvdW+Uch

  Uele:   band energy
  Ukin:   kinetic energy
  UH0:    electric part of screened Coulomb energy
  UH1:    difference electron-electron Coulomb energy
  Una:    neutral atom potential energy
  Unl:    non-local potential energy
  Uxc0:   exchange-correlation energy for alpha spin
  Uxc1:   exchange-correlation energy for beta spin
  Ucore:  core-core Coulomb energy
  Uhub:   LDA+U energy
  Ucs:    constraint energy for spin orientation
  Uzs:    Zeeman term for spin magnetic moment
  Uzo:    Zeeman term for orbital magnetic moment
  Uef:    electric energy by electric field
  UvdW:   semi-empirical vdW energy
  Uch:    penalty term to create a core hole

  UpV:    pressure times volume
  Enpy:   Enthalpy = Utot + UpV
  (see also PRB 72, 045121(2005) for the energy contributions)



  Chemical potential (Hartree)      -0.266040057088

***********************************************************
***********************************************************
                  SCF history at MD=67                    
***********************************************************
***********************************************************

   SCF=   1  NormRD=  1.000000000000  Uele= -44.927216763825
   SCF=   2  NormRD=  0.000013626109  Uele= -44.927218222871
   SCF=   3  NormRD=  0.000007620136  Uele= -44.927219220917
   SCF=   4  NormRD=  0.000020564103  Uele= -44.927218989667
   SCF=   5  NormRD=  0.000001953259  Uele= -44.927219560886
   SCF=   6  NormRD=  0.000002471326  Uele= -44.927219745318
   SCF=   7  NormRD=  0.000000119682  Uele= -44.927219604622
   SCF=   8  NormRD=  0.000000189658  Uele= -44.927219623442
   SCF=   9  NormRD=  0.000000022546  Uele= -44.927219613628

*******************************************************
        Total energy (Hartree) at MD =67        
*******************************************************

  Uele.        -44.927219613628

  Ukin.         93.153890504251
  UH0.       -2493.530597579075
  UH1.           0.110212858305
  Una.        -125.368565220489
  Unl.          25.294156646200
  Uxc0.        -16.323007136368
  Uxc1.        -16.323007136368
  Ucore.      2348.937495278077
  Uhub.          0.000000000000
  Ucs.           0.000000000000
  Uzs.           0.000000000000
  Uzo.           0.000000000000
  Uef.           0.000000000000
  UvdW.          0.000000000000
  Uch.           0.000000000000
  Utot.       -184.049421785466

  UpV.           0.000000000000
  Enpy.       -184.049421785466
  Note:

  Utot = Ukin+UH0+UH1+Una+Unl+Uxc0+Uxc1+Ucore+Uhub+Ucs+Uzs+Uzo+Uef+UvdW+Uch

  Uele:   band energy
  Ukin:   kinetic energy
  UH0:    electric part of screened Coulomb energy
  UH1:    difference electron-electron Coulomb energy
  Una:    neutral atom potential energy
  Unl:    non-local potential energy
  Uxc0:   exchange-correlation energy for alpha spin
  Uxc1:   exchange-correlation energy for beta spin
  Ucore:  core-core Coulomb energy
  Uhub:   LDA+U energy
  Ucs:    constraint energy for spin orientation
  Uzs:    Zeeman term for spin magnetic moment
  Uzo:    Zeeman term for orbital magnetic moment
  Uef:    electric energy by electric field
  UvdW:   semi-empirical vdW energy
  Uch:    penalty term to create a core hole

  UpV:    pressure times volume
  Enpy:   Enthalpy = Utot + UpV
  (see also PRB 72, 045121(2005) for the energy contributions)



  Chemical potential (Hartree)      -0.266045649673

***********************************************************
***********************************************************
                  SCF history at MD=68                    
***********************************************************
***********************************************************

   SCF=   1  NormRD=  1.000000000000  Uele= -44.927190087738
   SCF=   2  NormRD=  0.000023776768  Uele= -44.927191741850
   SCF=   3  NormRD=  0.000012484892  Uele= -44.927192834109
   SCF=   4  NormRD=  0.000028136629  Uele= -44.927192511841
   SCF=   5  NormRD=  0.000006787195  Uele= -44.927193408650
   SCF=   6  NormRD=  0.000003008658  Uele= -44.927193245276
   SCF=   7  NormRD=  0.000001882185  Uele= -44.927193266761
   SCF=   8  NormRD=  0.000000142839  Uele= -44.927193269352

*******************************************************
        Total energy (Hartree) at MD =68        
*******************************************************

  Uele.        -44.927193269352

  Ukin.         93.154016244036
  UH0.       -2493.530635647337
  UH1.           0.110209166649
  Una.        -125.368713461065
  Unl.          25.294139224816
  Uxc0.        -16.323017671425
  Uxc1.        -16.323017671425
  Ucore.      2348.937597869629
  Uhub.          0.000000000000
  Ucs.           0.000000000000
  Uzs.           0.000000000000
  Uzo.           0.000000000000
  Uef.           0.000000000000
  UvdW.          0.000000000000
  Uch.           0.000000000000
  Utot.       -184.049421946121

  UpV.           0.000000000000
  Enpy.       -184.049421946121
  Note:

  Utot = Ukin+UH0+UH1+Una+Unl+Uxc0+Uxc1+Ucore+Uhub+Ucs+Uzs+Uzo+Uef+UvdW+Uch

  Uele:   band energy
  Ukin:   kinetic energy
  UH0:    electric part of screened Coulomb energy
  UH1:    difference electron-electron Coulomb energy
  Una:    neutral atom potential energy
  Unl:    non-local potential energy
  Uxc0:   exchange-correlation energy for alpha spin
  Uxc1:   exchange-correlation energy for beta spin
  Ucore:  core-core Coulomb energy
  Uhub:   LDA+U energy
  Ucs:    constraint energy for spin orientation
  Uzs:    Zeeman term for spin magnetic moment
  Uzo:    Zeeman term for orbital magnetic moment
  Uef:    electric energy by electric field
  UvdW:   semi-empirical vdW energy
  Uch:    penalty term to create a core hole

  UpV:    pressure times volume
  Enpy:   Enthalpy = Utot + UpV
  (see also PRB 72, 045121(2005) for the energy contributions)



  Chemical potential (Hartree)      -0.266043374811

***********************************************************
***********************************************************
                  SCF history at MD=69                    
***********************************************************
***********************************************************

   SCF=   1  NormRD=  1.000000000000  Uele= -44.927152798890
   SCF=   2  NormRD=  0.000039231270  Uele= -44.927150944357
   SCF=   3  NormRD=  0.000022513702  Uele= -44.927151344701
   SCF=   4  NormRD=  0.000042784619  Uele= -44.927148556265
   SCF=   5  NormRD=  0.000013572549  Uele= -44.927150937566
   SCF=   6  NormRD=  0.000004402096  Uele= -44.927150571667
   SCF=   7  NormRD=  0.000003464636  Uele= -44.927150625660
   SCF=   8  NormRD=  0.000000312428  Uele= -44.927150562553
   SCF=   9  NormRD=  0.000000407840  Uele= -44.927150532588
   SCF=  10  NormRD=  0.000000028235  Uele= -44.927150540537

*******************************************************
        Total energy (Hartree) at MD =69        
*******************************************************

  Uele.        -44.927150540537

  Ukin.         93.154224652916
  UH0.       -2493.530953539823
  UH1.           0.110203450579
  Una.        -125.368961797670
  Unl.          25.294112719174
  Uxc0.        -16.323035595019
  Uxc1.        -16.323035595019
  Ucore.      2348.938023069870
  Uhub.          0.000000000000
  Ucs.           0.000000000000
  Uzs.           0.000000000000
  Uzo.           0.000000000000
  Uef.           0.000000000000
  UvdW.          0.000000000000
  Uch.           0.000000000000
  Utot.       -184.049422634992

  UpV.           0.000000000000
  Enpy.       -184.049422634992
  Note:

  Utot = Ukin+UH0+UH1+Una+Unl+Uxc0+Uxc1+Ucore+Uhub+Ucs+Uzs+Uzo+Uef+UvdW+Uch

  Uele:   band energy
  Ukin:   kinetic energy
  UH0:    electric part of screened Coulomb energy
  UH1:    difference electron-electron Coulomb energy
  Una:    neutral atom potential energy
  Unl:    non-local potential energy
  Uxc0:   exchange-correlation energy for alpha spin
  Uxc1:   exchange-correlation energy for beta spin
  Ucore:  core-core Coulomb energy
  Uhub:   LDA+U energy
  Ucs:    constraint energy for spin orientation
  Uzs:    Zeeman term for spin magnetic moment
  Uzo:    Zeeman term for orbital magnetic moment
  Uef:    electric energy by electric field
  UvdW:   semi-empirical vdW energy
  Uch:    penalty term to create a core hole

  UpV:    pressure times volume
  Enpy:   Enthalpy = Utot + UpV
  (see also PRB 72, 045121(2005) for the energy contributions)



  Chemical potential (Hartree)      -0.266039552464

***********************************************************
***********************************************************
                  SCF history at MD=70                    
***********************************************************
***********************************************************

   SCF=   1  NormRD=  1.000000000000  Uele= -44.927139259533
   SCF=   2  NormRD=  0.001096221349  Uele= -44.927137312740
   SCF=   3  NormRD=  0.000556444121  Uele= -44.927147788573
   SCF=   4  NormRD=  0.001100920099  Uele= -44.927098953245
   SCF=   5  NormRD=  0.000075789201  Uele= -44.927146653621
   SCF=   6  NormRD=  0.000132528637  Uele= -44.927145439480
   SCF=   7  NormRD=  0.000008082803  Uele= -44.927144524586
   SCF=   8  NormRD=  0.000010177693  Uele= -44.927145334851
   SCF=   9  NormRD=  0.000002204033  Uele= -44.927144638431
   SCF=  10  NormRD=  0.000000362476  Uele= -44.927144742621
   SCF=  11  NormRD=  0.000000026217  Uele= -44.927144762305
   SCF=  12  NormRD=  0.000000025508  Uele= -44.927144758920

*******************************************************
        Total energy (Hartree) at MD =70        
*******************************************************

  Uele.        -44.927144758920

  Ukin.         93.154230409053
  UH0.       -2483.244287174631
  UH1.           0.110201786487
  Una.        -125.368958346226
  Unl.          25.294102259997
  Uxc0.        -16.323034792459
  Uxc1.        -16.323034792459
  Ucore.      2338.651358612966
  Uhub.          0.000000000000
  Ucs.           0.000000000000
  Uzs.           0.000000000000
  Uzo.           0.000000000000
  Uef.           0.000000000000
  UvdW.          0.000000000000
  Uch.           0.000000000000
  Utot.       -184.049422037271

  UpV.           0.000000000000
  Enpy.       -184.049422037271
  Note:

  Utot = Ukin+UH0+UH1+Una+Unl+Uxc0+Uxc1+Ucore+Uhub+Ucs+Uzs+Uzo+Uef+UvdW+Uch

  Uele:   band energy
  Ukin:   kinetic energy
  UH0:    electric part of screened Coulomb energy
  UH1:    difference electron-electron Coulomb energy
  Una:    neutral atom potential energy
  Unl:    non-local potential energy
  Uxc0:   exchange-correlation energy for alpha spin
  Uxc1:   exchange-correlation energy for beta spin
  Ucore:  core-core Coulomb energy
  Uhub:   LDA+U energy
  Ucs:    constraint energy for spin orientation
  Uzs:    Zeeman term for spin magnetic moment
  Uzo:    Zeeman term for orbital magnetic moment
  Uef:    electric energy by electric field
  UvdW:   semi-empirical vdW energy
  Uch:    penalty term to create a core hole

  UpV:    pressure times volume
  Enpy:   Enthalpy = Utot + UpV
  (see also PRB 72, 045121(2005) for the energy contributions)



  Chemical potential (Hartree)      -0.266039707404

***********************************************************
***********************************************************
                  SCF history at MD=71                    
***********************************************************
***********************************************************

   SCF=   1  NormRD=  1.000000000000  Uele= -44.927247498946
   SCF=   2  NormRD=  0.000023165611  Uele= -44.927247064335
   SCF=   3  NormRD=  0.000012228650  Uele= -44.927246825241
   SCF=   4  NormRD=  0.000023456548  Uele= -44.927246906830
   SCF=   5  NormRD=  0.000010284181  Uele= -44.927246733176
   SCF=   6  NormRD=  0.000001891167  Uele= -44.927246751970
   SCF=   7  NormRD=  0.000001670542  Uele= -44.927246761352

*******************************************************
        Total energy (Hartree) at MD =71        
*******************************************************

  Uele.        -44.927246761352

  Ukin.         93.153753463249
  UH0.       -2483.244601604113
  UH1.           0.110216341269
  Una.        -125.368400058198
  Unl.          25.294172156911
  Uxc0.        -16.322995172863
  Uxc1.        -16.322995172863
  Ucore.      2338.651428752471
  Uhub.          0.000000000000
  Ucs.           0.000000000000
  Uzs.           0.000000000000
  Uzo.           0.000000000000
  Uef.           0.000000000000
  UvdW.          0.000000000000
  Uch.           0.000000000000
  Utot.       -184.049421294136

  UpV.           0.000000000000
  Enpy.       -184.049421294136
  Note:

  Utot = Ukin+UH0+UH1+Una+Unl+Uxc0+Uxc1+Ucore+Uhub+Ucs+Uzs+Uzo+Uef+UvdW+Uch

  Uele:   band energy
  Ukin:   kinetic energy
  UH0:    electric part of screened Coulomb energy
  UH1:    difference electron-electron Coulomb energy
  Una:    neutral atom potential energy
  Unl:    non-local potential energy
  Uxc0:   exchange-correlation energy for alpha spin
  Uxc1:   exchange-correlation energy for beta spin
  Ucore:  core-core Coulomb energy
  Uhub:   LDA+U energy
  Ucs:    constraint energy for spin orientation
  Uzs:    Zeeman term for spin magnetic moment
  Uzo:    Zeeman term for orbital magnetic moment
  Uef:    electric energy by electric field
  UvdW:   semi-empirical vdW energy
  Uch:    penalty term to create a core hole

  UpV:    pressure times volume
  Enpy:   Enthalpy = Utot + UpV
  (see also PRB 72, 045121(2005) for the energy contributions)



  Chemical potential (Hartree)      -0.266048123634

***********************************************************
***********************************************************
                  SCF history at MD=72                    
***********************************************************
***********************************************************

   SCF=   1  NormRD=  1.000000000000  Uele= -44.927199648500
   SCF=   2  NormRD=  0.000011659066  Uele= -44.927201203456
   SCF=   3  NormRD=  0.000007429738  Uele= -44.927201196722

*******************************************************
        Total energy (Hartree) at MD =72        
*******************************************************

  Uele.        -44.927201196722

  Ukin.         93.153967477057
  UH0.       -2493.530270479770
  UH1.           0.110210349853
  Una.        -125.368655325975
  Unl.          25.294145405424
  Uxc0.        -16.323013532098
  Uxc1.        -16.323013532098
  Ucore.      2348.937207232786
  Uhub.          0.000000000000
  Ucs.           0.000000000000
  Uzs.           0.000000000000
  Uzo.           0.000000000000
  Uef.           0.000000000000
  UvdW.          0.000000000000
  Uch.           0.000000000000
  Utot.       -184.049422404821

  UpV.           0.000000000000
  Enpy.       -184.049422404821
  Note:

  Utot = Ukin+UH0+UH1+Una+Unl+Uxc0+Uxc1+Ucore+Uhub+Ucs+Uzs+Uzo+Uef+UvdW+Uch

  Uele:   band energy
  Ukin:   kinetic energy
  UH0:    electric part of screened Coulomb energy
  UH1:    difference electron-electron Coulomb energy
  Una:    neutral atom potential energy
  Unl:    non-local potential energy
  Uxc0:   exchange-correlation energy for alpha spin
  Uxc1:   exchange-correlation energy for beta spin
  Ucore:  core-core Coulomb energy
  Uhub:   LDA+U energy
  Ucs:    constraint energy for spin orientation
  Uzs:    Zeeman term for spin magnetic moment
  Uzo:    Zeeman term for orbital magnetic moment
  Uef:    electric energy by electric field
  UvdW:   semi-empirical vdW energy
  Uch:    penalty term to create a core hole

  UpV:    pressure times volume
  Enpy:   Enthalpy = Utot + UpV
  (see also PRB 72, 045121(2005) for the energy contributions)



  Chemical potential (Hartree)      -0.266044261739

***********************************************************
***********************************************************
                  SCF history at MD=73                    
***********************************************************
***********************************************************

   SCF=   1  NormRD=  1.000000000000  Uele= -44.927173809770
   SCF=   2  NormRD=  0.000092507364  Uele= -44.927162239131
   SCF=   3  NormRD=  0.000111503413  Uele= -44.927171154825
   SCF=   4  NormRD=  0.000013235136  Uele= -44.927163215957
   SCF=   5  NormRD=  0.000020013963  Uele= -44.927164680098
   SCF=   6  NormRD=  0.000004874568  Uele= -44.927164419979
   SCF=   7  NormRD=  0.000002279618  Uele= -44.927164541329
   SCF=   8  NormRD=  0.000000855281  Uele= -44.927164399364
   SCF=   9  NormRD=  0.000000243341  Uele= -44.927164373249
   SCF=  10  NormRD=  0.000000064260  Uele= -44.927164348813
   SCF=  11  NormRD=  0.000000012848  Uele= -44.927164349313

*******************************************************
        Total energy (Hartree) at MD =73        
*******************************************************

  Uele.        -44.927164349313

  Ukin.         93.154152512595
  UH0.       -2493.530722173569
  UH1.           0.110205117771
  Una.        -125.368873194964
  Unl.          25.294119600066
  Uxc0.        -16.323029148939
  Uxc1.        -16.323029148939
  Ucore.      2348.937754208905
  Uhub.          0.000000000000
  Ucs.           0.000000000000
  Uzs.           0.000000000000
  Uzo.           0.000000000000
  Uef.           0.000000000000
  UvdW.          0.000000000000
  Uch.           0.000000000000
  Utot.       -184.049422227075

  UpV.           0.000000000000
  Enpy.       -184.049422227075
  Note:

  Utot = Ukin+UH0+UH1+Una+Unl+Uxc0+Uxc1+Ucore+Uhub+Ucs+Uzs+Uzo+Uef+UvdW+Uch

  Uele:   band energy
  Ukin:   kinetic energy
  UH0:    electric part of screened Coulomb energy
  UH1:    difference electron-electron Coulomb energy
  Una:    neutral atom potential energy
  Unl:    non-local potential energy
  Uxc0:   exchange-correlation energy for alpha spin
  Uxc1:   exchange-correlation energy for beta spin
  Ucore:  core-core Coulomb energy
  Uhub:   LDA+U energy
  Ucs:    constraint energy for spin orientation
  Uzs:    Zeeman term for spin magnetic moment
  Uzo:    Zeeman term for orbital magnetic moment
  Uef:    electric energy by electric field
  UvdW:   semi-empirical vdW energy
  Uch:    penalty term to create a core hole

  UpV:    pressure times volume
  Enpy:   Enthalpy = Utot + UpV
  (see also PRB 72, 045121(2005) for the energy contributions)



  Chemical potential (Hartree)      -0.266040694352

***********************************************************
***********************************************************
                  SCF history at MD=74                    
***********************************************************
***********************************************************

   SCF=   1  NormRD=  1.000000000000  Uele= -44.927168108195
   SCF=   2  NormRD=  0.000042265065  Uele= -44.927162488263
   SCF=   3  NormRD=  0.000052497717  Uele= -44.927166599089
   SCF=   4  NormRD=  0.000006628252  Uele= -44.927162736837
   SCF=   5  NormRD=  0.000005041270  Uele= -44.927163198176
   SCF=   6  NormRD=  0.000001883898  Uele= -44.927163347285
   SCF=   7  NormRD=  0.000000417368  Uele= -44.927163377908
   SCF=   8  NormRD=  0.000000313066  Uele= -44.927163313757
   SCF=   9  NormRD=  0.000000032598  Uele= -44.927163301347
   SCF=  10  NormRD=  0.000000030213  Uele= -44.927163295836

*******************************************************
        Total energy (Hartree) at MD =74        
*******************************************************

  Uele.        -44.927163295836

  Ukin.         93.154147359804
  UH0.       -2493.530210773978
  UH1.           0.110204639924
  Una.        -125.368863176879
  Unl.          25.294116520201
  Uxc0.        -16.323028221773
  Uxc1.        -16.323028221773
  Ucore.      2348.937239753644
  Uhub.          0.000000000000
  Ucs.           0.000000000000
  Uzs.           0.000000000000
  Uzo.           0.000000000000
  Uef.           0.000000000000
  UvdW.          0.000000000000
  Uch.           0.000000000000
  Utot.       -184.049422120829

  UpV.           0.000000000000
  Enpy.       -184.049422120829
  Note:

  Utot = Ukin+UH0+UH1+Una+Unl+Uxc0+Uxc1+Ucore+Uhub+Ucs+Uzs+Uzo+Uef+UvdW+Uch

  Uele:   band energy
  Ukin:   kinetic energy
  UH0:    electric part of screened Coulomb energy
  UH1:    difference electron-electron Coulomb energy
  Una:    neutral atom potential energy
  Unl:    non-local potential energy
  Uxc0:   exchange-correlation energy for alpha spin
  Uxc1:   exchange-correlation energy for beta spin
  Ucore:  core-core Coulomb energy
  Uhub:   LDA+U energy
  Ucs:    constraint energy for spin orientation
  Uzs:    Zeeman term for spin magnetic moment
  Uzo:    Zeeman term for orbital magnetic moment
  Uef:    electric energy by electric field
  UvdW:   semi-empirical vdW energy
  Uch:    penalty term to create a core hole

  UpV:    pressure times volume
  Enpy:   Enthalpy = Utot + UpV
  (see also PRB 72, 045121(2005) for the energy contributions)



  Chemical potential (Hartree)      -0.266041027525

***********************************************************
***********************************************************
                  SCF history at MD=75                    
***********************************************************
***********************************************************

   SCF=   1  NormRD=  1.000000000000  Uele= -44.927190037909
   SCF=   2  NormRD=  0.000012800716  Uele= -44.927188924926
   SCF=   3  NormRD=  0.000014241415  Uele= -44.927190204998
   SCF=   4  NormRD=  0.000003236073  Uele= -44.927189154422
   SCF=   5  NormRD=  0.000007013307  Uele= -44.927189611875
   SCF=   6  NormRD=  0.000000504584  Uele= -44.927189470836
   SCF=   7  NormRD=  0.000000461946  Uele= -44.927189435397
   SCF=   8  NormRD=  0.000000044396  Uele= -44.927189437280

*******************************************************
        Total energy (Hartree) at MD =75        
*******************************************************

  Uele.        -44.927189437280

  Ukin.         93.154023769196
  UH0.       -2493.530204891427
  UH1.           0.110208281173
  Una.        -125.368717449670
  Unl.          25.294133526734
  Uxc0.        -16.323017904934
  Uxc1.        -16.323017904934
  Ucore.      2348.937170536341
  Uhub.          0.000000000000
  Ucs.           0.000000000000
  Uzs.           0.000000000000
  Uzo.           0.000000000000
  Uef.           0.000000000000
  UvdW.          0.000000000000
  Uch.           0.000000000000
  Utot.       -184.049422037523

  UpV.           0.000000000000
  Enpy.       -184.049422037523
  Note:

  Utot = Ukin+UH0+UH1+Una+Unl+Uxc0+Uxc1+Ucore+Uhub+Ucs+Uzs+Uzo+Uef+UvdW+Uch

  Uele:   band energy
  Ukin:   kinetic energy
  UH0:    electric part of screened Coulomb energy
  UH1:    difference electron-electron Coulomb energy
  Una:    neutral atom potential energy
  Unl:    non-local potential energy
  Uxc0:   exchange-correlation energy for alpha spin
  Uxc1:   exchange-correlation energy for beta spin
  Ucore:  core-core Coulomb energy
  Uhub:   LDA+U energy
  Ucs:    constraint energy for spin orientation
  Uzs:    Zeeman term for spin magnetic moment
  Uzo:    Zeeman term for orbital magnetic moment
  Uef:    electric energy by electric field
  UvdW:   semi-empirical vdW energy
  Uch:    penalty term to create a core hole

  UpV:    pressure times volume
  Enpy:   Enthalpy = Utot + UpV
  (see also PRB 72, 045121(2005) for the energy contributions)



  Chemical potential (Hartree)      -0.266043232920

***********************************************************
***********************************************************
                  SCF history at MD=76                    
***********************************************************
***********************************************************

   SCF=   1  NormRD=  1.000000000000  Uele= -44.927193827034
   SCF=   2  NormRD=  0.000009490854  Uele= -44.927194126659
   SCF=   3  NormRD=  0.000004841333  Uele= -44.927194142201
   SCF=   4  NormRD=  0.000013806964  Uele= -44.927194665613
   SCF=   5  NormRD=  0.000001897226  Uele= -44.927194234382
   SCF=   6  NormRD=  0.000001215625  Uele= -44.927194248009
   SCF=   7  NormRD=  0.000000509439  Uele= -44.927194262010
   SCF=   8  NormRD=  0.000000061410  Uele= -44.927194260467

*******************************************************
        Total energy (Hartree) at MD =76        
*******************************************************

  Uele.        -44.927194260467

  Ukin.         93.154000011083
  UH0.       -2493.530177172416
  UH1.           0.110208938233
  Una.        -125.368689207490
  Unl.          25.294136626203
  Uxc0.        -16.323015876586
  Uxc1.        -16.323015876586
  Ucore.      2348.937130614426
  Uhub.          0.000000000000
  Ucs.           0.000000000000
  Uzs.           0.000000000000
  Uzo.           0.000000000000
  Uef.           0.000000000000
  UvdW.          0.000000000000
  Uch.           0.000000000000
  Utot.       -184.049421943133

  UpV.           0.000000000000
  Enpy.       -184.049421943133
  Note:

  Utot = Ukin+UH0+UH1+Una+Unl+Uxc0+Uxc1+Ucore+Uhub+Ucs+Uzs+Uzo+Uef+UvdW+Uch

  Uele:   band energy
  Ukin:   kinetic energy
  UH0:    electric part of screened Coulomb energy
  UH1:    difference electron-electron Coulomb energy
  Una:    neutral atom potential energy
  Unl:    non-local potential energy
  Uxc0:   exchange-correlation energy for alpha spin
  Uxc1:   exchange-correlation energy for beta spin
  Ucore:  core-core Coulomb energy
  Uhub:   LDA+U energy
  Ucs:    constraint energy for spin orientation
  Uzs:    Zeeman term for spin magnetic moment
  Uzo:    Zeeman term for orbital magnetic moment
  Uef:    electric energy by electric field
  UvdW:   semi-empirical vdW energy
  Uch:    penalty term to create a core hole

  UpV:    pressure times volume
  Enpy:   Enthalpy = Utot + UpV
  (see also PRB 72, 045121(2005) for the energy contributions)



  Chemical potential (Hartree)      -0.266043623326

***********************************************************
***********************************************************
                  SCF history at MD=77                    
***********************************************************
***********************************************************

   SCF=   1  NormRD=  1.000000000000  Uele= -44.927316175372
   SCF=   2  NormRD=  0.000827770844  Uele= -44.927199469823
   SCF=   3  NormRD=  0.000521655694  Uele= -44.927195529183
   SCF=   4  NormRD=  0.000843227161  Uele= -44.927076217980
   SCF=   5  NormRD=  0.000052982626  Uele= -44.927151171244
   SCF=   6  NormRD=  0.000086179301  Uele= -44.927147702981
   SCF=   7  NormRD=  0.000004398398  Uele= -44.927147642876
   SCF=   8  NormRD=  0.000006810779  Uele= -44.927146714579
   SCF=   9  NormRD=  0.000001211764  Uele= -44.927146456058
   SCF=  10  NormRD=  0.000000270515  Uele= -44.927146537925
   SCF=  11  NormRD=  0.000000151497  Uele= -44.927146686514
   SCF=  12  NormRD=  0.000000023909  Uele= -44.927146691118

*******************************************************
        Total energy (Hartree) at MD =77        
*******************************************************

  Uele.        -44.927146691118

  Ukin.         93.154243590641
  UH0.       -2493.530612759004
  UH1.           0.110202594462
  Una.        -125.368983157951
  Unl.          25.294108593110
  Uxc0.        -16.323036873437
  Uxc1.        -16.323036873437
  Ucore.      2348.937692323773
  Uhub.          0.000000000000
  Ucs.           0.000000000000
  Uzs.           0.000000000000
  Uzo.           0.000000000000
  Uef.           0.000000000000
  UvdW.          0.000000000000
  Uch.           0.000000000000
  Utot.       -184.049422561843

  UpV.           0.000000000000
  Enpy.       -184.049422561843
  Note:

  Utot = Ukin+UH0+UH1+Una+Unl+Uxc0+Uxc1+Ucore+Uhub+Ucs+Uzs+Uzo+Uef+UvdW+Uch

  Uele:   band energy
  Ukin:   kinetic energy
  UH0:    electric part of screened Coulomb energy
  UH1:    difference electron-electron Coulomb energy
  Una:    neutral atom potential energy
  Unl:    non-local potential energy
  Uxc0:   exchange-correlation energy for alpha spin
  Uxc1:   exchange-correlation energy for beta spin
  Ucore:  core-core Coulomb energy
  Uhub:   LDA+U energy
  Ucs:    constraint energy for spin orientation
  Uzs:    Zeeman term for spin magnetic moment
  Uzo:    Zeeman term for orbital magnetic moment
  Uef:    electric energy by electric field
  UvdW:   semi-empirical vdW energy
  Uch:    penalty term to create a core hole

  UpV:    pressure times volume
  Enpy:   Enthalpy = Utot + UpV
  (see also PRB 72, 045121(2005) for the energy contributions)



  Chemical potential (Hartree)      -0.266039771651

***********************************************************
***********************************************************
                  SCF history at MD=78                    
***********************************************************
***********************************************************

   SCF=   1  NormRD=  1.000000000000  Uele= -44.926955449712
   SCF=   2  NormRD=  0.001863551736  Uele= -44.927120843184
   SCF=   3  NormRD=  0.001009501075  Uele= -44.927139703607
   SCF=   4  NormRD=  0.001801434880  Uele= -44.927329220602
   SCF=   5  NormRD=  0.000129102744  Uele= -44.927201211059
   SCF=   6  NormRD=  0.000192917438  Uele= -44.927207115136
   SCF=   7  NormRD=  0.000016999265  Uele= -44.927205434929
   SCF=   8  NormRD=  0.000011506380  Uele= -44.927205541682
   SCF=   9  NormRD=  0.000006615801  Uele= -44.927206740779
   SCF=  10  NormRD=  0.000000450909  Uele= -44.927206550251
   SCF=  11  NormRD=  0.000000033436  Uele= -44.927206304988
   SCF=  12  NormRD=  0.000000008459  Uele= -44.927206314227

*******************************************************
        Total energy (Hartree) at MD =78        
*******************************************************

  Uele.        -44.927206314227

  Ukin.         93.153896227709
  UH0.       -2483.243927761125
  UH1.           0.110209870559
  Una.        -125.368549016539
  Unl.          25.294135615341
  Uxc0.        -16.323005752730
  Uxc1.        -16.323005752730
  Ucore.      2338.650825289980
  Uhub.          0.000000000000
  Ucs.           0.000000000000
  Uzs.           0.000000000000
  Uzo.           0.000000000000
  Uef.           0.000000000000
  UvdW.          0.000000000000
  Uch.           0.000000000000
  Utot.       -184.049421279537

  UpV.           0.000000000000
  Enpy.       -184.049421279537
  Note:

  Utot = Ukin+UH0+UH1+Una+Unl+Uxc0+Uxc1+Ucore+Uhub+Ucs+Uzs+Uzo+Uef+UvdW+Uch

  Uele:   band energy
  Ukin:   kinetic energy
  UH0:    electric part of screened Coulomb energy
  UH1:    difference electron-electron Coulomb energy
  Una:    neutral atom potential energy
  Unl:    non-local potential energy
  Uxc0:   exchange-correlation energy for alpha spin
  Uxc1:   exchange-correlation energy for beta spin
  Ucore:  core-core Coulomb energy
  Uhub:   LDA+U energy
  Ucs:    constraint energy for spin orientation
  Uzs:    Zeeman term for spin magnetic moment
  Uzo:    Zeeman term for orbital magnetic moment
  Uef:    electric energy by electric field
  UvdW:   semi-empirical vdW energy
  Uch:    penalty term to create a core hole

  UpV:    pressure times volume
  Enpy:   Enthalpy = Utot + UpV
  (see also PRB 72, 045121(2005) for the energy contributions)



  Chemical potential (Hartree)      -0.266044303395

***********************************************************
***********************************************************
                  SCF history at MD=79                    
***********************************************************
***********************************************************

   SCF=   1  NormRD=  1.000000000000  Uele= -44.927346630063
   SCF=   2  NormRD=  0.000053087995  Uele= -44.927336908694
   SCF=   3  NormRD=  0.000030731909  Uele= -44.927335302310
   SCF=   4  NormRD=  0.000065692877  Uele= -44.927326355205
   SCF=   5  NormRD=  0.000012786274  Uele= -44.927333078721
   SCF=   6  NormRD=  0.000003532982  Uele= -44.927332379857
   SCF=   7  NormRD=  0.000002344566  Uele= -44.927332165947
   SCF=   8  NormRD=  0.000000343011  Uele= -44.927332173216

*******************************************************
        Total energy (Hartree) at MD =79        
*******************************************************

  Uele.        -44.927332173216

  Ukin.         93.153301371155
  UH0.       -2483.244137722306
  UH1.           0.110227670002
  Una.        -125.367850664902
  Unl.          25.294220480703
  Uxc0.        -16.322956146280
  Uxc1.        -16.322956146280
  Ucore.      2338.650730754525
  Uhub.          0.000000000000
  Ucs.           0.000000000000
  Uzs.           0.000000000000
  Uzo.           0.000000000000
  Uef.           0.000000000000
  UvdW.          0.000000000000
  Uch.           0.000000000000
  Utot.       -184.049420403384

  UpV.           0.000000000000
  Enpy.       -184.049420403384
  Note:

  Utot = Ukin+UH0+UH1+Una+Unl+Uxc0+Uxc1+Ucore+Uhub+Ucs+Uzs+Uzo+Uef+UvdW+Uch

  Uele:   band energy
  Ukin:   kinetic energy
  UH0:    electric part of screened Coulomb energy
  UH1:    difference electron-electron Coulomb energy
  Una:    neutral atom potential energy
  Unl:    non-local potential energy
  Uxc0:   exchange-correlation energy for alpha spin
  Uxc1:   exchange-correlation energy for beta spin
  Ucore:  core-core Coulomb energy
  Uhub:   LDA+U energy
  Ucs:    constraint energy for spin orientation
  Uzs:    Zeeman term for spin magnetic moment
  Uzo:    Zeeman term for orbital magnetic moment
  Uef:    electric energy by electric field
  UvdW:   semi-empirical vdW energy
  Uch:    penalty term to create a core hole

  UpV:    pressure times volume
  Enpy:   Enthalpy = Utot + UpV
  (see also PRB 72, 045121(2005) for the energy contributions)



  Chemical potential (Hartree)      -0.266054831396

***********************************************************
***********************************************************
                  SCF history at MD=80                    
***********************************************************
***********************************************************

   SCF=   1  NormRD=  1.000000000000  Uele= -44.927003516423
   SCF=   2  NormRD=  0.000073283450  Uele= -44.926982676643
   SCF=   3  NormRD=  0.000060556829  Uele= -44.926981012638
   SCF=   4  NormRD=  0.000052018343  Uele= -44.926967890628
   SCF=   5  NormRD=  0.000021553493  Uele= -44.926974753621
   SCF=   6  NormRD=  0.000004388577  Uele= -44.926974325230
   SCF=   7  NormRD=  0.000003593126  Uele= -44.926974097068
   SCF=   8  NormRD=  0.000000490086  Uele= -44.926973797237
   SCF=   9  NormRD=  0.000000507234  Uele= -44.926973722071
   SCF=  10  NormRD=  0.000000039088  Uele= -44.926973670364
   SCF=  11  NormRD=  0.000000038367  Uele= -44.926973678633

*******************************************************
        Total energy (Hartree) at MD =80        
*******************************************************

  Uele.        -44.926973678633

  Ukin.         93.155067269199
  UH0.       -2493.530868057562
  UH1.           0.110179332842
  Una.        -125.369960495645
  Unl.          25.294000058223
  Uxc0.        -16.323106468461
  Uxc1.        -16.323106468461
  Ucore.      2348.938371008637
  Uhub.          0.000000000000
  Ucs.           0.000000000000
  Uzs.           0.000000000000
  Uzo.           0.000000000000
  Uef.           0.000000000000
  UvdW.          0.000000000000
  Uch.           0.000000000000
  Utot.       -184.049423821227

  UpV.           0.000000000000
  Enpy.       -184.049423821227
  Note:

  Utot = Ukin+UH0+UH1+Una+Unl+Uxc0+Uxc1+Ucore+Uhub+Ucs+Uzs+Uzo+Uef+UvdW+Uch

  Uele:   band energy
  Ukin:   kinetic energy
  UH0:    electric part of screened Coulomb energy
  UH1:    difference electron-electron Coulomb energy
  Una:    neutral atom potential energy
  Unl:    non-local potential energy
  Uxc0:   exchange-correlation energy for alpha spin
  Uxc1:   exchange-correlation energy for beta spin
  Ucore:  core-core Coulomb energy
  Uhub:   LDA+U energy
  Ucs:    constraint energy for spin orientation
  Uzs:    Zeeman term for spin magnetic moment
  Uzo:    Zeeman term for orbital magnetic moment
  Uef:    electric energy by electric field
  UvdW:   semi-empirical vdW energy
  Uch:    penalty term to create a core hole

  UpV:    pressure times volume
  Enpy:   Enthalpy = Utot + UpV
  (see also PRB 72, 045121(2005) for the energy contributions)



  Chemical potential (Hartree)      -0.266025636940

***********************************************************
***********************************************************
                  SCF history at MD=81                    
***********************************************************
***********************************************************

   SCF=   1  NormRD=  1.000000000000  Uele= -44.926867319520
   SCF=   2  NormRD=  0.000093254488  Uele= -44.926843926610
   SCF=   3  NormRD=  0.000070661088  Uele= -44.926842071905
   SCF=   4  NormRD=  0.000078314720  Uele= -44.926825598391
   SCF=   5  NormRD=  0.000025711750  Uele= -44.926835256037
   SCF=   6  NormRD=  0.000007188116  Uele= -44.926834443860
   SCF=   7  NormRD=  0.000005611534  Uele= -44.926834279927
   SCF=   8  NormRD=  0.000000635360  Uele= -44.926833908744
   SCF=   9  NormRD=  0.000000694861  Uele= -44.926833804348
   SCF=  10  NormRD=  0.000000024950  Uele= -44.926833760388
   SCF=  11  NormRD=  0.000000010137  Uele= -44.926833781288
   SCF=  12  NormRD=  0.000000003124  Uele= -44.926833781029

*******************************************************
        Total energy (Hartree) at MD =81        
*******************************************************

  Uele.        -44.926833781029

  Ukin.         93.155722552689
  UH0.       -2493.530957552766
  UH1.           0.110160666674
  Una.        -125.370736032258
  Unl.          25.293911937421
  Uxc0.        -16.323161823668
  Uxc1.        -16.323161823668
  Ucore.      2348.938797295292
  Uhub.          0.000000000000
  Ucs.           0.000000000000
  Uzs.           0.000000000000
  Uzo.           0.000000000000
  Uef.           0.000000000000
  UvdW.          0.000000000000
  Uch.           0.000000000000
  Utot.       -184.049424780284

  UpV.           0.000000000000
  Enpy.       -184.049424780284
  Note:

  Utot = Ukin+UH0+UH1+Una+Unl+Uxc0+Uxc1+Ucore+Uhub+Ucs+Uzs+Uzo+Uef+UvdW+Uch

  Uele:   band energy
  Ukin:   kinetic energy
  UH0:    electric part of screened Coulomb energy
  UH1:    difference electron-electron Coulomb energy
  Una:    neutral atom potential energy
  Unl:    non-local potential energy
  Uxc0:   exchange-correlation energy for alpha spin
  Uxc1:   exchange-correlation energy for beta spin
  Ucore:  core-core Coulomb energy
  Uhub:   LDA+U energy
  Ucs:    constraint energy for spin orientation
  Uzs:    Zeeman term for spin magnetic moment
  Uzo:    Zeeman term for orbital magnetic moment
  Uef:    electric energy by electric field
  UvdW:   semi-empirical vdW energy
  Uch:    penalty term to create a core hole

  UpV:    pressure times volume
  Enpy:   Enthalpy = Utot + UpV
  (see also PRB 72, 045121(2005) for the energy contributions)



  Chemical potential (Hartree)      -0.266014167737

***********************************************************
***********************************************************
                  SCF history at MD=82                    
***********************************************************
***********************************************************

   SCF=   1  NormRD=  1.000000000000  Uele= -44.926847249092
   SCF=   2  NormRD=  0.000171304642  Uele= -44.926798456975
   SCF=   3  NormRD=  0.000138825163  Uele= -44.926794082033
   SCF=   4  NormRD=  0.000109112531  Uele= -44.926766536542
   SCF=   5  NormRD=  0.000040680732  Uele= -44.926778561859
   SCF=   6  NormRD=  0.000009290220  Uele= -44.926778242926
   SCF=   7  NormRD=  0.000007353070  Uele= -44.926778064007
   SCF=   8  NormRD=  0.000001230773  Uele= -44.926777035662
   SCF=   9  NormRD=  0.000000860865  Uele= -44.926776925960
   SCF=  10  NormRD=  0.000000037557  Uele= -44.926776841618
   SCF=  11  NormRD=  0.000000063482  Uele= -44.926776873461
   SCF=  12  NormRD=  0.000000003394  Uele= -44.926776876574

*******************************************************
        Total energy (Hartree) at MD =82        
*******************************************************

  Uele.        -44.926776876574

  Ukin.         93.156040359112
  UH0.       -2493.531947995186
  UH1.           0.110153665505
  Una.        -125.371130736621
  Unl.          25.293884218128
  Uxc0.        -16.323189839380
  Uxc1.        -16.323189839380
  Ucore.      2348.939954868742
  Uhub.          0.000000000000
  Ucs.           0.000000000000
  Uzs.           0.000000000000
  Uzo.           0.000000000000
  Uef.           0.000000000000
  UvdW.          0.000000000000
  Uch.           0.000000000000
  Utot.       -184.049425299079

  UpV.           0.000000000000
  Enpy.       -184.049425299079
  Note:

  Utot = Ukin+UH0+UH1+Una+Unl+Uxc0+Uxc1+Ucore+Uhub+Ucs+Uzs+Uzo+Uef+UvdW+Uch

  Uele:   band energy
  Ukin:   kinetic energy
  UH0:    electric part of screened Coulomb energy
  UH1:    difference electron-electron Coulomb energy
  Una:    neutral atom potential energy
  Unl:    non-local potential energy
  Uxc0:   exchange-correlation energy for alpha spin
  Uxc1:   exchange-correlation energy for beta spin
  Ucore:  core-core Coulomb energy
  Uhub:   LDA+U energy
  Ucs:    constraint energy for spin orientation
  Uzs:    Zeeman term for spin magnetic moment
  Uzo:    Zeeman term for orbital magnetic moment
  Uef:    electric energy by electric field
  UvdW:   semi-empirical vdW energy
  Uch:    penalty term to create a core hole

  UpV:    pressure times volume
  Enpy:   Enthalpy = Utot + UpV
  (see also PRB 72, 045121(2005) for the energy contributions)



  Chemical potential (Hartree)      -0.266009838299

***********************************************************
***********************************************************
                  SCF history at MD=83                    
***********************************************************
***********************************************************

   SCF=   1  NormRD=  1.000000000000  Uele= -44.926982825616
   SCF=   2  NormRD=  0.000048066428  Uele= -44.926987948129
   SCF=   3  NormRD=  0.000028326118  Uele= -44.926990256868
   SCF=   4  NormRD=  0.000062783512  Uele= -44.926991561603
   SCF=   5  NormRD=  0.000006812095  Uele= -44.926991488277
   SCF=   6  NormRD=  0.000007163087  Uele= -44.926991682586
   SCF=   7  NormRD=  0.000000434190  Uele= -44.926991605042
   SCF=   8  NormRD=  0.000000604895  Uele= -44.926991652937
   SCF=   9  NormRD=  0.000000058368  Uele= -44.926991639183
   SCF=  10  NormRD=  0.000000031534  Uele= -44.926991638328

*******************************************************
        Total energy (Hartree) at MD =83        
*******************************************************

  Uele.        -44.926991638328

  Ukin.         93.155034469811
  UH0.       -2493.531938135133
  UH1.           0.110182329675
  Una.        -125.369940541417
  Unl.          25.294020384489
  Uxc0.        -16.323105018547
  Uxc1.        -16.323105018547
  Ucore.      2348.939427378811
  Uhub.          0.000000000000
  Ucs.           0.000000000000
  Uzs.           0.000000000000
  Uzo.           0.000000000000
  Uef.           0.000000000000
  UvdW.          0.000000000000
  Uch.           0.000000000000
  Utot.       -184.049424150859

  UpV.           0.000000000000
  Enpy.       -184.049424150859
  Note:

  Utot = Ukin+UH0+UH1+Una+Unl+Uxc0+Uxc1+Ucore+Uhub+Ucs+Uzs+Uzo+Uef+UvdW+Uch

  Uele:   band energy
  Ukin:   kinetic energy
  UH0:    electric part of screened Coulomb energy
  UH1:    difference electron-electron Coulomb energy
  Una:    neutral atom potential energy
  Unl:    non-local potential energy
  Uxc0:   exchange-correlation energy for alpha spin
  Uxc1:   exchange-correlation energy for beta spin
  Ucore:  core-core Coulomb energy
  Uhub:   LDA+U energy
  Ucs:    constraint energy for spin orientation
  Uzs:    Zeeman term for spin magnetic moment
  Uzo:    Zeeman term for orbital magnetic moment
  Uef:    electric energy by electric field
  UvdW:   semi-empirical vdW energy
  Uch:    penalty term to create a core hole

  UpV:    pressure times volume
  Enpy:   Enthalpy = Utot + UpV
  (see also PRB 72, 045121(2005) for the energy contributions)



  Chemical potential (Hartree)      -0.266027584491

***********************************************************
***********************************************************
                  SCF history at MD=84                    
***********************************************************
***********************************************************

   SCF=   1  NormRD=  1.000000000000  Uele= -44.926963343554
   SCF=   2  NormRD=  0.000048124319  Uele= -44.926967081555
   SCF=   3  NormRD=  0.000026168177  Uele= -44.926968715946
   SCF=   4  NormRD=  0.000066173388  Uele= -44.926969732707
   SCF=   5  NormRD=  0.000005547355  Uele= -44.926969679188
   SCF=   6  NormRD=  0.000005979300  Uele= -44.926969777729
   SCF=   7  NormRD=  0.000001092340  Uele= -44.926969719582
   SCF=   8  NormRD=  0.000000416758  Uele= -44.926969756537
   SCF=   9  NormRD=  0.000000057574  Uele= -44.926969754104

*******************************************************
        Total energy (Hartree) at MD =84        
*******************************************************

  Uele.        -44.926969754104

  Ukin.         93.155151810107
  UH0.       -2493.532246234029
  UH1.           0.110179505998
  Una.        -125.370084407060
  Unl.          25.294008952651
  Uxc0.        -16.323115202481
  Uxc1.        -16.323115202481
  Ucore.      2348.939796565183
  Uhub.          0.000000000000
  Ucs.           0.000000000000
  Uzs.           0.000000000000
  Uzo.           0.000000000000
  Uef.           0.000000000000
  UvdW.          0.000000000000
  Uch.           0.000000000000
  Utot.       -184.049424212113

  UpV.           0.000000000000
  Enpy.       -184.049424212113
  Note:

  Utot = Ukin+UH0+UH1+Una+Unl+Uxc0+Uxc1+Ucore+Uhub+Ucs+Uzs+Uzo+Uef+UvdW+Uch

  Uele:   band energy
  Ukin:   kinetic energy
  UH0:    electric part of screened Coulomb energy
  UH1:    difference electron-electron Coulomb energy
  Una:    neutral atom potential energy
  Unl:    non-local potential energy
  Uxc0:   exchange-correlation energy for alpha spin
  Uxc1:   exchange-correlation energy for beta spin
  Ucore:  core-core Coulomb energy
  Uhub:   LDA+U energy
  Ucs:    constraint energy for spin orientation
  Uzs:    Zeeman term for spin magnetic moment
  Uzo:    Zeeman term for orbital magnetic moment
  Uef:    electric energy by electric field
  UvdW:   semi-empirical vdW energy
  Uch:    penalty term to create a core hole

  UpV:    pressure times volume
  Enpy:   Enthalpy = Utot + UpV
  (see also PRB 72, 045121(2005) for the energy contributions)



  Chemical potential (Hartree)      -0.266025916654

***********************************************************
***********************************************************
                  SCF history at MD=85                    
***********************************************************
***********************************************************

   SCF=   1  NormRD=  1.000000000000  Uele= -44.927035371321
   SCF=   2  NormRD=  0.000049124664  Uele= -44.927034277705
   SCF=   3  NormRD=  0.000024600780  Uele= -44.927034060721
   SCF=   4  NormRD=  0.000057085437  Uele= -44.927032911965
   SCF=   5  NormRD=  0.000006109730  Uele= -44.927033880519
   SCF=   6  NormRD=  0.000005522530  Uele= -44.927033718676
   SCF=   7  NormRD=  0.000001674964  Uele= -44.927033755145
   SCF=   8  NormRD=  0.000000254256  Uele= -44.927033748460

*******************************************************
        Total energy (Hartree) at MD =85        
*******************************************************

  Uele.        -44.927033748460

  Ukin.         93.154786842348
  UH0.       -2493.530850091614
  UH1.           0.110187527756
  Una.        -125.369630677595
  Unl.          25.294038948726
  Uxc0.        -16.323082795725
  Uxc1.        -16.323082795725
  Ucore.      2348.938209928000
  Uhub.          0.000000000000
  Ucs.           0.000000000000
  Uzs.           0.000000000000
  Uzo.           0.000000000000
  Uef.           0.000000000000
  UvdW.          0.000000000000
  Uch.           0.000000000000
  Utot.       -184.049423113828

  UpV.           0.000000000000
  Enpy.       -184.049423113828
  Note:

  Utot = Ukin+UH0+UH1+Una+Unl+Uxc0+Uxc1+Ucore+Uhub+Ucs+Uzs+Uzo+Uef+UvdW+Uch

  Uele:   band energy
  Ukin:   kinetic energy
  UH0:    electric part of screened Coulomb energy
  UH1:    difference electron-electron Coulomb energy
  Una:    neutral atom potential energy
  Unl:    non-local potential energy
  Uxc0:   exchange-correlation energy for alpha spin
  Uxc1:   exchange-correlation energy for beta spin
  Ucore:  core-core Coulomb energy
  Uhub:   LDA+U energy
  Ucs:    constraint energy for spin orientation
  Uzs:    Zeeman term for spin magnetic moment
  Uzo:    Zeeman term for orbital magnetic moment
  Uef:    electric energy by electric field
  UvdW:   semi-empirical vdW energy
  Uch:    penalty term to create a core hole

  UpV:    pressure times volume
  Enpy:   Enthalpy = Utot + UpV
  (see also PRB 72, 045121(2005) for the energy contributions)



  Chemical potential (Hartree)      -0.266030480839

***********************************************************
***********************************************************
                  SCF history at MD=86                    
***********************************************************
***********************************************************

   SCF=   1  NormRD=  1.000000000000  Uele= -44.927093390735
   SCF=   2  NormRD=  0.000065749901  Uele= -44.927085903909
   SCF=   3  NormRD=  0.000043924161  Uele= -44.927087173634
   SCF=   4  NormRD=  0.000071270166  Uele= -44.927078182841
   SCF=   5  NormRD=  0.000009546661  Uele= -44.927085008622
   SCF=   6  NormRD=  0.000007150958  Uele= -44.927084818425
   SCF=   7  NormRD=  0.000002202465  Uele= -44.927084438625
   SCF=   8  NormRD=  0.000000396567  Uele= -44.927084409304
   SCF=   9  NormRD=  0.000000458322  Uele= -44.927084341082
   SCF=  10  NormRD=  0.000000016485  Uele= -44.927084342676

*******************************************************
        Total energy (Hartree) at MD =86        
*******************************************************

  Uele.        -44.927084342676

  Ukin.         93.154554511207
  UH0.       -2493.530890308618
  UH1.           0.110194440985
  Una.        -125.369358310561
  Unl.          25.294072267030
  Uxc0.        -16.323063483524
  Uxc1.        -16.323063483524
  Ucore.      2348.938131228289
  Uhub.          0.000000000000
  Ucs.           0.000000000000
  Uzs.           0.000000000000
  Uzo.           0.000000000000
  Uef.           0.000000000000
  UvdW.          0.000000000000
  Uch.           0.000000000000
  Utot.       -184.049423138717

  UpV.           0.000000000000
  Enpy.       -184.049423138717
  Note:

  Utot = Ukin+UH0+UH1+Una+Unl+Uxc0+Uxc1+Ucore+Uhub+Ucs+Uzs+Uzo+Uef+UvdW+Uch

  Uele:   band energy
  Ukin:   kinetic energy
  UH0:    electric part of screened Coulomb energy
  UH1:    difference electron-electron Coulomb energy
  Una:    neutral atom potential energy
  Unl:    non-local potential energy
  Uxc0:   exchange-correlation energy for alpha spin
  Uxc1:   exchange-correlation energy for beta spin
  Ucore:  core-core Coulomb energy
  Uhub:   LDA+U energy
  Ucs:    constraint energy for spin orientation
  Uzs:    Zeeman term for spin magnetic moment
  Uzo:    Zeeman term for orbital magnetic moment
  Uef:    electric energy by electric field
  UvdW:   semi-empirical vdW energy
  Uch:    penalty term to create a core hole

  UpV:    pressure times volume
  Enpy:   Enthalpy = Utot + UpV
  (see also PRB 72, 045121(2005) for the energy contributions)



  Chemical potential (Hartree)      -0.266034757740

***********************************************************
***********************************************************
                  SCF history at MD=87                    
***********************************************************
***********************************************************

   SCF=   1  NormRD=  1.000000000000  Uele= -44.926958317685
   SCF=   2  NormRD=  0.000044218308  Uele= -44.926960550922
   SCF=   3  NormRD=  0.000022987577  Uele= -44.926961497259
   SCF=   4  NormRD=  0.000059565882  Uele= -44.926962106061
   SCF=   5  NormRD=  0.000006415880  Uele= -44.926962093950
   SCF=   6  NormRD=  0.000005643558  Uele= -44.926962096957

*******************************************************
        Total energy (Hartree) at MD =87        
*******************************************************

  Uele.        -44.926962096957

  Ukin.         93.155180308165
  UH0.       -2493.532146962453
  UH1.           0.110178366331
  Una.        -125.370114941434
  Unl.          25.294002679150
  Uxc0.        -16.323117483253
  Uxc1.        -16.323117483253
  Ucore.      2348.939711147361
  Uhub.          0.000000000000
  Ucs.           0.000000000000
  Uzs.           0.000000000000
  Uzo.           0.000000000000
  Uef.           0.000000000000
  UvdW.          0.000000000000
  Uch.           0.000000000000
  Utot.       -184.049424369386

  UpV.           0.000000000000
  Enpy.       -184.049424369386
  Note:

  Utot = Ukin+UH0+UH1+Una+Unl+Uxc0+Uxc1+Ucore+Uhub+Ucs+Uzs+Uzo+Uef+UvdW+Uch

  Uele:   band energy
  Ukin:   kinetic energy
  UH0:    electric part of screened Coulomb energy
  UH1:    difference electron-electron Coulomb energy
  Una:    neutral atom potential energy
  Unl:    non-local potential energy
  Uxc0:   exchange-correlation energy for alpha spin
  Uxc1:   exchange-correlation energy for beta spin
  Ucore:  core-core Coulomb energy
  Uhub:   LDA+U energy
  Ucs:    constraint energy for spin orientation
  Uzs:    Zeeman term for spin magnetic moment
  Uzo:    Zeeman term for orbital magnetic moment
  Uef:    electric energy by electric field
  UvdW:   semi-empirical vdW energy
  Uch:    penalty term to create a core hole

  UpV:    pressure times volume
  Enpy:   Enthalpy = Utot + UpV
  (see also PRB 72, 045121(2005) for the energy contributions)



  Chemical potential (Hartree)      -0.266025225326

***********************************************************
***********************************************************
                  SCF history at MD=88                    
***********************************************************
***********************************************************

   SCF=   1  NormRD=  1.000000000000  Uele= -44.926957530329
   SCF=   2  NormRD=  0.000043684909  Uele= -44.926959529506
   SCF=   3  NormRD=  0.000022854290  Uele= -44.926960352631
   SCF=   4  NormRD=  0.000058859604  Uele= -44.926960987924
   SCF=   5  NormRD=  0.000007033956  Uele= -44.926960889870
   SCF=   6  NormRD=  0.000005186604  Uele= -44.926960885340

*******************************************************
        Total energy (Hartree) at MD =88        
*******************************************************

  Uele.        -44.926960885340

  Ukin.         93.155180776931
  UH0.       -2493.532081574658
  UH1.           0.110178150711
  Una.        -125.370113342812
  Unl.          25.294001077219
  Uxc0.        -16.323117448886
  Uxc1.        -16.323117448886
  Ucore.      2348.939645386600
  Uhub.          0.000000000000
  Ucs.           0.000000000000
  Uzs.           0.000000000000
  Uzo.           0.000000000000
  Uef.           0.000000000000
  UvdW.          0.000000000000
  Uch.           0.000000000000
  Utot.       -184.049424423780

  UpV.           0.000000000000
  Enpy.       -184.049424423780
  Note:

  Utot = Ukin+UH0+UH1+Una+Unl+Uxc0+Uxc1+Ucore+Uhub+Ucs+Uzs+Uzo+Uef+UvdW+Uch

  Uele:   band energy
  Ukin:   kinetic energy
  UH0:    electric part of screened Coulomb energy
  UH1:    difference electron-electron Coulomb energy
  Una:    neutral atom potential energy
  Unl:    non-local potential energy
  Uxc0:   exchange-correlation energy for alpha spin
  Uxc1:   exchange-correlation energy for beta spin
  Ucore:  core-core Coulomb energy
  Uhub:   LDA+U energy
  Ucs:    constraint energy for spin orientation
  Uzs:    Zeeman term for spin magnetic moment
  Uzo:    Zeeman term for orbital magnetic moment
  Uef:    electric energy by electric field
  UvdW:   semi-empirical vdW energy
  Uch:    penalty term to create a core hole

  UpV:    pressure times volume
  Enpy:   Enthalpy = Utot + UpV
  (see also PRB 72, 045121(2005) for the energy contributions)



  Chemical potential (Hartree)      -0.266025094984

***********************************************************
***********************************************************
                  SCF history at MD=89                    
***********************************************************
***********************************************************

   SCF=   1  NormRD=  1.000000000000  Uele= -44.926922984668
   SCF=   2  NormRD=  0.000638421512  Uele= -44.926975242238
   SCF=   3  NormRD=  0.000390968832  Uele= -44.926966417794
   SCF=   4  NormRD=  0.000667082051  Uele= -44.927041915206
   SCF=   5  NormRD=  0.000062363181  Uele= -44.926988889015
   SCF=   6  NormRD=  0.000080864863  Uele= -44.926989726129
   SCF=   7  NormRD=  0.000020480895  Uele= -44.926991689348
   SCF=   8  NormRD=  0.000002412424  Uele= -44.926991372194
   SCF=   9  NormRD=  0.000002623169  Uele= -44.926991921010
   SCF=  10  NormRD=  0.000000128576  Uele= -44.926991866698
   SCF=  11  NormRD=  0.000000100193  Uele= -44.926991777111
   SCF=  12  NormRD=  0.000000018913  Uele= -44.926991775674

*******************************************************
        Total energy (Hartree) at MD =89        
*******************************************************

  Uele.        -44.926991775674

  Ukin.         93.155079944529
  UH0.       -2493.532588563872
  UH1.           0.110182948776
  Una.        -125.370013711447
  Unl.          25.294028212281
  Uxc0.        -16.323109727015
  Uxc1.        -16.323109727015
  Ucore.      2348.940106672018
  Uhub.          0.000000000000
  Ucs.           0.000000000000
  Uzs.           0.000000000000
  Uzo.           0.000000000000
  Uef.           0.000000000000
  UvdW.          0.000000000000
  Uch.           0.000000000000
  Utot.       -184.049423951746

  UpV.           0.000000000000
  Enpy.       -184.049423951746
  Note:

  Utot = Ukin+UH0+UH1+Una+Unl+Uxc0+Uxc1+Ucore+Uhub+Ucs+Uzs+Uzo+Uef+UvdW+Uch

  Uele:   band energy
  Ukin:   kinetic energy
  UH0:    electric part of screened Coulomb energy
  UH1:    difference electron-electron Coulomb energy
  Una:    neutral atom potential energy
  Unl:    non-local potential energy
  Uxc0:   exchange-correlation energy for alpha spin
  Uxc1:   exchange-correlation energy for beta spin
  Ucore:  core-core Coulomb energy
  Uhub:   LDA+U energy
  Ucs:    constraint energy for spin orientation
  Uzs:    Zeeman term for spin magnetic moment
  Uzo:    Zeeman term for orbital magnetic moment
  Uef:    electric energy by electric field
  UvdW:   semi-empirical vdW energy
  Uch:    penalty term to create a core hole

  UpV:    pressure times volume
  Enpy:   Enthalpy = Utot + UpV
  (see also PRB 72, 045121(2005) for the energy contributions)



  Chemical potential (Hartree)      -0.266027989626

***********************************************************
***********************************************************
                  SCF history at MD=90                    
***********************************************************
***********************************************************

   SCF=   1  NormRD=  1.000000000000  Uele= -44.926612700013
   SCF=   2  NormRD=  0.003028524728  Uele= -44.926996936408
   SCF=   3  NormRD=  0.001902549116  Uele= -44.926996703105
   SCF=   4  NormRD=  0.002572949613  Uele= -44.927359486219
   SCF=   5  NormRD=  0.000243820366  Uele= -44.927153925040
   SCF=   6  NormRD=  0.000321133330  Uele= -44.927164301443
   SCF=   7  NormRD=  0.000066967877  Uele= -44.927160652596
   SCF=   8  NormRD=  0.000013347403  Uele= -44.927161223556
   SCF=   9  NormRD=  0.000014665678  Uele= -44.927163380309
   SCF=  10  NormRD=  0.000000577702  Uele= -44.927163478579
   SCF=  11  NormRD=  0.000000706427  Uele= -44.927163175876
   SCF=  12  NormRD=  0.000000084456  Uele= -44.927163143886
   SCF=  13  NormRD=  0.000000017231  Uele= -44.927163168666
   SCF=  14  NormRD=  0.000000002351  Uele= -44.927163174979

*******************************************************
        Total energy (Hartree) at MD =90        
*******************************************************

  Uele.        -44.927163174979

  Ukin.         93.154305967938
  UH0.       -2493.532392295172
  UH1.           0.110206716991
  Una.        -125.369119848260
  Unl.          25.294142181524
  Uxc0.        -16.323044826497
  Uxc1.        -16.323044826497
  Ucore.      2348.939524531951
  Uhub.          0.000000000000
  Ucs.           0.000000000000
  Uzs.           0.000000000000
  Uzo.           0.000000000000
  Uef.           0.000000000000
  UvdW.          0.000000000000
  Uch.           0.000000000000
  Utot.       -184.049422398023

  UpV.           0.000000000000
  Enpy.       -184.049422398023
  Note:

  Utot = Ukin+UH0+UH1+Una+Unl+Uxc0+Uxc1+Ucore+Uhub+Ucs+Uzs+Uzo+Uef+UvdW+Uch

  Uele:   band energy
  Ukin:   kinetic energy
  UH0:    electric part of screened Coulomb energy
  UH1:    difference electron-electron Coulomb energy
  Una:    neutral atom potential energy
  Unl:    non-local potential energy
  Uxc0:   exchange-correlation energy for alpha spin
  Uxc1:   exchange-correlation energy for beta spin
  Ucore:  core-core Coulomb energy
  Uhub:   LDA+U energy
  Ucs:    constraint energy for spin orientation
  Uzs:    Zeeman term for spin magnetic moment
  Uzo:    Zeeman term for orbital magnetic moment
  Uef:    electric energy by electric field
  UvdW:   semi-empirical vdW energy
  Uch:    penalty term to create a core hole

  UpV:    pressure times volume
  Enpy:   Enthalpy = Utot + UpV
  (see also PRB 72, 045121(2005) for the energy contributions)



  Chemical potential (Hartree)      -0.266042639374

***********************************************************
***********************************************************
                  SCF history at MD=91                    
***********************************************************
***********************************************************

   SCF=   1  NormRD=  1.000000000000  Uele= -44.926919372312
   SCF=   2  NormRD=  0.000069770340  Uele= -44.926906936149
   SCF=   3  NormRD=  0.000056394531  Uele= -44.926908164192
   SCF=   4  NormRD=  0.000051913699  Uele= -44.926898713281
   SCF=   5  NormRD=  0.000006613823  Uele= -44.926904116517
   SCF=   6  NormRD=  0.000005001750  Uele= -44.926903927494
   SCF=   7  NormRD=  0.000001147401  Uele= -44.926903535720
   SCF=   8  NormRD=  0.000000527954  Uele= -44.926903501310
   SCF=   9  NormRD=  0.000000193573  Uele= -44.926903458849
   SCF=  10  NormRD=  0.000000016507  Uele= -44.926903460765

*******************************************************
        Total energy (Hartree) at MD =91        
*******************************************************

  Uele.        -44.926903460765

  Ukin.         93.155584877835
  UH0.       -2493.534347282284
  UH1.           0.110172498170
  Una.        -125.370647561002
  Unl.          25.293990214686
  Uxc0.        -16.323154385626
  Uxc1.        -16.323154385626
  Ucore.      2348.942131782710
  Uhub.          0.000000000000
  Ucs.           0.000000000000
  Uzs.           0.000000000000
  Uzo.           0.000000000000
  Uef.           0.000000000000
  UvdW.          0.000000000000
  Uch.           0.000000000000
  Utot.       -184.049424241138

  UpV.           0.000000000000
  Enpy.       -184.049424241138
  Note:

  Utot = Ukin+UH0+UH1+Una+Unl+Uxc0+Uxc1+Ucore+Uhub+Ucs+Uzs+Uzo+Uef+UvdW+Uch

  Uele:   band energy
  Ukin:   kinetic energy
  UH0:    electric part of screened Coulomb energy
  UH1:    difference electron-electron Coulomb energy
  Una:    neutral atom potential energy
  Unl:    non-local potential energy
  Uxc0:   exchange-correlation energy for alpha spin
  Uxc1:   exchange-correlation energy for beta spin
  Ucore:  core-core Coulomb energy
  Uhub:   LDA+U energy
  Ucs:    constraint energy for spin orientation
  Uzs:    Zeeman term for spin magnetic moment
  Uzo:    Zeeman term for orbital magnetic moment
  Uef:    electric energy by electric field
  UvdW:   semi-empirical vdW energy
  Uch:    penalty term to create a core hole

  UpV:    pressure times volume
  Enpy:   Enthalpy = Utot + UpV
  (see also PRB 72, 045121(2005) for the energy contributions)



  Chemical potential (Hartree)      -0.266021474746

***********************************************************
***********************************************************
                  SCF history at MD=92                    
***********************************************************
***********************************************************

   SCF=   1  NormRD=  1.000000000000  Uele= -44.926975384948
   SCF=   2  NormRD=  0.000039908242  Uele= -44.926965877808
   SCF=   3  NormRD=  0.000027831443  Uele= -44.926964631697
   SCF=   4  NormRD=  0.000040802584  Uele= -44.926957754726
   SCF=   5  NormRD=  0.000006773192  Uele= -44.926961462882
   SCF=   6  NormRD=  0.000005397587  Uele= -44.926961900882
   SCF=   7  NormRD=  0.000000568003  Uele= -44.926961361132
   SCF=   8  NormRD=  0.000000425832  Uele= -44.926961312424
   SCF=   9  NormRD=  0.000000150094  Uele= -44.926961264253
   SCF=  10  NormRD=  0.000000018588  Uele= -44.926961264342

*******************************************************
        Total energy (Hartree) at MD =92        
*******************************************************

  Uele.        -44.926961264342

  Ukin.         93.155162805026
  UH0.       -2493.531848018153
  UH1.           0.110178032420
  Una.        -125.370085685034
  Unl.          25.293998839773
  Uxc0.        -16.323115639270
  Uxc1.        -16.323115639270
  Ucore.      2348.939400837196
  Uhub.          0.000000000000
  Ucs.           0.000000000000
  Uzs.           0.000000000000
  Uzo.           0.000000000000
  Uef.           0.000000000000
  UvdW.          0.000000000000
  Uch.           0.000000000000
  Utot.       -184.049424467313

  UpV.           0.000000000000
  Enpy.       -184.049424467313
  Note:

  Utot = Ukin+UH0+UH1+Una+Unl+Uxc0+Uxc1+Ucore+Uhub+Ucs+Uzs+Uzo+Uef+UvdW+Uch

  Uele:   band energy
  Ukin:   kinetic energy
  UH0:    electric part of screened Coulomb energy
  UH1:    difference electron-electron Coulomb energy
  Una:    neutral atom potential energy
  Unl:    non-local potential energy
  Uxc0:   exchange-correlation energy for alpha spin
  Uxc1:   exchange-correlation energy for beta spin
  Ucore:  core-core Coulomb energy
  Uhub:   LDA+U energy
  Ucs:    constraint energy for spin orientation
  Uzs:    Zeeman term for spin magnetic moment
  Uzo:    Zeeman term for orbital magnetic moment
  Uef:    electric energy by electric field
  UvdW:   semi-empirical vdW energy
  Uch:    penalty term to create a core hole

  UpV:    pressure times volume
  Enpy:   Enthalpy = Utot + UpV
  (see also PRB 72, 045121(2005) for the energy contributions)



  Chemical potential (Hartree)      -0.266024950144

***********************************************************
***********************************************************
                  SCF history at MD=93                    
***********************************************************
***********************************************************

   SCF=   1  NormRD=  1.000000000000  Uele= -44.926944044476
   SCF=   2  NormRD=  0.000020463216  Uele= -44.926940127039
   SCF=   3  NormRD=  0.000012908711  Uele= -44.926939595498
   SCF=   4  NormRD=  0.000023444645  Uele= -44.926936120893
   SCF=   5  NormRD=  0.000003353513  Uele= -44.926938377818
   SCF=   6  NormRD=  0.000002770026  Uele= -44.926938274311
   SCF=   7  NormRD=  0.000001019773  Uele= -44.926938167158
   SCF=   8  NormRD=  0.000000140300  Uele= -44.926938160098

*******************************************************
        Total energy (Hartree) at MD =93        
*******************************************************

  Uele.        -44.926938160098

  Ukin.         93.155268873177
  UH0.       -2493.531939521287
  UH1.           0.110174943557
  Una.        -125.370210151830
  Unl.          25.293984493132
  Uxc0.        -16.323124647687
  Uxc1.        -16.323124647687
  Ucore.      2348.939546001642
  Uhub.          0.000000000000
  Ucs.           0.000000000000
  Uzs.           0.000000000000
  Uzo.           0.000000000000
  Uef.           0.000000000000
  UvdW.          0.000000000000
  Uch.           0.000000000000
  Utot.       -184.049424656984

  UpV.           0.000000000000
  Enpy.       -184.049424656984
  Note:

  Utot = Ukin+UH0+UH1+Una+Unl+Uxc0+Uxc1+Ucore+Uhub+Ucs+Uzs+Uzo+Uef+UvdW+Uch

  Uele:   band energy
  Ukin:   kinetic energy
  UH0:    electric part of screened Coulomb energy
  UH1:    difference electron-electron Coulomb energy
  Una:    neutral atom potential energy
  Unl:    non-local potential energy
  Uxc0:   exchange-correlation energy for alpha spin
  Uxc1:   exchange-correlation energy for beta spin
  Ucore:  core-core Coulomb energy
  Uhub:   LDA+U energy
  Ucs:    constraint energy for spin orientation
  Uzs:    Zeeman term for spin magnetic moment
  Uzo:    Zeeman term for orbital magnetic moment
  Uef:    electric energy by electric field
  UvdW:   semi-empirical vdW energy
  Uch:    penalty term to create a core hole

  UpV:    pressure times volume
  Enpy:   Enthalpy = Utot + UpV
  (see also PRB 72, 045121(2005) for the energy contributions)



  Chemical potential (Hartree)      -0.266023023754

***********************************************************
***********************************************************
                  SCF history at MD=94                    
***********************************************************
***********************************************************

   SCF=   1  NormRD=  1.000000000000  Uele= -44.927056639768
   SCF=   2  NormRD=  0.000030231003  Uele= -44.927059225795
   SCF=   3  NormRD=  0.000018866309  Uele= -44.927061628144
   SCF=   4  NormRD=  0.000034747893  Uele= -44.927060249029
   SCF=   5  NormRD=  0.000004441496  Uele= -44.927062337802
   SCF=   6  NormRD=  0.000004239466  Uele= -44.927062097508
   SCF=   7  NormRD=  0.000000994398  Uele= -44.927062148710
   SCF=   8  NormRD=  0.000000360804  Uele= -44.927062133052
   SCF=   9  NormRD=  0.000000178460  Uele= -44.927062133115

*******************************************************
        Total energy (Hartree) at MD =94        
*******************************************************

  Uele.        -44.927062133115

  Ukin.         93.154778272431
  UH0.       -2493.532742103770
  UH1.           0.110192562735
  Una.        -125.369669843346
  Unl.          25.294075457292
  Uxc0.        -16.323084470177
  Uxc1.        -16.323084470177
  Ucore.      2348.940111457817
  Uhub.          0.000000000000
  Ucs.           0.000000000000
  Uzs.           0.000000000000
  Uzo.           0.000000000000
  Uef.           0.000000000000
  UvdW.          0.000000000000
  Uch.           0.000000000000
  Utot.       -184.049423137195

  UpV.           0.000000000000
  Enpy.       -184.049423137195
  Note:

  Utot = Ukin+UH0+UH1+Una+Unl+Uxc0+Uxc1+Ucore+Uhub+Ucs+Uzs+Uzo+Uef+UvdW+Uch

  Uele:   band energy
  Ukin:   kinetic energy
  UH0:    electric part of screened Coulomb energy
  UH1:    difference electron-electron Coulomb energy
  Una:    neutral atom potential energy
  Unl:    non-local potential energy
  Uxc0:   exchange-correlation energy for alpha spin
  Uxc1:   exchange-correlation energy for beta spin
  Ucore:  core-core Coulomb energy
  Uhub:   LDA+U energy
  Ucs:    constraint energy for spin orientation
  Uzs:    Zeeman term for spin magnetic moment
  Uzo:    Zeeman term for orbital magnetic moment
  Uef:    electric energy by electric field
  UvdW:   semi-empirical vdW energy
  Uch:    penalty term to create a core hole

  UpV:    pressure times volume
  Enpy:   Enthalpy = Utot + UpV
  (see also PRB 72, 045121(2005) for the energy contributions)



  Chemical potential (Hartree)      -0.266034120087

***********************************************************
***********************************************************
                  SCF history at MD=95                    
***********************************************************
***********************************************************

   SCF=   1  NormRD=  1.000000000000  Uele= -44.927230826035
   SCF=   2  NormRD=  0.000073656694  Uele= -44.927217609168
   SCF=   3  NormRD=  0.000058856989  Uele= -44.927218847304
   SCF=   4  NormRD=  0.000056723136  Uele= -44.927208512114
   SCF=   5  NormRD=  0.000009533366  Uele= -44.927214425479
   SCF=   6  NormRD=  0.000008334224  Uele= -44.927214345240
   SCF=   7  NormRD=  0.000002005620  Uele= -44.927213885121
   SCF=   8  NormRD=  0.000000570848  Uele= -44.927213824118
   SCF=   9  NormRD=  0.000000262275  Uele= -44.927213765235
   SCF=  10  NormRD=  0.000000028102  Uele= -44.927213765694

*******************************************************
        Total energy (Hartree) at MD =95        
*******************************************************

  Uele.        -44.927213765694

  Ukin.         93.154092198964
  UH0.       -2493.532613657228
  UH1.           0.110213569080
  Una.        -125.368877149595
  Unl.          25.294176049760
  Uxc0.        -16.323027021029
  Uxc1.        -16.323027021029
  Ucore.      2348.939640993088
  Uhub.          0.000000000000
  Ucs.           0.000000000000
  Uzs.           0.000000000000
  Uzo.           0.000000000000
  Uef.           0.000000000000
  UvdW.          0.000000000000
  Uch.           0.000000000000
  Utot.       -184.049422037989

  UpV.           0.000000000000
  Enpy.       -184.049422037989
  Note:

  Utot = Ukin+UH0+UH1+Una+Unl+Uxc0+Uxc1+Ucore+Uhub+Ucs+Uzs+Uzo+Uef+UvdW+Uch

  Uele:   band energy
  Ukin:   kinetic energy
  UH0:    electric part of screened Coulomb energy
  UH1:    difference electron-electron Coulomb energy
  Una:    neutral atom potential energy
  Unl:    non-local potential energy
  Uxc0:   exchange-correlation energy for alpha spin
  Uxc1:   exchange-correlation energy for beta spin
  Ucore:  core-core Coulomb energy
  Uhub:   LDA+U energy
  Ucs:    constraint energy for spin orientation
  Uzs:    Zeeman term for spin magnetic moment
  Uzo:    Zeeman term for orbital magnetic moment
  Uef:    electric energy by electric field
  UvdW:   semi-empirical vdW energy
  Uch:    penalty term to create a core hole

  UpV:    pressure times volume
  Enpy:   Enthalpy = Utot + UpV
  (see also PRB 72, 045121(2005) for the energy contributions)



  Chemical potential (Hartree)      -0.266047318256

***********************************************************
***********************************************************
                  SCF history at MD=96                    
***********************************************************
***********************************************************

   SCF=   1  NormRD=  1.000000000000  Uele= -44.926945952174
   SCF=   2  NormRD=  0.000071106312  Uele= -44.926931762309
   SCF=   3  NormRD=  0.000053127504  Uele= -44.926931558165
   SCF=   4  NormRD=  0.000063644447  Uele= -44.926920632910
   SCF=   5  NormRD=  0.000007259849  Uele= -44.926927045657
   SCF=   6  NormRD=  0.000006342581  Uele= -44.926927258155
   SCF=   7  NormRD=  0.000000660761  Uele= -44.926926565093
   SCF=   8  NormRD=  0.000000872510  Uele= -44.926926472465
   SCF=   9  NormRD=  0.000000078154  Uele= -44.926926439011
   SCF=  10  NormRD=  0.000000045408  Uele= -44.926926446574

*******************************************************
        Total energy (Hartree) at MD =96        
*******************************************************

  Uele.        -44.926926446574

  Ukin.         93.155398343958
  UH0.       -2493.533316464951
  UH1.           0.110174545397
  Una.        -125.370395199318
  Unl.          25.293991471834
  Uxc0.        -16.323137219579
  Uxc1.        -16.323137219579
  Ucore.      2348.940997079833
  Uhub.          0.000000000000
  Ucs.           0.000000000000
  Uzs.           0.000000000000
  Uzo.           0.000000000000
  Uef.           0.000000000000
  UvdW.          0.000000000000
  Uch.           0.000000000000
  Utot.       -184.049424662406

  UpV.           0.000000000000
  Enpy.       -184.049424662406
  Note:

  Utot = Ukin+UH0+UH1+Una+Unl+Uxc0+Uxc1+Ucore+Uhub+Ucs+Uzs+Uzo+Uef+UvdW+Uch

  Uele:   band energy
  Ukin:   kinetic energy
  UH0:    electric part of screened Coulomb energy
  UH1:    difference electron-electron Coulomb energy
  Una:    neutral atom potential energy
  Unl:    non-local potential energy
  Uxc0:   exchange-correlation energy for alpha spin
  Uxc1:   exchange-correlation energy for beta spin
  Ucore:  core-core Coulomb energy
  Uhub:   LDA+U energy
  Ucs:    constraint energy for spin orientation
  Uzs:    Zeeman term for spin magnetic moment
  Uzo:    Zeeman term for orbital magnetic moment
  Uef:    electric energy by electric field
  UvdW:   semi-empirical vdW energy
  Uch:    penalty term to create a core hole

  UpV:    pressure times volume
  Enpy:   Enthalpy = Utot + UpV
  (see also PRB 72, 045121(2005) for the energy contributions)



  Chemical potential (Hartree)      -0.266022901235

***********************************************************
***********************************************************
                  SCF history at MD=97                    
***********************************************************
***********************************************************

   SCF=   1  NormRD=  1.000000000000  Uele= -44.927025506200
   SCF=   2  NormRD=  0.000063351235  Uele= -44.927014061519
   SCF=   3  NormRD=  0.000043814511  Uele= -44.927013578846
   SCF=   4  NormRD=  0.000065516690  Uele= -44.927004012250
   SCF=   5  NormRD=  0.000008446297  Uele= -44.927009866901
   SCF=   6  NormRD=  0.000007173859  Uele= -44.927010279298
   SCF=   7  NormRD=  0.000000795004  Uele= -44.927009588391
   SCF=   8  NormRD=  0.000000732556  Uele= -44.927009517505
   SCF=   9  NormRD=  0.000000174697  Uele= -44.927009469419
   SCF=  10  NormRD=  0.000000033082  Uele= -44.927009472071

*******************************************************
        Total energy (Hartree) at MD =97        
*******************************************************

  Uele.        -44.927009472071

  Ukin.         93.154986833011
  UH0.       -2493.532445500544
  UH1.           0.110185064608
  Una.        -125.369899113635
  Unl.          25.294036653677
  Uxc0.        -16.323101490095
  Uxc1.        -16.323101490095
  Ucore.      2348.939915352280
  Uhub.          0.000000000000
  Ucs.           0.000000000000
  Uzs.           0.000000000000
  Uzo.           0.000000000000
  Uef.           0.000000000000
  UvdW.          0.000000000000
  Uch.           0.000000000000
  Utot.       -184.049423690792

  UpV.           0.000000000000
  Enpy.       -184.049423690792
  Note:

  Utot = Ukin+UH0+UH1+Una+Unl+Uxc0+Uxc1+Ucore+Uhub+Ucs+Uzs+Uzo+Uef+UvdW+Uch

  Uele:   band energy
  Ukin:   kinetic energy
  UH0:    electric part of screened Coulomb energy
  UH1:    difference electron-electron Coulomb energy
  Una:    neutral atom potential energy
  Unl:    non-local potential energy
  Uxc0:   exchange-correlation energy for alpha spin
  Uxc1:   exchange-correlation energy for beta spin
  Ucore:  core-core Coulomb energy
  Uhub:   LDA+U energy
  Ucs:    constraint energy for spin orientation
  Uzs:    Zeeman term for spin magnetic moment
  Uzo:    Zeeman term for orbital magnetic moment
  Uef:    electric energy by electric field
  UvdW:   semi-empirical vdW energy
  Uch:    penalty term to create a core hole

  UpV:    pressure times volume
  Enpy:   Enthalpy = Utot + UpV
  (see also PRB 72, 045121(2005) for the energy contributions)



  Chemical potential (Hartree)      -0.266029408127

***********************************************************
***********************************************************
                  SCF history at MD=98                    
***********************************************************
***********************************************************

   SCF=   1  NormRD=  1.000000000000  Uele= -44.926923882138
   SCF=   2  NormRD=  0.000070616402  Uele= -44.926904642736
   SCF=   3  NormRD=  0.000051391601  Uele= -44.926902111833
   SCF=   4  NormRD=  0.000067369377  Uele= -44.926888924782
   SCF=   5  NormRD=  0.000012281754  Uele= -44.926896217844
   SCF=   6  NormRD=  0.000005144154  Uele= -44.926896330267
   SCF=   7  NormRD=  0.000001748009  Uele= -44.926895745537
   SCF=   8  NormRD=  0.000000472808  Uele= -44.926895670277
   SCF=   9  NormRD=  0.000000428134  Uele= -44.926895559773
   SCF=  10  NormRD=  0.000000029898  Uele= -44.926895544644
   SCF=  11  NormRD=  0.000000026541  Uele= -44.926895559757
   SCF=  12  NormRD=  0.000000001852  Uele= -44.926895561577

*******************************************************
        Total energy (Hartree) at MD =98        
*******************************************************

  Uele.        -44.926895561577

  Ukin.         93.155429419427
  UH0.       -2493.531679128204
  UH1.           0.110169181043
  Una.        -125.370385536452
  Unl.          25.293954215991
  Uxc0.        -16.323137769287
  Uxc1.        -16.323137769287
  Ucore.      2348.939362258766
  Uhub.          0.000000000000
  Ucs.           0.000000000000
  Uzs.           0.000000000000
  Uzo.           0.000000000000
  Uef.           0.000000000000
  UvdW.          0.000000000000
  Uch.           0.000000000000
  Utot.       -184.049425128002

  UpV.           0.000000000000
  Enpy.       -184.049425128002
  Note:

  Utot = Ukin+UH0+UH1+Una+Unl+Uxc0+Uxc1+Ucore+Uhub+Ucs+Uzs+Uzo+Uef+UvdW+Uch

  Uele:   band energy
  Ukin:   kinetic energy
  UH0:    electric part of screened Coulomb energy
  UH1:    difference electron-electron Coulomb energy
  Una:    neutral atom potential energy
  Unl:    non-local potential energy
  Uxc0:   exchange-correlation energy for alpha spin
  Uxc1:   exchange-correlation energy for beta spin
  Ucore:  core-core Coulomb energy
  Uhub:   LDA+U energy
  Ucs:    constraint energy for spin orientation
  Uzs:    Zeeman term for spin magnetic moment
  Uzo:    Zeeman term for orbital magnetic moment
  Uef:    electric energy by electric field
  UvdW:   semi-empirical vdW energy
  Uch:    penalty term to create a core hole

  UpV:    pressure times volume
  Enpy:   Enthalpy = Utot + UpV
  (see also PRB 72, 045121(2005) for the energy contributions)



  Chemical potential (Hartree)      -0.266019179194

***********************************************************
***********************************************************
                  SCF history at MD=99                    
***********************************************************
***********************************************************

   SCF=   1  NormRD=  1.000000000000  Uele= -44.927226554715
   SCF=   2  NormRD=  0.000077662249  Uele= -44.927206589584
   SCF=   3  NormRD=  0.000067623334  Uele= -44.927206418310
   SCF=   4  NormRD=  0.000048090529  Uele= -44.927193821131
   SCF=   5  NormRD=  0.000012027851  Uele= -44.927200066993
   SCF=   6  NormRD=  0.000004240916  Uele= -44.927199653891
   SCF=   7  NormRD=  0.000003184231  Uele= -44.927199390469
   SCF=   8  NormRD=  0.000000382899  Uele= -44.927199167296
   SCF=   9  NormRD=  0.000000481851  Uele= -44.927199125120
   SCF=  10  NormRD=  0.000000017671  Uele= -44.927199115529

*******************************************************
        Total energy (Hartree) at MD =99        
*******************************************************

  Uele.        -44.927199115529

  Ukin.         93.154094901405
  UH0.       -2493.531409059206
  UH1.           0.110210377415
  Una.        -125.368850083018
  Unl.          25.294153101732
  Uxc0.        -16.323025621701
  Uxc1.        -16.323025621701
  Ucore.      2348.938430018216
  Uhub.          0.000000000000
  Ucs.           0.000000000000
  Uzs.           0.000000000000
  Uzo.           0.000000000000
  Uef.           0.000000000000
  UvdW.          0.000000000000
  Uch.           0.000000000000
  Utot.       -184.049421986855

  UpV.           0.000000000000
  Enpy.       -184.049421986855
  Note:

  Utot = Ukin+UH0+UH1+Una+Unl+Uxc0+Uxc1+Ucore+Uhub+Ucs+Uzs+Uzo+Uef+UvdW+Uch

  Uele:   band energy
  Ukin:   kinetic energy
  UH0:    electric part of screened Coulomb energy
  UH1:    difference electron-electron Coulomb energy
  Una:    neutral atom potential energy
  Unl:    non-local potential energy
  Uxc0:   exchange-correlation energy for alpha spin
  Uxc1:   exchange-correlation energy for beta spin
  Ucore:  core-core Coulomb energy
  Uhub:   LDA+U energy
  Ucs:    constraint energy for spin orientation
  Uzs:    Zeeman term for spin magnetic moment
  Uzo:    Zeeman term for orbital magnetic moment
  Uef:    electric energy by electric field
  UvdW:   semi-empirical vdW energy
  Uch:    penalty term to create a core hole

  UpV:    pressure times volume
  Enpy:   Enthalpy = Utot + UpV
  (see also PRB 72, 045121(2005) for the energy contributions)



  Chemical potential (Hartree)      -0.266045231463

***********************************************************
***********************************************************
                  SCF history at MD=100                    
***********************************************************
***********************************************************

   SCF=   1  NormRD=  1.000000000000  Uele= -44.926968910078
   SCF=   2  NormRD=  0.000086595447  Uele= -44.926949631982
   SCF=   3  NormRD=  0.000073112577  Uele= -44.926950287047
   SCF=   4  NormRD=  0.000058118028  Uele= -44.926937255293
   SCF=   5  NormRD=  0.000008533934  Uele= -44.926944148128
   SCF=   6  NormRD=  0.000005842623  Uele= -44.926943933734
   SCF=   7  NormRD=  0.000002240546  Uele= -44.926943371805
   SCF=   8  NormRD=  0.000000414158  Uele= -44.926943244690
   SCF=   9  NormRD=  0.000000394840  Uele= -44.926943190702
   SCF=  10  NormRD=  0.000000012505  Uele= -44.926943188307

*******************************************************
        Total energy (Hartree) at MD =100        
*******************************************************

  Uele.        -44.926943188307

  Ukin.         93.155392237506
  UH0.       -2493.534389279610
  UH1.           0.110177510731
  Una.        -125.370417033950
  Unl.          25.294013049301
  Uxc0.        -16.323137850055
  Uxc1.        -16.323137850055
  Ucore.      2348.942075122503
  Uhub.          0.000000000000
  Ucs.           0.000000000000
  Uzs.           0.000000000000
  Uzo.           0.000000000000
  Uef.           0.000000000000
  UvdW.          0.000000000000
  Uch.           0.000000000000
  Utot.       -184.049424093630

  UpV.           0.000000000000
  Enpy.       -184.049424093630
  Note:

  Utot = Ukin+UH0+UH1+Una+Unl+Uxc0+Uxc1+Ucore+Uhub+Ucs+Uzs+Uzo+Uef+UvdW+Uch

  Uele:   band energy
  Ukin:   kinetic energy
  UH0:    electric part of screened Coulomb energy
  UH1:    difference electron-electron Coulomb energy
  Una:    neutral atom potential energy
  Unl:    non-local potential energy
  Uxc0:   exchange-correlation energy for alpha spin
  Uxc1:   exchange-correlation energy for beta spin
  Ucore:  core-core Coulomb energy
  Uhub:   LDA+U energy
  Ucs:    constraint energy for spin orientation
  Uzs:    Zeeman term for spin magnetic moment
  Uzo:    Zeeman term for orbital magnetic moment
  Uef:    electric energy by electric field
  UvdW:   semi-empirical vdW energy
  Uch:    penalty term to create a core hole

  UpV:    pressure times volume
  Enpy:   Enthalpy = Utot + UpV
  (see also PRB 72, 045121(2005) for the energy contributions)



  Chemical potential (Hartree)      -0.266025130370

***********************************************************
***********************************************************
                  SCF history at MD=101                    
***********************************************************
***********************************************************

   SCF=   1  NormRD=  1.000000000000  Uele= -44.926795656982
   SCF=   2  NormRD=  0.000064435251  Uele= -44.926772909049
   SCF=   3  NormRD=  0.000050572302  Uele= -44.926769263191
   SCF=   4  NormRD=  0.000052213636  Uele= -44.926755279160
   SCF=   5  NormRD=  0.000006755929  Uele= -44.926762581503
   SCF=   6  NormRD=  0.000002907211  Uele= -44.926762574398

*******************************************************
        Total energy (Hartree) at MD =101        
*******************************************************

  Uele.        -44.926762574398

  Ukin.         93.155985251723
  UH0.       -2493.531406156074
  UH1.           0.110151418657
  Una.        -125.371015486090
  Unl.          25.293864200533
  Uxc0.        -16.323184216270
  Uxc1.        -16.323184216270
  Ucore.      2348.939362960786
  Uhub.          0.000000000000
  Ucs.           0.000000000000
  Uzs.           0.000000000000
  Uzo.           0.000000000000
  Uef.           0.000000000000
  UvdW.          0.000000000000
  Uch.           0.000000000000
  Utot.       -184.049426243004

  UpV.           0.000000000000
  Enpy.       -184.049426243004
  Note:

  Utot = Ukin+UH0+UH1+Una+Unl+Uxc0+Uxc1+Ucore+Uhub+Ucs+Uzs+Uzo+Uef+UvdW+Uch

  Uele:   band energy
  Ukin:   kinetic energy
  UH0:    electric part of screened Coulomb energy
  UH1:    difference electron-electron Coulomb energy
  Una:    neutral atom potential energy
  Unl:    non-local potential energy
  Uxc0:   exchange-correlation energy for alpha spin
  Uxc1:   exchange-correlation energy for beta spin
  Ucore:  core-core Coulomb energy
  Uhub:   LDA+U energy
  Ucs:    constraint energy for spin orientation
  Uzs:    Zeeman term for spin magnetic moment
  Uzo:    Zeeman term for orbital magnetic moment
  Uef:    electric energy by electric field
  UvdW:   semi-empirical vdW energy
  Uch:    penalty term to create a core hole

  UpV:    pressure times volume
  Enpy:   Enthalpy = Utot + UpV
  (see also PRB 72, 045121(2005) for the energy contributions)



  Chemical potential (Hartree)      -0.261059832893

***********************************************************
***********************************************************
                  SCF history at MD=102                    
***********************************************************
***********************************************************

   SCF=   1  NormRD=  1.000000000000  Uele= -44.926705026789
   SCF=   2  NormRD=  0.000054076168  Uele= -44.926692123730
   SCF=   3  NormRD=  0.000031213906  Uele= -44.926689145230
   SCF=   4  NormRD=  0.000071868967  Uele= -44.926678672256
   SCF=   5  NormRD=  0.000007777538  Uele= -44.926685378397
   SCF=   6  NormRD=  0.000007377638  Uele= -44.926685497318
   SCF=   7  NormRD=  0.000001764708  Uele= -44.926684934264
   SCF=   8  NormRD=  0.000000512278  Uele= -44.926684951201
   SCF=   9  NormRD=  0.000000239130  Uele= -44.926684880111
   SCF=  10  NormRD=  0.000000032593  Uele= -44.926684885270

*******************************************************
        Total energy (Hartree) at MD =102        
*******************************************************

  Uele.        -44.926684885270

  Ukin.         93.156276580297
  UH0.       -2493.530981325543
  UH1.           0.110141407255
  Una.        -125.371338175521
  Unl.          25.293812798373
  Uxc0.        -16.323208230473
  Uxc1.        -16.323208230473
  Ucore.      2348.939078295309
  Uhub.          0.000000000000
  Ucs.           0.000000000000
  Uzs.           0.000000000000
  Uzo.           0.000000000000
  Uef.           0.000000000000
  UvdW.          0.000000000000
  Uch.           0.000000000000
  Utot.       -184.049426880775

  UpV.           0.000000000000
  Enpy.       -184.049426880775
  Note:

  Utot = Ukin+UH0+UH1+Una+Unl+Uxc0+Uxc1+Ucore+Uhub+Ucs+Uzs+Uzo+Uef+UvdW+Uch

  Uele:   band energy
  Ukin:   kinetic energy
  UH0:    electric part of screened Coulomb energy
  UH1:    difference electron-electron Coulomb energy
  Una:    neutral atom potential energy
  Unl:    non-local potential energy
  Uxc0:   exchange-correlation energy for alpha spin
  Uxc1:   exchange-correlation energy for beta spin
  Ucore:  core-core Coulomb energy
  Uhub:   LDA+U energy
  Ucs:    constraint energy for spin orientation
  Uzs:    Zeeman term for spin magnetic moment
  Uzo:    Zeeman term for orbital magnetic moment
  Uef:    electric energy by electric field
  UvdW:   semi-empirical vdW energy
  Uch:    penalty term to create a core hole

  UpV:    pressure times volume
  Enpy:   Enthalpy = Utot + UpV
  (see also PRB 72, 045121(2005) for the energy contributions)



  Chemical potential (Hartree)      -0.261053096097

***********************************************************
***********************************************************
                  SCF history at MD=103                    
***********************************************************
***********************************************************

   SCF=   1  NormRD=  1.000000000000  Uele= -44.926725180055
   SCF=   2  NormRD=  0.000044926096  Uele= -44.926717390110
   SCF=   3  NormRD=  0.000023159757  Uele= -44.926715005485
   SCF=   4  NormRD=  0.000061075897  Uele= -44.926709375227
   SCF=   5  NormRD=  0.000006702734  Uele= -44.926712701260
   SCF=   6  NormRD=  0.000006353079  Uele= -44.926712901169
   SCF=   7  NormRD=  0.000001422217  Uele= -44.926712511874
   SCF=   8  NormRD=  0.000000522351  Uele= -44.926712575105
   SCF=   9  NormRD=  0.000000183812  Uele= -44.926712519763
   SCF=  10  NormRD=  0.000000030343  Uele= -44.926712526986

*******************************************************
        Total energy (Hartree) at MD =103        
*******************************************************

  Uele.        -44.926712526986

  Ukin.         93.156144807284
  UH0.       -2493.530720661153
  UH1.           0.110144822439
  Una.        -125.371180471198
  Unl.          25.293828109621
  Uxc0.        -16.323196842744
  Uxc1.        -16.323196842744
  Ucore.      2348.938750402207
  Uhub.          0.000000000000
  Ucs.           0.000000000000
  Uzs.           0.000000000000
  Uzo.           0.000000000000
  Uef.           0.000000000000
  UvdW.          0.000000000000
  Uch.           0.000000000000
  Utot.       -184.049426676287

  UpV.           0.000000000000
  Enpy.       -184.049426676287
  Note:

  Utot = Ukin+UH0+UH1+Una+Unl+Uxc0+Uxc1+Ucore+Uhub+Ucs+Uzs+Uzo+Uef+UvdW+Uch

  Uele:   band energy
  Ukin:   kinetic energy
  UH0:    electric part of screened Coulomb energy
  UH1:    difference electron-electron Coulomb energy
  Una:    neutral atom potential energy
  Unl:    non-local potential energy
  Uxc0:   exchange-correlation energy for alpha spin
  Uxc1:   exchange-correlation energy for beta spin
  Ucore:  core-core Coulomb energy
  Uhub:   LDA+U energy
  Ucs:    constraint energy for spin orientation
  Uzs:    Zeeman term for spin magnetic moment
  Uzo:    Zeeman term for orbital magnetic moment
  Uef:    electric energy by electric field
  UvdW:   semi-empirical vdW energy
  Uch:    penalty term to create a core hole

  UpV:    pressure times volume
  Enpy:   Enthalpy = Utot + UpV
  (see also PRB 72, 045121(2005) for the energy contributions)



  Chemical potential (Hartree)      -0.261055241038

***********************************************************
***********************************************************
                  SCF history at MD=104                    
***********************************************************
***********************************************************

   SCF=   1  NormRD=  1.000000000000  Uele= -44.926708776425
   SCF=   2  NormRD=  0.000041917172  Uele= -44.926708640230
   SCF=   3  NormRD=  0.000021717678  Uele= -44.926707716550
   SCF=   4  NormRD=  0.000053525127  Uele= -44.926710312844
   SCF=   5  NormRD=  0.000011837351  Uele= -44.926707503445
   SCF=   6  NormRD=  0.000004654525  Uele= -44.926707678370
   SCF=   7  NormRD=  0.000002070492  Uele= -44.926707832362
   SCF=   8  NormRD=  0.000000374077  Uele= -44.926707769910
   SCF=   9  NormRD=  0.000000190043  Uele= -44.926707800046
   SCF=  10  NormRD=  0.000000028379  Uele= -44.926707787219
   SCF=  11  NormRD=  0.000000013873  Uele= -44.926707786612

*******************************************************
        Total energy (Hartree) at MD =104        
*******************************************************

  Uele.        -44.926707786612

  Ukin.         93.156263087743
  UH0.       -2493.532333441260
  UH1.           0.110145053571
  Una.        -125.371358439315
  Unl.          25.293839852256
  Uxc0.        -16.323208629139
  Uxc1.        -16.323208629139
  Ucore.      2348.940434485826
  Uhub.          0.000000000000
  Ucs.           0.000000000000
  Uzs.           0.000000000000
  Uzo.           0.000000000000
  Uef.           0.000000000000
  UvdW.          0.000000000000
  Uch.           0.000000000000
  Utot.       -184.049426659457

  UpV.           0.000000000000
  Enpy.       -184.049426659457
  Note:

  Utot = Ukin+UH0+UH1+Una+Unl+Uxc0+Uxc1+Ucore+Uhub+Ucs+Uzs+Uzo+Uef+UvdW+Uch

  Uele:   band energy
  Ukin:   kinetic energy
  UH0:    electric part of screened Coulomb energy
  UH1:    difference electron-electron Coulomb energy
  Una:    neutral atom potential energy
  Unl:    non-local potential energy
  Uxc0:   exchange-correlation energy for alpha spin
  Uxc1:   exchange-correlation energy for beta spin
  Ucore:  core-core Coulomb energy
  Uhub:   LDA+U energy
  Ucs:    constraint energy for spin orientation
  Uzs:    Zeeman term for spin magnetic moment
  Uzo:    Zeeman term for orbital magnetic moment
  Uef:    electric energy by electric field
  UvdW:   semi-empirical vdW energy
  Uch:    penalty term to create a core hole

  UpV:    pressure times volume
  Enpy:   Enthalpy = Utot + UpV
  (see also PRB 72, 045121(2005) for the energy contributions)



  Chemical potential (Hartree)      -0.266003737634

***********************************************************
***********************************************************
                  SCF history at MD=105                    
***********************************************************
***********************************************************

   SCF=   1  NormRD=  1.000000000000  Uele= -44.926695967831
   SCF=   2  NormRD=  0.000041063846  Uele= -44.926694454630
   SCF=   3  NormRD=  0.000022219429  Uele= -44.926692536669
   SCF=   4  NormRD=  0.000051768729  Uele= -44.926695473352
   SCF=   5  NormRD=  0.000012210605  Uele= -44.926691809254
   SCF=   6  NormRD=  0.000004213113  Uele= -44.926692173630
   SCF=   7  NormRD=  0.000002238126  Uele= -44.926692285743
   SCF=   8  NormRD=  0.000000348495  Uele= -44.926692246114
   SCF=   9  NormRD=  0.000000177246  Uele= -44.926692263384
   SCF=  10  NormRD=  0.000000022696  Uele= -44.926692253687

*******************************************************
        Total energy (Hartree) at MD =105        
*******************************************************

  Uele.        -44.926692253687

  Ukin.         93.156291695617
  UH0.       -2493.531845837357
  UH1.           0.110142947908
  Una.        -125.371376791134
  Unl.          25.293825985983
  Uxc0.        -16.323210461620
  Uxc1.        -16.323210461620
  Ucore.      2348.939956168915
  Uhub.          0.000000000000
  Ucs.           0.000000000000
  Uzs.           0.000000000000
  Uzo.           0.000000000000
  Uef.           0.000000000000
  UvdW.          0.000000000000
  Uch.           0.000000000000
  Utot.       -184.049426753309

  UpV.           0.000000000000
  Enpy.       -184.049426753309
  Note:

  Utot = Ukin+UH0+UH1+Una+Unl+Uxc0+Uxc1+Ucore+Uhub+Ucs+Uzs+Uzo+Uef+UvdW+Uch

  Uele:   band energy
  Ukin:   kinetic energy
  UH0:    electric part of screened Coulomb energy
  UH1:    difference electron-electron Coulomb energy
  Una:    neutral atom potential energy
  Unl:    non-local potential energy
  Uxc0:   exchange-correlation energy for alpha spin
  Uxc1:   exchange-correlation energy for beta spin
  Ucore:  core-core Coulomb energy
  Uhub:   LDA+U energy
  Ucs:    constraint energy for spin orientation
  Uzs:    Zeeman term for spin magnetic moment
  Uzo:    Zeeman term for orbital magnetic moment
  Uef:    electric energy by electric field
  UvdW:   semi-empirical vdW energy
  Uch:    penalty term to create a core hole

  UpV:    pressure times volume
  Enpy:   Enthalpy = Utot + UpV
  (see also PRB 72, 045121(2005) for the energy contributions)



  Chemical potential (Hartree)      -0.261054371644

***********************************************************
***********************************************************
                  SCF history at MD=106                    
***********************************************************
***********************************************************

   SCF=   1  NormRD=  1.000000000000  Uele= -44.926731557115
   SCF=   2  NormRD=  0.000038415250  Uele= -44.926731950783
   SCF=   3  NormRD=  0.000020886039  Uele= -44.926731001047
   SCF=   4  NormRD=  0.000050844406  Uele= -44.926733907233
   SCF=   5  NormRD=  0.000010312148  Uele= -44.926731208949
   SCF=   6  NormRD=  0.000004253977  Uele= -44.926731152465
   SCF=   7  NormRD=  0.000001980422  Uele= -44.926731384502
   SCF=   8  NormRD=  0.000000272507  Uele= -44.926731308842
   SCF=   9  NormRD=  0.000000168062  Uele= -44.926731339712
   SCF=  10  NormRD=  0.000000023189  Uele= -44.926731330003

*******************************************************
        Total energy (Hartree) at MD =106        
*******************************************************

  Uele.        -44.926731330003

  Ukin.         93.156104492943
  UH0.       -2493.531336044510
  UH1.           0.110147496449
  Una.        -125.371150511559
  Unl.          25.293845317988
  Uxc0.        -16.323194176880
  Uxc1.        -16.323194176880
  Ucore.      2348.939351002809
  Uhub.          0.000000000000
  Ucs.           0.000000000000
  Uzs.           0.000000000000
  Uzo.           0.000000000000
  Uef.           0.000000000000
  UvdW.          0.000000000000
  Uch.           0.000000000000
  Utot.       -184.049426599639

  UpV.           0.000000000000
  Enpy.       -184.049426599639
  Note:

  Utot = Ukin+UH0+UH1+Una+Unl+Uxc0+Uxc1+Ucore+Uhub+Ucs+Uzs+Uzo+Uef+UvdW+Uch

  Uele:   band energy
  Ukin:   kinetic energy
  UH0:    electric part of screened Coulomb energy
  UH1:    difference electron-electron Coulomb energy
  Una:    neutral atom potential energy
  Unl:    non-local potential energy
  Uxc0:   exchange-correlation energy for alpha spin
  Uxc1:   exchange-correlation energy for beta spin
  Ucore:  core-core Coulomb energy
  Uhub:   LDA+U energy
  Ucs:    constraint energy for spin orientation
  Uzs:    Zeeman term for spin magnetic moment
  Uzo:    Zeeman term for orbital magnetic moment
  Uef:    electric energy by electric field
  UvdW:   semi-empirical vdW energy
  Uch:    penalty term to create a core hole

  UpV:    pressure times volume
  Enpy:   Enthalpy = Utot + UpV
  (see also PRB 72, 045121(2005) for the energy contributions)



  Chemical potential (Hartree)      -0.261057242297

***********************************************************
***********************************************************
                  SCF history at MD=107                    
***********************************************************
***********************************************************

   SCF=   1  NormRD=  1.000000000000  Uele= -44.926749506408
   SCF=   2  NormRD=  0.000034353856  Uele= -44.926748008177
   SCF=   3  NormRD=  0.000017851434  Uele= -44.926746735174
   SCF=   4  NormRD=  0.000046442165  Uele= -44.926748181770
   SCF=   5  NormRD=  0.000008059029  Uele= -44.926746370793
   SCF=   6  NormRD=  0.000004451800  Uele= -44.926746286408
   SCF=   7  NormRD=  0.000001218279  Uele= -44.926746488273
   SCF=   8  NormRD=  0.000000354853  Uele= -44.926746399558
   SCF=   9  NormRD=  0.000000105076  Uele= -44.926746426649
   SCF=  10  NormRD=  0.000000025854  Uele= -44.926746420845

*******************************************************
        Total energy (Hartree) at MD =107        
*******************************************************

  Uele.        -44.926746420845

  Ukin.         93.156036064080
  UH0.       -2493.531300059537
  UH1.           0.110149518319
  Una.        -125.371070565738
  Unl.          25.293855012231
  Uxc0.        -16.323188425333
  Uxc1.        -16.323188425333
  Ucore.      2348.939280325062
  Uhub.          0.000000000000
  Ucs.           0.000000000000
  Uzs.           0.000000000000
  Uzo.           0.000000000000
  Uef.           0.000000000000
  UvdW.          0.000000000000
  Uch.           0.000000000000
  Utot.       -184.049426556248

  UpV.           0.000000000000
  Enpy.       -184.049426556248
  Note:

  Utot = Ukin+UH0+UH1+Una+Unl+Uxc0+Uxc1+Ucore+Uhub+Ucs+Uzs+Uzo+Uef+UvdW+Uch

  Uele:   band energy
  Ukin:   kinetic energy
  UH0:    electric part of screened Coulomb energy
  UH1:    difference electron-electron Coulomb energy
  Una:    neutral atom potential energy
  Unl:    non-local potential energy
  Uxc0:   exchange-correlation energy for alpha spin
  Uxc1:   exchange-correlation energy for beta spin
  Ucore:  core-core Coulomb energy
  Uhub:   LDA+U energy
  Ucs:    constraint energy for spin orientation
  Uzs:    Zeeman term for spin magnetic moment
  Uzo:    Zeeman term for orbital magnetic moment
  Uef:    electric energy by electric field
  UvdW:   semi-empirical vdW energy
  Uch:    penalty term to create a core hole

  UpV:    pressure times volume
  Enpy:   Enthalpy = Utot + UpV
  (see also PRB 72, 045121(2005) for the energy contributions)



  Chemical potential (Hartree)      -0.261058511328

***********************************************************
***********************************************************
                  SCF history at MD=108                    
***********************************************************
***********************************************************

   SCF=   1  NormRD=  1.000000000000  Uele= -44.926408517426
   SCF=   2  NormRD=  0.002475311271  Uele= -44.926752142606
   SCF=   3  NormRD=  0.001598424181  Uele= -44.926753656301
   SCF=   4  NormRD=  0.002036319921  Uele= -44.927057562293
   SCF=   5  NormRD=  0.000194567017  Uele= -44.926895505651
   SCF=   6  NormRD=  0.000255816574  Uele= -44.926901125325
   SCF=   7  NormRD=  0.000044012444  Uele= -44.926899486463
   SCF=   8  NormRD=  0.000010428946  Uele= -44.926900164282
   SCF=   9  NormRD=  0.000006604710  Uele= -44.926901906361
   SCF=  10  NormRD=  0.000000681775  Uele= -44.926902120017
   SCF=  11  NormRD=  0.000000482275  Uele= -44.926901682151
   SCF=  12  NormRD=  0.000000071801  Uele= -44.926901663670
   SCF=  13  NormRD=  0.000000017374  Uele= -44.926901683897
   SCF=  14  NormRD=  0.000000002293  Uele= -44.926901688044

*******************************************************
        Total energy (Hartree) at MD =108        
*******************************************************

  Uele.        -44.926901688044

  Ukin.         93.155336422656
  UH0.       -2493.530967414236
  UH1.           0.110170278443
  Una.        -125.370255711794
  Unl.          25.293954834168
  Uxc0.        -16.323129437309
  Uxc1.        -16.323129437309
  Ucore.      2348.938595345681
  Uhub.          0.000000000000
  Ucs.           0.000000000000
  Uzs.           0.000000000000
  Uzo.           0.000000000000
  Uef.           0.000000000000
  UvdW.          0.000000000000
  Uch.           0.000000000000
  Utot.       -184.049425119700

  UpV.           0.000000000000
  Enpy.       -184.049425119700
  Note:

  Utot = Ukin+UH0+UH1+Una+Unl+Uxc0+Uxc1+Ucore+Uhub+Ucs+Uzs+Uzo+Uef+UvdW+Uch

  Uele:   band energy
  Ukin:   kinetic energy
  UH0:    electric part of screened Coulomb energy
  UH1:    difference electron-electron Coulomb energy
  Una:    neutral atom potential energy
  Unl:    non-local potential energy
  Uxc0:   exchange-correlation energy for alpha spin
  Uxc1:   exchange-correlation energy for beta spin
  Ucore:  core-core Coulomb energy
  Uhub:   LDA+U energy
  Ucs:    constraint energy for spin orientation
  Uzs:    Zeeman term for spin magnetic moment
  Uzo:    Zeeman term for orbital magnetic moment
  Uef:    electric energy by electric field
  UvdW:   semi-empirical vdW energy
  Uch:    penalty term to create a core hole

  UpV:    pressure times volume
  Enpy:   Enthalpy = Utot + UpV
  (see also PRB 72, 045121(2005) for the energy contributions)



  Chemical potential (Hartree)      -0.266019181136

***********************************************************
***********************************************************
                  SCF history at MD=109                    
***********************************************************
***********************************************************

   SCF=   1  NormRD=  1.000000000000  Uele= -44.926904645882
   SCF=   2  NormRD=  0.001558511272  Uele= -44.926771623926
   SCF=   3  NormRD=  0.001988000734  Uele= -44.926988258524
   SCF=   4  NormRD=  0.000041766347  Uele= -44.926883557581
   SCF=   5  NormRD=  0.000049114824  Uele= -44.926902965157
   SCF=   6  NormRD=  0.000005247513  Uele= -44.926902812302
   SCF=   7  NormRD=  0.000002995203  Uele= -44.926900463658
   SCF=   8  NormRD=  0.000000545353  Uele= -44.926900075700
   SCF=   9  NormRD=  0.000000651648  Uele= -44.926900092974
   SCF=  10  NormRD=  0.000000044479  Uele= -44.926900120201
   SCF=  11  NormRD=  0.000000023799  Uele= -44.926900126263

*******************************************************
        Total energy (Hartree) at MD =109        
*******************************************************

  Uele.        -44.926900126263

  Ukin.         93.155341555032
  UH0.       -2493.530898449358
  UH1.           0.110169947442
  Una.        -125.370260432586
  Unl.          25.293952940925
  Uxc0.        -16.323129774618
  Uxc1.        -16.323129774618
  Ucore.      2348.938528883111
  Uhub.          0.000000000000
  Ucs.           0.000000000000
  Uzs.           0.000000000000
  Uzo.           0.000000000000
  Uef.           0.000000000000
  UvdW.          0.000000000000
  Uch.           0.000000000000
  Utot.       -184.049425104671

  UpV.           0.000000000000
  Enpy.       -184.049425104671
  Note:

  Utot = Ukin+UH0+UH1+Una+Unl+Uxc0+Uxc1+Ucore+Uhub+Ucs+Uzs+Uzo+Uef+UvdW+Uch

  Uele:   band energy
  Ukin:   kinetic energy
  UH0:    electric part of screened Coulomb energy
  UH1:    difference electron-electron Coulomb energy
  Una:    neutral atom potential energy
  Unl:    non-local potential energy
  Uxc0:   exchange-correlation energy for alpha spin
  Uxc1:   exchange-correlation energy for beta spin
  Ucore:  core-core Coulomb energy
  Uhub:   LDA+U energy
  Ucs:    constraint energy for spin orientation
  Uzs:    Zeeman term for spin magnetic moment
  Uzo:    Zeeman term for orbital magnetic moment
  Uef:    electric energy by electric field
  UvdW:   semi-empirical vdW energy
  Uch:    penalty term to create a core hole

  UpV:    pressure times volume
  Enpy:   Enthalpy = Utot + UpV
  (see also PRB 72, 045121(2005) for the energy contributions)



  Chemical potential (Hartree)      -0.266018986931

***********************************************************
***********************************************************
                  SCF history at MD=110                    
***********************************************************
***********************************************************

   SCF=   1  NormRD=  1.000000000000  Uele= -44.927337525184
   SCF=   2  NormRD=  0.002850181364  Uele= -44.926922214921
   SCF=   3  NormRD=  0.001757891959  Uele= -44.926891566409
   SCF=   4  NormRD=  0.002499079514  Uele= -44.926525849489
   SCF=   5  NormRD=  0.000181235349  Uele= -44.926724977413
   SCF=   6  NormRD=  0.000302045441  Uele= -44.926715832188
   SCF=   7  NormRD=  0.000023614039  Uele= -44.926720190092
   SCF=   8  NormRD=  0.000018065637  Uele= -44.926719060530
   SCF=   9  NormRD=  0.000006125728  Uele= -44.926717660910
   SCF=  10  NormRD=  0.000000739721  Uele= -44.926717471375
   SCF=  11  NormRD=  0.000000518514  Uele= -44.926717961430
   SCF=  12  NormRD=  0.000000085550  Uele= -44.926717976296
   SCF=  13  NormRD=  0.000000024925  Uele= -44.926717958936
   SCF=  14  NormRD=  0.000000003034  Uele= -44.926717951341

*******************************************************
        Total energy (Hartree) at MD =110        
*******************************************************

  Uele.        -44.926717951341

  Ukin.         93.156224963451
  UH0.       -2493.533233870855
  UH1.           0.110148433730
  Una.        -125.371329238285
  Unl.          25.293861538169
  Uxc0.        -16.323206738222
  Uxc1.        -16.323206738222
  Ucore.      2348.941315290745
  Uhub.          0.000000000000
  Ucs.           0.000000000000
  Uzs.           0.000000000000
  Uzo.           0.000000000000
  Uef.           0.000000000000
  UvdW.          0.000000000000
  Uch.           0.000000000000
  Utot.       -184.049426359489

  UpV.           0.000000000000
  Enpy.       -184.049426359489
  Note:

  Utot = Ukin+UH0+UH1+Una+Unl+Uxc0+Uxc1+Ucore+Uhub+Ucs+Uzs+Uzo+Uef+UvdW+Uch

  Uele:   band energy
  Ukin:   kinetic energy
  UH0:    electric part of screened Coulomb energy
  UH1:    difference electron-electron Coulomb energy
  Una:    neutral atom potential energy
  Unl:    non-local potential energy
  Uxc0:   exchange-correlation energy for alpha spin
  Uxc1:   exchange-correlation energy for beta spin
  Ucore:  core-core Coulomb energy
  Uhub:   LDA+U energy
  Ucs:    constraint energy for spin orientation
  Uzs:    Zeeman term for spin magnetic moment
  Uzo:    Zeeman term for orbital magnetic moment
  Uef:    electric energy by electric field
  UvdW:   semi-empirical vdW energy
  Uch:    penalty term to create a core hole

  UpV:    pressure times volume
  Enpy:   Enthalpy = Utot + UpV
  (see also PRB 72, 045121(2005) for the energy contributions)



  Chemical potential (Hartree)      -0.266005303782

***********************************************************
***********************************************************
                  SCF history at MD=111                    
***********************************************************
***********************************************************

   SCF=   1  NormRD=  1.000000000000  Uele= -44.926684921391
   SCF=   2  NormRD=  0.000092251089  Uele= -44.926676413431
   SCF=   3  NormRD=  0.000108779562  Uele= -44.926687557102
   SCF=   4  NormRD=  0.000014298176  Uele= -44.926680856296
   SCF=   5  NormRD=  0.000015795014  Uele= -44.926682587672
   SCF=   6  NormRD=  0.000004465021  Uele= -44.926682639571
   SCF=   7  NormRD=  0.000002232882  Uele= -44.926682484795
   SCF=   8  NormRD=  0.000000462599  Uele= -44.926682466219
   SCF=   9  NormRD=  0.000000475567  Uele= -44.926682440983
   SCF=  10  NormRD=  0.000000016997  Uele= -44.926682431208

*******************************************************
        Total energy (Hartree) at MD =111        
*******************************************************

  Uele.        -44.926682431208

  Ukin.         93.156378436194
  UH0.       -2493.533132501389
  UH1.           0.110143756825
  Una.        -125.371506697836
  Unl.          25.293838801173
  Uxc0.        -16.323219612254
  Uxc1.        -16.323219612254
  Ucore.      2348.941290770967
  Uhub.          0.000000000000
  Ucs.           0.000000000000
  Uzs.           0.000000000000
  Uzo.           0.000000000000
  Uef.           0.000000000000
  UvdW.          0.000000000000
  Uch.           0.000000000000
  Utot.       -184.049426658573

  UpV.           0.000000000000
  Enpy.       -184.049426658573
  Note:

  Utot = Ukin+UH0+UH1+Una+Unl+Uxc0+Uxc1+Ucore+Uhub+Ucs+Uzs+Uzo+Uef+UvdW+Uch

  Uele:   band energy
  Ukin:   kinetic energy
  UH0:    electric part of screened Coulomb energy
  UH1:    difference electron-electron Coulomb energy
  Una:    neutral atom potential energy
  Unl:    non-local potential energy
  Uxc0:   exchange-correlation energy for alpha spin
  Uxc1:   exchange-correlation energy for beta spin
  Ucore:  core-core Coulomb energy
  Uhub:   LDA+U energy
  Ucs:    constraint energy for spin orientation
  Uzs:    Zeeman term for spin magnetic moment
  Uzo:    Zeeman term for orbital magnetic moment
  Uef:    electric energy by electric field
  UvdW:   semi-empirical vdW energy
  Uch:    penalty term to create a core hole

  UpV:    pressure times volume
  Enpy:   Enthalpy = Utot + UpV
  (see also PRB 72, 045121(2005) for the energy contributions)



  Chemical potential (Hartree)      -0.266002344552

***********************************************************
***********************************************************
                  SCF history at MD=112                    
***********************************************************
***********************************************************

   SCF=   1  NormRD=  1.000000000000  Uele= -44.926761327113
   SCF=   2  NormRD=  0.000033853722  Uele= -44.926761835276
   SCF=   3  NormRD=  0.000017029547  Uele= -44.926762080819
   SCF=   4  NormRD=  0.000046543217  Uele= -44.926762489510
   SCF=   5  NormRD=  0.000003749893  Uele= -44.926762389324
   SCF=   6  NormRD=  0.000006426809  Uele= -44.926762282835
   SCF=   7  NormRD=  0.000000238198  Uele= -44.926762349040
   SCF=   8  NormRD=  0.000000510896  Uele= -44.926762359344
   SCF=   9  NormRD=  0.000000037053  Uele= -44.926762354110

*******************************************************
        Total energy (Hartree) at MD =112        
*******************************************************

  Uele.        -44.926762354110

  Ukin.         93.156031275206
  UH0.       -2493.533336382185
  UH1.           0.110154575070
  Una.        -125.371107182984
  Unl.          25.293892380527
  Uxc0.        -16.323190658090
  Uxc1.        -16.323190658090
  Ucore.      2348.941320578464
  Uhub.          0.000000000000
  Ucs.           0.000000000000
  Uzs.           0.000000000000
  Uzo.           0.000000000000
  Uef.           0.000000000000
  UvdW.          0.000000000000
  Uch.           0.000000000000
  Utot.       -184.049426072081

  UpV.           0.000000000000
  Enpy.       -184.049426072081
  Note:

  Utot = Ukin+UH0+UH1+Una+Unl+Uxc0+Uxc1+Ucore+Uhub+Ucs+Uzs+Uzo+Uef+UvdW+Uch

  Uele:   band energy
  Ukin:   kinetic energy
  UH0:    electric part of screened Coulomb energy
  UH1:    difference electron-electron Coulomb energy
  Una:    neutral atom potential energy
  Unl:    non-local potential energy
  Uxc0:   exchange-correlation energy for alpha spin
  Uxc1:   exchange-correlation energy for beta spin
  Ucore:  core-core Coulomb energy
  Uhub:   LDA+U energy
  Ucs:    constraint energy for spin orientation
  Uzs:    Zeeman term for spin magnetic moment
  Uzo:    Zeeman term for orbital magnetic moment
  Uef:    electric energy by electric field
  UvdW:   semi-empirical vdW energy
  Uch:    penalty term to create a core hole

  UpV:    pressure times volume
  Enpy:   Enthalpy = Utot + UpV
  (see also PRB 72, 045121(2005) for the energy contributions)



  Chemical potential (Hartree)      -0.266009087695

***********************************************************
***********************************************************
                  SCF history at MD=113                    
***********************************************************
***********************************************************

   SCF=   1  NormRD=  1.000000000000  Uele= -44.926721822854
   SCF=   2  NormRD=  0.000102465241  Uele= -44.926712753046
   SCF=   3  NormRD=  0.000127665529  Uele= -44.926726395387
   SCF=   4  NormRD=  0.000007614716  Uele= -44.926719520297
   SCF=   5  NormRD=  0.000011981105  Uele= -44.926720867139
   SCF=   6  NormRD=  0.000002642397  Uele= -44.926720798821
   SCF=   7  NormRD=  0.000001099491  Uele= -44.926720701163
   SCF=   8  NormRD=  0.000000282304  Uele= -44.926720685241
   SCF=   9  NormRD=  0.000000177362  Uele= -44.926720659851
   SCF=  10  NormRD=  0.000000013048  Uele= -44.926720659738

*******************************************************
        Total energy (Hartree) at MD =113        
*******************************************************

  Uele.        -44.926720659738

  Ukin.         93.156206765590
  UH0.       -2493.533216596173
  UH1.           0.110148422137
  Una.        -125.371304059968
  Unl.          25.293860598925
  Uxc0.        -16.323204956644
  Uxc1.        -16.323204956644
  Ucore.      2348.941288425162
  Uhub.          0.000000000000
  Ucs.           0.000000000000
  Uzs.           0.000000000000
  Uzo.           0.000000000000
  Uef.           0.000000000000
  UvdW.          0.000000000000
  Uch.           0.000000000000
  Utot.       -184.049426357615

  UpV.           0.000000000000
  Enpy.       -184.049426357615
  Note:

  Utot = Ukin+UH0+UH1+Una+Unl+Uxc0+Uxc1+Ucore+Uhub+Ucs+Uzs+Uzo+Uef+UvdW+Uch

  Uele:   band energy
  Ukin:   kinetic energy
  UH0:    electric part of screened Coulomb energy
  UH1:    difference electron-electron Coulomb energy
  Una:    neutral atom potential energy
  Unl:    non-local potential energy
  Uxc0:   exchange-correlation energy for alpha spin
  Uxc1:   exchange-correlation energy for beta spin
  Ucore:  core-core Coulomb energy
  Uhub:   LDA+U energy
  Ucs:    constraint energy for spin orientation
  Uzs:    Zeeman term for spin magnetic moment
  Uzo:    Zeeman term for orbital magnetic moment
  Uef:    electric energy by electric field
  UvdW:   semi-empirical vdW energy
  Uch:    penalty term to create a core hole

  UpV:    pressure times volume
  Enpy:   Enthalpy = Utot + UpV
  (see also PRB 72, 045121(2005) for the energy contributions)



  Chemical potential (Hartree)      -0.266005511729

***********************************************************
***********************************************************
                  SCF history at MD=114                    
***********************************************************
***********************************************************

   SCF=   1  NormRD=  1.000000000000  Uele= -44.926703128699
   SCF=   2  NormRD=  0.000031851035  Uele= -44.926701765801
   SCF=   3  NormRD=  0.000016819206  Uele= -44.926700909035
   SCF=   4  NormRD=  0.000045605805  Uele= -44.926701373943
   SCF=   5  NormRD=  0.000003015776  Uele= -44.926700633767
   SCF=   6  NormRD=  0.000004747583  Uele= -44.926700327650
   SCF=   7  NormRD=  0.000000295206  Uele= -44.926700566781
   SCF=   8  NormRD=  0.000000388592  Uele= -44.926700556827

*******************************************************
        Total energy (Hartree) at MD =114        
*******************************************************

  Uele.        -44.926700556827

  Ukin.         93.156281702027
  UH0.       -2493.533069252352
  UH1.           0.110145069389
  Una.        -125.371382022043
  Unl.          25.293841906328
  Uxc0.        -16.323210755925
  Uxc1.        -16.323210755925
  Ucore.      2348.941177424400
  Uhub.          0.000000000000
  Ucs.           0.000000000000
  Uzs.           0.000000000000
  Uzo.           0.000000000000
  Uef.           0.000000000000
  UvdW.          0.000000000000
  Uch.           0.000000000000
  Utot.       -184.049426684101

  UpV.           0.000000000000
  Enpy.       -184.049426684101
  Note:

  Utot = Ukin+UH0+UH1+Una+Unl+Uxc0+Uxc1+Ucore+Uhub+Ucs+Uzs+Uzo+Uef+UvdW+Uch

  Uele:   band energy
  Ukin:   kinetic energy
  UH0:    electric part of screened Coulomb energy
  UH1:    difference electron-electron Coulomb energy
  Una:    neutral atom potential energy
  Unl:    non-local potential energy
  Uxc0:   exchange-correlation energy for alpha spin
  Uxc1:   exchange-correlation energy for beta spin
  Ucore:  core-core Coulomb energy
  Uhub:   LDA+U energy
  Ucs:    constraint energy for spin orientation
  Uzs:    Zeeman term for spin magnetic moment
  Uzo:    Zeeman term for orbital magnetic moment
  Uef:    electric energy by electric field
  UvdW:   semi-empirical vdW energy
  Uch:    penalty term to create a core hole

  UpV:    pressure times volume
  Enpy:   Enthalpy = Utot + UpV
  (see also PRB 72, 045121(2005) for the energy contributions)



  Chemical potential (Hartree)      -0.266003756486

***********************************************************
***********************************************************
                  SCF history at MD=115                    
***********************************************************
***********************************************************

   SCF=   1  NormRD=  1.000000000000  Uele= -44.926712181805
   SCF=   2  NormRD=  0.000031909789  Uele= -44.926713864038
   SCF=   3  NormRD=  0.000026716414  Uele= -44.926717614004
   SCF=   4  NormRD=  0.000022012830  Uele= -44.926716373165
   SCF=   5  NormRD=  0.000004134166  Uele= -44.926717626683
   SCF=   6  NormRD=  0.000004114678  Uele= -44.926717769591
   SCF=   7  NormRD=  0.000000902105  Uele= -44.926717645543
   SCF=   8  NormRD=  0.000000392161  Uele= -44.926717645638

*******************************************************
        Total energy (Hartree) at MD =115        
*******************************************************

  Uele.        -44.926717645638

  Ukin.         93.156263984190
  UH0.       -2493.533666145051
  UH1.           0.110150015602
  Una.        -125.371398180613
  Unl.          25.293875678181
  Uxc0.        -16.323211478863
  Uxc1.        -16.323211478863
  Ucore.      2348.941771197388
  Uhub.          0.000000000000
  Ucs.           0.000000000000
  Uzs.           0.000000000000
  Uzo.           0.000000000000
  Uef.           0.000000000000
  UvdW.          0.000000000000
  Uch.           0.000000000000
  Utot.       -184.049426408029

  UpV.           0.000000000000
  Enpy.       -184.049426408029
  Note:

  Utot = Ukin+UH0+UH1+Una+Unl+Uxc0+Uxc1+Ucore+Uhub+Ucs+Uzs+Uzo+Uef+UvdW+Uch

  Uele:   band energy
  Ukin:   kinetic energy
  UH0:    electric part of screened Coulomb energy
  UH1:    difference electron-electron Coulomb energy
  Una:    neutral atom potential energy
  Unl:    non-local potential energy
  Uxc0:   exchange-correlation energy for alpha spin
  Uxc1:   exchange-correlation energy for beta spin
  Ucore:  core-core Coulomb energy
  Uhub:   LDA+U energy
  Ucs:    constraint energy for spin orientation
  Uzs:    Zeeman term for spin magnetic moment
  Uzo:    Zeeman term for orbital magnetic moment
  Uef:    electric energy by electric field
  UvdW:   semi-empirical vdW energy
  Uch:    penalty term to create a core hole

  UpV:    pressure times volume
  Enpy:   Enthalpy = Utot + UpV
  (see also PRB 72, 045121(2005) for the energy contributions)



  Chemical potential (Hartree)      -0.266005611298

***********************************************************
***********************************************************
                  SCF history at MD=116                    
***********************************************************
***********************************************************

   SCF=   1  NormRD=  1.000000000000  Uele= -44.926336832832
   SCF=   2  NormRD=  0.002889521327  Uele= -44.926704424301
   SCF=   3  NormRD=  0.001751458699  Uele= -44.926722666877
   SCF=   4  NormRD=  0.002588928235  Uele= -44.927071866974
   SCF=   5  NormRD=  0.000172781688  Uele= -44.926870084175
   SCF=   6  NormRD=  0.000292183004  Uele= -44.926879708223
   SCF=   7  NormRD=  0.000017469776  Uele= -44.926875532828
   SCF=   8  NormRD=  0.000021367815  Uele= -44.926877247599
   SCF=   9  NormRD=  0.000004667755  Uele= -44.926877900687
   SCF=  10  NormRD=  0.000000917965  Uele= -44.926878017758
   SCF=  11  NormRD=  0.000000455326  Uele= -44.926877568607
   SCF=  12  NormRD=  0.000000100679  Uele= -44.926877554484
   SCF=  13  NormRD=  0.000000023301  Uele= -44.926877575371
   SCF=  14  NormRD=  0.000000002754  Uele= -44.926877582000

*******************************************************
        Total energy (Hartree) at MD =116        
*******************************************************

  Uele.        -44.926877582000

  Ukin.         93.155508743265
  UH0.       -2493.533112323535
  UH1.           0.110169952833
  Una.        -125.370496896704
  Unl.          25.293965745317
  Uxc0.        -16.323146722104
  Uxc1.        -16.323146722104
  Ucore.      2348.940832982214
  Uhub.          0.000000000000
  Ucs.           0.000000000000
  Uzs.           0.000000000000
  Uzo.           0.000000000000
  Uef.           0.000000000000
  UvdW.          0.000000000000
  Uch.           0.000000000000
  Utot.       -184.049425240817

  UpV.           0.000000000000
  Enpy.       -184.049425240817
  Note:

  Utot = Ukin+UH0+UH1+Una+Unl+Uxc0+Uxc1+Ucore+Uhub+Ucs+Uzs+Uzo+Uef+UvdW+Uch

  Uele:   band energy
  Ukin:   kinetic energy
  UH0:    electric part of screened Coulomb energy
  UH1:    difference electron-electron Coulomb energy
  Una:    neutral atom potential energy
  Unl:    non-local potential energy
  Uxc0:   exchange-correlation energy for alpha spin
  Uxc1:   exchange-correlation energy for beta spin
  Ucore:  core-core Coulomb energy
  Uhub:   LDA+U energy
  Ucs:    constraint energy for spin orientation
  Uzs:    Zeeman term for spin magnetic moment
  Uzo:    Zeeman term for orbital magnetic moment
  Uef:    electric energy by electric field
  UvdW:   semi-empirical vdW energy
  Uch:    penalty term to create a core hole

  UpV:    pressure times volume
  Enpy:   Enthalpy = Utot + UpV
  (see also PRB 72, 045121(2005) for the energy contributions)



  Chemical potential (Hartree)      -0.266018434769

***********************************************************
***********************************************************
                  SCF history at MD=117                    
***********************************************************
***********************************************************

   SCF=   1  NormRD=  1.000000000000  Uele= -44.926662466844
   SCF=   2  NormRD=  0.000042830148  Uele= -44.926661199815
   SCF=   3  NormRD=  0.000022158524  Uele= -44.926661291360
   SCF=   4  NormRD=  0.000061083093  Uele= -44.926658887283
   SCF=   5  NormRD=  0.000004421574  Uele= -44.926660799505
   SCF=   6  NormRD=  0.000006301615  Uele= -44.926661208797
   SCF=   7  NormRD=  0.000000883334  Uele= -44.926660795894
   SCF=   8  NormRD=  0.000000461347  Uele= -44.926660848694
   SCF=   9  NormRD=  0.000000070346  Uele= -44.926660821166
   SCF=  10  NormRD=  0.000000034944  Uele= -44.926660821869

*******************************************************
        Total energy (Hartree) at MD =117        
*******************************************************

  Uele.        -44.926660821869

  Ukin.         93.156489792440
  UH0.       -2493.533330517873
  UH1.           0.110141426241
  Una.        -125.371644873088
  Unl.          25.293829759351
  Uxc0.        -16.323229436486
  Uxc1.        -16.323229436486
  Ucore.      2348.941546524442
  Uhub.          0.000000000000
  Ucs.           0.000000000000
  Uzs.           0.000000000000
  Uzo.           0.000000000000
  Uef.           0.000000000000
  UvdW.          0.000000000000
  Uch.           0.000000000000
  Utot.       -184.049426761459

  UpV.           0.000000000000
  Enpy.       -184.049426761459
  Note:

  Utot = Ukin+UH0+UH1+Una+Unl+Uxc0+Uxc1+Ucore+Uhub+Ucs+Uzs+Uzo+Uef+UvdW+Uch

  Uele:   band energy
  Ukin:   kinetic energy
  UH0:    electric part of screened Coulomb energy
  UH1:    difference electron-electron Coulomb energy
  Una:    neutral atom potential energy
  Unl:    non-local potential energy
  Uxc0:   exchange-correlation energy for alpha spin
  Uxc1:   exchange-correlation energy for beta spin
  Ucore:  core-core Coulomb energy
  Uhub:   LDA+U energy
  Ucs:    constraint energy for spin orientation
  Uzs:    Zeeman term for spin magnetic moment
  Uzo:    Zeeman term for orbital magnetic moment
  Uef:    electric energy by electric field
  UvdW:   semi-empirical vdW energy
  Uch:    penalty term to create a core hole

  UpV:    pressure times volume
  Enpy:   Enthalpy = Utot + UpV
  (see also PRB 72, 045121(2005) for the energy contributions)



  Chemical potential (Hartree)      -0.266000804933

***********************************************************
***********************************************************
                  SCF history at MD=118                    
***********************************************************
***********************************************************

   SCF=   1  NormRD=  1.000000000000  Uele= -44.926651555118
   SCF=   2  NormRD=  0.000043025098  Uele= -44.926650803546
   SCF=   3  NormRD=  0.000022950236  Uele= -44.926651760480
   SCF=   4  NormRD=  0.000060008570  Uele= -44.926647411121
   SCF=   5  NormRD=  0.000005448622  Uele= -44.926651432025
   SCF=   6  NormRD=  0.000007169650  Uele= -44.926651791083
   SCF=   7  NormRD=  0.000001095636  Uele= -44.926651335412
   SCF=   8  NormRD=  0.000000432491  Uele= -44.926651381020
   SCF=   9  NormRD=  0.000000130141  Uele= -44.926651357185
   SCF=  10  NormRD=  0.000000029726  Uele= -44.926651357757

*******************************************************
        Total energy (Hartree) at MD =118        
*******************************************************

  Uele.        -44.926651357757

  Ukin.         93.156557778919
  UH0.       -2493.533587617467
  UH1.           0.110141357220
  Una.        -125.371740482023
  Unl.          25.293833801847
  Uxc0.        -16.323236075626
  Uxc1.        -16.323236075626
  Ucore.      2348.941840611149
  Uhub.          0.000000000000
  Ucs.           0.000000000000
  Uzs.           0.000000000000
  Uzo.           0.000000000000
  Uef.           0.000000000000
  UvdW.          0.000000000000
  Uch.           0.000000000000
  Utot.       -184.049426701608

  UpV.           0.000000000000
  Enpy.       -184.049426701608
  Note:

  Utot = Ukin+UH0+UH1+Una+Unl+Uxc0+Uxc1+Ucore+Uhub+Ucs+Uzs+Uzo+Uef+UvdW+Uch

  Uele:   band energy
  Ukin:   kinetic energy
  UH0:    electric part of screened Coulomb energy
  UH1:    difference electron-electron Coulomb energy
  Una:    neutral atom potential energy
  Unl:    non-local potential energy
  Uxc0:   exchange-correlation energy for alpha spin
  Uxc1:   exchange-correlation energy for beta spin
  Ucore:  core-core Coulomb energy
  Uhub:   LDA+U energy
  Ucs:    constraint energy for spin orientation
  Uzs:    Zeeman term for spin magnetic moment
  Uzo:    Zeeman term for orbital magnetic moment
  Uef:    electric energy by electric field
  UvdW:   semi-empirical vdW energy
  Uch:    penalty term to create a core hole

  UpV:    pressure times volume
  Enpy:   Enthalpy = Utot + UpV
  (see also PRB 72, 045121(2005) for the energy contributions)



  Chemical potential (Hartree)      -0.266000293863

***********************************************************
***********************************************************
                  SCF history at MD=119                    
***********************************************************
***********************************************************

   SCF=   1  NormRD=  1.000000000000  Uele= -44.926611060039
   SCF=   2  NormRD=  0.000046840356  Uele= -44.926602489340
   SCF=   3  NormRD=  0.000025456600  Uele= -44.926600450921
   SCF=   4  NormRD=  0.000062878309  Uele= -44.926592362638
   SCF=   5  NormRD=  0.000007371084  Uele= -44.926598075358
   SCF=   6  NormRD=  0.000005854495  Uele= -44.926597847246
   SCF=   7  NormRD=  0.000001486622  Uele= -44.926597623443
   SCF=   8  NormRD=  0.000000391327  Uele= -44.926597612485
   SCF=   9  NormRD=  0.000000247803  Uele= -44.926597558682
   SCF=  10  NormRD=  0.000000019045  Uele= -44.926597567082

*******************************************************
        Total energy (Hartree) at MD =119        
*******************************************************

  Uele.        -44.926597567082

  Ukin.         93.156753607058
  UH0.       -2493.533185147735
  UH1.           0.110132667767
  Una.        -125.371943771776
  Unl.          25.293785207683
  Uxc0.        -16.323250982928
  Uxc1.        -16.323250982928
  Ucore.      2348.941532496306
  Uhub.          0.000000000000
  Ucs.           0.000000000000
  Uzs.           0.000000000000
  Uzo.           0.000000000000
  Uef.           0.000000000000
  UvdW.          0.000000000000
  Uch.           0.000000000000
  Utot.       -184.049426906555

  UpV.           0.000000000000
  Enpy.       -184.049426906555
  Note:

  Utot = Ukin+UH0+UH1+Una+Unl+Uxc0+Uxc1+Ucore+Uhub+Ucs+Uzs+Uzo+Uef+UvdW+Uch

  Uele:   band energy
  Ukin:   kinetic energy
  UH0:    electric part of screened Coulomb energy
  UH1:    difference electron-electron Coulomb energy
  Una:    neutral atom potential energy
  Unl:    non-local potential energy
  Uxc0:   exchange-correlation energy for alpha spin
  Uxc1:   exchange-correlation energy for beta spin
  Ucore:  core-core Coulomb energy
  Uhub:   LDA+U energy
  Ucs:    constraint energy for spin orientation
  Uzs:    Zeeman term for spin magnetic moment
  Uzo:    Zeeman term for orbital magnetic moment
  Uef:    electric energy by electric field
  UvdW:   semi-empirical vdW energy
  Uch:    penalty term to create a core hole

  UpV:    pressure times volume
  Enpy:   Enthalpy = Utot + UpV
  (see also PRB 72, 045121(2005) for the energy contributions)



  Chemical potential (Hartree)      -0.265995662181

***********************************************************
***********************************************************
                  SCF history at MD=120                    
***********************************************************
***********************************************************

   SCF=   1  NormRD=  1.000000000000  Uele= -44.926694928300
   SCF=   2  NormRD=  0.000040820392  Uele= -44.926692376987
   SCF=   3  NormRD=  0.000021561458  Uele= -44.926690749109
   SCF=   4  NormRD=  0.000054145307  Uele= -44.926691657487
   SCF=   5  NormRD=  0.000007224246  Uele= -44.926690018357
   SCF=   6  NormRD=  0.000005261200  Uele= -44.926689980585
   SCF=   7  NormRD=  0.000001469956  Uele= -44.926690095758
   SCF=   8  NormRD=  0.000000319946  Uele= -44.926690061271
   SCF=   9  NormRD=  0.000000224722  Uele= -44.926690076292
   SCF=  10  NormRD=  0.000000019264  Uele= -44.926690069193

*******************************************************
        Total energy (Hartree) at MD =120        
*******************************************************

  Uele.        -44.926690069193

  Ukin.         93.156339935780
  UH0.       -2493.533017896076
  UH1.           0.110144526295
  Una.        -125.371458849565
  Unl.          25.293841512232
  Uxc0.        -16.323216179713
  Uxc1.        -16.323216179713
  Ucore.      2348.941156489414
  Uhub.          0.000000000000
  Ucs.           0.000000000000
  Uzs.           0.000000000000
  Uzo.           0.000000000000
  Uef.           0.000000000000
  UvdW.          0.000000000000
  Uch.           0.000000000000
  Utot.       -184.049426641347

  UpV.           0.000000000000
  Enpy.       -184.049426641347
  Note:

  Utot = Ukin+UH0+UH1+Una+Unl+Uxc0+Uxc1+Ucore+Uhub+Ucs+Uzs+Uzo+Uef+UvdW+Uch

  Uele:   band energy
  Ukin:   kinetic energy
  UH0:    electric part of screened Coulomb energy
  UH1:    difference electron-electron Coulomb energy
  Una:    neutral atom potential energy
  Unl:    non-local potential energy
  Uxc0:   exchange-correlation energy for alpha spin
  Uxc1:   exchange-correlation energy for beta spin
  Ucore:  core-core Coulomb energy
  Uhub:   LDA+U energy
  Ucs:    constraint energy for spin orientation
  Uzs:    Zeeman term for spin magnetic moment
  Uzo:    Zeeman term for orbital magnetic moment
  Uef:    electric energy by electric field
  UvdW:   semi-empirical vdW energy
  Uch:    penalty term to create a core hole

  UpV:    pressure times volume
  Enpy:   Enthalpy = Utot + UpV
  (see also PRB 72, 045121(2005) for the energy contributions)



  Chemical potential (Hartree)      -0.266002937374

***********************************************************
***********************************************************
                  SCF history at MD=121                    
***********************************************************
***********************************************************

   SCF=   1  NormRD=  1.000000000000  Uele= -44.926751562466
   SCF=   2  NormRD=  0.000038994811  Uele= -44.926745705115
   SCF=   3  NormRD=  0.000020743789  Uele= -44.926744020565
   SCF=   4  NormRD=  0.000054676731  Uele= -44.926739939182
   SCF=   5  NormRD=  0.000005286255  Uele= -44.926742275190
   SCF=   6  NormRD=  0.000006053506  Uele= -44.926742473061
   SCF=   7  NormRD=  0.000001157289  Uele= -44.926742174149
   SCF=   8  NormRD=  0.000000431863  Uele= -44.926742199805
   SCF=   9  NormRD=  0.000000121640  Uele= -44.926742162820
   SCF=  10  NormRD=  0.000000025797  Uele= -44.926742164321

*******************************************************
        Total energy (Hartree) at MD =121        
*******************************************************

  Uele.        -44.926742164321

  Ukin.         93.156079662602
  UH0.       -2493.532518149143
  UH1.           0.110150714322
  Una.        -125.371141664002
  Unl.          25.293867668555
  Uxc0.        -16.323193553803
  Uxc1.        -16.323193553803
  Ucore.      2348.940522400277
  Uhub.          0.000000000000
  Ucs.           0.000000000000
  Uzs.           0.000000000000
  Uzo.           0.000000000000
  Uef.           0.000000000000
  UvdW.          0.000000000000
  Uch.           0.000000000000
  Utot.       -184.049426474996

  UpV.           0.000000000000
  Enpy.       -184.049426474996
  Note:

  Utot = Ukin+UH0+UH1+Una+Unl+Uxc0+Uxc1+Ucore+Uhub+Ucs+Uzs+Uzo+Uef+UvdW+Uch

  Uele:   band energy
  Ukin:   kinetic energy
  UH0:    electric part of screened Coulomb energy
  UH1:    difference electron-electron Coulomb energy
  Una:    neutral atom potential energy
  Unl:    non-local potential energy
  Uxc0:   exchange-correlation energy for alpha spin
  Uxc1:   exchange-correlation energy for beta spin
  Ucore:  core-core Coulomb energy
  Uhub:   LDA+U energy
  Ucs:    constraint energy for spin orientation
  Uzs:    Zeeman term for spin magnetic moment
  Uzo:    Zeeman term for orbital magnetic moment
  Uef:    electric energy by electric field
  UvdW:   semi-empirical vdW energy
  Uch:    penalty term to create a core hole

  UpV:    pressure times volume
  Enpy:   Enthalpy = Utot + UpV
  (see also PRB 72, 045121(2005) for the energy contributions)



  Chemical potential (Hartree)      -0.266006896653

***********************************************************
***********************************************************
                  SCF history at MD=122                    
***********************************************************
***********************************************************

   SCF=   1  NormRD=  1.000000000000  Uele= -44.926772922984
   SCF=   2  NormRD=  0.000038711910  Uele= -44.926771218332
   SCF=   3  NormRD=  0.000019578203  Uele= -44.926770309182
   SCF=   4  NormRD=  0.000052147269  Uele= -44.926770819814
   SCF=   5  NormRD=  0.000003632080  Uele= -44.926769973319
   SCF=   6  NormRD=  0.000005938673  Uele= -44.926769787835
   SCF=   7  NormRD=  0.000000329010  Uele= -44.926769934128
   SCF=   8  NormRD=  0.000000532774  Uele= -44.926769924932

*******************************************************
        Total energy (Hartree) at MD =122        
*******************************************************

  Uele.        -44.926769924932

  Ukin.         93.155954323871
  UH0.       -2493.532416176457
  UH1.           0.110154646707
  Una.        -125.370997477859
  Unl.          25.293887420972
  Uxc0.        -16.323183150167
  Uxc1.        -16.323183150167
  Ucore.      2348.940357288109
  Uhub.          0.000000000000
  Ucs.           0.000000000000
  Uzs.           0.000000000000
  Uzo.           0.000000000000
  Uef.           0.000000000000
  UvdW.          0.000000000000
  Uch.           0.000000000000
  Utot.       -184.049426274990

  UpV.           0.000000000000
  Enpy.       -184.049426274990
  Note:

  Utot = Ukin+UH0+UH1+Una+Unl+Uxc0+Uxc1+Ucore+Uhub+Ucs+Uzs+Uzo+Uef+UvdW+Uch

  Uele:   band energy
  Ukin:   kinetic energy
  UH0:    electric part of screened Coulomb energy
  UH1:    difference electron-electron Coulomb energy
  Una:    neutral atom potential energy
  Unl:    non-local potential energy
  Uxc0:   exchange-correlation energy for alpha spin
  Uxc1:   exchange-correlation energy for beta spin
  Ucore:  core-core Coulomb energy
  Uhub:   LDA+U energy
  Ucs:    constraint energy for spin orientation
  Uzs:    Zeeman term for spin magnetic moment
  Uzo:    Zeeman term for orbital magnetic moment
  Uef:    electric energy by electric field
  UvdW:   semi-empirical vdW energy
  Uch:    penalty term to create a core hole

  UpV:    pressure times volume
  Enpy:   Enthalpy = Utot + UpV
  (see also PRB 72, 045121(2005) for the energy contributions)



  Chemical potential (Hartree)      -0.266009119333

***********************************************************
***********************************************************
                  SCF history at MD=123                    
***********************************************************
***********************************************************

   SCF=   1  NormRD=  1.000000000000  Uele= -44.926728251782
   SCF=   2  NormRD=  0.000038573116  Uele= -44.926729884914
   SCF=   3  NormRD=  0.000022070539  Uele= -44.926729028783
   SCF=   4  NormRD=  0.000051404624  Uele= -44.926733597567
   SCF=   5  NormRD=  0.000003994858  Uele= -44.926729629336
   SCF=   6  NormRD=  0.000006257891  Uele= -44.926729528846
   SCF=   7  NormRD=  0.000000406456  Uele= -44.926729778834
   SCF=   8  NormRD=  0.000000538064  Uele= -44.926729793318
   SCF=   9  NormRD=  0.000000119749  Uele= -44.926729810352
   SCF=  10  NormRD=  0.000000015588  Uele= -44.926729808057

*******************************************************
        Total energy (Hartree) at MD =123        
*******************************************************

  Uele.        -44.926729808057

  Ukin.         93.156137304527
  UH0.       -2493.532531179470
  UH1.           0.110149162636
  Una.        -125.371209994568
  Unl.          25.293860355498
  Uxc0.        -16.323198544630
  Uxc1.        -16.323198544630
  Ucore.      2348.940564785376
  Uhub.          0.000000000000
  Ucs.           0.000000000000
  Uzs.           0.000000000000
  Uzo.           0.000000000000
  Uef.           0.000000000000
  UvdW.          0.000000000000
  Uch.           0.000000000000
  Utot.       -184.049426655260

  UpV.           0.000000000000
  Enpy.       -184.049426655260
  Note:

  Utot = Ukin+UH0+UH1+Una+Unl+Uxc0+Uxc1+Ucore+Uhub+Ucs+Uzs+Uzo+Uef+UvdW+Uch

  Uele:   band energy
  Ukin:   kinetic energy
  UH0:    electric part of screened Coulomb energy
  UH1:    difference electron-electron Coulomb energy
  Una:    neutral atom potential energy
  Unl:    non-local potential energy
  Uxc0:   exchange-correlation energy for alpha spin
  Uxc1:   exchange-correlation energy for beta spin
  Ucore:  core-core Coulomb energy
  Uhub:   LDA+U energy
  Ucs:    constraint energy for spin orientation
  Uzs:    Zeeman term for spin magnetic moment
  Uzo:    Zeeman term for orbital magnetic moment
  Uef:    electric energy by electric field
  UvdW:   semi-empirical vdW energy
  Uch:    penalty term to create a core hole

  UpV:    pressure times volume
  Enpy:   Enthalpy = Utot + UpV
  (see also PRB 72, 045121(2005) for the energy contributions)



  Chemical potential (Hartree)      -0.266005850472

***********************************************************
***********************************************************
                  SCF history at MD=124                    
***********************************************************
***********************************************************

   SCF=   1  NormRD=  1.000000000000  Uele= -44.926726313519
   SCF=   2  NormRD=  0.000040412509  Uele= -44.926724680471
   SCF=   3  NormRD=  0.000034326770  Uele= -44.926728124247
   SCF=   4  NormRD=  0.000027277804  Uele= -44.926724547761
   SCF=   5  NormRD=  0.000005435353  Uele= -44.926727094774
   SCF=   6  NormRD=  0.000005254771  Uele= -44.926727120967
   SCF=   7  NormRD=  0.000000573725  Uele= -44.926726926440
   SCF=   8  NormRD=  0.000000345544  Uele= -44.926726917871

*******************************************************
        Total energy (Hartree) at MD =124        
*******************************************************

  Uele.        -44.926726917871

  Ukin.         93.156148052601
  UH0.       -2493.532489180066
  UH1.           0.110148808025
  Una.        -125.371221804381
  Unl.          25.293858466220
  Uxc0.        -16.323199422274
  Uxc1.        -16.323199422274
  Ucore.      2348.940527866599
  Uhub.          0.000000000000
  Ucs.           0.000000000000
  Uzs.           0.000000000000
  Uzo.           0.000000000000
  Uef.           0.000000000000
  UvdW.          0.000000000000
  Uch.           0.000000000000
  Utot.       -184.049426635551

  UpV.           0.000000000000
  Enpy.       -184.049426635551
  Note:

  Utot = Ukin+UH0+UH1+Una+Unl+Uxc0+Uxc1+Ucore+Uhub+Ucs+Uzs+Uzo+Uef+UvdW+Uch

  Uele:   band energy
  Ukin:   kinetic energy
  UH0:    electric part of screened Coulomb energy
  UH1:    difference electron-electron Coulomb energy
  Una:    neutral atom potential energy
  Unl:    non-local potential energy
  Uxc0:   exchange-correlation energy for alpha spin
  Uxc1:   exchange-correlation energy for beta spin
  Ucore:  core-core Coulomb energy
  Uhub:   LDA+U energy
  Ucs:    constraint energy for spin orientation
  Uzs:    Zeeman term for spin magnetic moment
  Uzo:    Zeeman term for orbital magnetic moment
  Uef:    electric energy by electric field
  UvdW:   semi-empirical vdW energy
  Uch:    penalty term to create a core hole

  UpV:    pressure times volume
  Enpy:   Enthalpy = Utot + UpV
  (see also PRB 72, 045121(2005) for the energy contributions)



  Chemical potential (Hartree)      -0.266005571463

***********************************************************
***********************************************************
                  SCF history at MD=125                    
***********************************************************
***********************************************************

   SCF=   1  NormRD=  1.000000000000  Uele= -44.926762442020
   SCF=   2  NormRD=  0.000050207451  Uele= -44.926759931571
   SCF=   3  NormRD=  0.000057080371  Uele= -44.926766551150
   SCF=   4  NormRD=  0.000010948397  Uele= -44.926763521890
   SCF=   5  NormRD=  0.000009327989  Uele= -44.926764631399
   SCF=   6  NormRD=  0.000003483502  Uele= -44.926764613849
   SCF=   7  NormRD=  0.000001047085  Uele= -44.926764531184
   SCF=   8  NormRD=  0.000000144590  Uele= -44.926764517089
   SCF=   9  NormRD=  0.000000191882  Uele= -44.926764507164

*******************************************************
        Total energy (Hartree) at MD =125        
*******************************************************

  Uele.        -44.926764507164

  Ukin.         93.155996246019
  UH0.       -2493.532746653274
  UH1.           0.110153645730
  Una.        -125.371050570642
  Unl.          25.293883410693
  Uxc0.        -16.323186723749
  Uxc1.        -16.323186723749
  Ucore.      2348.940711032408
  Uhub.          0.000000000000
  Ucs.           0.000000000000
  Uzs.           0.000000000000
  Uzo.           0.000000000000
  Uef.           0.000000000000
  UvdW.          0.000000000000
  Uch.           0.000000000000
  Utot.       -184.049426336564

  UpV.           0.000000000000
  Enpy.       -184.049426336564
  Note:

  Utot = Ukin+UH0+UH1+Una+Unl+Uxc0+Uxc1+Ucore+Uhub+Ucs+Uzs+Uzo+Uef+UvdW+Uch

  Uele:   band energy
  Ukin:   kinetic energy
  UH0:    electric part of screened Coulomb energy
  UH1:    difference electron-electron Coulomb energy
  Una:    neutral atom potential energy
  Unl:    non-local potential energy
  Uxc0:   exchange-correlation energy for alpha spin
  Uxc1:   exchange-correlation energy for beta spin
  Ucore:  core-core Coulomb energy
  Uhub:   LDA+U energy
  Ucs:    constraint energy for spin orientation
  Uzs:    Zeeman term for spin magnetic moment
  Uzo:    Zeeman term for orbital magnetic moment
  Uef:    electric energy by electric field
  UvdW:   semi-empirical vdW energy
  Uch:    penalty term to create a core hole

  UpV:    pressure times volume
  Enpy:   Enthalpy = Utot + UpV
  (see also PRB 72, 045121(2005) for the energy contributions)



  Chemical potential (Hartree)      -0.266009000409

***********************************************************
***********************************************************
                  SCF history at MD=126                    
***********************************************************
***********************************************************

   SCF=   1  NormRD=  1.000000000000  Uele= -44.926918457393
   SCF=   2  NormRD=  0.001203124880  Uele= -44.926757777559
   SCF=   3  NormRD=  0.000768102212  Uele= -44.926756715087
   SCF=   4  NormRD=  0.001188158121  Uele= -44.926589749190
   SCF=   5  NormRD=  0.000068119928  Uele= -44.926689298480
   SCF=   6  NormRD=  0.000135834223  Uele= -44.926686311339
   SCF=   7  NormRD=  0.000016394084  Uele= -44.926687353199
   SCF=   8  NormRD=  0.000007039396  Uele= -44.926687195252
   SCF=   9  NormRD=  0.000004760446  Uele= -44.926686279331
   SCF=  10  NormRD=  0.000000277529  Uele= -44.926686314487
   SCF=  11  NormRD=  0.000000404659  Uele= -44.926686484902
   SCF=  12  NormRD=  0.000000030015  Uele= -44.926686509942
   SCF=  13  NormRD=  0.000000008520  Uele= -44.926686498215
   SCF=  14  NormRD=  0.000000001049  Uele= -44.926686496357

*******************************************************
        Total energy (Hartree) at MD =126        
*******************************************************

  Uele.        -44.926686496357

  Ukin.         93.156328474788
  UH0.       -2493.532816197418
  UH1.           0.110143576016
  Una.        -125.371432824335
  Unl.          25.293833826963
  Uxc0.        -16.323214621710
  Uxc1.        -16.323214621710
  Ucore.      2348.940945664139
  Uhub.          0.000000000000
  Ucs.           0.000000000000
  Uzs.           0.000000000000
  Uzo.           0.000000000000
  Uef.           0.000000000000
  UvdW.          0.000000000000
  Uch.           0.000000000000
  Utot.       -184.049426723268

  UpV.           0.000000000000
  Enpy.       -184.049426723268
  Note:

  Utot = Ukin+UH0+UH1+Una+Unl+Uxc0+Uxc1+Ucore+Uhub+Ucs+Uzs+Uzo+Uef+UvdW+Uch

  Uele:   band energy
  Ukin:   kinetic energy
  UH0:    electric part of screened Coulomb energy
  UH1:    difference electron-electron Coulomb energy
  Una:    neutral atom potential energy
  Unl:    non-local potential energy
  Uxc0:   exchange-correlation energy for alpha spin
  Uxc1:   exchange-correlation energy for beta spin
  Ucore:  core-core Coulomb energy
  Uhub:   LDA+U energy
  Ucs:    constraint energy for spin orientation
  Uzs:    Zeeman term for spin magnetic moment
  Uzo:    Zeeman term for orbital magnetic moment
  Uef:    electric energy by electric field
  UvdW:   semi-empirical vdW energy
  Uch:    penalty term to create a core hole

  UpV:    pressure times volume
  Enpy:   Enthalpy = Utot + UpV
  (see also PRB 72, 045121(2005) for the energy contributions)



  Chemical potential (Hartree)      -0.266002468613

***********************************************************
***********************************************************
                  SCF history at MD=127                    
***********************************************************
***********************************************************

   SCF=   1  NormRD=  1.000000000000  Uele= -44.926840061836
   SCF=   2  NormRD=  0.000026084378  Uele= -44.926838602195
   SCF=   3  NormRD=  0.000013413360  Uele= -44.926838095474
   SCF=   4  NormRD=  0.000033246693  Uele= -44.926837716855
   SCF=   5  NormRD=  0.000002538168  Uele= -44.926837842462
   SCF=   6  NormRD=  0.000002910335  Uele= -44.926837869582
   SCF=   7  NormRD=  0.000000322512  Uele= -44.926837808268
   SCF=   8  NormRD=  0.000000265820  Uele= -44.926837817026

*******************************************************
        Total energy (Hartree) at MD =127        
*******************************************************

  Uele.        -44.926837817026

  Ukin.         93.155639365283
  UH0.       -2493.531451787110
  UH1.           0.110163393592
  Una.        -125.370624591529
  Unl.          25.293926960785
  Uxc0.        -16.323156245335
  Uxc1.        -16.323156245335
  Ucore.      2348.939233330983
  Uhub.          0.000000000000
  Ucs.           0.000000000000
  Uzs.           0.000000000000
  Uzo.           0.000000000000
  Uef.           0.000000000000
  UvdW.          0.000000000000
  Uch.           0.000000000000
  Utot.       -184.049425818666

  UpV.           0.000000000000
  Enpy.       -184.049425818666
  Note:

  Utot = Ukin+UH0+UH1+Una+Unl+Uxc0+Uxc1+Ucore+Uhub+Ucs+Uzs+Uzo+Uef+UvdW+Uch

  Uele:   band energy
  Ukin:   kinetic energy
  UH0:    electric part of screened Coulomb energy
  UH1:    difference electron-electron Coulomb energy
  Una:    neutral atom potential energy
  Unl:    non-local potential energy
  Uxc0:   exchange-correlation energy for alpha spin
  Uxc1:   exchange-correlation energy for beta spin
  Ucore:  core-core Coulomb energy
  Uhub:   LDA+U energy
  Ucs:    constraint energy for spin orientation
  Uzs:    Zeeman term for spin magnetic moment
  Uzo:    Zeeman term for orbital magnetic moment
  Uef:    electric energy by electric field
  UvdW:   semi-empirical vdW energy
  Uch:    penalty term to create a core hole

  UpV:    pressure times volume
  Enpy:   Enthalpy = Utot + UpV
  (see also PRB 72, 045121(2005) for the energy contributions)



  Chemical potential (Hartree)      -0.266014077453

***********************************************************
***********************************************************
                  SCF history at MD=128                    
***********************************************************
***********************************************************

   SCF=   1  NormRD=  1.000000000000  Uele= -44.926763000785
   SCF=   2  NormRD=  0.000021932362  Uele= -44.926763847066
   SCF=   3  NormRD=  0.000011223424  Uele= -44.926763921348
   SCF=   4  NormRD=  0.000028278797  Uele= -44.926765351060
   SCF=   5  NormRD=  0.000001833216  Uele= -44.926764203130
   SCF=   6  NormRD=  0.000002922878  Uele= -44.926764313326
   SCF=   7  NormRD=  0.000000325660  Uele= -44.926764280807
   SCF=   8  NormRD=  0.000000228779  Uele= -44.926764283994

*******************************************************
        Total energy (Hartree) at MD =128        
*******************************************************

  Uele.        -44.926764283994

  Ukin.         93.155997205769
  UH0.       -2493.532676089396
  UH1.           0.110153632794
  Una.        -125.371051713264
  Unl.          25.293883319822
  Uxc0.        -16.323186792707
  Uxc1.        -16.323186792707
  Ucore.      2348.940640872169
  Uhub.          0.000000000000
  Ucs.           0.000000000000
  Uzs.           0.000000000000
  Uzo.           0.000000000000
  Uef.           0.000000000000
  UvdW.          0.000000000000
  Uch.           0.000000000000
  Utot.       -184.049426357520

  UpV.           0.000000000000
  Enpy.       -184.049426357520
  Note:

  Utot = Ukin+UH0+UH1+Una+Unl+Uxc0+Uxc1+Ucore+Uhub+Ucs+Uzs+Uzo+Uef+UvdW+Uch

  Uele:   band energy
  Ukin:   kinetic energy
  UH0:    electric part of screened Coulomb energy
  UH1:    difference electron-electron Coulomb energy
  Una:    neutral atom potential energy
  Unl:    non-local potential energy
  Uxc0:   exchange-correlation energy for alpha spin
  Uxc1:   exchange-correlation energy for beta spin
  Ucore:  core-core Coulomb energy
  Uhub:   LDA+U energy
  Ucs:    constraint energy for spin orientation
  Uzs:    Zeeman term for spin magnetic moment
  Uzo:    Zeeman term for orbital magnetic moment
  Uef:    electric energy by electric field
  UvdW:   semi-empirical vdW energy
  Uch:    penalty term to create a core hole

  UpV:    pressure times volume
  Enpy:   Enthalpy = Utot + UpV
  (see also PRB 72, 045121(2005) for the energy contributions)



  Chemical potential (Hartree)      -0.266008942944

***********************************************************
***********************************************************
                  SCF history at MD=129                    
***********************************************************
***********************************************************

   SCF=   1  NormRD=  1.000000000000  Uele= -44.926789395218
   SCF=   2  NormRD=  0.000024015619  Uele= -44.926790417536
   SCF=   3  NormRD=  0.000012082194  Uele= -44.926790734875
   SCF=   4  NormRD=  0.000030792219  Uele= -44.926791635952
   SCF=   5  NormRD=  0.000002507146  Uele= -44.926791090768
   SCF=   6  NormRD=  0.000004029830  Uele= -44.926791109896
   SCF=   7  NormRD=  0.000000556869  Uele= -44.926791118969

*******************************************************
        Total energy (Hartree) at MD =129        
*******************************************************

  Uele.        -44.926791118969

  Ukin.         93.155882019372
  UH0.       -2493.532541147470
  UH1.           0.110157082630
  Una.        -125.370918963530
  Unl.          25.293900138730
  Uxc0.        -16.323177072053
  Uxc1.        -16.323177072053
  Ucore.      2348.940448832497
  Uhub.          0.000000000000
  Ucs.           0.000000000000
  Uzs.           0.000000000000
  Uzo.           0.000000000000
  Uef.           0.000000000000
  UvdW.          0.000000000000
  Uch.           0.000000000000
  Utot.       -184.049426181876

  UpV.           0.000000000000
  Enpy.       -184.049426181876
  Note:

  Utot = Ukin+UH0+UH1+Una+Unl+Uxc0+Uxc1+Ucore+Uhub+Ucs+Uzs+Uzo+Uef+UvdW+Uch

  Uele:   band energy
  Ukin:   kinetic energy
  UH0:    electric part of screened Coulomb energy
  UH1:    difference electron-electron Coulomb energy
  Una:    neutral atom potential energy
  Unl:    non-local potential energy
  Uxc0:   exchange-correlation energy for alpha spin
  Uxc1:   exchange-correlation energy for beta spin
  Ucore:  core-core Coulomb energy
  Uhub:   LDA+U energy
  Ucs:    constraint energy for spin orientation
  Uzs:    Zeeman term for spin magnetic moment
  Uzo:    Zeeman term for orbital magnetic moment
  Uef:    electric energy by electric field
  UvdW:   semi-empirical vdW energy
  Uch:    penalty term to create a core hole

  UpV:    pressure times volume
  Enpy:   Enthalpy = Utot + UpV
  (see also PRB 72, 045121(2005) for the energy contributions)



  Chemical potential (Hartree)      -0.266011158199

***********************************************************
***********************************************************
                  SCF history at MD=130                    
***********************************************************
***********************************************************

   SCF=   1  NormRD=  1.000000000000  Uele= -44.926726043020
   SCF=   2  NormRD=  0.000036412049  Uele= -44.926728617831
   SCF=   3  NormRD=  0.000021255046  Uele= -44.926728104000
   SCF=   4  NormRD=  0.000046799267  Uele= -44.926733022186
   SCF=   5  NormRD=  0.000004313315  Uele= -44.926728882038
   SCF=   6  NormRD=  0.000004040158  Uele= -44.926729136053
   SCF=   7  NormRD=  0.000000587805  Uele= -44.926729193112
   SCF=   8  NormRD=  0.000000507634  Uele= -44.926729205101
   SCF=   9  NormRD=  0.000000087391  Uele= -44.926729226415
   SCF=  10  NormRD=  0.000000016360  Uele= -44.926729224670

*******************************************************
        Total energy (Hartree) at MD =130        
*******************************************************

  Uele.        -44.926729224670

  Ukin.         93.156124984686
  UH0.       -2493.532392966830
  UH1.           0.110149309475
  Una.        -125.371191589103
  Unl.          25.293860188991
  Uxc0.        -16.323197437634
  Uxc1.        -16.323197437634
  Ucore.      2348.940418362899
  Uhub.          0.000000000000
  Ucs.           0.000000000000
  Uzs.           0.000000000000
  Uzo.           0.000000000000
  Uef.           0.000000000000
  UvdW.          0.000000000000
  Uch.           0.000000000000
  Utot.       -184.049426585150

  UpV.           0.000000000000
  Enpy.       -184.049426585150
  Note:

  Utot = Ukin+UH0+UH1+Una+Unl+Uxc0+Uxc1+Ucore+Uhub+Ucs+Uzs+Uzo+Uef+UvdW+Uch

  Uele:   band energy
  Ukin:   kinetic energy
  UH0:    electric part of screened Coulomb energy
  UH1:    difference electron-electron Coulomb energy
  Una:    neutral atom potential energy
  Unl:    non-local potential energy
  Uxc0:   exchange-correlation energy for alpha spin
  Uxc1:   exchange-correlation energy for beta spin
  Ucore:  core-core Coulomb energy
  Uhub:   LDA+U energy
  Ucs:    constraint energy for spin orientation
  Uzs:    Zeeman term for spin magnetic moment
  Uzo:    Zeeman term for orbital magnetic moment
  Uef:    electric energy by electric field
  UvdW:   semi-empirical vdW energy
  Uch:    penalty term to create a core hole

  UpV:    pressure times volume
  Enpy:   Enthalpy = Utot + UpV
  (see also PRB 72, 045121(2005) for the energy contributions)



  Chemical potential (Hartree)      -0.266005569774

***********************************************************
***********************************************************
                  SCF history at MD=131                    
***********************************************************
***********************************************************

   SCF=   1  NormRD=  1.000000000000  Uele= -44.926699395293
   SCF=   2  NormRD=  0.000030631280  Uele= -44.926698915225
   SCF=   3  NormRD=  0.000015280886  Uele= -44.926698482290
   SCF=   4  NormRD=  0.000029421534  Uele= -44.926699750068
   SCF=   5  NormRD=  0.000003813499  Uele= -44.926698223149
   SCF=   6  NormRD=  0.000003770805  Uele= -44.926698556335
   SCF=   7  NormRD=  0.000000340593  Uele= -44.926698432718
   SCF=   8  NormRD=  0.000000519341  Uele= -44.926698439938

*******************************************************
        Total energy (Hartree) at MD =131        
*******************************************************

  Uele.        -44.926698439938

  Ukin.         93.156255830445
  UH0.       -2493.532534547629
  UH1.           0.110145490375
  Una.        -125.371342930164
  Unl.          25.293841697687
  Uxc0.        -16.323208507891
  Uxc1.        -16.323208507891
  Ucore.      2348.940624714779
  Uhub.          0.000000000000
  Ucs.           0.000000000000
  Uzs.           0.000000000000
  Uzo.           0.000000000000
  Uef.           0.000000000000
  UvdW.          0.000000000000
  Uch.           0.000000000000
  Utot.       -184.049426760290

  UpV.           0.000000000000
  Enpy.       -184.049426760290
  Note:

  Utot = Ukin+UH0+UH1+Una+Unl+Uxc0+Uxc1+Ucore+Uhub+Ucs+Uzs+Uzo+Uef+UvdW+Uch

  Uele:   band energy
  Ukin:   kinetic energy
  UH0:    electric part of screened Coulomb energy
  UH1:    difference electron-electron Coulomb energy
  Una:    neutral atom potential energy
  Unl:    non-local potential energy
  Uxc0:   exchange-correlation energy for alpha spin
  Uxc1:   exchange-correlation energy for beta spin
  Ucore:  core-core Coulomb energy
  Uhub:   LDA+U energy
  Ucs:    constraint energy for spin orientation
  Uzs:    Zeeman term for spin magnetic moment
  Uzo:    Zeeman term for orbital magnetic moment
  Uef:    electric energy by electric field
  UvdW:   semi-empirical vdW energy
  Uch:    penalty term to create a core hole

  UpV:    pressure times volume
  Enpy:   Enthalpy = Utot + UpV
  (see also PRB 72, 045121(2005) for the energy contributions)



  Chemical potential (Hartree)      -0.266003071765

***********************************************************
***********************************************************
                  SCF history at MD=132                    
***********************************************************
***********************************************************

   SCF=   1  NormRD=  1.000000000000  Uele= -44.926729001631
   SCF=   2  NormRD=  0.000031683175  Uele= -44.926727651656
   SCF=   3  NormRD=  0.000015935610  Uele= -44.926727639905
   SCF=   4  NormRD=  0.000033091150  Uele= -44.926725042797
   SCF=   5  NormRD=  0.000006324878  Uele= -44.926727674694
   SCF=   6  NormRD=  0.000003654356  Uele= -44.926727276102
   SCF=   7  NormRD=  0.000000710905  Uele= -44.926727233875
   SCF=   8  NormRD=  0.000000447332  Uele= -44.926727275155
   SCF=   9  NormRD=  0.000000058915  Uele= -44.926727246709
   SCF=  10  NormRD=  0.000000020326  Uele= -44.926727249413

*******************************************************
        Total energy (Hartree) at MD =132        
*******************************************************

  Uele.        -44.926727249413

  Ukin.         93.156106652226
  UH0.       -2493.531947436563
  UH1.           0.110149249232
  Una.        -125.371161602207
  Unl.          25.293857760528
  Uxc0.        -16.323195579815
  Uxc1.        -16.323195579815
  Ucore.      2348.939960133187
  Uhub.          0.000000000000
  Ucs.           0.000000000000
  Uzs.           0.000000000000
  Uzo.           0.000000000000
  Uef.           0.000000000000
  UvdW.          0.000000000000
  Uch.           0.000000000000
  Utot.       -184.049426403228

  UpV.           0.000000000000
  Enpy.       -184.049426403228
  Note:

  Utot = Ukin+UH0+UH1+Una+Unl+Uxc0+Uxc1+Ucore+Uhub+Ucs+Uzs+Uzo+Uef+UvdW+Uch

  Uele:   band energy
  Ukin:   kinetic energy
  UH0:    electric part of screened Coulomb energy
  UH1:    difference electron-electron Coulomb energy
  Una:    neutral atom potential energy
  Unl:    non-local potential energy
  Uxc0:   exchange-correlation energy for alpha spin
  Uxc1:   exchange-correlation energy for beta spin
  Ucore:  core-core Coulomb energy
  Uhub:   LDA+U energy
  Ucs:    constraint energy for spin orientation
  Uzs:    Zeeman term for spin magnetic moment
  Uzo:    Zeeman term for orbital magnetic moment
  Uef:    electric energy by electric field
  UvdW:   semi-empirical vdW energy
  Uch:    penalty term to create a core hole

  UpV:    pressure times volume
  Enpy:   Enthalpy = Utot + UpV
  (see also PRB 72, 045121(2005) for the energy contributions)



  Chemical potential (Hartree)      -0.266004915062

***********************************************************
***********************************************************
                  SCF history at MD=133                    
***********************************************************
***********************************************************

   SCF=   1  NormRD=  1.000000000000  Uele= -44.926764487595
   SCF=   2  NormRD=  0.000019597236  Uele= -44.926765059544
   SCF=   3  NormRD=  0.000010641302  Uele= -44.926764724774
   SCF=   4  NormRD=  0.000025825279  Uele= -44.926767018371
   SCF=   5  NormRD=  0.000002571497  Uele= -44.926764883245
   SCF=   6  NormRD=  0.000002196386  Uele= -44.926765067346
   SCF=   7  NormRD=  0.000000248731  Uele= -44.926765057670

*******************************************************
        Total energy (Hartree) at MD =133        
*******************************************************

  Uele.        -44.926765057670

  Ukin.         93.155956688749
  UH0.       -2493.531973805150
  UH1.           0.110153955095
  Una.        -125.370992290862
  Unl.          25.293881630351
  Uxc0.        -16.323183030208
  Uxc1.        -16.323183030208
  Ucore.      2348.939913601834
  Uhub.          0.000000000000
  Ucs.           0.000000000000
  Uzs.           0.000000000000
  Uzo.           0.000000000000
  Uef.           0.000000000000
  UvdW.          0.000000000000
  Uch.           0.000000000000
  Utot.       -184.049426280399

  UpV.           0.000000000000
  Enpy.       -184.049426280399
  Note:

  Utot = Ukin+UH0+UH1+Una+Unl+Uxc0+Uxc1+Ucore+Uhub+Ucs+Uzs+Uzo+Uef+UvdW+Uch

  Uele:   band energy
  Ukin:   kinetic energy
  UH0:    electric part of screened Coulomb energy
  UH1:    difference electron-electron Coulomb energy
  Una:    neutral atom potential energy
  Unl:    non-local potential energy
  Uxc0:   exchange-correlation energy for alpha spin
  Uxc1:   exchange-correlation energy for beta spin
  Ucore:  core-core Coulomb energy
  Uhub:   LDA+U energy
  Ucs:    constraint energy for spin orientation
  Uzs:    Zeeman term for spin magnetic moment
  Uzo:    Zeeman term for orbital magnetic moment
  Uef:    electric energy by electric field
  UvdW:   semi-empirical vdW energy
  Uch:    penalty term to create a core hole

  UpV:    pressure times volume
  Enpy:   Enthalpy = Utot + UpV
  (see also PRB 72, 045121(2005) for the energy contributions)



  Chemical potential (Hartree)      -0.266008239227

***********************************************************
***********************************************************
                  SCF history at MD=134                    
***********************************************************
***********************************************************

   SCF=   1  NormRD=  1.000000000000  Uele= -44.926688815535
   SCF=   2  NormRD=  0.000025962067  Uele= -44.926688922819
   SCF=   3  NormRD=  0.000015942622  Uele= -44.926687667060
   SCF=   4  NormRD=  0.000031652714  Uele= -44.926690464702
   SCF=   5  NormRD=  0.000003510220  Uele= -44.926687765669
   SCF=   6  NormRD=  0.000003065552  Uele= -44.926687934018
   SCF=   7  NormRD=  0.000001025007  Uele= -44.926687988654
   SCF=   8  NormRD=  0.000000223964  Uele= -44.926687978163
   SCF=   9  NormRD=  0.000000106358  Uele= -44.926687993174
   SCF=  10  NormRD=  0.000000008475  Uele= -44.926687990595

*******************************************************
        Total energy (Hartree) at MD =134        
*******************************************************

  Uele.        -44.926687990595

  Ukin.         93.156290949493
  UH0.       -2493.532429475316
  UH1.           0.110144343314
  Una.        -125.371381306031
  Unl.          25.293835818670
  Uxc0.        -16.323211471689
  Uxc1.        -16.323211471689
  Ucore.      2348.940535831263
  Uhub.          0.000000000000
  Ucs.           0.000000000000
  Uzs.           0.000000000000
  Uzo.           0.000000000000
  Uef.           0.000000000000
  UvdW.          0.000000000000
  Uch.           0.000000000000
  Utot.       -184.049426781985

  UpV.           0.000000000000
  Enpy.       -184.049426781985
  Note:

  Utot = Ukin+UH0+UH1+Una+Unl+Uxc0+Uxc1+Ucore+Uhub+Ucs+Uzs+Uzo+Uef+UvdW+Uch

  Uele:   band energy
  Ukin:   kinetic energy
  UH0:    electric part of screened Coulomb energy
  UH1:    difference electron-electron Coulomb energy
  Una:    neutral atom potential energy
  Unl:    non-local potential energy
  Uxc0:   exchange-correlation energy for alpha spin
  Uxc1:   exchange-correlation energy for beta spin
  Ucore:  core-core Coulomb energy
  Uhub:   LDA+U energy
  Ucs:    constraint energy for spin orientation
  Uzs:    Zeeman term for spin magnetic moment
  Uzo:    Zeeman term for orbital magnetic moment
  Uef:    electric energy by electric field
  UvdW:   semi-empirical vdW energy
  Uch:    penalty term to create a core hole

  UpV:    pressure times volume
  Enpy:   Enthalpy = Utot + UpV
  (see also PRB 72, 045121(2005) for the energy contributions)



  Chemical potential (Hartree)      -0.266002041541

***********************************************************
***********************************************************
                  SCF history at MD=135                    
***********************************************************
***********************************************************

   SCF=   1  NormRD=  1.000000000000  Uele= -44.926635146255
   SCF=   2  NormRD=  0.000043357612  Uele= -44.926637959656
   SCF=   3  NormRD=  0.000029631647  Uele= -44.926636654397
   SCF=   4  NormRD=  0.000045749888  Uele= -44.926641132587
   SCF=   5  NormRD=  0.000006400616  Uele= -44.926637902300
   SCF=   6  NormRD=  0.000005669558  Uele= -44.926637582928
   SCF=   7  NormRD=  0.000000692572  Uele= -44.926637985590
   SCF=   8  NormRD=  0.000000566352  Uele= -44.926637983238

*******************************************************
        Total energy (Hartree) at MD =135        
*******************************************************

  Uele.        -44.926637983238

  Ukin.         93.156573736033
  UH0.       -2493.533895193801
  UH1.           0.110137883062
  Una.        -125.371733821971
  Unl.          25.293811079070
  Uxc0.        -16.323236104405
  Uxc1.        -16.323236104405
  Ucore.      2348.942151657370
  Uhub.          0.000000000000
  Ucs.           0.000000000000
  Uzs.           0.000000000000
  Uzo.           0.000000000000
  Uef.           0.000000000000
  UvdW.          0.000000000000
  Uch.           0.000000000000
  Utot.       -184.049426869047

  UpV.           0.000000000000
  Enpy.       -184.049426869047
  Note:

  Utot = Ukin+UH0+UH1+Una+Unl+Uxc0+Uxc1+Ucore+Uhub+Ucs+Uzs+Uzo+Uef+UvdW+Uch

  Uele:   band energy
  Ukin:   kinetic energy
  UH0:    electric part of screened Coulomb energy
  UH1:    difference electron-electron Coulomb energy
  Una:    neutral atom potential energy
  Unl:    non-local potential energy
  Uxc0:   exchange-correlation energy for alpha spin
  Uxc1:   exchange-correlation energy for beta spin
  Ucore:  core-core Coulomb energy
  Uhub:   LDA+U energy
  Ucs:    constraint energy for spin orientation
  Uzs:    Zeeman term for spin magnetic moment
  Uzo:    Zeeman term for orbital magnetic moment
  Uef:    electric energy by electric field
  UvdW:   semi-empirical vdW energy
  Uch:    penalty term to create a core hole

  UpV:    pressure times volume
  Enpy:   Enthalpy = Utot + UpV
  (see also PRB 72, 045121(2005) for the energy contributions)



  Chemical potential (Hartree)      -0.265999215279

***********************************************************
***********************************************************
                  SCF history at MD=136                    
***********************************************************
***********************************************************

   SCF=   1  NormRD=  1.000000000000  Uele= -44.926663259690
   SCF=   2  NormRD=  0.000038029009  Uele= -44.926662438818
   SCF=   3  NormRD=  0.000021434048  Uele= -44.926660821817
   SCF=   4  NormRD=  0.000050847729  Uele= -44.926663785299
   SCF=   5  NormRD=  0.000005997595  Uele= -44.926660787096
   SCF=   6  NormRD=  0.000004993482  Uele= -44.926660600914
   SCF=   7  NormRD=  0.000001752367  Uele= -44.926660932094
   SCF=   8  NormRD=  0.000000263332  Uele= -44.926660847239
   SCF=   9  NormRD=  0.000000173727  Uele= -44.926660873911
   SCF=  10  NormRD=  0.000000011662  Uele= -44.926660869123

*******************************************************
        Total energy (Hartree) at MD =136        
*******************************************************

  Uele.        -44.926660869123

  Ukin.         93.156378955021
  UH0.       -2493.532200346133
  UH1.           0.110141193792
  Una.        -125.371474525867
  Unl.          25.293818560697
  Uxc0.        -16.323218732998
  Uxc1.        -16.323218732998
  Ucore.      2348.940346790680
  Uhub.          0.000000000000
  Ucs.           0.000000000000
  Uzs.           0.000000000000
  Uzo.           0.000000000000
  Uef.           0.000000000000
  UvdW.          0.000000000000
  Uch.           0.000000000000
  Utot.       -184.049426837807

  UpV.           0.000000000000
  Enpy.       -184.049426837807
  Note:

  Utot = Ukin+UH0+UH1+Una+Unl+Uxc0+Uxc1+Ucore+Uhub+Ucs+Uzs+Uzo+Uef+UvdW+Uch

  Uele:   band energy
  Ukin:   kinetic energy
  UH0:    electric part of screened Coulomb energy
  UH1:    difference electron-electron Coulomb energy
  Una:    neutral atom potential energy
  Unl:    non-local potential energy
  Uxc0:   exchange-correlation energy for alpha spin
  Uxc1:   exchange-correlation energy for beta spin
  Ucore:  core-core Coulomb energy
  Uhub:   LDA+U energy
  Ucs:    constraint energy for spin orientation
  Uzs:    Zeeman term for spin magnetic moment
  Uzo:    Zeeman term for orbital magnetic moment
  Uef:    electric energy by electric field
  UvdW:   semi-empirical vdW energy
  Uch:    penalty term to create a core hole

  UpV:    pressure times volume
  Enpy:   Enthalpy = Utot + UpV
  (see also PRB 72, 045121(2005) for the energy contributions)



  Chemical potential (Hartree)      -0.261051662189

***********************************************************
***********************************************************
                  SCF history at MD=137                    
***********************************************************
***********************************************************

   SCF=   1  NormRD=  1.000000000000  Uele= -44.926750554845
   SCF=   2  NormRD=  0.000027345113  Uele= -44.926749092331
   SCF=   3  NormRD=  0.000014486958  Uele= -44.926748305868
   SCF=   4  NormRD=  0.000038241465  Uele= -44.926748436295
   SCF=   5  NormRD=  0.000003427907  Uele= -44.926747948591
   SCF=   6  NormRD=  0.000003183514  Uele= -44.926747926018
   SCF=   7  NormRD=  0.000000581069  Uele= -44.926747965246
   SCF=   8  NormRD=  0.000000372128  Uele= -44.926747936023
   SCF=   9  NormRD=  0.000000022418  Uele= -44.926747945765

*******************************************************
        Total energy (Hartree) at MD =137        
*******************************************************

  Uele.        -44.926747945765

  Ukin.         93.155995155116
  UH0.       -2493.531462581303
  UH1.           0.110151911229
  Una.        -125.371024348588
  Unl.          25.293868573098
  Uxc0.        -16.323185867782
  Uxc1.        -16.323185867782
  Ucore.      2348.939416801623
  Uhub.          0.000000000000
  Ucs.           0.000000000000
  Uzs.           0.000000000000
  Uzo.           0.000000000000
  Uef.           0.000000000000
  UvdW.          0.000000000000
  Uch.           0.000000000000
  Utot.       -184.049426224391

  UpV.           0.000000000000
  Enpy.       -184.049426224391
  Note:

  Utot = Ukin+UH0+UH1+Una+Unl+Uxc0+Uxc1+Ucore+Uhub+Ucs+Uzs+Uzo+Uef+UvdW+Uch

  Uele:   band energy
  Ukin:   kinetic energy
  UH0:    electric part of screened Coulomb energy
  UH1:    difference electron-electron Coulomb energy
  Una:    neutral atom potential energy
  Unl:    non-local potential energy
  Uxc0:   exchange-correlation energy for alpha spin
  Uxc1:   exchange-correlation energy for beta spin
  Ucore:  core-core Coulomb energy
  Uhub:   LDA+U energy
  Ucs:    constraint energy for spin orientation
  Uzs:    Zeeman term for spin magnetic moment
  Uzo:    Zeeman term for orbital magnetic moment
  Uef:    electric energy by electric field
  UvdW:   semi-empirical vdW energy
  Uch:    penalty term to create a core hole

  UpV:    pressure times volume
  Enpy:   Enthalpy = Utot + UpV
  (see also PRB 72, 045121(2005) for the energy contributions)



  Chemical potential (Hartree)      -0.261058473246

***********************************************************
***********************************************************
                  SCF history at MD=138                    
***********************************************************
***********************************************************

   SCF=   1  NormRD=  1.000000000000  Uele= -44.926599803764
   SCF=   2  NormRD=  0.000043787792  Uele= -44.926600722450
   SCF=   3  NormRD=  0.000026266864  Uele= -44.926599214076
   SCF=   4  NormRD=  0.000055203035  Uele= -44.926603706329
   SCF=   5  NormRD=  0.000005413994  Uele= -44.926599767642
   SCF=   6  NormRD=  0.000006067030  Uele= -44.926599623271
   SCF=   7  NormRD=  0.000001513410  Uele= -44.926599963262
   SCF=   8  NormRD=  0.000000317310  Uele= -44.926599918642
   SCF=   9  NormRD=  0.000000141299  Uele= -44.926599954474
   SCF=  10  NormRD=  0.000000007244  Uele= -44.926599949059

*******************************************************
        Total energy (Hartree) at MD =138        
*******************************************************

  Uele.        -44.926599949059

  Ukin.         93.156687488781
  UH0.       -2493.533408330168
  UH1.           0.110133545716
  Una.        -125.371850017917
  Unl.          25.293786088510
  Uxc0.        -16.323245459824
  Uxc1.        -16.323245459824
  Ucore.      2348.941715052140
  Uhub.          0.000000000000
  Ucs.           0.000000000000
  Uzs.           0.000000000000
  Uzo.           0.000000000000
  Uef.           0.000000000000
  UvdW.          0.000000000000
  Uch.           0.000000000000
  Utot.       -184.049427092585

  UpV.           0.000000000000
  Enpy.       -184.049427092585
  Note:

  Utot = Ukin+UH0+UH1+Una+Unl+Uxc0+Uxc1+Ucore+Uhub+Ucs+Uzs+Uzo+Uef+UvdW+Uch

  Uele:   band energy
  Ukin:   kinetic energy
  UH0:    electric part of screened Coulomb energy
  UH1:    difference electron-electron Coulomb energy
  Una:    neutral atom potential energy
  Unl:    non-local potential energy
  Uxc0:   exchange-correlation energy for alpha spin
  Uxc1:   exchange-correlation energy for beta spin
  Ucore:  core-core Coulomb energy
  Uhub:   LDA+U energy
  Ucs:    constraint energy for spin orientation
  Uzs:    Zeeman term for spin magnetic moment
  Uzo:    Zeeman term for orbital magnetic moment
  Uef:    electric energy by electric field
  UvdW:   semi-empirical vdW energy
  Uch:    penalty term to create a core hole

  UpV:    pressure times volume
  Enpy:   Enthalpy = Utot + UpV
  (see also PRB 72, 045121(2005) for the energy contributions)



  Chemical potential (Hartree)      -0.261047552835

***********************************************************
***********************************************************
                  SCF history at MD=139                    
***********************************************************
***********************************************************

   SCF=   1  NormRD=  1.000000000000  Uele= -44.926605506797
   SCF=   2  NormRD=  0.000046490016  Uele= -44.926607936973
   SCF=   3  NormRD=  0.000029595750  Uele= -44.926606494236
   SCF=   4  NormRD=  0.000054240663  Uele= -44.926611692636
   SCF=   5  NormRD=  0.000006077280  Uele= -44.926607596591
   SCF=   6  NormRD=  0.000006729109  Uele= -44.926607339281
   SCF=   7  NormRD=  0.000001318633  Uele= -44.926607764547
   SCF=   8  NormRD=  0.000000367234  Uele= -44.926607742858
   SCF=   9  NormRD=  0.000000126052  Uele= -44.926607783680
   SCF=  10  NormRD=  0.000000009564  Uele= -44.926607778765

*******************************************************
        Total energy (Hartree) at MD =139        
*******************************************************

  Uele.        -44.926607778765

  Ukin.         93.156635395913
  UH0.       -2493.533104427457
  UH1.           0.110134595035
  Una.        -125.371783087925
  Unl.          25.293789512603
  Uxc0.        -16.323240940777
  Uxc1.        -16.323240940777
  Ucore.      2348.941382703344
  Uhub.          0.000000000000
  Ucs.           0.000000000000
  Uzs.           0.000000000000
  Uzo.           0.000000000000
  Uef.           0.000000000000
  UvdW.          0.000000000000
  Uch.           0.000000000000
  Utot.       -184.049427190041

  UpV.           0.000000000000
  Enpy.       -184.049427190041
  Note:

  Utot = Ukin+UH0+UH1+Una+Unl+Uxc0+Uxc1+Ucore+Uhub+Ucs+Uzs+Uzo+Uef+UvdW+Uch

  Uele:   band energy
  Ukin:   kinetic energy
  UH0:    electric part of screened Coulomb energy
  UH1:    difference electron-electron Coulomb energy
  Una:    neutral atom potential energy
  Unl:    non-local potential energy
  Uxc0:   exchange-correlation energy for alpha spin
  Uxc1:   exchange-correlation energy for beta spin
  Ucore:  core-core Coulomb energy
  Uhub:   LDA+U energy
  Ucs:    constraint energy for spin orientation
  Uzs:    Zeeman term for spin magnetic moment
  Uzo:    Zeeman term for orbital magnetic moment
  Uef:    electric energy by electric field
  UvdW:   semi-empirical vdW energy
  Uch:    penalty term to create a core hole

  UpV:    pressure times volume
  Enpy:   Enthalpy = Utot + UpV
  (see also PRB 72, 045121(2005) for the energy contributions)



  Chemical potential (Hartree)      -0.261047833644

***********************************************************
***********************************************************
                  SCF history at MD=140                    
***********************************************************
***********************************************************

   SCF=   1  NormRD=  1.000000000000  Uele= -44.926616251569
   SCF=   2  NormRD=  0.000046897711  Uele= -44.926618541830
   SCF=   3  NormRD=  0.000029474290  Uele= -44.926617112069
   SCF=   4  NormRD=  0.000055436363  Uele= -44.926622223389
   SCF=   5  NormRD=  0.000007340764  Uele= -44.926618190783
   SCF=   6  NormRD=  0.000006457805  Uele= -44.926617898924
   SCF=   7  NormRD=  0.000001940386  Uele= -44.926618362092
   SCF=   8  NormRD=  0.000000263146  Uele= -44.926618312888
   SCF=   9  NormRD=  0.000000126797  Uele= -44.926618355503
   SCF=  10  NormRD=  0.000000009706  Uele= -44.926618351050

*******************************************************
        Total energy (Hartree) at MD =140        
*******************************************************

  Uele.        -44.926618351050

  Ukin.         93.156567754402
  UH0.       -2493.532807255100
  UH1.           0.110136019774
  Una.        -125.371696512110
  Unl.          25.293794157337
  Uxc0.        -16.323235103586
  Uxc1.        -16.323235103586
  Ucore.      2348.941048749018
  Uhub.          0.000000000000
  Ucs.           0.000000000000
  Uzs.           0.000000000000
  Uzo.           0.000000000000
  Uef.           0.000000000000
  UvdW.          0.000000000000
  Uch.           0.000000000000
  Utot.       -184.049427293853

  UpV.           0.000000000000
  Enpy.       -184.049427293853
  Note:

  Utot = Ukin+UH0+UH1+Una+Unl+Uxc0+Uxc1+Ucore+Uhub+Ucs+Uzs+Uzo+Uef+UvdW+Uch

  Uele:   band energy
  Ukin:   kinetic energy
  UH0:    electric part of screened Coulomb energy
  UH1:    difference electron-electron Coulomb energy
  Una:    neutral atom potential energy
  Unl:    non-local potential energy
  Uxc0:   exchange-correlation energy for alpha spin
  Uxc1:   exchange-correlation energy for beta spin
  Ucore:  core-core Coulomb energy
  Uhub:   LDA+U energy
  Ucs:    constraint energy for spin orientation
  Uzs:    Zeeman term for spin magnetic moment
  Uzo:    Zeeman term for orbital magnetic moment
  Uef:    electric energy by electric field
  UvdW:   semi-empirical vdW energy
  Uch:    penalty term to create a core hole

  UpV:    pressure times volume
  Enpy:   Enthalpy = Utot + UpV
  (see also PRB 72, 045121(2005) for the energy contributions)



  Chemical potential (Hartree)      -0.261048218030

***********************************************************
***********************************************************
                  SCF history at MD=141                    
***********************************************************
***********************************************************

   SCF=   1  NormRD=  1.000000000000  Uele= -44.926443593867
   SCF=   2  NormRD=  0.001844219583  Uele= -44.926601119264
   SCF=   3  NormRD=  0.000993150749  Uele= -44.926610671013
   SCF=   4  NormRD=  0.002137447980  Uele= -44.926851026766
   SCF=   5  NormRD=  0.000095238080  Uele= -44.926670025854
   SCF=   6  NormRD=  0.000172065086  Uele= -44.926675638550
   SCF=   7  NormRD=  0.000015094597  Uele= -44.926673706927
   SCF=   8  NormRD=  0.000013714377  Uele= -44.926674515493
   SCF=   9  NormRD=  0.000001885112  Uele= -44.926675015491
   SCF=  10  NormRD=  0.000000707441  Uele= -44.926675013909

*******************************************************
        Total energy (Hartree) at MD =141        
*******************************************************

  Uele.        -44.926675013909

  Ukin.         93.156225252159
  UH0.       -2493.532309854063
  UH1.           0.110143877409
  Una.        -125.371264366666
  Unl.          25.293822624213
  Uxc0.        -16.323205866784
  Uxc1.        -16.323205866784
  Ucore.      2348.940367132976
  Uhub.          0.000000000000
  Ucs.           0.000000000000
  Uzs.           0.000000000000
  Uzo.           0.000000000000
  Uef.           0.000000000000
  UvdW.          0.000000000000
  Uch.           0.000000000000
  Utot.       -184.049427067542

  UpV.           0.000000000000
  Enpy.       -184.049427067542
  Note:

  Utot = Ukin+UH0+UH1+Una+Unl+Uxc0+Uxc1+Ucore+Uhub+Ucs+Uzs+Uzo+Uef+UvdW+Uch

  Uele:   band energy
  Ukin:   kinetic energy
  UH0:    electric part of screened Coulomb energy
  UH1:    difference electron-electron Coulomb energy
  Una:    neutral atom potential energy
  Unl:    non-local potential energy
  Uxc0:   exchange-correlation energy for alpha spin
  Uxc1:   exchange-correlation energy for beta spin
  Ucore:  core-core Coulomb energy
  Uhub:   LDA+U energy
  Ucs:    constraint energy for spin orientation
  Uzs:    Zeeman term for spin magnetic moment
  Uzo:    Zeeman term for orbital magnetic moment
  Uef:    electric energy by electric field
  UvdW:   semi-empirical vdW energy
  Uch:    penalty term to create a core hole

  UpV:    pressure times volume
  Enpy:   Enthalpy = Utot + UpV
  (see also PRB 72, 045121(2005) for the energy contributions)



  Chemical potential (Hartree)      -0.261050327315

***********************************************************
***********************************************************
                  SCF history at MD=142                    
***********************************************************
***********************************************************

   SCF=   1  NormRD=  1.000000000000  Uele= -44.926619322574
   SCF=   2  NormRD=  0.000015916431  Uele= -44.926617037645
   SCF=   3  NormRD=  0.000011225341  Uele= -44.926615004813
   SCF=   4  NormRD=  0.000015264983  Uele= -44.926615376691
   SCF=   5  NormRD=  0.000005841752  Uele= -44.926614251664
   SCF=   6  NormRD=  0.000001995594  Uele= -44.926614383366
   SCF=   7  NormRD=  0.000001103924  Uele= -44.926614383854

*******************************************************
        Total energy (Hartree) at MD =142        
*******************************************************

  Uele.        -44.926614383854

  Ukin.         93.156582434178
  UH0.       -2493.532510022791
  UH1.           0.110135439952
  Una.        -125.371713076246
  Unl.          25.293791706848
  Uxc0.        -16.323236079191
  Uxc1.        -16.323236079191
  Ucore.      2348.940758540872
  Uhub.          0.000000000000
  Ucs.           0.000000000000
  Uzs.           0.000000000000
  Uzo.           0.000000000000
  Uef.           0.000000000000
  UvdW.          0.000000000000
  Uch.           0.000000000000
  Utot.       -184.049427135568

  UpV.           0.000000000000
  Enpy.       -184.049427135568
  Note:

  Utot = Ukin+UH0+UH1+Una+Unl+Uxc0+Uxc1+Ucore+Uhub+Ucs+Uzs+Uzo+Uef+UvdW+Uch

  Uele:   band energy
  Ukin:   kinetic energy
  UH0:    electric part of screened Coulomb energy
  UH1:    difference electron-electron Coulomb energy
  Una:    neutral atom potential energy
  Unl:    non-local potential energy
  Uxc0:   exchange-correlation energy for alpha spin
  Uxc1:   exchange-correlation energy for beta spin
  Ucore:  core-core Coulomb energy
  Uhub:   LDA+U energy
  Ucs:    constraint energy for spin orientation
  Uzs:    Zeeman term for spin magnetic moment
  Uzo:    Zeeman term for orbital magnetic moment
  Uef:    electric energy by electric field
  UvdW:   semi-empirical vdW energy
  Uch:    penalty term to create a core hole

  UpV:    pressure times volume
  Enpy:   Enthalpy = Utot + UpV
  (see also PRB 72, 045121(2005) for the energy contributions)



  Chemical potential (Hartree)      -0.261048078981

***********************************************************
***********************************************************
                  SCF history at MD=143                    
***********************************************************
***********************************************************

   SCF=   1  NormRD=  1.000000000000  Uele= -44.926604523129
   SCF=   2  NormRD=  0.000038502262  Uele= -44.926597911922
   SCF=   3  NormRD=  0.000023687538  Uele= -44.926596858365
   SCF=   4  NormRD=  0.000042820617  Uele= -44.926591270525
   SCF=   5  NormRD=  0.000008716511  Uele= -44.926594887391
   SCF=   6  NormRD=  0.000005896924  Uele= -44.926594458782
   SCF=   7  NormRD=  0.000002575417  Uele= -44.926594470775
   SCF=   8  NormRD=  0.000000257369  Uele= -44.926594412176
   SCF=   9  NormRD=  0.000000369271  Uele= -44.926594355894
   SCF=  10  NormRD=  0.000000019600  Uele= -44.926594362655

*******************************************************
        Total energy (Hartree) at MD =143        
*******************************************************

  Uele.        -44.926594362655

  Ukin.         93.156728993776
  UH0.       -2493.533681898830
  UH1.           0.110132848955
  Una.        -125.371904217839
  Unl.          25.293783877341
  Uxc0.        -16.323249276090
  Uxc1.        -16.323249276090
  Ucore.      2348.942011651035
  Uhub.          0.000000000000
  Ucs.           0.000000000000
  Uzs.           0.000000000000
  Uzo.           0.000000000000
  Uef.           0.000000000000
  UvdW.          0.000000000000
  Uch.           0.000000000000
  Utot.       -184.049427297743

  UpV.           0.000000000000
  Enpy.       -184.049427297743
  Note:

  Utot = Ukin+UH0+UH1+Una+Unl+Uxc0+Uxc1+Ucore+Uhub+Ucs+Uzs+Uzo+Uef+UvdW+Uch

  Uele:   band energy
  Ukin:   kinetic energy
  UH0:    electric part of screened Coulomb energy
  UH1:    difference electron-electron Coulomb energy
  Una:    neutral atom potential energy
  Unl:    non-local potential energy
  Uxc0:   exchange-correlation energy for alpha spin
  Uxc1:   exchange-correlation energy for beta spin
  Ucore:  core-core Coulomb energy
  Uhub:   LDA+U energy
  Ucs:    constraint energy for spin orientation
  Uzs:    Zeeman term for spin magnetic moment
  Uzo:    Zeeman term for orbital magnetic moment
  Uef:    electric energy by electric field
  UvdW:   semi-empirical vdW energy
  Uch:    penalty term to create a core hole

  UpV:    pressure times volume
  Enpy:   Enthalpy = Utot + UpV
  (see also PRB 72, 045121(2005) for the energy contributions)



  Chemical potential (Hartree)      -0.261047194797

***********************************************************
***********************************************************
                  SCF history at MD=144                    
***********************************************************
***********************************************************

   SCF=   1  NormRD=  1.000000000000  Uele= -44.926598767728
   SCF=   2  NormRD=  0.000028725421  Uele= -44.926596018121
   SCF=   3  NormRD=  0.000016436664  Uele= -44.926595907820
   SCF=   4  NormRD=  0.000036012415  Uele= -44.926592112379
   SCF=   5  NormRD=  0.000005213655  Uele= -44.926594980590
   SCF=   6  NormRD=  0.000003628873  Uele= -44.926594733248
   SCF=   7  NormRD=  0.000001187611  Uele= -44.926594742708

*******************************************************
        Total energy (Hartree) at MD =144        
*******************************************************

  Uele.        -44.926594742708

  Ukin.         93.156717980953
  UH0.       -2493.533362917745
  UH1.           0.110132790965
  Una.        -125.371887015922
  Unl.          25.293782294866
  Uxc0.        -16.323247949911
  Uxc1.        -16.323247949911
  Ucore.      2348.941685794910
  Uhub.          0.000000000000
  Ucs.           0.000000000000
  Uzs.           0.000000000000
  Uzo.           0.000000000000
  Uef.           0.000000000000
  UvdW.          0.000000000000
  Uch.           0.000000000000
  Utot.       -184.049426971796

  UpV.           0.000000000000
  Enpy.       -184.049426971796
  Note:

  Utot = Ukin+UH0+UH1+Una+Unl+Uxc0+Uxc1+Ucore+Uhub+Ucs+Uzs+Uzo+Uef+UvdW+Uch

  Uele:   band energy
  Ukin:   kinetic energy
  UH0:    electric part of screened Coulomb energy
  UH1:    difference electron-electron Coulomb energy
  Una:    neutral atom potential energy
  Unl:    non-local potential energy
  Uxc0:   exchange-correlation energy for alpha spin
  Uxc1:   exchange-correlation energy for beta spin
  Ucore:  core-core Coulomb energy
  Uhub:   LDA+U energy
  Ucs:    constraint energy for spin orientation
  Uzs:    Zeeman term for spin magnetic moment
  Uzo:    Zeeman term for orbital magnetic moment
  Uef:    electric energy by electric field
  UvdW:   semi-empirical vdW energy
  Uch:    penalty term to create a core hole

  UpV:    pressure times volume
  Enpy:   Enthalpy = Utot + UpV
  (see also PRB 72, 045121(2005) for the energy contributions)



  Chemical potential (Hartree)      -0.261047138890

***********************************************************
***********************************************************
                  SCF history at MD=145                    
***********************************************************
***********************************************************

   SCF=   1  NormRD=  1.000000000000  Uele= -44.926650537138
   SCF=   2  NormRD=  0.000044265052  Uele= -44.926648283605
   SCF=   3  NormRD=  0.000032843052  Uele= -44.926650907551
   SCF=   4  NormRD=  0.000039324739  Uele= -44.926646022181
   SCF=   5  NormRD=  0.000009334741  Uele= -44.926649719504
   SCF=   6  NormRD=  0.000006505228  Uele= -44.926649562064
   SCF=   7  NormRD=  0.000002966428  Uele= -44.926649414374
   SCF=   8  NormRD=  0.000000188544  Uele= -44.926649396998
   SCF=   9  NormRD=  0.000000279618  Uele= -44.926649360935
   SCF=  10  NormRD=  0.000000015169  Uele= -44.926649362407

*******************************************************
        Total energy (Hartree) at MD =145        
*******************************************************

  Uele.        -44.926649362407

  Ukin.         93.156409065266
  UH0.       -2493.532962934471
  UH1.           0.110140330388
  Una.        -125.371504295304
  Unl.          25.293812800671
  Uxc0.        -16.323221843178
  Uxc1.        -16.323221843178
  Ucore.      2348.941121573051
  Uhub.          0.000000000000
  Ucs.           0.000000000000
  Uzs.           0.000000000000
  Uzo.           0.000000000000
  Uef.           0.000000000000
  UvdW.          0.000000000000
  Uch.           0.000000000000
  Utot.       -184.049427146756

  UpV.           0.000000000000
  Enpy.       -184.049427146756
  Note:

  Utot = Ukin+UH0+UH1+Una+Unl+Uxc0+Uxc1+Ucore+Uhub+Ucs+Uzs+Uzo+Uef+UvdW+Uch

  Uele:   band energy
  Ukin:   kinetic energy
  UH0:    electric part of screened Coulomb energy
  UH1:    difference electron-electron Coulomb energy
  Una:    neutral atom potential energy
  Unl:    non-local potential energy
  Uxc0:   exchange-correlation energy for alpha spin
  Uxc1:   exchange-correlation energy for beta spin
  Ucore:  core-core Coulomb energy
  Uhub:   LDA+U energy
  Ucs:    constraint energy for spin orientation
  Uzs:    Zeeman term for spin magnetic moment
  Uzo:    Zeeman term for orbital magnetic moment
  Uef:    electric energy by electric field
  UvdW:   semi-empirical vdW energy
  Uch:    penalty term to create a core hole

  UpV:    pressure times volume
  Enpy:   Enthalpy = Utot + UpV
  (see also PRB 72, 045121(2005) for the energy contributions)



  Chemical potential (Hartree)      -0.261050034850

***********************************************************
***********************************************************
                  SCF history at MD=146                    
***********************************************************
***********************************************************

   SCF=   1  NormRD=  1.000000000000  Uele= -44.926815019877
   SCF=   2  NormRD=  0.000096509419  Uele= -44.926788216813
   SCF=   3  NormRD=  0.000079114538  Uele= -44.926784833469
   SCF=   4  NormRD=  0.000064907714  Uele= -44.926768454767
   SCF=   5  NormRD=  0.000039430904  Uele= -44.926777255334
   SCF=   6  NormRD=  0.000006702886  Uele= -44.926775721321
   SCF=   7  NormRD=  0.000004235964  Uele= -44.926776044925
   SCF=   8  NormRD=  0.000000924529  Uele= -44.926775336680
   SCF=   9  NormRD=  0.000000505671  Uele= -44.926775291178
   SCF=  10  NormRD=  0.000000025312  Uele= -44.926775243065
   SCF=  11  NormRD=  0.000000025366  Uele= -44.926775259980
   SCF=  12  NormRD=  0.000000002625  Uele= -44.926775260428

*******************************************************
        Total energy (Hartree) at MD =146        
*******************************************************

  Uele.        -44.926775260428

  Ukin.         93.155702853160
  UH0.       -2503.817728382924
  UH1.           0.110157616498
  Una.        -125.370629745437
  Unl.          25.293881981509
  Uxc0.        -16.323161832159
  Uxc1.        -16.323161832159
  Ucore.      2359.225512792513
  Uhub.          0.000000000000
  Ucs.           0.000000000000
  Uzs.           0.000000000000
  Uzo.           0.000000000000
  Uef.           0.000000000000
  UvdW.          0.000000000000
  Uch.           0.000000000000
  Utot.       -184.049426548998

  UpV.           0.000000000000
  Enpy.       -184.049426548998
  Note:

  Utot = Ukin+UH0+UH1+Una+Unl+Uxc0+Uxc1+Ucore+Uhub+Ucs+Uzs+Uzo+Uef+UvdW+Uch

  Uele:   band energy
  Ukin:   kinetic energy
  UH0:    electric part of screened Coulomb energy
  UH1:    difference electron-electron Coulomb energy
  Una:    neutral atom potential energy
  Unl:    non-local potential energy
  Uxc0:   exchange-correlation energy for alpha spin
  Uxc1:   exchange-correlation energy for beta spin
  Ucore:  core-core Coulomb energy
  Uhub:   LDA+U energy
  Ucs:    constraint energy for spin orientation
  Uzs:    Zeeman term for spin magnetic moment
  Uzo:    Zeeman term for orbital magnetic moment
  Uef:    electric energy by electric field
  UvdW:   semi-empirical vdW energy
  Uch:    penalty term to create a core hole

  UpV:    pressure times volume
  Enpy:   Enthalpy = Utot + UpV
  (see also PRB 72, 045121(2005) for the energy contributions)



  Chemical potential (Hartree)      -0.261056593532

***********************************************************
***********************************************************
                  SCF history at MD=147                    
***********************************************************
***********************************************************

   SCF=   1  NormRD=  1.000000000000  Uele= -44.926764546837
   SCF=   2  NormRD=  0.000091009957  Uele= -44.926760492697
   SCF=   3  NormRD=  0.000102688758  Uele= -44.926745431030
   SCF=   4  NormRD=  0.000018661450  Uele= -44.926748259101
   SCF=   5  NormRD=  0.000025839264  Uele= -44.926746192763
   SCF=   6  NormRD=  0.000004533797  Uele= -44.926746616609
   SCF=   7  NormRD=  0.000003801151  Uele= -44.926746522668
   SCF=   8  NormRD=  0.000000669820  Uele= -44.926746542970
   SCF=   9  NormRD=  0.000000386144  Uele= -44.926746534205

*******************************************************
        Total energy (Hartree) at MD =147        
*******************************************************

  Uele.        -44.926746534205

  Ukin.         93.155867730172
  UH0.       -2493.532262647420
  UH1.           0.110153666639
  Una.        -125.370834464029
  Unl.          25.293866276756
  Uxc0.        -16.323175791810
  Uxc1.        -16.323175791810
  Ucore.      2348.940134498352
  Uhub.          0.000000000000
  Ucs.           0.000000000000
  Uzs.           0.000000000000
  Uzo.           0.000000000000
  Uef.           0.000000000000
  UvdW.          0.000000000000
  Uch.           0.000000000000
  Utot.       -184.049426523151

  UpV.           0.000000000000
  Enpy.       -184.049426523151
  Note:

  Utot = Ukin+UH0+UH1+Una+Unl+Uxc0+Uxc1+Ucore+Uhub+Ucs+Uzs+Uzo+Uef+UvdW+Uch

  Uele:   band energy
  Ukin:   kinetic energy
  UH0:    electric part of screened Coulomb energy
  UH1:    difference electron-electron Coulomb energy
  Una:    neutral atom potential energy
  Unl:    non-local potential energy
  Uxc0:   exchange-correlation energy for alpha spin
  Uxc1:   exchange-correlation energy for beta spin
  Ucore:  core-core Coulomb energy
  Uhub:   LDA+U energy
  Ucs:    constraint energy for spin orientation
  Uzs:    Zeeman term for spin magnetic moment
  Uzo:    Zeeman term for orbital magnetic moment
  Uef:    electric energy by electric field
  UvdW:   semi-empirical vdW energy
  Uch:    penalty term to create a core hole

  UpV:    pressure times volume
  Enpy:   Enthalpy = Utot + UpV
  (see also PRB 72, 045121(2005) for the energy contributions)



  Chemical potential (Hartree)      -0.261055119373

***********************************************************
***********************************************************
                  SCF history at MD=148                    
***********************************************************
***********************************************************

   SCF=   1  NormRD=  1.000000000000  Uele= -44.926640821684
   SCF=   2  NormRD=  0.000047696914  Uele= -44.926632318879
   SCF=   3  NormRD=  0.000032569410  Uele= -44.926626176937
   SCF=   4  NormRD=  0.000045226092  Uele= -44.926626392305
   SCF=   5  NormRD=  0.000015258841  Uele= -44.926623227390
   SCF=   6  NormRD=  0.000004506091  Uele= -44.926624086885
   SCF=   7  NormRD=  0.000003396416  Uele= -44.926623790833
   SCF=   8  NormRD=  0.000000311436  Uele= -44.926623928603
   SCF=   9  NormRD=  0.000000446115  Uele= -44.926623919780

*******************************************************
        Total energy (Hartree) at MD =148        
*******************************************************

  Uele.        -44.926623919780

  Ukin.         93.156557562753
  UH0.       -2493.533385177565
  UH1.           0.110136831482
  Una.        -125.371689857364
  Unl.          25.293799436076
  Uxc0.        -16.323234656231
  Uxc1.        -16.323234656231
  Ucore.      2348.941623221138
  Uhub.          0.000000000000
  Ucs.           0.000000000000
  Uzs.           0.000000000000
  Uzo.           0.000000000000
  Uef.           0.000000000000
  UvdW.          0.000000000000
  Uch.           0.000000000000
  Utot.       -184.049427295943

  UpV.           0.000000000000
  Enpy.       -184.049427295943
  Note:

  Utot = Ukin+UH0+UH1+Una+Unl+Uxc0+Uxc1+Ucore+Uhub+Ucs+Uzs+Uzo+Uef+UvdW+Uch

  Uele:   band energy
  Ukin:   kinetic energy
  UH0:    electric part of screened Coulomb energy
  UH1:    difference electron-electron Coulomb energy
  Una:    neutral atom potential energy
  Unl:    non-local potential energy
  Uxc0:   exchange-correlation energy for alpha spin
  Uxc1:   exchange-correlation energy for beta spin
  Ucore:  core-core Coulomb energy
  Uhub:   LDA+U energy
  Ucs:    constraint energy for spin orientation
  Uzs:    Zeeman term for spin magnetic moment
  Uzo:    Zeeman term for orbital magnetic moment
  Uef:    electric energy by electric field
  UvdW:   semi-empirical vdW energy
  Uch:    penalty term to create a core hole

  UpV:    pressure times volume
  Enpy:   Enthalpy = Utot + UpV
  (see also PRB 72, 045121(2005) for the energy contributions)



  Chemical potential (Hartree)      -0.261048723152

***********************************************************
***********************************************************
                  SCF history at MD=149                    
***********************************************************
***********************************************************

   SCF=   1  NormRD=  1.000000000000  Uele= -44.926635601422
   SCF=   2  NormRD=  0.000060457039  Uele= -44.926621918175
   SCF=   3  NormRD=  0.000050398074  Uele= -44.926621714984
   SCF=   4  NormRD=  0.000040143437  Uele= -44.926612289171
   SCF=   5  NormRD=  0.000020922773  Uele= -44.926617435572
   SCF=   6  NormRD=  0.000005550576  Uele= -44.926616666653
   SCF=   7  NormRD=  0.000004401784  Uele= -44.926616772625
   SCF=   8  NormRD=  0.000000545564  Uele= -44.926616527151
   SCF=   9  NormRD=  0.000000499879  Uele= -44.926616473473
   SCF=  10  NormRD=  0.000000026092  Uele= -44.926616441622
   SCF=  11  NormRD=  0.000000036830  Uele= -44.926616448421

*******************************************************
        Total energy (Hartree) at MD =149        
*******************************************************

  Uele.        -44.926616448421

  Ukin.         93.156606421035
  UH0.       -2493.533648058628
  UH1.           0.110135796604
  Una.        -125.371751745354
  Unl.          25.293795533354
  Uxc0.        -16.323238929682
  Uxc1.        -16.323238929682
  Ucore.      2348.941912608736
  Uhub.          0.000000000000
  Ucs.           0.000000000000
  Uzs.           0.000000000000
  Uzo.           0.000000000000
  Uef.           0.000000000000
  UvdW.          0.000000000000
  Uch.           0.000000000000
  Utot.       -184.049427303617

  UpV.           0.000000000000
  Enpy.       -184.049427303617
  Note:

  Utot = Ukin+UH0+UH1+Una+Unl+Uxc0+Uxc1+Ucore+Uhub+Ucs+Uzs+Uzo+Uef+UvdW+Uch

  Uele:   band energy
  Ukin:   kinetic energy
  UH0:    electric part of screened Coulomb energy
  UH1:    difference electron-electron Coulomb energy
  Una:    neutral atom potential energy
  Unl:    non-local potential energy
  Uxc0:   exchange-correlation energy for alpha spin
  Uxc1:   exchange-correlation energy for beta spin
  Ucore:  core-core Coulomb energy
  Uhub:   LDA+U energy
  Ucs:    constraint energy for spin orientation
  Uzs:    Zeeman term for spin magnetic moment
  Uzo:    Zeeman term for orbital magnetic moment
  Uef:    electric energy by electric field
  UvdW:   semi-empirical vdW energy
  Uch:    penalty term to create a core hole

  UpV:    pressure times volume
  Enpy:   Enthalpy = Utot + UpV
  (see also PRB 72, 045121(2005) for the energy contributions)



  Chemical potential (Hartree)      -0.261048327532

***********************************************************
***********************************************************
                  SCF history at MD=150                    
***********************************************************
***********************************************************

   SCF=   1  NormRD=  1.000000000000  Uele= -44.926600766734
   SCF=   2  NormRD=  0.000035139375  Uele= -44.926592829266
   SCF=   3  NormRD=  0.000027293741  Uele= -44.926592155906
   SCF=   4  NormRD=  0.000026937998  Uele= -44.926586665813
   SCF=   5  NormRD=  0.000013223069  Uele= -44.926589743519
   SCF=   6  NormRD=  0.000003027251  Uele= -44.926589289027
   SCF=   7  NormRD=  0.000002533404  Uele= -44.926589383265
   SCF=   8  NormRD=  0.000000298843  Uele= -44.926589212477
   SCF=   9  NormRD=  0.000000305341  Uele= -44.926589186609
   SCF=  10  NormRD=  0.000000016050  Uele= -44.926589165731
   SCF=  11  NormRD=  0.000000024011  Uele= -44.926589170452

*******************************************************
        Total energy (Hartree) at MD =150        
*******************************************************

  Uele.        -44.926589170452

  Ukin.         93.156741413106
  UH0.       -2493.533319285472
  UH1.           0.110132010049
  Una.        -125.371914857318
  Unl.          25.293779327924
  Uxc0.        -16.323249806838
  Uxc1.        -16.323249806838
  Ucore.      2348.941654081304
  Uhub.          0.000000000000
  Ucs.           0.000000000000
  Uzs.           0.000000000000
  Uzo.           0.000000000000
  Uef.           0.000000000000
  UvdW.          0.000000000000
  Uch.           0.000000000000
  Utot.       -184.049426924083

  UpV.           0.000000000000
  Enpy.       -184.049426924083
  Note:

  Utot = Ukin+UH0+UH1+Una+Unl+Uxc0+Uxc1+Ucore+Uhub+Ucs+Uzs+Uzo+Uef+UvdW+Uch

  Uele:   band energy
  Ukin:   kinetic energy
  UH0:    electric part of screened Coulomb energy
  UH1:    difference electron-electron Coulomb energy
  Una:    neutral atom potential energy
  Unl:    non-local potential energy
  Uxc0:   exchange-correlation energy for alpha spin
  Uxc1:   exchange-correlation energy for beta spin
  Ucore:  core-core Coulomb energy
  Uhub:   LDA+U energy
  Ucs:    constraint energy for spin orientation
  Uzs:    Zeeman term for spin magnetic moment
  Uzo:    Zeeman term for orbital magnetic moment
  Uef:    electric energy by electric field
  UvdW:   semi-empirical vdW energy
  Uch:    penalty term to create a core hole

  UpV:    pressure times volume
  Enpy:   Enthalpy = Utot + UpV
  (see also PRB 72, 045121(2005) for the energy contributions)



  Chemical potential (Hartree)      -0.261046934153

***********************************************************
***********************************************************
                  SCF history at MD=151                    
***********************************************************
***********************************************************

   SCF=   1  NormRD=  1.000000000000  Uele= -44.926758119074
   SCF=   2  NormRD=  0.000065692291  Uele= -44.926741583366
   SCF=   3  NormRD=  0.000055475618  Uele= -44.926740586012
   SCF=   4  NormRD=  0.000041453215  Uele= -44.926729988891
   SCF=   5  NormRD=  0.000027773008  Uele= -44.926735705102
   SCF=   6  NormRD=  0.000005413532  Uele= -44.926734712332
   SCF=   7  NormRD=  0.000003211570  Uele= -44.926734921482
   SCF=   8  NormRD=  0.000000702911  Uele= -44.926734510599
   SCF=   9  NormRD=  0.000000381960  Uele= -44.926734462879
   SCF=  10  NormRD=  0.000000020255  Uele= -44.926734421746
   SCF=  11  NormRD=  0.000000013730  Uele= -44.926734433484
   SCF=  12  NormRD=  0.000000001774  Uele= -44.926734433490

*******************************************************
        Total energy (Hartree) at MD =151        
*******************************************************

  Uele.        -44.926734433490

  Ukin.         93.155937910008
  UH0.       -2493.532299392155
  UH1.           0.110152082415
  Una.        -125.370922647707
  Unl.          25.293860348347
  Uxc0.        -16.323181802141
  Uxc1.        -16.323181802141
  Ucore.      2348.940208773474
  Uhub.          0.000000000000
  Ucs.           0.000000000000
  Uzs.           0.000000000000
  Uzo.           0.000000000000
  Uef.           0.000000000000
  UvdW.          0.000000000000
  Uch.           0.000000000000
  Utot.       -184.049426529900

  UpV.           0.000000000000
  Enpy.       -184.049426529900
  Note:

  Utot = Ukin+UH0+UH1+Una+Unl+Uxc0+Uxc1+Ucore+Uhub+Ucs+Uzs+Uzo+Uef+UvdW+Uch

  Uele:   band energy
  Ukin:   kinetic energy
  UH0:    electric part of screened Coulomb energy
  UH1:    difference electron-electron Coulomb energy
  Una:    neutral atom potential energy
  Unl:    non-local potential energy
  Uxc0:   exchange-correlation energy for alpha spin
  Uxc1:   exchange-correlation energy for beta spin
  Ucore:  core-core Coulomb energy
  Uhub:   LDA+U energy
  Ucs:    constraint energy for spin orientation
  Uzs:    Zeeman term for spin magnetic moment
  Uzo:    Zeeman term for orbital magnetic moment
  Uef:    electric energy by electric field
  UvdW:   semi-empirical vdW energy
  Uch:    penalty term to create a core hole

  UpV:    pressure times volume
  Enpy:   Enthalpy = Utot + UpV
  (see also PRB 72, 045121(2005) for the energy contributions)



  Chemical potential (Hartree)      -0.261054380725

***********************************************************
***********************************************************
                  SCF history at MD=152                    
***********************************************************
***********************************************************

   SCF=   1  NormRD=  1.000000000000  Uele= -44.926565853263
   SCF=   2  NormRD=  0.000080597416  Uele= -44.926545323210
   SCF=   3  NormRD=  0.000066758697  Uele= -44.926543820984
   SCF=   4  NormRD=  0.000053872241  Uele= -44.926530633275
   SCF=   5  NormRD=  0.000028090481  Uele= -44.926537817986
   SCF=   6  NormRD=  0.000006102433  Uele= -44.926536681134
   SCF=   7  NormRD=  0.000004602523  Uele= -44.926536801215
   SCF=   8  NormRD=  0.000000720024  Uele= -44.926536398419
   SCF=   9  NormRD=  0.000000532719  Uele= -44.926536324668
   SCF=  10  NormRD=  0.000000026757  Uele= -44.926536271857
   SCF=  11  NormRD=  0.000000011867  Uele= -44.926536287922
   SCF=  12  NormRD=  0.000000002560  Uele= -44.926536287692

*******************************************************
        Total energy (Hartree) at MD =152        
*******************************************************

  Uele.        -44.926536287692

  Ukin.         93.157072843305
  UH0.       -2493.534763168512
  UH1.           0.110124710977
  Una.        -125.372333855531
  Unl.          25.293752087475
  Uxc0.        -16.323279025963
  Uxc1.        -16.323279025963
  Ucore.      2348.943277856339
  Uhub.          0.000000000000
  Ucs.           0.000000000000
  Uzs.           0.000000000000
  Uzo.           0.000000000000
  Uef.           0.000000000000
  UvdW.          0.000000000000
  Uch.           0.000000000000
  Utot.       -184.049427577873

  UpV.           0.000000000000
  Enpy.       -184.049427577873
  Note:

  Utot = Ukin+UH0+UH1+Una+Unl+Uxc0+Uxc1+Ucore+Uhub+Ucs+Uzs+Uzo+Uef+UvdW+Uch

  Uele:   band energy
  Ukin:   kinetic energy
  UH0:    electric part of screened Coulomb energy
  UH1:    difference electron-electron Coulomb energy
  Una:    neutral atom potential energy
  Unl:    non-local potential energy
  Uxc0:   exchange-correlation energy for alpha spin
  Uxc1:   exchange-correlation energy for beta spin
  Ucore:  core-core Coulomb energy
  Uhub:   LDA+U energy
  Ucs:    constraint energy for spin orientation
  Uzs:    Zeeman term for spin magnetic moment
  Uzo:    Zeeman term for orbital magnetic moment
  Uef:    electric energy by electric field
  UvdW:   semi-empirical vdW energy
  Uch:    penalty term to create a core hole

  UpV:    pressure times volume
  Enpy:   Enthalpy = Utot + UpV
  (see also PRB 72, 045121(2005) for the energy contributions)



  Chemical potential (Hartree)      -0.265991867427

***********************************************************
***********************************************************
                  SCF history at MD=153                    
***********************************************************
***********************************************************

   SCF=   1  NormRD=  1.000000000000  Uele= -44.926509114558
   SCF=   2  NormRD=  0.000090464525  Uele= -44.926483868163
   SCF=   3  NormRD=  0.000077481117  Uele= -44.926481357288
   SCF=   4  NormRD=  0.000056022311  Uele= -44.926466184332
   SCF=   5  NormRD=  0.000033382032  Uele= -44.926473867238
   SCF=   6  NormRD=  0.000005011302  Uele= -44.926472750019
   SCF=   7  NormRD=  0.000003743593  Uele= -44.926472914582
   SCF=   8  NormRD=  0.000000773128  Uele= -44.926472291808
   SCF=   9  NormRD=  0.000000429706  Uele= -44.926472256032
   SCF=  10  NormRD=  0.000000018539  Uele= -44.926472211575
   SCF=  11  NormRD=  0.000000021046  Uele= -44.926472226961
   SCF=  12  NormRD=  0.000000002298  Uele= -44.926472227370

*******************************************************
        Total energy (Hartree) at MD =153        
*******************************************************

  Uele.        -44.926472227370

  Ukin.         93.157407704047
  UH0.       -2493.534574210256
  UH1.           0.110115896844
  Una.        -125.372743862594
  Unl.          25.293716005336
  Uxc0.        -16.323306973749
  Uxc1.        -16.323306973749
  Ucore.      2348.943264888979
  Uhub.          0.000000000000
  Ucs.           0.000000000000
  Uzs.           0.000000000000
  Uzo.           0.000000000000
  Uef.           0.000000000000
  UvdW.          0.000000000000
  Uch.           0.000000000000
  Utot.       -184.049427525142

  UpV.           0.000000000000
  Enpy.       -184.049427525142
  Note:

  Utot = Ukin+UH0+UH1+Una+Unl+Uxc0+Uxc1+Ucore+Uhub+Ucs+Uzs+Uzo+Uef+UvdW+Uch

  Uele:   band energy
  Ukin:   kinetic energy
  UH0:    electric part of screened Coulomb energy
  UH1:    difference electron-electron Coulomb energy
  Una:    neutral atom potential energy
  Unl:    non-local potential energy
  Uxc0:   exchange-correlation energy for alpha spin
  Uxc1:   exchange-correlation energy for beta spin
  Ucore:  core-core Coulomb energy
  Uhub:   LDA+U energy
  Ucs:    constraint energy for spin orientation
  Uzs:    Zeeman term for spin magnetic moment
  Uzo:    Zeeman term for orbital magnetic moment
  Uef:    electric energy by electric field
  UvdW:   semi-empirical vdW energy
  Uch:    penalty term to create a core hole

  UpV:    pressure times volume
  Enpy:   Enthalpy = Utot + UpV
  (see also PRB 72, 045121(2005) for the energy contributions)



  Chemical potential (Hartree)      -0.265988629590

***********************************************************
***********************************************************
                  SCF history at MD=154                    
***********************************************************
***********************************************************

   SCF=   1  NormRD=  1.000000000000  Uele= -44.926468546308
   SCF=   2  NormRD=  0.000054319074  Uele= -44.926457263202
   SCF=   3  NormRD=  0.000037318460  Uele= -44.926455924546
   SCF=   4  NormRD=  0.000054913904  Uele= -44.926447147785
   SCF=   5  NormRD=  0.000008059901  Uele= -44.926452481807
   SCF=   6  NormRD=  0.000006685106  Uele= -44.926452100841
   SCF=   7  NormRD=  0.000001120309  Uele= -44.926451897738
   SCF=   8  NormRD=  0.000000563896  Uele= -44.926451840666
   SCF=   9  NormRD=  0.000000227506  Uele= -44.926451781406
   SCF=  10  NormRD=  0.000000011187  Uele= -44.926451782800

*******************************************************
        Total energy (Hartree) at MD =154        
*******************************************************

  Uele.        -44.926451782800

  Ukin.         93.157529228054
  UH0.       -2493.534879553201
  UH1.           0.110113040402
  Una.        -125.372895503094
  Unl.          25.293704430889
  Uxc0.        -16.323317486014
  Uxc1.        -16.323317486014
  Ucore.      2348.943635667139
  Uhub.          0.000000000000
  Ucs.           0.000000000000
  Uzs.           0.000000000000
  Uzo.           0.000000000000
  Uef.           0.000000000000
  UvdW.          0.000000000000
  Uch.           0.000000000000
  Utot.       -184.049427661839

  UpV.           0.000000000000
  Enpy.       -184.049427661839
  Note:

  Utot = Ukin+UH0+UH1+Una+Unl+Uxc0+Uxc1+Ucore+Uhub+Ucs+Uzs+Uzo+Uef+UvdW+Uch

  Uele:   band energy
  Ukin:   kinetic energy
  UH0:    electric part of screened Coulomb energy
  UH1:    difference electron-electron Coulomb energy
  Una:    neutral atom potential energy
  Unl:    non-local potential energy
  Uxc0:   exchange-correlation energy for alpha spin
  Uxc1:   exchange-correlation energy for beta spin
  Ucore:  core-core Coulomb energy
  Uhub:   LDA+U energy
  Ucs:    constraint energy for spin orientation
  Uzs:    Zeeman term for spin magnetic moment
  Uzo:    Zeeman term for orbital magnetic moment
  Uef:    electric energy by electric field
  UvdW:   semi-empirical vdW energy
  Uch:    penalty term to create a core hole

  UpV:    pressure times volume
  Enpy:   Enthalpy = Utot + UpV
  (see also PRB 72, 045121(2005) for the energy contributions)



  Chemical potential (Hartree)      -0.265987440857

***********************************************************
***********************************************************
                  SCF history at MD=155                    
***********************************************************
***********************************************************

   SCF=   1  NormRD=  1.000000000000  Uele= -44.926486071880
   SCF=   2  NormRD=  0.000031539519  Uele= -44.926485994221
   SCF=   3  NormRD=  0.000016855721  Uele= -44.926485856451
   SCF=   4  NormRD=  0.000042790741  Uele= -44.926485888168
   SCF=   5  NormRD=  0.000004004481  Uele= -44.926485745170
   SCF=   6  NormRD=  0.000004368460  Uele= -44.926485657846
   SCF=   7  NormRD=  0.000000793521  Uele= -44.926485739527
   SCF=   8  NormRD=  0.000000274829  Uele= -44.926485721405
   SCF=   9  NormRD=  0.000000130945  Uele= -44.926485728286

*******************************************************
        Total energy (Hartree) at MD =155        
*******************************************************

  Uele.        -44.926485728286

  Ukin.         93.157332335982
  UH0.       -2493.534480742318
  UH1.           0.110117735831
  Una.        -125.372649786086
  Unl.          25.293722891203
  Uxc0.        -16.323300532632
  Uxc1.        -16.323300532632
  Ucore.      2348.943131137708
  Uhub.          0.000000000000
  Ucs.           0.000000000000
  Uzs.           0.000000000000
  Uzo.           0.000000000000
  Uef.           0.000000000000
  UvdW.          0.000000000000
  Uch.           0.000000000000
  Utot.       -184.049427492943

  UpV.           0.000000000000
  Enpy.       -184.049427492943
  Note:

  Utot = Ukin+UH0+UH1+Una+Unl+Uxc0+Uxc1+Ucore+Uhub+Ucs+Uzs+Uzo+Uef+UvdW+Uch

  Uele:   band energy
  Ukin:   kinetic energy
  UH0:    electric part of screened Coulomb energy
  UH1:    difference electron-electron Coulomb energy
  Una:    neutral atom potential energy
  Unl:    non-local potential energy
  Uxc0:   exchange-correlation energy for alpha spin
  Uxc1:   exchange-correlation energy for beta spin
  Ucore:  core-core Coulomb energy
  Uhub:   LDA+U energy
  Ucs:    constraint energy for spin orientation
  Uzs:    Zeeman term for spin magnetic moment
  Uzo:    Zeeman term for orbital magnetic moment
  Uef:    electric energy by electric field
  UvdW:   semi-empirical vdW energy
  Uch:    penalty term to create a core hole

  UpV:    pressure times volume
  Enpy:   Enthalpy = Utot + UpV
  (see also PRB 72, 045121(2005) for the energy contributions)



  Chemical potential (Hartree)      -0.265989217116

***********************************************************
***********************************************************
                  SCF history at MD=156                    
***********************************************************
***********************************************************

   SCF=   1  NormRD=  1.000000000000  Uele= -44.926475937169
   SCF=   2  NormRD=  0.000022433268  Uele= -44.926475532825
   SCF=   3  NormRD=  0.000011985537  Uele= -44.926475504257
   SCF=   4  NormRD=  0.000030807300  Uele= -44.926474799411
   SCF=   5  NormRD=  0.000003098229  Uele= -44.926475309135
   SCF=   6  NormRD=  0.000003051008  Uele= -44.926475297168
   SCF=   7  NormRD=  0.000000615720  Uele= -44.926475284865
   SCF=   8  NormRD=  0.000000193176  Uele= -44.926475281880

*******************************************************
        Total energy (Hartree) at MD =156        
*******************************************************

  Uele.        -44.926475281880

  Ukin.         93.157386264358
  UH0.       -2493.534448069440
  UH1.           0.110116309241
  Una.        -125.372715852225
  Unl.          25.293717117220
  Uxc0.        -16.323305063862
  Uxc1.        -16.323305063862
  Ucore.      2348.943126820400
  Uhub.          0.000000000000
  Ucs.           0.000000000000
  Uzs.           0.000000000000
  Uzo.           0.000000000000
  Uef.           0.000000000000
  UvdW.          0.000000000000
  Uch.           0.000000000000
  Utot.       -184.049427538169

  UpV.           0.000000000000
  Enpy.       -184.049427538169
  Note:

  Utot = Ukin+UH0+UH1+Una+Unl+Uxc0+Uxc1+Ucore+Uhub+Ucs+Uzs+Uzo+Uef+UvdW+Uch

  Uele:   band energy
  Ukin:   kinetic energy
  UH0:    electric part of screened Coulomb energy
  UH1:    difference electron-electron Coulomb energy
  Una:    neutral atom potential energy
  Unl:    non-local potential energy
  Uxc0:   exchange-correlation energy for alpha spin
  Uxc1:   exchange-correlation energy for beta spin
  Ucore:  core-core Coulomb energy
  Uhub:   LDA+U energy
  Ucs:    constraint energy for spin orientation
  Uzs:    Zeeman term for spin magnetic moment
  Uzo:    Zeeman term for orbital magnetic moment
  Uef:    electric energy by electric field
  UvdW:   semi-empirical vdW energy
  Uch:    penalty term to create a core hole

  UpV:    pressure times volume
  Enpy:   Enthalpy = Utot + UpV
  (see also PRB 72, 045121(2005) for the energy contributions)



  Chemical potential (Hartree)      -0.265988710518

***********************************************************
***********************************************************
                  SCF history at MD=157                    
***********************************************************
***********************************************************

   SCF=   1  NormRD=  1.000000000000  Uele= -44.926473175108
   SCF=   2  NormRD=  0.000030220968  Uele= -44.926472882959
   SCF=   3  NormRD=  0.000017193332  Uele= -44.926473656849
   SCF=   4  NormRD=  0.000039608505  Uele= -44.926471148114
   SCF=   5  NormRD=  0.000005082188  Uele= -44.926473395912
   SCF=   6  NormRD=  0.000003943688  Uele= -44.926473391134

*******************************************************
        Total energy (Hartree) at MD =157        
*******************************************************

  Uele.        -44.926473391134

  Ukin.         93.157389308729
  UH0.       -2493.534185569359
  UH1.           0.110115902465
  Una.        -125.372715845108
  Unl.          25.293713646495
  Uxc0.        -16.323305023718
  Uxc1.        -16.323305023718
  Ucore.      2348.942865139563
  Uhub.          0.000000000000
  Ucs.           0.000000000000
  Uzs.           0.000000000000
  Uzo.           0.000000000000
  Uef.           0.000000000000
  UvdW.          0.000000000000
  Uch.           0.000000000000
  Utot.       -184.049427464651

  UpV.           0.000000000000
  Enpy.       -184.049427464651
  Note:

  Utot = Ukin+UH0+UH1+Una+Unl+Uxc0+Uxc1+Ucore+Uhub+Ucs+Uzs+Uzo+Uef+UvdW+Uch

  Uele:   band energy
  Ukin:   kinetic energy
  UH0:    electric part of screened Coulomb energy
  UH1:    difference electron-electron Coulomb energy
  Una:    neutral atom potential energy
  Unl:    non-local potential energy
  Uxc0:   exchange-correlation energy for alpha spin
  Uxc1:   exchange-correlation energy for beta spin
  Ucore:  core-core Coulomb energy
  Uhub:   LDA+U energy
  Ucs:    constraint energy for spin orientation
  Uzs:    Zeeman term for spin magnetic moment
  Uzo:    Zeeman term for orbital magnetic moment
  Uef:    electric energy by electric field
  UvdW:   semi-empirical vdW energy
  Uch:    penalty term to create a core hole

  UpV:    pressure times volume
  Enpy:   Enthalpy = Utot + UpV
  (see also PRB 72, 045121(2005) for the energy contributions)



  Chemical potential (Hartree)      -0.265988562711

***********************************************************
***********************************************************
                  SCF history at MD=158                    
***********************************************************
***********************************************************

   SCF=   1  NormRD=  1.000000000000  Uele= -44.926472853649
   SCF=   2  NormRD=  0.000060057503  Uele= -44.926476017695
   SCF=   3  NormRD=  0.000048562433  Uele= -44.926471811479
   SCF=   4  NormRD=  0.000044866672  Uele= -44.926477365903
   SCF=   5  NormRD=  0.000012177206  Uele= -44.926473160494
   SCF=   6  NormRD=  0.000006014561  Uele= -44.926473226535
   SCF=   7  NormRD=  0.000002722265  Uele= -44.926473464085
   SCF=   8  NormRD=  0.000000324575  Uele= -44.926473490945
   SCF=   9  NormRD=  0.000000342121  Uele= -44.926473530535
   SCF=  10  NormRD=  0.000000015202  Uele= -44.926473526460

*******************************************************
        Total energy (Hartree) at MD =158        
*******************************************************

  Uele.        -44.926473526460

  Ukin.         93.157412675843
  UH0.       -2493.534815778889
  UH1.           0.110116096105
  Una.        -125.372752440126
  Unl.          25.293717035965
  Uxc0.        -16.323307654928
  Uxc1.        -16.323307654928
  Ucore.      2348.943510134664
  Uhub.          0.000000000000
  Ucs.           0.000000000000
  Uzs.           0.000000000000
  Uzo.           0.000000000000
  Uef.           0.000000000000
  UvdW.          0.000000000000
  Uch.           0.000000000000
  Utot.       -184.049427586296

  UpV.           0.000000000000
  Enpy.       -184.049427586296
  Note:

  Utot = Ukin+UH0+UH1+Una+Unl+Uxc0+Uxc1+Ucore+Uhub+Ucs+Uzs+Uzo+Uef+UvdW+Uch

  Uele:   band energy
  Ukin:   kinetic energy
  UH0:    electric part of screened Coulomb energy
  UH1:    difference electron-electron Coulomb energy
  Una:    neutral atom potential energy
  Unl:    non-local potential energy
  Uxc0:   exchange-correlation energy for alpha spin
  Uxc1:   exchange-correlation energy for beta spin
  Ucore:  core-core Coulomb energy
  Uhub:   LDA+U energy
  Ucs:    constraint energy for spin orientation
  Uzs:    Zeeman term for spin magnetic moment
  Uzo:    Zeeman term for orbital magnetic moment
  Uef:    electric energy by electric field
  UvdW:   semi-empirical vdW energy
  Uch:    penalty term to create a core hole

  UpV:    pressure times volume
  Enpy:   Enthalpy = Utot + UpV
  (see also PRB 72, 045121(2005) for the energy contributions)



  Chemical potential (Hartree)      -0.265988523458

***********************************************************
***********************************************************
                  SCF history at MD=159                    
***********************************************************
***********************************************************

   SCF=   1  NormRD=  1.000000000000  Uele= -44.926461652497
   SCF=   2  NormRD=  0.000052756289  Uele= -44.926464413713
   SCF=   3  NormRD=  0.000046256347  Uele= -44.926460030025
   SCF=   4  NormRD=  0.000032491454  Uele= -44.926464738524
   SCF=   5  NormRD=  0.000012723383  Uele= -44.926461510814
   SCF=   6  NormRD=  0.000003930848  Uele= -44.926461650063
   SCF=   7  NormRD=  0.000002632811  Uele= -44.926461792857
   SCF=   8  NormRD=  0.000000251860  Uele= -44.926461829075
   SCF=   9  NormRD=  0.000000324995  Uele= -44.926461850367
   SCF=  10  NormRD=  0.000000011125  Uele= -44.926461855030

*******************************************************
        Total energy (Hartree) at MD =159        
*******************************************************

  Uele.        -44.926461855030

  Ukin.         93.157475811104
  UH0.       -2493.534702291800
  UH1.           0.110114387626
  Una.        -125.372829388177
  Unl.          25.293709321956
  Uxc0.        -16.323313088813
  Uxc1.        -16.323313088813
  Ucore.      2348.943430514309
  Uhub.          0.000000000000
  Ucs.           0.000000000000
  Uzs.           0.000000000000
  Uzo.           0.000000000000
  Uef.           0.000000000000
  UvdW.          0.000000000000
  Uch.           0.000000000000
  Utot.       -184.049427822607

  UpV.           0.000000000000
  Enpy.       -184.049427822607
  Note:

  Utot = Ukin+UH0+UH1+Una+Unl+Uxc0+Uxc1+Ucore+Uhub+Ucs+Uzs+Uzo+Uef+UvdW+Uch

  Uele:   band energy
  Ukin:   kinetic energy
  UH0:    electric part of screened Coulomb energy
  UH1:    difference electron-electron Coulomb energy
  Una:    neutral atom potential energy
  Unl:    non-local potential energy
  Uxc0:   exchange-correlation energy for alpha spin
  Uxc1:   exchange-correlation energy for beta spin
  Ucore:  core-core Coulomb energy
  Uhub:   LDA+U energy
  Ucs:    constraint energy for spin orientation
  Uzs:    Zeeman term for spin magnetic moment
  Uzo:    Zeeman term for orbital magnetic moment
  Uef:    electric energy by electric field
  UvdW:   semi-empirical vdW energy
  Uch:    penalty term to create a core hole

  UpV:    pressure times volume
  Enpy:   Enthalpy = Utot + UpV
  (see also PRB 72, 045121(2005) for the energy contributions)



  Chemical potential (Hartree)      -0.265987566210

***********************************************************
***********************************************************
                  SCF history at MD=160                    
***********************************************************
***********************************************************

   SCF=   1  NormRD=  1.000000000000  Uele= -44.926426238008
   SCF=   2  NormRD=  0.000038402694  Uele= -44.926425997808
   SCF=   3  NormRD=  0.000019199565  Uele= -44.926426250689
   SCF=   4  NormRD=  0.000038738941  Uele= -44.926424163406
   SCF=   5  NormRD=  0.000003458483  Uele= -44.926426268771
   SCF=   6  NormRD=  0.000003374184  Uele= -44.926426025604
   SCF=   7  NormRD=  0.000000488359  Uele= -44.926426063314
   SCF=   8  NormRD=  0.000000569455  Uele= -44.926426062337

*******************************************************
        Total energy (Hartree) at MD =160        
*******************************************************

  Uele.        -44.926426062337

  Ukin.         93.157674475712
  UH0.       -2493.534621458690
  UH1.           0.110109237114
  Una.        -125.373072861201
  Unl.          25.293686434239
  Uxc0.        -16.323330339402
  Uxc1.        -16.323330339402
  Ucore.      2348.943456346783
  Uhub.          0.000000000000
  Ucs.           0.000000000000
  Uzs.           0.000000000000
  Uzo.           0.000000000000
  Uef.           0.000000000000
  UvdW.          0.000000000000
  Uch.           0.000000000000
  Utot.       -184.049428504847

  UpV.           0.000000000000
  Enpy.       -184.049428504847
  Note:

  Utot = Ukin+UH0+UH1+Una+Unl+Uxc0+Uxc1+Ucore+Uhub+Ucs+Uzs+Uzo+Uef+UvdW+Uch

  Uele:   band energy
  Ukin:   kinetic energy
  UH0:    electric part of screened Coulomb energy
  UH1:    difference electron-electron Coulomb energy
  Una:    neutral atom potential energy
  Unl:    non-local potential energy
  Uxc0:   exchange-correlation energy for alpha spin
  Uxc1:   exchange-correlation energy for beta spin
  Ucore:  core-core Coulomb energy
  Uhub:   LDA+U energy
  Ucs:    constraint energy for spin orientation
  Uzs:    Zeeman term for spin magnetic moment
  Uzo:    Zeeman term for orbital magnetic moment
  Uef:    electric energy by electric field
  UvdW:   semi-empirical vdW energy
  Uch:    penalty term to create a core hole

  UpV:    pressure times volume
  Enpy:   Enthalpy = Utot + UpV
  (see also PRB 72, 045121(2005) for the energy contributions)



  Chemical potential (Hartree)      -0.265984618848

***********************************************************
***********************************************************
                  SCF history at MD=161                    
***********************************************************
***********************************************************

   SCF=   1  NormRD=  1.000000000000  Uele= -44.926413505164
   SCF=   2  NormRD=  0.000130125165  Uele= -44.926424602508
   SCF=   3  NormRD=  0.000160703200  Uele= -44.926407304033
   SCF=   4  NormRD=  0.000010666788  Uele= -44.926416258053
   SCF=   5  NormRD=  0.000006353826  Uele= -44.926414105050
   SCF=   6  NormRD=  0.000005973475  Uele= -44.926414211655
   SCF=   7  NormRD=  0.000000974150  Uele= -44.926414379974
   SCF=   8  NormRD=  0.000000291509  Uele= -44.926414407296
   SCF=   9  NormRD=  0.000000127302  Uele= -44.926414438563
   SCF=  10  NormRD=  0.000000014505  Uele= -44.926414437049

*******************************************************
        Total energy (Hartree) at MD =161        
*******************************************************

  Uele.        -44.926414437049

  Ukin.         93.157729305457
  UH0.       -2493.534388511930
  UH1.           0.110107482796
  Una.        -125.373136998242
  Unl.          25.293677728234
  Uxc0.        -16.323334763813
  Uxc1.        -16.323334763813
  Ucore.      2348.943252013200
  Uhub.          0.000000000000
  Ucs.           0.000000000000
  Uzs.           0.000000000000
  Uzo.           0.000000000000
  Uef.           0.000000000000
  UvdW.          0.000000000000
  Uch.           0.000000000000
  Utot.       -184.049428508111

  UpV.           0.000000000000
  Enpy.       -184.049428508111
  Note:

  Utot = Ukin+UH0+UH1+Una+Unl+Uxc0+Uxc1+Ucore+Uhub+Ucs+Uzs+Uzo+Uef+UvdW+Uch

  Uele:   band energy
  Ukin:   kinetic energy
  UH0:    electric part of screened Coulomb energy
  UH1:    difference electron-electron Coulomb energy
  Una:    neutral atom potential energy
  Unl:    non-local potential energy
  Uxc0:   exchange-correlation energy for alpha spin
  Uxc1:   exchange-correlation energy for beta spin
  Ucore:  core-core Coulomb energy
  Uhub:   LDA+U energy
  Ucs:    constraint energy for spin orientation
  Uzs:    Zeeman term for spin magnetic moment
  Uzo:    Zeeman term for orbital magnetic moment
  Uef:    electric energy by electric field
  UvdW:   semi-empirical vdW energy
  Uch:    penalty term to create a core hole

  UpV:    pressure times volume
  Enpy:   Enthalpy = Utot + UpV
  (see also PRB 72, 045121(2005) for the energy contributions)



  Chemical potential (Hartree)      -0.265983669676

***********************************************************
***********************************************************
                  SCF history at MD=162                    
***********************************************************
***********************************************************

   SCF=   1  NormRD=  1.000000000000  Uele= -44.926349172557
   SCF=   2  NormRD=  0.000067847719  Uele= -44.926345079825
   SCF=   3  NormRD=  0.000078292253  Uele= -44.926353804646
   SCF=   4  NormRD=  0.000012749114  Uele= -44.926349624251
   SCF=   5  NormRD=  0.000008282348  Uele= -44.926350810899
   SCF=   6  NormRD=  0.000004442963  Uele= -44.926350743812
   SCF=   7  NormRD=  0.000002581610  Uele= -44.926350733910

*******************************************************
        Total energy (Hartree) at MD =162        
*******************************************************

  Uele.        -44.926350733910

  Ukin.         93.158016533437
  UH0.       -2493.532900577465
  UH1.           0.110097778150
  Una.        -125.373466906284
  Unl.          25.293627576889
  Uxc0.        -16.323357602906
  Uxc1.        -16.323357602906
  Ucore.      2348.941912277781
  Uhub.          0.000000000000
  Ucs.           0.000000000000
  Uzs.           0.000000000000
  Uzo.           0.000000000000
  Uef.           0.000000000000
  UvdW.          0.000000000000
  Uch.           0.000000000000
  Utot.       -184.049428523305

  UpV.           0.000000000000
  Enpy.       -184.049428523305
  Note:

  Utot = Ukin+UH0+UH1+Una+Unl+Uxc0+Uxc1+Ucore+Uhub+Ucs+Uzs+Uzo+Uef+UvdW+Uch

  Uele:   band energy
  Ukin:   kinetic energy
  UH0:    electric part of screened Coulomb energy
  UH1:    difference electron-electron Coulomb energy
  Una:    neutral atom potential energy
  Unl:    non-local potential energy
  Uxc0:   exchange-correlation energy for alpha spin
  Uxc1:   exchange-correlation energy for beta spin
  Ucore:  core-core Coulomb energy
  Uhub:   LDA+U energy
  Ucs:    constraint energy for spin orientation
  Uzs:    Zeeman term for spin magnetic moment
  Uzo:    Zeeman term for orbital magnetic moment
  Uef:    electric energy by electric field
  UvdW:   semi-empirical vdW energy
  Uch:    penalty term to create a core hole

  UpV:    pressure times volume
  Enpy:   Enthalpy = Utot + UpV
  (see also PRB 72, 045121(2005) for the energy contributions)



  Chemical potential (Hartree)      -0.265978565686

***********************************************************
***********************************************************
           Eigenvalues (Hartree) of SCF KS-eq.           
***********************************************************
***********************************************************

   Chemical Potential (Hartree) =  -0.26597856568600
   Number of States             =  47.99999999999901
   Eigenvalues
              Up-spin           Down-spin

   kloop=0
   k1=   0.00000 k2=  -0.00000 k3=   0.00000

    1   -2.40898123482502  -2.40898123482502
    2   -2.40847224667243  -2.40847224667243
    3   -1.53571716833546  -1.53571716833546
    4   -1.53550651412934  -1.53550651412934
    5   -1.53176805186494  -1.53176805186494
    6   -1.53030006027899  -1.53030006027899
    7   -1.52974103170638  -1.52974103170638
    8   -1.52967525169534  -1.52967525169534
    9   -0.96009137947326  -0.96009137947326
   10   -0.92004693544593  -0.92004693544593
   11   -0.89075544999572  -0.89075544999572
   12   -0.89046086669231  -0.89046086669231
   13   -0.50599206079829  -0.50599206079829
   14   -0.49461311577654  -0.49461311577654
   15   -0.46986885903726  -0.46986885903726
   16   -0.43765407575734  -0.43765407575734
   17   -0.43669489706474  -0.43669489706474
   18   -0.38211912912666  -0.38211912912666
   19   -0.38188841349979  -0.38188841349979
   20   -0.36059851941280  -0.36059851941280
   21   -0.31364867619816  -0.31364867619816
   22   -0.30341839850042  -0.30341839850042
   23   -0.30206681648976  -0.30206681648976
   24   -0.28893856899332  -0.28893856899332
   25   -0.23490700636415  -0.23490700636415
   26   -0.22081964502869  -0.22081964502869
   27   -0.21591103706595  -0.21591103706595
   28   -0.21391861876900  -0.21391861876900
   29   -0.21158461259356  -0.21158461259356
   30   -0.12392309294091  -0.12392309294091
   31   -0.06835833366732  -0.06835833366732
   32   -0.04601976435924  -0.04601976435924
   33   -0.04485978766309  -0.04485978766309
   34    0.00265423079027   0.00265423079027
   35    0.01393743518282   0.01393743518282
   36    0.19321280723997   0.19321280723997
   37    0.19420181374665   0.19420181374665
   38    0.39537176189875   0.39537176189875
   39    0.46751903673184   0.46751903673184
   40    0.47097383611052   0.47097383611052
   41    0.62562935413431   0.62562935413431
   42    1.37806264938101   1.37806264938101
   43    2.14854410655532   2.14854410655532
   44    2.88642279672832   2.88642279672832
   45    2.90358548752181   2.90358548752181
   46    5.66751797014169   5.66751797014169

   kloop=1
   k1=   0.00000 k2=  -0.00000 k3=   0.25000

    1   -2.40807815861340  -2.40807815861340
    2   -2.40767175395713  -2.40767175395713
    3   -1.53973677407614  -1.53973677407614
    4   -1.53893550726251  -1.53893550726251
    5   -1.53371289565287  -1.53371289565287
    6   -1.53354216678516  -1.53354216678516
    7   -1.52973360287306  -1.52973360287306
    8   -1.52969643455471  -1.52969643455471
    9   -0.93912486335677  -0.93912486335677
   10   -0.90918068547419  -0.90918068547419
   11   -0.90087160100190  -0.90087160100190
   12   -0.90056552574818  -0.90056552574818
   13   -0.47884909338747  -0.47884909338747
   14   -0.47515506064788  -0.47515506064788
   15   -0.44745376786149  -0.44745376786149
   16   -0.44399103263114  -0.44399103263114
   17   -0.44139213397507  -0.44139213397507
   18   -0.41274697561647  -0.41274697561647
   19   -0.38199217362803  -0.38199217362803
   20   -0.35647711155494  -0.35647711155494
   21   -0.35624908317453  -0.35624908317453
   22   -0.34677376933305  -0.34677376933305
   23   -0.34549500686851  -0.34549500686851
   24   -0.30389066120008  -0.30389066120008
   25   -0.21701074214532  -0.21701074214532
   26   -0.21334538579144  -0.21334538579144
   27   -0.20119963360647  -0.20119963360647
   28   -0.18163808203260  -0.18163808203260
   29   -0.17753618966754  -0.17753618966754
   30   -0.09886553891206  -0.09886553891206
   31   -0.09483152621476  -0.09483152621476
   32   -0.05905703774267  -0.05905703774267
   33   -0.05690522547602  -0.05690522547602
   34   -0.03985102599446  -0.03985102599446
   35    0.07666175584830   0.07666175584830
   36    0.26298068797452   0.26298068797452
   37    0.26422625637577   0.26422625637577
   38    0.34050893020605   0.34050893020605
   39    0.39955814733144   0.39955814733144
   40    0.45791363928598   0.45791363928598
   41    0.46223997145203   0.46223997145203
   42    0.52302571502523   0.52302571502523
   43    2.22256193092624   2.22256193092624
   44    2.34194284275697   2.34194284275697
   45    2.35098678934111   2.35098678934111
   46    3.92725775575754   3.92725775575754

   kloop=2
   k1=   0.00000 k2=  -0.00000 k3=   0.50000

    1   -2.40737252462908  -2.40737252462908
    2   -2.40704229557868  -2.40704229557868
    3   -1.54721780411440  -1.54721780411440
    4   -1.54681648213445  -1.54681648213445
    5   -1.53064209415735  -1.53064209415735
    6   -1.53059832536949  -1.53059832536949
    7   -1.53029263410206  -1.53029263410206
    8   -1.53018025398035  -1.53018025398035
    9   -0.91145498025475  -0.91145498025475
   10   -0.91093602211543  -0.91093602211543
   11   -0.90742932855783  -0.90742932855783
   12   -0.90731014621039  -0.90731014621039
   13   -0.46105782950723  -0.46105782950723
   14   -0.46090410499758  -0.46090410499758
   15   -0.43199856811407  -0.43199856811407
   16   -0.43099234041290  -0.43099234041290
   17   -0.42321967745522  -0.42321967745522
   18   -0.42206499384400  -0.42206499384400
   19   -0.39808048502182  -0.39808048502182
   20   -0.39756601062760  -0.39756601062760
   21   -0.37518194864562  -0.37518194864562
   22   -0.37423955108088  -0.37423955108088
   23   -0.34228394708621  -0.34228394708621
   24   -0.34222020216346  -0.34222020216346
   25   -0.19121301563177  -0.19121301563177
   26   -0.19071908963677  -0.19071908963677
   27   -0.16768277190308  -0.16768277190308
   28   -0.16713539054831  -0.16713539054831
   29   -0.14912499168063  -0.14912499168063
   30   -0.14883709216513  -0.14883709216513
   31   -0.08196430968930  -0.08196430968930
   32   -0.08112794372654  -0.08112794372654
   33   -0.06222334134334  -0.06222334134334
   34   -0.06190923804798  -0.06190923804798
   35    0.19989490374078   0.19989490374078
   36    0.19998681195069   0.19998681195069
   37    0.33584362463764   0.33584362463764
   38    0.33622784036943   0.33622784036943
   39    0.41674174499727   0.41674174499727
   40    0.41779239720657   0.41779239720657
   41    0.47651138149897   0.47651138149897
   42    0.47810878558911   0.47810878558911
   43    2.18336201436457   2.18336201436457
   44    2.18621006901181   2.18621006901181
   45    2.56336098291957   2.56336098291957
   46    2.56500492743778   2.56500492743778

   kloop=3
   k1=   0.00000 k2=   0.25000 k3=   0.00000

    1   -2.40896139540403  -2.40896139540403
    2   -2.40852487556552  -2.40852487556552
    3   -1.53507562470219  -1.53507562470219
    4   -1.53479489147022  -1.53479489147022
    5   -1.53160407457964  -1.53160407457964
    6   -1.53059572133957  -1.53059572133957
    7   -1.53046743562036  -1.53046743562036
    8   -1.53029082738909  -1.53029082738909
    9   -0.95253077313648  -0.95253077313648
   10   -0.92046820108094  -0.92046820108094
   11   -0.89770273536927  -0.89770273536927
   12   -0.89364205717215  -0.89364205717215
   13   -0.49300844796871  -0.49300844796871
   14   -0.48573275133995  -0.48573275133995
   15   -0.45439738728472  -0.45439738728472
   16   -0.43657267105749  -0.43657267105749
   17   -0.43517997323563  -0.43517997323563
   18   -0.39748427692478  -0.39748427692478
   19   -0.39053311715991  -0.39053311715991
   20   -0.36123106173315  -0.36123106173315
   21   -0.34213328936052  -0.34213328936052
   22   -0.32851292437824  -0.32851292437824
   23   -0.31517259439903  -0.31517259439903
   24   -0.29671391900932  -0.29671391900932
   25   -0.22355928867311  -0.22355928867311
   26   -0.21232480017652  -0.21232480017652
   27   -0.20510287108972  -0.20510287108972
   28   -0.19798366471826  -0.19798366471826
   29   -0.19315230852580  -0.19315230852580
   30   -0.10890414663473  -0.10890414663473
   31   -0.09596647447299  -0.09596647447299
   32   -0.05570254874099  -0.05570254874099
   33   -0.05112054599643  -0.05112054599643
   34   -0.01335315647163  -0.01335315647163
   35    0.03974181245803   0.03974181245803
   36    0.16181337394792   0.16181337394792
   37    0.21700386798306   0.21700386798306
   38    0.38393987083995   0.38393987083995
   39    0.40227330989294   0.40227330989294
   40    0.41145445366145   0.41145445366145
   41    0.63713937227595   0.63713937227595
   42    1.04832111208161   1.04832111208161
   43    2.37447278584937   2.37447278584937
   44    2.76635421880283   2.76635421880283
   45    2.93711359767623   2.93711359767623
   46    4.97837139131378   4.97837139131378

   kloop=4
   k1=   0.00000 k2=   0.25000 k3=   0.25000

    1   -2.40810329387886  -2.40810329387886
    2   -2.40771307562792  -2.40771307562792
    3   -1.53981732827734  -1.53981732827734
    4   -1.53917810428395  -1.53917810428395
    5   -1.53315553225038  -1.53315553225038
    6   -1.53291737052315  -1.53291737052315
    7   -1.53010159237626  -1.53010159237626
    8   -1.52993587839803  -1.52993587839803
    9   -0.93397844797910  -0.93397844797910
   10   -0.90832841401531  -0.90832841401531
   11   -0.90653980208120  -0.90653980208120
   12   -0.90200559908845  -0.90200559908845
   13   -0.47163581001494  -0.47163581001494
   14   -0.46497574771949  -0.46497574771949
   15   -0.45267561116444  -0.45267561116444
   16   -0.44778564443328  -0.44778564443328
   17   -0.41903020145909  -0.41903020145909
   18   -0.41561883385985  -0.41561883385985
   19   -0.40492937840520  -0.40492937840520
   20   -0.36909797261135  -0.36909797261135
   21   -0.36863993314569  -0.36863993314569
   22   -0.34365073172848  -0.34365073172848
   23   -0.33755997366502  -0.33755997366502
   24   -0.30493565376679  -0.30493565376679
   25   -0.22143609146981  -0.22143609146981
   26   -0.20053564774383  -0.20053564774383
   27   -0.19356180492742  -0.19356180492742
   28   -0.18377765282260  -0.18377765282260
   29   -0.17001996197077  -0.17001996197077
   30   -0.12215886933512  -0.12215886933512
   31   -0.09016453530620  -0.09016453530620
   32   -0.08504559575428  -0.08504559575428
   33   -0.05935330495279  -0.05935330495279
   34   -0.02580323072358  -0.02580323072358
   35    0.09613759479863   0.09613759479863
   36    0.21680457372293   0.21680457372293
   37    0.28010017459710   0.28010017459710
   38    0.33966637952473   0.33966637952473
   39    0.39781344750934   0.39781344750934
   40    0.40105381111417   0.40105381111417
   41    0.46022158653439   0.46022158653439
   42    0.52347833966965   0.52347833966965
   43    2.38919365826957   2.38919365826957
   44    2.60221991614019   2.60221991614019
   45    2.66264225642173   2.66264225642173
   46    3.70248201953611   3.70248201953611

   kloop=5
   k1=   0.00000 k2=   0.25000 k3=   0.50000

    1   -2.40738381984729  -2.40738381984729
    2   -2.40705334439212  -2.40705334439212
    3   -1.54733272278504  -1.54733272278504
    4   -1.54693698666340  -1.54693698666340
    5   -1.53058724747079  -1.53058724747079
    6   -1.53032535659303  -1.53032535659303
    7   -1.53013392990273  -1.53013392990273
    8   -1.52997672505282  -1.52997672505282
    9   -0.91887742515688  -0.91887742515688
   10   -0.91850457254065  -0.91850457254065
   11   -0.89948869647525  -0.89948869647525
   12   -0.89922830887201  -0.89922830887201
   13   -0.46712959627766  -0.46712959627766
   14   -0.46692750715998  -0.46692750715998
   15   -0.44746367557547  -0.44746367557547
   16   -0.44723846603354  -0.44723846603354
   17   -0.41217422351493  -0.41217422351493
   18   -0.41204691310031  -0.41204691310031
   19   -0.38993447735203  -0.38993447735203
   20   -0.38983779036961  -0.38983779036961
   21   -0.35535269883807  -0.35535269883807
   22   -0.35520589371841  -0.35520589371841
   23   -0.34696135255077  -0.34696135255077
   24   -0.34641672459239  -0.34641672459239
   25   -0.19984220929041  -0.19984220929041
   26   -0.19929399765233  -0.19929399765233
   27   -0.19054329294242  -0.19054329294242
   28   -0.19019698540476  -0.19019698540476
   29   -0.14127228109662  -0.14127228109662
   30   -0.14098092702484  -0.14098092702484
   31   -0.09274896121944  -0.09274896121944
   32   -0.09226376987564  -0.09226376987564
   33   -0.03924632235030  -0.03924632235030
   34   -0.03906294646970  -0.03906294646970
   35    0.20059968678473   0.20059968678473
   36    0.20074626333835   0.20074626333835
   37    0.32547983279622   0.32547983279622
   38    0.32560583539803   0.32560583539803
   39    0.39930663605072   0.39930663605072
   40    0.39974656370581   0.39974656370581
   41    0.45327026508187   0.45327026508187
   42    0.45413868508963   0.45413868508963
   43    2.17805069876070   2.17805069876070
   44    2.17885879728172   2.17885879728172
   45    2.78010379174753   2.78010379174753
   46    2.78310049366779   2.78310049366779

   kloop=6
   k1=   0.00000 k2=   0.25000 k3=   0.75000

    1   -2.40810337380971  -2.40810337380971
    2   -2.40771296043096  -2.40771296043096
    3   -1.53981622999928  -1.53981622999928
    4   -1.53917910265317  -1.53917910265317
    5   -1.53315325354521  -1.53315325354521
    6   -1.53291781570798  -1.53291781570798
    7   -1.53010207093364  -1.53010207093364
    8   -1.52993722659446  -1.52993722659446
    9   -0.93397648595166  -0.93397648595166
   10   -0.90837273086517  -0.90837273086517
   11   -0.90649872523816  -0.90649872523816
   12   -0.90200340410826  -0.90200340410826
   13   -0.47156609012000  -0.47156609012000
   14   -0.46507171883879  -0.46507171883879
   15   -0.45279422882353  -0.45279422882353
   16   -0.44775680847975  -0.44775680847975
   17   -0.41870720337633  -0.41870720337633
   18   -0.41590857390587  -0.41590857390587
   19   -0.40482648065317  -0.40482648065317
   20   -0.36923444283169  -0.36923444283169
   21   -0.36855321754576  -0.36855321754576
   22   -0.34364948601022  -0.34364948601022
   23   -0.33740634921958  -0.33740634921958
   24   -0.30503089052525  -0.30503089052525
   25   -0.22142758771407  -0.22142758771407
   26   -0.20077739342735  -0.20077739342735
   27   -0.19342057199739  -0.19342057199739
   28   -0.18385220800094  -0.18385220800094
   29   -0.16983378907132  -0.16983378907132
   30   -0.12220687664193  -0.12220687664193
   31   -0.09009664079103  -0.09009664079103
   32   -0.08509670936020  -0.08509670936020
   33   -0.05938798365208  -0.05938798365208
   34   -0.02576181165870  -0.02576181165870
   35    0.09611342585746   0.09611342585746
   36    0.21674301197565   0.21674301197565
   37    0.28009517950825   0.28009517950825
   38    0.33973445825690   0.33973445825690
   39    0.39770685739130   0.39770685739130
   40    0.40115966893850   0.40115966893850
   41    0.46026844059574   0.46026844059574
   42    0.52335559353209   0.52335559353209
   43    2.38928566018544   2.38928566018544
   44    2.60195927736437   2.60195927736437
   45    2.66230599155047   2.66230599155047
   46    3.70273256785010   3.70273256785010

   kloop=7
   k1=   0.00000 k2=   0.50000 k3=   0.00000

    1   -2.40892210284572  -2.40892210284572
    2   -2.40858725318748  -2.40858725318748
    3   -1.53409313166653  -1.53409313166653
    4   -1.53370573512221  -1.53370573512221
    5   -1.53164237743927  -1.53164237743927
    6   -1.53134269202026  -1.53134269202026
    7   -1.53121776651408  -1.53121776651408
    8   -1.53093493993509  -1.53093493993509
    9   -0.93495889132784  -0.93495889132784
   10   -0.93233789557299  -0.93233789557299
   11   -0.90103931814407  -0.90103931814407
   12   -0.89891037138656  -0.89891037138656
   13   -0.47583326919109  -0.47583326919109
   14   -0.47443613279616  -0.47443613279616
   15   -0.43544255484896  -0.43544255484896
   16   -0.43462712642064  -0.43462712642064
   17   -0.41544344360716  -0.41544344360716
   18   -0.40976544455381  -0.40976544455381
   19   -0.40590609376451  -0.40590609376451
   20   -0.40102049341862  -0.40102049341862
   21   -0.35526186702217  -0.35526186702217
   22   -0.34943339615493  -0.34943339615493
   23   -0.31415177495471  -0.31415177495471
   24   -0.31242828902655  -0.31242828902655
   25   -0.21015754523988  -0.21015754523988
   26   -0.20849354861838  -0.20849354861838
   27   -0.19637897118095  -0.19637897118095
   28   -0.18591160678866  -0.18591160678866
   29   -0.15768905149197  -0.15768905149197
   30   -0.14817308880039  -0.14817308880039
   31   -0.06761029744482  -0.06761029744482
   32   -0.06645407686637  -0.06645407686637
   33   -0.05499496421371  -0.05499496421371
   34   -0.05463292423210  -0.05463292423210
   35    0.09942698778478   0.09942698778478
   36    0.10049966867986   0.10049966867986
   37    0.27656870054874   0.27656870054874
   38    0.29461961279488   0.29461961279488
   39    0.37682042665195   0.37682042665195
   40    0.37869722728527   0.37869722728527
   41    0.71260826225310   0.71260826225310
   42    0.72198204274549   0.72198204274549
   43    2.61120258780434   2.61120258780434
   44    2.64023015696203   2.64023015696203
   45    3.53301074279240   3.53301074279240
   46    3.57565571781097   3.57565571781097

   kloop=8
   k1=   0.00000 k2=   0.50000 k3=   0.25000

    1   -2.40808825551042  -2.40808825551042
    2   -2.40775570002712  -2.40775570002712
    3   -1.53983275745240  -1.53983275745240
    4   -1.53943749731491  -1.53943749731491
    5   -1.53237933954515  -1.53237933954515
    6   -1.53200911987125  -1.53200911987125
    7   -1.53071925827486  -1.53071925827486
    8   -1.53052134326671  -1.53052134326671
    9   -0.92191826366383  -0.92191826366383
   10   -0.91952034969196  -0.91952034969196
   11   -0.90616309938071  -0.90616309938071
   12   -0.90436206964032  -0.90436206964032
   13   -0.45624720717496  -0.45624720717496
   14   -0.45584783890035  -0.45584783890035
   15   -0.44888448838804  -0.44888448838804
   16   -0.44851100436829  -0.44851100436829
   17   -0.43184856888400  -0.43184856888400
   18   -0.42119298000668  -0.42119298000668
   19   -0.39284604148714  -0.39284604148714
   20   -0.39030494727945  -0.39030494727945
   21   -0.36931990109014  -0.36931990109014
   22   -0.36005625025838  -0.36005625025838
   23   -0.32201316347547  -0.32201316347547
   24   -0.31617783970885  -0.31617783970885
   25   -0.21079442117120  -0.21079442117120
   26   -0.20220135227639  -0.20220135227639
   27   -0.18563585666185  -0.18563585666185
   28   -0.17866607650095  -0.17866607650095
   29   -0.15458403960932  -0.15458403960932
   30   -0.15399491570457  -0.15399491570457
   31   -0.10055043238071  -0.10055043238071
   32   -0.09385013694247  -0.09385013694247
   33   -0.04124603443799  -0.04124603443799
   34   -0.03942754421600  -0.03942754421600
   35    0.14817533250723   0.14817533250723
   36    0.14913260205261   0.14913260205261
   37    0.31155159125388   0.31155159125388
   38    0.32090424899479   0.32090424899479
   39    0.37582317793956   0.37582317793956
   40    0.37908707695723   0.37908707695723
   41    0.47696137167738   0.47696137167738
   42    0.48801663505731   0.48801663505731
   43    2.69307869908396   2.69307869908396
   44    2.71819948147730   2.71819948147730
   45    3.24360079689037   3.24360079689037
   46    3.31804791140027   3.31804791140027

   kloop=9
   k1=   0.00000 k2=   0.50000 k3=   0.50000

    1   -2.40738009890494  -2.40738009890494
    2   -2.40704931385443  -2.40704931385443
    3   -1.54744464905148  -1.54744464905148
    4   -1.54705449447018  -1.54705449447018
    5   -1.53057411627571  -1.53057411627571
    6   -1.53023635414785  -1.53023635414785
    7   -1.52994174986167  -1.52994174986167
    8   -1.52972323721923  -1.52972323721923
    9   -0.92243737658017  -0.92243737658017
   10   -0.92207031048007  -0.92207031048007
   11   -0.89548413390070  -0.89548413390070
   12   -0.89522111233499  -0.89522111233499
   13   -0.47642320108335  -0.47642320108335
   14   -0.47632259500072  -0.47632259500072
   15   -0.44691688104653  -0.44691688104653
   16   -0.44667517769087  -0.44667517769087
   17   -0.41157263818740  -0.41157263818740
   18   -0.41143275153377  -0.41143275153377
   19   -0.37897132097793  -0.37897132097793
   20   -0.37876091832784  -0.37876091832784
   21   -0.36663816431280  -0.36663816431280
   22   -0.36653698053233  -0.36653698053233
   23   -0.32054732414376  -0.32054732414376
   24   -0.32004554830516  -0.32004554830516
   25   -0.22981935602953  -0.22981935602953
   26   -0.22938077644628  -0.22938077644628
   27   -0.19061334614264  -0.19061334614264
   28   -0.19015612734758  -0.19015612734758
   29   -0.13844497477238  -0.13844497477238
   30   -0.13818478079704  -0.13818478079704
   31   -0.09797910587846  -0.09797910587846
   32   -0.09760144317799  -0.09760144317799
   33   -0.02279040656023  -0.02279040656023
   34   -0.02273724230352  -0.02273724230352
   35    0.20430958638586   0.20430958638586
   36    0.20448061694347   0.20448061694347
   37    0.30379033563831   0.30379033563831
   38    0.30392227624570   0.30392227624570
   39    0.36882942861513   0.36882942861513
   40    0.36919530651586   0.36919530651586
   41    0.48517536735683   0.48517536735683
   42    0.48567743838715   0.48567743838715
   43    2.20742888191058   2.20742888191058
   44    2.20789413786824   2.20789413786824
   45    3.10295404232594   3.10295404232594
   46    3.10771397577750   3.10771397577750

   kloop=10
   k1=   0.25000 k2=  -0.00000 k3=   0.00000

    1   -2.40896125010406  -2.40896125010406
    2   -2.40852535751280  -2.40852535751280
    3   -1.53505407348547  -1.53505407348547
    4   -1.53481626422927  -1.53481626422927
    5   -1.53160376227217  -1.53160376227217
    6   -1.53058956730329  -1.53058956730329
    7   -1.53042069246044  -1.53042069246044
    8   -1.53034396844743  -1.53034396844743
    9   -0.95252743054181  -0.95252743054181
   10   -0.92052193594080  -0.92052193594080
   11   -0.89755074032238  -0.89755074032238
   12   -0.89376079214325  -0.89376079214325
   13   -0.49286002582460  -0.49286002582460
   14   -0.48555054199571  -0.48555054199571
   15   -0.45483425524165  -0.45483425524165
   16   -0.43620185427545  -0.43620185427545
   17   -0.43545360455901  -0.43545360455901
   18   -0.39678990144164  -0.39678990144164
   19   -0.39035326875643  -0.39035326875643
   20   -0.36112533869270  -0.36112533869270
   21   -0.34256846325024  -0.34256846325024
   22   -0.32891038423492  -0.32891038423492
   23   -0.31615794320122  -0.31615794320122
   24   -0.29668326603373  -0.29668326603373
   25   -0.22381438268378  -0.22381438268378
   26   -0.21164731965239  -0.21164731965239
   27   -0.20308134194200  -0.20308134194200
   28   -0.19980857804953  -0.19980857804953
   29   -0.19284236146514  -0.19284236146514
   30   -0.10914896054618  -0.10914896054618
   31   -0.09578592051578  -0.09578592051578
   32   -0.05548135507539  -0.05548135507539
   33   -0.05121745847520  -0.05121745847520
   34   -0.01369424192056  -0.01369424192056
   35    0.03981688297668   0.03981688297668
   36    0.16164574151554   0.16164574151554
   37    0.21782734171548   0.21782734171548
   38    0.38505794944178   0.38505794944178
   39    0.40402430279306   0.40402430279306
   40    0.40802080647348   0.40802080647348
   41    0.63719987682973   0.63719987682973
   42    1.04772347493537   1.04772347493537
   43    2.37462210287715   2.37462210287715
   44    2.79406370120895   2.79406370120895
   45    2.90812857808899   2.90812857808899
   46    4.98034742336509   4.98034742336509

   kloop=11
   k1=   0.25000 k2=  -0.00000 k3=   0.25000

    1   -2.40810260763462  -2.40810260763462
    2   -2.40771322294362  -2.40771322294362
    3   -1.53980105961977  -1.53980105961977
    4   -1.53919069111382  -1.53919069111382
    5   -1.53315824905892  -1.53315824905892
    6   -1.53291281702179  -1.53291281702179
    7   -1.53012690106567  -1.53012690106567
    8   -1.52991512175319  -1.52991512175319
    9   -0.93393804338967  -0.93393804338967
   10   -0.90869872333125  -0.90869872333125
   11   -0.90607315027948  -0.90607315027948
   12   -0.90215035739865  -0.90215035739865
   13   -0.47150006646710  -0.47150006646710
   14   -0.46526304843503  -0.46526304843503
   15   -0.45336906979118  -0.45336906979118
   16   -0.44682274863978  -0.44682274863978
   17   -0.41761603289607  -0.41761603289607
   18   -0.41572887226880  -0.41572887226880
   19   -0.40649169645543  -0.40649169645543
   20   -0.36994434715269  -0.36994434715269
   21   -0.36858377166962  -0.36858377166962
   22   -0.34170383029797  -0.34170383029797
   23   -0.33785359339816  -0.33785359339816
   24   -0.30580165515552  -0.30580165515552
   25   -0.22157435491133  -0.22157435491133
   26   -0.20068071904629  -0.20068071904629
   27   -0.19116812159265  -0.19116812159265
   28   -0.18757661277603  -0.18757661277603
   29   -0.16783763321081  -0.16783763321081
   30   -0.12166948748028  -0.12166948748028
   31   -0.08860453760666  -0.08860453760666
   32   -0.08727520121121  -0.08727520121121
   33   -0.05919569596638  -0.05919569596638
   34   -0.02610886375414  -0.02610886375414
   35    0.09601872509871   0.09601872509871
   36    0.21621312502607   0.21621312502607
   37    0.28100198101188   0.28100198101188
   38    0.34009736901733   0.34009736901733
   39    0.39806312798727   0.39806312798727
   40    0.40045800392193   0.40045800392193
   41    0.46054597245385   0.46054597245385
   42    0.52293962161955   0.52293962161955
   43    2.38393670319941   2.38393670319941
   44    2.61529261823217   2.61529261823217
   45    2.65488003102428   2.65488003102428
   46    3.70442892073267   3.70442892073267

   kloop=12
   k1=   0.25000 k2=  -0.00000 k3=   0.50000

    1   -2.40738290138712  -2.40738290138712
    2   -2.40705245932525  -2.40705245932525
    3   -1.54733358426853  -1.54733358426853
    4   -1.54693729655264  -1.54693729655264
    5   -1.53060450473302  -1.53060450473302
    6   -1.53033904049254  -1.53033904049254
    7   -1.53013869022253  -1.53013869022253
    8   -1.52994473240955  -1.52994473240955
    9   -0.91885020838412  -0.91885020838412
   10   -0.91847137743903  -0.91847137743903
   11   -0.89951659667443  -0.89951659667443
   12   -0.89924782497945  -0.89924782497945
   13   -0.46728484299105  -0.46728484299105
   14   -0.46703429323314  -0.46703429323314
   15   -0.44792478848490  -0.44792478848490
   16   -0.44770191125736  -0.44770191125736
   17   -0.41131570132431  -0.41131570132431
   18   -0.41119149397002  -0.41119149397002
   19   -0.38973993030908  -0.38973993030908
   20   -0.38927240082636  -0.38927240082636
   21   -0.35616726955062  -0.35616726955062
   22   -0.35574249446054  -0.35574249446054
   23   -0.34711398495896  -0.34711398495896
   24   -0.34651424269532  -0.34651424269532
   25   -0.19946241620005  -0.19946241620005
   26   -0.19797042088692  -0.19797042088692
   27   -0.19051250352778  -0.19051250352778
   28   -0.19000122043225  -0.19000122043225
   29   -0.14213090994360  -0.14213090994360
   30   -0.14163640648341  -0.14163640648341
   31   -0.09271392437235  -0.09271392437235
   32   -0.09217659028086  -0.09217659028086
   33   -0.03946019299568  -0.03946019299568
   34   -0.03917124599425  -0.03917124599425
   35    0.20063277952398   0.20063277952398
   36    0.20078461551985   0.20078461551985
   37    0.32498651871421   0.32498651871421
   38    0.32510840424148   0.32510840424148
   39    0.39745132494386   0.39745132494386
   40    0.40040591013837   0.40040591013837
   41    0.45480967488262   0.45480967488262
   42    0.45628325192956   0.45628325192956
   43    2.17430333218869   2.17430333218869
   44    2.17549385628883   2.17549385628883
   45    2.78828550710102   2.78828550710102
   46    2.79294494555535   2.79294494555535

   kloop=13
   k1=   0.25000 k2=  -0.00000 k3=   0.75000

    1   -2.40810339275450  -2.40810339275450
    2   -2.40771275137078  -2.40771275137078
    3   -1.53981779599932  -1.53981779599932
    4   -1.53917903195215  -1.53917903195215
    5   -1.53316346584150  -1.53316346584150
    6   -1.53291243754240  -1.53291243754240
    7   -1.53011829875612  -1.53011829875612
    8   -1.52991497155658  -1.52991497155658
    9   -0.93398363359191  -0.93398363359191
   10   -0.90852820492635  -0.90852820492635
   11   -0.90624108715194  -0.90624108715194
   12   -0.90210444483712  -0.90210444483712
   13   -0.47203966967724  -0.47203966967724
   14   -0.46482475579495  -0.46482475579495
   15   -0.45261410454033  -0.45261410454033
   16   -0.44700941972516  -0.44700941972516
   17   -0.41966562582964  -0.41966562582964
   18   -0.41407880638662  -0.41407880638662
   19   -0.40659446172162  -0.40659446172162
   20   -0.36919926323557  -0.36919926323557
   21   -0.36883657157124  -0.36883657157124
   22   -0.34224019570816  -0.34224019570816
   23   -0.33846309470976  -0.33846309470976
   24   -0.30514458040115  -0.30514458040115
   25   -0.22176653249211  -0.22176653249211
   26   -0.19974672731541  -0.19974672731541
   27   -0.19064210229371  -0.19064210229371
   28   -0.18804769673911  -0.18804769673911
   29   -0.16906114806970  -0.16906114806970
   30   -0.12117174505750  -0.12117174505750
   31   -0.08928464610386  -0.08928464610386
   32   -0.08699458139740  -0.08699458139740
   33   -0.05906035868953  -0.05906035868953
   34   -0.02601604930822  -0.02601604930822
   35    0.09615341559409   0.09615341559409
   36    0.21653779106629   0.21653779106629
   37    0.28121232215171   0.28121232215171
   38    0.33933242845399   0.33933242845399
   39    0.39884714496321   0.39884714496321
   40    0.40038801004979   0.40038801004979
   41    0.46031717807427   0.46031717807427
   42    0.52305997526189   0.52305997526189
   43    2.38311981382941   2.38311981382941
   44    2.61604663791405   2.61604663791405
   45    2.65691629258705   2.65691629258705
   46    3.70414935421647   3.70414935421647

   kloop=14
   k1=   0.25000 k2=   0.25000 k3=   0.00000

    1   -2.40892622365667  -2.40892622365667
    2   -2.40853656939303  -2.40853656939303
    3   -1.53587511488551  -1.53587511488551
    4   -1.53373895833526  -1.53373895833526
    5   -1.53159663896027  -1.53159663896027
    6   -1.53147993476841  -1.53147993476841
    7   -1.53077914296783  -1.53077914296783
    8   -1.52965891034513  -1.52965891034513
    9   -0.94779534110377  -0.94779534110377
   10   -0.92338622976050  -0.92338622976050
   11   -0.90095570996489  -0.90095570996489
   12   -0.89298871829990  -0.89298871829990
   13   -0.50087220139439  -0.50087220139439
   14   -0.47297707239014  -0.47297707239014
   15   -0.44300896600701  -0.44300896600701
   16   -0.43803666678260  -0.43803666678260
   17   -0.43457348120948  -0.43457348120948
   18   -0.40768249341363  -0.40768249341363
   19   -0.37867074090312  -0.37867074090312
   20   -0.35864646123761  -0.35864646123761
   21   -0.34845840762653  -0.34845840762653
   22   -0.33197076695954  -0.33197076695954
   23   -0.33043411538103  -0.33043411538103
   24   -0.30264972986592  -0.30264972986592
   25   -0.23120240848485  -0.23120240848485
   26   -0.21527605456097  -0.21527605456097
   27   -0.20700225321997  -0.20700225321997
   28   -0.19045128787657  -0.19045128787657
   29   -0.17860929893258  -0.17860929893258
   30   -0.11209125882953  -0.11209125882953
   31   -0.09727129470278  -0.09727129470278
   32   -0.06243033009927  -0.06243033009927
   33   -0.04355801494857  -0.04355801494857
   34   -0.02875715843954  -0.02875715843954
   35    0.06848175188632   0.06848175188632
   36    0.16934904688732   0.16934904688732
   37    0.20011887853323   0.20011887853323
   38    0.30597687217367   0.30597687217367
   39    0.42161377866751   0.42161377866751
   40    0.47809694608245   0.47809694608245
   41    0.65577792228082   0.65577792228082
   42    0.97084876588955   0.97084876588955
   43    2.39172809071883   2.39172809071883
   44    2.67461226309860   2.67461226309860
   45    3.04541557047138   3.04541557047138
   46    4.43009820425750   4.43009820425750

   kloop=15
   k1=   0.25000 k2=   0.25000 k3=   0.25000

    1   -2.40811113869765  -2.40811113869765
    2   -2.40773137437806  -2.40773137437806
    3   -1.53966485304408  -1.53966485304408
    4   -1.53933420801087  -1.53933420801087
    5   -1.53375882454853  -1.53375882454853
    6   -1.53203519886275  -1.53203519886275
    7   -1.53074519332896  -1.53074519332896
    8   -1.52955760959447  -1.52955760959447
    9   -0.93025328550554  -0.93025328550554
   10   -0.91129653091937  -0.91129653091937
   11   -0.90699327128605  -0.90699327128605
   12   -0.90256207416586  -0.90256207416586
   13   -0.47831901749059  -0.47831901749059
   14   -0.46003014614119  -0.46003014614119
   15   -0.45383048902847  -0.45383048902847
   16   -0.44770520966658  -0.44770520966658
   17   -0.42496517529282  -0.42496517529282
   18   -0.40603006452826  -0.40603006452826
   19   -0.39546876811071  -0.39546876811071
   20   -0.38047742110333  -0.38047742110333
   21   -0.35624426436195  -0.35624426436195
   22   -0.35198752936927  -0.35198752936927
   23   -0.33415300281686  -0.33415300281686
   24   -0.31007740129679  -0.31007740129679
   25   -0.21932772492023  -0.21932772492023
   26   -0.20740840645379  -0.20740840645379
   27   -0.19344376436805  -0.19344376436805
   28   -0.17885529018764  -0.17885529018764
   29   -0.16652816388439  -0.16652816388439
   30   -0.13555908660855  -0.13555908660855
   31   -0.10058194621736  -0.10058194621736
   32   -0.06995571981571  -0.06995571981571
   33   -0.05654370289853  -0.05654370289853
   34   -0.03203994470106  -0.03203994470106
   35    0.11629480320917   0.11629480320917
   36    0.21624403284269   0.21624403284269
   37    0.25002857360679   0.25002857360679
   38    0.32237774898184   0.32237774898184
   39    0.37683377717904   0.37683377717904
   40    0.42843050319877   0.42843050319877
   41    0.45431026319855   0.45431026319855
   42    0.55449511844931   0.55449511844931
   43    2.40752476918548   2.40752476918548
   44    2.52317726817226   2.52317726817226
   45    2.90397514471475   2.90397514471475
   46    3.66201751892151   3.66201751892151

   kloop=16
   k1=   0.25000 k2=   0.25000 k3=   0.50000

    1   -2.40744896224123  -2.40744896224123
    2   -2.40707168675227  -2.40707168675227
    3   -1.54719653068153  -1.54719653068153
    4   -1.54700302104217  -1.54700302104217
    5   -1.53042801458775  -1.53042801458775
    6   -1.53010680010292  -1.53010680010292
    7   -1.53003463005892  -1.53003463005892
    8   -1.53000432947167  -1.53000432947167
    9   -0.92238240315617  -0.92238240315617
   10   -0.91242185796702  -0.91242185796702
   11   -0.90603598434317  -0.90603598434317
   12   -0.89481164759315  -0.89481164759315
   13   -0.47596242798236  -0.47596242798236
   14   -0.45319586881490  -0.45319586881490
   15   -0.45028664626037  -0.45028664626037
   16   -0.44909228560253  -0.44909228560253
   17   -0.44542391033054  -0.44542391033054
   18   -0.39805224705272  -0.39805224705272
   19   -0.38930880170935  -0.38930880170935
   20   -0.38630424063293  -0.38630424063293
   21   -0.35567513372786  -0.35567513372786
   22   -0.34760230963394  -0.34760230963394
   23   -0.34079857969387  -0.34079857969387
   24   -0.32847030169927  -0.32847030169927
   25   -0.21757981785033  -0.21757981785033
   26   -0.19070317567299  -0.19070317567299
   27   -0.19033900746573  -0.19033900746573
   28   -0.18440212667918  -0.18440212667918
   29   -0.17118377437432  -0.17118377437432
   30   -0.13855929422961  -0.13855929422961
   31   -0.10549808913970  -0.10549808913970
   32   -0.06819836759204  -0.06819836759204
   33   -0.05602554594008  -0.05602554594008
   34   -0.02851729065346  -0.02851729065346
   35    0.20651550447355   0.20651550447355
   36    0.20789893211519   0.20789893211519
   37    0.29895443843273   0.29895443843273
   38    0.30252686518193   0.30252686518193
   39    0.34245236021278   0.34245236021278
   40    0.35342296356931   0.35342296356931
   41    0.42012065268766   0.42012065268766
   42    0.46751464090180   0.46751464090180
   43    2.25978488261867   2.25978488261867
   44    2.44132330365695   2.44132330365695
   45    2.79812562038501   2.79812562038501
   46    2.86625352322994   2.86625352322994

   kloop=17
   k1=   0.25000 k2=   0.25000 k3=   0.75000

    1   -2.40811175430579  -2.40811175430579
    2   -2.40773081473206  -2.40773081473206
    3   -1.53968944646918  -1.53968944646918
    4   -1.53931053181713  -1.53931053181713
    5   -1.53375812117330  -1.53375812117330
    6   -1.53203513720849  -1.53203513720849
    7   -1.53074475046126  -1.53074475046126
    8   -1.52955848849960  -1.52955848849960
    9   -0.93028888140751  -0.93028888140751
   10   -0.91114071938962  -0.91114071938962
   11   -0.90710910850617  -0.90710910850617
   12   -0.90256597413287  -0.90256597413287
   13   -0.47845426050414  -0.47845426050414
   14   -0.45985352981552  -0.45985352981552
   15   -0.45409896928305  -0.45409896928305
   16   -0.44707362101989  -0.44707362101989
   17   -0.42542203821343  -0.42542203821343
   18   -0.40627248097299  -0.40627248097299
   19   -0.39527771027042  -0.39527771027042
   20   -0.38015180821850  -0.38015180821850
   21   -0.35844681618541  -0.35844681618541
   22   -0.34985842349825  -0.34985842349825
   23   -0.33427795836192  -0.33427795836192
   24   -0.30963428320542  -0.30963428320542
   25   -0.22021723091304  -0.22021723091304
   26   -0.20767123947339  -0.20767123947339
   27   -0.19359631031638  -0.19359631031638
   28   -0.17861782048733  -0.17861782048733
   29   -0.16620485980900  -0.16620485980900
   30   -0.13528772856742  -0.13528772856742
   31   -0.10078261686723  -0.10078261686723
   32   -0.06998228377859  -0.06998228377859
   33   -0.05659489056813  -0.05659489056813
   34   -0.03186403993802  -0.03186403993802
   35    0.11639027901902   0.11639027901902
   36    0.21619964358206   0.21619964358206
   37    0.25032323425359   0.25032323425359
   38    0.32242581272560   0.32242581272560
   39    0.37728646549514   0.37728646549514
   40    0.42903154325490   0.42903154325490
   41    0.45340058574160   0.45340058574160
   42    0.55456959796193   0.55456959796193
   43    2.40853520992289   2.40853520992289
   44    2.52323393435856   2.52323393435856
   45    2.90623382548228   2.90623382548228
   46    3.65959157814146   3.65959157814146

   kloop=18
   k1=   0.25000 k2=   0.50000 k3=   0.00000

    1   -2.40889513047434  -2.40889513047434
    2   -2.40856117936402  -2.40856117936402
    3   -1.53526119208847  -1.53526119208847
    4   -1.53503252392643  -1.53503252392643
    5   -1.53137544600586  -1.53137544600586
    6   -1.53103519352120  -1.53103519352120
    7   -1.53039674842566  -1.53039674842566
    8   -1.53026994693046  -1.53026994693046
    9   -0.93636252109772  -0.93636252109772
   10   -0.93466376214948  -0.93466376214948
   11   -0.89814540493821  -0.89814540493821
   12   -0.89679620529719  -0.89679620529719
   13   -0.49062799906518  -0.49062799906518
   14   -0.48914390871171  -0.48914390871171
   15   -0.43749399017187  -0.43749399017187
   16   -0.43676299039441  -0.43676299039441
   17   -0.41051798902613  -0.41051798902613
   18   -0.40813735261375  -0.40813735261375
   19   -0.37521700283663  -0.37521700283663
   20   -0.37278305889184  -0.37278305889184
   21   -0.34735137127077  -0.34735137127077
   22   -0.34288628995473  -0.34288628995473
   23   -0.32716600235892  -0.32716600235892
   24   -0.32677527719712  -0.32677527719712
   25   -0.22015390843973  -0.22015390843973
   26   -0.21841840801024  -0.21841840801024
   27   -0.20654051311675  -0.20654051311675
   28   -0.19895536091705  -0.19895536091705
   29   -0.14940943136854  -0.14940943136854
   30   -0.14402095536257  -0.14402095536257
   31   -0.06643650633482  -0.06643650633482
   32   -0.06484567849693  -0.06484567849693
   33   -0.05266643401571  -0.05266643401571
   34   -0.04955346251410  -0.04955346251410
   35    0.12117766827375   0.12117766827375
   36    0.12293969167956   0.12293969167956
   37    0.23966025770326   0.23966025770326
   38    0.24984291013180   0.24984291013180
   39    0.43996614644665   0.43996614644665
   40    0.44477200784707   0.44477200784707
   41    0.74887878260245   0.74887878260245
   42    0.75851305390840   0.75851305390840
   43    2.57679392216438   2.57679392216438
   44    2.59560009078845   2.59560009078845
   45    3.43963507953040   3.43963507953040
   46    3.46891818344092   3.46891818344092

   kloop=19
   k1=   0.25000 k2=   0.50000 k3=   0.25000

    1   -2.40809449310239  -2.40809449310239
    2   -2.40776228480267  -2.40776228480267
    3   -1.53967733214658  -1.53967733214658
    4   -1.53931368233908  -1.53931368233908
    5   -1.53321238276675  -1.53321238276675
    6   -1.53298618131851  -1.53298618131851
    7   -1.52996212279682  -1.52996212279682
    8   -1.52989016686127  -1.52989016686127
    9   -0.92152609417077  -0.92152609417077
   10   -0.92027057586003  -0.92027057586003
   11   -0.90542539392504  -0.90542539392504
   12   -0.90414180915745  -0.90414180915745
   13   -0.46967925881564  -0.46967925881564
   14   -0.46801469436126  -0.46801469436126
   15   -0.45869948082220  -0.45869948082220
   16   -0.45772828186715  -0.45772828186715
   17   -0.41220903938373  -0.41220903938373
   18   -0.40603080463620  -0.40603080463620
   19   -0.37617312901162  -0.37617312901162
   20   -0.37580715978332  -0.37580715978332
   21   -0.36355464947668  -0.36355464947668
   22   -0.35912104903132  -0.35912104903132
   23   -0.32986750211092  -0.32986750211092
   24   -0.32528621305241  -0.32528621305241
   25   -0.20753637263734  -0.20753637263734
   26   -0.20067317121300  -0.20067317121300
   27   -0.19482048375669  -0.19482048375669
   28   -0.19274338443258  -0.19274338443258
   29   -0.16194169160696  -0.16194169160696
   30   -0.15572839765718  -0.15572839765718
   31   -0.08244293873008  -0.08244293873008
   32   -0.07776502454853  -0.07776502454853
   33   -0.04697131902436  -0.04697131902436
   34   -0.04578573713077  -0.04578573713077
   35    0.16276102275969   0.16276102275969
   36    0.16365369806279   0.16365369806279
   37    0.27637717073124   0.27637717073124
   38    0.28059131791970   0.28059131791970
   39    0.37684587093686   0.37684587093686
   40    0.38578540591255   0.38578540591255
   41    0.51864366739440   0.51864366739440
   42    0.52892565303613   0.52892565303613
   43    2.55780465390039   2.55780465390039
   44    2.56275599561526   2.56275599561526
   45    3.30658313691742   3.30658313691742
   46    3.32135996170357   3.32135996170357

   kloop=20
   k1=   0.25000 k2=   0.50000 k3=   0.50000

    1   -2.40745580423583  -2.40745580423583
    2   -2.40712457100194  -2.40712457100194
    3   -1.54727051481494  -1.54727051481494
    4   -1.54685247107084  -1.54685247107084
    5   -1.53038583928460  -1.53038583928460
    6   -1.53011601217046  -1.53011601217046
    7   -1.52995364038531  -1.52995364038531
    8   -1.52979809984467  -1.52979809984467
    9   -0.91921525588143  -0.91921525588143
   10   -0.91880444392679  -0.91880444392679
   11   -0.89883815802543  -0.89883815802543
   12   -0.89825808935335  -0.89825808935335
   13   -0.47381550840495  -0.47381550840495
   14   -0.47303003122755  -0.47303003122755
   15   -0.45064332446916  -0.45064332446916
   16   -0.44919314059014  -0.44919314059014
   17   -0.42283011918810  -0.42283011918810
   18   -0.42014111126800  -0.42014111126800
   19   -0.39251238725292  -0.39251238725292
   20   -0.39068734075858  -0.39068734075858
   21   -0.34717667342783  -0.34717667342783
   22   -0.34390744865564  -0.34390744865564
   23   -0.31751987620781  -0.31751987620781
   24   -0.31642929382330  -0.31642929382330
   25   -0.22065384515889  -0.22065384515889
   26   -0.21668035524750  -0.21668035524750
   27   -0.19023325013839  -0.19023325013839
   28   -0.18962423174005  -0.18962423174005
   29   -0.15637051548231  -0.15637051548231
   30   -0.15422371985738  -0.15422371985738
   31   -0.09101882650883  -0.09101882650883
   32   -0.08929199967612  -0.08929199967612
   33   -0.03718438514315  -0.03718438514315
   34   -0.03354054516289  -0.03354054516289
   35    0.21503935764555   0.21503935764555
   36    0.21649442307276   0.21649442307276
   37    0.26015735025728   0.26015735025728
   38    0.26372710552187   0.26372710552187
   39    0.34820942376154   0.34820942376154
   40    0.34934496124205   0.34934496124205
   41    0.40455038114866   0.40455038114866
   42    0.41848221908767   0.41848221908767
   43    2.48625732291171   2.48625732291171
   44    2.48878808157681   2.48878808157681
   45    2.96125865788001   2.96125865788001
   46    2.96522638916056   2.96522638916056

   kloop=21
   k1=   0.25000 k2=   0.50000 k3=   0.75000

    1   -2.40809489141470  -2.40809489141470
    2   -2.40776190226216  -2.40776190226216
    3   -1.53970817557343  -1.53970817557343
    4   -1.53928021996014  -1.53928021996014
    5   -1.53320035173635  -1.53320035173635
    6   -1.53299043907187  -1.53299043907187
    7   -1.52995877170504  -1.52995877170504
    8   -1.52990342697240  -1.52990342697240
    9   -0.92190523222799  -0.92190523222799
   10   -0.91980466327950  -0.91980466327950
   11   -0.90545507266849  -0.90545507266849
   12   -0.90420329092644  -0.90420329092644
   13   -0.46924724904573  -0.46924724904573
   14   -0.46861548771971  -0.46861548771971
   15   -0.45957784192498  -0.45957784192498
   16   -0.45634426908736  -0.45634426908736
   17   -0.41495365690443  -0.41495365690443
   18   -0.40381123348298  -0.40381123348298
   19   -0.37678702719750  -0.37678702719750
   20   -0.37472372799206  -0.37472372799206
   21   -0.36549498318016  -0.36549498318016
   22   -0.35671509042909  -0.35671509042909
   23   -0.32973314680438  -0.32973314680438
   24   -0.32549219660518  -0.32549219660518
   25   -0.21067974254392  -0.21067974254392
   26   -0.19955608475800  -0.19955608475800
   27   -0.19607302626979  -0.19607302626979
   28   -0.19183358425301  -0.19183358425301
   29   -0.15812525028753  -0.15812525028753
   30   -0.15796577350103  -0.15796577350103
   31   -0.08146499423048  -0.08146499423048
   32   -0.07912136886742  -0.07912136886742
   33   -0.04801539772751  -0.04801539772751
   34   -0.04436151531503  -0.04436151531503
   35    0.16295881052857   0.16295881052857
   36    0.16345785923288   0.16345785923288
   37    0.27531925358409   0.27531925358409
   38    0.28241388891426   0.28241388891426
   39    0.37890213002494   0.37890213002494
   40    0.38479606627187   0.38479606627187
   41    0.51008395680604   0.51008395680604
   42    0.53640078646993   0.53640078646993
   43    2.56147987368448   2.56147987368448
   44    2.56312364847062   2.56312364847062
   45    3.30946831195829   3.30946831195829
   46    3.31799908240329   3.31799908240329

   kloop=22
   k1=   0.25000 k2=   0.75000 k3=   0.00000

    1   -2.40890730008791  -2.40890730008791
    2   -2.40855551059759  -2.40855551059759
    3   -1.53567781590525  -1.53567781590525
    4   -1.53410787743725  -1.53410787743725
    5   -1.53153012715791  -1.53153012715791
    6   -1.53132470299381  -1.53132470299381
    7   -1.53079012574917  -1.53079012574917
    8   -1.52969874674627  -1.52969874674627
    9   -0.94763959214898  -0.94763959214898
   10   -0.92361870204447  -0.92361870204447
   11   -0.90114821683078  -0.90114821683078
   12   -0.89272053347530  -0.89272053347530
   13   -0.50054644088178  -0.50054644088178
   14   -0.47319185189168  -0.47319185189168
   15   -0.44301314311653  -0.44301314311653
   16   -0.43732978442155  -0.43732978442155
   17   -0.43526169332105  -0.43526169332105
   18   -0.40819025283818  -0.40819025283818
   19   -0.37885075219639  -0.37885075219639
   20   -0.35892094735320  -0.35892094735320
   21   -0.34800786789809  -0.34800786789809
   22   -0.33156654848767  -0.33156654848767
   23   -0.33061729601747  -0.33061729601747
   24   -0.30209700433775  -0.30209700433775
   25   -0.23180789263134  -0.23180789263134
   26   -0.21567367254327  -0.21567367254327
   27   -0.20688268356282  -0.20688268356282
   28   -0.19015258983296  -0.19015258983296
   29   -0.17826314306978  -0.17826314306978
   30   -0.11212402086850  -0.11212402086850
   31   -0.09718428716195  -0.09718428716195
   32   -0.06208501814516  -0.06208501814516
   33   -0.04391813210354  -0.04391813210354
   34   -0.02912659531329  -0.02912659531329
   35    0.06859498078105   0.06859498078105
   36    0.16940782006832   0.16940782006832
   37    0.20009910327476   0.20009910327476
   38    0.30577239488495   0.30577239488495
   39    0.42170599724952   0.42170599724952
   40    0.47832168765210   0.47832168765210
   41    0.65570418785164   0.65570418785164
   42    0.97143835596136   0.97143835596136
   43    2.39103609187948   2.39103609187948
   44    2.67497109398373   2.67497109398373
   45    3.04412555558705   3.04412555558705
   46    4.43141581818754   4.43141581818754

   kloop=23
   k1=   0.25000 k2=   0.75000 k3=   0.25000

    1   -2.40810248002990  -2.40810248002990
    2   -2.40774017283560  -2.40774017283560
    3   -1.53982312063660  -1.53982312063660
    4   -1.53915921475452  -1.53915921475452
    5   -1.53359693619812  -1.53359693619812
    6   -1.53239244016072  -1.53239244016072
    7   -1.53055086569481  -1.53055086569481
    8   -1.52957315654335  -1.52957315654335
    9   -0.93013452611844  -0.93013452611844
   10   -0.91168684476853  -0.91168684476853
   11   -0.90699096944774  -0.90699096944774
   12   -0.90229195620335  -0.90229195620335
   13   -0.47806411992239  -0.47806411992239
   14   -0.45988344461341  -0.45988344461341
   15   -0.45421072869383  -0.45421072869383
   16   -0.44803101446337  -0.44803101446337
   17   -0.42486256615766  -0.42486256615766
   18   -0.40587058638625  -0.40587058638625
   19   -0.39503877139405  -0.39503877139405
   20   -0.38092096405148  -0.38092096405148
   21   -0.35631129503959  -0.35631129503959
   22   -0.35205963656752  -0.35205963656752
   23   -0.33386803075060  -0.33386803075060
   24   -0.31028289210436  -0.31028289210436
   25   -0.21863071113987  -0.21863071113987
   26   -0.20760437693784  -0.20760437693784
   27   -0.19380757595100  -0.19380757595100
   28   -0.17843456288218  -0.17843456288218
   29   -0.16702961432201  -0.16702961432201
   30   -0.13557482874060  -0.13557482874060
   31   -0.10046337681353  -0.10046337681353
   32   -0.06993886761010  -0.06993886761010
   33   -0.05658798931754  -0.05658798931754
   34   -0.03206235015637  -0.03206235015637
   35    0.11631833928292   0.11631833928292
   36    0.21635999108207   0.21635999108207
   37    0.24987834737191   0.24987834737191
   38    0.32225349976453   0.32225349976453
   39    0.37725541576756   0.37725541576756
   40    0.42886124821228   0.42886124821228
   41    0.45335923548190   0.45335923548190
   42    0.55467426022911   0.55467426022911
   43    2.40784042470978   2.40784042470978
   44    2.52226477586773   2.52226477586773
   45    2.90325766044872   2.90325766044872
   46    3.66240870061409   3.66240870061409

   kloop=24
   k1=   0.25000 k2=   0.75000 k3=   0.50000

    1   -2.40740269518436  -2.40740269518436
    2   -2.40711823132323  -2.40711823132323
    3   -1.54741205773154  -1.54741205773154
    4   -1.54677971555303  -1.54677971555303
    5   -1.53045660337856  -1.53045660337856
    6   -1.53032507439783  -1.53032507439783
    7   -1.52996470267385  -1.52996470267385
    8   -1.52983451326161  -1.52983451326161
    9   -0.92275024021314  -0.92275024021314
   10   -0.91196296570793  -0.91196296570793
   11   -0.90586157849551  -0.90586157849551
   12   -0.89507515021396  -0.89507515021396
   13   -0.47615821841736  -0.47615821841736
   14   -0.45313656711222  -0.45313656711222
   15   -0.45022078707444  -0.45022078707444
   16   -0.44926175403226  -0.44926175403226
   17   -0.44510305863529  -0.44510305863529
   18   -0.39821324354025  -0.39821324354025
   19   -0.38931843162450  -0.38931843162450
   20   -0.38646974621145  -0.38646974621145
   21   -0.35519117948125  -0.35519117948125
   22   -0.34714184390610  -0.34714184390610
   23   -0.34096639428685  -0.34096639428685
   24   -0.32892903552093  -0.32892903552093
   25   -0.21719490558316  -0.21719490558316
   26   -0.19112248243335  -0.19112248243335
   27   -0.19000911360849  -0.19000911360849
   28   -0.18506665816816  -0.18506665816816
   29   -0.17134776854311  -0.17134776854311
   30   -0.13824376477488  -0.13824376477488
   31   -0.10590401299454  -0.10590401299454
   32   -0.06691796120309  -0.06691796120309
   33   -0.05668237330039  -0.05668237330039
   34   -0.02852005228557  -0.02852005228557
   35    0.20664296967443   0.20664296967443
   36    0.20774843479727   0.20774843479727
   37    0.29914732133105   0.29914732133105
   38    0.30219940641835   0.30219940641835
   39    0.34276421899987   0.34276421899987
   40    0.35347103562690   0.35347103562690
   41    0.42008725555089   0.42008725555089
   42    0.46716706779152   0.46716706779152
   43    2.26030643504113   2.26030643504113
   44    2.44045530695881   2.44045530695881
   45    2.79644810994548   2.79644810994548
   46    2.86738979579144   2.86738979579144

   kloop=25
   k1=   0.25000 k2=   0.75000 k3=   0.75000

    1   -2.40810301656545  -2.40810301656545
    2   -2.40773979561529  -2.40773979561529
    3   -1.53984399535856  -1.53984399535856
    4   -1.53913968917147  -1.53913968917147
    5   -1.53359604425580  -1.53359604425580
    6   -1.53239112024276  -1.53239112024276
    7   -1.53055128321454  -1.53055128321454
    8   -1.52957426467207  -1.52957426467207
    9   -0.93017944922696  -0.93017944922696
   10   -0.91150828169552  -0.91150828169552
   11   -0.90712180933005  -0.90712180933005
   12   -0.90229528797001  -0.90229528797001
   13   -0.47824011117794  -0.47824011117794
   14   -0.45962678174589  -0.45962678174589
   15   -0.45453667843967  -0.45453667843967
   16   -0.44722901308826  -0.44722901308826
   17   -0.42541817459931  -0.42541817459931
   18   -0.40617762833548  -0.40617762833548
   19   -0.39482641981033  -0.39482641981033
   20   -0.38052377877945  -0.38052377877945
   21   -0.35906671021029  -0.35906671021029
   22   -0.34944202242505  -0.34944202242505
   23   -0.33405609865656  -0.33405609865656
   24   -0.30968311736589  -0.30968311736589
   25   -0.21983189183015  -0.21983189183015
   26   -0.20795949507416  -0.20795949507416
   27   -0.19397078873309  -0.19397078873309
   28   -0.17815894466810  -0.17815894466810
   29   -0.16649529239841  -0.16649529239841
   30   -0.13526142519481  -0.13526142519481
   31   -0.10069901193184  -0.10069901193184
   32   -0.06993009172281  -0.06993009172281
   33   -0.05665989112878  -0.05665989112878
   34   -0.03189672740656  -0.03189672740656
   35    0.11646363250880   0.11646363250880
   36    0.21630821033225   0.21630821033225
   37    0.25025077298103   0.25025077298103
   38    0.32235851923854   0.32235851923854
   39    0.37780355156161   0.37780355156161
   40    0.42965120780398   0.42965120780398
   41    0.45205127773592   0.45205127773592
   42    0.55492329372313   0.55492329372313
   43    2.40921214944471   2.40921214944471
   44    2.52265702630838   2.52265702630838
   45    2.90613899277068   2.90613899277068
   46    3.65872453762649   3.65872453762649

   kloop=26
   k1=   0.50000 k2=  -0.00000 k3=   0.00000

    1   -2.40892160232412  -2.40892160232412
    2   -2.40858831071627  -2.40858831071627
    3   -1.53408303167056  -1.53408303167056
    4   -1.53371254016149  -1.53371254016149
    5   -1.53157156810319  -1.53157156810319
    6   -1.53140725771992  -1.53140725771992
    7   -1.53122806195215  -1.53122806195215
    8   -1.53093406713676  -1.53093406713676
    9   -0.93396151760079  -0.93396151760079
   10   -0.93344967799288  -0.93344967799288
   11   -0.90011841744519  -0.90011841744519
   12   -0.89974985116650  -0.89974985116650
   13   -0.47517503334647  -0.47517503334647
   14   -0.47485522702632  -0.47485522702632
   15   -0.43525731198456  -0.43525731198456
   16   -0.43457550244963  -0.43457550244963
   17   -0.41064933246706  -0.41064933246706
   18   -0.40948747441416  -0.40948747441416
   19   -0.40665564786080  -0.40665564786080
   20   -0.40543159621317  -0.40543159621317
   21   -0.35307564045043  -0.35307564045043
   22   -0.35219316216786  -0.35219316216786
   23   -0.31381884234178  -0.31381884234178
   24   -0.31356353107604  -0.31356353107604
   25   -0.20952446418055  -0.20952446418055
   26   -0.20929314173954  -0.20929314173954
   27   -0.19207318569459  -0.19207318569459
   28   -0.19052015198334  -0.19052015198334
   29   -0.15265345472800  -0.15265345472800
   30   -0.15133509307250  -0.15133509307250
   31   -0.06685019557970  -0.06685019557970
   32   -0.06651886549123  -0.06651886549123
   33   -0.05565651430734  -0.05565651430734
   34   -0.05536618275931  -0.05536618275931
   35    0.09999738620089   0.09999738620089
   36    0.10017582895097   0.10017582895097
   37    0.28503418154740   0.28503418154740
   38    0.28753398125495   0.28753398125495
   39    0.37715093713444   0.37715093713444
   40    0.37734003730492   0.37734003730492
   41    0.71657650319268   0.71657650319268
   42    0.71790490629778   0.71790490629778
   43    2.62660851559446   2.62660851559446
   44    2.63116266195495   2.63116266195495
   45    3.54915425818419   3.54915425818419
   46    3.55522247982283   3.55522247982283

   kloop=27
   k1=   0.50000 k2=  -0.00000 k3=   0.25000

    1   -2.40808761774261  -2.40808761774261
    2   -2.40775559905366  -2.40775559905366
    3   -1.53981157845768  -1.53981157845768
    4   -1.53945671493246  -1.53945671493246
    5   -1.53237769255949  -1.53237769255949
    6   -1.53202135046483  -1.53202135046483
    7   -1.53071362342421  -1.53071362342421
    8   -1.53051823262966  -1.53051823262966
    9   -0.92096507240684  -0.92096507240684
   10   -0.92056568240054  -0.92056568240054
   11   -0.90534471306890  -0.90534471306890
   12   -0.90510449820792  -0.90510449820792
   13   -0.45660812802503  -0.45660812802503
   14   -0.45548154465669  -0.45548154465669
   15   -0.44910483701066  -0.44910483701066
   16   -0.44873832965459  -0.44873832965459
   17   -0.42713428782414  -0.42713428782414
   18   -0.42550978969570  -0.42550978969570
   19   -0.39168717084575  -0.39168717084575
   20   -0.39131297214268  -0.39131297214268
   21   -0.36572795888199  -0.36572795888199
   22   -0.36418742322945  -0.36418742322945
   23   -0.31953121581713  -0.31953121581713
   24   -0.31864570466121  -0.31864570466121
   25   -0.20768625111432  -0.20768625111432
   26   -0.20612251481984  -0.20612251481984
   27   -0.18277857719794  -0.18277857719794
   28   -0.18072520163736  -0.18072520163736
   29   -0.15377223254221  -0.15377223254221
   30   -0.15340780045748  -0.15340780045748
   31   -0.09799494106813  -0.09799494106813
   32   -0.09687685227128  -0.09687685227128
   33   -0.04079620836616  -0.04079620836616
   34   -0.04048246517272  -0.04048246517272
   35    0.14843044650151   0.14843044650151
   36    0.14859809222313   0.14859809222313
   37    0.31623187975386   0.31623187975386
   38    0.31771720189980   0.31771720189980
   39    0.37730876710508   0.37730876710508
   40    0.37787355142257   0.37787355142257
   41    0.48114166604676   0.48114166604676
   42    0.48281171855522   0.48281171855522
   43    2.69927153876760   2.69927153876760
   44    2.70391861687645   2.70391861687645
   45    3.28141923355242   3.28141923355242
   46    3.29256532109937   3.29256532109937

   kloop=28
   k1=   0.50000 k2=  -0.00000 k3=   0.50000

    1   -2.40737831966660  -2.40737831966660
    2   -2.40704759066114  -2.40704759066114
    3   -1.54744624588738  -1.54744624588738
    4   -1.54705501103428  -1.54705501103428
    5   -1.53059137444309  -1.53059137444309
    6   -1.53026514118740  -1.53026514118740
    7   -1.52992871068821  -1.52992871068821
    8   -1.52969586968960  -1.52969586968960
    9   -0.92239632613133  -0.92239632613133
   10   -0.92202392090420  -0.92202392090420
   11   -0.89552070805468  -0.89552070805468
   12   -0.89525067481084  -0.89525067481084
   13   -0.47687893958341  -0.47687893958341
   14   -0.47657411548648  -0.47657411548648
   15   -0.44718311874850  -0.44718311874850
   16   -0.44695084853838  -0.44695084853838
   17   -0.41106722038057  -0.41106722038057
   18   -0.41073660716615  -0.41073660716615
   19   -0.37842375628259  -0.37842375628259
   20   -0.37712132656693  -0.37712132656693
   21   -0.36714376904186  -0.36714376904186
   22   -0.36644364532185  -0.36644364532185
   23   -0.32293680760449  -0.32293680760449
   24   -0.32087253999065  -0.32087253999065
   25   -0.22915557408677  -0.22915557408677
   26   -0.22629480845666  -0.22629480845666
   27   -0.19078379916239  -0.19078379916239
   28   -0.19018257373299  -0.19018257373299
   29   -0.13948455545422  -0.13948455545422
   30   -0.13892295512682  -0.13892295512682
   31   -0.09807065266997  -0.09807065266997
   32   -0.09740603108467  -0.09740603108467
   33   -0.02306523015572  -0.02306523015572
   34   -0.02302990484410  -0.02302990484410
   35    0.20443185974253   0.20443185974253
   36    0.20461101287893   0.20461101287893
   37    0.30310215731398   0.30310215731398
   38    0.30327066266068   0.30327066266068
   39    0.36742183782941   0.36742183782941
   40    0.36959714654157   0.36959714654157
   41    0.48752895352529   0.48752895352529
   42    0.48822065482881   0.48822065482881
   43    2.20119229487134   2.20119229487134
   44    2.20305635689142   2.20305635689142
   45    3.12063295359443   3.12063295359443
   46    3.12720072051346   3.12720072051346

   kloop=29
   k1=   0.50000 k2=   0.25000 k3=   0.00000

    1   -2.40889493274982  -2.40889493274982
    2   -2.40856166285546  -2.40856166285546
    3   -1.53525986395691  -1.53525986395691
    4   -1.53503140607717  -1.53503140607717
    5   -1.53137534928292  -1.53137534928292
    6   -1.53103605512937  -1.53103605512937
    7   -1.53036914896785  -1.53036914896785
    8   -1.53029928261361  -1.53029928261361
    9   -0.93576048162224  -0.93576048162224
   10   -0.93530944374575  -0.93530944374575
   11   -0.89761596306598  -0.89761596306598
   12   -0.89729834147155  -0.89729834147155
   13   -0.49002320996028  -0.49002320996028
   14   -0.48963324682637  -0.48963324682637
   15   -0.43742425169217  -0.43742425169217
   16   -0.43673534718761  -0.43673534718761
   17   -0.40927625093538  -0.40927625093538
   18   -0.40888645157834  -0.40888645157834
   19   -0.37448957040614  -0.37448957040614
   20   -0.37377548088773  -0.37377548088773
   21   -0.34567119204461  -0.34567119204461
   22   -0.34490178294285  -0.34490178294285
   23   -0.32750236251443  -0.32750236251443
   24   -0.32716492241040  -0.32716492241040
   25   -0.21944318349861  -0.21944318349861
   26   -0.21897244427405  -0.21897244427405
   27   -0.20338653248434  -0.20338653248434
   28   -0.20217123003121  -0.20217123003121
   29   -0.14667669520350  -0.14667669520350
   30   -0.14588480330802  -0.14588480330802
   31   -0.06611775268998  -0.06611775268998
   32   -0.06567565990073  -0.06567565990073
   33   -0.05137240167710  -0.05137240167710
   34   -0.05084208273164  -0.05084208273164
   35    0.12193893104344   0.12193893104344
   36    0.12221935545687   0.12221935545687
   37    0.24439527363167   0.24439527363167
   38    0.24581508225275   0.24581508225275
   39    0.44176808543556   0.44176808543556
   40    0.44248193453151   0.44248193453151
   41    0.75292599442641   0.75292599442641
   42    0.75432902591152   0.75432902591152
   43    2.58640599510692   2.58640599510692
   44    2.58933885024034   2.58933885024034
   45    3.45050653132843   3.45050653132843
   46    3.45496507187435   3.45496507187435

   kloop=30
   k1=   0.50000 k2=   0.25000 k3=   0.25000

    1   -2.40809428310956  -2.40809428310956
    2   -2.40776211857046  -2.40776211857046
    3   -1.53968907288311  -1.53968907288311
    4   -1.53930017011022  -1.53930017011022
    5   -1.53319946700779  -1.53319946700779
    6   -1.53299665757927  -1.53299665757927
    7   -1.52995190777809  -1.52995190777809
    8   -1.52990455147340  -1.52990455147340
    9   -0.92125689643546  -0.92125689643546
   10   -0.92053320454503  -0.92053320454503
   11   -0.90494727517785  -0.90494727517785
   12   -0.90463515935347  -0.90463515935347
   13   -0.46950316095987  -0.46950316095987
   14   -0.46847083067412  -0.46847083067412
   15   -0.45865531081502  -0.45865531081502
   16   -0.45727843100769  -0.45727843100769
   17   -0.41119979124296  -0.41119979124296
   18   -0.40751841865287  -0.40751841865287
   19   -0.37679912999300  -0.37679912999300
   20   -0.37569283413546  -0.37569283413546
   21   -0.36211967103725  -0.36211967103725
   22   -0.35930638486028  -0.35930638486028
   23   -0.32804176148281  -0.32804176148281
   24   -0.32739277383515  -0.32739277383515
   25   -0.20796621326199  -0.20796621326199
   26   -0.20372153391044  -0.20372153391044
   27   -0.19433964214594  -0.19433964214594
   28   -0.19088062567079  -0.19088062567079
   29   -0.15962385707436  -0.15962385707436
   30   -0.15674714304042  -0.15674714304042
   31   -0.08067195526049  -0.08067195526049
   32   -0.07982986120122  -0.07982986120122
   33   -0.04776334213321  -0.04776334213321
   34   -0.04518824238914  -0.04518824238914
   35    0.16297985081933   0.16297985081933
   36    0.16320616793476   0.16320616793476
   37    0.27795611379295   0.27795611379295
   38    0.28020580461446   0.28020580461446
   39    0.38105204719771   0.38105204719771
   40    0.38178792390402   0.38178792390402
   41    0.51821223400112   0.51821223400112
   42    0.52885485274723   0.52885485274723
   43    2.55798185279503   2.55798185279503
   44    2.56081304822626   2.56081304822626
   45    3.31500469738349   3.31500469738349
   46    3.31833700713097   3.31833700713097

   kloop=31
   k1=   0.50000 k2=   0.25000 k3=   0.50000

    1   -2.40745519995082  -2.40745519995082
    2   -2.40712398681650  -2.40712398681650
    3   -1.54727126927676  -1.54727126927676
    4   -1.54685269969836  -1.54685269969836
    5   -1.53039976073876  -1.53039976073876
    6   -1.53011254740985  -1.53011254740985
    7   -1.52997296267045  -1.52997296267045
    8   -1.52977024714483  -1.52977024714483
    9   -0.91918540453520  -0.91918540453520
   10   -0.91877973141393  -0.91877973141393
   11   -0.89885749515083  -0.89885749515083
   12   -0.89828385341136  -0.89828385341136
   13   -0.47410448747381  -0.47410448747381
   14   -0.47327261415149  -0.47327261415149
   15   -0.45069402083039  -0.45069402083039
   16   -0.44918712884976  -0.44918712884976
   17   -0.42252907910018  -0.42252907910018
   18   -0.41979124666513  -0.41979124666513
   19   -0.39236161168882  -0.39236161168882
   20   -0.39064800038134  -0.39064800038134
   21   -0.34674706136291  -0.34674706136291
   22   -0.34338956943392  -0.34338956943392
   23   -0.31880664577870  -0.31880664577870
   24   -0.31715636586331  -0.31715636586331
   25   -0.21963009055927  -0.21963009055927
   26   -0.21520787822867  -0.21520787822867
   27   -0.19029811017448  -0.19029811017448
   28   -0.18965101606051  -0.18965101606051
   29   -0.15715992778493  -0.15715992778493
   30   -0.15489595236776  -0.15489595236776
   31   -0.09097638348097  -0.09097638348097
   32   -0.08919850353356  -0.08919850353356
   33   -0.03732466166315  -0.03732466166315
   34   -0.03376885410684  -0.03376885410684
   35    0.21504001493291   0.21504001493291
   36    0.21675758211733   0.21675758211733
   37    0.25979341739928   0.25979341739928
   38    0.26352632140645   0.26352632140645
   39    0.34756467626836   0.34756467626836
   40    0.34925448319411   0.34925448319411
   41    0.40550954954961   0.40550954954961
   42    0.41940131805123   0.41940131805123
   43    2.48143422162215   2.48143422162215
   44    2.48438838207450   2.48438838207450
   45    2.96862181826422   2.96862181826422
   46    2.97433379764306   2.97433379764306

   kloop=32
   k1=   0.50000 k2=   0.25000 k3=   0.75000

    1   -2.40809435193237  -2.40809435193237
    2   -2.40776196701197  -2.40776196701197
    3   -1.53967732782888  -1.53967732782888
    4   -1.53931145968685  -1.53931145968685
    5   -1.53320549775374  -1.53320549775374
    6   -1.53299334091224  -1.53299334091224
    7   -1.52995753805845  -1.52995753805845
    8   -1.52989672675986  -1.52989672675986
    9   -0.92107880131444  -0.92107880131444
   10   -0.92071307058875  -0.92071307058875
   11   -0.90489505365437  -0.90489505365437
   12   -0.90468531180811  -0.90468531180811
   13   -0.46964361975794  -0.46964361975794
   14   -0.46827021918327  -0.46827021918327
   15   -0.45844877019884  -0.45844877019884
   16   -0.45757554090495  -0.45757554090495
   17   -0.41001591678285  -0.41001591678285
   18   -0.40868738818266  -0.40868738818266
   19   -0.37679774656171  -0.37679774656171
   20   -0.37574835827075  -0.37574835827075
   21   -0.36149980294736  -0.36149980294736
   22   -0.35995787817487  -0.35995787817487
   23   -0.32822256169621  -0.32822256169621
   24   -0.32718789739786  -0.32718789739786
   25   -0.20689166738182  -0.20689166738182
   26   -0.20457837970568  -0.20457837970568
   27   -0.19383937400212  -0.19383937400212
   28   -0.19126981433002  -0.19126981433002
   29   -0.16016385265763  -0.16016385265763
   30   -0.15644439264663  -0.15644439264663
   31   -0.08109048170575  -0.08109048170575
   32   -0.07935176056170  -0.07935176056170
   33   -0.04761316735891  -0.04761316735891
   34   -0.04539804612684  -0.04539804612684
   35    0.16294500905126   0.16294500905126
   36    0.16323240291563   0.16323240291563
   37    0.27860186673493   0.27860186673493
   38    0.27945437282144   0.27945437282144
   39    0.38005654637371   0.38005654637371
   40    0.38267053822409   0.38267053822409
   41    0.52086268855710   0.52086268855710
   42    0.52631295379379   0.52631295379379
   43    2.55760306911464   2.55760306911464
   44    2.56050798926279   2.56050798926279
   45    3.31378474054434   3.31378474054434
   46    3.31993369648388   3.31993369648388

   kloop=33
   k1=   0.50000 k2=   0.50000 k3=   0.00000

    1   -2.40883899016444  -2.40883899016444
    2   -2.40850576867972  -2.40850576867972
    3   -1.53605309734667  -1.53605309734667
    4   -1.53585707201359  -1.53585707201359
    5   -1.53148188939038  -1.53148188939038
    6   -1.53113934337845  -1.53113934337845
    7   -1.52980659818869  -1.52980659818869
    8   -1.52976833746191  -1.52976833746191
    9   -0.93735215437436  -0.93735215437436
   10   -0.93694849400838  -0.93694849400838
   11   -0.89531798023668  -0.89531798023668
   12   -0.89503874741148  -0.89503874741148
   13   -0.50104389341365  -0.50104389341365
   14   -0.50068547052597  -0.50068547052597
   15   -0.43935513677357  -0.43935513677357
   16   -0.43867085305143  -0.43867085305143
   17   -0.39095389145733  -0.39095389145733
   18   -0.39059534375747  -0.39059534375747
   19   -0.37195792679768  -0.37195792679768
   20   -0.37122859625750  -0.37122859625750
   21   -0.33842142817516  -0.33842142817516
   22   -0.33787923876539  -0.33787923876539
   23   -0.32788288815597  -0.32788288815597
   24   -0.32695503405051  -0.32695503405051
   25   -0.23282519515857  -0.23282519515857
   26   -0.23209539116905  -0.23209539116905
   27   -0.21495774227719  -0.21495774227719
   28   -0.21425191443090  -0.21425191443090
   29   -0.14128673638565  -0.14128673638565
   30   -0.14098118155230  -0.14098118155230
   31   -0.06688751588921  -0.06688751588921
   32   -0.06631618127628  -0.06631618127628
   33   -0.04247640440631  -0.04247640440631
   34   -0.04215866367788  -0.04215866367788
   35    0.14921960099229   0.14921960099229
   36    0.14927775781828   0.14927775781828
   37    0.21580177829948   0.21580177829948
   38    0.21588631594373   0.21588631594373
   39    0.48910899444750   0.48910899444750
   40    0.48954389699414   0.48954389699414
   41    0.80634515671341   0.80634515671341
   42    0.80703412090852   0.80703412090852
   43    2.61883406491832   2.61883406491832
   44    2.61928366696529   2.61928366696529
   45    3.24076222690254   3.24076222690254
   46    3.24289942662603   3.24289942662603

   kloop=34
   k1=   0.50000 k2=   0.50000 k3=   0.25000

    1   -2.40811177139033  -2.40811177139033
    2   -2.40777918069432  -2.40777918069432
    3   -1.53951903634696  -1.53951903634696
    4   -1.53911313336081  -1.53911313336081
    5   -1.53384846964536  -1.53384846964536
    6   -1.53368864086468  -1.53368864086468
    7   -1.52943943216622  -1.52943943216622
    8   -1.52942409220419  -1.52942409220419
    9   -0.92138250197688  -0.92138250197688
   10   -0.92066982822605  -0.92066982822605
   11   -0.90449140525226  -0.90449140525226
   12   -0.90421011311402  -0.90421011311402
   13   -0.47986715485240  -0.47986715485240
   14   -0.47728025962883  -0.47728025962883
   15   -0.46314337244713  -0.46314337244713
   16   -0.46302328966078  -0.46302328966078
   17   -0.39655993328760  -0.39655993328760
   18   -0.39344593917174  -0.39344593917174
   19   -0.36536391040596  -0.36536391040596
   20   -0.36419755633688  -0.36419755633688
   21   -0.35617775997303  -0.35617775997303
   22   -0.35329367474370  -0.35329367474370
   23   -0.33878462373169  -0.33878462373169
   24   -0.33841292223179  -0.33841292223179
   25   -0.20961222506662  -0.20961222506662
   26   -0.20853625792384  -0.20853625792384
   27   -0.19609993032759  -0.19609993032759
   28   -0.19482504752257  -0.19482504752257
   29   -0.16791050038665  -0.16791050038665
   30   -0.16262918030848  -0.16262918030848
   31   -0.06168914067475  -0.06168914067475
   32   -0.05953164025134  -0.05953164025134
   33   -0.05883560713675  -0.05883560713675
   34   -0.05639652124685  -0.05639652124685
   35    0.18097879884687   0.18097879884687
   36    0.18105335692037   0.18105335692037
   37    0.24426208126542   0.24426208126542
   38    0.24866928191972   0.24866928191972
   39    0.39187294389653   0.39187294389653
   40    0.39190242140899   0.39190242140899
   41    0.49688072169011   0.49688072169011
   42    0.50700119243365   0.50700119243365
   43    2.61599378033345   2.61599378033345
   44    2.61692651759474   2.61692651759474
   45    3.23582251032271   3.23582251032271
   46    3.23806453371446   3.23806453371446

   kloop=35
   k1=   0.50000 k2=   0.50000 k3=   0.50000

    1   -2.40749952048807  -2.40749952048807
    2   -2.40716779935043  -2.40716779935043
    3   -1.54709492189019  -1.54709492189019
    4   -1.54664871633334  -1.54664871633334
    5   -1.53030744033113  -1.53030744033113
    6   -1.53020483390224  -1.53020483390224
    7   -1.52989097035776  -1.52989097035776
    8   -1.52983544418876  -1.52983544418876
    9   -0.91392629401529  -0.91392629401529
   10   -0.91350381877384  -0.91350381877384
   11   -0.90427937140649  -0.90427937140649
   12   -0.90328495332229  -0.90328495332229
   13   -0.46494502255002  -0.46494502255002
   14   -0.46489702782343  -0.46489702782343
   15   -0.46156762376106  -0.46156762376106
   16   -0.45938615202142  -0.45938615202142
   17   -0.43011960717809  -0.43011960717809
   18   -0.42395149957720  -0.42395149957720
   19   -0.39775926961417  -0.39775926961417
   20   -0.39749205704219  -0.39749205704219
   21   -0.33708037959537  -0.33708037959537
   22   -0.33195056865163  -0.33195056865163
   23   -0.31298965598057  -0.31298965598057
   24   -0.31247221133509  -0.31247221133509
   25   -0.20108504022091  -0.20108504022091
   26   -0.19177511244699  -0.19177511244699
   27   -0.18995366313402  -0.18995366313402
   28   -0.18925398410256  -0.18925398410256
   29   -0.18199766182102  -0.18199766182102
   30   -0.18178594513296  -0.18178594513296
   31   -0.07113467183046  -0.07113467183046
   32   -0.06962023924749  -0.06962023924749
   33   -0.06214717383098  -0.06214717383098
   34   -0.05523173977414  -0.05523173977414
   35    0.20359930601587   0.20359930601587
   36    0.20382987808810   0.20382987808810
   37    0.27854931510799   0.27854931510799
   38    0.27863914176382   0.27863914176382
   39    0.29015282370444   0.29015282370444
   40    0.29948617343472   0.29948617343472
   41    0.37472787630971   0.37472787630971
   42    0.38107245846276   0.38107245846276
   43    2.79653255319106   2.79653255319106
   44    2.79750829235237   2.79750829235237
   45    2.86123950919174   2.86123950919174
   46    2.87886857498733   2.87886857498733

***********************************************************
***********************************************************
              History of geometry optimization             
***********************************************************
***********************************************************

  MD_iter   SD_scaling     |Maximum force|   Maximum step        Utot
                           (Hartree/Bohr)        (Ang)         (Hartree)

    1       1.25981733       0.22817646       0.15211764    -184.00001911
    2       0.62990866       0.01881015       0.00627005    -184.04537100
    3       0.62990866       0.01503962       0.00501321    -184.04608784
    4       0.62990866       0.01262992       0.00420997    -184.04657641
    5       1.57477166       0.01132044       0.00943370    -184.04692809
    6       1.57477166       0.00883167       0.00735973    -184.04753809
    7       1.57477166       0.00756915       0.00630763    -184.04789087
    8       1.57477166       0.00680985       0.00567488    -184.04814134
    9       3.93692914       0.00641342       0.01336130    -184.04833433
   10       3.93692914       0.00494658       0.01030539    -184.04868483
   11       3.93692914       0.00405754       0.00845320    -184.04888942
   12       3.93692914       0.00348322       0.00725671    -184.04902213
   13       9.84232285       0.00273114       0.01422466    -184.04911415
   14       9.84232285       0.00222324       0.01157938    -184.04925094
   15       9.84232285       0.00131027       0.00027735    -184.04931286
   16       9.84232285       0.00131900       0.00175560    -184.04931592
   17       9.84232285       0.00121889       0.00049828    -184.04932862
   18       9.84232285       0.00121223       0.00200302    -184.04933119
   19       9.84232285       0.00108412       0.00269995    -184.04934046
   20       9.84232285       0.00094314       0.00090443    -184.04935195
   21       9.84232285       0.00094542       0.00014565    -184.04935580
   22       9.84232285       0.00093361       0.00267466    -184.04935637
   23       9.84232285       0.00097898       0.00035240    -184.04936783
   24       9.84232285       0.00095417       0.00658354    -184.04936896
   25       9.84232285       0.00062968       0.00394313    -184.04939061
   26       9.84232285       0.00051340       0.00450911    -184.04939865
   27       9.84232285       0.00058342       0.00108037    -184.04940831
   28       9.84232285       0.00059697       0.00042638    -184.04940663
   29       9.84232285       0.00062621       0.00192190    -184.04940679
   30       9.84232285       0.00044064       0.00181043    -184.04941093
   31       9.84232285       0.00049267       0.00195944    -184.04941233
   32       9.84232285       0.00040279       0.00026902    -184.04941120
   33       9.84232285       0.00039696       0.00039054    -184.04941118
   34       9.84232285       0.00034544       0.00063654    -184.04941085
   35       9.84232285       0.00029478       0.00047558    -184.04941177
   36       9.84232285       0.00031382       0.00242827    -184.04941226
   37       9.84232285       0.00039523       0.00236779    -184.04940830
   38       9.84232285       0.00029518       0.00250148    -184.04941238
   39       9.84232285       0.00037689       0.00336010    -184.04941517
   40       9.84232285       0.00035340       0.00307667    -184.04941103
   41       9.84232285       0.00068403       0.00585906    -184.04940397
   42       9.84232285       0.00037385       0.00028630    -184.04941450
   43       9.84232285       0.00035554       0.00306151    -184.04941478
   44       9.84232285       0.00048613       0.00262190    -184.04941809
   45       9.84232285       0.00040884       0.00078393    -184.04941546
   46       9.84232285       0.00048113       0.00278234    -184.04941640
   47       9.84232285       0.00039462       0.00114637    -184.04941961
   48       9.84232285       0.00024575       0.00014821    -184.04942106
   49       9.84232285       0.00025655       0.00024093    -184.04942119
   50       9.84232285       0.00027490       0.00012917    -184.04942127
   51       9.84232285       0.00026645       0.00008475    -184.04942146
   52       9.84232285       0.00025764       0.00035164    -184.04942159
   53       9.84232285       0.00024739       0.00029229    -184.04942190
   54       9.84232285       0.00024577       0.00045629    -184.04942199
   55       9.84232285       0.00026369       0.00012551    -184.04942137
   56       9.84232285       0.00024790       0.00017050    -184.04942149
   57       9.84232285       0.00023268       0.00030324    -184.04942155
   58       9.84232285       0.00023166       0.00035790    -184.04942155
   59       9.84232285       0.00024609       0.00031792    -184.04942107
   60       9.84232285       0.00022163       0.00017063    -184.04942116
   61       9.84232285       0.00022698       0.00034182    -184.04942136
   62       9.84232285       0.00023049       0.00013272    -184.04942182
   63       9.84232285       0.00022247       0.00023565    -184.04942177
   64       9.84232285       0.00022994       0.00031017    -184.04942190
   65       9.84232285       0.00027429       0.00037119    -184.04942219
   66       9.84232285       0.00022851       0.00052044    -184.04942237
   67       9.84232285       0.00022877       0.00022864    -184.04942179
   68       9.84232285       0.00021564       0.00044714    -184.04942195
   69       9.84232285       0.00022049       0.00075514    -184.04942263
   70       9.84232285       0.00024291       0.00073344    -184.04942204
   71       9.84232285       0.00025930       0.00038936    -184.04942129
   72       9.84232285       0.00023644       0.00046149    -184.04942240
   73       9.84232285       0.00020894       0.00040094    -184.04942223
   74       9.84232285       0.00022550       0.00021151    -184.04942212
   75       9.84232285       0.00023234       0.00004008    -184.04942204
   76       9.84232285       0.00023306       0.00048751    -184.04942194
   77       9.84232285       0.00024953       0.00134745    -184.04942256
   78       9.84232285       0.00020335       0.00096472    -184.04942128
   79       9.84232285       0.00032968       0.00297364    -184.04942040
   80       9.84232285       0.00020780       0.00104062    -184.04942382
   81       9.84232285       0.00029079       0.00104357    -184.04942478
   82       9.84232285       0.00033842       0.00158436    -184.04942530
   83       9.84232285       0.00019911       0.00038990    -184.04942415
   84       9.84232285       0.00020970       0.00159942    -184.04942421
   85       9.84232285       0.00024123       0.00037102    -184.04942311
   86       9.84232285       0.00024642       0.00164423    -184.04942314
   87       9.84232285       0.00021067       0.00002669    -184.04942437
   88       9.84232285       0.00020839       0.00038081    -184.04942442
   89       9.84232285       0.00022122       0.00172937    -184.04942395
   90       9.84232285       0.00035649       0.00257015    -184.04942240
   91       9.84232285       0.00032626       0.00165824    -184.04942424
   92       9.84232285       0.00020676       0.00022334    -184.04942447
   93       9.84232285       0.00021801       0.00129145    -184.04942466
   94       9.84232285       0.00023950       0.00154078    -184.04942314
   95       9.84232285       0.00041925       0.00287369    -184.04942204
   96       9.84232285       0.00028081       0.00080629    -184.04942466
   97       9.84232285       0.00022015       0.00115054    -184.04942369
   98       9.84232285       0.00021857       0.00303164    -184.04942513
   99       9.84232285       0.00031859       0.00261117    -184.04942199
  100       9.84232285       0.00031092       0.00204825    -184.04942409
  101       9.84232285       0.00016711       0.00076223    -184.04942624
  102       9.84232285       0.00011371       0.00025926    -184.04942688
  103       9.84232285       0.00011335       0.00091461    -184.04942668
  104       9.84232285       0.00018825       0.00031382    -184.04942666
  105       9.84232285       0.00015557       0.00035620    -184.04942675
  106       9.84232285       0.00015304       0.00015127    -184.04942660
  107       9.84232285       0.00014781       0.00154634    -184.04942656
  108       9.84232285       0.00032942       0.00001991    -184.04942512
  109       9.84232285       0.00032563       0.00174253    -184.04942510
  110       9.84232285       0.00015102       0.00033487    -184.04942636
  111       9.84232285       0.00014878       0.00077300    -184.04942666
  112       9.84232285       0.00016438       0.00042253    -184.04942607
  113       9.84232285       0.00015902       0.00020619    -184.04942636
  114       9.84232285       0.00017717       0.00058181    -184.04942668
  115       9.84232285       0.00015721       0.00159263    -184.04942641
  116       9.84232285       0.00029275       0.00214883    -184.04942524
  117       9.84232285       0.00015331       0.00038485    -184.04942676
  118       9.84232285       0.00016111       0.00052176    -184.04942670
  119       9.84232285       0.00017351       0.00088002    -184.04942691
  120       9.84232285       0.00015338       0.00070325    -184.04942664
  121       9.84232285       0.00015151       0.00027881    -184.04942647
  122       9.84232285       0.00013722       0.00040594    -184.04942627
  123       9.84232285       0.00014945       0.00003773    -184.04942666
  124       9.84232285       0.00014824       0.00043498    -184.04942664
  125       9.84232285       0.00016597       0.00078110    -184.04942634
  126       9.84232285       0.00015642       0.00151908    -184.04942672
  127       9.84232285       0.00024610       0.00073516    -184.04942582
  128       9.84232285       0.00016220       0.00027740    -184.04942636
  129       9.84232285       0.00016912       0.00071704    -184.04942618
  130       9.84232285       0.00014309       0.00030988    -184.04942659
  131       9.84232285       0.00013787       0.00034733    -184.04942676
  132       9.84232285       0.00012766       0.00042397    -184.04942640
  133       9.84232285       0.00013904       0.00077769    -184.04942628
  134       9.84232285       0.00011787       0.00083150    -184.04942678
  135       9.84232285       0.00017672       0.00108933    -184.04942687
  136       9.84232285       0.00014412       0.00088268    -184.04942684
  137       9.84232285       0.00016897       0.00149091    -184.04942622
  138       9.84232285       0.00012800       0.00022592    -184.04942709
  139       9.84232285       0.00012996       0.00029453    -184.04942719
  140       9.84232285       0.00012674       0.00154488    -184.04942729
  141       9.84232285       0.00016133       0.00160568    -184.04942707
  142       9.84232285       0.00014699       0.00062911    -184.04942714
  143       9.84232285       0.00012202       0.00007174    -184.04942730
  144       9.84232285       0.00013347       0.00113038    -184.04942697
  145       9.84232285       0.00010942       0.00274569    -184.04942715
  146       9.84232285       0.00026173       0.00066989    -184.04942655
  147       9.84232285       0.00021019       0.00262670    -184.04942652
  148       9.84232285       0.00011380       0.00018432    -184.04942730
  149       9.84232285       0.00011816       0.00046878    -184.04942730
  150       9.84232285       0.00014167       0.00299296    -184.04942692
  151       9.84232285       0.00019340       0.00420198    -184.04942653
  152       9.84232285       0.00014307       0.00111862    -184.04942758
  153       9.84232285       0.00012455       0.00041366    -184.04942753
  154       9.84232285       0.00013606       0.00067849    -184.04942766
  155       9.84232285       0.00012430       0.00018129    -184.04942749
  156       9.84232285       0.00012203       0.00006830    -184.04942754
  157       9.84232285       0.00011572       0.00018922    -184.04942746
  158       9.84232285       0.00013465       0.00021645    -184.04942759
  159       9.84232285       0.00013415       0.00068036    -184.04942782
  160       9.84232285       0.00012733       0.00017638    -184.04942850
  161       9.84232285       0.00012225       0.00090822    -184.04942851
  162       9.84232285       0.00008945       0.00000000    -184.04942852

***********************************************************
***********************************************************
                   Mulliken populations                    
***********************************************************
***********************************************************

  Total spin moment (muB)   0.000000000

                    Up spin      Down spin     Sum           Diff
      1   Ti      5.531836473  5.531836473  11.063672946   0.000000000
      2   Ti      5.532076687  5.532076687  11.064153373   0.000000000
      3    O      3.233856911  3.233856911   6.467713823   0.000000000
      4    O      3.234531899  3.234531899   6.469063798   0.000000000
      5    O      3.233367417  3.233367417   6.466734834   0.000000000
      6    O      3.234330613  3.234330613   6.468661226   0.000000000

 Sum of MulP: up   =    24.00000 down          =    24.00000
              total=    48.00000 ideal(neutral)=    48.00000


  Decomposed Mulliken populations

    1   Ti          Up spin      Down spin     Sum           Diff
            multiple
  s           0    0.994020039  0.994020039   1.988040078   0.000000000
   sum over m      0.994020039  0.994020039   1.988040078   0.000000000
  s           1    0.149602837  0.149602837   0.299205674   0.000000000
   sum over m      0.149602837  0.149602837   0.299205674   0.000000000
   sum over m+mul  1.143622876  1.143622876   2.287245752   0.000000000
  px          0    0.992127280  0.992127280   1.984254560   0.000000000
  py          0    0.992102600  0.992102600   1.984205200   0.000000000
  pz          0    0.983195461  0.983195461   1.966390923   0.000000000
   sum over m      2.967425341  2.967425341   5.934850683   0.000000000
  px          1    0.071996813  0.071996813   0.143993626   0.000000000
  py          1    0.071890881  0.071890881   0.143781762   0.000000000
  pz          1    0.062563791  0.062563791   0.125127581   0.000000000
   sum over m      0.206451485  0.206451485   0.412902969   0.000000000
   sum over m+mul  3.173876826  3.173876826   6.347753652   0.000000000
  d3z^2-r^2   0    0.204618989  0.204618989   0.409237977   0.000000000
  dx^2-y^2    0    0.214512967  0.214512967   0.429025933   0.000000000
  dxy         0    0.261229209  0.261229209   0.522458419   0.000000000
  dxz         0    0.266505638  0.266505638   0.533011277   0.000000000
  dyz         0    0.267469968  0.267469968   0.534939936   0.000000000
   sum over m      1.214336771  1.214336771   2.428673542   0.000000000
   sum over m+mul  1.214336771  1.214336771   2.428673542   0.000000000

    2   Ti          Up spin      Down spin     Sum           Diff
            multiple
  s           0    0.994027177  0.994027177   1.988054353   0.000000000
   sum over m      0.994027177  0.994027177   1.988054353   0.000000000
  s           1    0.149467785  0.149467785   0.298935571   0.000000000
   sum over m      0.149467785  0.149467785   0.298935571   0.000000000
   sum over m+mul  1.143494962  1.143494962   2.286989924   0.000000000
  px          0    0.992130942  0.992130942   1.984261883   0.000000000
  py          0    0.992105170  0.992105170   1.984210340   0.000000000
  pz          0    0.983215184  0.983215184   1.966430368   0.000000000
   sum over m      2.967451296  2.967451296   5.934902592   0.000000000
  px          1    0.071928484  0.071928484   0.143856969   0.000000000
  py          1    0.071827389  0.071827389   0.143654777   0.000000000
  pz          1    0.062697192  0.062697192   0.125394385   0.000000000
   sum over m      0.206453065  0.206453065   0.412906131   0.000000000
   sum over m+mul  3.173904361  3.173904361   6.347808722   0.000000000
  d3z^2-r^2   0    0.203850063  0.203850063   0.407700126   0.000000000
  dx^2-y^2    0    0.215379665  0.215379665   0.430759329   0.000000000
  dxy         0    0.261178004  0.261178004   0.522356009   0.000000000
  dxz         0    0.266649927  0.266649927   0.533299854   0.000000000
  dyz         0    0.267619705  0.267619705   0.535239409   0.000000000
   sum over m      1.214677364  1.214677364   2.429354727   0.000000000
   sum over m+mul  1.214677364  1.214677364   2.429354727   0.000000000

    3    O          Up spin      Down spin     Sum           Diff
            multiple
  s           0    0.910560883  0.910560883   1.821121767   0.000000000
   sum over m      0.910560883  0.910560883   1.821121767   0.000000000
  s           1   -0.004031795 -0.004031795  -0.008063591   0.000000000
   sum over m     -0.004031795 -0.004031795  -0.008063591   0.000000000
   sum over m+mul  0.906529088  0.906529088   1.813058176   0.000000000
  px          0    0.774045996  0.774045996   1.548091991   0.000000000
  py          0    0.774387815  0.774387815   1.548775630   0.000000000
  pz          0    0.778894012  0.778894012   1.557788025   0.000000000
   sum over m      2.327327823  2.327327823   4.654655646   0.000000000
   sum over m+mul  2.327327823  2.327327823   4.654655646   0.000000000

    4    O          Up spin      Down spin     Sum           Diff
            multiple
  s           0    0.909625050  0.909625050   1.819250100   0.000000000
   sum over m      0.909625050  0.909625050   1.819250100   0.000000000
  s           1   -0.004035067 -0.004035067  -0.008070134   0.000000000
   sum over m     -0.004035067 -0.004035067  -0.008070134   0.000000000
   sum over m+mul  0.905589983  0.905589983   1.811179966   0.000000000
  px          0    0.775452532  0.775452532   1.550905064   0.000000000
  py          0    0.775106276  0.775106276   1.550212551   0.000000000
  pz          0    0.778383108  0.778383108   1.556766217   0.000000000
   sum over m      2.328941916  2.328941916   4.657883832   0.000000000
   sum over m+mul  2.328941916  2.328941916   4.657883832   0.000000000

    5    O          Up spin      Down spin     Sum           Diff
            multiple
  s           0    0.910715208  0.910715208   1.821430415   0.000000000
   sum over m      0.910715208  0.910715208   1.821430415   0.000000000
  s           1   -0.004040533 -0.004040533  -0.008081067   0.000000000
   sum over m     -0.004040533 -0.004040533  -0.008081067   0.000000000
   sum over m+mul  0.906674674  0.906674674   1.813349349   0.000000000
  px          0    0.773692345  0.773692345   1.547384690   0.000000000
  py          0    0.773969304  0.773969304   1.547938609   0.000000000
  pz          0    0.779031094  0.779031094   1.558062187   0.000000000
   sum over m      2.326692743  2.326692743   4.653385486   0.000000000
   sum over m+mul  2.326692743  2.326692743   4.653385486   0.000000000

    6    O          Up spin      Down spin     Sum           Diff
            multiple
  s           0    0.909484336  0.909484336   1.818968672   0.000000000
   sum over m      0.909484336  0.909484336   1.818968672   0.000000000
  s           1   -0.004044812 -0.004044812  -0.008089624   0.000000000
   sum over m     -0.004044812 -0.004044812  -0.008089624   0.000000000
   sum over m+mul  0.905439524  0.905439524   1.810879047   0.000000000
  px          0    0.775430133  0.775430133   1.550860266   0.000000000
  py          0    0.775151032  0.775151032   1.550302065   0.000000000
  pz          0    0.778309924  0.778309924   1.556619847   0.000000000
   sum over m      2.328891089  2.328891089   4.657782178   0.000000000
   sum over m+mul  2.328891089  2.328891089   4.657782178   0.000000000

***********************************************************
***********************************************************
       xyz-coordinates (Ang) and forces (Hartree/Bohr)  
***********************************************************
***********************************************************

<coordinates.forces
  6
    1    Ti    -0.09281   0.01993   0.07996  -0.000068401751 -0.000089449286 -0.000001185094
    2    Ti     2.20220   2.32996   1.56159   0.000008419929  0.000000898007 -0.000009113623
    3     O     1.36239   1.40575   0.05191  -0.000024992910 -0.000005502982  0.000009483424
    4     O    -1.42609  -1.37885   0.04976  -0.000060070799  0.000027860482 -0.000012069895
    5     O     3.65791   0.92682   1.53100  -0.000007868186  0.000062543687 -0.000009191272
    6     O     0.86892   3.71189   1.52874  -0.000012233276  0.000019770762 -0.000012777453
coordinates.forces>

***********************************************************
***********************************************************
       Fractional coordinates of the final structure       
***********************************************************
***********************************************************

     1     Ti     0.97979602701480   0.00433758545671   0.02703023299342
     2     Ti     0.47939229791402   0.50720383878607   0.52789997873986
     3      O     0.29657495082096   0.30601578664694   0.01754718215206
     4      O     0.68955651897558   0.69984170598623   0.01682082316372
     5      O     0.79628317362364   0.20175657111117   0.51755877448926
     6      O     0.18915372690962   0.80803468289788   0.51679594785014

***********************************************************
***********************************************************
               Computational Time (second)                 
***********************************************************
***********************************************************

   Elapsed.Time.      1564.885

                               Min_ID   Min_Time       Max_ID   Max_Time
   Total Computational Time =    12     1564.883          0     1564.885
   readfile                 =     4        1.250          0        1.250
   truncation               =    10       52.057          3       57.770
   MD_pac                   =     0        0.804         23        1.074
   OutData                  =     7        0.000          0        0.002
   HWF                      =     0        0.000          0        0.000
   DFT                      =     3     1504.522         10     1510.235

*** In DFT ***

   Set_OLP_Kin              =    13        7.497          3      151.860
   Set_Nonlocal             =     3      210.098         13      354.462
   Set_ProExpn_VNA          =    23      215.986          0      442.372
   Set_Hamiltonian          =    19      164.696         10      164.701
   Poisson                  =    14        0.308          1        0.321
   Diagonalization          =     0       40.555         19       40.620
   Mixing_DM                =    15        0.685          4        0.687
   Force                    =    18      169.076          3      169.076
   Total_Energy             =     0      142.615          2      142.619
   Set_Aden_Grid            =     0        2.491         23      228.725
   Set_Orbitals_Grid        =     7        0.000          3       36.465
   Set_Density_Grid         =     8      125.210         17      125.407
   RestartFileDFT           =     3       12.853          6       49.438
   Mulliken_Charge          =    15        0.523          0        0.535
   FFT(2D)_Density          =    22        0.478         17        0.482
   Others                   =     0        3.453         15       44.763
