***********************************************************
***********************************************************

  This calculation was performed by OpenMX Ver. 4.0
  using 14 MPI processes and 1 OpenMP threads.

  Fri Apr 10 19:11:15 2026

***********************************************************
***********************************************************

#
# File Name
#

System.CurrrentDirectory         ./    # default=./
System.Name                      GaAs-RFC5
level.of.stdout                   1    # default=1 (1-3)
level.of.fileout                  1    # default=1 (0-2)

#
# Definition of Atomic Species
#

Species.Number       2
<Definition.of.Atomic.Species
 Ga   Ga7.0-s2p2d1   Ga_PBE19
 As   As7.0-s2p2d1   As_PBE19
Definition.of.Atomic.Species>

#
# Atoms
#

Atoms.Number         2
Atoms.SpeciesAndCoordinates.Unit   frac # Ang|AU
<Atoms.SpeciesAndCoordinates           
 1  Ga  0.0100 -0.0100  0.02000   6.5 6.5  0.0 0.0 0.0 0.0 1
 2  As  0.2500  0.2500  0.2500   7.5 7.5  0.0 0.0 0.0 0.0 1
Atoms.SpeciesAndCoordinates>
Atoms.UnitVectors.Unit             Ang # Ang|AU
<Atoms.UnitVectors                     
   2.8250  2.8250  0.0000
   2.8250  0.0000  2.8250
   0.0000  2.8250  2.8250
Atoms.UnitVectors>

#
# SCF or Electronic System
#

scf.XcType                 GGA-PBE     # LDA|LSDA-CA|LSDA-PW|GGA-PBE
scf.SpinPolarization        off        # On|Off|NC
scf.SpinOrbit.Coupling      off        # On|Off, default=off       
scf.ElectronicTemperature  300.0       # default=300 (K)
scf.energycutoff            400.0      # default=150 (Ry)
scf.maxIter                 100        # default=40
scf.EigenvalueSolver       band        # DC|GDC|Cluster|Band
scf.Kgrid                  7 7 7       # means n1 x n2 x n3
scf.Mixing.Type           rmm-diisk    # Simple|Rmm-Diis|Gr-Pulay|Kerker|Rmm-Diisk
scf.Init.Mixing.Weight     0.10        # default=0.30 
scf.Min.Mixing.Weight      0.001       # default=0.001 
scf.Max.Mixing.Weight      0.500       # default=0.40 
scf.Mixing.History          10         # default=5
scf.Mixing.StartPulay       7          # default=6
scf.criterion             1.0e-10      # default=1.0e-6 (Hartree) 


#
# MD or Geometry Optimization
#

MD.Type                     RFC5       # Nomd|Opt|DIIS|NVE|NVT_VS|NVT_NH
MD.Opt.DIIS.History          3         # default=3
MD.Opt.StartDIIS            10         # default=5
MD.Opt.EveryDIIS            100000     # default=10
MD.maxIter                  100        # default=1
MD.TimeStep                1.0         # default=0.5 (fs)
MD.Opt.criterion          0.0003       # default=1.0e-4 (Hartree/bohr)


***********************************************************
***********************************************************

  Required cutoff energy (Ryd) for 3D-grids = 378.2484
      Used cutoff energy (Ryd) for 3D-grids = 378.0838, 378.2834, 378.3781
  Num. of grids of a-, b-, and c-axes = 40, 40, 40

  Num.Grid1.    40
  Num.Grid2.    40
  Num.Grid3.    40


  Cell_Volume =    350.099774034724 (Bohr^3)
  GridVol     =      0.005470308969 (Bohr^3)
  Cell vectors (bohr) of the grid cell (gtv)
    gtv_a =  0.139851853172,  0.139766932736, -0.000134222555
    gtv_b =  0.139831651250, -0.000086080542,  0.139801878172
    gtv_c = -0.000160623822,  0.139703029693,  0.139760392395
    |gtv_a| =  0.197720394340
    |gtv_b| =  0.197730784759
    |gtv_c| =  0.197610550295

***********************************************************
***********************************************************


***********************************************************
***********************************************************
                  SCF history at MD= 1                    
***********************************************************
***********************************************************

   SCF=   1  NormRD=  1.000000000000  Uele= -24.728995941026
   SCF=   2  NormRD=  0.493334044056  Uele= -24.728995941026
   SCF=   3  NormRD=  0.398847771941  Uele= -24.752553248815
   SCF=   4  NormRD=  0.196106919090  Uele= -24.821729776878
   SCF=   5  NormRD=  0.091032753484  Uele= -24.904463242411
   SCF=   6  NormRD=  0.046499208807  Uele= -24.952702267050
   SCF=   7  NormRD=  0.023915847989  Uele= -24.974543502864
   SCF=   8  NormRD=  0.000852051878  Uele= -24.992569684774
   SCF=   9  NormRD=  0.000224257177  Uele= -24.990048875377
   SCF=  10  NormRD=  0.000019033167  Uele= -24.990133012509
   SCF=  11  NormRD=  0.000002283453  Uele= -24.990136749838
   SCF=  12  NormRD=  0.000000305675  Uele= -24.990132453375
   SCF=  13  NormRD=  0.000000058298  Uele= -24.990131985212
   SCF=  14  NormRD=  0.000000002718  Uele= -24.990131879090
   SCF=  15  NormRD=  0.000000000517  Uele= -24.990131877872
   SCF=  16  NormRD=  0.000000000020  Uele= -24.990131877008
   SCF=  17  NormRD=  0.000000000002  Uele= -24.990131876971

*******************************************************
        Total energy (Hartree) at MD = 1        
*******************************************************

  Uele.        -24.990131876971

  Ukin.        188.302072020354
  UH0.       -1773.057376553178
  UH1.           0.006031364470
  Una.        -121.374405134530
  Unl.         -60.383800299437
  Uxc0.        -16.535956366028
  Uxc1.        -16.535956366028
  Ucore.      1616.684618148604
  Uhub.          0.000000000000
  Ucs.           0.000000000000
  Uzs.           0.000000000000
  Uzo.           0.000000000000
  Uef.           0.000000000000
  UvdW.          0.000000000000
  Uch.           0.000000000000
  Utot.       -182.894773185773

  UpV.           0.000000000000
  Enpy.       -182.894773185773
  Note:

  Utot = Ukin+UH0+UH1+Una+Unl+Uxc0+Uxc1+Ucore+Uhub+Ucs+Uzs+Uzo+Uef+UvdW+Uch

  Uele:   band energy
  Ukin:   kinetic energy
  UH0:    electric part of screened Coulomb energy
  UH1:    difference electron-electron Coulomb energy
  Una:    neutral atom potential energy
  Unl:    non-local potential energy
  Uxc0:   exchange-correlation energy for alpha spin
  Uxc1:   exchange-correlation energy for beta spin
  Ucore:  core-core Coulomb energy
  Uhub:   LDA+U energy
  Ucs:    constraint energy for spin orientation
  Uzs:    Zeeman term for spin magnetic moment
  Uzo:    Zeeman term for orbital magnetic moment
  Uef:    electric energy by electric field
  UvdW:   semi-empirical vdW energy
  Uch:    penalty term to create a core hole

  UpV:    pressure times volume
  Enpy:   Enthalpy = Utot + UpV
  (see also PRB 72, 045121(2005) for the energy contributions)



  Chemical potential (Hartree)      -0.156509456444

***********************************************************
***********************************************************
                  SCF history at MD= 2                    
***********************************************************
***********************************************************

   SCF=   1  NormRD=  1.000000000000  Uele= -24.976661684545
   SCF=   2  NormRD=  0.002194808796  Uele= -24.979312745949
   SCF=   3  NormRD=  0.001094790376  Uele= -24.980207092304
   SCF=   4  NormRD=  0.000082718042  Uele= -24.981019958942
   SCF=   5  NormRD=  0.000040314540  Uele= -24.981088801817
   SCF=   6  NormRD=  0.000001414830  Uele= -24.981075566504
   SCF=   7  NormRD=  0.000000185911  Uele= -24.981077116462
   SCF=   8  NormRD=  0.000000027270  Uele= -24.981077015290
   SCF=   9  NormRD=  0.000000001538  Uele= -24.981077010970
   SCF=  10  NormRD=  0.000000000163  Uele= -24.981077012736
   SCF=  11  NormRD=  0.000000000014  Uele= -24.981077012738

*******************************************************
        Total energy (Hartree) at MD = 2        
*******************************************************

  Uele.        -24.981077012738

  Ukin.        188.294939584360
  UH0.       -1754.974284290437
  UH1.           0.006029218543
  Una.        -121.351260907640
  Unl.         -60.390453128008
  Uxc0.        -16.533694842890
  Uxc1.        -16.533694842890
  Ucore.      1598.586772164234
  Uhub.          0.000000000000
  Ucs.           0.000000000000
  Uzs.           0.000000000000
  Uzo.           0.000000000000
  Uef.           0.000000000000
  UvdW.          0.000000000000
  Uch.           0.000000000000
  Utot.       -182.895647044728

  UpV.           0.000000000000
  Enpy.       -182.895647044728
  Note:

  Utot = Ukin+UH0+UH1+Una+Unl+Uxc0+Uxc1+Ucore+Uhub+Ucs+Uzs+Uzo+Uef+UvdW+Uch

  Uele:   band energy
  Ukin:   kinetic energy
  UH0:    electric part of screened Coulomb energy
  UH1:    difference electron-electron Coulomb energy
  Una:    neutral atom potential energy
  Unl:    non-local potential energy
  Uxc0:   exchange-correlation energy for alpha spin
  Uxc1:   exchange-correlation energy for beta spin
  Ucore:  core-core Coulomb energy
  Uhub:   LDA+U energy
  Ucs:    constraint energy for spin orientation
  Uzs:    Zeeman term for spin magnetic moment
  Uzo:    Zeeman term for orbital magnetic moment
  Uef:    electric energy by electric field
  UvdW:   semi-empirical vdW energy
  Uch:    penalty term to create a core hole

  UpV:    pressure times volume
  Enpy:   Enthalpy = Utot + UpV
  (see also PRB 72, 045121(2005) for the energy contributions)



  Chemical potential (Hartree)      -0.158248240517

***********************************************************
***********************************************************
                  SCF history at MD= 3                    
***********************************************************
***********************************************************

   SCF=   1  NormRD=  1.000000000000  Uele= -24.968911779197
   SCF=   2  NormRD=  0.002021668385  Uele= -24.971259657766
   SCF=   3  NormRD=  0.001008657917  Uele= -24.972043459117
   SCF=   4  NormRD=  0.000073573478  Uele= -24.972761831921
   SCF=   5  NormRD=  0.000037031908  Uele= -24.972824572412
   SCF=   6  NormRD=  0.000001356510  Uele= -24.972812238217
   SCF=   7  NormRD=  0.000000169686  Uele= -24.972813684187
   SCF=   8  NormRD=  0.000000025743  Uele= -24.972813602247
   SCF=   9  NormRD=  0.000000001361  Uele= -24.972813599053
   SCF=  10  NormRD=  0.000000000155  Uele= -24.972813600610
   SCF=  11  NormRD=  0.000000000013  Uele= -24.972813600619

*******************************************************
        Total energy (Hartree) at MD = 3        
*******************************************************

  Uele.        -24.972813600619

  Ukin.        188.288481939970
  UH0.       -1737.250891193980
  UH1.           0.006028244876
  Una.        -121.330401458226
  Unl.         -60.396378048746
  Uxc0.        -16.531630513437
  Uxc1.        -16.531630513437
  Ucore.      1580.850032035359
  Uhub.          0.000000000000
  Ucs.           0.000000000000
  Uzs.           0.000000000000
  Uzo.           0.000000000000
  Uef.           0.000000000000
  UvdW.          0.000000000000
  Uch.           0.000000000000
  Utot.       -182.896389507620

  UpV.           0.000000000000
  Enpy.       -182.896389507620
  Note:

  Utot = Ukin+UH0+UH1+Una+Unl+Uxc0+Uxc1+Ucore+Uhub+Ucs+Uzs+Uzo+Uef+UvdW+Uch

  Uele:   band energy
  Ukin:   kinetic energy
  UH0:    electric part of screened Coulomb energy
  UH1:    difference electron-electron Coulomb energy
  Una:    neutral atom potential energy
  Unl:    non-local potential energy
  Uxc0:   exchange-correlation energy for alpha spin
  Uxc1:   exchange-correlation energy for beta spin
  Ucore:  core-core Coulomb energy
  Uhub:   LDA+U energy
  Ucs:    constraint energy for spin orientation
  Uzs:    Zeeman term for spin magnetic moment
  Uzo:    Zeeman term for orbital magnetic moment
  Uef:    electric energy by electric field
  UvdW:   semi-empirical vdW energy
  Uch:    penalty term to create a core hole

  UpV:    pressure times volume
  Enpy:   Enthalpy = Utot + UpV
  (see also PRB 72, 045121(2005) for the energy contributions)



  Chemical potential (Hartree)      -0.159849518067

***********************************************************
***********************************************************
                  SCF history at MD= 4                    
***********************************************************
***********************************************************

   SCF=   1  NormRD=  1.000000000000  Uele= -24.965452323473
   SCF=   2  NormRD=  0.000146261481  Uele= -24.965390117933
   SCF=   3  NormRD=  0.000072695074  Uele= -24.965360657034
   SCF=   4  NormRD=  0.000002155990  Uele= -24.965337151277
   SCF=   5  NormRD=  0.000000418677  Uele= -24.965337723525
   SCF=   6  NormRD=  0.000000198347  Uele= -24.965337343707
   SCF=   7  NormRD=  0.000000014689  Uele= -24.965337410620
   SCF=   8  NormRD=  0.000000001195  Uele= -24.965337410857
   SCF=   9  NormRD=  0.000000000049  Uele= -24.965337411264
   SCF=  10  NormRD=  0.000000000007  Uele= -24.965337411170

*******************************************************
        Total energy (Hartree) at MD = 4        
*******************************************************

  Uele.        -24.965337411170

  Ukin.        188.282639352788
  UH0.       -1692.034568980204
  UH1.           0.006028285051
  Una.        -121.311647310956
  Unl.         -60.401659441230
  Uxc0.        -16.529757541417
  Uxc1.        -16.529757541417
  Ucore.      1535.621708128232
  Uhub.          0.000000000000
  Ucs.           0.000000000000
  Uzs.           0.000000000000
  Uzo.           0.000000000000
  Uef.           0.000000000000
  UvdW.          0.000000000000
  Uch.           0.000000000000
  Utot.       -182.897015049152

  UpV.           0.000000000000
  Enpy.       -182.897015049152
  Note:

  Utot = Ukin+UH0+UH1+Una+Unl+Uxc0+Uxc1+Ucore+Uhub+Ucs+Uzs+Uzo+Uef+UvdW+Uch

  Uele:   band energy
  Ukin:   kinetic energy
  UH0:    electric part of screened Coulomb energy
  UH1:    difference electron-electron Coulomb energy
  Una:    neutral atom potential energy
  Unl:    non-local potential energy
  Uxc0:   exchange-correlation energy for alpha spin
  Uxc1:   exchange-correlation energy for beta spin
  Ucore:  core-core Coulomb energy
  Uhub:   LDA+U energy
  Ucs:    constraint energy for spin orientation
  Uzs:    Zeeman term for spin magnetic moment
  Uzo:    Zeeman term for orbital magnetic moment
  Uef:    electric energy by electric field
  UvdW:   semi-empirical vdW energy
  Uch:    penalty term to create a core hole

  UpV:    pressure times volume
  Enpy:   Enthalpy = Utot + UpV
  (see also PRB 72, 045121(2005) for the energy contributions)



  Chemical potential (Hartree)      -0.161303358396

***********************************************************
***********************************************************
                  SCF history at MD= 5                    
***********************************************************
***********************************************************

   SCF=   1  NormRD=  1.000000000000  Uele= -24.958605064832
   SCF=   2  NormRD=  0.000134438950  Uele= -24.958535534196
   SCF=   3  NormRD=  0.000065855374  Uele= -24.958498995303
   SCF=   4  NormRD=  0.000002355766  Uele= -24.958466160781
   SCF=   5  NormRD=  0.000000894920  Uele= -24.958467262965
   SCF=   6  NormRD=  0.000000191701  Uele= -24.958466763521
   SCF=   7  NormRD=  0.000000007781  Uele= -24.958466827898
   SCF=   8  NormRD=  0.000000001004  Uele= -24.958466833124
   SCF=   9  NormRD=  0.000000000080  Uele= -24.958466833608
   SCF=  10  NormRD=  0.000000000005  Uele= -24.958466833492
   SCF=  11  NormRD=  0.000000000001  Uele= -24.958466833495

*******************************************************
        Total energy (Hartree) at MD = 5        
*******************************************************

  Uele.        -24.958466833495

  Ukin.        188.277282697266
  UH0.       -1688.918251611881
  UH1.           0.006027795952
  Una.        -121.294574291657
  Unl.         -60.406427283128
  Uxc0.        -16.528044201960
  Uxc1.        -16.528044201960
  Ucore.      1532.494471094864
  Uhub.          0.000000000000
  Ucs.           0.000000000000
  Uzs.           0.000000000000
  Uzo.           0.000000000000
  Uef.           0.000000000000
  UvdW.          0.000000000000
  Uch.           0.000000000000
  Utot.       -182.897560002501

  UpV.           0.000000000000
  Enpy.       -182.897560002501
  Note:

  Utot = Ukin+UH0+UH1+Una+Unl+Uxc0+Uxc1+Ucore+Uhub+Ucs+Uzs+Uzo+Uef+UvdW+Uch

  Uele:   band energy
  Ukin:   kinetic energy
  UH0:    electric part of screened Coulomb energy
  UH1:    difference electron-electron Coulomb energy
  Una:    neutral atom potential energy
  Unl:    non-local potential energy
  Uxc0:   exchange-correlation energy for alpha spin
  Uxc1:   exchange-correlation energy for beta spin
  Ucore:  core-core Coulomb energy
  Uhub:   LDA+U energy
  Ucs:    constraint energy for spin orientation
  Uzs:    Zeeman term for spin magnetic moment
  Uzo:    Zeeman term for orbital magnetic moment
  Uef:    electric energy by electric field
  UvdW:   semi-empirical vdW energy
  Uch:    penalty term to create a core hole

  UpV:    pressure times volume
  Enpy:   Enthalpy = Utot + UpV
  (see also PRB 72, 045121(2005) for the energy contributions)



  Chemical potential (Hartree)      -0.162647789706

***********************************************************
***********************************************************
                  SCF history at MD= 6                    
***********************************************************
***********************************************************

   SCF=   1  NormRD=  1.000000000000  Uele= -24.943029544936
   SCF=   2  NormRD=  0.000335259976  Uele= -24.942919020845
   SCF=   3  NormRD=  0.000167923671  Uele= -24.942830758351
   SCF=   4  NormRD=  0.000009571237  Uele= -24.942756322004
   SCF=   5  NormRD=  0.000003279259  Uele= -24.942765548502
   SCF=   6  NormRD=  0.000000254386  Uele= -24.942763086697
   SCF=   7  NormRD=  0.000000026753  Uele= -24.942763051044
   SCF=   8  NormRD=  0.000000002000  Uele= -24.942763058830
   SCF=   9  NormRD=  0.000000000201  Uele= -24.942763058922

*******************************************************
        Total energy (Hartree) at MD = 6        
*******************************************************

  Uele.        -24.942763058922

  Ukin.        188.264940100917
  UH0.       -1598.401629428122
  UH1.           0.006023665595
  Una.        -121.256088937624
  Unl.         -60.416881051225
  Uxc0.        -16.524133388422
  Uxc1.        -16.524133388422
  Ucore.      1441.953243964910
  Uhub.          0.000000000000
  Ucs.           0.000000000000
  Uzs.           0.000000000000
  Uzo.           0.000000000000
  Uef.           0.000000000000
  UvdW.          0.000000000000
  Uch.           0.000000000000
  Utot.       -182.898658462394

  UpV.           0.000000000000
  Enpy.       -182.898658462394
  Note:

  Utot = Ukin+UH0+UH1+Una+Unl+Uxc0+Uxc1+Ucore+Uhub+Ucs+Uzs+Uzo+Uef+UvdW+Uch

  Uele:   band energy
  Ukin:   kinetic energy
  UH0:    electric part of screened Coulomb energy
  UH1:    difference electron-electron Coulomb energy
  Una:    neutral atom potential energy
  Unl:    non-local potential energy
  Uxc0:   exchange-correlation energy for alpha spin
  Uxc1:   exchange-correlation energy for beta spin
  Ucore:  core-core Coulomb energy
  Uhub:   LDA+U energy
  Ucs:    constraint energy for spin orientation
  Uzs:    Zeeman term for spin magnetic moment
  Uzo:    Zeeman term for orbital magnetic moment
  Uef:    electric energy by electric field
  UvdW:   semi-empirical vdW energy
  Uch:    penalty term to create a core hole

  UpV:    pressure times volume
  Enpy:   Enthalpy = Utot + UpV
  (see also PRB 72, 045121(2005) for the energy contributions)



  Chemical potential (Hartree)      -0.165711367054

***********************************************************
***********************************************************
                  SCF history at MD= 7                    
***********************************************************
***********************************************************

   SCF=   1  NormRD=  1.000000000000  Uele= -24.924978760766
   SCF=   2  NormRD=  0.003351862493  Uele= -24.927908365401
   SCF=   3  NormRD=  0.001674101645  Uele= -24.928712396559
   SCF=   4  NormRD=  0.000108166519  Uele= -24.929538039471
   SCF=   5  NormRD=  0.000049288394  Uele= -24.929642058387
   SCF=   6  NormRD=  0.000002923291  Uele= -24.929629898739
   SCF=   7  NormRD=  0.000000239990  Uele= -24.929632486185
   SCF=   8  NormRD=  0.000000058371  Uele= -24.929632526501
   SCF=   9  NormRD=  0.000000002143  Uele= -24.929632527826
   SCF=  10  NormRD=  0.000000000344  Uele= -24.929632527214
   SCF=  11  NormRD=  0.000000000016  Uele= -24.929632527228

*******************************************************
        Total energy (Hartree) at MD = 7        
*******************************************************

  Uele.        -24.929632527228

  Ukin.        188.254821646018
  UH0.       -1564.999221203275
  UH1.           0.006008769451
  Una.        -121.225382164119
  Unl.         -60.424820114009
  Uxc0.        -16.520966956198
  Uxc1.        -16.520966956198
  Ucore.      1408.531097584936
  Uhub.          0.000000000000
  Ucs.           0.000000000000
  Uzs.           0.000000000000
  Uzo.           0.000000000000
  Uef.           0.000000000000
  UvdW.          0.000000000000
  Uch.           0.000000000000
  Utot.       -182.899429393393

  UpV.           0.000000000000
  Enpy.       -182.899429393393
  Note:

  Utot = Ukin+UH0+UH1+Una+Unl+Uxc0+Uxc1+Ucore+Uhub+Ucs+Uzs+Uzo+Uef+UvdW+Uch

  Uele:   band energy
  Ukin:   kinetic energy
  UH0:    electric part of screened Coulomb energy
  UH1:    difference electron-electron Coulomb energy
  Una:    neutral atom potential energy
  Unl:    non-local potential energy
  Uxc0:   exchange-correlation energy for alpha spin
  Uxc1:   exchange-correlation energy for beta spin
  Ucore:  core-core Coulomb energy
  Uhub:   LDA+U energy
  Ucs:    constraint energy for spin orientation
  Uzs:    Zeeman term for spin magnetic moment
  Uzo:    Zeeman term for orbital magnetic moment
  Uef:    electric energy by electric field
  UvdW:   semi-empirical vdW energy
  Uch:    penalty term to create a core hole

  UpV:    pressure times volume
  Enpy:   Enthalpy = Utot + UpV
  (see also PRB 72, 045121(2005) for the energy contributions)



  Chemical potential (Hartree)      -0.168201583488

***********************************************************
***********************************************************
                  SCF history at MD= 8                    
***********************************************************
***********************************************************

   SCF=   1  NormRD=  1.000000000000  Uele= -24.918132436682
   SCF=   2  NormRD=  0.000408019569  Uele= -24.918311737785
   SCF=   3  NormRD=  0.000201234524  Uele= -24.918451672547
   SCF=   4  NormRD=  0.000012009340  Uele= -24.918565994649
   SCF=   5  NormRD=  0.000004502247  Uele= -24.918555446253
   SCF=   6  NormRD=  0.000000436869  Uele= -24.918557233846
   SCF=   7  NormRD=  0.000000027442  Uele= -24.918557132592
   SCF=   8  NormRD=  0.000000003456  Uele= -24.918557104362
   SCF=   9  NormRD=  0.000000000421  Uele= -24.918557106927
   SCF=  10  NormRD=  0.000000000040  Uele= -24.918557107501
   SCF=  11  NormRD=  0.000000000005  Uele= -24.918557107509

*******************************************************
        Total energy (Hartree) at MD = 8        
*******************************************************

  Uele.        -24.918557107509

  Ukin.        188.246257981820
  UH0.       -1546.467078867157
  UH1.           0.005993344762
  Una.        -121.200111821417
  Unl.         -60.431060023828
  Uxc0.        -16.518324518287
  Uxc1.        -16.518324518287
  Ucore.      1389.982652437527
  Uhub.          0.000000000000
  Ucs.           0.000000000000
  Uzs.           0.000000000000
  Uzo.           0.000000000000
  Uef.           0.000000000000
  UvdW.          0.000000000000
  Uch.           0.000000000000
  Utot.       -182.899995984868

  UpV.           0.000000000000
  Enpy.       -182.899995984868
  Note:

  Utot = Ukin+UH0+UH1+Una+Unl+Uxc0+Uxc1+Ucore+Uhub+Ucs+Uzs+Uzo+Uef+UvdW+Uch

  Uele:   band energy
  Ukin:   kinetic energy
  UH0:    electric part of screened Coulomb energy
  UH1:    difference electron-electron Coulomb energy
  Una:    neutral atom potential energy
  Unl:    non-local potential energy
  Uxc0:   exchange-correlation energy for alpha spin
  Uxc1:   exchange-correlation energy for beta spin
  Ucore:  core-core Coulomb energy
  Uhub:   LDA+U energy
  Ucs:    constraint energy for spin orientation
  Uzs:    Zeeman term for spin magnetic moment
  Uzo:    Zeeman term for orbital magnetic moment
  Uef:    electric energy by electric field
  UvdW:   semi-empirical vdW energy
  Uch:    penalty term to create a core hole

  UpV:    pressure times volume
  Enpy:   Enthalpy = Utot + UpV
  (see also PRB 72, 045121(2005) for the energy contributions)



  Chemical potential (Hartree)      -0.170262716516

***********************************************************
***********************************************************
                  SCF history at MD= 9                    
***********************************************************
***********************************************************

   SCF=   1  NormRD=  1.000000000000  Uele= -24.909359923541
   SCF=   2  NormRD=  0.000212781585  Uele= -24.909347276345
   SCF=   3  NormRD=  0.000103978725  Uele= -24.909353183795
   SCF=   4  NormRD=  0.000002506910  Uele= -24.909361260322
   SCF=   5  NormRD=  0.000001825971  Uele= -24.909359913193
   SCF=   6  NormRD=  0.000000339426  Uele= -24.909360827095
   SCF=   7  NormRD=  0.000000010297  Uele= -24.909360708190
   SCF=   8  NormRD=  0.000000001747  Uele= -24.909360709203
   SCF=   9  NormRD=  0.000000000158  Uele= -24.909360709132

*******************************************************
        Total energy (Hartree) at MD = 9        
*******************************************************

  Uele.        -24.909360709132

  Ukin.        188.239150181220
  UH0.       -1542.575740837975
  UH1.           0.005987478439
  Una.        -121.178980689077
  Unl.         -60.436367917198
  Uxc0.        -16.516101300406
  Uxc1.        -16.516101300406
  Ucore.      1386.077737673937
  Uhub.          0.000000000000
  Ucs.           0.000000000000
  Uzs.           0.000000000000
  Uzo.           0.000000000000
  Uef.           0.000000000000
  UvdW.          0.000000000000
  Uch.           0.000000000000
  Utot.       -182.900416711466

  UpV.           0.000000000000
  Enpy.       -182.900416711466
  Note:

  Utot = Ukin+UH0+UH1+Una+Unl+Uxc0+Uxc1+Ucore+Uhub+Ucs+Uzs+Uzo+Uef+UvdW+Uch

  Uele:   band energy
  Ukin:   kinetic energy
  UH0:    electric part of screened Coulomb energy
  UH1:    difference electron-electron Coulomb energy
  Una:    neutral atom potential energy
  Unl:    non-local potential energy
  Uxc0:   exchange-correlation energy for alpha spin
  Uxc1:   exchange-correlation energy for beta spin
  Ucore:  core-core Coulomb energy
  Uhub:   LDA+U energy
  Ucs:    constraint energy for spin orientation
  Uzs:    Zeeman term for spin magnetic moment
  Uzo:    Zeeman term for orbital magnetic moment
  Uef:    electric energy by electric field
  UvdW:   semi-empirical vdW energy
  Uch:    penalty term to create a core hole

  UpV:    pressure times volume
  Enpy:   Enthalpy = Utot + UpV
  (see also PRB 72, 045121(2005) for the energy contributions)



  Chemical potential (Hartree)      -0.171901100673

***********************************************************
***********************************************************
                  SCF history at MD=10                    
***********************************************************
***********************************************************

   SCF=   1  NormRD=  1.000000000000  Uele= -24.890121034364
   SCF=   2  NormRD=  0.000684785296  Uele= -24.890081860724
   SCF=   3  NormRD=  0.000335582388  Uele= -24.890115109957
   SCF=   4  NormRD=  0.000010187528  Uele= -24.890147733520
   SCF=   5  NormRD=  0.000005892041  Uele= -24.890140302250
   SCF=   6  NormRD=  0.000000995418  Uele= -24.890143169209
   SCF=   7  NormRD=  0.000000034973  Uele= -24.890142884218
   SCF=   8  NormRD=  0.000000006071  Uele= -24.890142877706
   SCF=   9  NormRD=  0.000000000310  Uele= -24.890142876720
   SCF=  10  NormRD=  0.000000000038  Uele= -24.890142876814

*******************************************************
        Total energy (Hartree) at MD =10        
*******************************************************

  Uele.        -24.890142876814

  Ukin.        188.224356621111
  UH0.       -1534.161642606729
  UH1.           0.005999678047
  Una.        -121.134224252222
  Unl.         -60.448012154717
  Uxc0.        -16.511365385072
  Uxc1.        -16.511365385072
  Ucore.      1377.635113536719
  Uhub.          0.000000000000
  Ucs.           0.000000000000
  Uzs.           0.000000000000
  Uzo.           0.000000000000
  Uef.           0.000000000000
  UvdW.          0.000000000000
  Uch.           0.000000000000
  Utot.       -182.901139947935

  UpV.           0.000000000000
  Enpy.       -182.901139947935
  Note:

  Utot = Ukin+UH0+UH1+Una+Unl+Uxc0+Uxc1+Ucore+Uhub+Ucs+Uzs+Uzo+Uef+UvdW+Uch

  Uele:   band energy
  Ukin:   kinetic energy
  UH0:    electric part of screened Coulomb energy
  UH1:    difference electron-electron Coulomb energy
  Una:    neutral atom potential energy
  Unl:    non-local potential energy
  Uxc0:   exchange-correlation energy for alpha spin
  Uxc1:   exchange-correlation energy for beta spin
  Ucore:  core-core Coulomb energy
  Uhub:   LDA+U energy
  Ucs:    constraint energy for spin orientation
  Uzs:    Zeeman term for spin magnetic moment
  Uzo:    Zeeman term for orbital magnetic moment
  Uef:    electric energy by electric field
  UvdW:   semi-empirical vdW energy
  Uch:    penalty term to create a core hole

  UpV:    pressure times volume
  Enpy:   Enthalpy = Utot + UpV
  (see also PRB 72, 045121(2005) for the energy contributions)



  Chemical potential (Hartree)      -0.173721785689

***********************************************************
***********************************************************
                  SCF history at MD=11                    
***********************************************************
***********************************************************

   SCF=   1  NormRD=  1.000000000000  Uele= -24.881314676228
   SCF=   2  NormRD=  0.004133209318  Uele= -24.882578010616
   SCF=   3  NormRD=  0.001978827896  Uele= -24.882892135305
   SCF=   4  NormRD=  0.000107336398  Uele= -24.883236171732
   SCF=   5  NormRD=  0.000029456225  Uele= -24.883297976935
   SCF=   6  NormRD=  0.000008874810  Uele= -24.883285339610
   SCF=   7  NormRD=  0.000000264614  Uele= -24.883290230749
   SCF=   8  NormRD=  0.000000064766  Uele= -24.883290186063
   SCF=   9  NormRD=  0.000000001434  Uele= -24.883290188171
   SCF=  10  NormRD=  0.000000000310  Uele= -24.883290188732
   SCF=  11  NormRD=  0.000000000019  Uele= -24.883290188701

*******************************************************
        Total energy (Hartree) at MD =11        
*******************************************************

  Uele.        -24.883290188701

  Ukin.        188.219284829078
  UH0.       -1531.341909174108
  UH1.           0.006001800118
  Una.        -121.118739254033
  Unl.         -60.452055922393
  Uxc0.        -16.509745854742
  Uxc1.        -16.509745854742
  Ucore.      1374.805463006866
  Uhub.          0.000000000000
  Ucs.           0.000000000000
  Uzs.           0.000000000000
  Uzo.           0.000000000000
  Uef.           0.000000000000
  UvdW.          0.000000000000
  Uch.           0.000000000000
  Utot.       -182.901446423956

  UpV.           0.000000000000
  Enpy.       -182.901446423956
  Note:

  Utot = Ukin+UH0+UH1+Una+Unl+Uxc0+Uxc1+Ucore+Uhub+Ucs+Uzs+Uzo+Uef+UvdW+Uch

  Uele:   band energy
  Ukin:   kinetic energy
  UH0:    electric part of screened Coulomb energy
  UH1:    difference electron-electron Coulomb energy
  Una:    neutral atom potential energy
  Unl:    non-local potential energy
  Uxc0:   exchange-correlation energy for alpha spin
  Uxc1:   exchange-correlation energy for beta spin
  Ucore:  core-core Coulomb energy
  Uhub:   LDA+U energy
  Ucs:    constraint energy for spin orientation
  Uzs:    Zeeman term for spin magnetic moment
  Uzo:    Zeeman term for orbital magnetic moment
  Uef:    electric energy by electric field
  UvdW:   semi-empirical vdW energy
  Uch:    penalty term to create a core hole

  UpV:    pressure times volume
  Enpy:   Enthalpy = Utot + UpV
  (see also PRB 72, 045121(2005) for the energy contributions)



  Chemical potential (Hartree)      -0.174193036756

***********************************************************
***********************************************************
                  SCF history at MD=12                    
***********************************************************
***********************************************************

   SCF=   1  NormRD=  1.000000000000  Uele= -24.856023211046
   SCF=   2  NormRD=  0.011771938399  Uele= -24.860118597856
   SCF=   3  NormRD=  0.005758427756  Uele= -24.861284975857
   SCF=   4  NormRD=  0.000258806754  Uele= -24.862630325699
   SCF=   5  NormRD=  0.000070574676  Uele= -24.862814243750
   SCF=   6  NormRD=  0.000019201701  Uele= -24.862788041518
   SCF=   7  NormRD=  0.000000707575  Uele= -24.862800154220
   SCF=   8  NormRD=  0.000000151105  Uele= -24.862800258949
   SCF=   9  NormRD=  0.000000004354  Uele= -24.862800262085
   SCF=  10  NormRD=  0.000000000621  Uele= -24.862800265464
   SCF=  11  NormRD=  0.000000000044  Uele= -24.862800265256
   SCF=  12  NormRD=  0.000000000003  Uele= -24.862800265219

*******************************************************
        Total energy (Hartree) at MD =12        
*******************************************************

  Uele.        -24.862800265219

  Ukin.        188.202629497162
  UH0.       -1521.546601985950
  UH1.           0.006043824891
  Una.        -121.069494347745
  Unl.         -60.464693256492
  Uxc0.        -16.504421516934
  Uxc1.        -16.504421516934
  Ucore.      1364.979029080345
  Uhub.          0.000000000000
  Ucs.           0.000000000000
  Uzs.           0.000000000000
  Uzo.           0.000000000000
  Uef.           0.000000000000
  UvdW.          0.000000000000
  Uch.           0.000000000000
  Utot.       -182.901930221658

  UpV.           0.000000000000
  Enpy.       -182.901930221658
  Note:

  Utot = Ukin+UH0+UH1+Una+Unl+Uxc0+Uxc1+Ucore+Uhub+Ucs+Uzs+Uzo+Uef+UvdW+Uch

  Uele:   band energy
  Ukin:   kinetic energy
  UH0:    electric part of screened Coulomb energy
  UH1:    difference electron-electron Coulomb energy
  Una:    neutral atom potential energy
  Unl:    non-local potential energy
  Uxc0:   exchange-correlation energy for alpha spin
  Uxc1:   exchange-correlation energy for beta spin
  Ucore:  core-core Coulomb energy
  Uhub:   LDA+U energy
  Ucs:    constraint energy for spin orientation
  Uzs:    Zeeman term for spin magnetic moment
  Uzo:    Zeeman term for orbital magnetic moment
  Uef:    electric energy by electric field
  UvdW:   semi-empirical vdW energy
  Uch:    penalty term to create a core hole

  UpV:    pressure times volume
  Enpy:   Enthalpy = Utot + UpV
  (see also PRB 72, 045121(2005) for the energy contributions)



  Chemical potential (Hartree)      -0.174766768099

***********************************************************
***********************************************************
                  SCF history at MD=13                    
***********************************************************
***********************************************************

   SCF=   1  NormRD=  1.000000000000  Uele= -24.851106966199
   SCF=   2  NormRD=  0.003310998026  Uele= -24.851634252719
   SCF=   3  NormRD=  0.001640806403  Uele= -24.851709834563
   SCF=   4  NormRD=  0.000037880683  Uele= -24.851796169255
   SCF=   5  NormRD=  0.000014450187  Uele= -24.851819238965
   SCF=   6  NormRD=  0.000005477195  Uele= -24.851811367483
   SCF=   7  NormRD=  0.000000276399  Uele= -24.851814132926
   SCF=   8  NormRD=  0.000000038046  Uele= -24.851814101467
   SCF=   9  NormRD=  0.000000001358  Uele= -24.851814102777
   SCF=  10  NormRD=  0.000000000232  Uele= -24.851814102642
   SCF=  11  NormRD=  0.000000000014  Uele= -24.851814102646

*******************************************************
        Total energy (Hartree) at MD =13        
*******************************************************

  Uele.        -24.851814102646

  Ukin.        188.193502188116
  UH0.       -1516.025800840004
  UH1.           0.006069754466
  Una.        -121.043174878942
  Unl.         -60.471238741092
  Uxc0.        -16.501540046283
  Uxc1.        -16.501540046283
  Ucore.      1359.441637927598
  Uhub.          0.000000000000
  Ucs.           0.000000000000
  Uzs.           0.000000000000
  Uzo.           0.000000000000
  Uef.           0.000000000000
  UvdW.          0.000000000000
  Uch.           0.000000000000
  Utot.       -182.902084682425

  UpV.           0.000000000000
  Enpy.       -182.902084682425
  Note:

  Utot = Ukin+UH0+UH1+Una+Unl+Uxc0+Uxc1+Ucore+Uhub+Ucs+Uzs+Uzo+Uef+UvdW+Uch

  Uele:   band energy
  Ukin:   kinetic energy
  UH0:    electric part of screened Coulomb energy
  UH1:    difference electron-electron Coulomb energy
  Una:    neutral atom potential energy
  Unl:    non-local potential energy
  Uxc0:   exchange-correlation energy for alpha spin
  Uxc1:   exchange-correlation energy for beta spin
  Ucore:  core-core Coulomb energy
  Uhub:   LDA+U energy
  Ucs:    constraint energy for spin orientation
  Uzs:    Zeeman term for spin magnetic moment
  Uzo:    Zeeman term for orbital magnetic moment
  Uef:    electric energy by electric field
  UvdW:   semi-empirical vdW energy
  Uch:    penalty term to create a core hole

  UpV:    pressure times volume
  Enpy:   Enthalpy = Utot + UpV
  (see also PRB 72, 045121(2005) for the energy contributions)



  Chemical potential (Hartree)      -0.174992955161

***********************************************************
***********************************************************
                  SCF history at MD=14                    
***********************************************************
***********************************************************

   SCF=   1  NormRD=  1.000000000000  Uele= -24.845192860538
   SCF=   2  NormRD=  0.007654236663  Uele= -24.846258725460
   SCF=   3  NormRD=  0.003686692137  Uele= -24.846471787338
   SCF=   4  NormRD=  0.000132992276  Uele= -24.846722662995
   SCF=   5  NormRD=  0.000023173979  Uele= -24.846769987474
   SCF=   6  NormRD=  0.000016874292  Uele= -24.846758394007
   SCF=   7  NormRD=  0.000000502840  Uele= -24.846766276296
   SCF=   8  NormRD=  0.000000130039  Uele= -24.846766244745
   SCF=   9  NormRD=  0.000000001475  Uele= -24.846766251339
   SCF=  10  NormRD=  0.000000000241  Uele= -24.846766251142
   SCF=  11  NormRD=  0.000000000022  Uele= -24.846766251168

*******************************************************
        Total energy (Hartree) at MD =14        
*******************************************************

  Uele.        -24.846766251168

  Ukin.        188.189622402241
  UH0.       -1513.639490415444
  UH1.           0.006071288491
  Una.        -121.031760430490
  Unl.         -60.474096744839
  Uxc0.        -16.500305764005
  Uxc1.        -16.500305764005
  Ucore.      1357.048057793712
  Uhub.          0.000000000000
  Ucs.           0.000000000000
  Uzs.           0.000000000000
  Uzo.           0.000000000000
  Uef.           0.000000000000
  UvdW.          0.000000000000
  Uch.           0.000000000000
  Utot.       -182.902207634338

  UpV.           0.000000000000
  Enpy.       -182.902207634338
  Note:

  Utot = Ukin+UH0+UH1+Una+Unl+Uxc0+Uxc1+Ucore+Uhub+Ucs+Uzs+Uzo+Uef+UvdW+Uch

  Uele:   band energy
  Ukin:   kinetic energy
  UH0:    electric part of screened Coulomb energy
  UH1:    difference electron-electron Coulomb energy
  Una:    neutral atom potential energy
  Unl:    non-local potential energy
  Uxc0:   exchange-correlation energy for alpha spin
  Uxc1:   exchange-correlation energy for beta spin
  Ucore:  core-core Coulomb energy
  Uhub:   LDA+U energy
  Ucs:    constraint energy for spin orientation
  Uzs:    Zeeman term for spin magnetic moment
  Uzo:    Zeeman term for orbital magnetic moment
  Uef:    electric energy by electric field
  UvdW:   semi-empirical vdW energy
  Uch:    penalty term to create a core hole

  UpV:    pressure times volume
  Enpy:   Enthalpy = Utot + UpV
  (see also PRB 72, 045121(2005) for the energy contributions)



  Chemical potential (Hartree)      -0.175625956378

***********************************************************
***********************************************************
                  SCF history at MD=15                    
***********************************************************
***********************************************************

   SCF=   1  NormRD=  1.000000000000  Uele= -24.846372571233
   SCF=   2  NormRD=  0.002351701412  Uele= -24.846448036306
   SCF=   3  NormRD=  0.001152947096  Uele= -24.846473113581
   SCF=   4  NormRD=  0.000028573899  Uele= -24.846500705499
   SCF=   5  NormRD=  0.000002357109  Uele= -24.846503020896
   SCF=   6  NormRD=  0.000001299695  Uele= -24.846502085064
   SCF=   7  NormRD=  0.000000301906  Uele= -24.846502761097
   SCF=   8  NormRD=  0.000000040624  Uele= -24.846502629053
   SCF=   9  NormRD=  0.000000000425  Uele= -24.846502639866
   SCF=  10  NormRD=  0.000000000034  Uele= -24.846502639885

*******************************************************
        Total energy (Hartree) at MD =15        
*******************************************************

  Uele.        -24.846502639885

  Ukin.        188.189372863320
  UH0.       -1513.494899663951
  UH1.           0.006072420902
  Una.        -121.031060867020
  Unl.         -60.474260675445
  Uxc0.        -16.500230758186
  Uxc1.        -16.500230758186
  Ucore.      1356.903024799870
  Uhub.          0.000000000000
  Ucs.           0.000000000000
  Uzs.           0.000000000000
  Uzo.           0.000000000000
  Uef.           0.000000000000
  UvdW.          0.000000000000
  Uch.           0.000000000000
  Utot.       -182.902212638696

  UpV.           0.000000000000
  Enpy.       -182.902212638696
  Note:

  Utot = Ukin+UH0+UH1+Una+Unl+Uxc0+Uxc1+Ucore+Uhub+Ucs+Uzs+Uzo+Uef+UvdW+Uch

  Uele:   band energy
  Ukin:   kinetic energy
  UH0:    electric part of screened Coulomb energy
  UH1:    difference electron-electron Coulomb energy
  Una:    neutral atom potential energy
  Unl:    non-local potential energy
  Uxc0:   exchange-correlation energy for alpha spin
  Uxc1:   exchange-correlation energy for beta spin
  Ucore:  core-core Coulomb energy
  Uhub:   LDA+U energy
  Ucs:    constraint energy for spin orientation
  Uzs:    Zeeman term for spin magnetic moment
  Uzo:    Zeeman term for orbital magnetic moment
  Uef:    electric energy by electric field
  UvdW:   semi-empirical vdW energy
  Uch:    penalty term to create a core hole

  UpV:    pressure times volume
  Enpy:   Enthalpy = Utot + UpV
  (see also PRB 72, 045121(2005) for the energy contributions)



  Chemical potential (Hartree)      -0.175568525970

***********************************************************
***********************************************************
                  SCF history at MD=16                    
***********************************************************
***********************************************************

   SCF=   1  NormRD=  1.000000000000  Uele= -24.843551441780
   SCF=   2  NormRD=  0.000948806459  Uele= -24.843625165855
   SCF=   3  NormRD=  0.000467880994  Uele= -24.843555881173
   SCF=   4  NormRD=  0.000017942916  Uele= -24.843531290686
   SCF=   5  NormRD=  0.000008633687  Uele= -24.843548989606
   SCF=   6  NormRD=  0.000002565295  Uele= -24.843545009836
   SCF=   7  NormRD=  0.000000092978  Uele= -24.843545958811
   SCF=   8  NormRD=  0.000000015666  Uele= -24.843545989430
   SCF=   9  NormRD=  0.000000000468  Uele= -24.843545991816
   SCF=  10  NormRD=  0.000000000047  Uele= -24.843545991138
   SCF=  11  NormRD=  0.000000000009  Uele= -24.843545991147

*******************************************************
        Total energy (Hartree) at MD =16        
*******************************************************

  Uele.        -24.843545991147

  Ukin.        188.187054700399
  UH0.       -1512.058435160838
  UH1.           0.006078178737
  Una.        -121.024368840702
  Unl.         -60.475901611492
  Uxc0.        -16.499486477299
  Uxc1.        -16.499486477299
  Ucore.      1355.462323464336
  Uhub.          0.000000000000
  Ucs.           0.000000000000
  Uzs.           0.000000000000
  Uzo.           0.000000000000
  Uef.           0.000000000000
  UvdW.          0.000000000000
  Uch.           0.000000000000
  Utot.       -182.902222224156

  UpV.           0.000000000000
  Enpy.       -182.902222224156
  Note:

  Utot = Ukin+UH0+UH1+Una+Unl+Uxc0+Uxc1+Ucore+Uhub+Ucs+Uzs+Uzo+Uef+UvdW+Uch

  Uele:   band energy
  Ukin:   kinetic energy
  UH0:    electric part of screened Coulomb energy
  UH1:    difference electron-electron Coulomb energy
  Una:    neutral atom potential energy
  Unl:    non-local potential energy
  Uxc0:   exchange-correlation energy for alpha spin
  Uxc1:   exchange-correlation energy for beta spin
  Ucore:  core-core Coulomb energy
  Uhub:   LDA+U energy
  Ucs:    constraint energy for spin orientation
  Uzs:    Zeeman term for spin magnetic moment
  Uzo:    Zeeman term for orbital magnetic moment
  Uef:    electric energy by electric field
  UvdW:   semi-empirical vdW energy
  Uch:    penalty term to create a core hole

  UpV:    pressure times volume
  Enpy:   Enthalpy = Utot + UpV
  (see also PRB 72, 045121(2005) for the energy contributions)



  Chemical potential (Hartree)      -0.175659192526

***********************************************************
***********************************************************
                  SCF history at MD=17                    
***********************************************************
***********************************************************

   SCF=   1  NormRD=  1.000000000000  Uele= -24.837384844412
   SCF=   2  NormRD=  0.003571598022  Uele= -24.838089067530
   SCF=   3  NormRD=  0.001740063463  Uele= -24.838219616019
   SCF=   4  NormRD=  0.000076112132  Uele= -24.838420378610
   SCF=   5  NormRD=  0.000016705483  Uele= -24.838470053955
   SCF=   6  NormRD=  0.000009426391  Uele= -24.838460573040
   SCF=   7  NormRD=  0.000000291642  Uele= -24.838465402418
   SCF=   8  NormRD=  0.000000052902  Uele= -24.838465366241
   SCF=   9  NormRD=  0.000000000769  Uele= -24.838465368744
   SCF=  10  NormRD=  0.000000000155  Uele= -24.838465368655

*******************************************************
        Total energy (Hartree) at MD =17        
*******************************************************

  Uele.        -24.838465368655

  Ukin.        188.183184784690
  UH0.       -1509.615258050140
  UH1.           0.006088750025
  Una.        -121.013128023993
  Unl.         -60.478657206017
  Uxc0.        -16.498224221200
  Uxc1.        -16.498224221200
  Ucore.      1353.012016660389
  Uhub.          0.000000000000
  Ucs.           0.000000000000
  Uzs.           0.000000000000
  Uzo.           0.000000000000
  Uef.           0.000000000000
  UvdW.          0.000000000000
  Uch.           0.000000000000
  Utot.       -182.902201527445

  UpV.           0.000000000000
  Enpy.       -182.902201527445
  Note:

  Utot = Ukin+UH0+UH1+Una+Unl+Uxc0+Uxc1+Ucore+Uhub+Ucs+Uzs+Uzo+Uef+UvdW+Uch

  Uele:   band energy
  Ukin:   kinetic energy
  UH0:    electric part of screened Coulomb energy
  UH1:    difference electron-electron Coulomb energy
  Una:    neutral atom potential energy
  Unl:    non-local potential energy
  Uxc0:   exchange-correlation energy for alpha spin
  Uxc1:   exchange-correlation energy for beta spin
  Ucore:  core-core Coulomb energy
  Uhub:   LDA+U energy
  Ucs:    constraint energy for spin orientation
  Uzs:    Zeeman term for spin magnetic moment
  Uzo:    Zeeman term for orbital magnetic moment
  Uef:    electric energy by electric field
  UvdW:   semi-empirical vdW energy
  Uch:    penalty term to create a core hole

  UpV:    pressure times volume
  Enpy:   Enthalpy = Utot + UpV
  (see also PRB 72, 045121(2005) for the energy contributions)



  Chemical potential (Hartree)      -0.175699449086

***********************************************************
***********************************************************
                  SCF history at MD=18                    
***********************************************************
***********************************************************

   SCF=   1  NormRD=  1.000000000000  Uele= -24.842270791964
   SCF=   2  NormRD=  0.002064989371  Uele= -24.841860390529
   SCF=   3  NormRD=  0.001014134197  Uele= -24.841793046777
   SCF=   4  NormRD=  0.000037266264  Uele= -24.841680630389
   SCF=   5  NormRD=  0.000011356106  Uele= -24.841649696105
   SCF=   6  NormRD=  0.000005271820  Uele= -24.841655877156
   SCF=   7  NormRD=  0.000000122610  Uele= -24.841653158574
   SCF=   8  NormRD=  0.000000022747  Uele= -24.841653148548
   SCF=   9  NormRD=  0.000000000689  Uele= -24.841653148905
   SCF=  10  NormRD=  0.000000000097  Uele= -24.841653149216
   SCF=  11  NormRD=  0.000000000010  Uele= -24.841653149183

*******************************************************
        Total energy (Hartree) at MD =18        
*******************************************************

  Uele.        -24.841653149183

  Ukin.        188.185588276388
  UH0.       -1511.142735818658
  UH1.           0.006081655530
  Una.        -121.020135227986
  Unl.         -60.476937578602
  Uxc0.        -16.499016594818
  Uxc1.        -16.499016594818
  Ucore.      1354.543941265248
  Uhub.          0.000000000000
  Ucs.           0.000000000000
  Uzs.           0.000000000000
  Uzo.           0.000000000000
  Uef.           0.000000000000
  UvdW.          0.000000000000
  Uch.           0.000000000000
  Utot.       -182.902230617715

  UpV.           0.000000000000
  Enpy.       -182.902230617715
  Note:

  Utot = Ukin+UH0+UH1+Una+Unl+Uxc0+Uxc1+Ucore+Uhub+Ucs+Uzs+Uzo+Uef+UvdW+Uch

  Uele:   band energy
  Ukin:   kinetic energy
  UH0:    electric part of screened Coulomb energy
  UH1:    difference electron-electron Coulomb energy
  Una:    neutral atom potential energy
  Unl:    non-local potential energy
  Uxc0:   exchange-correlation energy for alpha spin
  Uxc1:   exchange-correlation energy for beta spin
  Ucore:  core-core Coulomb energy
  Uhub:   LDA+U energy
  Ucs:    constraint energy for spin orientation
  Uzs:    Zeeman term for spin magnetic moment
  Uzo:    Zeeman term for orbital magnetic moment
  Uef:    electric energy by electric field
  UvdW:   semi-empirical vdW energy
  Uch:    penalty term to create a core hole

  UpV:    pressure times volume
  Enpy:   Enthalpy = Utot + UpV
  (see also PRB 72, 045121(2005) for the energy contributions)



  Chemical potential (Hartree)      -0.175745413232

***********************************************************
***********************************************************
                  SCF history at MD=19                    
***********************************************************
***********************************************************

   SCF=   1  NormRD=  1.000000000000  Uele= -24.841630193563
   SCF=   2  NormRD=  0.000408657422  Uele= -24.841674919836
   SCF=   3  NormRD=  0.000202911689  Uele= -24.841683662011
   SCF=   4  NormRD=  0.000004422866  Uele= -24.841695864374
   SCF=   5  NormRD=  0.000001371305  Uele= -24.841698001124
   SCF=   6  NormRD=  0.000000770834  Uele= -24.841697041660
   SCF=   7  NormRD=  0.000000035433  Uele= -24.841697382222
   SCF=   8  NormRD=  0.000000004027  Uele= -24.841697376484
   SCF=   9  NormRD=  0.000000000110  Uele= -24.841697377110
   SCF=  10  NormRD=  0.000000000017  Uele= -24.841697377158

*******************************************************
        Total energy (Hartree) at MD =19        
*******************************************************

  Uele.        -24.841697377158

  Ukin.        188.185621043280
  UH0.       -1511.164218645449
  UH1.           0.006081745822
  Una.        -121.020226766192
  Unl.         -60.476913636057
  Uxc0.        -16.499023590532
  Uxc1.        -16.499023590532
  Ucore.      1354.565480342598
  Uhub.          0.000000000000
  Ucs.           0.000000000000
  Uzs.           0.000000000000
  Uzo.           0.000000000000
  Uef.           0.000000000000
  UvdW.          0.000000000000
  Uch.           0.000000000000
  Utot.       -182.902223097062

  UpV.           0.000000000000
  Enpy.       -182.902223097062
  Note:

  Utot = Ukin+UH0+UH1+Una+Unl+Uxc0+Uxc1+Ucore+Uhub+Ucs+Uzs+Uzo+Uef+UvdW+Uch

  Uele:   band energy
  Ukin:   kinetic energy
  UH0:    electric part of screened Coulomb energy
  UH1:    difference electron-electron Coulomb energy
  Una:    neutral atom potential energy
  Unl:    non-local potential energy
  Uxc0:   exchange-correlation energy for alpha spin
  Uxc1:   exchange-correlation energy for beta spin
  Ucore:  core-core Coulomb energy
  Uhub:   LDA+U energy
  Ucs:    constraint energy for spin orientation
  Uzs:    Zeeman term for spin magnetic moment
  Uzo:    Zeeman term for orbital magnetic moment
  Uef:    electric energy by electric field
  UvdW:   semi-empirical vdW energy
  Uch:    penalty term to create a core hole

  UpV:    pressure times volume
  Enpy:   Enthalpy = Utot + UpV
  (see also PRB 72, 045121(2005) for the energy contributions)



  Chemical potential (Hartree)      -0.175721259252

***********************************************************
***********************************************************
                  SCF history at MD=20                    
***********************************************************
***********************************************************

   SCF=   1  NormRD=  1.000000000000  Uele= -24.846503628857
   SCF=   2  NormRD=  0.024194518591  Uele= -24.846707036276
   SCF=   3  NormRD=  0.011922135191  Uele= -24.847318109442
   SCF=   4  NormRD=  0.000588328465  Uele= -24.847824887681
   SCF=   5  NormRD=  0.000041513310  Uele= -24.847738744289
   SCF=   6  NormRD=  0.000029020732  Uele= -24.847759109575
   SCF=   7  NormRD=  0.000002687908  Uele= -24.847745237639
   SCF=   8  NormRD=  0.000000266795  Uele= -24.847745902630
   SCF=   9  NormRD=  0.000000013355  Uele= -24.847745812689
   SCF=  10  NormRD=  0.000000003181  Uele= -24.847745810842
   SCF=  11  NormRD=  0.000000000175  Uele= -24.847745810640
   SCF=  12  NormRD=  0.000000000007  Uele= -24.847745810541

*******************************************************
        Total energy (Hartree) at MD =20        
*******************************************************

  Uele.        -24.847745810541

  Ukin.        188.190080494207
  UH0.       -1513.880057322458
  UH1.           0.006089968316
  Una.        -121.033766820613
  Unl.         -60.473496108906
  Uxc0.        -16.500365180967
  Uxc1.        -16.500365180967
  Ucore.      1357.290052105521
  Uhub.          0.000000000000
  Ucs.           0.000000000000
  Uzs.           0.000000000000
  Uzo.           0.000000000000
  Uef.           0.000000000000
  UvdW.          0.000000000000
  Uch.           0.000000000000
  Utot.       -182.901828045868

  UpV.           0.000000000000
  Enpy.       -182.901828045868
  Note:

  Utot = Ukin+UH0+UH1+Una+Unl+Uxc0+Uxc1+Ucore+Uhub+Ucs+Uzs+Uzo+Uef+UvdW+Uch

  Uele:   band energy
  Ukin:   kinetic energy
  UH0:    electric part of screened Coulomb energy
  UH1:    difference electron-electron Coulomb energy
  Una:    neutral atom potential energy
  Unl:    non-local potential energy
  Uxc0:   exchange-correlation energy for alpha spin
  Uxc1:   exchange-correlation energy for beta spin
  Ucore:  core-core Coulomb energy
  Uhub:   LDA+U energy
  Ucs:    constraint energy for spin orientation
  Uzs:    Zeeman term for spin magnetic moment
  Uzo:    Zeeman term for orbital magnetic moment
  Uef:    electric energy by electric field
  UvdW:   semi-empirical vdW energy
  Uch:    penalty term to create a core hole

  UpV:    pressure times volume
  Enpy:   Enthalpy = Utot + UpV
  (see also PRB 72, 045121(2005) for the energy contributions)



  Chemical potential (Hartree)      -0.174155454134

***********************************************************
***********************************************************
                  SCF history at MD=21                    
***********************************************************
***********************************************************

   SCF=   1  NormRD=  1.000000000000  Uele= -24.840379042343
   SCF=   2  NormRD=  0.013376175766  Uele= -24.841205237927
   SCF=   3  NormRD=  0.006592133050  Uele= -24.841442070151
   SCF=   4  NormRD=  0.000211755075  Uele= -24.841752279891
   SCF=   5  NormRD=  0.000020726680  Uele= -24.841798902653
   SCF=   6  NormRD=  0.000013766167  Uele= -24.841792151366
   SCF=   7  NormRD=  0.000001441444  Uele= -24.841798953705
   SCF=   8  NormRD=  0.000000151274  Uele= -24.841798502899
   SCF=   9  NormRD=  0.000000004755  Uele= -24.841798526855
   SCF=  10  NormRD=  0.000000001119  Uele= -24.841798527466
   SCF=  11  NormRD=  0.000000000042  Uele= -24.841798527440

*******************************************************
        Total energy (Hartree) at MD =21        
*******************************************************

  Uele.        -24.841798527440

  Ukin.        188.185800740681
  UH0.       -1511.266984619471
  UH1.           0.006083045335
  Una.        -121.020781252586
  Unl.         -60.476776965935
  Uxc0.        -16.499050793171
  Uxc1.        -16.499050793171
  Ucore.      1354.668611911130
  Uhub.          0.000000000000
  Ucs.           0.000000000000
  Uzs.           0.000000000000
  Uzo.           0.000000000000
  Uef.           0.000000000000
  UvdW.          0.000000000000
  Uch.           0.000000000000
  Utot.       -182.902148727190

  UpV.           0.000000000000
  Enpy.       -182.902148727190
  Note:

  Utot = Ukin+UH0+UH1+Una+Unl+Uxc0+Uxc1+Ucore+Uhub+Ucs+Uzs+Uzo+Uef+UvdW+Uch

  Uele:   band energy
  Ukin:   kinetic energy
  UH0:    electric part of screened Coulomb energy
  UH1:    difference electron-electron Coulomb energy
  Una:    neutral atom potential energy
  Unl:    non-local potential energy
  Uxc0:   exchange-correlation energy for alpha spin
  Uxc1:   exchange-correlation energy for beta spin
  Ucore:  core-core Coulomb energy
  Uhub:   LDA+U energy
  Ucs:    constraint energy for spin orientation
  Uzs:    Zeeman term for spin magnetic moment
  Uzo:    Zeeman term for orbital magnetic moment
  Uef:    electric energy by electric field
  UvdW:   semi-empirical vdW energy
  Uch:    penalty term to create a core hole

  UpV:    pressure times volume
  Enpy:   Enthalpy = Utot + UpV
  (see also PRB 72, 045121(2005) for the energy contributions)



  Chemical potential (Hartree)      -0.175497653553

***********************************************************
***********************************************************
                  SCF history at MD=22                    
***********************************************************
***********************************************************

   SCF=   1  NormRD=  1.000000000000  Uele= -24.841435337240
   SCF=   2  NormRD=  0.001316542186  Uele= -24.841602203659
   SCF=   3  NormRD=  0.000654253431  Uele= -24.841665389578
   SCF=   4  NormRD=  0.000016072743  Uele= -24.841746843901
   SCF=   5  NormRD=  0.000002184723  Uele= -24.841752417913
   SCF=   6  NormRD=  0.000001907961  Uele= -24.841751138290
   SCF=   7  NormRD=  0.000000129935  Uele= -24.841752038945
   SCF=   8  NormRD=  0.000000013746  Uele= -24.841752011656
   SCF=   9  NormRD=  0.000000000363  Uele= -24.841752014132
   SCF=  10  NormRD=  0.000000000029  Uele= -24.841752013920
   SCF=  11  NormRD=  0.000000000004  Uele= -24.841752013928

*******************************************************
        Total energy (Hartree) at MD =22        
*******************************************************

  Uele.        -24.841752013928

  Ukin.        188.185641084502
  UH0.       -1511.177736376846
  UH1.           0.006081558393
  Una.        -121.020298712493
  Unl.         -60.476897459492
  Uxc0.        -16.499032703390
  Uxc1.        -16.499032703390
  Ucore.      1354.579047397313
  Uhub.          0.000000000000
  Ucs.           0.000000000000
  Uzs.           0.000000000000
  Uzo.           0.000000000000
  Uef.           0.000000000000
  UvdW.          0.000000000000
  Uch.           0.000000000000
  Utot.       -182.902227915404

  UpV.           0.000000000000
  Enpy.       -182.902227915404
  Note:

  Utot = Ukin+UH0+UH1+Una+Unl+Uxc0+Uxc1+Ucore+Uhub+Ucs+Uzs+Uzo+Uef+UvdW+Uch

  Uele:   band energy
  Ukin:   kinetic energy
  UH0:    electric part of screened Coulomb energy
  UH1:    difference electron-electron Coulomb energy
  Una:    neutral atom potential energy
  Unl:    non-local potential energy
  Uxc0:   exchange-correlation energy for alpha spin
  Uxc1:   exchange-correlation energy for beta spin
  Ucore:  core-core Coulomb energy
  Uhub:   LDA+U energy
  Ucs:    constraint energy for spin orientation
  Uzs:    Zeeman term for spin magnetic moment
  Uzo:    Zeeman term for orbital magnetic moment
  Uef:    electric energy by electric field
  UvdW:   semi-empirical vdW energy
  Uch:    penalty term to create a core hole

  UpV:    pressure times volume
  Enpy:   Enthalpy = Utot + UpV
  (see also PRB 72, 045121(2005) for the energy contributions)



  Chemical potential (Hartree)      -0.175756501502

***********************************************************
***********************************************************
                  SCF history at MD=23                    
***********************************************************
***********************************************************

   SCF=   1  NormRD=  1.000000000000  Uele= -24.842096750624
   SCF=   2  NormRD=  0.000452460726  Uele= -24.842067437475
   SCF=   3  NormRD=  0.000214925754  Uele= -24.842037626938
   SCF=   4  NormRD=  0.000007718166  Uele= -24.842009163481
   SCF=   5  NormRD=  0.000001508802  Uele= -24.842010314211
   SCF=   6  NormRD=  0.000001078028  Uele= -24.842009092696
   SCF=   7  NormRD=  0.000000027391  Uele= -24.842009563198
   SCF=   8  NormRD=  0.000000006731  Uele= -24.842009560066
   SCF=   9  NormRD=  0.000000000076  Uele= -24.842009560421
   SCF=  10  NormRD=  0.000000000010  Uele= -24.842009560399

*******************************************************
        Total energy (Hartree) at MD =23        
*******************************************************

  Uele.        -24.842009560399

  Ukin.        188.185841280241
  UH0.       -1511.305709774902
  UH1.           0.006081005480
  Una.        -121.020877093072
  Unl.         -60.476754308756
  Uxc0.        -16.499097727587
  Uxc1.        -16.499097727587
  Ucore.      1354.707385527559
  Uhub.          0.000000000000
  Ucs.           0.000000000000
  Uzs.           0.000000000000
  Uzo.           0.000000000000
  Uef.           0.000000000000
  UvdW.          0.000000000000
  Uch.           0.000000000000
  Utot.       -182.902228818624

  UpV.           0.000000000000
  Enpy.       -182.902228818624
  Note:

  Utot = Ukin+UH0+UH1+Una+Unl+Uxc0+Uxc1+Ucore+Uhub+Ucs+Uzs+Uzo+Uef+UvdW+Uch

  Uele:   band energy
  Ukin:   kinetic energy
  UH0:    electric part of screened Coulomb energy
  UH1:    difference electron-electron Coulomb energy
  Una:    neutral atom potential energy
  Unl:    non-local potential energy
  Uxc0:   exchange-correlation energy for alpha spin
  Uxc1:   exchange-correlation energy for beta spin
  Ucore:  core-core Coulomb energy
  Uhub:   LDA+U energy
  Ucs:    constraint energy for spin orientation
  Uzs:    Zeeman term for spin magnetic moment
  Uzo:    Zeeman term for orbital magnetic moment
  Uef:    electric energy by electric field
  UvdW:   semi-empirical vdW energy
  Uch:    penalty term to create a core hole

  UpV:    pressure times volume
  Enpy:   Enthalpy = Utot + UpV
  (see also PRB 72, 045121(2005) for the energy contributions)



  Chemical potential (Hartree)      -0.175745759246

***********************************************************
***********************************************************
           Eigenvalues (Hartree) of SCF KS-eq.           
***********************************************************
***********************************************************

   Chemical Potential (Hartree) =  -0.17574575924571
   Number of States             =  28.00000000000057
   Eigenvalues
              Up-spin           Down-spin

   kloop=0
   k1=   0.00000 k2=  -0.00000 k3=   0.00000

    1   -1.46791552256389  -1.46791552256389
    2   -1.46790785142100  -1.46790785142100
    3   -1.46789150972793  -1.46789150972793
    4   -1.46756269036310  -1.46756269036310
    5   -1.46756042633850  -1.46756042633850
    6   -0.73192841069447  -0.73192841069447
    7   -0.73191655641443  -0.73191655641443
    8   -0.73190713322471  -0.73190713322471
    9   -0.72847320731806  -0.72847320731806
   10   -0.72847121484879  -0.72847121484879
   11   -0.61540768281876  -0.61540768281876
   12   -0.19453914134485  -0.19453914134485
   13   -0.17680411164038  -0.17680411164038
   14   -0.17644543315155  -0.17644543315155
   15   -0.17601865858532  -0.17601865858532
   16   -0.02884442875161  -0.02884442875161
   17   -0.02857210191409  -0.02857210191409
   18   -0.02855079790971  -0.02855079790971
   19    0.31630980593746   0.31630980593746
   20    1.08551222018356   1.08551222018356
   21    1.08943949068021   1.08943949068021
   22    1.09374772134895   1.09374772134895
   23    1.54113814583234   1.54113814583234
   24    2.21195371729189   2.21195371729189
   25    2.22225657509920   2.22225657509920
   26    2.22486701222414   2.22486701222414

   kloop=1
   k1=   0.00000 k2=  -0.00000 k3=   0.14286

    1   -1.46790067849515  -1.46790067849515
    2   -1.46788218819050  -1.46788218819050
    3   -1.46785620855807  -1.46785620855807
    4   -1.46752191230092  -1.46752191230092
    5   -1.46752116141793  -1.46752116141793
    6   -0.73212682069113  -0.73212682069113
    7   -0.73180578932432  -0.73180578932432
    8   -0.73179300778316  -0.73179300778316
    9   -0.72844053203370  -0.72844053203370
   10   -0.72843786732482  -0.72843786732482
   11   -0.60836605320487  -0.60836605320487
   12   -0.26589424465798  -0.26589424465798
   13   -0.18596418172327  -0.18596418172327
   14   -0.18555669393128  -0.18555669393128
   15   -0.13558639392500  -0.13558639392500
   16   -0.01350157136995  -0.01350157136995
   17   -0.01332278883533  -0.01332278883533
   18   -0.00436058411278  -0.00436058411278
   19    0.34145989864496   0.34145989864496
   20    1.08547894939796   1.08547894939796
   21    1.28565275774797   1.28565275774797
   22    1.28813490564117   1.28813490564117
   23    1.31350663146793   1.31350663146793
   24    2.02794910613866   2.02794910613866
   25    2.13831488788247   2.13831488788247
   26    2.14250300157838   2.14250300157838

   kloop=2
   k1=   0.00000 k2=  -0.00000 k3=   0.28571

    1   -1.46788084696448  -1.46788084696448
    2   -1.46786614156069  -1.46786614156069
    3   -1.46773648200093  -1.46773648200093
    4   -1.46742527313651  -1.46742527313651
    5   -1.46742398661226  -1.46742398661226
    6   -0.73256413081560  -0.73256413081560
    7   -0.73156423192686  -0.73156423192686
    8   -0.73155396618574  -0.73155396618574
    9   -0.72835109766907  -0.72835109766907
   10   -0.72834694869950  -0.72834694869950
   11   -0.58931018300210  -0.58931018300210
   12   -0.34153428219745  -0.34153428219745
   13   -0.20175983272904  -0.20175983272904
   14   -0.20144752768434  -0.20144752768434
   15   -0.13335693922628  -0.13335693922628
   16    0.01393796155439   0.01393796155439
   17    0.01435492213820   0.01435492213820
   18    0.06790916103508   0.06790916103508
   19    0.39082104425432   0.39082104425432
   20    0.93406734373307   0.93406734373307
   21    1.12447115745346   1.12447115745346
   22    1.23271369411296   1.23271369411296
   23    1.23633374295060   1.23633374295060
   24    2.04471857313034   2.04471857313034
   25    2.20984369414032   2.20984369414032
   26    2.21212674817687   2.21212674817687

   kloop=3
   k1=   0.00000 k2=  -0.00000 k3=   0.42857

    1   -1.46787020097906  -1.46787020097906
    2   -1.46785731273591  -1.46785731273591
    3   -1.46764105503491  -1.46764105503491
    4   -1.46734273401745  -1.46734273401745
    5   -1.46734091369242  -1.46734091369242
    6   -0.73290032695342  -0.73290032695342
    7   -0.73138971790830  -0.73138971790830
    8   -0.73138131460726  -0.73138131460726
    9   -0.72826099668677  -0.72826099668677
   10   -0.72825578148902  -0.72825578148902
   11   -0.56817024001878  -0.56817024001878
   12   -0.39304186624412  -0.39304186624412
   13   -0.21150308482571  -0.21150308482571
   14   -0.21124970998422  -0.21124970998422
   15   -0.13953246153549  -0.13953246153549
   16    0.03081029197256   0.03081029197256
   17    0.03164673816470   0.03164673816470
   18    0.13717672572204   0.13717672572204
   19    0.37554629623727   0.37554629623727
   20    0.87976424164939   0.87976424164939
   21    1.01797723366638   1.01797723366638
   22    1.01863508794037   1.01863508794037
   23    1.05097759049671   1.05097759049671
   24    2.18922151870350   2.18922151870350
   25    2.19694736846400   2.19694736846400
   26    2.28949809708450   2.28949809708450

   kloop=4
   k1=   0.00000 k2=   0.14286 k3=   0.00000

    1   -1.46790415029512  -1.46790415029512
    2   -1.46789201802766  -1.46789201802766
    3   -1.46784479701231  -1.46784479701231
    4   -1.46752278617207  -1.46752278617207
    5   -1.46751880992251  -1.46751880992251
    6   -0.73211509918232  -0.73211509918232
    7   -0.73181365896524  -0.73181365896524
    8   -0.73179848237368  -0.73179848237368
    9   -0.72843986751469  -0.72843986751469
   10   -0.72843800362425  -0.72843800362425
   11   -0.60837310140880  -0.60837310140880
   12   -0.26577285945024  -0.26577285945024
   13   -0.18618023799555  -0.18618023799555
   14   -0.18545774537432  -0.18545774537432
   15   -0.13561326609057  -0.13561326609057
   16   -0.01340653792361  -0.01340653792361
   17   -0.01327056433715  -0.01327056433715
   18   -0.00450994823767  -0.00450994823767
   19    0.34145229266390   0.34145229266390
   20    1.08488344556910   1.08488344556910
   21    1.28584815250470   1.28584815250470
   22    1.28768262276573   1.28768262276573
   23    1.31326633635681   1.31326633635681
   24    2.02822868901922   2.02822868901922
   25    2.13792503756685   2.13792503756685
   26    2.14270279491423   2.14270279491423

   kloop=5
   k1=   0.00000 k2=   0.14286 k3=   0.14286

    1   -1.46788083979773  -1.46788083979773
    2   -1.46787371046487  -1.46787371046487
    3   -1.46785749239841  -1.46785749239841
    4   -1.46754336016162  -1.46754336016162
    5   -1.46747509266885  -1.46747509266885
    6   -0.73231701906800  -0.73231701906800
    7   -0.73169204439169  -0.73169204439169
    8   -0.73168893511803  -0.73168893511803
    9   -0.72852986743084  -0.72852986743084
   10   -0.72833933950772  -0.72833933950772
   11   -0.60599526745001  -0.60599526745001
   12   -0.27001014571737  -0.27001014571737
   13   -0.20145134323860  -0.20145134323860
   14   -0.20121014320516  -0.20121014320516
   15   -0.10471246749421  -0.10471246749421
   16   -0.04751282432586  -0.04751282432586
   17    0.01163526882693   0.01163526882693
   18    0.01202846199671   0.01202846199671
   19    0.34978323706136   0.34978323706136
   20    1.07833982961796   1.07833982961796
   21    1.08341469820611   1.08341469820611
   22    1.25549732025591   1.25549732025591
   23    1.46928065381721   1.46928065381721
   24    1.97243839813433   1.97243839813433
   25    1.97503982334355   1.97503982334355
   26    2.25891186673319   2.25891186673319

   kloop=6
   k1=   0.00000 k2=   0.14286 k3=   0.28571

    1   -1.46786183958733  -1.46786183958733
    2   -1.46783900937228  -1.46783900937228
    3   -1.46777559981939  -1.46777559981939
    4   -1.46749135723579  -1.46749135723579
    5   -1.46737788309649  -1.46737788309649
    6   -0.73271186830523  -0.73271186830523
    7   -0.73146308128812  -0.73146308128812
    8   -0.73144084478258  -0.73144084478258
    9   -0.72853847863574  -0.72853847863574
   10   -0.72821435480557  -0.72821435480557
   11   -0.59075386462167  -0.59075386462167
   12   -0.32619682532366  -0.32619682532366
   13   -0.22266695752771  -0.22266695752771
   14   -0.21805304331519  -0.21805304331519
   15   -0.08791377169227  -0.08791377169227
   16   -0.03382571919521  -0.03382571919521
   17    0.04502270422765   0.04502270422765
   18    0.05944077757796   0.05944077757796
   19    0.38754412527495   0.38754412527495
   20    0.92042106610053   0.92042106610053
   21    1.10048627853616   1.10048627853616
   22    1.13276444341842   1.13276444341842
   23    1.25333857116983   1.25333857116983
   24    1.79771901375190   1.79771901375190
   25    1.87409718504108   1.87409718504108
   26    2.13977854211429   2.13977854211429

   kloop=7
   k1=   0.00000 k2=   0.14286 k3=   0.42857

    1   -1.46784420593796  -1.46784420593796
    2   -1.46782767310548  -1.46782767310548
    3   -1.46767199216092  -1.46767199216092
    4   -1.46739800241186  -1.46739800241186
    5   -1.46730040393209  -1.46730040393209
    6   -0.73304225913061  -0.73304225913061
    7   -0.73126845502914  -0.73126845502914
    8   -0.73125347045014  -0.73125347045014
    9   -0.72843644490656  -0.72843644490656
   10   -0.72814893694171  -0.72814893694171
   11   -0.56905095699704  -0.56905095699704
   12   -0.38038232906658  -0.38038232906658
   13   -0.24528331919927  -0.24528331919927
   14   -0.22525753110602  -0.22525753110602
   15   -0.09191863475739  -0.09191863475739
   16    0.00644254101666   0.00644254101666
   17    0.06043489366960   0.06043489366960
   18    0.11035438475761   0.11035438475761
   19    0.35810976550985   0.35810976550985
   20    0.80096595195246   0.80096595195246
   21    0.95629814778323   0.95629814778323
   22    0.99345765012364   0.99345765012364
   23    1.04929306878961   1.04929306878961
   24    1.75823945715902   1.75823945715902
   25    1.86595363600725   1.86595363600725
   26    2.25015072266495   2.25015072266495

   kloop=8
   k1=   0.00000 k2=   0.14286 k3=   0.57143

    1   -1.46784204165576  -1.46784204165576
    2   -1.46782370920780  -1.46782370920780
    3   -1.46764047968278  -1.46764047968278
    4   -1.46733382333817  -1.46733382333817
    5   -1.46730890875039  -1.46730890875039
    6   -0.73312064808616  -0.73312064808616
    7   -0.73124795018731  -0.73124795018731
    8   -0.73119508941198  -0.73119508941198
    9   -0.72830547276738  -0.72830547276738
   10   -0.72821539753064  -0.72821539753064
   11   -0.56014246781470  -0.56014246781470
   12   -0.39785480539167  -0.39785480539167
   13   -0.25728497876792  -0.25728497876792
   14   -0.22049972129007  -0.22049972129007
   15   -0.09563109322061  -0.09563109322061
   16    0.03173251410797   0.03173251410797
   17    0.05101482943731   0.05101482943731
   18    0.13377473648696   0.13377473648696
   19    0.32076560887720   0.32076560887720
   20    0.81172231541937   0.81172231541937
   21    0.90506088894234   0.90506088894234
   22    0.92447297511212   0.92447297511212
   23    1.03073692247893   1.03073692247893
   24    1.67764923788709   1.67764923788709
   25    1.85406147451030   1.85406147451030
   26    2.44648620930065   2.44648620930065

   kloop=9
   k1=   0.00000 k2=   0.14286 k3=   0.71429

    1   -1.46786208576348  -1.46786208576348
    2   -1.46782531244517  -1.46782531244517
    3   -1.46770006003524  -1.46770006003524
    4   -1.46739688486352  -1.46739688486352
    5   -1.46735192870774  -1.46735192870774
    6   -0.73288369998220  -0.73288369998220
    7   -0.73142595822421  -0.73142595822421
    8   -0.73128825275880  -0.73128825275880
    9   -0.72836342034533  -0.72836342034533
   10   -0.72826472475198  -0.72826472475198
   11   -0.57640621693600  -0.57640621693600
   12   -0.36409791902167  -0.36409791902167
   13   -0.25357654476469  -0.25357654476469
   14   -0.20586882157722  -0.20586882157722
   15   -0.09566183586783  -0.09566183586783
   16    0.02381031902467   0.02381031902467
   17    0.03421939728955   0.03421939728955
   18    0.08704969087999   0.08704969087999
   19    0.36918060695927   0.36918060695927
   20    0.88583957809460   0.88583957809460
   21    0.98014826144011   0.98014826144011
   22    1.10068670605192   1.10068670605192
   23    1.11075713871901   1.11075713871901
   24    1.50148205826839   1.50148205826839
   25    2.00277767773188   2.00277767773188
   26    2.27313482914978   2.27313482914978

   kloop=10
   k1=   0.00000 k2=   0.14286 k3=   0.85714

    1   -1.46788879421185  -1.46788879421185
    2   -1.46785160747979  -1.46785160747979
    3   -1.46779532412836  -1.46779532412836
    4   -1.46748975221813  -1.46748975221813
    5   -1.46743745100107  -1.46743745100107
    6   -0.73245909221659  -0.73245909221659
    7   -0.73167784769791  -0.73167784769791
    8   -0.73153542594518  -0.73153542594518
    9   -0.72845720792233  -0.72845720792233
   10   -0.72832974728802  -0.72832974728802
   11   -0.59722464892689  -0.59722464892689
   12   -0.30836393416025  -0.30836393416025
   13   -0.22786233106169  -0.22786233106169
   14   -0.18891045565394  -0.18891045565394
   15   -0.10548236420315  -0.10548236420315
   16   -0.00618552172206  -0.00618552172206
   17    0.00101781791267   0.00101781791267
   18    0.04260546228572   0.04260546228572
   19    0.37337859106873   0.37337859106873
   20    0.98852411292692   0.98852411292692
   21    1.09996381624116   1.09996381624116
   22    1.25724937543619   1.25724937543619
   23    1.53346108997986   1.53346108997986
   24    1.57868660898563   1.57868660898563
   25    2.13364409174849   2.13364409174849
   26    2.26944272041668   2.26944272041668

   kloop=11
   k1=   0.00000 k2=   0.28571 k3=   0.00000

    1   -1.46788617329467  -1.46788617329467
    2   -1.46787675022214  -1.46787675022214
    3   -1.46772534027707  -1.46772534027707
    4   -1.46742606313538  -1.46742606313538
    5   -1.46741972357304  -1.46741972357304
    6   -0.73255271570672  -0.73255271570672
    7   -0.73157362380648  -0.73157362380648
    8   -0.73156103521341  -0.73156103521341
    9   -0.72834910204785  -0.72834910204785
   10   -0.72834738581156  -0.72834738581156
   11   -0.58934077180063  -0.58934077180063
   12   -0.34137607696394  -0.34137607696394
   13   -0.20198494137690  -0.20198494137690
   14   -0.20126555809587  -0.20126555809587
   15   -0.13345891823495  -0.13345891823495
   16    0.01390545902445   0.01390545902445
   17    0.01438566047314   0.01438566047314
   18    0.06779448927108   0.06779448927108
   19    0.39083204956141   0.39083204956141
   20    0.93346409356872   0.93346409356872
   21    1.12321312675357   1.12321312675357
   22    1.23399732505557   1.23399732505557
   23    1.23482307805926   1.23482307805926
   24    2.04565345625006   2.04565345625006
   25    2.20858618131952   2.20858618131952
   26    2.21321979731060   2.21321979731060

   kloop=12
   k1=   0.00000 k2=   0.28571 k3=   0.14286

    1   -1.46787055888904  -1.46787055888904
    2   -1.46784467887726  -1.46784467887726
    3   -1.46776468037655  -1.46776468037655
    4   -1.46749081896711  -1.46749081896711
    5   -1.46737586457567  -1.46737586457567
    6   -0.73270567308647  -0.73270567308647
    7   -0.73147084677817  -0.73147084677817
    8   -0.73144264728756  -0.73144264728756
    9   -0.72853804879891  -0.72853804879891
   10   -0.72821383266737  -0.72821383266737
   11   -0.59077491728691  -0.59077491728691
   12   -0.32603852741938  -0.32603852741938
   13   -0.22285661270934  -0.22285661270934
   14   -0.21800846384391  -0.21800846384391
   15   -0.08793304732202  -0.08793304732202
   16   -0.03369887226604  -0.03369887226604
   17    0.04491075707040   0.04491075707040
   18    0.05934204713806   0.05934204713806
   19    0.38754459404481   0.38754459404481
   20    0.91991077417821   0.91991077417821
   21    1.10019638296933   1.10019638296933
   22    1.13232856028317   1.13232856028317
   23    1.25322918150046   1.25322918150046
   24    1.79775887101798   1.79775887101798
   25    1.87301862935592   1.87301862935592
   26    2.13954497211848   2.13954497211848

   kloop=13
   k1=   0.00000 k2=   0.28571 k3=   0.28571

    1   -1.46780238817964  -1.46780238817964
    2   -1.46779833725145  -1.46779833725145
    3   -1.46777919877728  -1.46777919877728
    4   -1.46750345017552  -1.46750345017552
    5   -1.46728120889721  -1.46728120889721
    6   -0.73312426165721  -0.73312426165721
    7   -0.73117317430506  -0.73117317430506
    8   -0.73116884390312  -0.73116884390312
    9   -0.72869446223628  -0.72869446223628
   10   -0.72804113690496  -0.72804113690496
   11   -0.58007435323008  -0.58007435323008
   12   -0.34545237409676  -0.34545237409676
   13   -0.23718904489870  -0.23718904489870
   14   -0.23696248603929  -0.23696248603929
   15   -0.08144597048115  -0.08144597048115
   16   -0.04628554561626  -0.04628554561626
   17    0.09010725491399   0.09010725491399
   18    0.09068895406819   0.09068895406819
   19    0.40208891565893   0.40208891565893
   20    0.79743627675835   0.79743627675835
   21    0.98805808340775   0.98805808340775
   22    0.99091185293914   0.99091185293914
   23    1.05889190230330   1.05889190230330
   24    1.75939122863056   1.75939122863056
   25    1.76213892374138   1.76213892374138
   26    1.91587430597140   1.91587430597140

   kloop=14
   k1=   0.00000 k2=   0.28571 k3=   0.42857

    1   -1.46778503333775  -1.46778503333775
    2   -1.46776821354501  -1.46776821354501
    3   -1.46770953940669  -1.46770953940669
    4   -1.46745787093252  -1.46745787093252
    5   -1.46720570395816  -1.46720570395816
    6   -0.73342084012912  -0.73342084012912
    7   -0.73096546857358  -0.73096546857358
    8   -0.73096240544420  -0.73096240544420
    9   -0.72869782665243  -0.72869782665243
   10   -0.72795087560549  -0.72795087560549
   11   -0.56157543890707  -0.56157543890707
   12   -0.38124889245147  -0.38124889245147
   13   -0.26398474074886  -0.26398474074886
   14   -0.24580728497416  -0.24580728497416
   15   -0.06940341386286  -0.06940341386286
   16   -0.03147324247119  -0.03147324247119
   17    0.11626856869047   0.11626856869047
   18    0.11832006731943   0.11832006731943
   19    0.34462638960057   0.34462638960057
   20    0.68340677711668   0.68340677711668
   21    0.90656198394249   0.90656198394249
   22    0.92511410712198   0.92511410712198
   23    0.95213192982145   0.95213192982145
   24    1.67492614787181   1.67492614787181
   25    1.71363318341818   1.71363318341818
   26    1.89785706497680   1.89785706497680

   kloop=15
   k1=   0.00000 k2=   0.28571 k3=   0.57143

    1   -1.46778421255997  -1.46778421255997
    2   -1.46775884933276  -1.46775884933276
    3   -1.46766905495701  -1.46766905495701
    4   -1.46738232259915  -1.46738232259915
    5   -1.46721631681824  -1.46721631681824
    6   -0.73346615593280  -0.73346615593280
    7   -0.73095493953964  -0.73095493953964
    8   -0.73092230975528  -0.73092230975528
    9   -0.72853831922836  -0.72853831922836
   10   -0.72803586802664  -0.72803586802664
   11   -0.54911588050936  -0.54911588050936
   12   -0.39995129305166  -0.39995129305166
   13   -0.29166177919991  -0.29166177919991
   14   -0.24116112453034  -0.24116112453034
   15   -0.06704469021581  -0.06704469021581
   16    0.02414061637087   0.02414061637087
   17    0.10436270198423   0.10436270198423
   18    0.12084483394385   0.12084483394385
   19    0.25927216346343   0.25927216346343
   20    0.69999621716135   0.69999621716135
   21    0.78802164120518   0.78802164120518
   22    0.90873522919436   0.90873522919436
   23    0.95149799477294   0.95149799477294
   24    1.58940742670243   1.58940742670243
   25    1.67329579241546   1.67329579241546
   26    2.23777868459365   2.23777868459365

   kloop=16
   k1=   0.00000 k2=   0.28571 k3=   0.71429

    1   -1.46781923203751  -1.46781923203751
    2   -1.46777331874796  -1.46777331874796
    3   -1.46767407835576  -1.46767407835576
    4   -1.46733280940652  -1.46733280940652
    5   -1.46730477805112  -1.46730477805112
    6   -0.73325654639720  -0.73325654639720
    7   -0.73115193303729  -0.73115193303729
    8   -0.73103818125174  -0.73103818125174
    9   -0.72834521351690  -0.72834521351690
   10   -0.72822970618374  -0.72822970618374
   11   -0.55788805526092  -0.55788805526092
   12   -0.38702775418841  -0.38702775418841
   13   -0.29293095511771  -0.29293095511771
   14   -0.22504648674637  -0.22504648674637
   15   -0.06901899448976  -0.06901899448976
   16    0.06036351773994   0.06036351773994
   17    0.06437888791695   0.06437888791695
   18    0.08989235627024   0.08989235627024
   19    0.28009543369763   0.28009543369763
   20    0.80325280702363   0.80325280702363
   21    0.81009004302304   0.81009004302304
   22    0.92505242128006   0.92505242128006
   23    0.99208383748379   0.99208383748379
   24    1.39433599996917   1.39433599996917
   25    1.73170380590167   1.73170380590167
   26    2.40079839027226   2.40079839027226

   kloop=17
   k1=   0.00000 k2=   0.28571 k3=   0.85714

    1   -1.46786464174338  -1.46786464174338
    2   -1.46783479705807  -1.46783479705807
    3   -1.46769104510878  -1.46769104510878
    4   -1.46739509175716  -1.46739509175716
    5   -1.46735160326549  -1.46735160326549
    6   -0.73287892066044  -0.73287892066044
    7   -0.73142836949942  -0.73142836949942
    8   -0.73129411089913  -0.73129411089913
    9   -0.72836279443408  -0.72836279443408
   10   -0.72826425087267  -0.72826425087267
   11   -0.57643237022081  -0.57643237022081
   12   -0.36398420432843  -0.36398420432843
   13   -0.25364926265161  -0.25364926265161
   14   -0.20582520199802  -0.20582520199802
   15   -0.09572726581792  -0.09572726581792
   16    0.02366760054309   0.02366760054309
   17    0.03438116625301   0.03438116625301
   18    0.08693396728735   0.08693396728735
   19    0.36919473901548   0.36919473901548
   20    0.88552818302799   0.88552818302799
   21    0.98036858419104   0.98036858419104
   22    1.10120161755826   1.10120161755826
   23    1.10915680795687   1.10915680795687
   24    1.50190859960042   1.50190859960042
   25    2.00288031899996   2.00288031899996
   26    2.27349333747577   2.27349333747577

   kloop=18
   k1=   0.00000 k2=   0.42857 k3=   0.00000

    1   -1.46787642522078  -1.46787642522078
    2   -1.46786865295922  -1.46786865295922
    3   -1.46762969157211  -1.46762969157211
    4   -1.46734329382138  -1.46734329382138
    5   -1.46733618545815  -1.46733618545815
    6   -0.73288907134982  -0.73288907134982
    7   -0.73140026547850  -0.73140026547850
    8   -0.73138949852646  -0.73138949852646
    9   -0.72825819467788  -0.72825819467788
   10   -0.72825643799751  -0.72825643799751
   11   -0.56823967333019  -0.56823967333019
   12   -0.39283996083822  -0.39283996083822
   13   -0.21174021444838  -0.21174021444838
   14   -0.21101864010676  -0.21101864010676
   15   -0.13964229783779  -0.13964229783779
   16    0.03076907071026   0.03076907071026
   17    0.03159004202635   0.03159004202635
   18    0.13700430567628   0.13700430567628
   19    0.37558770978065   0.37558770978065
   20    0.87931664054564   0.87931664054564
   21    1.01723280882813   1.01723280882813
   22    1.01922701589350   1.01922701589350
   23    1.04989641099647   1.04989641099647
   24    2.18792081654613   2.18792081654613
   25    2.19694706729613   2.19694706729613
   26    2.29181227630945   2.29181227630945

   kloop=19
   k1=   0.00000 k2=   0.42857 k3=   0.14286

    1   -1.46785293842809  -1.46785293842809
    2   -1.46783505255479  -1.46783505255479
    3   -1.46766092012669  -1.46766092012669
    4   -1.46739751842294  -1.46739751842294
    5   -1.46729747964311  -1.46729747964311
    6   -0.73303472097896  -0.73303472097896
    7   -0.73127863650195  -0.73127863650195
    8   -0.73125671318963  -0.73125671318963
    9   -0.72843568708085  -0.72843568708085
   10   -0.72814811105526  -0.72814811105526
   11   -0.56910618083858  -0.56910618083858
   12   -0.38017972919086  -0.38017972919086
   13   -0.24544804746281  -0.24544804746281
   14   -0.22519754010026  -0.22519754010026
   15   -0.09197330877011  -0.09197330877011
   16    0.00665046636306   0.00665046636306
   17    0.06021723422648   0.06021723422648
   18    0.11013675782994   0.11013675782994
   19    0.35815197507738   0.35815197507738
   20    0.80067858580390   0.80067858580390
   21    0.95615630402107   0.95615630402107
   22    0.99333191679216   0.99333191679216
   23    1.04839089580080   1.04839089580080
   24    1.75813882297460   1.75813882297460
   25    1.86525190567539   1.86525190567539
   26    2.25077351128099   2.25077351128099

   kloop=20
   k1=   0.00000 k2=   0.42857 k3=   0.28571

    1   -1.46779183719320  -1.46779183719320
    2   -1.46777396934969  -1.46777396934969
    3   -1.46769918732733  -1.46769918732733
    4   -1.46745751296463  -1.46745751296463
    5   -1.46720458291344  -1.46720458291344
    6   -0.73341854526107  -0.73341854526107
    7   -0.73097024575336  -0.73097024575336
    8   -0.73096245442334  -0.73096245442334
    9   -0.72869753613868  -0.72869753613868
   10   -0.72795057475703  -0.72795057475703
   11   -0.56160441444028  -0.56160441444028
   12   -0.38113112717359  -0.38113112717359
   13   -0.26410061368834  -0.26410061368834
   14   -0.24578794602767  -0.24578794602767
   15   -0.06941265697377  -0.06941265697377
   16   -0.03135078397305  -0.03135078397305
   17    0.11604258817633   0.11604258817633
   18    0.11827478420407   0.11827478420407
   19    0.34467082774495   0.34467082774495
   20    0.68339842049101   0.68339842049101
   21    0.90645514814943   0.90645514814943
   22    0.92522697711423   0.92522697711423
   23    0.95166553246285   0.95166553246285
   24    1.67480389574882   1.67480389574882
   25    1.71305695634787   1.71305695634787
   26    1.89754877494507   1.89754877494507

   kloop=21
   k1=   0.00000 k2=   0.42857 k3=   0.42857

    1   -1.46773998517556  -1.46773998517556
    2   -1.46773855377051  -1.46773855377051
    3   -1.46771112559898  -1.46771112559898
    4   -1.46747664831675  -1.46747664831675
    5   -1.46712567923343  -1.46712567923343
    6   -0.73370595183945  -0.73370595183945
    7   -0.73074648645165  -0.73074648645165
    8   -0.73074184905000  -0.73074184905000
    9   -0.72884829529703  -0.72884829529703
   10   -0.72780193164793  -0.72780193164793
   11   -0.54939931511882  -0.54939931511882
   12   -0.40110341130539  -0.40110341130539
   13   -0.25807225071027  -0.25807225071027
   14   -0.25784565896636  -0.25784565896636
   15   -0.08075835162419  -0.08075835162419
   16   -0.05839000112897  -0.05839000112897
   17    0.15839637056722   0.15839637056722
   18    0.15886962330263   0.15886962330263
   19    0.34841508574609   0.34841508574609
   20    0.67676088477368   0.67676088477368
   21    0.85989785194355   0.85989785194355
   22    0.86207694764540   0.86207694764540
   23    0.87882247939177   0.87882247939177
   24    1.55908834974658   1.55908834974658
   25    1.68972201082638   1.68972201082638
   26    1.69442756453617   1.69442756453617

   kloop=22
   k1=   0.00000 k2=   0.42857 k3=   0.57143

    1   -1.46774342672138  -1.46774342672138
    2   -1.46772890954805  -1.46772890954805
    3   -1.46769180009860  -1.46769180009860
    4   -1.46744631255037  -1.46744631255037
    5   -1.46713042628138  -1.46713042628138
    6   -0.73371375136641  -0.73371375136641
    7   -0.73074173448007  -0.73074173448007
    8   -0.73073406502895  -0.73073406502895
    9   -0.72877848813533  -0.72877848813533
   10   -0.72784053389277  -0.72784053389277
   11   -0.54301824730600  -0.54301824730600
   12   -0.40836433149368  -0.40836433149368
   13   -0.27912573521129  -0.27912573521129
   14   -0.25600965894055  -0.25600965894055
   15   -0.06937760355820  -0.06937760355820
   16   -0.03633762284385  -0.03633762284385
   17    0.15291601180506   0.15291601180506
   18    0.15478689827483   0.15478689827483
   19    0.29591561316837   0.29591561316837
   20    0.65043828825338   0.65043828825338
   21    0.80348587879426   0.80348587879426
   22    0.83464295909988   0.83464295909988
   23    0.96141299717421   0.96141299717421
   24    1.59328143695791   1.59328143695791
   25    1.67428328622868   1.67428328622868
   26    1.80081203904506   1.80081203904506

   kloop=23
   k1=   0.00000 k2=   0.42857 k3=   0.71429

    1   -1.46778555543942  -1.46778555543942
    2   -1.46776867973079  -1.46776867973079
    3   -1.46765985115055  -1.46765985115055
    4   -1.46738219815275  -1.46738219815275
    5   -1.46721519591468  -1.46721519591468
    6   -0.73346392968875  -0.73346392968875
    7   -0.73095704661516  -0.73095704661516
    8   -0.73092498739645  -0.73092498739645
    9   -0.72853799836696  -0.72853799836696
   10   -0.72803554369716  -0.72803554369716
   11   -0.54915310342996  -0.54915310342996
   12   -0.39982947669380  -0.39982947669380
   13   -0.29175329126989  -0.29175329126989
   14   -0.24114074358898  -0.24114074358898
   15   -0.06706100966562  -0.06706100966562
   16    0.02428772757272   0.02428772757272
   17    0.10425104640785   0.10425104640785
   18    0.12064298874091   0.12064298874091
   19    0.25933827049214   0.25933827049214
   20    0.70003481348065   0.70003481348065
   21    0.78801782787536   0.78801782787536
   22    0.90850611021603   0.90850611021603
   23    0.95131056380223   0.95131056380223
   24    1.58920697839233   1.58920697839233
   25    1.67324829089309   1.67324829089309
   26    2.23801487594324   2.23801487594324

   kloop=24
   k1=   0.00000 k2=   0.42857 k3=   0.85714

    1   -1.46784597386404  -1.46784597386404
    2   -1.46783547904585  -1.46783547904585
    3   -1.46762954691817  -1.46762954691817
    4   -1.46733381129956  -1.46733381129956
    5   -1.46730577759322  -1.46730577759322
    6   -0.73311372509093  -0.73311372509093
    7   -0.73125235693110  -0.73125235693110
    8   -0.73120354894342  -0.73120354894342
    9   -0.72830462857956  -0.72830462857956
   10   -0.72821456618555  -0.72821456618555
   11   -0.56020779037326  -0.56020779037326
   12   -0.39766125130658  -0.39766125130658
   13   -0.25740378631557  -0.25740378631557
   14   -0.22043692307597  -0.22043692307597
   15   -0.09569670404195  -0.09569670404195
   16    0.03191309794571   0.03191309794571
   17    0.05079720756646   0.05079720756646
   18    0.13356069402052   0.13356069402052
   19    0.32082505532625   0.32082505532625
   20    0.81165188571022   0.81165188571022
   21    0.90469757740508   0.90469757740508
   22    0.92461428897292   0.92461428897292
   23    1.02985201142653   1.02985201142653
   24    1.67750869084555   1.67750869084555
   25    1.85408026623915   1.85408026623915
   26    2.44777855178214   2.44777855178214

   kloop=25
   k1=   0.14286 k2=  -0.00000 k3=   0.00000

    1   -1.46789669493350  -1.46789669493350
    2   -1.46788218991327  -1.46788218991327
    3   -1.46785936945193  -1.46785936945193
    4   -1.46752272714323  -1.46752272714323
    5   -1.46752105182526  -1.46752105182526
    6   -0.73212776787837  -0.73212776787837
    7   -0.73180423298311  -0.73180423298311
    8   -0.73179285214234  -0.73179285214234
    9   -0.72844035799287  -0.72844035799287
   10   -0.72843810166161  -0.72843810166161
   11   -0.60837262365956  -0.60837262365956
   12   -0.26601294473502  -0.26601294473502
   13   -0.18589558798336  -0.18589558798336
   14   -0.18547057400339  -0.18547057400339
   15   -0.13550825582625  -0.13550825582625
   16   -0.01344492941874  -0.01344492941874
   17   -0.01330621839346  -0.01330621839346
   18   -0.00445539352537  -0.00445539352537
   19    0.34139421788426   0.34139421788426
   20    1.08467028124392   1.08467028124392
   21    1.28552474072482   1.28552474072482
   22    1.28773419609940   1.28773419609940
   23    1.31468235787582   1.31468235787582
   24    2.02633567589502   2.02633567589502
   25    2.13762343676172   2.13762343676172
   26    2.14148532942569   2.14148532942569

   kloop=26
   k1=   0.14286 k2=  -0.00000 k3=   0.14286

    1   -1.46788158585489  -1.46788158585489
    2   -1.46787307004689  -1.46787307004689
    3   -1.46785751107468  -1.46785751107468
    4   -1.46754210225189  -1.46754210225189
    5   -1.46747628704994  -1.46747628704994
    6   -0.73231658174230  -0.73231658174230
    7   -0.73170122699471  -0.73170122699471
    8   -0.73168066538008  -0.73168066538008
    9   -0.72853076253832  -0.72853076253832
   10   -0.72833863128367  -0.72833863128367
   11   -0.60598772953608  -0.60598772953608
   12   -0.26994581591129  -0.26994581591129
   13   -0.20168866566370  -0.20168866566370
   14   -0.20109980715992  -0.20109980715992
   15   -0.10469619403542  -0.10469619403542
   16   -0.04761088260484  -0.04761088260484
   17    0.01174896075376   0.01174896075376
   18    0.01197703843896   0.01197703843896
   19    0.34980660964995   0.34980660964995
   20    1.08028088644459   1.08028088644459
   21    1.08357668186569   1.08357668186569
   22    1.25513031578476   1.25513031578476
   23    1.46952649954700   1.46952649954700
   24    1.97246892287580   1.97246892287580
   25    1.97499557447454   1.97499557447454
   26    2.25986654416567   2.25986654416567

   kloop=27
   k1=   0.14286 k2=  -0.00000 k3=   0.28571

    1   -1.46786990184656  -1.46786990184656
    2   -1.46783145834382  -1.46783145834382
    3   -1.46777653154493  -1.46777653154493
    4   -1.46749056960776  -1.46749056960776
    5   -1.46737765315608  -1.46737765315608
    6   -0.73270996079971  -0.73270996079971
    7   -0.73147529915112  -0.73147529915112
    8   -0.73143242519901  -0.73143242519901
    9   -0.72853990875239  -0.72853990875239
   10   -0.72821314010801  -0.72821314010801
   11   -0.59074092842253  -0.59074092842253
   12   -0.32610557697673  -0.32610557697673
   13   -0.22290323577502  -0.22290323577502
   14   -0.21794487681482  -0.21794487681482
   15   -0.08792282871639  -0.08792282871639
   16   -0.03396773370853  -0.03396773370853
   17    0.04482569703026   0.04482569703026
   18    0.05961428492414   0.05961428492414
   19    0.38773902795162   0.38773902795162
   20    0.92110652800597   0.92110652800597
   21    1.10144339292587   1.10144339292587
   22    1.13180229502226   1.13180229502226
   23    1.25709661684405   1.25709661684405
   24    1.79836645505479   1.79836645505479
   25    1.87509734150286   1.87509734150286
   26    2.14161641657915   2.14161641657915

   kloop=28
   k1=   0.14286 k2=  -0.00000 k3=   0.42857

    1   -1.46784945855509  -1.46784945855509
    2   -1.46782218102627  -1.46782218102627
    3   -1.46767244808551  -1.46767244808551
    4   -1.46739888261566  -1.46739888261566
    5   -1.46729960316661  -1.46729960316661
    6   -0.73304142096295  -0.73304142096295
    7   -0.73127716103186  -0.73127716103186
    8   -0.73124654018102  -0.73124654018102
    9   -0.72843857447711  -0.72843857447711
   10   -0.72814737475827  -0.72814737475827
   11   -0.56903812929689  -0.56903812929689
   12   -0.38034998333564  -0.38034998333564
   13   -0.24541719255637  -0.24541719255637
   14   -0.22516224862419  -0.22516224862419
   15   -0.09194461506080  -0.09194461506080
   16    0.00661162382607   0.00661162382607
   17    0.06005291384782   0.06005291384782
   18    0.11033969039899   0.11033969039899
   19    0.35841111636146   0.35841111636146
   20    0.80282578339659   0.80282578339659
   21    0.95663599582253   0.95663599582253
   22    0.99397785851375   0.99397785851375
   23    1.04874742948929   1.04874742948929
   24    1.75974106193256   1.75974106193256
   25    1.86569435080667   1.86569435080667
   26    2.25177110390016   2.25177110390016

   kloop=29
   k1=   0.14286 k2=  -0.00000 k3=   0.57143

    1   -1.46783472041917  -1.46783472041917
    2   -1.46782950881269  -1.46782950881269
    3   -1.46764054473870  -1.46764054473870
    4   -1.46733574462151  -1.46733574462151
    5   -1.46730822040332  -1.46730822040332
    6   -0.73312125795677  -0.73312125795677
    7   -0.73124066038534  -0.73124066038534
    8   -0.73120074457373  -0.73120074457373
    9   -0.72830742324225  -0.72830742324225
   10   -0.72821384507774  -0.72821384507774
   11   -0.56013847387215  -0.56013847387215
   12   -0.39785974980556  -0.39785974980556
   13   -0.25736447610917  -0.25736447610917
   14   -0.22040569424711  -0.22040569424711
   15   -0.09564818410296  -0.09564818410296
   16    0.03218605788611   0.03218605788611
   17    0.05058114517543   0.05058114517543
   18    0.13379014127654   0.13379014127654
   19    0.32062927578278   0.32062927578278
   20    0.81291338412884   0.81291338412884
   21    0.90511337980475   0.90511337980475
   22    0.92385080411137   0.92385080411137
   23    1.03052603152000   1.03052603152000
   24    1.67699541381325   1.67699541381325
   25    1.85547190443322   1.85547190443322
   26    2.44744713033013   2.44744713033013

   kloop=30
   k1=   0.14286 k2=  -0.00000 k3=   0.71429

    1   -1.46785136987460  -1.46785136987460
    2   -1.46783181997657  -1.46783181997657
    3   -1.46770135395623  -1.46770135395623
    4   -1.46739685540685  -1.46739685540685
    5   -1.46735413178509  -1.46735413178509
    6   -0.73288665979907  -0.73288665979907
    7   -0.73141780501824  -0.73141780501824
    8   -0.73129049732542  -0.73129049732542
    9   -0.72836216225092  -0.72836216225092
   10   -0.72826619709374  -0.72826619709374
   11   -0.57641089932604  -0.57641089932604
   12   -0.36415674417309  -0.36415674417309
   13   -0.25360897032607  -0.25360897032607
   14   -0.20576057752661  -0.20576057752661
   15   -0.09564081437677  -0.09564081437677
   16    0.02352078451016   0.02352078451016
   17    0.03469502507510   0.03469502507510
   18    0.08712191397572   0.08712191397572
   19    0.36879461306604   0.36879461306604
   20    0.88594985259685   0.88594985259685
   21    0.98039724140369   0.98039724140369
   22    1.09988916810460   1.09988916810460
   23    1.10953853435468   1.10953853435468
   24    1.50117848607169   1.50117848607169
   25    2.00222771634029   2.00222771634029
   26    2.27199202958912   2.27199202958912

   kloop=31
   k1=   0.14286 k2=  -0.00000 k3=   0.85714

    1   -1.46787576050871  -1.46787576050871
    2   -1.46785246740321  -1.46785246740321
    3   -1.46780357425941  -1.46780357425941
    4   -1.46749099831941  -1.46749099831941
    5   -1.46743925012576  -1.46743925012576
    6   -0.73246659624141  -0.73246659624141
    7   -0.73166806293564  -0.73166806293564
    8   -0.73153385716897  -0.73153385716897
    9   -0.72845654064148  -0.72845654064148
   10   -0.72833095885480  -0.72833095885480
   11   -0.59722951168651  -0.59722951168651
   12   -0.30855097238929  -0.30855097238929
   13   -0.22778781277411  -0.22778781277411
   14   -0.18877555775719  -0.18877555775719
   15   -0.10538595110633  -0.10538595110633
   16   -0.00631654431323  -0.00631654431323
   17    0.00137601516187   0.00137601516187
   18    0.04251354103788   0.04251354103788
   19    0.37317851358655   0.37317851358655
   20    0.98790583543063   0.98790583543063
   21    1.10052499754613   1.10052499754613
   22    1.25779238186193   1.25779238186193
   23    1.53133997137882   1.53133997137882
   24    1.57766218510911   1.57766218510911
   25    2.13153243710225   2.13153243710225
   26    2.26556606883558   2.26556606883558

   kloop=32
   k1=   0.14286 k2=   0.14286 k3=   0.00000

    1   -1.46788093819473  -1.46788093819473
    2   -1.46787363096289  -1.46787363096289
    3   -1.46785743724280  -1.46785743724280
    4   -1.46754402709349  -1.46754402709349
    5   -1.46747435503224  -1.46747435503224
    6   -0.73231738166003  -0.73231738166003
    7   -0.73169149561241  -0.73169149561241
    8   -0.73168861100817  -0.73168861100817
    9   -0.72852839905417  -0.72852839905417
   10   -0.72834058788883  -0.72834058788883
   11   -0.60600319203713  -0.60600319203713
   12   -0.27007685896637  -0.27007685896637
   13   -0.20147510571569  -0.20147510571569
   14   -0.20105450990500  -0.20105450990500
   15   -0.10473033249063  -0.10473033249063
   16   -0.04740691577551  -0.04740691577551
   17    0.01168364117367   0.01168364117367
   18    0.01191406405632   0.01191406405632
   19    0.34976103279311   0.34976103279311
   20    1.07814732403469   1.07814732403469
   21    1.08140622513032   1.08140622513032
   22    1.25587842288911   1.25587842288911
   23    1.46904443739893   1.46904443739893
   24    1.97253778621253   1.97253778621253
   25    1.97500060961435   1.97500060961435
   26    2.25784725301997   2.25784725301997

   kloop=33
   k1=   0.14286 k2=   0.14286 k3=   0.14286

    1   -1.46790577077778  -1.46790577077778
    2   -1.46789765158205  -1.46789765158205
    3   -1.46783926367465  -1.46783926367465
    4   -1.46752155607958  -1.46752155607958
    5   -1.46751853043509  -1.46751853043509
    6   -0.73211516458670  -0.73211516458670
    7   -0.73181348702644  -0.73181348702644
    8   -0.73180050532193  -0.73180050532193
    9   -0.72843993761531  -0.72843993761531
   10   -0.72843782146323  -0.72843782146323
   11   -0.60835230941932  -0.60835230941932
   12   -0.26545263658893  -0.26545263658893
   13   -0.18621384231889  -0.18621384231889
   14   -0.18585053857164  -0.18585053857164
   15   -0.13583462783988  -0.13583462783988
   16   -0.01360079075705  -0.01360079075705
   17   -0.01329106310722  -0.01329106310722
   18   -0.00423308668108  -0.00423308668108
   19    0.34165026112894   0.34165026112894
   20    1.08737131934440   1.08737131934440
   21    1.28654830766127   1.28654830766127
   22    1.28863509523882   1.28863509523882
   23    1.31002056477598   1.31002056477598
   24    2.03295672224146   2.03295672224146
   25    2.14223082957444   2.14223082957444
   26    2.14337425511738   2.14337425511738

   kloop=34
   k1=   0.14286 k2=   0.14286 k3=   0.28571

    1   -1.46789305758068  -1.46789305758068
    2   -1.46785345685162  -1.46785345685162
    3   -1.46779140245529  -1.46779140245529
    4   -1.46748889925127  -1.46748889925127
    5   -1.46743652044810  -1.46743652044810
    6   -0.73246051593133  -0.73246051593133
    7   -0.73167816105025  -0.73167816105025
    8   -0.73153681554504  -0.73153681554504
    9   -0.72845898335448  -0.72845898335448
   10   -0.72832819277265  -0.72832819277265
   11   -0.59717940708704  -0.59717940708704
   12   -0.30821213848251  -0.30821213848251
   13   -0.22785628675742  -0.22785628675742
   14   -0.18907725069266  -0.18907725069266
   15   -0.10585481434034  -0.10585481434034
   16   -0.00630006722113  -0.00630006722113
   17    0.00063141044368   0.00063141044368
   18    0.04300182795609   0.04300182795609
   19    0.37391353234807   0.37391353234807
   20    0.98927986288474   0.98927986288474
   21    1.10154269988543   1.10154269988543
   22    1.25554422987705   1.25554422987705
   23    1.53991137661091   1.53991137661091
   24    1.58278083572181   1.58278083572181
   25    2.13868800903917   2.13868800903917
   26    2.27624788238281   2.27624788238281

   kloop=35
   k1=   0.14286 k2=   0.14286 k3=   0.42857

    1   -1.46786541829866  -1.46786541829866
    2   -1.46782388425976  -1.46782388425976
    3   -1.46769951883930  -1.46769951883930
    4   -1.46739646364807  -1.46739646364807
    5   -1.46735133011623  -1.46735133011623
    6   -0.73288542030764  -0.73288542030764
    7   -0.73142551558971  -0.73142551558971
    8   -0.73128928929503  -0.73128928929503
    9   -0.72836597239290  -0.72836597239290
   10   -0.72826261790663  -0.72826261790663
   11   -0.57635445503545  -0.57635445503545
   12   -0.36411184338454  -0.36411184338454
   13   -0.25346458869782  -0.25346458869782
   14   -0.20598692291362  -0.20598692291362
   15   -0.09586339042849  -0.09586339042849
   16    0.02386815129756   0.02386815129756
   17    0.03383625009541   0.03383625009541
   18    0.08700177258192   0.08700177258192
   19    0.37002314476069   0.37002314476069
   20    0.88598958364672   0.88598958364672
   21    0.98171298042055   0.98171298042055
   22    1.10454494534757   1.10454494534757
   23    1.10965836569043   1.10965836569043
   24    1.50331036357092   1.50331036357092
   25    2.00294764023214   2.00294764023214
   26    2.27679192107352   2.27679192107352

   kloop=36
   k1=   0.14286 k2=   0.14286 k3=   0.57143

    1   -1.46784395730808  -1.46784395730808
    2   -1.46782255337171  -1.46782255337171
    3   -1.46764049989476  -1.46764049989476
    4   -1.46733354235139  -1.46733354235139
    5   -1.46730847395839  -1.46730847395839
    6   -0.73312126970414  -0.73312126970414
    7   -0.73124723694042  -0.73124723694042
    8   -0.73119595668490  -0.73119595668490
    9   -0.72830245847602  -0.72830245847602
   10   -0.72821826851680  -0.72821826851680
   11   -0.56012736235336  -0.56012736235336
   12   -0.39785739282545  -0.39785739282545
   13   -0.25722110229834  -0.25722110229834
   14   -0.22061630814936  -0.22061630814936
   15   -0.09568552363652  -0.09568552363652
   16    0.03153468036094   0.03153468036094
   17    0.05124531378944   0.05124531378944
   18    0.13371703846374   0.13371703846374
   19    0.32101403561352   0.32101403561352
   20    0.81143322135113   0.81143322135113
   21    0.90374917306816   0.90374917306816
   22    0.92456961104818   0.92456961104818
   23    1.03148438453525   1.03148438453525
   24    1.67862115012572   1.67862115012572
   25    1.84928932878314   1.84928932878314
   26    2.44597670199271   2.44597670199271

   kloop=37
   k1=   0.14286 k2=   0.14286 k3=   0.71429

    1   -1.46784086665568  -1.46784086665568
    2   -1.46783141936651  -1.46783141936651
    3   -1.46767169270288  -1.46767169270288
    4   -1.46739802814860  -1.46739802814860
    5   -1.46730004553689  -1.46730004553689
    6   -0.73304172799049  -0.73304172799049
    7   -0.73126867922310  -0.73126867922310
    8   -0.73125297169977  -0.73125297169977
    9   -0.72843326521852  -0.72843326521852
   10   -0.72815137171196  -0.72815137171196
   11   -0.56908295824558  -0.56908295824558
   12   -0.38034902032270  -0.38034902032270
   13   -0.24524335200674  -0.24524335200674
   14   -0.22540601779765  -0.22540601779765
   15   -0.09187920610677  -0.09187920610677
   16    0.00666778491571   0.00666778491571
   17    0.06065038186506   0.06065038186506
   18    0.11034101355891   0.11034101355891
   19    0.35747294443505   0.35747294443505
   20    0.79883000080998   0.79883000080998
   21    0.95531067842656   0.95531067842656
   22    0.99097483434224   0.99097483434224
   23    1.05071518407921   1.05071518407921
   24    1.75248101826809   1.75248101826809
   25    1.86390240714334   1.86390240714334
   26    2.24729419013537   2.24729419013537

   kloop=38
   k1=   0.14286 k2=   0.14286 k3=   0.85714

    1   -1.46785690780104  -1.46785690780104
    2   -1.46784369148914  -1.46784369148914
    3   -1.46777512825528  -1.46777512825528
    4   -1.46749204470926  -1.46749204470926
    5   -1.46737761272961  -1.46737761272961
    6   -0.73271131382151  -0.73271131382151
    7   -0.73146180640097  -0.73146180640097
    8   -0.73144099581501  -0.73144099581501
    9   -0.72853615511106  -0.72853615511106
   10   -0.72821614558999  -0.72821614558999
   11   -0.59078521323849  -0.59078521323849
   12   -0.32622699659151  -0.32622699659151
   13   -0.22248861681200  -0.22248861681200
   14   -0.21825165466777  -0.21825165466777
   15   -0.08783166746555  -0.08783166746555
   16   -0.03334294505922  -0.03334294505922
   17    0.04505149372169   0.04505149372169
   18    0.05919666508270   0.05919666508270
   19    0.38712086336636   0.38712086336636
   20    0.91942496334134   0.91942496334134
   21    1.09802842008212   1.09802842008212
   22    1.13515782214268   1.13515782214268
   23    1.24763667429619   1.24763667429619
   24    1.79421417422395   1.79421417422395
   25    1.86864992661708   1.86864992661708
   26    2.13667115223170   2.13667115223170

   kloop=39
   k1=   0.14286 k2=   0.28571 k3=   0.00000

    1   -1.46787230683105  -1.46787230683105
    2   -1.46784338431115  -1.46784338431115
    3   -1.46776457314490  -1.46776457314490
    4   -1.46749146262106  -1.46749146262106
    5   -1.46737476704410  -1.46737476704410
    6   -0.73270539805688  -0.73270539805688
    7   -0.73147180131285  -0.73147180131285
    8   -0.73144162171654  -0.73144162171654
    9   -0.72853641430037  -0.72853641430037
   10   -0.72821514032761  -0.72821514032761
   11   -0.59078399812087  -0.59078399812087
   12   -0.32606909763454  -0.32606909763454
   13   -0.22292371834502  -0.22292371834502
   14   -0.21783022230447  -0.21783022230447
   15   -0.08792266905414  -0.08792266905414
   16   -0.03368410972023  -0.03368410972023
   17    0.04486426325595   0.04486426325595
   18    0.05934568743927   0.05934568743927
   19    0.38757618060165   0.38757618060165
   20    0.91918862636797   0.91918862636797
   21    1.10089217852458   1.10089217852458
   22    1.13145503615523   1.13145503615523
   23    1.25117009872084   1.25117009872084
   24    1.79937799833364   1.79937799833364
   25    1.87505831205956   1.87505831205956
   26    2.13837485707496   2.13837485707496

   kloop=40
   k1=   0.14286 k2=   0.28571 k3=   0.14286

    1   -1.46789762652338  -1.46789762652338
    2   -1.46786016585267  -1.46786016585267
    3   -1.46778276232908  -1.46778276232908
    4   -1.46749086843632  -1.46749086843632
    5   -1.46743247989766  -1.46743247989766
    6   -0.73245351197410  -0.73245351197410
    7   -0.73168783357265  -0.73168783357265
    8   -0.73153606039149  -0.73153606039149
    9   -0.72845651448692  -0.72845651448692
   10   -0.72832956026355  -0.72832956026355
   11   -0.59720639325458  -0.59720639325458
   12   -0.30808941063320  -0.30808941063320
   13   -0.22770761393717  -0.22770761393717
   14   -0.18936528203533  -0.18936528203533
   15   -0.10585924669373  -0.10585924669373
   16   -0.00604078782826  -0.00604078782826
   17    0.00079916290962   0.00079916290962
   18    0.04263041470830   0.04263041470830
   19    0.37380518523830   0.37380518523830
   20    0.98681094500224   0.98681094500224
   21    1.10311799330996   1.10311799330996
   22    1.25450868684486   1.25450868684486
   23    1.53696205849763   1.53696205849763
   24    1.58018373674810   1.58018373674810
   25    2.13930791590353   2.13930791590353
   26    2.27033153997954   2.27033153997954

   kloop=41
   k1=   0.14286 k2=   0.28571 k3=   0.28571

    1   -1.46787469350228  -1.46787469350228
    2   -1.46784809285199  -1.46784809285199
    3   -1.46775962907434  -1.46775962907434
    4   -1.46748985512490  -1.46748985512490
    5   -1.46737476695875  -1.46737476695875
    6   -0.73270778795342  -0.73270778795342
    7   -0.73147241138570  -0.73147241138570
    8   -0.73144233158312  -0.73144233158312
    9   -0.72853815345844  -0.72853815345844
   10   -0.72821362966508  -0.72821362966508
   11   -0.59072950957026  -0.59072950957026
   12   -0.32584109516155  -0.32584109516155
   13   -0.22288831950251  -0.22288831950251
   14   -0.21825995905257  -0.21825995905257
   15   -0.08836135826454  -0.08836135826454
   16   -0.03367576449644  -0.03367576449644
   17    0.04479075003531   0.04479075003531
   18    0.05945022769079   0.05945022769079
   19    0.38795975350658   0.38795975350658
   20    0.92089885646320   0.92089885646320
   21    1.10078853595291   1.10078853595291
   22    1.13196760878008   1.13196760878008
   23    1.25487094385192   1.25487094385192
   24    1.79730187163922   1.79730187163922
   25    1.87939640558392   1.87939640558392
   26    2.14019204765285   2.14019204765285

   kloop=42
   k1=   0.14286 k2=   0.28571 k3=   0.42857

    1   -1.46784142716014  -1.46784142716014
    2   -1.46779540540531  -1.46779540540531
    3   -1.46771507801947  -1.46771507801947
    4   -1.46744288993100  -1.46744288993100
    5   -1.46729038311778  -1.46729038311778
    6   -0.73308969404663  -0.73308969404663
    7   -0.73126306712951  -0.73126306712951
    8   -0.73114877556960  -0.73114877556960
    9   -0.72855017801326  -0.72855017801326
   10   -0.72811128209433  -0.72811128209433
   11   -0.57354094462279  -0.57354094462279
   12   -0.36107637050169  -0.36107637050169
   13   -0.26281255386674  -0.26281255386674
   14   -0.22682940181507  -0.22682940181507
   15   -0.06193697079491  -0.06193697079491
   16   -0.02276776771398  -0.02276776771398
   17    0.07454156740807   0.07454156740807
   18    0.08825385582640   0.08825385582640
   19    0.36437335068878   0.36437335068878
   20    0.77495224367361   0.77495224367361
   21    0.93227700812830   0.93227700812830
   22    1.00445761360266   1.00445761360266
   23    1.12738522829260   1.12738522829260
   24    1.53154602763404   1.53154602763404
   25    1.78021776659212   1.78021776659212
   26    2.12219897834680   2.12219897834680

   kloop=43
   k1=   0.14286 k2=   0.28571 k3=   0.57143

    1   -1.46781121174803  -1.46781121174803
    2   -1.46777151952776  -1.46777151952776
    3   -1.46766769441512  -1.46766769441512
    4   -1.46737143314298  -1.46737143314298
    5   -1.46725341577296  -1.46725341577296
    6   -0.73333006905449  -0.73333006905449
    7   -0.73111115861085  -0.73111115861085
    8   -0.73097651297106  -0.73097651297106
    9   -0.72845953332886  -0.72845953332886
   10   -0.72811236091994  -0.72811236091994
   11   -0.55517243676952  -0.55517243676952
   12   -0.39294573897796  -0.39294573897796
   13   -0.28289418002054  -0.28289418002054
   14   -0.24065825994519  -0.24065825994519
   15   -0.05450386944613  -0.05450386944613
   16    0.01811235962340   0.01811235962340
   17    0.07079219276855   0.07079219276855
   18    0.12365169238743   0.12365169238743
   19    0.28275258758599   0.28275258758599
   20    0.67547800156596   0.67547800156596
   21    0.82139421464860   0.82139421464860
   22    0.95546552946168   0.95546552946168
   23    1.05571415298076   1.05571415298076
   24    1.51070892199450   1.51070892199450
   25    1.71410092979376   1.71410092979376
   26    2.30783430262404   2.30783430262404

   kloop=44
   k1=   0.14286 k2=   0.28571 k3=   0.71429

    1   -1.46780920080093  -1.46780920080093
    2   -1.46777248663977  -1.46777248663977
    3   -1.46766809214112  -1.46766809214112
    4   -1.46737185138327  -1.46737185138327
    5   -1.46725334189486  -1.46725334189486
    6   -0.73332869463132  -0.73332869463132
    7   -0.73111135777751  -0.73111135777751
    8   -0.73097603048053  -0.73097603048053
    9   -0.72845763322740  -0.72845763322740
   10   -0.72811380445763  -0.72811380445763
   11   -0.55522372385535  -0.55522372385535
   12   -0.39293212527166  -0.39293212527166
   13   -0.28288493716236  -0.28288493716236
   14   -0.24064776284843  -0.24064776284843
   15   -0.05443103904003  -0.05443103904003
   16    0.01830963159593   0.01830963159593
   17    0.07106733600406   0.07106733600406
   18    0.12369993308327   0.12369993308327
   19    0.28205217139013   0.28205217139013
   20    0.67421252318044   0.67421252318044
   21    0.82114660203179   0.82114660203179
   22    0.95550392819848   0.95550392819848
   23    1.05602687932330   1.05602687932330
   24    1.50949425891623   1.50949425891623
   25    1.71334194206978   1.71334194206978
   26    2.30684840883676   2.30684840883676

   kloop=45
   k1=   0.14286 k2=   0.28571 k3=   0.85714

    1   -1.46783775547770  -1.46783775547770
    2   -1.46779377580436  -1.46779377580436
    3   -1.46771834569229  -1.46771834569229
    4   -1.46744422517381  -1.46744422517381
    5   -1.46729040412056  -1.46729040412056
    6   -0.73308666615154  -0.73308666615154
    7   -0.73126298469816  -0.73126298469816
    8   -0.73114775095423  -0.73114775095423
    9   -0.72854764521900  -0.72854764521900
   10   -0.72811313746206  -0.72811313746206
   11   -0.57362701917320  -0.57362701917320
   12   -0.36115946706175  -0.36115946706175
   13   -0.26275783108113  -0.26275783108113
   14   -0.22671261636273  -0.22671261636273
   15   -0.06153637096467  -0.06153637096467
   16   -0.02251135090414  -0.02251135090414
   17    0.07452575915037   0.07452575915037
   18    0.08843743375962   0.08843743375962
   19    0.36342743882597   0.36342743882597
   20    0.77238035342695   0.77238035342695
   21    0.93088226441826   0.93088226441826
   22    1.00313710276507   1.00313710276507
   23    1.12810936201542   1.12810936201542
   24    1.53055079238481   1.53055079238481
   25    1.77749487241740   1.77749487241740
   26    2.11985512395825   2.11985512395825

   kloop=46
   k1=   0.14286 k2=   0.42857 k3=   0.00000

    1   -1.46785388264135  -1.46785388264135
    2   -1.46783424072588  -1.46783424072588
    3   -1.46766084029332  -1.46766084029332
    4   -1.46739856625512  -1.46739856625512
    5   -1.46729626399561  -1.46729626399561
    6   -0.73303422292796  -0.73303422292796
    7   -0.73127935261001  -0.73127935261001
    8   -0.73125611534252  -0.73125611534252
    9   -0.72843407939130  -0.72843407939130
   10   -0.72814949804418  -0.72814949804418
   11   -0.56911527702128  -0.56911527702128
   12   -0.38019781837302  -0.38019781837302
   13   -0.24555865003220  -0.24555865003220
   14   -0.22500797756592  -0.22500797756592
   15   -0.09192612096434  -0.09192612096434
   16    0.00668939091614   0.00668939091614
   17    0.06012761051856   0.06012761051856
   18    0.11009976295129   0.11009976295129
   19    0.35824440415181   0.35824440415181
   20    0.79909442319579   0.79909442319579
   21    0.95670382417913   0.95670382417913
   22    0.99444566558725   0.99444566558725
   23    1.04774627407210   1.04774627407210
   24    1.76096605516405   1.76096605516405
   25    1.86547495775552   1.86547495775552
   26    2.25065797534515   2.25065797534515

   kloop=47
   k1=   0.14286 k2=   0.42857 k3=   0.14286

    1   -1.46787159600746  -1.46787159600746
    2   -1.46783503574423  -1.46783503574423
    3   -1.46768732605140  -1.46768732605140
    4   -1.46739779698724  -1.46739779698724
    5   -1.46734627822314  -1.46734627822314
    6   -0.73287765441548  -0.73287765441548
    7   -0.73143668340859  -0.73143668340859
    8   -0.73129102532068  -0.73129102532068
    9   -0.72836246227297  -0.72836246227297
   10   -0.72826415721391  -0.72826415721391
   11   -0.57641428181420  -0.57641428181420
   12   -0.36390167617437  -0.36390167617437
   13   -0.25331593262200  -0.25331593262200
   14   -0.20626871206367  -0.20626871206367
   15   -0.09597069080237  -0.09597069080237
   16    0.02404982888595   0.02404982888595
   17    0.03389699411186   0.03389699411186
   18    0.08675458501812   0.08675458501812
   19    0.36975762094863   0.36975762094863
   20    0.88512359214199   0.88512359214199
   21    0.98234121949805   0.98234121949805
   22    1.10111476071844   1.10111476071844
   23    1.10709688094261   1.10709688094261
   24    1.50307950693606   1.50307950693606
   25    2.00029460393184   2.00029460393184
   26    2.27844792968901   2.27844792968901

   kloop=48
   k1=   0.14286 k2=   0.42857 k3=   0.28571

    1   -1.46784572502279  -1.46784572502279
    2   -1.46780256028822  -1.46780256028822
    3   -1.46770660498180  -1.46770660498180
    4   -1.46744235854314  -1.46744235854314
    5   -1.46728880719736  -1.46728880719736
    6   -0.73308649025041  -0.73308649025041
    7   -0.73127247160644  -0.73127247160644
    8   -0.73114561387769  -0.73114561387769
    9   -0.72854999921006  -0.72854999921006
   10   -0.72811063337182  -0.72811063337182
   11   -0.57357157206805  -0.57357157206805
   12   -0.36091954611416  -0.36091954611416
   13   -0.26269860510652  -0.26269860510652
   14   -0.22704229781007  -0.22704229781007
   15   -0.06203652284657  -0.06203652284657
   16   -0.02279752814624  -0.02279752814624
   17    0.07436369170295   0.07436369170295
   18    0.08844434294305   0.08844434294305
   19    0.36412983610387   0.36412983610387
   20    0.77529351174546   0.77529351174546
   21    0.93371042893651   0.93371042893651
   22    1.00392231633808   1.00392231633808
   23    1.12419931056383   1.12419931056383
   24    1.52973813265178   1.52973813265178
   25    1.78115514064099   1.78115514064099
   26    2.12316424731470   2.12316424731470

   kloop=49
   k1=   0.14286 k2=   0.42857 k3=   0.42857

    1   -1.46779509976663  -1.46779509976663
    2   -1.46777648386870  -1.46777648386870
    3   -1.46769496680278  -1.46769496680278
    4   -1.46745682513735  -1.46745682513735
    5   -1.46720408653851  -1.46720408653851
    6   -0.73342049732693  -0.73342049732693
    7   -0.73097104203455  -0.73097104203455
    8   -0.73096237962093  -0.73096237962093
    9   -0.72869759761492  -0.72869759761492
   10   -0.72795051505483  -0.72795051505483
   11   -0.56154973424665  -0.56154973424665
   12   -0.38108715376312  -0.38108715376312
   13   -0.26399106117771  -0.26399106117771
   14   -0.24602837038515  -0.24602837038515
   15   -0.06977799943948  -0.06977799943948
   16   -0.03117021151757  -0.03117021151757
   17    0.11604718549121   0.11604718549121
   18    0.11784751533077   0.11784751533077
   19    0.34513825182096   0.34513825182096
   20    0.68379710848893   0.68379710848893
   21    0.90620003179669   0.90620003179669
   22    0.92550101118159   0.92550101118159
   23    0.95152328977020   0.95152328977020
   24    1.67266043410958   1.67266043410958
   25    1.71561898174383   1.71561898174383
   26    1.89864323078677   1.89864323078677

   kloop=50
   k1=   0.14286 k2=   0.42857 k3=   0.57143

    1   -1.46776512828584  -1.46776512828584
    2   -1.46773652120528  -1.46773652120528
    3   -1.46768601613037  -1.46768601613037
    4   -1.46742585248265  -1.46742585248265
    5   -1.46716914028521  -1.46716914028521
    6   -0.73359379802333  -0.73359379802333
    7   -0.73089341319490  -0.73089341319490
    8   -0.73076830686609  -0.73076830686609
    9   -0.72868150341035  -0.72868150341035
   10   -0.72792883168617  -0.72792883168617
   11   -0.54732389264546  -0.54732389264546
   12   -0.40044386817694  -0.40044386817694
   13   -0.27761703773382  -0.27761703773382
   14   -0.26442766555198  -0.26442766555198
   15   -0.04085347341266  -0.04085347341266
   16   -0.02715361717883  -0.02715361717883
   17    0.10399430272246   0.10399430272246
   18    0.15228734030006   0.15228734030006
   19    0.28824290507627   0.28824290507627
   20    0.60077868939803   0.60077868939803
   21    0.81839749014930   0.81839749014930
   22    0.86588013509030   0.86588013509030
   23    1.05814320916042   1.05814320916042
   24    1.63664940834938   1.63664940834938
   25    1.68997526520897   1.68997526520897
   26    1.89126216652624   1.89126216652624

   kloop=51
   k1=   0.14286 k2=   0.42857 k3=   0.71429

    1   -1.46776589772472  -1.46776589772472
    2   -1.46773346267117  -1.46773346267117
    3   -1.46767847779554  -1.46767847779554
    4   -1.46737846421233  -1.46737846421233
    5   -1.46720355707958  -1.46720355707958
    6   -0.73354283331946  -0.73354283331946
    7   -0.73095977767334  -0.73095977767334
    8   -0.73077688493426  -0.73077688493426
    9   -0.72854275956819  -0.72854275956819
   10   -0.72803936760096  -0.72803936760096
   11   -0.54411463237664  -0.54411463237664
   12   -0.40268137011674  -0.40268137011674
   13   -0.29438443063229  -0.29438443063229
   14   -0.26169262896177  -0.26169262896177
   15   -0.03412623273586  -0.03412623273586
   16    0.03115267364361   0.03115267364361
   17    0.06654357606085   0.06654357606085
   18    0.13832654297006   0.13832654297006
   19    0.24687566674291   0.24687566674291
   20    0.58614846722915   0.58614846722915
   21    0.79234262367892   0.79234262367892
   22    0.86263781569791   0.86263781569791
   23    1.12142375398605   1.12142375398605
   24    1.59331259941215   1.59331259941215
   25    1.69798113967651   1.69798113967651
   26    2.08160238730379   2.08160238730379

   kloop=52
   k1=   0.14286 k2=   0.42857 k3=   0.85714

    1   -1.46780935817050  -1.46780935817050
    2   -1.46778183441115  -1.46778183441115
    3   -1.46765920215487  -1.46765920215487
    4   -1.46737339335021  -1.46737339335021
    5   -1.46725180835039  -1.46725180835039
    6   -0.73332540184925  -0.73332540184925
    7   -0.73111116913431  -0.73111116913431
    8   -0.73098113351753  -0.73098113351753
    9   -0.72845825556303  -0.72845825556303
   10   -0.72811292619585  -0.72811292619585
   11   -0.55526212772981  -0.55526212772981
   12   -0.39285228190728  -0.39285228190728
   13   -0.28307791692201  -0.28307791692201
   14   -0.24042011008608  -0.24042011008608
   15   -0.05432521790743  -0.05432521790743
   16    0.01893879309444   0.01893879309444
   17    0.07017724549277   0.07017724549277
   18    0.12344955336533   0.12344955336533
   19    0.28242841006705   0.28242841006705
   20    0.67447841754584   0.67447841754584
   21    0.82204208902403   0.82204208902403
   22    0.95388898163585   0.95388898163585
   23    1.05715609711251   1.05715609711251
   24    1.51343054891599   1.51343054891599
   25    1.71511875112796   1.71511875112796
   26    2.31076420278114   2.31076420278114

   kloop=53
   k1=   0.14286 k2=   0.57143 k3=   0.00000

    1   -1.46784467782570  -1.46784467782570
    2   -1.46783621506148  -1.46783621506148
    3   -1.46762968840678  -1.46762968840678
    4   -1.46733515403551  -1.46733515403551
    5   -1.46730472929187  -1.46730472929187
    6   -0.73311319548365  -0.73311319548365
    7   -0.73125108341158  -0.73125108341158
    8   -0.73120482122109  -0.73120482122109
    9   -0.72830321057626  -0.72830321057626
   10   -0.72821594703110  -0.72821594703110
   11   -0.56021457445975  -0.56021457445975
   12   -0.39767583377260  -0.39767583377260
   13   -0.25755285431376  -0.25755285431376
   14   -0.22024425855080  -0.22024425855080
   15   -0.09561490203160  -0.09561490203160
   16    0.03198537564508   0.03198537564508
   17    0.05069048792964   0.05069048792964
   18    0.13356982799440   0.13356982799440
   19    0.32084003319924   0.32084003319924
   20    0.81008721448496   0.81008721448496
   21    0.90629581208171   0.90629581208171
   22    0.92572501684527   0.92572501684527
   23    1.02944704487995   1.02944704487995
   24    1.67700450507852   1.67700450507852
   25    1.85666704288824   1.85666704288824
   26    2.44617492344498   2.44617492344498

   kloop=54
   k1=   0.14286 k2=   0.57143 k3=   0.14286

    1   -1.46785049474832  -1.46785049474832
    2   -1.46783345720629  -1.46783345720629
    3   -1.46762893291808  -1.46762893291808
    4   -1.46732841688186  -1.46732841688186
    5   -1.46730964745747  -1.46730964745747
    6   -0.73311432088047  -0.73311432088047
    7   -0.73125928630555  -0.73125928630555
    8   -0.73119787850929  -0.73119787850929
    9   -0.72830458918563  -0.72830458918563
   10   -0.72821430979582  -0.72821430979582
   11   -0.56019710707791  -0.56019710707791
   12   -0.39763122115620  -0.39763122115620
   13   -0.25705981148941  -0.25705981148941
   14   -0.22087667881202  -0.22087667881202
   15   -0.09583803327658  -0.09583803327658
   16    0.03143545764039   0.03143545764039
   17    0.05132643021378   0.05132643021378
   18    0.13352355881732   0.13352355881732
   19    0.32093546500975   0.32093546500975
   20    0.81354016702371   0.81354016702371
   21    0.90222021909260   0.90222021909260
   22    0.92247997418174   0.92247997418174
   23    1.03082242848498   1.03082242848498
   24    1.67910659246496   1.67910659246496
   25    1.84780361837394   1.84780361837394
   26    2.44985486932772   2.44985486932772

   kloop=55
   k1=   0.14286 k2=   0.57143 k3=   0.28571

    1   -1.46781596255979  -1.46781596255979
    2   -1.46778184171231  -1.46778184171231
    3   -1.46765647387602  -1.46765647387602
    4   -1.46736929904012  -1.46736929904012
    5   -1.46725308523300  -1.46725308523300
    6   -0.73332696321186  -0.73332696321186
    7   -0.73112050371426  -0.73112050371426
    8   -0.73097504035641  -0.73097504035641
    9   -0.72846075813944  -0.72846075813944
   10   -0.72811041124834  -0.72811041124834
   11   -0.55521575109075  -0.55521575109075
   12   -0.39273172286102  -0.39273172286102
   13   -0.28285883165354  -0.28285883165354
   14   -0.24076997483602  -0.24076997483602
   15   -0.05477857259701  -0.05477857259701
   16    0.01813050529766   0.01813050529766
   17    0.07051062138557   0.07051062138557
   18    0.12373734339205   0.12373734339205
   19    0.28256260919408   0.28256260919408
   20    0.67704306455521   0.67704306455521
   21    0.82149228262179   0.82149228262179
   22    0.95499530524520   0.95499530524520
   23    1.05253289225897   1.05253289225897
   24    1.51142553834620   1.51142553834620
   25    1.71558658590419   1.71558658590419
   26    2.31332212225748   2.31332212225748

   kloop=56
   k1=   0.14286 k2=   0.57143 k3=   0.42857

    1   -1.46776867177521  -1.46776867177521
    2   -1.46773866563920  -1.46773866563920
    3   -1.46768156578933  -1.46768156578933
    4   -1.46742490149483  -1.46742490149483
    5   -1.46716938055902  -1.46716938055902
    6   -0.73359320851380  -0.73359320851380
    7   -0.73089970224320  -0.73089970224320
    8   -0.73076412139845  -0.73076412139845
    9   -0.72868205868510  -0.72868205868510
   10   -0.72792848527230  -0.72792848527230
   11   -0.54733333345846  -0.54733333345846
   12   -0.40036872701625  -0.40036872701625
   13   -0.27753175869138  -0.27753175869138
   14   -0.26449776333943  -0.26449776333943
   15   -0.04093848968236  -0.04093848968236
   16   -0.02720534369486  -0.02720534369486
   17    0.10342565279109   0.10342565279109
   18    0.15247279672857   0.15247279672857
   19    0.28834284873531   0.28834284873531
   20    0.60223371163904   0.60223371163904
   21    0.81842127290265   0.81842127290265
   22    0.86469515997182   0.86469515997182
   23    1.05695523511212   1.05695523511212
   24    1.63945826178319   1.63945826178319
   25    1.69284257041039   1.69284257041039
   26    1.89483268175386   1.89483268175386

   kloop=57
   k1=   0.14286 k2=   0.57143 k3=   0.57143

    1   -1.46774300749479  -1.46774300749479
    2   -1.46773143339182  -1.46773143339182
    3   -1.46769030006371  -1.46769030006371
    4   -1.46744578491133  -1.46744578491133
    5   -1.46713041272171  -1.46713041272171
    6   -0.73371435076470  -0.73371435076470
    7   -0.73074059131166  -0.73074059131166
    8   -0.73073527543154  -0.73073527543154
    9   -0.72877823262731  -0.72877823262731
   10   -0.72784066648630  -0.72784066648630
   11   -0.54300499298915  -0.54300499298915
   12   -0.40835480708101  -0.40835480708101
   13   -0.27896864436999  -0.27896864436999
   14   -0.25622818401845  -0.25622818401845
   15   -0.06982945518580  -0.06982945518580
   16   -0.03585541611346  -0.03585541611346
   17    0.15316022166730   0.15316022166730
   18    0.15449261654123   0.15449261654123
   19    0.29578510108672   0.29578510108672
   20    0.65053213740903   0.65053213740903
   21    0.80196902378399   0.80196902378399
   22    0.83501974877344   0.83501974877344
   23    0.96155619842326   0.96155619842326
   24    1.59507104602834   1.59507104602834
   25    1.67027771879104   1.67027771879104
   26    1.80144216644317   1.80144216644317

   kloop=58
   k1=   0.14286 k2=   0.57143 k3=   0.71429

    1   -1.46776166002748  -1.46776166002748
    2   -1.46773503938232  -1.46773503938232
    3   -1.46768980773174  -1.46768980773174
    4   -1.46742626136356  -1.46742626136356
    5   -1.46716957200255  -1.46716957200255
    6   -0.73359238469257  -0.73359238469257
    7   -0.73089281552172  -0.73089281552172
    8   -0.73076826343093  -0.73076826343093
    9   -0.72868126951372  -0.72868126951372
   10   -0.72792898037806  -0.72792898037806
   11   -0.54737772898734  -0.54737772898734
   12   -0.40044346775265  -0.40044346775265
   13   -0.27762788113050  -0.27762788113050
   14   -0.26437352869817  -0.26437352869817
   15   -0.04083438723067  -0.04083438723067
   16   -0.02695879886106  -0.02695879886106
   17    0.10458404297302   0.10458404297302
   18    0.15207096962414   0.15207096962414
   19    0.28775582586647   0.28775582586647
   20    0.60001074263720   0.60001074263720
   21    0.81854081032862   0.81854081032862
   22    0.86583366223220   0.86583366223220
   23    1.05837920282924   1.05837920282924
   24    1.63798038498464   1.63798038498464
   25    1.68799497133572   1.68799497133572
   26    1.89079104597606   1.89079104597606

   kloop=59
   k1=   0.14286 k2=   0.57143 k3=   0.85714

    1   -1.46780819866825  -1.46780819866825
    2   -1.46778194816100  -1.46778194816100
    3   -1.46765982412757  -1.46765982412757
    4   -1.46737296156191  -1.46737296156191
    5   -1.46725265670064  -1.46725265670064
    6   -0.73332539138401  -0.73332539138401
    7   -0.73111059579479  -0.73111059579479
    8   -0.73098149736074  -0.73098149736074
    9   -0.72845942588974  -0.72845942588974
   10   -0.72811195971411  -0.72811195971411
   11   -0.55526061628643  -0.55526061628643
   12   -0.39284852458737  -0.39284852458737
   13   -0.28314139541693  -0.28314139541693
   14   -0.24037161847215  -0.24037161847215
   15   -0.05431398807514  -0.05431398807514
   16    0.01888242135486   0.01888242135486
   17    0.07030425269185   0.07030425269185
   18    0.12346089668382   0.12346089668382
   19    0.28239260977517   0.28239260977517
   20    0.67509084455407   0.67509084455407
   21    0.82149085595693   0.82149085595693
   22    0.95404968736496   0.95404968736496
   23    1.05724122264371   1.05724122264371
   24    1.51276132637649   1.51276132637649
   25    1.71571593747210   1.71571593747210
   26    2.30990503675429   2.30990503675429

   kloop=60
   k1=   0.14286 k2=   0.71429 k3=   0.00000

    1   -1.46786299955816  -1.46786299955816
    2   -1.46783475387327  -1.46783475387327
    3   -1.46769188303966  -1.46769188303966
    4   -1.46739402988920  -1.46739402988920
    5   -1.46735338285326  -1.46735338285326
    6   -0.73287849152059  -0.73287849152059
    7   -0.73142697544657  -0.73142697544657
    8   -0.73129519673191  -0.73129519673191
    9   -0.72836405958335  -0.72836405958335
   10   -0.72826313981164  -0.72826313981164
   11   -0.57643728031042  -0.57643728031042
   12   -0.36400479101297  -0.36400479101297
   13   -0.25381043178160  -0.25381043178160
   14   -0.20563609015178  -0.20563609015178
   15   -0.09561435689928  -0.09561435689928
   16    0.02361288202824   0.02361288202824
   17    0.03439553347083   0.03439553347083
   18    0.08699176986742   0.08699176986742
   19    0.36910714130724   0.36910714130724
   20    0.88569434271740   0.88569434271740
   21    0.97929540474958   0.97929540474958
   22    1.10296249267876   1.10296249267876
   23    1.10962488665674   1.10962488665674
   24    1.50154599758764   1.50154599758764
   25    2.00456273257827   2.00456273257827
   26    2.27149689156000   2.27149689156000

   kloop=61
   k1=   0.14286 k2=   0.71429 k3=   0.14286

    1   -1.46784543815030  -1.46784543815030
    2   -1.46784237850802  -1.46784237850802
    3   -1.46766119913347  -1.46766119913347
    4   -1.46739352518638  -1.46739352518638
    5   -1.46730122624429  -1.46730122624429
    6   -0.73303621428411  -0.73303621428411
    7   -0.73126851569585  -0.73126851569585
    8   -0.73126516704154  -0.73126516704154
    9   -0.72843585420758  -0.72843585420758
   10   -0.72814776175016  -0.72814776175016
   11   -0.56910330642264  -0.56910330642264
   12   -0.38016925679042  -0.38016925679042
   13   -0.24513031652172  -0.24513031652172
   14   -0.22563988956094  -0.22563988956094
   15   -0.09203530441325  -0.09203530441325
   16    0.00647612414730   0.00647612414730
   17    0.06070038572734   0.06070038572734
   18    0.11021905332189   0.11021905332189
   19    0.35767452151155   0.35767452151155
   20    0.80187362135552   0.80187362135552
   21    0.95506539653495   0.95506539653495
   22    0.99047636878549   0.99047636878549
   23    1.04999363797079   1.04999363797079
   24    1.75131060596786   1.75131060596786
   25    1.86479795653056   1.86479795653056
   26    2.24934428258632   2.24934428258632

   kloop=62
   k1=   0.14286 k2=   0.71429 k3=   0.28571

    1   -1.46781106521072  -1.46781106521072
    2   -1.46778220622172  -1.46778220622172
    3   -1.46765926618250  -1.46765926618250
    4   -1.46736809492672  -1.46736809492672
    5   -1.46725552400551  -1.46725552400551
    6   -0.73332736502712  -0.73332736502712
    7   -0.73111700962307  -0.73111700962307
    8   -0.73097589188404  -0.73097589188404
    9   -0.72846132408548  -0.72846132408548
   10   -0.72811013434855  -0.72811013434855
   11   -0.55522454056630  -0.55522454056630
   12   -0.39276743402073  -0.39276743402073
   13   -0.28294348929649  -0.28294348929649
   14   -0.24065668352338  -0.24065668352338
   15   -0.05474212624182  -0.05474212624182
   16    0.01803287744033   0.01803287744033
   17    0.07101528430212   0.07101528430212
   18    0.12379360410454   0.12379360410454
   19    0.28211488823936   0.28211488823936
   20    0.67737867626612   0.67737867626612
   21    0.82062560944199   0.82062560944199
   22    0.95530640915289   0.95530640915289
   23    1.05287584635870   1.05287584635870
   24    1.51006839535501   1.51006839535501
   25    1.71639448836671   1.71639448836671
   26    2.31152344081572   2.31152344081572

   kloop=63
   k1=   0.14286 k2=   0.71429 k3=   0.42857

    1   -1.46776601739963  -1.46776601739963
    2   -1.46773168361177  -1.46773168361177
    3   -1.46768017344147  -1.46768017344147
    4   -1.46737664871307  -1.46737664871307
    5   -1.46720566396675  -1.46720566396675
    6   -0.73354374074733  -0.73354374074733
    7   -0.73096348814295  -0.73096348814295
    8   -0.73077290611367  -0.73077290611367
    9   -0.72854513541876  -0.72854513541876
   10   -0.72803802040045  -0.72803802040045
   11   -0.54408591195057  -0.54408591195057
   12   -0.40264609514494  -0.40264609514494
   13   -0.29438875805357  -0.29438875805357
   14   -0.26164448547410  -0.26164448547410
   15   -0.03430872749588  -0.03430872749588
   16    0.03099546238658   0.03099546238658
   17    0.06608709868926   0.06608709868926
   18    0.13825867798569   0.13825867798569
   19    0.24725560406463   0.24725560406463
   20    0.58833148201276   0.58833148201276
   21    0.79151804005778   0.79151804005778
   22    0.86185920251091   0.86185920251091
   23    1.11995962133077   1.11995962133077
   24    1.59571663712469   1.59571663712469
   25    1.70343044872427   1.70343044872427
   26    2.08873818103470   2.08873818103470

   kloop=64
   k1=   0.14286 k2=   0.71429 k3=   0.57143

    1   -1.46775486876080  -1.46775486876080
    2   -1.46773438648174  -1.46773438648174
    3   -1.46769602992385  -1.46769602992385
    4   -1.46742600475987  -1.46742600475987
    5   -1.46717085139058  -1.46717085139058
    6   -0.73359370914543  -0.73359370914543
    7   -0.73089471001597  -0.73089471001597
    8   -0.73076398346936  -0.73076398346936
    9   -0.72868216287097  -0.72868216287097
   10   -0.72792895826684  -0.72792895826684
   11   -0.54734844567292  -0.54734844567292
   12   -0.40048323579064  -0.40048323579064
   13   -0.27758282696202  -0.27758282696202
   14   -0.26431801024303  -0.26431801024303
   15   -0.04096252236825  -0.04096252236825
   16   -0.02708156616505  -0.02708156616505
   17    0.10427996696246   0.10427996696246
   18    0.15227404535577   0.15227404535577
   19    0.28775585918746   0.28775585918746
   20    0.60143028817226   0.60143028817226
   21    0.81876883310110   0.81876883310110
   22    0.86486624477517   0.86486624477517
   23    1.05714526890461   1.05714526890461
   24    1.64065420651418   1.64065420651418
   25    1.69185873418504   1.69185873418504
   26    1.89433238905399   1.89433238905399

   kloop=65
   k1=   0.14286 k2=   0.71429 k3=   0.71429

    1   -1.46778023408114  -1.46778023408114
    2   -1.46776968676700  -1.46776968676700
    3   -1.46771227144592  -1.46771227144592
    4   -1.46745776851562  -1.46745776851562
    5   -1.46720615345203  -1.46720615345203
    6   -0.73342014643254  -0.73342014643254
    7   -0.73096550210482  -0.73096550210482
    8   -0.73096170823537  -0.73096170823537
    9   -0.72869732015780  -0.72869732015780
   10   -0.72795112501758  -0.72795112501758
   11   -0.56160943447607  -0.56160943447607
   12   -0.38124071977386  -0.38124071977386
   13   -0.26383289271371  -0.26383289271371
   14   -0.24599600466714  -0.24599600466714
   15   -0.06964883161183  -0.06964883161183
   16   -0.03098180967752  -0.03098180967752
   17    0.11645464720070   0.11645464720070
   18    0.11845531747079   0.11845531747079
   19    0.34392896198972   0.34392896198972
   20    0.68274263759147   0.68274263759147
   21    0.90408453100947   0.90408453100947
   22    0.92490390725082   0.92490390725082
   23    0.95380975605378   0.95380975605378
   24    1.67005112990819   1.67005112990819
   25    1.71368518441645   1.71368518441645
   26    1.89679089153138   1.89679089153138

   kloop=66
   k1=   0.14286 k2=   0.71429 k3=   0.85714

    1   -1.46783580368035  -1.46783580368035
    2   -1.46779190823201  -1.46779190823201
    3   -1.46772107315308  -1.46772107315308
    4   -1.46744380704621  -1.46744380704621
    5   -1.46729189491035  -1.46729189491035
    6   -0.73308659240935  -0.73308659240935
    7   -0.73126174181506  -0.73126174181506
    8   -0.73114852780885  -0.73114852780885
    9   -0.72854962925677  -0.72854962925677
   10   -0.72811166275597  -0.72811166275597
   11   -0.57362416647382  -0.57362416647382
   12   -0.36116543104521  -0.36116543104521
   13   -0.26287650427449  -0.26287650427449
   14   -0.22661345101427  -0.22661345101427
   15   -0.06143885553106  -0.06143885553106
   16   -0.02262351139163  -0.02262351139163
   17    0.07460382560705   0.07460382560705
   18    0.08849504256353   0.08849504256353
   19    0.36341990826439   0.36341990826439
   20    0.77389280010602   0.77389280010602
   21    0.92949188866428   0.92949188866428
   22    1.00404369825260   1.00404369825260
   23    1.12891571323809   1.12891571323809
   24    1.53001562665982   1.53001562665982
   25    1.77750784684837   1.77750784684837
   26    2.11873890098487   2.11873890098487

   kloop=67
   k1=   0.14286 k2=   0.85714 k3=   0.00000

    1   -1.46788641378212  -1.46788641378212
    2   -1.46785012737073  -1.46785012737073
    3   -1.46779805387200  -1.46779805387200
    4   -1.46748910905048  -1.46748910905048
    5   -1.46743909828056  -1.46743909828056
    6   -0.73245903614433  -0.73245903614433
    7   -0.73167613115485  -0.73167613115485
    8   -0.73153632898845  -0.73153632898845
    9   -0.72845843086536  -0.72845843086536
   10   -0.72832876014198  -0.72832876014198
   11   -0.59722993977962  -0.59722993977962
   12   -0.30842443409340  -0.30842443409340
   13   -0.22797741317018  -0.22797741317018
   14   -0.18873014654869  -0.18873014654869
   15   -0.10533864304263  -0.10533864304263
   16   -0.00619408402600  -0.00619408402600
   17    0.00094157311115   0.00094157311115
   18    0.04264927932720   0.04264927932720
   19    0.37326512715951   0.37326512715951
   20    0.98980512709457   0.98980512709457
   21    1.09805911492756   1.09805911492756
   22    1.25849339687541   1.25849339687541
   23    1.53312081124110   1.53312081124110
   24    1.57831439078864   1.57831439078864
   25    2.13178667423889   2.13178667423889
   26    2.27103686865937   2.27103686865937

   kloop=68
   k1=   0.14286 k2=   0.85714 k3=   0.14286

    1   -1.46786006760031  -1.46786006760031
    2   -1.46785272626565  -1.46785272626565
    3   -1.46776575929110  -1.46776575929110
    4   -1.46748886382618  -1.46748886382618
    5   -1.46737890668543  -1.46737890668543
    6   -0.73270756166189  -0.73270756166189
    7   -0.73145840657734  -0.73145840657734
    8   -0.73145210362604  -0.73145210362604
    9   -0.72853882352783  -0.72853882352783
   10   -0.72821337219364  -0.72821337219364
   11   -0.59077206960987  -0.59077206960987
   12   -0.32605873733095  -0.32605873733095
   13   -0.22250540622369  -0.22250540622369
   14   -0.21846313874326  -0.21846313874326
   15   -0.08793915879351  -0.08793915879351
   16   -0.03355562839167  -0.03355562839167
   17    0.04515805103724   0.04515805103724
   18    0.05917083687096   0.05917083687096
   19    0.38728590867004   0.38728590867004
   20    0.92059169157973   0.92059169157973
   21    1.09848102767962   1.09848102767962
   22    1.13444732860255   1.13444732860255
   23    1.25324824683186   1.25324824683186
   24    1.79413879939615   1.79413879939615
   25    1.86775324417175   1.86775324417175
   26    2.13987667783773   2.13987667783773

   kloop=69
   k1=   0.14286 k2=   0.85714 k3=   0.28571

    1   -1.46783731113999  -1.46783731113999
    2   -1.46779421787945  -1.46779421787945
    3   -1.46771860771352  -1.46771860771352
    4   -1.46744213327409  -1.46744213327409
    5   -1.46729264247168  -1.46729264247168
    6   -0.73308788049708  -0.73308788049708
    7   -0.73126570636716  -0.73126570636716
    8   -0.73114549015668  -0.73114549015668
    9   -0.72855150699350  -0.72855150699350
   10   -0.72811020494027  -0.72811020494027
   11   -0.57358799314578  -0.57358799314578
   12   -0.36107648309470  -0.36107648309470
   13   -0.26283793609341  -0.26283793609341
   14   -0.22675110554274  -0.22675110554274
   15   -0.06172388501295  -0.06172388501295
   16   -0.02288808978773  -0.02288808978773
   17    0.07462541996437   0.07462541996437
   18    0.08865386639790   0.08865386639790
   19    0.36361977625816   0.36361977625816
   20    0.77649162764608   0.77649162764608
   21    0.93121279078026   0.93121279078026
   22    1.00458888713254   1.00458888713254
   23    1.12588537044970   1.12588537044970
   24    1.52910707339242   1.52910707339242
   25    1.78007648502810   1.78007648502810
   26    2.12028793794894   2.12028793794894

   kloop=70
   k1=   0.14286 k2=   0.85714 k3=   0.42857

    1   -1.46780635365732  -1.46780635365732
    2   -1.46777295726010  -1.46777295726010
    3   -1.46766853963065  -1.46766853963065
    4   -1.46737200925247  -1.46737200925247
    5   -1.46725529582534  -1.46725529582534
    6   -0.73332926952624  -0.73332926952624
    7   -0.73111174627029  -0.73111174627029
    8   -0.73097476356734  -0.73097476356734
    9   -0.72846302777305  -0.72846302777305
   10   -0.72811003846499  -0.72811003846499
   11   -0.55519184424033  -0.55519184424033
   12   -0.39291926049120  -0.39291926049120
   13   -0.28300043014946  -0.28300043014946
   14   -0.24047258298525  -0.24047258298525
   15   -0.05450226267641  -0.05450226267641
   16    0.01856486160316   0.01856486160316
   17    0.07008937534746   0.07008937534746
   18    0.12385851191974   0.12385851191974
   19    0.28243305283519   0.28243305283519
   20    0.67774829577075   0.67774829577075
   21    0.82151859112181   0.82151859112181
   22    0.95430584919300   0.95430584919300
   23    1.05444793889674   1.05444793889674
   24    1.51394118994848   1.51394118994848
   25    1.71790014726662   1.71790014726662
   26    2.31430907964107   2.31430907964107

   kloop=71
   k1=   0.14286 k2=   0.85714 k3=   0.57143

    1   -1.46779819230682  -1.46779819230682
    2   -1.46777846693582  -1.46777846693582
    3   -1.46766957382179  -1.46766957382179
    4   -1.46737249748784  -1.46737249748784
    5   -1.46725589887317  -1.46725589887317
    6   -0.73333004106306  -0.73333004106306
    7   -0.73110809731774  -0.73110809731774
    8   -0.73097559519095  -0.73097559519095
    9   -0.72846186345707  -0.72846186345707
   10   -0.72811117031893  -0.72811117031893
   11   -0.55519951848032  -0.55519951848032
   12   -0.39297439998622  -0.39297439998622
   13   -0.28296132827694  -0.28296132827694
   14   -0.24044380632691  -0.24044380632691
   15   -0.05449060109649  -0.05449060109649
   16    0.01854467180862   0.01854467180862
   17    0.07039041331520   0.07039041331520
   18    0.12389703007404   0.12389703007404
   19    0.28204989148584   0.28204989148584
   20    0.67689875667254   0.67689875667254
   21    0.82175067035755   0.82175067035755
   22    0.95435783206189   0.95435783206189
   23    1.05464672520112   1.05464672520112
   24    1.51388590765313   1.51388590765313
   25    1.71767153682037   1.71767153682037
   26    2.31413336218566   2.31413336218566

   kloop=72
   k1=   0.14286 k2=   0.85714 k3=   0.71429

    1   -1.46782545602239  -1.46782545602239
    2   -1.46779400863574  -1.46779400863574
    3   -1.46772646231011  -1.46772646231011
    4   -1.46744432242665  -1.46744432242665
    5   -1.46729347918936  -1.46729347918936
    6   -0.73309032166666  -0.73309032166666
    7   -0.73125857331773  -0.73125857331773
    8   -0.73114517868224  -0.73114517868224
    9   -0.72855022158811  -0.72855022158811
   10   -0.72811177429868  -0.72811177429868
   11   -0.57360368462311  -0.57360368462311
   12   -0.36124892287593  -0.36124892287593
   13   -0.26274517657579  -0.26274517657579
   14   -0.22663021335364  -0.22663021335364
   15   -0.06160197480491  -0.06160197480491
   16   -0.02277866933946  -0.02277866933946
   17    0.07477202612045   0.07477202612045
   18    0.08875099141346   0.08875099141346
   19    0.36313066074285   0.36313066074285
   20    0.77486067470423   0.77486067470423
   21    0.93148395226421   0.93148395226421
   22    1.00354355852506   1.00354355852506
   23    1.12613329410046   1.12613329410046
   24    1.52956253588867   1.52956253588867
   25    1.77907712710707   1.77907712710707
   26    2.11952239128649   2.11952239128649

   kloop=73
   k1=   0.14286 k2=   0.85714 k3=   0.85714

    1   -1.46785562398516  -1.46785562398516
    2   -1.46784035288688  -1.46784035288688
    3   -1.46777877613315  -1.46777877613315
    4   -1.46749165036749  -1.46749165036749
    5   -1.46737896492577  -1.46737896492577
    6   -0.73271112930502  -0.73271112930502
    7   -0.73146196680548  -0.73146196680548
    8   -0.73144055855757  -0.73144055855757
    9   -0.72853806153840  -0.72853806153840
   10   -0.72821469324740  -0.72821469324740
   11   -0.59078336922461  -0.59078336922461
   12   -0.32626760459822  -0.32626760459822
   13   -0.22249775910032  -0.22249775910032
   14   -0.21821275926304  -0.21821275926304
   15   -0.08771425744447  -0.08771425744447
   16   -0.03351848177056  -0.03351848177056
   17    0.04509283352450   0.04509283352450
   18    0.05925443278393   0.05925443278393
   19    0.38710193587342   0.38710193587342
   20    0.91993261111028   0.91993261111028
   21    1.09837540721461   1.09837540721461
   22    1.13496607973293   1.13496607973293
   23    1.25033840521585   1.25033840521585
   24    1.79450287018700   1.79450287018700
   25    1.86691256084434   1.86691256084434
   26    2.13825469743694   2.13825469743694

   kloop=74
   k1=   0.28571 k2=  -0.00000 k3=   0.00000

    1   -1.46787670409732  -1.46787670409732
    2   -1.46786515408456  -1.46786515408456
    3   -1.46773967512212  -1.46773967512212
    4   -1.46742662878019  -1.46742662878019
    5   -1.46742417956509  -1.46742417956509
    6   -0.73256320506995  -0.73256320506995
    7   -0.73156302000322  -0.73156302000322
    8   -0.73155371199571  -0.73155371199571
    9   -0.72835060147925  -0.72835060147925
   10   -0.72834760128392  -0.72834760128392
   11   -0.58933541290774  -0.58933541290774
   12   -0.34164901606628  -0.34164901606628
   13   -0.20170792489698  -0.20170792489698
   14   -0.20132241130522  -0.20132241130522
   15   -0.13316412500604  -0.13316412500604
   16    0.01400878970685   0.01400878970685
   17    0.01438239220797   0.01438239220797
   18    0.06784014221422   0.06784014221422
   19    0.39066301263799   0.39066301263799
   20    0.93392527604580   0.93392527604580
   21    1.12420397078414   1.12420397078414
   22    1.23307982000251   1.23307982000251
   23    1.23545235235340   1.23545235235340
   24    2.04302325314871   2.04302325314871
   25    2.20937447801728   2.20937447801728
   26    2.21292141954366   2.21292141954366

   kloop=75
   k1=   0.28571 k2=  -0.00000 k3=   0.14286

    1   -1.46786626996784  -1.46786626996784
    2   -1.46783087132992  -1.46783087132992
    3   -1.46777933547581  -1.46777933547581
    4   -1.46749112335851  -1.46749112335851
    5   -1.46737825089920  -1.46737825089920
    6   -0.73270963351491  -0.73270963351491
    7   -0.73147417736383  -0.73147417736383
    8   -0.73143229757879  -0.73143229757879
    9   -0.72853975228160  -0.72853975228160
   10   -0.72821332868953  -0.72821332868953
   11   -0.59075882129182  -0.59075882129182
   12   -0.32618333501386  -0.32618333501386
   13   -0.22284203067722  -0.22284203067722
   14   -0.21792270353776  -0.21792270353776
   15   -0.08776162768670  -0.08776162768670
   16   -0.03390170022322  -0.03390170022322
   17    0.04488242038116   0.04488242038116
   18    0.05954123965642   0.05954123965642
   19    0.38752238335851   0.38752238335851
   20    0.92076802509087   0.92076802509087
   21    1.10073049377585   1.10073049377585
   22    1.13253860369250   1.13253860369250
   23    1.25590972544204   1.25590972544204
   24    1.79765593611899   1.79765593611899
   25    1.87172157496386   1.87172157496386
   26    2.14107093523988   2.14107093523988

   kloop=76
   k1=   0.28571 k2=  -0.00000 k3=   0.28571

    1   -1.46780666168715  -1.46780666168715
    2   -1.46779151847891  -1.46779151847891
    3   -1.46778205555738  -1.46778205555738
    4   -1.46750225725008  -1.46750225725008
    5   -1.46728230721496  -1.46728230721496
    6   -0.73312511784559  -0.73312511784559
    7   -0.73118102964382  -0.73118102964382
    8   -0.73116145371249  -0.73116145371249
    9   -0.72869601688045  -0.72869601688045
   10   -0.72804012684046  -0.72804012684046
   11   -0.58004693021871  -0.58004693021871
   12   -0.34536493044829  -0.34536493044829
   13   -0.23744047942440  -0.23744047942440
   14   -0.23688829748866  -0.23688829748866
   15   -0.08165531990028  -0.08165531990028
   16   -0.04626746011821  -0.04626746011821
   17    0.09021345604038   0.09021345604038
   18    0.09062630647638   0.09062630647638
   19    0.40224959988835   0.40224959988835
   20    0.79907427475355   0.79907427475355
   21    0.98787207101039   0.98787207101039
   22    0.99109981827066   0.99109981827066
   23    1.06069239108380   1.06069239108380
   24    1.75793312815815   1.75793312815815
   25    1.76196247637380   1.76196247637380
   26    1.91674504953866   1.91674504953866

   kloop=77
   k1=   0.28571 k2=  -0.00000 k3=   0.42857

    1   -1.46779186992091  -1.46779186992091
    2   -1.46776084673700  -1.46776084673700
    3   -1.46771038564777  -1.46771038564777
    4   -1.46745760862144  -1.46745760862144
    5   -1.46720611087659  -1.46720611087659
    6   -0.73342123136679  -0.73342123136679
    7   -0.73097479960466  -0.73097479960466
    8   -0.73095452415074  -0.73095452415074
    9   -0.72870001626490  -0.72870001626490
   10   -0.72794953920791  -0.72794953920791
   11   -0.56154303595940  -0.56154303595940
   12   -0.38114590855428  -0.38114590855428
   13   -0.26422638207315  -0.26422638207315
   14   -0.24574099478044  -0.24574099478044
   15   -0.06933776093611  -0.06933776093611
   16   -0.03174476866675  -0.03174476866675
   17    0.11601381383606   0.11601381383606
   18    0.11840597631902   0.11840597631902
   19    0.34508164794723   0.34508164794723
   20    0.68516711903052   0.68516711903052
   21    0.90745115343677   0.90745115343677
   22    0.92566398517998   0.92566398517998
   23    0.95078361160959   0.95078361160959
   24    1.67522344553245   1.67522344553245
   25    1.71284448725773   1.71284448725773
   26    1.89788073653139   1.89788073653139

   kloop=78
   k1=   0.28571 k2=  -0.00000 k3=   0.57143

    1   -1.46777224669671  -1.46777224669671
    2   -1.46776703713134  -1.46776703713134
    3   -1.46766999910880  -1.46766999910880
    4   -1.46738442173804  -1.46738442173804
    5   -1.46721684901455  -1.46721684901455
    6   -0.73346694270475  -0.73346694270475
    7   -0.73094609337564  -0.73094609337564
    8   -0.73092909902295  -0.73092909902295
    9   -0.72854097145717  -0.72854097145717
   10   -0.72803453525688  -0.72803453525688
   11   -0.54908951954681  -0.54908951954681
   12   -0.39993386509354  -0.39993386509354
   13   -0.29177912206784  -0.29177912206784
   14   -0.24110063667271  -0.24110063667271
   15   -0.06691951118121  -0.06691951118121
   16    0.02399733253827   0.02399733253827
   17    0.10406104578794   0.10406104578794
   18    0.12089048755221   0.12089048755221
   19    0.25949985079188   0.25949985079188
   20    0.70146043349304   0.70146043349304
   21    0.78859458358300   0.78859458358300
   22    0.90837280273970   0.90837280273970
   23    0.95106698861788   0.95106698861788
   24    1.58891392697012   1.58891392697012
   25    1.67346178701990   1.67346178701990
   26    2.24089113763177   2.24089113763177

   kloop=79
   k1=   0.28571 k2=  -0.00000 k3=   0.71429

    1   -1.46780664187525  -1.46780664187525
    2   -1.46777263063105  -1.46777263063105
    3   -1.46768195794230  -1.46768195794230
    4   -1.46733553397063  -1.46733553397063
    5   -1.46730619498631  -1.46730619498631
    6   -0.73325919818413  -0.73325919818413
    7   -0.73114249153814  -0.73114249153814
    8   -0.73103963933791  -0.73103963933791
    9   -0.72834743410728  -0.72834743410728
   10   -0.72822874911488  -0.72822874911488
   11   -0.55787684770224  -0.55787684770224
   12   -0.38715350905384  -0.38715350905384
   13   -0.29288769736189  -0.29288769736189
   14   -0.22498048872308  -0.22498048872308
   15   -0.06888389930576  -0.06888389930576
   16    0.06053821189618   0.06053821189618
   17    0.06412647150955   0.06412647150955
   18    0.09024092453257   0.09024092453257
   19    0.27965680216106   0.27965680216106
   20    0.80450711758885   0.80450711758885
   21    0.80982570943822   0.80982570943822
   22    0.92496803671437   0.92496803671437
   23    0.99211047747721   0.99211047747721
   24    1.39390719394281   1.39390719394281
   25    1.73125784630817   1.73125784630817
   26    2.40315423669290   2.40315423669290

   kloop=80
   k1=   0.28571 k2=  -0.00000 k3=   0.85714

    1   -1.46785043502324  -1.46785043502324
    2   -1.46782892085549  -1.46782892085549
    3   -1.46770402506859  -1.46770402506859
    4   -1.46739744570225  -1.46739744570225
    5   -1.46735443069256  -1.46735443069256
    6   -0.73288569187510  -0.73288569187510
    7   -0.73141768314504  -0.73141768314504
    8   -0.73128990753151  -0.73128990753151
    9   -0.72836234929582  -0.72836234929582
   10   -0.72826615647576  -0.72826615647576
   11   -0.57643041104723  -0.57643041104723
   12   -0.36423350346540  -0.36423350346540
   13   -0.25349941437769  -0.25349941437769
   14   -0.20574098426598  -0.20574098426598
   15   -0.09550238393624  -0.09550238393624
   16    0.02357943311175   0.02357943311175
   17    0.03466938298277   0.03466938298277
   18    0.08708083264101   0.08708083264101
   19    0.36879438393454   0.36879438393454
   20    0.88583043013150   0.88583043013150
   21    0.98061267296340   0.98061267296340
   22    1.10059532460600   1.10059532460600
   23    1.10884831113557   1.10884831113557
   24    1.50165695892688   1.50165695892688
   25    2.00157803522701   2.00157803522701
   26    2.27253788190022   2.27253788190022

   kloop=81
   k1=   0.28571 k2=   0.14286 k3=   0.00000

    1   -1.46785910303978  -1.46785910303978
    2   -1.46783817798650  -1.46783817798650
    3   -1.46777809884868  -1.46777809884868
    4   -1.46749257098471  -1.46749257098471
    5   -1.46737736696837  -1.46737736696837
    6   -0.73271125616567  -0.73271125616567
    7   -0.73146320630161  -0.73146320630161
    8   -0.73143941005476  -0.73143941005476
    9   -0.72853669190415  -0.72853669190415
   10   -0.72821584566745  -0.72821584566745
   11   -0.59078084184811  -0.59078084184811
   12   -0.32630478620807  -0.32630478620807
   13   -0.22267638542385  -0.22267638542385
   14   -0.21784952100498  -0.21784952100498
   15   -0.08774245560408  -0.08774245560408
   16   -0.03374501706468  -0.03374501706468
   17    0.04503432174484   0.04503432174484
   18    0.05937063139669   0.05937063139669
   19    0.38735891190928   0.38735891190928
   20    0.91934807894251   0.91934807894251
   21    1.10041528840248   1.10041528840248
   22    1.13267303110518   1.13267303110518
   23    1.25011565468651   1.25011565468651
   24    1.79861288402520   1.79861288402520
   25    1.87277681441538   1.87277681441538
   26    2.13806599493797   2.13806599493797

   kloop=82
   k1=   0.28571 k2=   0.14286 k3=   0.14286

    1   -1.46788959565311  -1.46788959565311
    2   -1.46785550967742  -1.46785550967742
    3   -1.46779175721328  -1.46779175721328
    4   -1.46748972752962  -1.46748972752962
    5   -1.46743649845982  -1.46743649845982
    6   -0.73246075108366  -0.73246075108366
    7   -0.73167758357258  -0.73167758357258
    8   -0.73153574271284  -0.73153574271284
    9   -0.72845751115777  -0.72845751115777
   10   -0.72832947418794  -0.72832947418794
   11   -0.59719831014116  -0.59719831014116
   12   -0.30827530238852  -0.30827530238852
   13   -0.22779840875844  -0.22779840875844
   14   -0.18906716713104  -0.18906716713104
   15   -0.10573826599864  -0.10573826599864
   16   -0.00625048077550  -0.00625048077550
   17    0.00087471366554   0.00087471366554
   18    0.04278824960969   0.04278824960969
   19    0.37370131135811   0.37370131135811
   20    0.98831270024626   0.98831270024626
   21    1.10172978574140   1.10172978574140
   22    1.25586026734726   1.25586026734726
   23    1.53694407555123   1.53694407555123
   24    1.58091914981749   1.58091914981749
   25    2.13701318077768   2.13701318077768
   26    2.27199862199278   2.27199862199278

   kloop=83
   k1=   0.28571 k2=   0.14286 k3=   0.28571

    1   -1.46786633112954  -1.46786633112954
    2   -1.46785468024633  -1.46785468024633
    3   -1.46776030699415  -1.46776030699415
    4   -1.46748827843662  -1.46748827843662
    5   -1.46737722066032  -1.46737722066032
    6   -0.73271010695281  -0.73271010695281
    7   -0.73145997698910  -0.73145997698910
    8   -0.73145191329673  -0.73145191329673
    9   -0.72853914076698  -0.72853914076698
   10   -0.72821306972398  -0.72821306972398
   11   -0.59071505129852  -0.59071505129852
   12   -0.32586776140600  -0.32586776140600
   13   -0.22264892791990  -0.22264892791990
   14   -0.21852977972300  -0.21852977972300
   15   -0.08840424667246  -0.08840424667246
   16   -0.03377656006879  -0.03377656006879
   17    0.04503009405312   0.04503009405312
   18    0.05938871359431   0.05938871359431
   19    0.38792716706419   0.38792716706419
   20    0.92169911333147   0.92169911333147
   21    1.10034374052984   1.10034374052984
   22    1.13274828424019   1.13274828424019
   23    1.25675552812311   1.25675552812311
   24    1.79616938204658   1.79616938204658
   25    1.87795727767596   1.87795727767596
   26    2.14149158282463   2.14149158282463

   kloop=84
   k1=   0.28571 k2=   0.14286 k3=   0.42857

    1   -1.46784122354007  -1.46784122354007
    2   -1.46779561563684  -1.46779561563684
    3   -1.46771524214237  -1.46771524214237
    4   -1.46744178863166  -1.46744178863166
    5   -1.46729146543091  -1.46729146543091
    6   -0.73309030669887  -0.73309030669887
    7   -0.73126453402592  -0.73126453402592
    8   -0.73114750045699  -0.73114750045699
    9   -0.72855172708846  -0.72855172708846
   10   -0.72811016243565  -0.72811016243565
   11   -0.57352193679633  -0.57352193679633
   12   -0.36103555246471  -0.36103555246471
   13   -0.26285308761063  -0.26285308761063
   14   -0.22684749560771  -0.22684749560771
   15   -0.06202790970380  -0.06202790970380
   16   -0.02295256547313  -0.02295256547313
   17    0.07459354049990   0.07459354049990
   18    0.08835870517125   0.08835870517125
   19    0.36446742516167   0.36446742516167
   20    0.77694285391944   0.77694285391944
   21    0.93244318977601   0.93244318977601
   22    1.00519496121302   1.00519496121302
   23    1.12628033760305   1.12628033760305
   24    1.53084066282346   1.53084066282346
   25    1.78148326191098   1.78148326191098
   26    2.12242152001015   2.12242152001015

   kloop=85
   k1=   0.28571 k2=   0.14286 k3=   0.57143

    1   -1.46780923658267  -1.46780923658267
    2   -1.46777212584880  -1.46777212584880
    3   -1.46766789377933  -1.46766789377933
    4   -1.46737197869986  -1.46737197869986
    5   -1.46725405911198  -1.46725405911198
    6   -0.73333052673173  -0.73333052673173
    7   -0.73111047542265  -0.73111047542265
    8   -0.73097650587938  -0.73097650587938
    9   -0.72846177738369  -0.72846177738369
   10   -0.72811097841754  -0.72811097841754
   11   -0.55515402029680  -0.55515402029680
   12   -0.39292412410650  -0.39292412410650
   13   -0.28300111130408  -0.28300111130408
   14   -0.24055158446315  -0.24055158446315
   15   -0.05462022089379  -0.05462022089379
   16    0.01833383167177   0.01833383167177
   17    0.07037426264751   0.07037426264751
   18    0.12369038533111   0.12369038533111
   19    0.28286241711535   0.28286241711535
   20    0.67720653947833   0.67720653947833
   21    0.82148616951426   0.82148616951426
   22    0.95509093983550   0.95509093983550
   23    1.05445858481261   1.05445858481261
   24    1.51180747543131   1.51180747543131
   25    1.71593372453958   1.71593372453958
   26    2.31080312097188   2.31080312097188

   kloop=86
   k1=   0.28571 k2=   0.14286 k3=   0.71429

    1   -1.46779908376105  -1.46779908376105
    2   -1.46777862160362  -1.46777862160362
    3   -1.46766929387042  -1.46766929387042
    4   -1.46737283595840  -1.46737283595840
    5   -1.46725463072801  -1.46725463072801
    6   -0.73332991679794  -0.73332991679794
    7   -0.73110706559829  -0.73110706559829
    8   -0.73097682133750  -0.73097682133750
    9   -0.72845874143651  -0.72845874143651
   10   -0.72811352560530  -0.72811352560530
   11   -0.55521298463061  -0.55521298463061
   12   -0.39296576741597  -0.39296576741597
   13   -0.28295236099220  -0.28295236099220
   14   -0.24051252897740  -0.24051252897740
   15   -0.05453644940962  -0.05453644940962
   16    0.01851488687641   0.01851488687641
   17    0.07094695455483   0.07094695455483
   18    0.12377675984899   0.12377675984899
   19    0.28177908211216   0.28177908211216
   20    0.67508985085108   0.67508985085108
   21    0.82146861896487   0.82146861896487
   22    0.95518217432383   0.95518217432383
   23    1.05497473256160   1.05497473256160
   24    1.51054214856354   1.51054214856354
   25    1.71493605987827   1.71493605987827
   26    2.30963496857986   2.30963496857986

   kloop=87
   k1=   0.28571 k2=   0.14286 k3=   0.85714

    1   -1.46782573459363  -1.46782573459363
    2   -1.46779386274477  -1.46779386274477
    3   -1.46772624921321  -1.46772624921321
    4   -1.46744523227165  -1.46744523227165
    5   -1.46729239466945  -1.46729239466945
    6   -0.73308969940147  -0.73308969940147
    7   -0.73125744535769  -0.73125744535769
    8   -0.73114605831942  -0.73114605831942
    9   -0.72854795916584  -0.72854795916584
   10   -0.72811353522563  -0.72811353522563
   11   -0.57362370638508  -0.57362370638508
   12   -0.36129138075742  -0.36129138075742
   13   -0.26270428005682  -0.26270428005682
   14   -0.22661060819332  -0.22661060819332
   15   -0.06150839663622  -0.06150839663622
   16   -0.02258289071487  -0.02258289071487
   17    0.07471990489877   0.07471990489877
   18    0.08864232436932   0.08864232436932
   19    0.36303233356915   0.36303233356915
   20    0.77275136491017   0.77275136491017
   21    0.93131678410817   0.93131678410817
   22    1.00281057609507   1.00281057609507
   23    1.12725513011999   1.12725513011999
   24    1.53030418490528   1.53030418490528
   25    1.77775089169274   1.77775089169274
   26    2.11931938957227   2.11931938957227

   kloop=88
   k1=   0.28571 k2=   0.28571 k3=   0.00000

    1   -1.46780353041901  -1.46780353041901
    2   -1.46779760992096  -1.46779760992096
    3   -1.46777873438693  -1.46777873438693
    4   -1.46750401073207  -1.46750401073207
    5   -1.46728033125601  -1.46728033125601
    6   -0.73312338301609  -0.73312338301609
    7   -0.73117184543877  -0.73117184543877
    8   -0.73116962975389  -0.73116962975389
    9   -0.72869228777061  -0.72869228777061
   10   -0.72804266130203  -0.72804266130203
   11   -0.58010321485948  -0.58010321485948
   12   -0.34554391206875  -0.34554391206875
   13   -0.23720938592269  -0.23720938592269
   14   -0.23675683876450  -0.23675683876450
   15   -0.08123428944766  -0.08123428944766
   16   -0.04629408264738  -0.04629408264738
   17    0.09022990144598   0.09022990144598
   18    0.09052270313576   0.09052270313576
   19    0.40192268797775   0.40192268797775
   20    0.79572178421672   0.79572178421672
   21    0.98796906826779   0.98796906826779
   22    0.99104797539269   0.99104797539269
   23    1.05694557470311   1.05694557470311
   24    1.75906566358229   1.75906566358229
   25    1.76425181237860   1.76425181237860
   26    1.91496290546835   1.91496290546835

   kloop=89
   k1=   0.28571 k2=   0.28571 k3=   0.14286

    1   -1.46787254647767  -1.46787254647767
    2   -1.46785045487698  -1.46785045487698
    3   -1.46775909025858  -1.46775909025858
    4   -1.46749026298278  -1.46749026298278
    5   -1.46737443589967  -1.46737443589967
    6   -0.73270760190364  -0.73270760190364
    7   -0.73147082625417  -0.73147082625417
    8   -0.73144300179240  -0.73144300179240
    9   -0.72853625750678  -0.72853625750678
   10   -0.72821508874572  -0.72821508874572
   11   -0.59074924299994  -0.59074924299994
   12   -0.32587865735753  -0.32587865735753
   13   -0.22281478217412  -0.22281478217412
   14   -0.21827923739354  -0.21827923739354
   15   -0.08831818719619  -0.08831818719619
   16   -0.03343296045378  -0.03343296045378
   17    0.04480435330465   0.04480435330465
   18    0.05932030186889   0.05932030186889
   19    0.38776195142910   0.38776195142910
   20    0.92006623966183   0.92006623966183
   21    1.09980133705941   1.09980133705941
   22    1.13282624939851   1.13282624939851
   23    1.25095960897309   1.25095960897309
   24    1.79631518841049   1.79631518841049
   25    1.87773871953562   1.87773871953562
   26    2.13806544626621   2.13806544626621

   kloop=90
   k1=   0.28571 k2=   0.28571 k3=   0.28571

    1   -1.46788966913481  -1.46788966913481
    2   -1.46788310457191  -1.46788310457191
    3   -1.46771954886432  -1.46771954886432
    4   -1.46742336997884  -1.46742336997884
    5   -1.46741909105223  -1.46741909105223
    6   -0.73255821654748  -0.73255821654748
    7   -0.73157315192742  -0.73157315192742
    8   -0.73156199757010  -0.73156199757010
    9   -0.72834932641071  -0.72834932641071
   10   -0.72834687066184  -0.72834687066184
   11   -0.58926017452108  -0.58926017452108
   12   -0.34107558323199  -0.34107558323199
   13   -0.20207928881899  -0.20207928881899
   14   -0.20167922422119  -0.20167922422119
   15   -0.13400069094603  -0.13400069094603
   16    0.01379989178012   0.01379989178012
   17    0.01421858270379   0.01421858270379
   18    0.06800637256214   0.06800637256214
   19    0.39129451000554   0.39129451000554
   20    0.93403305551965   0.93403305551965
   21    1.12429677833719   1.12429677833719
   22    1.23441142838400   1.23441142838400
   23    1.23598140190198   1.23598140190198
   24    2.05052601817530   2.05052601817530
   25    2.20990550286045   2.20990550286045
   26    2.21099100807564   2.21099100807564

   kloop=91
   k1=   0.28571 k2=   0.28571 k3=   0.42857

    1   -1.46786980362228  -1.46786980362228
    2   -1.46783853488299  -1.46783853488299
    3   -1.46768595518150  -1.46768595518150
    4   -1.46739347827604  -1.46739347827604
    5   -1.46735027404400  -1.46735027404400
    6   -0.73288463265459  -0.73288463265459
    7   -0.73142782793479  -0.73142782793479
    8   -0.73129548289252  -0.73129548289252
    9   -0.72836481747486  -0.72836481747486
   10   -0.72826235610448  -0.72826235610448
   11   -0.57631773261103  -0.57631773261103
   12   -0.36379851355504  -0.36379851355504
   13   -0.25384215878180  -0.25384215878180
   14   -0.20601038502843  -0.20601038502843
   15   -0.09632037839893  -0.09632037839893
   16    0.02358544724144   0.02358544724144
   17    0.03404482852824   0.03404482852824
   18    0.08702530784645   0.08702530784645
   19    0.37003602107386   0.37003602107386
   20    0.88613838499167   0.88613838499167
   21    0.98122101973972   0.98122101973972
   22    1.10327408857541   1.10327408857541
   23    1.10998752151447   1.10998752151447
   24    1.50229508480407   1.50229508480407
   25    2.00494334576695   2.00494334576695
   26    2.27545898246797   2.27545898246797

   kloop=92
   k1=   0.28571 k2=   0.28571 k3=   0.57143

    1   -1.46782341589869  -1.46782341589869
    2   -1.46777495429187  -1.46777495429187
    3   -1.46767101368832  -1.46767101368832
    4   -1.46733151629003  -1.46733151629003
    5   -1.46730381847796  -1.46730381847796
    6   -0.73326005658165  -0.73326005658165
    7   -0.73115074799501  -0.73115074799501
    8   -0.73104003698186  -0.73104003698186
    9   -0.72834248059033  -0.72834248059033
   10   -0.72823233666223  -0.72823233666223
   11   -0.55779362086128  -0.55779362086128
   12   -0.38699925906260  -0.38699925906260
   13   -0.29296741328765  -0.29296741328765
   14   -0.22520887774552  -0.22520887774552
   15   -0.06944120115089  -0.06944120115089
   16    0.06053048212742   0.06053048212742
   17    0.06437448925604   0.06437448925604
   18    0.08942771638418   0.08942771638418
   19    0.28082430462515   0.28082430462515
   20    0.80343281521388   0.80343281521388
   21    0.80900021918014   0.80900021918014
   22    0.92557293117025   0.92557293117025
   23    0.99229854307195   0.99229854307195
   24    1.39521792320586   1.39521792320586
   25    1.73040212056583   1.73040212056583
   26    2.39602516325173   2.39602516325173

   kloop=93
   k1=   0.28571 k2=   0.28571 k3=   0.71429

    1   -1.46778714689166  -1.46778714689166
    2   -1.46775810473186  -1.46775810473186
    3   -1.46766864243652  -1.46766864243652
    4   -1.46738131189874  -1.46738131189874
    5   -1.46721544679965  -1.46721544679965
    6   -0.73346662570879  -0.73346662570879
    7   -0.73095366717202  -0.73095366717202
    8   -0.73092394964183  -0.73092394964183
    9   -0.72853487924812  -0.72853487924812
   10   -0.72803837112100  -0.72803837112100
   11   -0.54911549057797  -0.54911549057797
   12   -0.39995121106826  -0.39995121106826
   13   -0.29157018036214  -0.29157018036214
   14   -0.24133648303117  -0.24133648303117
   15   -0.06740298831174  -0.06740298831174
   16    0.02479685475049   0.02479685475049
   17    0.10458989594101   0.10458989594101
   18    0.12076661687415   0.12076661687415
   19    0.25871792818200   0.25871792818200
   20    0.69857272691771   0.69857272691771
   21    0.78575938081940   0.78575938081940
   22    0.90977111944473   0.90977111944473
   23    0.95178252319088   0.95178252319088
   24    1.59028889252230   1.59028889252230
   25    1.66905059221710   1.66905059221710
   26    2.23067418296915   2.23067418296915

   kloop=94
   k1=   0.28571 k2=   0.28571 k3=   0.85714

    1   -1.46778195467144  -1.46778195467144
    2   -1.46777187043570  -1.46777187043570
    3   -1.46770911039303  -1.46770911039303
    4   -1.46745799907202  -1.46745799907202
    5   -1.46720492816780  -1.46720492816780
    6   -0.73341946005657  -0.73341946005657
    7   -0.73096529733193  -0.73096529733193
    8   -0.73096217913051  -0.73096217913051
    9   -0.72869475090138  -0.72869475090138
   10   -0.72795286560003  -0.72795286560003
   11   -0.56163009565485  -0.56163009565485
   12   -0.38128822256480  -0.38128822256480
   13   -0.26372503308504  -0.26372503308504
   14   -0.24601357447959  -0.24601357447959
   15   -0.06965344499714  -0.06965344499714
   16   -0.03075099873135  -0.03075099873135
   17    0.11647131686517   0.11647131686517
   18    0.11824554721528   0.11824554721528
   19    0.34380107832163   0.34380107832163
   20    0.68115042089058   0.68115042089058
   21    0.90400113526193   0.90400113526193
   22    0.92456793261353   0.92456793261353
   23    0.95428592640750   0.95428592640750
   24    1.67003170847503   1.67003170847503
   25    1.71476715061728   1.71476715061728
   26    1.89726585417519   1.89726585417519

   kloop=95
   k1=   0.28571 k2=   0.42857 k3=   0.00000

    1   -1.46779351224849  -1.46779351224849
    2   -1.46777257219229  -1.46777257219229
    3   -1.46769890935953  -1.46769890935953
    4   -1.46745818201224  -1.46745818201224
    5   -1.46720353371109  -1.46720353371109
    6   -0.73341730301570  -0.73341730301570
    7   -0.73096951646288  -0.73096951646288
    8   -0.73096314164881  -0.73096314164881
    9   -0.72869530819556  -0.72869530819556
   10   -0.72795216025735  -0.72795216025735
   11   -0.56163418267252  -0.56163418267252
   12   -0.38120979501016  -0.38120979501016
   13   -0.26414164156349  -0.26414164156349
   14   -0.24557223061530  -0.24557223061530
   15   -0.06907844450809  -0.06907844450809
   16   -0.03147687378013  -0.03147687378013
   17    0.11601437100422   0.11601437100422
   18    0.11815462745799   0.11815462745799
   19    0.34466758252278   0.34466758252278
   20    0.68195249599952   0.68195249599952
   21    0.90803445898311   0.90803445898311
   22    0.92468904676055   0.92468904676055
   23    0.95129026944854   0.95129026944854
   24    1.67836827175509   1.67836827175509
   25    1.71276021173886   1.71276021173886
   26    1.89805478596780   1.89805478596780

   kloop=96
   k1=   0.28571 k2=   0.42857 k3=   0.14286

    1   -1.46784605299349  -1.46784605299349
    2   -1.46780245441609  -1.46780245441609
    3   -1.46770643279919  -1.46770643279919
    4   -1.46744276504655  -1.46744276504655
    5   -1.46728809564828  -1.46728809564828
    6   -0.73308583764408  -0.73308583764408
    7   -0.73127146902900  -0.73127146902900
    8   -0.73114640638227  -0.73114640638227
    9   -0.72854789096028  -0.72854789096028
   10   -0.72811223146196  -0.72811223146196
   11   -0.57359158189241  -0.57359158189241
   12   -0.36096245780352  -0.36096245780352
   13   -0.26265786002180  -0.26265786002180
   14   -0.22702182400906  -0.22702182400906
   15   -0.06194334950066  -0.06194334950066
   16   -0.02260097063311  -0.02260097063311
   17    0.07431507934381   0.07431507934381
   18    0.08833099792474   0.08833099792474
   19    0.36403207421577   0.36403207421577
   20    0.77320452948138   0.77320452948138
   21    0.93354035229597   0.93354035229597
   22    1.00315519348754   1.00315519348754
   23    1.12533689174369   1.12533689174369
   24    1.53049466803674   1.53049466803674
   25    1.77981021652941   1.77981021652941
   26    2.12297690381751   2.12297690381751

   kloop=97
   k1=   0.28571 k2=   0.42857 k3=   0.28571

    1   -1.46787367071210  -1.46787367071210
    2   -1.46783970975016  -1.46783970975016
    3   -1.46768308688517  -1.46768308688517
    4   -1.46739619957550  -1.46739619957550
    5   -1.46734588946421  -1.46734588946421
    6   -0.73288165219924  -0.73288165219924
    7   -0.73143638166801  -0.73143638166801
    8   -0.73129156298676  -0.73129156298676
    9   -0.72836214845853  -0.72836214845853
   10   -0.72826414883883  -0.72826414883883
   11   -0.57635139604079  -0.57635139604079
   12   -0.36370198828428  -0.36370198828428
   13   -0.25362106122107  -0.25362106122107
   14   -0.20633587502207  -0.20633587502207
   15   -0.09636184842663  -0.09636184842663
   16    0.02390442591029   0.02390442591029
   17    0.03395058589282   0.03395058589282
   18    0.08689216584798   0.08689216584798
   19    0.36975421812257   0.36975421812257
   20    0.88558334957760   0.88558334957760
   21    0.98164312446707   0.98164312446707
   22    1.09967205502618   1.09967205502618
   23    1.10865383544059   1.10865383544059
   24    1.50162397798202   1.50162397798202
   25    2.00217655581286   2.00217655581286
   26    2.27676975553439   2.27676975553439

   kloop=98
   k1=   0.28571 k2=   0.42857 k3=   0.42857

    1   -1.46785770828284  -1.46785770828284
    2   -1.46783940699940  -1.46783940699940
    3   -1.46765568153801  -1.46765568153801
    4   -1.46739595854492  -1.46739595854492
    5   -1.46729605038823  -1.46729605038823
    6   -0.73304086126079  -0.73304086126079
    7   -0.73127990871540  -0.73127990871540
    8   -0.73125612996661  -0.73125612996661
    9   -0.72843563694478  -0.72843563694478
   10   -0.72814791128995  -0.72814791128995
   11   -0.56898828221841  -0.56898828221841
   12   -0.37998672164513  -0.37998672164513
   13   -0.24563333815464  -0.24563333815464
   14   -0.22545773267327  -0.22545773267327
   15   -0.09258632511387  -0.09258632511387
   16    0.00663807956214   0.00663807956214
   17    0.06001089423946   0.06001089423946
   18    0.11013171531503   0.11013171531503
   19    0.35851812989693   0.35851812989693
   20    0.80072750207527   0.80072750207527
   21    0.95633721496046   0.95633721496046
   22    0.99335669364574   0.99335669364574
   23    1.04898317319744   1.04898317319744
   24    1.75659942823570   1.75659942823570
   25    1.86566747856197   1.86566747856197
   26    2.25110581979604   2.25110581979604

   kloop=99
   k1=   0.28571 k2=   0.42857 k3=   0.57143

    1   -1.46781349892210  -1.46781349892210
    2   -1.46778572434173  -1.46778572434173
    3   -1.46765459715064  -1.46765459715064
    4   -1.46737100926026  -1.46737100926026
    5   -1.46725161700061  -1.46725161700061
    6   -0.73333060247917  -0.73333060247917
    7   -0.73111135666741  -0.73111135666741
    8   -0.73098177404831  -0.73098177404831
    9   -0.72845922924274  -0.72845922924274
   10   -0.72811194806192  -0.72811194806192
   11   -0.55513196427587  -0.55513196427587
   12   -0.39273976209942  -0.39273976209942
   13   -0.28318256527163  -0.28318256527163
   14   -0.24065383164722  -0.24065383164722
   15   -0.05505058107720  -0.05505058107720
   16    0.01867289314285   0.01867289314285
   17    0.07046482486596   0.07046482486596
   18    0.12327418148774   0.12327418148774
   19    0.28284982314206   0.28284982314206
   20    0.67548023387792   0.67548023387792
   21    0.82184095748813   0.82184095748813
   22    0.95481287873962   0.95481287873962
   23    1.05534241160587   1.05534241160587
   24    1.51063777838195   1.51063777838195
   25    1.71494753206415   1.71494753206415
   26    2.30650822640870   2.30650822640870

   kloop=100
   k1=   0.28571 k2=   0.42857 k3=   0.71429

    1   -1.46776858557026  -1.46776858557026
    2   -1.46773468984386  -1.46773468984386
    3   -1.46767620103476  -1.46767620103476
    4   -1.46737741990932  -1.46737741990932
    5   -1.46720310313743  -1.46720310313743
    6   -0.73354411277751  -0.73354411277751
    7   -0.73096022872730  -0.73096022872730
    8   -0.73077687898607  -0.73077687898607
    9   -0.72854120027246  -0.72854120027246
   10   -0.72804053473316  -0.72804053473316
   11   -0.54407703531663  -0.54407703531663
   12   -0.40268251896805  -0.40268251896805
   13   -0.29432123662816  -0.29432123662816
   14   -0.26182310651576  -0.26182310651576
   15   -0.03460471097448  -0.03460471097448
   16    0.03171713582510   0.03171713582510
   17    0.06636125419421   0.06636125419421
   18    0.13831983892693   0.13831983892693
   19    0.24673038630851   0.24673038630851
   20    0.58621778031318   0.58621778031318
   21    0.79193445239957   0.79193445239957
   22    0.86284440341925   0.86284440341925
   23    1.12015939091255   1.12015939091255
   24    1.59377878101401   1.59377878101401
   25    1.69810906559860   1.69810906559860
   26    2.07693962815273   2.07693962815273

   kloop=101
   k1=   0.28571 k2=   0.42857 k3=   0.85714

    1   -1.46776343838427  -1.46776343838427
    2   -1.46773521878344  -1.46773521878344
    3   -1.46768826970707  -1.46768826970707
    4   -1.46742653940683  -1.46742653940683
    5   -1.46716860917198  -1.46716860917198
    6   -0.73359148117483  -0.73359148117483
    7   -0.73089380215994  -0.73089380215994
    8   -0.73076754485871  -0.73076754485871
    9   -0.72867900106564  -0.72867900106564
   10   -0.72793062365706  -0.72793062365706
   11   -0.54739914370686  -0.54739914370686
   12   -0.40050220048457  -0.40050220048457
   13   -0.27753359602621  -0.27753359602621
   14   -0.26434984800668  -0.26434984800668
   15   -0.04067420405016  -0.04067420405016
   16   -0.02688843373697  -0.02688843373697
   17    0.10428433478385   0.10428433478385
   18    0.15213830191258   0.15213830191258
   19    0.28774834435497   0.28774834435497
   20    0.59964423534485   0.59964423534485
   21    0.81878329792089   0.81878329792089
   22    0.86528699161745   0.86528699161745
   23    1.05870028312756   1.05870028312756
   24    1.63890645732320   1.63890645732320
   25    1.68935505234764   1.68935505234764
   26    1.89247260729733   1.89247260729733

   kloop=102
   k1=   0.28571 k2=   0.57143 k3=   0.00000

    1   -1.46778379705195  -1.46778379705195
    2   -1.46776938400837  -1.46776938400837
    3   -1.46766011916571  -1.46766011916571
    4   -1.46738359659991  -1.46738359659991
    5   -1.46721418739481  -1.46721418739481
    6   -0.73346244005936  -0.73346244005936
    7   -0.73095604591414  -0.73095604591414
    8   -0.73092593811324  -0.73092593811324
    9   -0.72853607864308  -0.72853607864308
   10   -0.72803711129082  -0.72803711129082
   11   -0.54918171696892  -0.54918171696892
   12   -0.39989120083116  -0.39989120083116
   13   -0.29183577751802  -0.29183577751802
   14   -0.24092298241639  -0.24092298241639
   15   -0.06673246522591  -0.06673246522591
   16    0.02421230932543   0.02421230932543
   17    0.10414733194001   0.10414733194001
   18    0.12061598723501   0.12061598723501
   19    0.25945873207585   0.25945873207585
   20    0.69880206123926   0.69880206123926
   21    0.78975166966900   0.78975166966900
   22    0.90791346252399   0.90791346252399
   23    0.95221949808819   0.95221949808819
   24    1.58839950023458   1.58839950023458
   25    1.67681835569339   1.67681835569339
   26    2.23839943715148   2.23839943715148

   kloop=103
   k1=   0.28571 k2=   0.57143 k3=   0.14286

    1   -1.46781598794800  -1.46781598794800
    2   -1.46778162416665  -1.46778162416665
    3   -1.46765639709121  -1.46765639709121
    4   -1.46737045899704  -1.46737045899704
    5   -1.46725192913508  -1.46725192913508
    6   -0.73332612251432  -0.73332612251432
    7   -0.73111886633772  -0.73111886633772
    8   -0.73097666542771  -0.73097666542771
    9   -0.72845866631551  -0.72845866631551
   10   -0.72811209847044  -0.72811209847044
   11   -0.55523485525802  -0.55523485525802
   12   -0.39276781519835  -0.39276781519835
   13   -0.28287710924502  -0.28287710924502
   14   -0.24071735035488  -0.24071735035488
   15   -0.05460109193312  -0.05460109193312
   16    0.01839156673978   0.01839156673978
   17    0.07035068301355   0.07035068301355
   18    0.12360055855277   0.12360055855277
   19    0.28263304409466   0.28263304409466
   20    0.67544931425618   0.67544931425618
   21    0.82197750360787   0.82197750360787
   22    0.95462039977541   0.95462039977541
   23    1.05440643847571   1.05440643847571
   24    1.51218946932394   1.51218946932394
   25    1.71451098563312   1.71451098563312
   26    2.31205997709986   2.31205997709986

   kloop=104
   k1=   0.28571 k2=   0.57143 k3=   0.28571

    1   -1.46782891175211  -1.46782891175211
    2   -1.46778203475673  -1.46778203475673
    3   -1.46766250728405  -1.46766250728405
    4   -1.46732661788396  -1.46732661788396
    5   -1.46730581188413  -1.46730581188413
    6   -0.73325778688386  -0.73325778688386
    7   -0.73116073280814  -0.73116073280814
    8   -0.73103654662176  -0.73103654662176
    9   -0.72834483257542  -0.72834483257542
   10   -0.72822886806335  -0.72822886806335
   11   -0.55784025028064  -0.55784025028064
   12   -0.38680621515693  -0.38680621515693
   13   -0.29280193754136  -0.29280193754136
   14   -0.22550808307931  -0.22550808307931
   15   -0.06972725761218  -0.06972725761218
   16    0.06038595518470   0.06038595518470
   17    0.06461350990423   0.06461350990423
   18    0.08944165939640   0.08944165939640
   19    0.28047070106290   0.28047070106290
   20    0.80524115426022   0.80524115426022
   21    0.80669299095376   0.80669299095376
   22    0.92458220595301   0.92458220595301
   23    0.99101948227465   0.99101948227465
   24    1.39514263628881   1.39514263628881
   25    1.72788981783445   1.72788981783445
   26    2.39985677823393   2.39985677823393

   kloop=105
   k1=   0.28571 k2=   0.57143 k3=   0.42857

    1   -1.46781740756425  -1.46781740756425
    2   -1.46778586482276  -1.46778586482276
    3   -1.46765264573028  -1.46765264573028
    4   -1.46736873560326  -1.46736873560326
    5   -1.46725245562811  -1.46725245562811
    6   -0.73333010446433  -0.73333010446433
    7   -0.73111998042218  -0.73111998042218
    8   -0.73097587261045  -0.73097587261045
    9   -0.72846063822895  -0.72846063822895
   10   -0.72811043089445  -0.72811043089445
   11   -0.55514253780560  -0.55514253780560
   12   -0.39265001457077  -0.39265001457077
   13   -0.28298035074962  -0.28298035074962
   14   -0.24087362435912  -0.24087362435912
   15   -0.05520620152796  -0.05520620152796
   16    0.01835276909189   0.01835276909189
   17    0.07035428663406   0.07035428663406
   18    0.12359544233399   0.12359544233399
   19    0.28262097572226   0.28262097572226
   20    0.67700647496908   0.67700647496908
   21    0.82179233576645   0.82179233576645
   22    0.95476017430219   0.95476017430219
   23    1.05258059836588   1.05258059836588
   24    1.51152566790586   1.51152566790586
   25    1.71629140097273   1.71629140097273
   26    2.31132403670307   2.31132403670307

   kloop=106
   k1=   0.28571 k2=   0.57143 k3=   0.57143

    1   -1.46778664423572  -1.46778664423572
    2   -1.46777422522318  -1.46777422522318
    3   -1.46765548309188  -1.46765548309188
    4   -1.46738093790220  -1.46738093790220
    5   -1.46721470385110  -1.46721470385110
    6   -0.73346751660550  -0.73346751660550
    7   -0.73095539068546  -0.73095539068546
    8   -0.73092711710119  -0.73092711710119
    9   -0.72853760800498  -0.72853760800498
   10   -0.72803576331285  -0.72803576331285
   11   -0.54906007041149  -0.54906007041149
   12   -0.39976786542360  -0.39976786542360
   13   -0.29177175425963  -0.29177175425963
   14   -0.24136527747993  -0.24136527747993
   15   -0.06756922498691  -0.06756922498691
   16    0.02453908761615   0.02453908761615
   17    0.10419973770974   0.10419973770974
   18    0.12026640218287   0.12026640218287
   19    0.25954979237726   0.25954979237726
   20    0.70048849257465   0.70048849257465
   21    0.78705925205612   0.78705925205612
   22    0.90851485405994   0.90851485405994
   23    0.95103772980117   0.95103772980117
   24    1.58941277595002   1.58941277595002
   25    1.67101392719327   1.67101392719327
   26    2.23504990504437   2.23504990504437

   kloop=107
   k1=   0.28571 k2=   0.57143 k3=   0.71429

    1   -1.46776603006798  -1.46776603006798
    2   -1.46773609827035  -1.46773609827035
    3   -1.46767659268541  -1.46767659268541
    4   -1.46737770629618  -1.46737770629618
    5   -1.46720356751167  -1.46720356751167
    6   -0.73354409877178  -0.73354409877178
    7   -0.73095965349359  -0.73095965349359
    8   -0.73077704079065  -0.73077704079065
    9   -0.72854249595452  -0.72854249595452
   10   -0.72803953248563  -0.72803953248563
   11   -0.54408187397300  -0.54408187397300
   12   -0.40266794720059  -0.40266794720059
   13   -0.29433176804276  -0.29433176804276
   14   -0.26182280223557  -0.26182280223557
   15   -0.03451047278013  -0.03451047278013
   16    0.03146921626292   0.03146921626292
   17    0.06652618383074   0.06652618383074
   18    0.13831638639418   0.13831638639418
   19    0.24677309753513   0.24677309753513
   20    0.58615688696483   0.58615688696483
   21    0.79218075984796   0.79218075984796
   22    0.86288026289460   0.86288026289460
   23    1.12044942474170   1.12044942474170
   24    1.59360782767724   1.59360782767724
   25    1.69695362497310   1.69695362497310
   26    2.07866714780358   2.07866714780358

   kloop=108
   k1=   0.28571 k2=   0.57143 k3=   0.85714

    1   -1.46776413127364  -1.46776413127364
    2   -1.46773317889326  -1.46773317889326
    3   -1.46767975825400  -1.46767975825400
    4   -1.46737918861222  -1.46737918861222
    5   -1.46720332394818  -1.46720332394818
    6   -0.73354179841121  -0.73354179841121
    7   -0.73095987069781  -0.73095987069781
    8   -0.73077653709292  -0.73077653709292
    9   -0.72854184663934  -0.72854184663934
   10   -0.72804017882970  -0.72804017882970
   11   -0.54413822755854  -0.54413822755854
   12   -0.40272344551223  -0.40272344551223
   13   -0.29443993587645  -0.29443993587645
   14   -0.26154185752932  -0.26154185752932
   15   -0.03381658709635  -0.03381658709635
   16    0.03110015416403   0.03110015416403
   17    0.06638068513517   0.06638068513517
   18    0.13833977599776   0.13833977599776
   19    0.24692833692895   0.24692833692895
   20    0.58622246118026   0.58622246118026
   21    0.79230785498468   0.79230785498468
   22    0.86234742899850   0.86234742899850
   23    1.12214959823612   1.12214959823612
   24    1.59318197254059   1.59318197254059
   25    1.70024859531056   1.70024859531056
   26    2.08283392812659   2.08283392812659

   kloop=109
   k1=   0.28571 k2=   0.71429 k3=   0.00000

    1   -1.46781718467415  -1.46781718467415
    2   -1.46777123622636  -1.46777123622636
    3   -1.46767670826840  -1.46767670826840
    4   -1.46733462683700  -1.46733462683700
    5   -1.46730405657561  -1.46730405657561
    6   -0.73325499117330  -0.73325499117330
    7   -0.73115082370361  -0.73115082370361
    8   -0.73103883236860  -0.73103883236860
    9   -0.72834373883842  -0.72834373883842
   10   -0.72823122262079  -0.72823122262079
   11   -0.55791388465296  -0.55791388465296
   12   -0.38709289383061  -0.38709289383061
   13   -0.29302244666947  -0.29302244666947
   14   -0.22483104721743  -0.22483104721743
   15   -0.06871353982398  -0.06871353982398
   16    0.06037437906236   0.06037437906236
   17    0.06428848972993   0.06428848972993
   18    0.08994092754126   0.08994092754126
   19    0.28012591721370   0.28012591721370
   20    0.80190432558478   0.80190432558478
   21    0.81176730399219   0.81176730399219
   22    0.92534928574114   0.92534928574114
   23    0.99265904692630   0.99265904692630
   24    1.39416576833044   1.39416576833044
   25    1.73391593925432   1.73391593925432
   26    2.40001328507318   2.40001328507318

   kloop=110
   k1=   0.28571 k2=   0.71429 k3=   0.14286

    1   -1.46780997785123  -1.46780997785123
    2   -1.46778200445484  -1.46778200445484
    3   -1.46765980192751  -1.46765980192751
    4   -1.46736910708066  -1.46736910708066
    5   -1.46725499288841  -1.46725499288841
    6   -0.73332652653365  -0.73332652653365
    7   -0.73111469904401  -0.73111469904401
    8   -0.73097796745158  -0.73097796745158
    9   -0.72846031150037  -0.72846031150037
   10   -0.72811094732711  -0.72811094732711
   11   -0.55524213893070  -0.55524213893070
   12   -0.39279969333528  -0.39279969333528
   13   -0.28302542519213  -0.28302542519213
   14   -0.24055552936837  -0.24055552936837
   15   -0.05455320230369  -0.05455320230369
   16    0.01823732809400   0.01823732809400
   17    0.07098183698620   0.07098183698620
   18    0.12366908055483   0.12366908055483
   19    0.28214932469325   0.28214932469325
   20    0.67639796082958   0.67639796082958
   21    0.82056201973764   0.82056201973764
   22    0.95509007076306   0.95509007076306
   23    1.05482970207557   1.05482970207557
   24    1.51016200858296   1.51016200858296
   25    1.71592356748496   1.71592356748496
   26    2.30940369851310   2.30940369851310

   kloop=111
   k1=   0.28571 k2=   0.71429 k3=   0.28571

    1   -1.46779311385297  -1.46779311385297
    2   -1.46776682595180  -1.46776682595180
    3   -1.46765815128223  -1.46765815128223
    4   -1.46737694254153  -1.46737694254153
    5   -1.46721711237394  -1.46721711237394
    6   -0.73346612491256  -0.73346612491256
    7   -0.73096449672423  -0.73096449672423
    8   -0.73091921287260  -0.73091921287260
    9   -0.72853816390110  -0.72853816390110
   10   -0.72803474017493  -0.72803474017493
   11   -0.54912228286616  -0.54912228286616
   12   -0.39973141792921  -0.39973141792921
   13   -0.29149914322617  -0.29149914322617
   14   -0.24160379575043  -0.24160379575043
   15   -0.06779684386353  -0.06779684386353
   16    0.02461575189974   0.02461575189974
   17    0.10474333363360   0.10474333363360
   18    0.12060557547568   0.12060557547568
   19    0.25887739066271   0.25887739066271
   20    0.70103728868535   0.70103728868535
   21    0.78414879910773   0.78414879910773
   22    0.90993895719779   0.90993895719779
   23    0.95001555107803   0.95001555107803
   24    1.59126111992374   1.59126111992374
   25    1.66616453953121   1.66616453953121
   26    2.23412950409276   2.23412950409276

   kloop=112
   k1=   0.28571 k2=   0.71429 k3=   0.42857

    1   -1.46777332979730  -1.46777332979730
    2   -1.46773601374271  -1.46773601374271
    3   -1.46767232498049  -1.46767232498049
    4   -1.46737362396602  -1.46737362396602
    5   -1.46720570635451  -1.46720570635451
    6   -0.73354508128805  -0.73354508128805
    7   -0.73096600569888  -0.73096600569888
    8   -0.73077341253157  -0.73077341253157
    9   -0.72854503875824  -0.72854503875824
   10   -0.72803742193580  -0.72803742193580
   11   -0.54405420139419  -0.54405420139419
   12   -0.40253546550953  -0.40253546550953
   13   -0.29422943804572  -0.29422943804572
   14   -0.26199134013541  -0.26199134013541
   15   -0.03503647806743  -0.03503647806743
   16    0.03131057215155   0.03131057215155
   17    0.06626974273967   0.06626974273967
   18    0.13821674228907   0.13821674228907
   19    0.24714522487536   0.24714522487536
   20    0.58817885482393   0.58817885482393
   21    0.79126314191570   0.79126314191570
   22    0.86237597265685   0.86237597265685
   23    1.11818170834187   1.11818170834187
   24    1.59621769484273   1.59621769484273
   25    1.70006639038905   1.70006639038905
   26    2.08497422589544   2.08497422589544

   kloop=113
   k1=   0.28571 k2=   0.71429 k3=   0.57143

    1   -1.46776612305731  -1.46776612305731
    2   -1.46773439989397  -1.46773439989397
    3   -1.46767815807885  -1.46767815807885
    4   -1.46737613742215  -1.46737613742215
    5   -1.46720550401594  -1.46720550401594
    6   -0.73354502044290  -0.73354502044290
    7   -0.73096328686248  -0.73096328686248
    8   -0.73077312725194  -0.73077312725194
    9   -0.72854478654805  -0.72854478654805
   10   -0.72803826849856  -0.72803826849856
   11   -0.54405316685774  -0.54405316685774
   12   -0.40263249030450  -0.40263249030450
   13   -0.29433648087718  -0.29433648087718
   14   -0.26177454722390  -0.26177454722390
   15   -0.03469155969386  -0.03469155969386
   16    0.03130726492538   0.03130726492538
   17    0.06607295712615   0.06607295712615
   18    0.13824914285694   0.13824914285694
   19    0.24715151178691   0.24715151178691
   20    0.58834471953881   0.58834471953881
   21    0.79134875355700   0.79134875355700
   22    0.86210029175398   0.86210029175398
   23    1.11899666859797   1.11899666859797
   24    1.59599533587799   1.59599533587799
   25    1.70239365832815   1.70239365832815
   26    2.08580451917410   2.08580451917410

   kloop=114
   k1=   0.28571 k2=   0.71429 k3=   0.71429

    1   -1.46778356284325  -1.46778356284325
    2   -1.46775798040636  -1.46775798040636
    3   -1.46767087753375  -1.46767087753375
    4   -1.46738149467539  -1.46738149467539
    5   -1.46721672211590  -1.46721672211590
    6   -0.73346648378649  -0.73346648378649
    7   -0.73095359246094  -0.73095359246094
    8   -0.73092314750061  -0.73092314750061
    9   -0.72853754571598  -0.72853754571598
   10   -0.72803640741667  -0.72803640741667
   11   -0.54912389232247  -0.54912389232247
   12   -0.39994277659688  -0.39994277659688
   13   -0.29154850618706  -0.29154850618706
   14   -0.24133470958176  -0.24133470958176
   15   -0.06731001097345  -0.06731001097345
   16    0.02455051744054   0.02455051744054
   17    0.10458550867212   0.10458550867212
   18    0.12093799642680   0.12093799642680
   19    0.25875266851393   0.25875266851393
   20    0.69975253991645   0.69975253991645
   21    0.78575241490456   0.78575241490456
   22    0.90979375127476   0.90979375127476
   23    0.95121189561739   0.95121189561739
   24    1.59044366465504   1.59044366465504
   25    1.66887202209136   1.66887202209136
   26    2.23380739900701   2.23380739900701

   kloop=115
   k1=   0.28571 k2=   0.71429 k3=   0.85714

    1   -1.46780663392617  -1.46780663392617
    2   -1.46777013415153  -1.46777013415153
    3   -1.46767130144047  -1.46767130144047
    4   -1.46737216414176  -1.46737216414176
    5   -1.46725445088253  -1.46725445088253
    6   -0.73332759867139  -0.73332759867139
    7   -0.73111034493177  -0.73111034493177
    8   -0.73097618712933  -0.73097618712933
    9   -0.72845921376110  -0.72845921376110
   10   -0.72811263425078  -0.72811263425078
   11   -0.55524626606302  -0.55524626606302
   12   -0.39297980869027  -0.39297980869027
   13   -0.28291876047220  -0.28291876047220
   14   -0.24051727829858  -0.24051727829858
   15   -0.05419670184735  -0.05419670184735
   16    0.01830017919841   0.01830017919841
   17    0.07098354502144   0.07098354502144
   18    0.12375916854103   0.12375916854103
   19    0.28211030154173   0.28211030154173
   20    0.67492758212110   0.67492758212110
   21    0.82077159260654   0.82077159260654
   22    0.95534352716855   0.95534352716855
   23    1.05661204168298   1.05661204168298
   24    1.51019049527680   1.51019049527680
   25    1.71426053821851   1.71426053821851
   26    2.30774146451595   2.30774146451595

   kloop=116
   k1=   0.28571 k2=   0.85714 k3=   0.00000

    1   -1.46785939159897  -1.46785939159897
    2   -1.46782234715627  -1.46782234715627
    3   -1.46770370680589  -1.46770370680589
    4   -1.46739646616841  -1.46739646616841
    5   -1.46735395663020  -1.46735395663020
    6   -0.73288230103508  -0.73288230103508
    7   -0.73142448466850  -0.73142448466850
    8   -0.73128870808424  -0.73128870808424
    9   -0.72836485442371  -0.72836485442371
   10   -0.72826359150845  -0.72826359150845
   11   -0.57643064108945  -0.57643064108945
   12   -0.36419537326199  -0.36419537326199
   13   -0.25362828746181  -0.25362828746181
   14   -0.20565993673269  -0.20565993673269
   15   -0.09541016937698  -0.09541016937698
   16    0.02380912244620   0.02380912244620
   17    0.03421449543170   0.03421449543170
   18    0.08706484867523   0.08706484867523
   19    0.36909211914200   0.36909211914200
   20    0.88588616699659   0.88588616699659
   21    0.97930382587831   0.97930382587831
   22    1.10323928177725   1.10323928177725
   23    1.11043096205868   1.11043096205868
   24    1.50159102179712   1.50159102179712
   25    2.00380669700177   2.00380669700177
   26    2.27168320674925   2.27168320674925

   kloop=117
   k1=   0.28571 k2=   0.85714 k3=   0.14286

    1   -1.46783561983311  -1.46783561983311
    2   -1.46779214556255  -1.46779214556255
    3   -1.46772120531701  -1.46772120531701
    4   -1.46744260340926  -1.46744260340926
    5   -1.46729306409030  -1.46729306409030
    6   -0.73308719030052  -0.73308719030052
    7   -0.73126333026566  -0.73126333026566
    8   -0.73114714544016  -0.73114714544016
    9   -0.72855122398994  -0.72855122398994
   10   -0.72811049674673  -0.72811049674673
   11   -0.57360515680897  -0.57360515680897
   12   -0.36112504698314  -0.36112504698314
   13   -0.26291613725141  -0.26291613725141
   14   -0.22663171804593  -0.22663171804593
   15   -0.06153223712202  -0.06153223712202
   16   -0.02280498258108  -0.02280498258108
   17    0.07465405533128   0.07465405533128
   18    0.08859975465194   0.08859975465194
   19    0.36351425159453   0.36351425159453
   20    0.77590418342111   0.77590418342111
   21    0.92965325331354   0.92965325331354
   22    1.00474805700085   1.00474805700085
   23    1.12782066059814   1.12782066059814
   24    1.52932338562328   1.52932338562328
   25    1.77875438428366   1.77875438428366
   26    2.11897672438416   2.11897672438416

   kloop=118
   k1=   0.28571 k2=   0.85714 k3=   0.28571

    1   -1.46778349683943  -1.46778349683943
    2   -1.46778131149342  -1.46778131149342
    3   -1.46770067011014  -1.46770067011014
    4   -1.46745503154585  -1.46745503154585
    5   -1.46720659467175  -1.46720659467175
    6   -0.73342036142314  -0.73342036142314
    7   -0.73097362191823  -0.73097362191823
    8   -0.73095786576627  -0.73095786576627
    9   -0.72869866717106  -0.72869866717106
   10   -0.72794968007116  -0.72794968007116
   11   -0.56158208284837  -0.56158208284837
   12   -0.38107450508954  -0.38107450508954
   13   -0.26380473362905  -0.26380473362905
   14   -0.24625609552297  -0.24625609552297
   15   -0.07010264730889  -0.07010264730889
   16   -0.03082226259459  -0.03082226259459
   17    0.11656251716611   0.11656251716611
   18    0.11817887089227   0.11817887089227
   19    0.34422187404081   0.34422187404081
   20    0.68442524033602   0.68442524033602
   21    0.90301013310778   0.90301013310778
   22    0.92535187851426   0.92535187851426
   23    0.95354083338498   0.95354083338498
   24    1.66765921622839   1.66765921622839
   25    1.71435046921363   1.71435046921363
   26    1.89663222647982   1.89663222647982

   kloop=119
   k1=   0.28571 k2=   0.85714 k3=   0.42857

    1   -1.46776385834488  -1.46776385834488
    2   -1.46773266607411  -1.46773266607411
    3   -1.46769067633772  -1.46769067633772
    4   -1.46742449615092  -1.46742449615092
    5   -1.46717114462345  -1.46717114462345
    6   -0.73359420874025  -0.73359420874025
    7   -0.73089693035297  -0.73089693035297
    8   -0.73076427402102  -0.73076427402102
    9   -0.72868382459290  -0.72868382459290
   10   -0.72792751811781  -0.72792751811781
   11   -0.54732288542576  -0.54732288542576
   12   -0.40036343769691  -0.40036343769691
   13   -0.27764955801919  -0.27764955801919
   14   -0.26443293744902  -0.26443293744902
   15   -0.04112613140091  -0.04112613140091
   16   -0.02718049864482  -0.02718049864482
   17    0.10413175795598   0.10413175795598
   18    0.15230517010273   0.15230517010273
   19    0.28805829952973   0.28805829952973
   20    0.60218885986553   0.60218885986553
   21    0.81832418997126   0.81832418997126
   22    0.86529646547117   0.86529646547117
   23    1.05674923665816   1.05674923665816
   24    1.63914941874858   1.63914941874858
   25    1.69107617523241   1.69107617523241
   26    1.89298483708029   1.89298483708029

   kloop=120
   k1=   0.28571 k2=   0.85714 k3=   0.57143

    1   -1.46775600901812  -1.46775600901812
    2   -1.46773303980722  -1.46773303980722
    3   -1.46768593419657  -1.46768593419657
    4   -1.46737836236230  -1.46737836236230
    5   -1.46720633503045  -1.46720633503045
    6   -0.73354467147192  -0.73354467147192
    7   -0.73096026643666  -0.73096026643666
    8   -0.73077292408766  -0.73077292408766
    9   -0.72854654145804  -0.72854654145804
   10   -0.72803753921082  -0.72803753921082
   11   -0.54406711033389  -0.54406711033389
   12   -0.40268897582056  -0.40268897582056
   13   -0.29445249893241  -0.29445249893241
   14   -0.26157165077386  -0.26157165077386
   15   -0.03416897719202  -0.03416897719202
   16    0.03080949306136   0.03080949306136
   17    0.06620583122376   0.06620583122376
   18    0.13827096906760   0.13827096906760
   19    0.24725094032378   0.24725094032378
   20    0.58836803179981   0.58836803179981
   21    0.79187511091005   0.79187511091005
   22    0.86188472542322   0.86188472542322
   23    1.12036020287110   1.12036020287110
   24    1.59549519336390   1.59549519336390
   25    1.70247629299275   1.70247629299275
   26    2.09005735287328   2.09005735287328

   kloop=121
   k1=   0.28571 k2=   0.85714 k3=   0.71429

    1   -1.46779747856871  -1.46779747856871
    2   -1.46777667391472  -1.46777667391472
    3   -1.46767189733826  -1.46767189733826
    4   -1.46737213578537  -1.46737213578537
    5   -1.46725626432283  -1.46725626432283
    6   -0.73332966458006  -0.73332966458006
    7   -0.73110837460601  -0.73110837460601
    8   -0.73097488570254  -0.73097488570254
    9   -0.72846132419735  -0.72846132419735
   10   -0.72811155285420  -0.72811155285420
   11   -0.55521791947212  -0.55521791947212
   12   -0.39298122157699  -0.39298122157699
   13   -0.28290483882148  -0.28290483882148
   14   -0.24048253999585  -0.24048253999585
   15   -0.05449162164533  -0.05449162164533
   16    0.01830032008300   0.01830032008300
   17    0.07089945542563   0.07089945542563
   18    0.12395874383241   0.12395874383241
   19    0.28180398746385   0.28180398746385
   20    0.67678210676403   0.67678210676403
   21    0.82116266842384   0.82116266842384
   22    0.95523904715109   0.95523904715109
   23    1.05360778196075   1.05360778196075
   24    1.51114647308620   1.51114647308620
   25    1.71632818481521   1.71632818481521
   26    2.31264878210337   2.31264878210337

   kloop=122
   k1=   0.28571 k2=   0.85714 k3=   0.85714

    1   -1.46783865899988  -1.46783865899988
    2   -1.46782850618047  -1.46782850618047
    3   -1.46767496547709  -1.46767496547709
    4   -1.46739791116060  -1.46739791116060
    5   -1.46730172103157  -1.46730172103157
    6   -0.73304057315056  -0.73304057315056
    7   -0.73126766446958  -0.73126766446958
    8   -0.73125298409945  -0.73125298409945
    9   -0.72843557258108  -0.72843557258108
   10   -0.72814961738153  -0.72814961738153
   11   -0.56910313467067  -0.56910313467067
   12   -0.38042434325240  -0.38042434325240
   13   -0.24512925743324  -0.24512925743324
   14   -0.22538240341488  -0.22538240341488
   15   -0.09170903907946  -0.09170903907946
   16    0.00660075989225   0.00660075989225
   17    0.06067683168015   0.06067683168015
   18    0.11037969308735   0.11037969308735
   19    0.35750505032456   0.35750505032456
   20    0.80063789176641   0.80063789176641
   21    0.95529796199007   0.95529796199007
   22    0.99101511034860   0.99101511034860
   23    1.05047747643453   1.05047747643453
   24    1.75315005583235   1.75315005583235
   25    1.86420935031394   1.86420935031394
   26    2.24818406828447   2.24818406828447

   kloop=123
   k1=   0.42857 k2=  -0.00000 k3=   0.00000

    1   -1.46786602030830  -1.46786602030830
    2   -1.46785604100173  -1.46785604100173
    3   -1.46764416893115  -1.46764416893115
    4   -1.46734412205355  -1.46734412205355
    5   -1.46734124997221  -1.46734124997221
    6   -0.73289793078931  -0.73289793078931
    7   -0.73138876966210  -0.73138876966210
    8   -0.73138102739420  -0.73138102739420
    9   -0.72826029925305  -0.72826029925305
   10   -0.72825668726740  -0.72825668726740
   11   -0.56821892913406  -0.56821892913406
   12   -0.39313088490735  -0.39313088490735
   13   -0.21146470603781  -0.21146470603781
   14   -0.21110053587978  -0.21110053587978
   15   -0.13929710988513  -0.13929710988513
   16    0.03096006523973   0.03096006523973
   17    0.03165590058630   0.03165590058630
   18    0.13712808294445   0.13712808294445
   19    0.37545769204926   0.37545769204926
   20    0.87989541857331   0.87989541857331
   21    1.01764078986053   1.01764078986053
   22    1.01944844129015   1.01944844129015
   23    1.05052731503647   1.05052731503647
   24    2.19067668022983   2.19067668022983
   25    2.19761654361461   2.19761654361461
   26    2.28950980174427   2.28950980174427

   kloop=124
   k1=   0.42857 k2=  -0.00000 k3=   0.14286

    1   -1.46784564895402  -1.46784564895402
    2   -1.46782116291906  -1.46782116291906
    3   -1.46767538205142  -1.46767538205142
    4   -1.46739955364358  -1.46739955364358
    5   -1.46730033963623  -1.46730033963623
    6   -0.73303990211618  -0.73303990211618
    7   -0.73127609877406  -0.73127609877406
    8   -0.73124633162796  -0.73124633162796
    9   -0.72843831187959  -0.72843831187959
   10   -0.72814768636478  -0.72814768636478
   11   -0.56907834173355  -0.56907834173355
   12   -0.38042144874596  -0.38042144874596
   13   -0.24532160382321  -0.24532160382321
   14   -0.22513090659341  -0.22513090659341
   15   -0.09173189708476  -0.09173189708476
   16    0.00664390980746   0.00664390980746
   17    0.06018004714358   0.06018004714358
   18    0.11035785765022   0.11035785765022
   19    0.35816234568564   0.35816234568564
   20    0.80274888528365   0.80274888528365
   21    0.95631912411290   0.95631912411290
   22    0.99336932558009   0.99336932558009
   23    1.04895919939832   1.04895919939832
   24    1.75883444977284   1.75883444977284
   25    1.86519419980648   1.86519419980648
   26    2.25116301853119   2.25116301853119

   kloop=125
   k1=   0.42857 k2=  -0.00000 k3=   0.28571

    1   -1.46778878423443  -1.46778878423443
    2   -1.46776069232236  -1.46776069232236
    3   -1.46771282034515  -1.46771282034515
    4   -1.46745795299801  -1.46745795299801
    5   -1.46720635787688  -1.46720635787688
    6   -0.73342070613393  -0.73342070613393
    7   -0.73097426843127  -0.73097426843127
    8   -0.73095442736738  -0.73095442736738
    9   -0.72869984548980  -0.72869984548980
   10   -0.72794965213310  -0.72794965213310
   11   -0.56156399151979  -0.56156399151979
   12   -0.38116195650807  -0.38116195650807
   13   -0.26420880291385  -0.26420880291385
   14   -0.24572891634067  -0.24572891634067
   15   -0.06930731198753  -0.06930731198753
   16   -0.03167108123847  -0.03167108123847
   17    0.11605793525267   0.11605793525267
   18    0.11856518679999   0.11856518679999
   19    0.34478370975458   0.34478370975458
   20    0.68489204561882   0.68489204561882
   21    0.90686951201809   0.90686951201809
   22    0.92554815471904   0.92554815471904
   23    0.95129337353455   0.95129337353455
   24    1.67453337371115   1.67453337371115
   25    1.71222308589701   1.71222308589701
   26    1.89735954633843   1.89735954633843

   kloop=126
   k1=   0.42857 k2=  -0.00000 k3=   0.42857

    1   -1.46774739657076  -1.46774739657076
    2   -1.46772486393637  -1.46772486393637
    3   -1.46771784628860  -1.46771784628860
    4   -1.46747550532097  -1.46747550532097
    5   -1.46712674741035  -1.46712674741035
    6   -0.73370769530097  -0.73370769530097
    7   -0.73075361611714  -0.73075361611714
    8   -0.73073484828730  -0.73073484828730
    9   -0.72885034440588  -0.72885034440588
   10   -0.72780068034204  -0.72780068034204
   11   -0.54935048302476  -0.54935048302476
   12   -0.40100670841153  -0.40100670841153
   13   -0.25833696648523  -0.25833696648523
   14   -0.25779373662037  -0.25779373662037
   15   -0.08095669009389  -0.08095669009389
   16   -0.05847656587736  -0.05847656587736
   17    0.15837448080130   0.15837448080130
   18    0.15895361167863   0.15895361167863
   19    0.34865454208809   0.34865454208809
   20    0.67823153409031   0.67823153409031
   21    0.85851787676931   0.85851787676931
   22    0.86213645897148   0.86213645897148
   23    0.87938037424549   0.87938037424549
   24    1.55794756989835   1.55794756989835
   25    1.68618985671677   1.68618985671677
   26    1.69344238935192   1.69344238935192

   kloop=127
   k1=   0.42857 k2=  -0.00000 k3=   0.57143

    1   -1.46773659136476  -1.46773659136476
    2   -1.46772802462072  -1.46772802462072
    3   -1.46769796827339  -1.46769796827339
    4   -1.46744680923461  -1.46744680923461
    5   -1.46713154962926  -1.46713154962926
    6   -0.73371532427810  -0.73371532427810
    7   -0.73074378024068  -0.73074378024068
    8   -0.73073067014343  -0.73073067014343
    9   -0.72878100504913  -0.72878100504913
   10   -0.72783929452840  -0.72783929452840
   11   -0.54296948876829  -0.54296948876829
   12   -0.40830511059459  -0.40830511059459
   13   -0.27932922297113  -0.27932922297113
   14   -0.25596029611605  -0.25596029611605
   15   -0.06915923261136  -0.06915923261136
   16   -0.03683644505544  -0.03683644505544
   17    0.15280507524588   0.15280507524588
   18    0.15496843558285   0.15496843558285
   19    0.29613195376667   0.29613195376667
   20    0.65159640251620   0.65159640251620
   21    0.80386370872431   0.80386370872431
   22    0.83444111349008   0.83444111349008
   23    0.96097460246771   0.96097460246771
   24    1.59139735971688   1.59139735971688
   25    1.67362590409974   1.67362590409974
   26    1.79932343468340   1.79932343468340

   kloop=128
   k1=   0.42857 k2=  -0.00000 k3=   0.71429

    1   -1.46777090901495  -1.46777090901495
    2   -1.46776523252052  -1.46776523252052
    3   -1.46767245705216  -1.46767245705216
    4   -1.46738465442580  -1.46738465442580
    5   -1.46721708341969  -1.46721708341969
    6   -0.73346625311517  -0.73346625311517
    7   -0.73094608105135  -0.73094608105135
    8   -0.73092859735685  -0.73092859735685
    9   -0.72854084535686  -0.72854084535686
   10   -0.72803465347993  -0.72803465347993
   11   -0.54911316017844  -0.54911316017844
   12   -0.39995441382789  -0.39995441382789
   13   -0.29174027044125  -0.29174027044125
   14   -0.24108884043421  -0.24108884043421
   15   -0.06685649553290  -0.06685649553290
   16    0.02402903652273   0.02402903652273
   17    0.10413598411943   0.10413598411943
   18    0.12102324843956   0.12102324843956
   19    0.25930952378417   0.25930952378417
   20    0.70127561036337   0.70127561036337
   21    0.78826437603551   0.78826437603551
   22    0.90865516055556   0.90865516055556
   23    0.95107559997686   0.95107559997686
   24    1.58913560135447   1.58913560135447
   25    1.67290548022279   1.67290548022279
   26    2.24062670407722   2.24062670407722

   kloop=129
   k1=   0.42857 k2=  -0.00000 k3=   0.85714

    1   -1.46783101659598  -1.46783101659598
    2   -1.46782847601925  -1.46782847601925
    3   -1.46764353920402  -1.46764353920402
    4   -1.46733630975526  -1.46733630975526
    5   -1.46730890464498  -1.46730890464498
    6   -0.73311940097855  -0.73311940097855
    7   -0.73124050125524  -0.73124050125524
    8   -0.73119987542239  -0.73119987542239
    9   -0.72830723185728  -0.72830723185728
   10   -0.72821418329469  -0.72821418329469
   11   -0.56018168376310  -0.56018168376310
   12   -0.39792956373996  -0.39792956373996
   13   -0.25724487011038  -0.25724487011038
   14   -0.22037499267745  -0.22037499267745
   15   -0.09544634093819  -0.09544634093819
   16    0.03219471306718   0.03219471306718
   17    0.05071741965874   0.05071741965874
   18    0.13375103991540   0.13375103991540
   19    0.32059772635740   0.32059772635740
   20    0.81312148178681   0.81312148178681
   21    0.90488208443580   0.90488208443580
   22    0.92387014673521   0.92387014673521
   23    1.03042402012596   1.03042402012596
   24    1.67782077195796   1.67782077195796
   25    1.85465293152232   1.85465293152232
   26    2.44848386488390   2.44848386488390

   kloop=130
   k1=   0.42857 k2=   0.14286 k3=   0.00000

    1   -1.46784043810394  -1.46784043810394
    2   -1.46782678688837  -1.46782678688837
    3   -1.46767480834931  -1.46767480834931
    4   -1.46739975091222  -1.46739975091222
    5   -1.46729989180195  -1.46729989180195
    6   -0.73304023835028  -0.73304023835028
    7   -0.73126860467550  -0.73126860467550
    8   -0.73125217264640  -0.73125217264640
    9   -0.72843458136331  -0.72843458136331
   10   -0.72815062814310  -0.72815062814310
   11   -0.56910027115320  -0.56910027115320
   12   -0.38047172232532  -0.38047172232532
   13   -0.24529943761210  -0.24529943761210
   14   -0.22503575542395  -0.22503575542395
   15   -0.09165856155654  -0.09165856155654
   16    0.00651279025873   0.00651279025873
   17    0.06047287703571   0.06047287703571
   18    0.11033625810210   0.11033625810210
   19    0.35795341186400   0.35795341186400
   20    0.79929610954883   0.79929610954883
   21    0.95652014952465   0.95652014952465
   22    0.99395766675072   0.99395766675072
   23    1.04888256173705   1.04888256173705
   24    1.76015448230850   1.76015448230850
   25    1.86566828235928   1.86566828235928
   26    2.24942860982887   2.24942860982887

   kloop=131
   k1=   0.42857 k2=   0.14286 k3=   0.14286

    1   -1.46786158052068  -1.46786158052068
    2   -1.46782371901100  -1.46782371901100
    3   -1.46770168166489  -1.46770168166489
    4   -1.46739788865359  -1.46739788865359
    5   -1.46735127326353  -1.46735127326353
    6   -0.73288419965958  -0.73288419965958
    7   -0.73142529403132  -0.73142529403132
    8   -0.73128803414774  -0.73128803414774
    9   -0.72836419720876  -0.72836419720876
   10   -0.72826425853828  -0.72826425853828
   11   -0.57639601684645  -0.57639601684645
   12   -0.36417955682485  -0.36417955682485
   13   -0.25333727227692  -0.25333727227692
   14   -0.20598606034365  -0.20598606034365
   15   -0.09568101979580  -0.09568101979580
   16    0.02390533681619   0.02390533681619
   17    0.03401946908791   0.03401946908791
   18    0.08696243613450   0.08696243613450
   19    0.36963882644329   0.36963882644329
   20    0.88573051191494   0.88573051191494
   21    0.98172682956909   0.98172682956909
   22    1.10249864379701   1.10249864379701
   23    1.10927755131972   1.10927755131972
   24    1.50309082348795   1.50309082348795
   25    2.00142248504862   2.00142248504862
   26    2.27643746578345   2.27643746578345

   kloop=132
   k1=   0.42857 k2=   0.14286 k3=   0.28571

    1   -1.46783791594371  -1.46783791594371
    2   -1.46779734956804  -1.46779734956804
    3   -1.46771580864070  -1.46771580864070
    4   -1.46744219411409  -1.46744219411409
    5   -1.46729186015764  -1.46729186015764
    6   -0.73308987430363  -0.73308987430363
    7   -0.73126533398240  -0.73126533398240
    8   -0.73114586317127  -0.73114586317127
    9   -0.72855168251265  -0.72855168251265
   10   -0.72811014846631  -0.72811014846631
   11   -0.57354428542978  -0.57354428542978
   12   -0.36104677016637  -0.36104677016637
   13   -0.26280556285422  -0.26280556285422
   14   -0.22684574464206  -0.22684574464206
   15   -0.06197128567911  -0.06197128567911
   16   -0.02296469626250  -0.02296469626250
   17    0.07461677984104   0.07461677984104
   18    0.08853463170992   0.08853463170992
   19    0.36408811749493   0.36408811749493
   20    0.77702874316665   0.77702874316665
   21    0.93263906472490   0.93263906472490
   22    1.00482278887390   1.00482278887390
   23    1.12515734244082   1.12515734244082
   24    1.52989757170963   1.52989757170963
   25    1.78146346923813   1.78146346923813
   26    2.12197549220944   2.12197549220944

   kloop=133
   k1=   0.42857 k2=   0.14286 k3=   0.42857

    1   -1.46778711180448  -1.46778711180448
    2   -1.46778357820528  -1.46778357820528
    3   -1.46769612330364  -1.46769612330364
    4   -1.46745486844141  -1.46745486844141
    5   -1.46720582895979  -1.46720582895979
    6   -0.73342249421580  -0.73342249421580
    7   -0.73097322938169  -0.73097322938169
    8   -0.73095900561932  -0.73095900561932
    9   -0.72869902194278  -0.72869902194278
   10   -0.72794952531328  -0.72794952531328
   11   -0.56151436847623  -0.56151436847623
   12   -0.38105427879964  -0.38105427879964
   13   -0.26383018184519  -0.26383018184519
   14   -0.24629573909781  -0.24629573909781
   15   -0.07019112837163  -0.07019112837163
   16   -0.03106103191513  -0.03106103191513
   17    0.11638672883592   0.11638672883592
   18    0.11781664238197   0.11781664238197
   19    0.34508690746891   0.34508690746891
   20    0.68521033178641   0.68521033178641
   21    0.90458703055464   0.90458703055464
   22    0.92581015659930   0.92581015659930
   23    0.95221900091665   0.95221900091665
   24    1.66970142026238   1.66970142026238
   25    1.71623783186973   1.71623783186973
   26    1.89821649392465   1.89821649392465

   kloop=134
   k1=   0.42857 k2=   0.14286 k3=   0.57143

    1   -1.46776570454091  -1.46776570454091
    2   -1.46773478511929  -1.46773478511929
    3   -1.46768745265413  -1.46768745265413
    4   -1.46742461087012  -1.46742461087012
    5   -1.46717039487409  -1.46717039487409
    6   -0.73359513539973  -0.73359513539973
    7   -0.73089513211921  -0.73089513211921
    8   -0.73076649332756  -0.73076649332756
    9   -0.72868353815065  -0.72868353815065
   10   -0.72792758550073  -0.72792758550073
   11   -0.54728678659885  -0.54728678659885
   12   -0.40037596750064  -0.40037596750064
   13   -0.27767691735466  -0.27767691735466
   14   -0.26446521788772  -0.26446521788772
   15   -0.04108485170932  -0.04108485170932
   16   -0.02728439873719  -0.02728439873719
   17    0.10391822441288   0.10391822441288
   18    0.15237461946503   0.15237461946503
   19    0.28838964785455   0.28838964785455
   20    0.60202287905240   0.60202287905240
   21    0.81817594085126   0.81817594085126
   22    0.86588366702833   0.86588366702833
   23    1.05718118895345   1.05718118895345
   24    1.63673831501185   1.63673831501185
   25    1.69083056147528   1.69083056147528
   26    1.89153327428264   1.89153327428264

   kloop=135
   k1=   0.42857 k2=   0.14286 k3=   0.71429

    1   -1.46775579635417  -1.46775579635417
    2   -1.46773424597867  -1.46773424597867
    3   -1.46768498373864  -1.46768498373864
    4   -1.46737918205120  -1.46737918205120
    5   -1.46720526695529  -1.46720526695529
    6   -0.73354419237548  -0.73354419237548
    7   -0.73095843058983  -0.73095843058983
    8   -0.73077490181556  -0.73077490181556
    9   -0.72854516358228  -0.72854516358228
   10   -0.72803836985552  -0.72803836985552
   11   -0.54408187901134  -0.54408187901134
   12   -0.40270712502231  -0.40270712502231
   13   -0.29445014997464  -0.29445014997464
   14   -0.26159632639912  -0.26159632639912
   15   -0.03407546641381  -0.03407546641381
   16    0.03089145370763   0.03089145370763
   17    0.06643476595712   0.06643476595712
   18    0.13831025298890   0.13831025298890
   19    0.24705498334198   0.24705498334198
   20    0.58724684151056   0.58724684151056
   21    0.79230324089086   0.79230324089086
   22    0.86228256108442   0.86228256108442
   23    1.12110313198461   1.12110313198461
   24    1.59425426233369   1.59425426233369
   25    1.69968552772892   1.69968552772892
   26    2.08638818239853   2.08638818239853

   kloop=136
   k1=   0.42857 k2=   0.14286 k3=   0.85714

    1   -1.46779742559754  -1.46779742559754
    2   -1.46777589083870  -1.46777589083870
    3   -1.46767194114157  -1.46767194114157
    4   -1.46737418155063  -1.46737418155063
    5   -1.46725470931523  -1.46725470931523
    6   -0.73332847762108  -0.73332847762108
    7   -0.73110645930178  -0.73110645930178
    8   -0.73097673757919  -0.73097673757919
    9   -0.72845951731536  -0.72845951731536
   10   -0.72811310570113  -0.72811310570113
   11   -0.55524013118455  -0.55524013118455
   12   -0.39303989434904  -0.39303989434904
   13   -0.28292364938817  -0.28292364938817
   14   -0.24038232898830  -0.24038232898830
   15   -0.05419618465805  -0.05419618465805
   16    0.01866408549732   0.01866408549732
   17    0.07041104127920   0.07041104127920
   18    0.12382738120581   0.12382738120581
   19    0.28203875494216   0.28203875494216
   20    0.67528786203732   0.67528786203732
   21    0.82199290181532   0.82199290181532
   22    0.95429707058051   0.95429707058051
   23    1.05625947746303   1.05625947746303
   24    1.51393504831573   1.51393504831573
   25    1.71606091290541   1.71606091290541
   26    2.31296293456689   2.31296293456689

   kloop=137
   k1=   0.42857 k2=   0.28571 k3=   0.00000

    1   -1.46778236817425  -1.46778236817425
    2   -1.46776816649565  -1.46776816649565
    3   -1.46771144743281  -1.46771144743281
    4   -1.46745888860678  -1.46745888860678
    5   -1.46720489621272  -1.46720489621272
    6   -0.73341906889397  -0.73341906889397
    7   -0.73096509494184  -0.73096509494184
    8   -0.73096211347932  -0.73096211347932
    9   -0.72869543170898  -0.72869543170898
   10   -0.72795256936585  -0.72795256936585
   11   -0.56162617207825  -0.56162617207825
   12   -0.38134331785466  -0.38134331785466
   13   -0.26400865290821  -0.26400865290821
   14   -0.24557935449670  -0.24557935449670
   15   -0.06903850967935  -0.06903850967935
   16   -0.03152601220160  -0.03152601220160
   17    0.11623826572807   0.11623826572807
   18    0.11840625408806   0.11840625408806
   19    0.34432413961727   0.34432413961727
   20    0.68168602095341   0.68168602095341
   21    0.90753712560250   0.90753712560250
   22    0.92450672371993   0.92450672371993
   23    0.95224478546170   0.95224478546170
   24    1.67779760345141   1.67779760345141
   25    1.71271031881498   1.71271031881498
   26    1.89782082371769   1.89782082371769

   kloop=138
   k1=   0.42857 k2=   0.28571 k3=   0.14286

    1   -1.46783848092017  -1.46783848092017
    2   -1.46779704621332  -1.46779704621332
    3   -1.46771542668263  -1.46771542668263
    4   -1.46744370862707  -1.46744370862707
    5   -1.46729005902029  -1.46729005902029
    6   -0.73308860354923  -0.73308860354923
    7   -0.73126290256425  -0.73126290256425
    8   -0.73114789883602  -0.73114789883602
    9   -0.72854802935604  -0.72854802935604
   10   -0.72811286143581  -0.72811286143581
   11   -0.57358330925536  -0.57358330925536
   12   -0.36113035468255  -0.36113035468255
   13   -0.26272384947215  -0.26272384947215
   14   -0.22680780340307  -0.22680780340307
   15   -0.06178774965402  -0.06178774965402
   16   -0.02258279071775  -0.02258279071775
   17    0.07451347920922   0.07451347920922
   18    0.08831955672884   0.08831955672884
   19    0.36389589176601   0.36389589176601
   20    0.77294039196503   0.77294039196503
   21    0.93230404850610   0.93230404850610
   22    1.00333343948316   1.00333343948316
   23    1.12739168723482   1.12739168723482
   24    1.53134947184567   1.53134947184567
   25    1.77886223474410   1.77886223474410
   26    2.12155787768335   2.12155787768335

   kloop=139
   k1=   0.42857 k2=   0.28571 k3=   0.28571

    1   -1.46786712147214  -1.46786712147214
    2   -1.46784076965868  -1.46784076965868
    3   -1.46768578353021  -1.46768578353021
    4   -1.46739392786455  -1.46739392786455
    5   -1.46735024502058  -1.46735024502058
    6   -0.73288438301543  -0.73288438301543
    7   -0.73142755893687  -0.73142755893687
    8   -0.73129498851670  -0.73129498851670
    9   -0.72836302932966  -0.72836302932966
   10   -0.72826385894507  -0.72826385894507
   11   -0.57633977272289  -0.57633977272289
   12   -0.36378946413711  -0.36378946413711
   13   -0.25382457874891  -0.25382457874891
   14   -0.20602910320887  -0.20602910320887
   15   -0.09627613363794  -0.09627613363794
   16    0.02356031514889   0.02356031514889
   17    0.03425810303246   0.03425810303246
   18    0.08702608660323   0.08702608660323
   19    0.36965117194196   0.36965117194196
   20    0.88599768476666   0.88599768476666
   21    0.98103055090178   0.98103055090178
   22    1.10082546385054   1.10082546385054
   23    1.10997787465248   1.10997787465248
   24    1.50159178638516   1.50159178638516
   25    2.00406279596088   2.00406279596088
   26    2.27456187593713   2.27456187593713

   kloop=140
   k1=   0.42857 k2=   0.28571 k3=   0.42857

    1   -1.46785158940638  -1.46785158940638
    2   -1.46784523600387  -1.46784523600387
    3   -1.46765591366503  -1.46765591366503
    4   -1.46739291172294  -1.46739291172294
    5   -1.46729904227845  -1.46729904227845
    6   -0.73304253409957  -0.73304253409957
    7   -0.73126948431486  -0.73126948431486
    8   -0.73126488201857  -0.73126488201857
    9   -0.72843631942352  -0.72843631942352
   10   -0.72814728777848  -0.72814728777848
   11   -0.56897345088942  -0.56897345088942
   12   -0.38000552704357  -0.38000552704357
   13   -0.24537509887187  -0.24537509887187
   14   -0.22574329479532  -0.22574329479532
   15   -0.09264434270276  -0.09264434270276
   16    0.00633523006154   0.00633523006154
   17    0.06038151069141   0.06038151069141
   18    0.11020718456562   0.11020718456562
   19    0.35839658321483   0.35839658321483
   20    0.80215825701701   0.80215825701701
   21    0.95589825491947   0.95589825491947
   22    0.99235814044089   0.99235814044089
   23    1.04965202024960   1.04965202024960
   24    1.75394341082559   1.75394341082559
   25    1.86643537702018   1.86643537702018
   26    2.25103214907921   2.25103214907921

   kloop=141
   k1=   0.42857 k2=   0.28571 k3=   0.57143

    1   -1.46781504239313  -1.46781504239313
    2   -1.46778538927937  -1.46778538927937
    3   -1.46765472626738  -1.46765472626738
    4   -1.46736790177757  -1.46736790177757
    5   -1.46725364608045  -1.46725364608045
    6   -0.73333139626958  -0.73333139626958
    7   -0.73111519462461  -0.73111519462461
    8   -0.73097845698408  -0.73097845698408
    9   -0.72846039907791  -0.72846039907791
   10   -0.72811079873376  -0.72811079873376
   11   -0.55511659536388  -0.55511659536388
   12   -0.39271341288913  -0.39271341288913
   13   -0.28306756990890  -0.28306756990890
   14   -0.24078992846605  -0.24078992846605
   15   -0.05517122431578  -0.05517122431578
   16    0.01812984695864   0.01812984695864
   17    0.07081520422547   0.07081520422547
   18    0.12348742021320   0.12348742021320
   19    0.28276907114663   0.28276907114663
   20    0.67689166065817   0.67689166065817
   21    0.82124669412055   0.82124669412055
   22    0.95529240999902   0.95529240999902
   23    1.05371983902879   1.05371983902879
   24    1.51006393950205   1.51006393950205
   25    1.71594157081096   1.71594157081096
   26    2.30758193302894   2.30758193302894

   kloop=142
   k1=   0.42857 k2=   0.28571 k3=   0.71429

    1   -1.46776873758211  -1.46776873758211
    2   -1.46773370344321  -1.46773370344321
    3   -1.46767710634286  -1.46767710634286
    4   -1.46737646560374  -1.46737646560374
    5   -1.46720410892554  -1.46720410892554
    6   -0.73354454614073  -0.73354454614073
    7   -0.73096208352897  -0.73096208352897
    8   -0.73077489424303  -0.73077489424303
    9   -0.72854217650755  -0.72854217650755
   10   -0.72804003830392  -0.72804003830392
   11   -0.54406308622110  -0.54406308622110
   12   -0.40266527589827  -0.40266527589827
   13   -0.29432363998419  -0.29432363998419
   14   -0.26179939118238  -0.26179939118238
   15   -0.03469276440232  -0.03469276440232
   16    0.03163844244992   0.03163844244992
   17    0.06613649192377   0.06613649192377
   18    0.13829129271513   0.13829129271513
   19    0.24691371510733   0.24691371510733
   20    0.58728223341530   0.58728223341530
   21    0.79153416493797   0.79153416493797
   22    0.86246234284713   0.86246234284713
   23    1.11944384974983   1.11944384974983
   24    1.59493356177008   1.59493356177008
   25    1.70076181625471   1.70076181625471
   26    2.08040998872400   2.08040998872400

   kloop=143
   k1=   0.42857 k2=   0.28571 k3=   0.85714

    1   -1.46775489803122  -1.46775489803122
    2   -1.46773552372492  -1.46773552372492
    3   -1.46769487644502  -1.46769487644502
    4   -1.46742676051003  -1.46742676051003
    5   -1.46716960591043  -1.46716960591043
    6   -0.73359231106743  -0.73359231106743
    7   -0.73089335850298  -0.73089335850298
    8   -0.73076538892226  -0.73076538892226
    9   -0.72867940097444  -0.72867940097444
   10   -0.72793079197319  -0.72793079197319
   11   -0.54738759916778  -0.54738759916778
   12   -0.40055423552289  -0.40055423552289
   13   -0.27752502999280  -0.27752502999280
   14   -0.26427396437647  -0.26427396437647
   15   -0.04074629240131  -0.04074629240131
   16   -0.02691565116644  -0.02691565116644
   17    0.10435655130354   0.10435655130354
   18    0.15219254187899   0.15219254187899
   19    0.28759424982449   0.28759424982449
   20    0.60012773983088   0.60012773983088
   21    0.81900850879318   0.81900850879318
   22    0.86485724420555   0.86485724420555
   23    1.05813617221091   1.05813617221091
   24    1.64050051953387   1.64050051953387
   25    1.69100489375335   1.69100489375335
   26    1.89408567359584   1.89408567359584

   kloop=144
   k1=   0.42857 k2=   0.42857 k3=   0.00000

    1   -1.46774242760828  -1.46774242760828
    2   -1.46773708497040  -1.46773708497040
    3   -1.46771016784079  -1.46771016784079
    4   -1.46747701140034  -1.46747701140034
    5   -1.46712469917026  -1.46712469917026
    6   -0.73370415023557  -0.73370415023557
    7   -0.73074519285637  -0.73074519285637
    8   -0.73074292591320  -0.73074292591320
    9   -0.72884558831178  -0.72884558831178
   10   -0.72780367797834  -0.72780367797834
   11   -0.54945077471604  -0.54945077471604
   12   -0.40120468875933  -0.40120468875933
   13   -0.25808122239236  -0.25808122239236
   14   -0.25761374845724  -0.25761374845724
   15   -0.08057164408597  -0.08057164408597
   16   -0.05827485980588  -0.05827485980588
   17    0.15842460175311   0.15842460175311
   18    0.15878337665807   0.15878337665807
   19    0.34815622702580   0.34815622702580
   20    0.67522899582849   0.67522899582849
   21    0.86014377356460   0.86014377356460
   22    0.86322745775862   0.86322745775862
   23    0.87823184014573   0.87823184014573
   24    1.56031752591762   1.56031752591762
   25    1.69038194161217   1.69038194161217
   26    1.69852883111086   1.69852883111086

   kloop=145
   k1=   0.42857 k2=   0.42857 k3=   0.14286

    1   -1.46779342262573  -1.46779342262573
    2   -1.46777883413306  -1.46777883413306
    3   -1.46769440349095  -1.46769440349095
    4   -1.46745694848442  -1.46745694848442
    5   -1.46720338771402  -1.46720338771402
    6   -0.73341925346710  -0.73341925346710
    7   -0.73096994914331  -0.73096994914331
    8   -0.73096314942320  -0.73096314942320
    9   -0.72869500473312  -0.72869500473312
   10   -0.72795221358297  -0.72795221358297
   11   -0.56159133448351  -0.56159133448351
   12   -0.38115112405373  -0.38115112405373
   13   -0.26386498384833  -0.26386498384833
   14   -0.24603392273425  -0.24603392273425
   15   -0.06975265150574  -0.06975265150574
   16   -0.03086503439720  -0.03086503439720
   17    0.11614053648930   0.11614053648930
   18    0.11776326721711   0.11776326721711
   19    0.34471335999070   0.34471335999070
   20    0.68193160805136   0.68193160805136
   21    0.90556896477475   0.90556896477475
   22    0.92499695920618   0.92499695920618
   23    0.95252082999666   0.95252082999666
   24    1.67195185100100   1.67195185100100
   25    1.71607781700628   1.71607781700628
   26    1.89862273637752   1.89862273637752

   kloop=146
   k1=   0.42857 k2=   0.42857 k3=   0.28571

    1   -1.46785621902531  -1.46785621902531
    2   -1.46784124037864  -1.46784124037864
    3   -1.46765542714711  -1.46765542714711
    4   -1.46739593527334  -1.46739593527334
    5   -1.46729578720764  -1.46729578720764
    6   -0.73304045790468  -0.73304045790468
    7   -0.73127925871550  -0.73127925871550
    8   -0.73125656061451  -0.73125656061451
    9   -0.72843339808325  -0.72843339808325
   10   -0.72814963586655  -0.72814963586655
   11   -0.56900829938702  -0.56900829938702
   12   -0.37998302697174  -0.37998302697174
   13   -0.24565087089063  -0.24565087089063
   14   -0.22545061996173  -0.22545061996173
   15   -0.09254430377401  -0.09254430377401
   16    0.00673882463272   0.00673882463272
   17    0.06011056402081   0.06011056402081
   18    0.11011093437276   0.11011093437276
   19    0.35823724891015   0.35823724891015
   20    0.79885137911568   0.79885137911568
   21    0.95603948893969   0.95603948893969
   22    0.99271133447546   0.99271133447546
   23    1.04940883879156   1.04940883879156
   24    1.75502972757644   1.75502972757644
   25    1.86486740962172   1.86486740962172
   26    2.24960942539752   2.24960942539752

   kloop=147
   k1=   0.42857 k2=   0.42857 k3=   0.42857

    1   -1.46788058771853  -1.46788058771853
    2   -1.46787491118845  -1.46787491118845
    3   -1.46762418897262  -1.46762418897262
    4   -1.46734028003124  -1.46734028003124
    5   -1.46733545707742  -1.46733545707742
    6   -0.73289882396506  -0.73289882396506
    7   -0.73139948216403  -0.73139948216403
    8   -0.73138968644229  -0.73138968644229
    9   -0.72825849351093  -0.72825849351093
   10   -0.72825572242162  -0.72825572242162
   11   -0.56808189449139  -0.56808189449139
   12   -0.39262428528346  -0.39262428528346
   13   -0.21186807739428  -0.21186807739428
   14   -0.21143813566077  -0.21143813566077
   15   -0.14030777649933  -0.14030777649933
   16    0.03069186473651   0.03069186473651
   17    0.03122869746889   0.03122869746889
   18    0.13718046217127   0.13718046217127
   19    0.37583971703015   0.37583971703015
   20    0.87904085365549   0.87904085365549
   21    1.01719548021578   1.01719548021578
   22    1.01780689691206   1.01780689691206
   23    1.05153054835980   1.05153054835980
   24    2.18820193578294   2.18820193578294
   25    2.19076584092853   2.19076584092853
   26    2.29115067330407   2.29115067330407

   kloop=148
   k1=   0.42857 k2=   0.42857 k3=   0.57143

    1   -1.46785075584131  -1.46785075584131
    2   -1.46784026804622  -1.46784026804622
    3   -1.46762438649023  -1.46762438649023
    4   -1.46733196578781  -1.46733196578781
    5   -1.46730422265798  -1.46730422265798
    6   -0.73312145450993  -0.73312145450993
    7   -0.73125125828050  -0.73125125828050
    8   -0.73120498750199  -0.73120498750199
    9   -0.72830229075946  -0.72830229075946
   10   -0.72821646785281  -0.72821646785281
   11   -0.56005182948422  -0.56005182948422
   12   -0.39750260214865  -0.39750260214865
   13   -0.25766367727266  -0.25766367727266
   14   -0.22065727759183  -0.22065727759183
   15   -0.09632834881037  -0.09632834881037
   16    0.03164953686667   0.03164953686667
   17    0.05067949758834   0.05067949758834
   18    0.13366623265401   0.13366623265401
   19    0.32115145986897   0.32115145986897
   20    0.81080641948863   0.81080641948863
   21    0.90397287376525   0.90397287376525
   22    0.92474740113864   0.92474740113864
   23    1.03109440990459   1.03109440990459
   24    1.67611913386826   1.67611913386826
   25    1.85167539071954   1.85167539071954
   26    2.44396058798420   2.44396058798420

   kloop=149
   k1=   0.42857 k2=   0.42857 k3=   0.71429

    1   -1.46778974762089  -1.46778974762089
    2   -1.46777204499559  -1.46777204499559
    3   -1.46765542099253  -1.46765542099253
    4   -1.46738063406980  -1.46738063406980
    5   -1.46721394459166  -1.46721394459166
    6   -0.73346694832786  -0.73346694832786
    7   -0.73095545411506  -0.73095545411506
    8   -0.73092743578894  -0.73092743578894
    9   -0.72853497649718  -0.72853497649718
   10   -0.72803768485098  -0.72803768485098
   11   -0.54907528925492  -0.54907528925492
   12   -0.39979708677573  -0.39979708677573
   13   -0.29175428135257  -0.29175428135257
   14   -0.24135522956850  -0.24135522956850
   15   -0.06759958493358  -0.06759958493358
   16    0.02481822793401   0.02481822793401
   17    0.10428140703224   0.10428140703224
   18    0.12022419037985   0.12022419037985
   19    0.25932530266584   0.25932530266584
   20    0.69912409980495   0.69912409980495
   21    0.78673367534859   0.78673367534859
   22    0.90877867701979   0.90877867701979
   23    0.95161423485203   0.95161423485203
   24    1.58948902501469   1.58948902501469
   25    1.67063533886555   1.67063533886555
   26    2.23165575104639   2.23165575104639

   kloop=150
   k1=   0.42857 k2=   0.42857 k3=   0.85714

    1   -1.46774639579814  -1.46774639579814
    2   -1.46772948582585  -1.46772948582585
    3   -1.46768943530488  -1.46768943530488
    4   -1.46744573640822  -1.46744573640822
    5   -1.46712940509351  -1.46712940509351
    6   -0.73371292333970  -0.73371292333970
    7   -0.73074011745664  -0.73074011745664
    8   -0.73073590287738  -0.73073590287738
    9   -0.72877537692626  -0.72877537692626
   10   -0.72784251391598  -0.72784251391598
   11   -0.54304583979591  -0.54304583979591
   12   -0.40843558105301  -0.40843558105301
   13   -0.27881839176640  -0.27881839176640
   14   -0.25623154942548  -0.25623154942548
   15   -0.06991413404734  -0.06991413404734
   16   -0.03542336193296  -0.03542336193296
   17    0.15320800252529   0.15320800252529
   18    0.15435704989107   0.15435704989107
   19    0.29555541188408   0.29555541188408
   20    0.64935928600291   0.64935928600291
   21    0.80191122048179   0.80191122048179
   22    0.83499189747055   0.83499189747055
   23    0.96210159719653   0.96210159719653
   24    1.59689020792550   1.59689020792550
   25    1.67065725442243   1.67065725442243
   26    1.80306475331941   1.80306475331941

   kloop=151
   k1=   0.42857 k2=   0.57143 k3=   0.00000

    1   -1.46774125629069  -1.46774125629069
    2   -1.46773080049199  -1.46773080049199
    3   -1.46769160231636  -1.46769160231636
    4   -1.46744715090536  -1.46744715090536
    5   -1.46712945523353  -1.46712945523353
    6   -0.73371178076683  -0.73371178076683
    7   -0.73074075930689  -0.73074075930689
    8   -0.73073485707306  -0.73073485707306
    9   -0.72877593974185  -0.72877593974185
   10   -0.72784227035609  -0.72784227035609
   11   -0.54307047991293  -0.54307047991293
   12   -0.40845914393136  -0.40845914393136
   13   -0.27915166059333  -0.27915166059333
   14   -0.25577647906282  -0.25577647906282
   15   -0.06896489995731  -0.06896489995731
   16   -0.03642253633011  -0.03642253633011
   17    0.15287005879338   0.15287005879338
   18    0.15478873979331   0.15478873979331
   19    0.29582386598960   0.29582386598960
   20    0.64919462563377   0.64919462563377
   21    0.80507451234377   0.80507451234377
   22    0.83416098546996   0.83416098546996
   23    0.96181440486640   0.96181440486640
   24    1.59323127295354   1.59323127295354
   25    1.67876360592799   1.67876360592799
   26    1.80179064996012   1.80179064996012

   kloop=152
   k1=   0.42857 k2=   0.57143 k3=   0.14286

    1   -1.46776913520968  -1.46776913520968
    2   -1.46773895606551  -1.46773895606551
    3   -1.46768093559671  -1.46768093559671
    4   -1.46742538678250  -1.46742538678250
    5   -1.46716829493182  -1.46716829493182
    6   -0.73359179704699  -0.73359179704699
    7   -0.73089840295768  -0.73089840295768
    8   -0.73076548708878  -0.73076548708878
    9   -0.72867937859632  -0.72867937859632
   10   -0.72793023722059  -0.72793023722059
   11   -0.54737246447130  -0.54737246447130
   12   -0.40044001478896  -0.40044001478896
   13   -0.27747429839855  -0.27747429839855
   14   -0.26445301777304  -0.26445301777304
   15   -0.04072261026644  -0.04072261026644
   16   -0.02703908327732  -0.02703908327732
   17    0.10350348544206   0.10350348544206
   18    0.15238828827260   0.15238828827260
   19    0.28818352917848   0.28818352917848
   20    0.60092533940945   0.60092533940945
   21    0.81865965186892   0.81865965186892
   22    0.86469160851660   0.86469160851660
   23    1.05795022056337   1.05795022056337
   24    1.63931148609351   1.63931148609351
   25    1.69199052616132   1.69199052616132
   26    1.89459083748775   1.89459083748775

   kloop=153
   k1=   0.42857 k2=   0.57143 k3=   0.28571

    1   -1.46781810267960  -1.46781810267960
    2   -1.46778575639781  -1.46778575639781
    3   -1.46765251079566  -1.46765251079566
    4   -1.46736892056718  -1.46736892056718
    5   -1.46725161909358  -1.46725161909358
    6   -0.73332959431377  -0.73332959431377
    7   -0.73111897749754  -0.73111897749754
    8   -0.73097706015287  -0.73097706015287
    9   -0.72845816575365  -0.72845816575365
   10   -0.72811228379161  -0.72811228379161
   11   -0.55515906860888  -0.55515906860888
   12   -0.39266441376975  -0.39266441376975
   13   -0.28297298435949  -0.28297298435949
   14   -0.24089295345771  -0.24089295345771
   15   -0.05513540928720  -0.05513540928720
   16    0.01842599358434   0.01842599358434
   17    0.07058716661539   0.07058716661539
   18    0.12347535363136   0.12347535363136
   19    0.28251761228753   0.28251761228753
   20    0.67528782795591   0.67528782795591
   21    0.82186650587382   0.82186650587382
   22    0.95501429929466   0.95501429929466
   23    1.05369348817482   1.05369348817482
   24    1.51021543344011   1.51021543344011
   25    1.71437076663974   1.71437076663974
   26    2.30840327693934   2.30840327693934

   kloop=154
   k1=   0.42857 k2=   0.57143 k3=   0.42857

    1   -1.46785352271231  -1.46785352271231
    2   -1.46783908261850  -1.46783908261850
    3   -1.46762391189552  -1.46762391189552
    4   -1.46732783014359  -1.46732783014359
    5   -1.46730754774436  -1.46730754774436
    6   -0.73312145110113  -0.73312145110113
    7   -0.73125863499282  -0.73125863499282
    8   -0.73119869552930  -0.73119869552930
    9   -0.72830478567125  -0.72830478567125
   10   -0.72821381873510  -0.72821381873510
   11   -0.56005626019602  -0.56005626019602
   12   -0.39746986584732  -0.39746986584732
   13   -0.25738423111691  -0.25738423111691
   14   -0.22098030785988  -0.22098030785988
   15   -0.09641430689013  -0.09641430689013
   16    0.03136197434226   0.03136197434226
   17    0.05098694890737   0.05098694890737
   18    0.13368494610468   0.13368494610468
   19    0.32101215804821   0.32101215804821
   20    0.81297761160730   0.81297761160730
   21    0.90266139018804   0.90266139018804
   22    0.92267530912592   0.92267530912592
   23    1.03130926117749   1.03130926117749
   24    1.67672274635054   1.67672274635054
   25    1.85015117498983   1.85015117498983
   26    2.44657309305326   2.44657309305326

   kloop=155
   k1=   0.42857 k2=   0.57143 k3=   0.57143

    1   -1.46784831935929  -1.46784831935929
    2   -1.46784240643720  -1.46784240643720
    3   -1.46762432776108  -1.46762432776108
    4   -1.46733201936842  -1.46733201936842
    5   -1.46730452320723  -1.46730452320723
    6   -0.73312149816799  -0.73312149816799
    7   -0.73125106341550  -0.73125106341550
    8   -0.73120492050691  -0.73120492050691
    9   -0.72830431422146  -0.72830431422146
   10   -0.72821455715636  -0.72821455715636
   11   -0.56005533951940  -0.56005533951940
   12   -0.39749550210610  -0.39749550210610
   13   -0.25763460797234  -0.25763460797234
   14   -0.22067994647950  -0.22067994647950
   15   -0.09634162300667  -0.09634162300667
   16    0.03176199718341   0.03176199718341
   17    0.05057046728474   0.05057046728474
   18    0.13368839142350   0.13368839142350
   19    0.32101724739892   0.32101724739892
   20    0.81175176098206   0.81175176098206
   21    0.90395704311461   0.90395704311461
   22    0.92406499321814   0.92406499321814
   23    1.03091203604006   1.03091203604006
   24    1.67584092906414   1.67584092906414
   25    1.85287426314199   1.85287426314199
   26    2.44499591265932   2.44499591265932

   kloop=156
   k1=   0.42857 k2=   0.57143 k3=   0.71429

    1   -1.46781150225661  -1.46781150225661
    2   -1.46778759440066  -1.46778759440066
    3   -1.46765445094880  -1.46765445094880
    4   -1.46737120582470  -1.46737120582470
    5   -1.46725148685021  -1.46725148685021
    6   -0.73333005782234  -0.73333005782234
    7   -0.73111132233971  -0.73111132233971
    8   -0.73098149699140  -0.73098149699140
    9   -0.72845778648085  -0.72845778648085
   10   -0.72811306132262  -0.72811306132262
   11   -0.55515693930914  -0.55515693930914
   12   -0.39274120047704  -0.39274120047704
   13   -0.28314549248955  -0.28314549248955
   14   -0.24066781877987  -0.24066781877987
   15   -0.05502137384130  -0.05502137384130
   16    0.01878761016620   0.01878761016620
   17    0.07056409750811   0.07056409750811
   18    0.12329499918237   0.12329499918237
   19    0.28250599509744   0.28250599509744
   20    0.67453616006158   0.67453616006158
   21    0.82200234348305   0.82200234348305
   22    0.95477152833304   0.95477152833304
   23    1.05546528118824   1.05546528118824
   24    1.51036608215165   1.51036608215165
   25    1.71431434504401   1.71431434504401
   26    2.30643314230203   2.30643314230203

   kloop=157
   k1=   0.42857 k2=   0.57143 k3=   0.85714

    1   -1.46776306355064  -1.46776306355064
    2   -1.46773816885985  -1.46773816885985
    3   -1.46768609277340  -1.46768609277340
    4   -1.46742630593670  -1.46742630593670
    5   -1.46716854414190  -1.46716854414190
    6   -0.73359228547991  -0.73359228547991
    7   -0.73089387721546  -0.73089387721546
    8   -0.73076754604280  -0.73076754604280
    9   -0.72867917026708  -0.72867917026708
   10   -0.72793050536578  -0.72793050536578
   11   -0.54737054233497  -0.54737054233497
   12   -0.40050922614663  -0.40050922614663
   13   -0.27752940828179  -0.27752940828179
   14   -0.26437006635201  -0.26437006635201
   15   -0.04069059602409  -0.04069059602409
   16   -0.02698219646063  -0.02698219646063
   17    0.10400728408551   0.10400728408551
   18    0.15224683814904   0.15224683814904
   19    0.28798163482012   0.28798163482012
   20    0.60001703191969   0.60001703191969
   21    0.81874238060020   0.81874238060020
   22    0.86531457725455   0.86531457725455
   23    1.05857833468971   1.05857833468971
   24    1.63824393060013   1.63824393060013
   25    1.69036453835148   1.69036453835148
   26    1.89272453832596   1.89272453832596

   kloop=158
   k1=   0.42857 k2=   0.71429 k3=   0.00000

    1   -1.46778148725482  -1.46778148725482
    2   -1.46775732248891  -1.46775732248891
    3   -1.46767183927730  -1.46767183927730
    4   -1.46738395961985  -1.46738395961985
    5   -1.46721553424229  -1.46721553424229
    6   -0.73346397467581  -0.73346397467581
    7   -0.73095406592187  -0.73095406592187
    8   -0.73092262148401  -0.73092262148401
    9   -0.72853627749527  -0.72853627749527
   10   -0.72803754980471  -0.72803754980471
   11   -0.54916814328414  -0.54916814328414
   12   -0.40003339058895  -0.40003339058895
   13   -0.29170565988987  -0.29170565988987
   14   -0.24093151533733  -0.24093151533733
   15   -0.06665288776726  -0.06665288776726
   16    0.02409640102037   0.02409640102037
   17    0.10433088532883   0.10433088532883
   18    0.12095418570595   0.12095418570595
   19    0.25920190304332   0.25920190304332
   20    0.69857943992356   0.69857943992356
   21    0.78942758663182   0.78942758663182
   22    0.90841936179697   0.90841936179697
   23    0.95241662616598   0.95241662616598
   24    1.58881044071794   1.58881044071794
   25    1.67631108093985   1.67631108093985
   26    2.23789604775666   2.23789604775666

   kloop=159
   k1=   0.42857 k2=   0.71429 k3=   0.14286

    1   -1.46776438661556  -1.46776438661556
    2   -1.46773195848929  -1.46773195848929
    3   -1.46768080921838  -1.46768080921838
    4   -1.46737819003267  -1.46737819003267
    5   -1.46720435890457  -1.46720435890457
    6   -0.73354222856335  -0.73354222856335
    7   -0.73096175031145  -0.73096175031145
    8   -0.73077452916781  -0.73077452916781
    9   -0.72854284023582  -0.72854284023582
   10   -0.72803966646962  -0.72803966646962
   11   -0.54412427022170  -0.54412427022170
   12   -0.40270633111768  -0.40270633111768
   13   -0.29444213384100  -0.29444213384100
   14   -0.26151816265187  -0.26151816265187
   15   -0.03390545455943  -0.03390545455943
   16    0.03102422564115   0.03102422564115
   17    0.06615427131978   0.06615427131978
   18    0.13831052415065   0.13831052415065
   19    0.24711305113448   0.24711305113448
   20    0.58728299809280   0.58728299809280
   21    0.79191366095050   0.79191366095050
   22    0.86196724853080   0.86196724853080
   23    1.12142438383093   1.12142438383093
   24    1.59435137577685   1.59435137577685
   25    1.70290676849786   1.70290676849786
   26    2.08630950255261   2.08630950255261

   kloop=160
   k1=   0.42857 k2=   0.71429 k3=   0.28571

    1   -1.46777353495047  -1.46777353495047
    2   -1.46773642035098  -1.46773642035098
    3   -1.46767182797099  -1.46767182797099
    4   -1.46737424048066  -1.46737424048066
    5   -1.46720476978035  -1.46720476978035
    6   -0.73354459477659  -0.73354459477659
    7   -0.73096423494150  -0.73096423494150
    8   -0.73077533148051  -0.73077533148051
    9   -0.72854372005983  -0.72854372005983
   10   -0.72803819384576  -0.72803819384576
   11   -0.54406895456376  -0.54406895456376
   12   -0.40255368731304  -0.40255368731304
   13   -0.29422733935668  -0.29422733935668
   14   -0.26201565601265  -0.26201565601265
   15   -0.03494329624676  -0.03494329624676
   16    0.03139312982557   0.03139312982557
   17    0.06649932499719   0.06649932499719
   18    0.13825475465984   0.13825475465984
   19    0.24695084223246   0.24695084223246
   20    0.58705443966041   0.58705443966041
   21    0.79169693146244   0.79169693146244
   22    0.86277432432969   0.86277432432969
   23    1.11891509922239   1.11891509922239
   24    1.59499097239727   1.59499097239727
   25    1.69727917945536   1.69727917945536
   26    2.08131605838275   2.08131605838275

   kloop=161
   k1=   0.42857 k2=   0.71429 k3=   0.42857

    1   -1.46779426309644  -1.46779426309644
    2   -1.46777074000697  -1.46777074000697
    3   -1.46765436383677  -1.46765436383677
    4   -1.46737681506454  -1.46737681506454
    5   -1.46721637983515  -1.46721637983515
    6   -0.73346870115878  -0.73346870115878
    7   -0.73096413610807  -0.73096413610807
    8   -0.73092003911094  -0.73092003911094
    9   -0.72853837497705  -0.72853837497705
   10   -0.72803458209167  -0.72803458209167
   11   -0.54904489591548  -0.54904489591548
   12   -0.39969861385348  -0.39969861385348
   13   -0.29159230529380  -0.29159230529380
   14   -0.24164304409108  -0.24164304409108
   15   -0.06797615426346  -0.06797615426346
   16    0.02448690093492   0.02448690093492
   17    0.10454115068573   0.10454115068573
   18    0.12027456515816   0.12027456515816
   19    0.25941646968182   0.25941646968182
   20    0.70154771724085   0.70154771724085
   21    0.78513377627586   0.78513377627586
   22    0.90916215632391   0.90916215632391
   23    0.95004742972169   0.95004742972169
   24    1.59062859368874   1.59062859368874
   25    1.66779993387923   1.66779993387923
   26    2.23486276273521   2.23486276273521

   kloop=162
   k1=   0.42857 k2=   0.71429 k3=   0.57143

    1   -1.46781241448626  -1.46781241448626
    2   -1.46778728595995  -1.46778728595995
    3   -1.46765473438067  -1.46765473438067
    4   -1.46736790252580  -1.46736790252580
    5   -1.46725436188844  -1.46725436188844
    6   -0.73333136358560  -0.73333136358560
    7   -0.73111616673511  -0.73111616673511
    8   -0.73097698692302  -0.73097698692302
    9   -0.72846142630963  -0.72846142630963
   10   -0.72811006152383  -0.72811006152383
   11   -0.55512503449309  -0.55512503449309
   12   -0.39270046213088  -0.39270046213088
   13   -0.28303792413174  -0.28303792413174
   14   -0.24078450592593  -0.24078450592593
   15   -0.05521257071891  -0.05521257071891
   16    0.01816908682027   0.01816908682027
   17    0.07068433548743   0.07068433548743
   18    0.12362740861399   0.12362740861399
   19    0.28252875060307   0.28252875060307
   20    0.67766539067737   0.67766539067737
   21    0.82133240261504   0.82133240261504
   22    0.95500009267584   0.95500009267584
   23    1.05273450007676   1.05273450007676
   24    1.51109983468259   1.51109983468259
   25    1.71722523231626   1.71722523231626
   26    2.31042828302679   2.31042828302679

   kloop=163
   k1=   0.42857 k2=   0.71429 k3=   0.71429

    1   -1.46782021923080  -1.46782021923080
    2   -1.46777621842806  -1.46777621842806
    3   -1.46767164876830  -1.46767164876830
    4   -1.46733161585391  -1.46733161585391
    5   -1.46730480164806  -1.46730480164806
    6   -0.73325946644600  -0.73325946644600
    7   -0.73115069666674  -0.73115069666674
    8   -0.73103915559142  -0.73103915559142
    9   -0.72834459735225  -0.72834459735225
   10   -0.72823031618656  -0.72823031618656
   11   -0.55782432522240  -0.55782432522240
   12   -0.38699683865385  -0.38699683865385
   13   -0.29290504647643  -0.29290504647643
   14   -0.22522323453457  -0.22522323453457
   15   -0.06937066774424  -0.06937066774424
   16    0.06050735331404   0.06050735331404
   17    0.06436023343062   0.06436023343062
   18    0.08964529107989   0.08964529107989
   19    0.28043314542688   0.28043314542688
   20    0.80403620698452   0.80403620698452
   21    0.80878118572079   0.80878118572079
   22    0.92518456560326   0.92518456560326
   23    0.99195233364671   0.99195233364671
   24    1.39486124403504   1.39486124403504
   25    1.72997528821326   1.72997528821326
   26    2.39879873597431   2.39879873597431

   kloop=164
   k1=   0.42857 k2=   0.71429 k3=   0.85714

    1   -1.46780784744771  -1.46780784744771
    2   -1.46777116671409  -1.46777116671409
    3   -1.46766980982038  -1.46766980982038
    4   -1.46737259052394  -1.46737259052394
    5   -1.46725337264037  -1.46725337264037
    6   -0.73332844499474  -0.73332844499474
    7   -0.73111074109257  -0.73111074109257
    8   -0.73097596432471  -0.73097596432471
    9   -0.72845841238150  -0.72845841238150
   10   -0.72811336096333  -0.72811336096333
   11   -0.55522147932616  -0.55522147932616
   12   -0.39299842923832  -0.39299842923832
   13   -0.28282726630926  -0.28282726630926
   14   -0.24059060085428  -0.24059060085428
   15   -0.05425181922865  -0.05425181922865
   16    0.01827217559068   0.01827217559068
   17    0.07068248614302   0.07068248614302
   18    0.12372101166771   0.12372101166771
   19    0.28250251157108   0.28250251157108
   20    0.67463638474611   0.67463638474611
   21    0.82172717055047   0.82172717055047
   22    0.95511252429356   0.95511252429356
   23    1.05634137919682   1.05634137919682
   24    1.51179582215886   1.51179582215886
   25    1.71378009251417   1.71378009251417
   26    2.30950544739440   2.30950544739440

   kloop=165
   k1=   0.42857 k2=   0.85714 k3=   0.00000

    1   -1.46783865197788  -1.46783865197788
    2   -1.46782177226497  -1.46782177226497
    3   -1.46764364626657  -1.46764364626657
    4   -1.46733586472990  -1.46733586472990
    5   -1.46730841049300  -1.46730841049300
    6   -0.73311825926396  -0.73311825926396
    7   -0.73124668118681  -0.73124668118681
    8   -0.73119533103520  -0.73119533103520
    9   -0.72830385641513  -0.72830385641513
   10   -0.72821712374307  -0.72821712374307
   11   -0.56019246606459  -0.56019246606459
   12   -0.39793918152478  -0.39793918152478
   13   -0.25731493508148  -0.25731493508148
   14   -0.22027596072781  -0.22027596072781
   15   -0.09534710976045  -0.09534710976045
   16    0.03181043153142   0.03181043153142
   17    0.05104755120459   0.05104755120459
   18    0.13374430149801   0.13374430149801
   19    0.32074862885738   0.32074862885738
   20    0.81035995271027   0.81035995271027
   21    0.90641644351297   0.90641644351297
   22    0.92561595368014   0.92561595368014
   23    1.03023045289045   1.03023045289045
   24    1.67796709659634   1.67796709659634
   25    1.85582175667176   1.85582175667176
   26    2.44592259513965   2.44592259513965

   kloop=166
   k1=   0.42857 k2=   0.85714 k3=   0.14286

    1   -1.46780436699790  -1.46780436699790
    2   -1.46777040965036  -1.46777040965036
    3   -1.46767167718751  -1.46767167718751
    4   -1.46737323761501  -1.46737323761501
    5   -1.46725497592423  -1.46725497592423
    6   -0.73332769773730  -0.73332769773730
    7   -0.73110955760594  -0.73110955760594
    8   -0.73097624465008  -0.73097624465008
    9   -0.72846184792814  -0.72846184792814
   10   -0.72811101183402  -0.72811101183402
   11   -0.55523094017221  -0.55523094017221
   12   -0.39298111320950  -0.39298111320950
   13   -0.28302641385046  -0.28302641385046
   14   -0.24036230708480  -0.24036230708480
   15   -0.05419625826741  -0.05419625826741
   16    0.01862748255550   0.01862748255550
   17    0.07023775359502   0.07023775359502
   18    0.12379924986987   0.12379924986987
   19    0.28238628688836   0.28238628688836
   20    0.67674862222847   0.67674862222847
   21    0.82121030058598   0.82121030058598
   22    0.95440396895414   0.95440396895414
   23    1.05614913562467   1.05614913562467
   24    1.51332392289140   1.51332392289140
   25    1.71688644782348   1.71688644782348
   26    2.31228167720341   2.31228167720341

   kloop=167
   k1=   0.42857 k2=   0.85714 k3=   0.28571

    1   -1.46776246944475  -1.46776246944475
    2   -1.46773285135865  -1.46773285135865
    3   -1.46769147674253  -1.46769147674253
    4   -1.46742496748349  -1.46742496748349
    5   -1.46717086479818  -1.46717086479818
    6   -0.73359371620886  -0.73359371620886
    7   -0.73089459278019  -0.73089459278019
    8   -0.73076639496760  -0.73076639496760
    9   -0.72868332871463  -0.72868332871463
   10   -0.72792771157833  -0.72792771157833
   11   -0.54734061703912  -0.54734061703912
   12   -0.40037580021454  -0.40037580021454
   13   -0.27768661907020  -0.27768661907020
   14   -0.26441188691061  -0.26441188691061
   15   -0.04106900018696  -0.04106900018696
   16   -0.02708605326403  -0.02708605326403
   17    0.10450860796567   0.10450860796567
   18    0.15215508345791   0.15215508345791
   19    0.28790520480818   0.28790520480818
   20    0.60124979986804   0.60124979986804
   21    0.81832053444476   0.81832053444476
   22    0.86583770220727   0.86583770220727
   23    1.05742106459077   1.05742106459077
   24    1.63807143632867   1.63807143632867
   25    1.68886380065918   1.68886380065918
   26    1.89106078854679   1.89106078854679

   kloop=168
   k1=   0.42857 k2=   0.85714 k3=   0.42857

    1   -1.46775156423022  -1.46775156423022
    2   -1.46772684413046  -1.46772684413046
    3   -1.46768855973744  -1.46768855973744
    4   -1.46744311962930  -1.46744311962930
    5   -1.46713145169181  -1.46713145169181
    6   -0.73371604950551  -0.73371604950551
    7   -0.73074921385838  -0.73074921385838
    8   -0.73072790552257  -0.73072790552257
    9   -0.72877982514986  -0.72877982514986
   10   -0.72783931837345  -0.72783931837345
   11   -0.54296548010105  -0.54296548010105
   12   -0.40824640986300  -0.40824640986300
   13   -0.27888377981158  -0.27888377981158
   14   -0.25649677162153  -0.25649677162153
   15   -0.07035749622459  -0.07035749622459
   16   -0.03568573877652  -0.03568573877652
   17    0.15341828232074   0.15341828232074
   18    0.15430309855314   0.15430309855314
   19    0.29586101323355   0.29586101323355
   20    0.65170334685607   0.65170334685607
   21    0.80014651485568   0.80014651485568
   22    0.83566989394652   0.83566989394652
   23    0.96109841507780   0.96109841507780
   24    1.59530181039753   1.59530181039753
   25    1.66632416934878   1.66632416934878
   26    1.80050180966870   1.80050180966870

   kloop=169
   k1=   0.42857 k2=   0.85714 k3=   0.57143

    1   -1.46776339119140  -1.46776339119140
    2   -1.46773571315271  -1.46773571315271
    3   -1.46768837636489  -1.46768837636489
    4   -1.46742457290270  -1.46742457290270
    5   -1.46717088800930  -1.46717088800930
    6   -0.73359503630281  -0.73359503630281
    7   -0.73089686930154  -0.73089686930154
    8   -0.73076439093188  -0.73076439093188
    9   -0.72868388279767  -0.72868388279767
   10   -0.72792750937703  -0.72792750937703
   11   -0.54729429617089  -0.54729429617089
   12   -0.40037014123484  -0.40037014123484
   13   -0.27764736211775  -0.27764736211775
   14   -0.26445165105045  -0.26445165105045
   15   -0.04113673614614  -0.04113673614614
   16   -0.02728042861036  -0.02728042861036
   17    0.10385398613921   0.10385398613921
   18    0.15241736655152   0.15241736655152
   19    0.28828873867840   0.28828873867840
   20    0.60256641624327   0.60256641624327
   21    0.81828124756714   0.81828124756714
   22    0.86532605121791   0.86532605121791
   23    1.05662326150343   1.05662326150343
   24    1.63848204260652   1.63848204260652
   25    1.69207214816366   1.69207214816366
   26    1.89324199934712   1.89324199934712

   kloop=170
   k1=   0.42857 k2=   0.85714 k3=   0.71429

    1   -1.46780571109671  -1.46780571109671
    2   -1.46777210284547  -1.46777210284547
    3   -1.46767011073311  -1.46767011073311
    4   -1.46737197170223  -1.46737197170223
    5   -1.46725517521954  -1.46725517521954
    6   -0.73332974865431  -0.73332974865431
    7   -0.73111169706651  -0.73111169706651
    8   -0.73097432487580  -0.73097432487580
    9   -0.72846273629225  -0.72846273629225
   10   -0.72811030303062  -0.72811030303062
   11   -0.55518394797070  -0.55518394797070
   12   -0.39294086181284  -0.39294086181284
   13   -0.28291664456994  -0.28291664456994
   14   -0.24053565983516  -0.24053565983516
   15   -0.05454610673490  -0.05454610673490
   16    0.01823370248541   0.01823370248541
   17    0.07042538884877   0.07042538884877
   18    0.12389457141022   0.12389457141022
   19    0.28254314417563   0.28254314417563
   20    0.67795577772118   0.67795577772118
   21    0.82134057114118   0.82134057114118
   22    0.95510909957490   0.95510909957490
   23    1.05321289851333   1.05321289851333
   24    1.51213725136867   1.51213725136867
   25    1.71669435886153   1.71669435886153
   26    2.31373920756861   2.31373920756861

   kloop=171
   k1=   0.42857 k2=   0.85714 k3=   0.85714

    1   -1.46783989906372  -1.46783989906372
    2   -1.46782172083521  -1.46782172083521
    3   -1.46764329156792  -1.46764329156792
    4   -1.46733343531814  -1.46733343531814
    5   -1.46731018467165  -1.46731018467165
    6   -0.73311943908874  -0.73311943908874
    7   -0.73124711493467  -0.73124711493467
    8   -0.73119480500690  -0.73119480500690
    9   -0.72830465804799  -0.72830465804799
   10   -0.72821632910028  -0.72821632910028
   11   -0.56017408175501  -0.56017408175501
   12   -0.39792015426761  -0.39792015426761
   13   -0.25707203406284  -0.25707203406284
   14   -0.22060841804205  -0.22060841804205
   15   -0.09549743834385  -0.09549743834385
   16    0.03165910803004   0.03165910803004
   17    0.05126898350390   0.05126898350390
   18    0.13370085585717   0.13370085585717
   19    0.32084869883855   0.32084869883855
   20    0.81258928559500   0.81258928559500
   21    0.90353764245281   0.90353764245281
   22    0.92386716474825   0.92386716474825
   23    1.03120184982928   1.03120184982928
   24    1.67917486842266   1.67917486842266
   25    1.84967711935954   1.84967711935954
   26    2.44804087386882   2.44804087386882

***********************************************************
***********************************************************
                History of cell optimization               
***********************************************************
***********************************************************

  MD_iter   SD_scaling     |Maximum force|   Maximum step        Utot             Enpy           Volume
                           (Hartree/Bohr)        (Ang)         (Hartree)        (Hartree)        (Ang^3)

    1       1.25981732       0.02000405       0.01333604    -182.89477319    -182.89477319      45.09053125
    2       1.25981732       0.01898670       0.01265780    -182.89564704    -182.89564704      45.44020217
    3       1.25981732       0.01688140       0.01125427    -182.89638951    -182.89638951      45.76602900
    4       1.25981732       0.01610597       0.01073731    -182.89701505    -182.89701505      46.06718467
    5       3.14954330       0.01447781       0.02412968    -182.89756000    -182.89756000      46.34709525
    6       3.14954330       0.01182138       0.01970230    -182.89865846    -182.89865846      47.00261756
    7       3.14954330       0.01011792       0.01686319    -182.89942939    -182.89942939      47.55396492
    8       3.14954330       0.00862262       0.01437104    -182.89999598    -182.89999598      48.02628478
    9       7.87385825       0.00756491       0.03152045    -182.90041671    -182.90041671      48.43277901
   10       7.87385825       0.00524260       0.00895176    -182.90113995    -182.90113995      49.32743428
   11       7.87385825       0.00302262       0.03064045    -182.90144642    -182.90144642      49.63314661
   12       7.87385825       0.00392964       0.01762124    -182.90193022    -182.90193022      50.71478219
   13       7.87385825       0.00456747       0.01465990    -182.90208468    -182.90208468      51.33813911
   14       7.87385825       0.00166366       0.00736350    -182.90220763    -182.90220763      51.61101337
   15       7.87385825       0.00077540       0.00604245    -182.90221264    -182.90221264      51.62754561
   16       7.87385825       0.00110045       0.01293201    -182.90222222    -182.90222222      51.79258075
   17       7.87385825       0.00224126       0.00626350    -182.90220153    -182.90220153      52.07462954
   18       7.87385825       0.00139273       0.00306202    -182.90223062    -182.90223062      51.89818247
   19       7.87385825       0.00275796       0.04933026    -182.90222310    -182.90222310      51.89566572
   20       7.87385825       0.00536758       0.02416991    -182.90182805    -182.90182805      51.58374656
   21       7.87385825       0.00229768       0.01646612    -182.90214873    -182.90214873      51.88385857
   22       7.87385825       0.00133324       0.00711897    -182.90222792    -182.90222792      51.89423100
   23       7.87385825       0.00021148       0.00000000    -182.90222882    -182.90222882      51.87944521

***********************************************************
***********************************************************
                   Mulliken populations                    
***********************************************************
***********************************************************

  Total spin moment (muB)   0.000000000

                    Up spin      Down spin     Sum           Diff
      1   Ga      6.532795225  6.532795225  13.065590449   0.000000000
      2   As      7.467204775  7.467204775  14.934409551   0.000000000

 Sum of MulP: up   =    14.00000 down          =    14.00000
              total=    28.00000 ideal(neutral)=    28.00000


  Decomposed Mulliken populations

    1   Ga          Up spin      Down spin     Sum           Diff
            multiple
  s           0    0.722547127  0.722547127   1.445094254   0.000000000
   sum over m      0.722547127  0.722547127   1.445094254   0.000000000
  s           1    0.001858308  0.001858308   0.003716616   0.000000000
   sum over m      0.001858308  0.001858308   0.003716616   0.000000000
   sum over m+mul  0.724405435  0.724405435   1.448810870   0.000000000
  px          0    0.271361697  0.271361697   0.542723394   0.000000000
  py          0    0.271199563  0.271199563   0.542399127   0.000000000
  pz          0    0.271278574  0.271278574   0.542557147   0.000000000
   sum over m      0.813839834  0.813839834   1.627679668   0.000000000
  px          1   -0.000930550 -0.000930550  -0.001861101   0.000000000
  py          1   -0.000936980 -0.000936980  -0.001873960   0.000000000
  pz          1   -0.000933841 -0.000933841  -0.001867681   0.000000000
   sum over m     -0.002801371 -0.002801371  -0.005602742   0.000000000
   sum over m+mul  0.811038463  0.811038463   1.622076926   0.000000000
  d3z^2-r^2   0    0.999709268  0.999709268   1.999418535   0.000000000
  dx^2-y^2    0    0.999709255  0.999709255   1.999418509   0.000000000
  dxy         0    0.999310913  0.999310913   1.998621826   0.000000000
  dxz         0    0.999310315  0.999310315   1.998620630   0.000000000
  dyz         0    0.999311576  0.999311576   1.998623152   0.000000000
   sum over m      4.997351327  4.997351327   9.994702654   0.000000000
   sum over m+mul  4.997351327  4.997351327   9.994702654   0.000000000

    2   As          Up spin      Down spin     Sum           Diff
            multiple
  s           0    0.862160120  0.862160120   1.724320240   0.000000000
   sum over m      0.862160120  0.862160120   1.724320240   0.000000000
  s           1   -0.003627888 -0.003627888  -0.007255775   0.000000000
   sum over m     -0.003627888 -0.003627888  -0.007255775   0.000000000
   sum over m+mul  0.858532233  0.858532233   1.717064465   0.000000000
  px          0    0.553764307  0.553764307   1.107528614   0.000000000
  py          0    0.553837252  0.553837252   1.107674503   0.000000000
  pz          0    0.553797661  0.553797661   1.107595322   0.000000000
   sum over m      1.661399220  1.661399220   3.322798439   0.000000000
  px          1   -0.017443212 -0.017443212  -0.034886425   0.000000000
  py          1   -0.017418969 -0.017418969  -0.034837938   0.000000000
  pz          1   -0.017430855 -0.017430855  -0.034861711   0.000000000
   sum over m     -0.052293037 -0.052293037  -0.104586074   0.000000000
   sum over m+mul  1.609106183  1.609106183   3.218212365   0.000000000
  d3z^2-r^2   0    0.999955636  0.999955636   1.999911273   0.000000000
  dx^2-y^2    0    0.999955633  0.999955633   1.999911266   0.000000000
  dxy         0    0.999885030  0.999885030   1.999770059   0.000000000
  dxz         0    0.999884937  0.999884937   1.999769874   0.000000000
  dyz         0    0.999885124  0.999885124   1.999770248   0.000000000
   sum over m      4.999566360  4.999566360   9.999132720   0.000000000
   sum over m+mul  4.999566360  4.999566360   9.999132720   0.000000000

***********************************************************
***********************************************************
                    Dipole moment (Debye)                  
***********************************************************
***********************************************************

 Absolute D      183.46933717

                      Dx                Dy                Dz
 Total              1.86123104     -183.45098499        1.80820572
 Core             291.18659487      106.02649668      291.02747984
 Electron        -289.32536384     -289.47748167     -289.21927412
 Back ground       -0.00000000       -0.00000000       -0.00000000

***********************************************************
***********************************************************
    Cell vectors (Ang.) and derivatives of total energy    
             with respect to them (Hartree/Bohr)           
***********************************************************
***********************************************************

 a1 =   2.96026    2.95846   -0.00284   dE/da1 =  -0.00001   -0.00000   -0.00003
 a2 =   2.95983   -0.00182    2.95920   dE/da2 =   0.00005   -0.00004    0.00004
 a3 =  -0.00340    2.95711    2.95832   dE/da3 =  -0.00004   -0.00004   -0.00005

***********************************************************
***********************************************************
       xyz-coordinates (Ang) and forces (Hartree/Bohr)  
***********************************************************
***********************************************************

<coordinates.forces
  2
    1    Ga     2.95751  -0.00609   2.95671   0.000099682470  0.000040391873  0.000125078186
    2    As     1.47838   1.47689   1.47687   0.000211479321 -0.000167568473 -0.000182143699
coordinates.forces>

***********************************************************
***********************************************************
       Fractional coordinates of the final structure       
***********************************************************
***********************************************************

     1     Ga     0.99930729031414   0.99990958779939   0.99924895656234
     2     As     0.24990887558424   0.24982316439836   0.24956724236772

***********************************************************
***********************************************************
               Computational Time (second)                 
***********************************************************
***********************************************************

   Elapsed.Time.       405.061

                               Min_ID   Min_Time       Max_ID   Max_Time
   Total Computational Time =     4      404.983          0      405.061
   readfile                 =     0        1.798          1        1.799
   truncation               =     4       50.416          0       54.978
   MD_pac                   =     0        0.112          3        0.156
   OutData                  =     6        0.284          0        0.361
   HWF                      =     0        0.000          0        0.000
   DFT                      =     1      347.707          4      352.262

*** In DFT ***

   Set_OLP_Kin              =     3        1.777          0       17.662
   Set_Nonlocal             =     0       24.098          3       39.986
   Set_ProExpn_VNA          =     3       41.051          0       59.632
   Set_Hamiltonian          =     8       88.078          1       88.079
   Poisson                  =     7        0.092          1        0.092
   Diagonalization          =     0       14.142          8       14.148
   Mixing_DM                =     7        0.278          4        0.279
   Force                    =    12       29.455          1       29.455
   Total_Energy             =     2       13.591          0       13.627
   Set_Aden_Grid            =     0        1.116          3       19.946
   Set_Orbitals_Grid        =     2        0.000          1        7.465
   Set_Density_Grid         =     3       46.187          1       46.204
   RestartFileDFT           =     1        1.108          2        7.931
   Mulliken_Charge          =     5        0.049          0        0.049
   FFT(2D)_Density          =     2        0.116          5        0.116
   Others                   =     0       44.536          4       56.334
