***********************************************************
***********************************************************

  This calculation was performed by OpenMX Ver. 4.0 GPU
  using 48 MPI processes and 1 OpenMP threads.

  Wed Aug 19 15:40:52 2026

***********************************************************
***********************************************************

#
#  The file was generated by the OpenMX Viewer

#  Bravais lattice type: CUB
#  Reciprocal vector b1 (1/Ang):      1.15691      0.00000      0.00000 
#  Reciprocal vector b2 (1/Ang):      0.00000      1.15691      0.00000 
#  Reciprocal vector b3 (1/Ang):      0.00000      0.00000      1.15691 

#

System.CurrrentDirectory         ./
System.Name                     simani_noise1
level.of.stdout                   1
level.of.fileout                  1
DATA.PATH                       ../../DFT_DATA19

Species.Number                     1
<Definition.of.Atomic.Species
  Si    Si7.0-s2p2d1      Si_PBE19
Definition.of.Atomic.Species>

Atoms.Number                     216
Atoms.SpeciesAndCoordinates.Unit   FRAC
<Atoms.SpeciesAndCoordinates
     1   Si    0.04166667   0.04166667   0.04166667   2.0  2.0
     2   Si    0.20833333   0.04166667   0.20833333   2.0  2.0
     3   Si    0.04166667   0.20833333   0.20833333   2.0  2.0
     4   Si    0.20833333   0.20833333   0.04166667   2.0  2.0
     5   Si    0.29166667   0.12500000   0.12500000   2.0  2.0
     6   Si    0.29166667   0.29166667   0.29166667   2.0  2.0
     7   Si    0.12500000   0.12500000   0.29166667   2.0  2.0
     8   Si    0.12500000   0.29166667   0.12500000   2.0  2.0
     9   Si    0.04166667   0.04166667   0.37500000   2.0  2.0
    10   Si    0.20833333   0.04166667   0.54166667   2.0  2.0
    11   Si    0.04166667   0.20833333   0.54166667   2.0  2.0
    12   Si    0.20833333   0.20833333   0.37500000   2.0  2.0
    13   Si    0.29166667   0.12500000   0.45833333   2.0  2.0
    14   Si    0.29166667   0.29166667   0.62500000   2.0  2.0
    15   Si    0.12500000   0.12500000   0.62500000   2.0  2.0
    16   Si    0.12500000   0.29166667   0.45833333   2.0  2.0
    17   Si    0.04166667   0.04166667   0.70833333   2.0  2.0
    18   Si    0.20833333   0.04166667   0.87500000   2.0  2.0
    19   Si    0.04166667   0.20833333   0.87500000   2.0  2.0
    20   Si    0.20833333   0.20833333   0.70833333   2.0  2.0
    21   Si    0.29166667   0.12500000   0.79166667   2.0  2.0
    22   Si    0.29166667   0.29166667   0.95833333   2.0  2.0
    23   Si    0.12500000   0.12500000   0.95833333   2.0  2.0
    24   Si    0.12500000   0.29166667   0.79166667   2.0  2.0
    25   Si    0.04166667   0.37500000   0.04166667   2.0  2.0
    26   Si    0.20833333   0.37500000   0.20833333   2.0  2.0
    27   Si    0.04166667   0.54166667   0.20833333   2.0  2.0
    28   Si    0.20833333   0.54166667   0.04166667   2.0  2.0
    29   Si    0.29166667   0.45833333   0.12500000   2.0  2.0
    30   Si    0.29166667   0.62500000   0.29166667   2.0  2.0
    31   Si    0.12500000   0.45833333   0.29166667   2.0  2.0
    32   Si    0.12500000   0.62500000   0.12500000   2.0  2.0
    33   Si    0.04166667   0.37500000   0.37500000   2.0  2.0
    34   Si    0.20833333   0.37500000   0.54166667   2.0  2.0
    35   Si    0.04166667   0.54166667   0.54166667   2.0  2.0
    36   Si    0.20833333   0.54166667   0.37500000   2.0  2.0
    37   Si    0.29166667   0.45833333   0.45833333   2.0  2.0
    38   Si    0.29166667   0.62500000   0.62500000   2.0  2.0
    39   Si    0.12500000   0.45833333   0.62500000   2.0  2.0
    40   Si    0.12500000   0.62500000   0.45833333   2.0  2.0
    41   Si    0.04166667   0.37500000   0.70833333   2.0  2.0
    42   Si    0.20833333   0.37500000   0.87500000   2.0  2.0
    43   Si    0.04166667   0.54166667   0.87500000   2.0  2.0
    44   Si    0.20833333   0.54166667   0.70833333   2.0  2.0
    45   Si    0.29166667   0.45833333   0.79166667   2.0  2.0
    46   Si    0.29166667   0.62500000   0.95833333   2.0  2.0
    47   Si    0.12500000   0.45833333   0.95833333   2.0  2.0
    48   Si    0.12500000   0.62500000   0.79166667   2.0  2.0
    49   Si    0.04166667   0.70833333   0.04166667   2.0  2.0
    50   Si    0.20833333   0.70833333   0.20833333   2.0  2.0
    51   Si    0.04166667   0.87500000   0.20833333   2.0  2.0
    52   Si    0.20833333   0.87500000   0.04166667   2.0  2.0
    53   Si    0.29166667   0.79166667   0.12500000   2.0  2.0
    54   Si    0.29166667   0.95833333   0.29166667   2.0  2.0
    55   Si    0.12500000   0.79166667   0.29166667   2.0  2.0
    56   Si    0.12500000   0.95833333   0.12500000   2.0  2.0
    57   Si    0.04166667   0.70833333   0.37500000   2.0  2.0
    58   Si    0.20833333   0.70833333   0.54166667   2.0  2.0
    59   Si    0.04166667   0.87500000   0.54166667   2.0  2.0
    60   Si    0.20833333   0.87500000   0.37500000   2.0  2.0
    61   Si    0.29166667   0.79166667   0.45833333   2.0  2.0
    62   Si    0.29166667   0.95833333   0.62500000   2.0  2.0
    63   Si    0.12500000   0.79166667   0.62500000   2.0  2.0
    64   Si    0.12500000   0.95833333   0.45833333   2.0  2.0
    65   Si    0.04166667   0.70833333   0.70833333   2.0  2.0
    66   Si    0.20833333   0.70833333   0.87500000   2.0  2.0
    67   Si    0.04166667   0.87500000   0.87500000   2.0  2.0
    68   Si    0.20833333   0.87500000   0.70833333   2.0  2.0
    69   Si    0.29166667   0.79166667   0.79166667   2.0  2.0
    70   Si    0.29166667   0.95833333   0.95833333   2.0  2.0
    71   Si    0.12500000   0.79166667   0.95833333   2.0  2.0
    72   Si    0.12500000   0.95833333   0.79166667   2.0  2.0
    73   Si    0.37500000   0.04166667   0.04166667   2.0  2.0
    74   Si    0.54166667   0.04166667   0.20833333   2.0  2.0
    75   Si    0.37500000   0.20833333   0.20833333   2.0  2.0
    76   Si    0.54166667   0.20833333   0.04166667   2.0  2.0
    77   Si    0.62500000   0.12500000   0.12500000   2.0  2.0
    78   Si    0.62500000   0.29166667   0.29166667   2.0  2.0
    79   Si    0.45833333   0.12500000   0.29166667   2.0  2.0
    80   Si    0.45833333   0.29166667   0.12500000   2.0  2.0
    81   Si    0.37500000   0.04166667   0.37500000   2.0  2.0
    82   Si    0.54166667   0.04166667   0.54166667   2.0  2.0
    83   Si    0.37500000   0.20833333   0.54166667   2.0  2.0
    84   Si    0.54166667   0.20833333   0.37500000   2.0  2.0
    85   Si    0.62500000   0.12500000   0.45833333   2.0  2.0
    86   Si    0.62500000   0.29166667   0.62500000   2.0  2.0
    87   Si    0.45833333   0.12500000   0.62500000   2.0  2.0
    88   Si    0.45833333   0.29166667   0.45833333   2.0  2.0
    89   Si    0.37500000   0.04166667   0.70833333   2.0  2.0
    90   Si    0.54166667   0.04166667   0.87500000   2.0  2.0
    91   Si    0.37500000   0.20833333   0.87500000   2.0  2.0
    92   Si    0.54166667   0.20833333   0.70833333   2.0  2.0
    93   Si    0.62500000   0.12500000   0.79166667   2.0  2.0
    94   Si    0.62500000   0.29166667   0.95833333   2.0  2.0
    95   Si    0.45833333   0.12500000   0.95833333   2.0  2.0
    96   Si    0.45833333   0.29166667   0.79166667   2.0  2.0
    97   Si    0.37500000   0.37500000   0.04166667   2.0  2.0
    98   Si    0.54166667   0.37500000   0.20833333   2.0  2.0
    99   Si    0.37500000   0.54166667   0.20833333   2.0  2.0
   100   Si    0.54166667   0.54166667   0.04166667   2.0  2.0
   101   Si    0.62500000   0.45833333   0.12500000   2.0  2.0
   102   Si    0.62500000   0.62500000   0.29166667   2.0  2.0
   103   Si    0.45833333   0.45833333   0.29166667   2.0  2.0
   104   Si    0.45833333   0.62500000   0.12500000   2.0  2.0
   105   Si    0.37500000   0.37500000   0.37500000   2.0  2.0
   106   Si    0.54166667   0.37500000   0.54166667   2.0  2.0
   107   Si    0.37500000   0.54166667   0.54166667   2.0  2.0
   108   Si    0.54166667   0.54166667   0.37500000   2.0  2.0
   109   Si    0.62500000   0.45833333   0.45833333   2.0  2.0
   110   Si    0.62500000   0.62500000   0.62500000   2.0  2.0
   111   Si    0.45833333   0.45833333   0.62500000   2.0  2.0
   112   Si    0.45833333   0.62500000   0.45833333   2.0  2.0
   113   Si    0.37500000   0.37500000   0.70833333   2.0  2.0
   114   Si    0.54166667   0.37500000   0.87500000   2.0  2.0
   115   Si    0.37500000   0.54166667   0.87500000   2.0  2.0
   116   Si    0.54166667   0.54166667   0.70833333   2.0  2.0
   117   Si    0.62500000   0.45833333   0.79166667   2.0  2.0
   118   Si    0.62500000   0.62500000   0.95833333   2.0  2.0
   119   Si    0.45833333   0.45833333   0.95833333   2.0  2.0
   120   Si    0.45833333   0.62500000   0.79166667   2.0  2.0
   121   Si    0.37500000   0.70833333   0.04166667   2.0  2.0
   122   Si    0.54166667   0.70833333   0.20833333   2.0  2.0
   123   Si    0.37500000   0.87500000   0.20833333   2.0  2.0
   124   Si    0.54166667   0.87500000   0.04166667   2.0  2.0
   125   Si    0.62500000   0.79166667   0.12500000   2.0  2.0
   126   Si    0.62500000   0.95833333   0.29166667   2.0  2.0
   127   Si    0.45833333   0.79166667   0.29166667   2.0  2.0
   128   Si    0.45833333   0.95833333   0.12500000   2.0  2.0
   129   Si    0.37500000   0.70833333   0.37500000   2.0  2.0
   130   Si    0.54166667   0.70833333   0.54166667   2.0  2.0
   131   Si    0.37500000   0.87500000   0.54166667   2.0  2.0
   132   Si    0.54166667   0.87500000   0.37500000   2.0  2.0
   133   Si    0.62500000   0.79166667   0.45833333   2.0  2.0
   134   Si    0.62500000   0.95833333   0.62500000   2.0  2.0
   135   Si    0.45833333   0.79166667   0.62500000   2.0  2.0
   136   Si    0.45833333   0.95833333   0.45833333   2.0  2.0
   137   Si    0.37500000   0.70833333   0.70833333   2.0  2.0
   138   Si    0.54166667   0.70833333   0.87500000   2.0  2.0
   139   Si    0.37500000   0.87500000   0.87500000   2.0  2.0
   140   Si    0.54166667   0.87500000   0.70833333   2.0  2.0
   141   Si    0.62500000   0.79166667   0.79166667   2.0  2.0
   142   Si    0.62500000   0.95833333   0.95833333   2.0  2.0
   143   Si    0.45833333   0.79166667   0.95833333   2.0  2.0
   144   Si    0.45833333   0.95833333   0.79166667   2.0  2.0
   145   Si    0.70833333   0.04166667   0.04166667   2.0  2.0
   146   Si    0.87500000   0.04166667   0.20833333   2.0  2.0
   147   Si    0.70833333   0.20833333   0.20833333   2.0  2.0
   148   Si    0.87500000   0.20833333   0.04166667   2.0  2.0
   149   Si    0.95833333   0.12500000   0.12500000   2.0  2.0
   150   Si    0.95833333   0.29166667   0.29166667   2.0  2.0
   151   Si    0.79166667   0.12500000   0.29166667   2.0  2.0
   152   Si    0.79166667   0.29166667   0.12500000   2.0  2.0
   153   Si    0.70833333   0.04166667   0.37500000   2.0  2.0
   154   Si    0.87500000   0.04166667   0.54166667   2.0  2.0
   155   Si    0.70833333   0.20833333   0.54166667   2.0  2.0
   156   Si    0.87500000   0.20833333   0.37500000   2.0  2.0
   157   Si    0.95833333   0.12500000   0.45833333   2.0  2.0
   158   Si    0.95833333   0.29166667   0.62500000   2.0  2.0
   159   Si    0.79166667   0.12500000   0.62500000   2.0  2.0
   160   Si    0.79166667   0.29166667   0.45833333   2.0  2.0
   161   Si    0.70833333   0.04166667   0.70833333   2.0  2.0
   162   Si    0.87500000   0.04166667   0.87500000   2.0  2.0
   163   Si    0.70833333   0.20833333   0.87500000   2.0  2.0
   164   Si    0.87500000   0.20833333   0.70833333   2.0  2.0
   165   Si    0.95833333   0.12500000   0.79166667   2.0  2.0
   166   Si    0.95833333   0.29166667   0.95833333   2.0  2.0
   167   Si    0.79166667   0.12500000   0.95833333   2.0  2.0
   168   Si    0.79166667   0.29166667   0.79166667   2.0  2.0
   169   Si    0.70833333   0.37500000   0.04166667   2.0  2.0
   170   Si    0.87500000   0.37500000   0.20833333   2.0  2.0
   171   Si    0.70833333   0.54166667   0.20833333   2.0  2.0
   172   Si    0.87500000   0.54166667   0.04166667   2.0  2.0
   173   Si    0.95833333   0.45833333   0.12500000   2.0  2.0
   174   Si    0.95833333   0.62500000   0.29166667   2.0  2.0
   175   Si    0.79166667   0.45833333   0.29166667   2.0  2.0
   176   Si    0.79166667   0.62500000   0.12500000   2.0  2.0
   177   Si    0.70833333   0.37500000   0.37500000   2.0  2.0
   178   Si    0.87500000   0.37500000   0.54166667   2.0  2.0
   179   Si    0.70833333   0.54166667   0.54166667   2.0  2.0
   180   Si    0.87500000   0.54166667   0.37500000   2.0  2.0
   181   Si    0.95833333   0.45833333   0.45833333   2.0  2.0
   182   Si    0.95833333   0.62500000   0.62500000   2.0  2.0
   183   Si    0.79166667   0.45833333   0.62500000   2.0  2.0
   184   Si    0.79166667   0.62500000   0.45833333   2.0  2.0
   185   Si    0.70833333   0.37500000   0.70833333   2.0  2.0
   186   Si    0.87500000   0.37500000   0.87500000   2.0  2.0
   187   Si    0.70833333   0.54166667   0.87500000   2.0  2.0
   188   Si    0.87500000   0.54166667   0.70833333   2.0  2.0
   189   Si    0.95833333   0.45833333   0.79166667   2.0  2.0
   190   Si    0.95833333   0.62500000   0.95833333   2.0  2.0
   191   Si    0.79166667   0.45833333   0.95833333   2.0  2.0
   192   Si    0.79166667   0.62500000   0.79166667   2.0  2.0
   193   Si    0.70833333   0.70833333   0.04166667   2.0  2.0
   194   Si    0.87500000   0.70833333   0.20833333   2.0  2.0
   195   Si    0.70833333   0.87500000   0.20833333   2.0  2.0
   196   Si    0.87500000   0.87500000   0.04166667   2.0  2.0
   197   Si    0.95833333   0.79166667   0.12500000   2.0  2.0
   198   Si    0.95833333   0.95833333   0.29166667   2.0  2.0
   199   Si    0.79166667   0.79166667   0.29166667   2.0  2.0
   200   Si    0.79166667   0.95833333   0.12500000   2.0  2.0
   201   Si    0.70833333   0.70833333   0.37500000   2.0  2.0
   202   Si    0.87500000   0.70833333   0.54166667   2.0  2.0
   203   Si    0.70833333   0.87500000   0.54166667   2.0  2.0
   204   Si    0.87500000   0.87500000   0.37500000   2.0  2.0
   205   Si    0.95833333   0.79166667   0.45833333   2.0  2.0
   206   Si    0.95833333   0.95833333   0.62500000   2.0  2.0
   207   Si    0.79166667   0.79166667   0.62500000   2.0  2.0
   208   Si    0.79166667   0.95833333   0.45833333   2.0  2.0
   209   Si    0.70833333   0.70833333   0.70833333   2.0  2.0
   210   Si    0.87500000   0.70833333   0.87500000   2.0  2.0
   211   Si    0.70833333   0.87500000   0.87500000   2.0  2.0
   212   Si    0.87500000   0.87500000   0.70833333   2.0  2.0
   213   Si    0.95833333   0.79166667   0.79166667   2.0  2.0
   214   Si    0.95833333   0.95833333   0.95833333   2.0  2.0
   215   Si    0.79166667   0.79166667   0.95833333   2.0  2.0
   216   Si    0.79166667   0.95833333   0.79166667   2.0  2.0
Atoms.SpeciesAndCoordinates>

Atoms.UnitVectors.Unit             Ang
<Atoms.UnitVectors
     16.2930000     0.0000000     0.0000000
      0.0000000    16.2930000     0.0000000
      0.0000000     0.0000000    16.2930000
Atoms.UnitVectors>

#
# SCF or Electronic System
#

scf.XcType                  GGA-PBE        # LDA|LSDA-CA|LSDA-PW|GGA-PBE
scf.SpinPolarization        NC        # On|Off|NC
scf.ElectronicTemperature  300.0       # default=300 (K)
scf.energycutoff           200.0       # default=150 (Ry)
scf.maxIter                 25          # fixed-iteration timing
scf.EigenvalueSolver       Band        # DC|GDC|Cluster|Band
scf.Kgrid                  2 2 2       # means n1 x n2 x n3
scf.Mixing.Type           rmm-diisk    # Simple|Rmm-Diis|Gr-Pulay|Kerker|Rmm-Diisk
scf.Init.Mixing.Weight     0.30        # default=0.30 
scf.Min.Mixing.Weight      0.001       # default=0.001 
scf.Max.Mixing.Weight      0.700       # default=0.40 
scf.Mixing.History          7          # default=5
scf.Mixing.StartPulay       5          # default=6
scf.criterion             1.0e-15      # pin the SCF count at 25
scf.eigen.lib             gpusolver
scf.gemmul8.enable        off       # A/B: plain cuBLAS FP64

#
# MD or Geometry Optimization
#

MD.Type                      Opt      # Nomd|Opt|NVE|NVT_VS|NVT_NH
MD.maxIter                    1        # default=1
MD.TimeStep                   1        # default=0.5 (fs)
MD.Opt.criterion         1.0e-5        # default=1.0e-4 (Hartree/bohr)

#
# Band dispersion 
#

Band.dispersion              off        # on|off, default=off
<Band.KPath.UnitCell
3.56  0.00  0.00
0.00  3.56  0.00
0.00  0.00  3.56
Band.KPath.UnitCell>

# if <Band.KPath.UnitCell does not exist,
#     the reciprical lattice vector is employed. 
Band.Nkpath                5
<Band.kpath                
   25  0.0 0.0 0.0   1.0 0.0 0.0   g X
   25  1.0 0.0 0.0   1.0 0.5 0.0   X W
   25  1.0 0.5 0.0   0.5 0.5 0.5   W L
   25  0.5 0.5 0.5   0.0 0.0 0.0   L g
   25  0.0 0.0 0.0   1.0 0.0 0.0   g X 
Band.kpath>

#
# MO output
#

MO.fileout                       off    # on|off
num.HOMOs                         1    # default=2
num.LUMOs                         1    # default=2
MO.Nkpoint                        2    # default=1 
<MO.kpoint
  0.0  0.0  0.0
  0.0  0.0  0.2
MO.kpoint>

#
# DOS and PDOS
#

Dos.fileout                   off        # on|off, default=off
#Dos.Erange              -25.0  20.0    # default = -20 20 
#Dos.Kgrid                12 12 12      # default = Kgrid1 Kgrid2 Kgrid3
#FermiSurfer.fileout          off       



***********************************************************
***********************************************************

  Required cutoff energy (Ryd) for 3D-grids = 200.0000
      Used cutoff energy (Ryd) for 3D-grids = 204.0591, 204.0591, 204.0591
  Num. of grids of a-, b-, and c-axes = 140, 140, 140

  Num.Grid1.   140
  Num.Grid2.   140
  Num.Grid3.   140


  Cell_Volume =  29187.686966108606 (Bohr^3)
  GridVol     =      0.010636912160 (Bohr^3)
  Cell vectors (bohr) of the grid cell (gtv)
    gtv_a =  0.219923610942,  0.000000000000,  0.000000000000
    gtv_b =  0.000000000000,  0.219923610942,  0.000000000000
    gtv_c =  0.000000000000,  0.000000000000,  0.219923610942
    |gtv_a| =  0.219923610942
    |gtv_b| =  0.219923610942
    |gtv_c| =  0.219923610942

***********************************************************
***********************************************************


***********************************************************
***********************************************************
                  SCF history at MD= 1                    
***********************************************************
***********************************************************

   SCF=   1  NormRD=  1.000000000000  Uele= -248.207938481022
   SCF=   2  NormRD=  9.907560720654  Uele= -248.207938481022
   SCF=   3  NormRD=  9.877882595626  Uele= -248.259601713621
   SCF=   4  NormRD=  4.947398211867  Uele= -256.393684326025
   SCF=   5  NormRD=  0.970448612812  Uele= -260.350580630744
   SCF=   6  NormRD=  0.007033105823  Uele= -261.114107276731
   SCF=   7  NormRD=  0.006091188771  Uele= -261.118553252166
   SCF=   8  NormRD=  0.000163319740  Uele= -261.108446135363
   SCF=   9  NormRD=  0.000344369542  Uele= -261.108354639080
   SCF=  10  NormRD=  0.000059396374  Uele= -261.108318440653
   SCF=  11  NormRD=  0.000005077517  Uele= -261.108323025148
   SCF=  12  NormRD=  0.000000546238  Uele= -261.108335305159
   SCF=  13  NormRD=  0.000000302457  Uele= -261.108335653853
   SCF=  14  NormRD=  0.000000574762  Uele= -261.108335499055
   SCF=  15  NormRD=  0.000000028307  Uele= -261.108335497238
   SCF=  16  NormRD=  0.000000022815  Uele= -261.108335498271
   SCF=  17  NormRD=  0.000000004045  Uele= -261.108335498572
   SCF=  18  NormRD=  0.000000002954  Uele= -261.108335499185
   SCF=  19  NormRD=  0.000000001021  Uele= -261.108335499165
   SCF=  20  NormRD=  0.000000000428  Uele= -261.108335499269
   SCF=  21  NormRD=  0.000000000026  Uele= -261.108335499245
   SCF=  22  NormRD=  0.000000000053  Uele= -261.108335499203
   SCF=  23  NormRD=  0.000000000067  Uele= -261.108335499199
   SCF=  24  NormRD=  0.000000000015  Uele= -261.108335499200
   SCF=  25  NormRD=  0.000000000012  Uele= -261.108335499202

*******************************************************
        Total energy (Hartree) at MD = 1        
*******************************************************

  Uele.       -261.108335499202

  Ukin.        328.002712719277
  UH0.      -15767.675193827479
  UH1.           3.368318122988
  Una.        -365.332183122654
  Unl.         134.013555796347
  Uxc0.       -153.336554915678
  Uxc1.       -153.336554915677
  Ucore.     15086.873067066357
  Uhub.          0.000000000000
  Ucs.           0.000000000000
  Uzs.           0.000000000000
  Uzo.           0.000000000000
  Uef.           0.000000000000
  UvdW.          0.000000000000
  Uch.           0.000000000000
  Utot.       -887.422833076519

  UpV.           0.000000000000
  Enpy.       -887.422833076519
  Note:

  Utot = Ukin+UH0+UH1+Una+Unl+Uxc0+Uxc1+Ucore+Uhub+Ucs+Uzs+Uzo+Uef+UvdW+Uch

  Uele:   band energy
  Ukin:   kinetic energy
  UH0:    electric part of screened Coulomb energy
  UH1:    difference electron-electron Coulomb energy
  Una:    neutral atom potential energy
  Unl:    non-local potential energy
  Uxc0:   exchange-correlation energy for alpha spin
  Uxc1:   exchange-correlation energy for beta spin
  Ucore:  core-core Coulomb energy
  Uhub:   LDA+U energy
  Ucs:    constraint energy for spin orientation
  Uzs:    Zeeman term for spin magnetic moment
  Uzo:    Zeeman term for orbital magnetic moment
  Uef:    electric energy by electric field
  UvdW:   semi-empirical vdW energy
  Uch:    penalty term to create a core hole

  UpV:    pressure times volume
  Enpy:   Enthalpy = Utot + UpV
  (see also PRB 72, 045121(2005) for the energy contributions)



  Chemical potential (Hartree)      -0.104271819971

***********************************************************
***********************************************************
           Eigenvalues (Hartree) of SCF KS-eq.           
***********************************************************
***********************************************************

   Chemical Potential (Hartree) =  -0.10427181997118
   Number of States             = 863.99999999999955
   Eigenvalues


   kloop=0
   k1=   0.00000 k2=  -0.00000 k3=   0.00000

    1   -0.55507736840363
    2   -0.55507736840363
    3   -0.53765701895735
    4   -0.53765701895735
    5   -0.53765701895733
    6   -0.53765701895733
    7   -0.53765701895727
    8   -0.53765701895727
    9   -0.53765701895726
   10   -0.53765701895726
   11   -0.53765701894995
   12   -0.53765701894995
   13   -0.53765701894981
   14   -0.53765701894981
   15   -0.52059380150291
   16   -0.52059380150291
   17   -0.52059380150291
   18   -0.52059380150290
   19   -0.52059380148948
   20   -0.52059380148948
   21   -0.52059380148948
   22   -0.52059380148947
   23   -0.52059380148947
   24   -0.52059380148946
   25   -0.52059380148945
   26   -0.52059380148945
   27   -0.52059364606088
   28   -0.52059364606088
   29   -0.52059364606088
   30   -0.52059364606087
   31   -0.52059364606086
   32   -0.52059364606086
   33   -0.52059364606085
   34   -0.52059364606085
   35   -0.52059364604684
   36   -0.52059364604684
   37   -0.52059364604683
   38   -0.52059364604683
   39   -0.50494536208768
   40   -0.50494536208768
   41   -0.50494536208767
   42   -0.50494536208767
   43   -0.50494536206623
   44   -0.50494536206623
   45   -0.50494526769407
   46   -0.50494526769407
   47   -0.50494526769407
   48   -0.50494526769407
   49   -0.50494526764399
   50   -0.50494526764399
   51   -0.50494519640553
   52   -0.50494519640553
   53   -0.50494503550858
   54   -0.50494503550858
   55   -0.48576397835323
   56   -0.48576397835323
   57   -0.48576397835323
   58   -0.48576397835323
   59   -0.48576397830994
   60   -0.48576397830994
   61   -0.48576392227038
   62   -0.48576392227038
   63   -0.48576392222650
   64   -0.48576392222650
   65   -0.48576353693892
   66   -0.48576353693892
   67   -0.47158646508499
   68   -0.47158646508499
   69   -0.47158646508499
   70   -0.47158646508498
   71   -0.47158646506582
   72   -0.47158646506582
   73   -0.47158646506581
   74   -0.47158646506581
   75   -0.47158646506580
   76   -0.47158646506579
   77   -0.47158646506579
   78   -0.47158646506579
   79   -0.47158645645612
   80   -0.47158645645612
   81   -0.47158645645611
   82   -0.47158645645611
   83   -0.47158645644489
   84   -0.47158645644489
   85   -0.47158645644487
   86   -0.47158645644487
   87   -0.47158645644487
   88   -0.47158645644487
   89   -0.47158645644487
   90   -0.47158645644486
   91   -0.47158644368330
   92   -0.47158644368330
   93   -0.47158644368319
   94   -0.47158644368319
   95   -0.47158644364311
   96   -0.47158644364311
   97   -0.47158644364309
   98   -0.47158644364309
   99   -0.47158644364305
  100   -0.47158644364304
  101   -0.47158644364304
  102   -0.47158644364304
  103   -0.47158617618776
  104   -0.47158617618776
  105   -0.47158617618776
  106   -0.47158617618775
  107   -0.47158617618770
  108   -0.47158617618770
  109   -0.47158617618770
  110   -0.47158617618770
  111   -0.47158617617773
  112   -0.47158617617773
  113   -0.47158617617762
  114   -0.47158617617762
  115   -0.46419623279139
  116   -0.46419623279139
  117   -0.46419623279134
  118   -0.46419623279134
  119   -0.46419623279134
  120   -0.46419623279134
  121   -0.46419623279129
  122   -0.46419623279129
  123   -0.46419623275777
  124   -0.46419623275777
  125   -0.46419623275771
  126   -0.46419623275771
  127   -0.46419621972728
  128   -0.46419621972728
  129   -0.46419621972724
  130   -0.46419621972724
  131   -0.46419621972724
  132   -0.46419621972723
  133   -0.46419621972720
  134   -0.46419621972720
  135   -0.46419621971681
  136   -0.46419621971681
  137   -0.46419621971680
  138   -0.46419621971680
  139   -0.46419613923905
  140   -0.46419613923905
  141   -0.46419613923905
  142   -0.46419613923905
  143   -0.46419613921183
  144   -0.46419613921183
  145   -0.46419613921180
  146   -0.46419613921180
  147   -0.46419613921178
  148   -0.46419613921178
  149   -0.46419613921175
  150   -0.46419613921175
  151   -0.46419613200062
  152   -0.46419613200062
  153   -0.46419613200056
  154   -0.46419613200056
  155   -0.46419613200056
  156   -0.46419613200056
  157   -0.46419613200051
  158   -0.46419613200051
  159   -0.46419613196802
  160   -0.46419613196802
  161   -0.46419613196796
  162   -0.46419613196796
  163   -0.43584727515560
  164   -0.43584727515560
  165   -0.43584727514949
  166   -0.43584727514949
  167   -0.43584727514949
  168   -0.43584727514948
  169   -0.43584725836543
  170   -0.43584725836543
  171   -0.43584725827764
  172   -0.43584725827764
  173   -0.43584724477631
  174   -0.43584724477631
  175   -0.43584724476226
  176   -0.43584724476226
  177   -0.43584724476226
  178   -0.43584724476226
  179   -0.43584710560370
  180   -0.43584710560370
  181   -0.43584710560370
  182   -0.43584710560370
  183   -0.43584710558605
  184   -0.43584710558605
  185   -0.43584703879330
  186   -0.43584703879330
  187   -0.40358415653372
  188   -0.40358415653372
  189   -0.40358415653371
  190   -0.40358415653371
  191   -0.40358415653353
  192   -0.40358415653353
  193   -0.40358415653353
  194   -0.40358415653352
  195   -0.40358415647036
  196   -0.40358415647036
  197   -0.40358415646997
  198   -0.40358415646997
  199   -0.39914372142334
  200   -0.39914372142334
  201   -0.39914372142332
  202   -0.39914372142332
  203   -0.39914372142330
  204   -0.39914372142330
  205   -0.39914372142329
  206   -0.39914372142329
  207   -0.39914372142285
  208   -0.39914372142285
  209   -0.39914372142284
  210   -0.39914372142284
  211   -0.39914367604899
  212   -0.39914367604899
  213   -0.39914367604885
  214   -0.39914367604885
  215   -0.39914367599200
  216   -0.39914367599200
  217   -0.39914367599197
  218   -0.39914367599197
  219   -0.39914367599192
  220   -0.39914367599192
  221   -0.39914367599189
  222   -0.39914367599189
  223   -0.39914358280567
  224   -0.39914358280567
  225   -0.39914358280566
  226   -0.39914358280566
  227   -0.39914358279534
  228   -0.39914358279534
  229   -0.39914358279532
  230   -0.39914358279532
  231   -0.39914358279531
  232   -0.39914358279531
  233   -0.39914358279529
  234   -0.39914358279529
  235   -0.39914351354498
  236   -0.39914351354498
  237   -0.39914351354485
  238   -0.39914351354485
  239   -0.39914351353169
  240   -0.39914351353168
  241   -0.39914351353166
  242   -0.39914351353165
  243   -0.39914351353161
  244   -0.39914351353161
  245   -0.39914351353159
  246   -0.39914351353159
  247   -0.36511051789161
  248   -0.36511051789161
  249   -0.36511051781624
  250   -0.36511051781623
  251   -0.36511051781623
  252   -0.36511051781623
  253   -0.36511049280350
  254   -0.36511049280350
  255   -0.36511049280350
  256   -0.36511049280350
  257   -0.36511049279824
  258   -0.36511049279824
  259   -0.36511040559240
  260   -0.36511040559240
  261   -0.36511040554396
  262   -0.36511040554396
  263   -0.36511034138425
  264   -0.36511034138425
  265   -0.36511034137910
  266   -0.36511034137910
  267   -0.36511034137910
  268   -0.36511034137910
  269   -0.36511014069661
  270   -0.36511014069661
  271   -0.35902893020372
  272   -0.35902893020372
  273   -0.35902893020372
  274   -0.35902893020372
  275   -0.35902893019146
  276   -0.35902893019146
  277   -0.35902893019142
  278   -0.35902893019142
  279   -0.35902893019142
  280   -0.35902893019142
  281   -0.35902893019139
  282   -0.35902893019139
  283   -0.35902889230178
  284   -0.35902889230178
  285   -0.35902889230167
  286   -0.35902889230167
  287   -0.35902889229757
  288   -0.35902889229757
  289   -0.35902889229753
  290   -0.35902889229753
  291   -0.35902889229751
  292   -0.35902889229751
  293   -0.35902889229747
  294   -0.35902889229747
  295   -0.35902889031070
  296   -0.35902889031070
  297   -0.35902889031059
  298   -0.35902889031059
  299   -0.35902889030299
  300   -0.35902889030299
  301   -0.35902889030295
  302   -0.35902889030295
  303   -0.35902889030292
  304   -0.35902889030292
  305   -0.35902889030288
  306   -0.35902889030288
  307   -0.35902888435259
  308   -0.35902888435259
  309   -0.35902888435257
  310   -0.35902888435257
  311   -0.35902888435255
  312   -0.35902888435255
  313   -0.35902888435252
  314   -0.35902888435252
  315   -0.35902888433511
  316   -0.35902888433511
  317   -0.35902888433511
  318   -0.35902888433511
  319   -0.32377732224973
  320   -0.32377732224972
  321   -0.32377732224972
  322   -0.32377732224972
  323   -0.32377732224971
  324   -0.32377732224971
  325   -0.32377732224971
  326   -0.32377732224971
  327   -0.32377732221988
  328   -0.32377732221987
  329   -0.32377732221987
  330   -0.32377732221987
  331   -0.32377727307929
  332   -0.32377727307929
  333   -0.32377727307927
  334   -0.32377727307927
  335   -0.32377727307926
  336   -0.32377727307926
  337   -0.32377727307926
  338   -0.32377727307926
  339   -0.32377727303502
  340   -0.32377727303502
  341   -0.32377727303502
  342   -0.32377727303501
  343   -0.32377719932939
  344   -0.32377719932939
  345   -0.32377719932923
  346   -0.32377719932923
  347   -0.32377719929977
  348   -0.32377719929977
  349   -0.32377719929976
  350   -0.32377719929976
  351   -0.32377719929969
  352   -0.32377719929969
  353   -0.32377719929968
  354   -0.32377719929968
  355   -0.32377712842976
  356   -0.32377712842976
  357   -0.32377712842976
  358   -0.32377712842975
  359   -0.32377712842968
  360   -0.32377712842968
  361   -0.32377712842967
  362   -0.32377712842967
  363   -0.32377712839326
  364   -0.32377712839326
  365   -0.32377712839310
  366   -0.32377712839310
  367   -0.31226960340600
  368   -0.31226960340600
  369   -0.31226960339314
  370   -0.31226960339314
  371   -0.31226960339314
  372   -0.31226960339314
  373   -0.31226956011661
  374   -0.31226956011660
  375   -0.31226956011660
  376   -0.31226956011659
  377   -0.31226956010215
  378   -0.31226956010215
  379   -0.31226951105350
  380   -0.31226951105350
  381   -0.31226948454395
  382   -0.31226948454395
  383   -0.30052280496373
  384   -0.30052280496373
  385   -0.30052280495464
  386   -0.30052280495463
  387   -0.30052280495463
  388   -0.30052280495463
  389   -0.30052265844977
  390   -0.30052265844977
  391   -0.30052256631523
  392   -0.30052256631523
  393   -0.30052256621359
  394   -0.30052256621359
  395   -0.27823388060448
  396   -0.27823388060448
  397   -0.27823388058802
  398   -0.27823388058802
  399   -0.27823388058802
  400   -0.27823388058801
  401   -0.27823376770780
  402   -0.27823376770780
  403   -0.27823376770780
  404   -0.27823376770779
  405   -0.27823376769827
  406   -0.27823376769827
  407   -0.27823376364503
  408   -0.27823376364503
  409   -0.27823376364503
  410   -0.27823376364503
  411   -0.27823376362741
  412   -0.27823376362741
  413   -0.27823371813449
  414   -0.27823371813449
  415   -0.27823371798249
  416   -0.27823371798249
  417   -0.27823333408817
  418   -0.27823333408817
  419   -0.25285993950545
  420   -0.25285993950545
  421   -0.25285993950545
  422   -0.25285993950545
  423   -0.25285993950544
  424   -0.25285993950544
  425   -0.25285993950543
  426   -0.25285993950543
  427   -0.25285993948057
  428   -0.25285993948057
  429   -0.25285993948056
  430   -0.25285993948056
  431   -0.25285986135828
  432   -0.25285986135827
  433   -0.25285986135827
  434   -0.25285986135827
  435   -0.25285986135827
  436   -0.25285986135826
  437   -0.25285986135826
  438   -0.25285986135826
  439   -0.25285986134886
  440   -0.25285986134886
  441   -0.25285986134886
  442   -0.25285986134886
  443   -0.24999727907461
  444   -0.24999727907461
  445   -0.24999727907458
  446   -0.24999727907457
  447   -0.24999727907449
  448   -0.24999727907449
  449   -0.24999727907446
  450   -0.24999727907446
  451   -0.24999727898935
  452   -0.24999727898935
  453   -0.24999727898912
  454   -0.24999727898912
  455   -0.24999725391873
  456   -0.24999725391873
  457   -0.24999725391870
  458   -0.24999725391870
  459   -0.24999725391870
  460   -0.24999725391870
  461   -0.24999725391867
  462   -0.24999725391867
  463   -0.24999725389722
  464   -0.24999725389722
  465   -0.24999725389722
  466   -0.24999725389722
  467   -0.24999711774199
  468   -0.24999711774199
  469   -0.24999711774196
  470   -0.24999711774196
  471   -0.24999711774196
  472   -0.24999711774196
  473   -0.24999711774194
  474   -0.24999711774194
  475   -0.24999711768403
  476   -0.24999711768403
  477   -0.24999711768403
  478   -0.24999711768403
  479   -0.24999704265201
  480   -0.24999704265201
  481   -0.24999704265198
  482   -0.24999704265198
  483   -0.24999704265189
  484   -0.24999704265189
  485   -0.24999704265186
  486   -0.24999704265186
  487   -0.24999704253357
  488   -0.24999704253357
  489   -0.24999704253333
  490   -0.24999704253333
  491   -0.24716532925960
  492   -0.24716532925960
  493   -0.24716532925960
  494   -0.24716532925960
  495   -0.24716532925960
  496   -0.24716532925960
  497   -0.24716532925959
  498   -0.24716532925959
  499   -0.24716532923599
  500   -0.24716532923599
  501   -0.24716532923599
  502   -0.24716532923599
  503   -0.24716529298779
  504   -0.24716529298779
  505   -0.24716529298759
  506   -0.24716529298759
  507   -0.24716529293744
  508   -0.24716529293744
  509   -0.24716529293744
  510   -0.24716529293744
  511   -0.24716529293733
  512   -0.24716529293733
  513   -0.24716529293733
  514   -0.24716529293733
  515   -0.24716527028538
  516   -0.24716527028538
  517   -0.24716527028538
  518   -0.24716527028538
  519   -0.24716527028537
  520   -0.24716527028537
  521   -0.24716527028537
  522   -0.24716527028537
  523   -0.24716527026785
  524   -0.24716527026785
  525   -0.24716527026785
  526   -0.24716527026785
  527   -0.24716508682737
  528   -0.24716508682737
  529   -0.24716508682716
  530   -0.24716508682716
  531   -0.24716508681035
  532   -0.24716508681035
  533   -0.24716508681034
  534   -0.24716508681034
  535   -0.24716508681024
  536   -0.24716508681024
  537   -0.24716508681024
  538   -0.24716508681024
  539   -0.22085946446243
  540   -0.22085946446243
  541   -0.22085946446242
  542   -0.22085946446242
  543   -0.22085946428612
  544   -0.22085946428612
  545   -0.22085946428612
  546   -0.22085946428612
  547   -0.22085946428612
  548   -0.22085946428612
  549   -0.22085946428611
  550   -0.22085946428611
  551   -0.21805728769436
  552   -0.21805728769436
  553   -0.21805728769435
  554   -0.21805728769435
  555   -0.21805728765101
  556   -0.21805728765101
  557   -0.21805728765099
  558   -0.21805728765098
  559   -0.21805728765098
  560   -0.21805728765098
  561   -0.21805728765097
  562   -0.21805728765096
  563   -0.21805718341016
  564   -0.21805718341016
  565   -0.21805718341015
  566   -0.21805718341015
  567   -0.21805718341009
  568   -0.21805718341009
  569   -0.21805718341008
  570   -0.21805718341008
  571   -0.21805718340303
  572   -0.21805718340303
  573   -0.21805718340289
  574   -0.21805718340289
  575   -0.21805713471909
  576   -0.21805713471909
  577   -0.21805713471906
  578   -0.21805713471906
  579   -0.21805713471905
  580   -0.21805713471905
  581   -0.21805713471904
  582   -0.21805713471903
  583   -0.21805713465436
  584   -0.21805713465436
  585   -0.21805713465436
  586   -0.21805713465436
  587   -0.21805693022121
  588   -0.21805693022121
  589   -0.21805693022119
  590   -0.21805693022119
  591   -0.21805693022114
  592   -0.21805693022113
  593   -0.21805693022113
  594   -0.21805693022113
  595   -0.21805693010109
  596   -0.21805693010109
  597   -0.21805693010096
  598   -0.21805693010096
  599   -0.20487386354901
  600   -0.20487386354901
  601   -0.20487386350614
  602   -0.20487386350614
  603   -0.20487386350614
  604   -0.20487386350614
  605   -0.20487382183747
  606   -0.20487382183747
  607   -0.20487382183746
  608   -0.20487382183746
  609   -0.20487382178935
  610   -0.20487382178935
  611   -0.20487355993147
  612   -0.20487355993147
  613   -0.20487355993146
  614   -0.20487355993146
  615   -0.20487355986642
  616   -0.20487355986642
  617   -0.20487354415668
  618   -0.20487354415668
  619   -0.20487354415668
  620   -0.20487354415668
  621   -0.20487354415535
  622   -0.20487354415535
  623   -0.20447058710129
  624   -0.20447058710129
  625   -0.20447058710129
  626   -0.20447058710128
  627   -0.20447058706812
  628   -0.20447058706811
  629   -0.20447058706811
  630   -0.20447058706811
  631   -0.20447058706811
  632   -0.20447058706811
  633   -0.20447058706811
  634   -0.20447058706811
  635   -0.20447042277469
  636   -0.20447042277469
  637   -0.20447042277468
  638   -0.20447042277468
  639   -0.20447042277467
  640   -0.20447042277467
  641   -0.20447042277467
  642   -0.20447042277467
  643   -0.20447042276022
  644   -0.20447042276022
  645   -0.20447042276021
  646   -0.20447042276021
  647   -0.20023939734132
  648   -0.20023939734132
  649   -0.20023939734131
  650   -0.20023939734131
  651   -0.20023939733583
  652   -0.20023939733583
  653   -0.20023939733583
  654   -0.20023939733583
  655   -0.20023939733583
  656   -0.20023939733583
  657   -0.20023939733583
  658   -0.20023939733582
  659   -0.20023938841105
  660   -0.20023938841105
  661   -0.20023938841104
  662   -0.20023938841104
  663   -0.20023938834889
  664   -0.20023938834888
  665   -0.20023938834888
  666   -0.20023938834888
  667   -0.20023938834888
  668   -0.20023938834888
  669   -0.20023938834888
  670   -0.20023938834888
  671   -0.20023924885770
  672   -0.20023924885770
  673   -0.20023924885764
  674   -0.20023924885764
  675   -0.20023924873043
  676   -0.20023924873043
  677   -0.20023924873043
  678   -0.20023924873042
  679   -0.20023924873040
  680   -0.20023924873040
  681   -0.20023924873040
  682   -0.20023924873040
  683   -0.20023895142755
  684   -0.20023895142755
  685   -0.20023895142750
  686   -0.20023895142750
  687   -0.20023895140658
  688   -0.20023895140657
  689   -0.20023895140657
  690   -0.20023895140657
  691   -0.20023895140655
  692   -0.20023895140654
  693   -0.20023895140654
  694   -0.20023895140654
  695   -0.19367187488389
  696   -0.19367187488389
  697   -0.19367187480114
  698   -0.19367187480114
  699   -0.19367187480114
  700   -0.19367187480114
  701   -0.19367171228473
  702   -0.19367171228473
  703   -0.19367163157584
  704   -0.19367163157584
  705   -0.19367163157583
  706   -0.19367163157583
  707   -0.19367163152378
  708   -0.19367163152378
  709   -0.19367147777336
  710   -0.19367147777336
  711   -0.19367147777336
  712   -0.19367147777336
  713   -0.19367147764393
  714   -0.19367147764393
  715   -0.19367118724953
  716   -0.19367118724953
  717   -0.19367118706882
  718   -0.19367118706882
  719   -0.19085349769031
  720   -0.19085349769031
  721   -0.19085349768988
  722   -0.19085349768988
  723   -0.19085349757949
  724   -0.19085349757949
  725   -0.19085349757949
  726   -0.19085349757948
  727   -0.19085349757928
  728   -0.19085349757928
  729   -0.19085349757927
  730   -0.19085349757927
  731   -0.18135926001519
  732   -0.18135926001519
  733   -0.18135926001510
  734   -0.18135926001510
  735   -0.18135925998293
  736   -0.18135925998292
  737   -0.18135925998291
  738   -0.18135925998291
  739   -0.18135925998288
  740   -0.18135925998288
  741   -0.18135925998286
  742   -0.18135925998286
  743   -0.18135894481407
  744   -0.18135894481407
  745   -0.18135894481407
  746   -0.18135894481407
  747   -0.18135894478460
  748   -0.18135894478460
  749   -0.18135894478458
  750   -0.18135894478458
  751   -0.18135894478458
  752   -0.18135894478458
  753   -0.18135894478456
  754   -0.18135894478456
  755   -0.18135894276813
  756   -0.18135894276813
  757   -0.18135894276813
  758   -0.18135894276813
  759   -0.18135894272358
  760   -0.18135894272358
  761   -0.18135894272358
  762   -0.18135894272358
  763   -0.18135894272357
  764   -0.18135894272357
  765   -0.18135894272356
  766   -0.18135894272356
  767   -0.18135874681009
  768   -0.18135874681009
  769   -0.18135874680999
  770   -0.18135874680999
  771   -0.18135874663323
  772   -0.18135874663323
  773   -0.18135874663322
  774   -0.18135874663322
  775   -0.18135874663318
  776   -0.18135874663318
  777   -0.18135874663317
  778   -0.18135874663317
  779   -0.15990821210787
  780   -0.15990821210787
  781   -0.15990821210786
  782   -0.15990821210786
  783   -0.15990821210297
  784   -0.15990821210296
  785   -0.15990821210296
  786   -0.15990821210296
  787   -0.15990821210296
  788   -0.15990821210296
  789   -0.15990821210296
  790   -0.15990821210295
  791   -0.15990818369838
  792   -0.15990818369838
  793   -0.15990818369838
  794   -0.15990818369838
  795   -0.15990818369837
  796   -0.15990818369837
  797   -0.15990818369837
  798   -0.15990818369837
  799   -0.15990818364524
  800   -0.15990818364524
  801   -0.15990818364524
  802   -0.15990818364524
  803   -0.15280225531961
  804   -0.15280225531961
  805   -0.15280225531961
  806   -0.15280225531961
  807   -0.15280225529746
  808   -0.15280225529746
  809   -0.15280210391763
  810   -0.15280210391763
  811   -0.15280210390311
  812   -0.15280210390311
  813   -0.15280198316636
  814   -0.15280198316636
  815   -0.15280198297374
  816   -0.15280198297374
  817   -0.15280198297374
  818   -0.15280198297374
  819   -0.15280193090082
  820   -0.15280193090082
  821   -0.15280193088764
  822   -0.15280193088764
  823   -0.15280193088763
  824   -0.15280193088763
  825   -0.15280181775477
  826   -0.15280181775477
  827   -0.15280181775477
  828   -0.15280181775477
  829   -0.15280181759691
  830   -0.15280181759691
  831   -0.15280169998468
  832   -0.15280169998468
  833   -0.15280169984663
  834   -0.15280169984663
  835   -0.13666843714190
  836   -0.13666843714190
  837   -0.13666843714189
  838   -0.13666843714189
  839   -0.13666843709896
  840   -0.13666843709896
  841   -0.13666843709896
  842   -0.13666843709896
  843   -0.13666843709895
  844   -0.13666843709895
  845   -0.13666843709895
  846   -0.13666843709894
  847   -0.13666839476933
  848   -0.13666839476933
  849   -0.13666839476932
  850   -0.13666839476932
  851   -0.13666839476932
  852   -0.13666839476932
  853   -0.13666839476931
  854   -0.13666839476931
  855   -0.13666839467632
  856   -0.13666839467631
  857   -0.13666839467631
  858   -0.13666839467631
  859   -0.11617378413763
  860   -0.11617378413763
  861   -0.11617378396795
  862   -0.11617378396795
  863   -0.11617378396795
  864   -0.11617378396795
  865   -0.08598002093702
  866   -0.08598002093702
  867   -0.08598002070557
  868   -0.08598002070557
  869   -0.08598002070557
  870   -0.08598002070557
  871   -0.08597957952721
  872   -0.08597957952721
  873   -0.08597957948685
  874   -0.08597957948685
  875   -0.08597898243126
  876   -0.08597898243126
  877   -0.08544848087671
  878   -0.08544848087671
  879   -0.08544848087661
  880   -0.08544848087661
  881   -0.08544848053830
  882   -0.08544848053830
  883   -0.08544848053829
  884   -0.08544848053829
  885   -0.08544848053824
  886   -0.08544848053824
  887   -0.08544848053824
  888   -0.08544848053824
  889   -0.05306305755081
  890   -0.05306305755081
  891   -0.05306305755081
  892   -0.05306305755081
  893   -0.05306305738878
  894   -0.05306305738878
  895   -0.05306282288179
  896   -0.05306282288179
  897   -0.05306282283214
  898   -0.05306282283214
  899   -0.05306209282571
  900   -0.05306209282571
  901   -0.05306209282570
  902   -0.05306209282570
  903   -0.05306209279414
  904   -0.05306209279414
  905   -0.05306201435459
  906   -0.05306201435459
  907   -0.05306201417373
  908   -0.05306201417373
  909   -0.05306201417373
  910   -0.05306201417373
  911   -0.05306066851040
  912   -0.05306066851040
  913   -0.04933073192853
  914   -0.04933073192853
  915   -0.04933073192835
  916   -0.04933073192835
  917   -0.04933073162355
  918   -0.04933073162355
  919   -0.04933073162354
  920   -0.04933073162354
  921   -0.04933073162346
  922   -0.04933073162346
  923   -0.04933073162345
  924   -0.04933073162345
  925   -0.04470382418909
  926   -0.04470382418909
  927   -0.04470382413695
  928   -0.04470382413695
  929   -0.04470382413695
  930   -0.04470382413695
  931   -0.04470330369170
  932   -0.04470330369170
  933   -0.04470330365222
  934   -0.04470330365222
  935   -0.04470330365222
  936   -0.04470330365222
  937   -0.04470288295924
  938   -0.04470288295924
  939   -0.04470129536320
  940   -0.04470129536320
  941   -0.03421509203318
  942   -0.03421509203317
  943   -0.03421509203317
  944   -0.03421509203317
  945   -0.03421509203317
  946   -0.03421509203317
  947   -0.03421509203317
  948   -0.03421509203317
  949   -0.03421509173616
  950   -0.03421509173616
  951   -0.03421509173616
  952   -0.03421509173616
  953   -0.03421455755209
  954   -0.03421455755209
  955   -0.03421455755209
  956   -0.03421455755209
  957   -0.03421455755205
  958   -0.03421455755205
  959   -0.03421455755205
  960   -0.03421455755205
  961   -0.03421455753431
  962   -0.03421455753431
  963   -0.03421455753423
  964   -0.03421455753423
  965   -0.03421447777215
  966   -0.03421447777215
  967   -0.03421447777215
  968   -0.03421447777215
  969   -0.03421447733098
  970   -0.03421447733098
  971   -0.03421447733098
  972   -0.03421447733098
  973   -0.03421447733097
  974   -0.03421447733097
  975   -0.03421447733097
  976   -0.03421447733097
  977   -0.03421388698897
  978   -0.03421388698897
  979   -0.03421388698888
  980   -0.03421388698888
  981   -0.03421388660008
  982   -0.03421388660007
  983   -0.03421388660007
  984   -0.03421388660007
  985   -0.03421388660003
  986   -0.03421388660003
  987   -0.03421388660003
  988   -0.03421388660003
  989   -0.02876047785576
  990   -0.02876047785576
  991   -0.02876047726572
  992   -0.02876047726572
  993   -0.02876047726572
  994   -0.02876047726572
  995   -0.02875781797269
  996   -0.02875781797269
  997   -0.02875781740334
  998   -0.02875781740334
  999   -0.02875498758701
 1000   -0.02875498758701
 1001   -0.01976037503137
 1002   -0.01976037503137
 1003   -0.01976037458371
 1004   -0.01976037458371
 1005   -0.01976037458370
 1006   -0.01976037458370
 1007   -0.00673984607288
 1008   -0.00673984607288
 1009   -0.00673984607288
 1010   -0.00673984607288
 1011   -0.00673984607269
 1012   -0.00673984607269
 1013   -0.00673984607268
 1014   -0.00673984607268
 1015   -0.00673984567556
 1016   -0.00673984567556
 1017   -0.00673984567517
 1018   -0.00673984567517
 1019   -0.00673950430523
 1020   -0.00673950430523
 1021   -0.00673950430523
 1022   -0.00673950430523
 1023   -0.00673950419562
 1024   -0.00673950419562
 1025   -0.00673950419562
 1026   -0.00673950419562
 1027   -0.00673950419561
 1028   -0.00673950419561
 1029   -0.00673950419560
 1030   -0.00673950419560
 1031   -0.00673861630232
 1032   -0.00673861630232
 1033   -0.00673861630232
 1034   -0.00673861630232
 1035   -0.00673861630231
 1036   -0.00673861630231

   kloop=1
   k1=   0.00000 k2=  -0.00000 k3=   0.50000

    1   -0.55075173574488
    2   -0.55075173574488
    3   -0.55075173574474
    4   -0.55075173574474
    5   -0.53335441244155
    6   -0.53335441244155
    7   -0.53335441244148
    8   -0.53335441244148
    9   -0.53335441244146
   10   -0.53335441244146
   11   -0.53335441244140
   12   -0.53335441244140
   13   -0.53335440082989
   14   -0.53335440082989
   15   -0.53335440082983
   16   -0.53335440082983
   17   -0.53335440082982
   18   -0.53335440082982
   19   -0.53335440082976
   20   -0.53335440082976
   21   -0.51660867875523
   22   -0.51660867875523
   23   -0.51660867875523
   24   -0.51660867875523
   25   -0.51660867875509
   26   -0.51660867875509
   27   -0.51660867875509
   28   -0.51660867875509
   29   -0.51660858466626
   30   -0.51660858466626
   31   -0.51660858466620
   32   -0.51660858466620
   33   -0.51660849351951
   34   -0.51660849351950
   35   -0.51660849351944
   36   -0.51660849351944
   37   -0.51586023363280
   38   -0.51586023363280
   39   -0.51586023363259
   40   -0.51586023363259
   41   -0.49978298387874
   42   -0.49978298387873
   43   -0.49978298387873
   44   -0.49978298387872
   45   -0.49978298387868
   46   -0.49978298387868
   47   -0.49978298387868
   48   -0.49978298387867
   49   -0.49978290182043
   50   -0.49978290182043
   51   -0.49978290182043
   52   -0.49978290182042
   53   -0.49978290182038
   54   -0.49978290182038
   55   -0.49978290182038
   56   -0.49978290182038
   57   -0.48661596149135
   58   -0.48661596149135
   59   -0.48661596149135
   60   -0.48661596149135
   61   -0.48661596149118
   62   -0.48661596149118
   63   -0.48661596149118
   64   -0.48661596149118
   65   -0.48661595072165
   66   -0.48661595072165
   67   -0.48661595072148
   68   -0.48661595072148
   69   -0.48661587276755
   70   -0.48661587276755
   71   -0.48661587276738
   72   -0.48661587276738
   73   -0.48212937917384
   74   -0.48212937917384
   75   -0.48212937917384
   76   -0.48212937917383
   77   -0.48212937917371
   78   -0.48212937917371
   79   -0.48212937917371
   80   -0.48212937917370
   81   -0.48212933359101
   82   -0.48212933359101
   83   -0.48212933359088
   84   -0.48212933359088
   85   -0.48212906881208
   86   -0.48212906881208
   87   -0.48212906881194
   88   -0.48212906881194
   89   -0.46933821605953
   90   -0.46933821605953
   91   -0.46933821605946
   92   -0.46933821605946
   93   -0.46933821605945
   94   -0.46933821605945
   95   -0.46933821605938
   96   -0.46933821605938
   97   -0.46933819142245
   98   -0.46933819142245
   99   -0.46933819142239
  100   -0.46933819142239
  101   -0.46933819142239
  102   -0.46933819142239
  103   -0.46933819142234
  104   -0.46933819142234
  105   -0.46933808058754
  106   -0.46933808058754
  107   -0.46933808058748
  108   -0.46933808058748
  109   -0.46933808058747
  110   -0.46933808058747
  111   -0.46933808058741
  112   -0.46933808058741
  113   -0.46933805632312
  114   -0.46933805632312
  115   -0.46933805632305
  116   -0.46933805632305
  117   -0.46933805632305
  118   -0.46933805632305
  119   -0.46933805632299
  120   -0.46933805632299
  121   -0.46118021066095
  122   -0.46118021066094
  123   -0.46118021066094
  124   -0.46118021066094
  125   -0.46118021066091
  126   -0.46118021066091
  127   -0.46118021066090
  128   -0.46118021066090
  129   -0.46118015594802
  130   -0.46118015594802
  131   -0.46118015594802
  132   -0.46118015594802
  133   -0.46118015594799
  134   -0.46118015594798
  135   -0.46118015594798
  136   -0.46118015594798
  137   -0.45536416335328
  138   -0.45536416335328
  139   -0.45536416335313
  140   -0.45536416335313
  141   -0.45536414740016
  142   -0.45536414740016
  143   -0.45536414740015
  144   -0.45536414740015
  145   -0.45536414740001
  146   -0.45536414740001
  147   -0.45536414740000
  148   -0.45536414740000
  149   -0.45536394499708
  150   -0.45536394499708
  151   -0.45536394499693
  152   -0.45536394499693
  153   -0.44801844240594
  154   -0.44801844240594
  155   -0.44801844240561
  156   -0.44801844240561
  157   -0.44400128493375
  158   -0.44400128493375
  159   -0.44400128493359
  160   -0.44400128493359
  161   -0.44400122609408
  162   -0.44400122609408
  163   -0.44400122609392
  164   -0.44400122609392
  165   -0.44400121593970
  166   -0.44400121593970
  167   -0.44400121593969
  168   -0.44400121593969
  169   -0.44400121593954
  170   -0.44400121593954
  171   -0.44400121593954
  172   -0.44400121593954
  173   -0.43727867896464
  174   -0.43727867896464
  175   -0.43727867896464
  176   -0.43727867896464
  177   -0.43727867896461
  178   -0.43727867896461
  179   -0.43727867896460
  180   -0.43727867896460
  181   -0.43727867626956
  182   -0.43727867626956
  183   -0.43727867626955
  184   -0.43727867626955
  185   -0.43727867626952
  186   -0.43727867626952
  187   -0.43727867626951
  188   -0.43727867626951
  189   -0.41637647451005
  190   -0.41637647451005
  191   -0.41637647450990
  192   -0.41637647450990
  193   -0.41637645139369
  194   -0.41637645139369
  195   -0.41637645139369
  196   -0.41637645139369
  197   -0.41637645139355
  198   -0.41637645139355
  199   -0.41637645139354
  200   -0.41637645139354
  201   -0.41637634250070
  202   -0.41637634250070
  203   -0.41637634250056
  204   -0.41637634250056
  205   -0.40217524867294
  206   -0.40217524867294
  207   -0.40217524867288
  208   -0.40217524867288
  209   -0.40217524867282
  210   -0.40217524867282
  211   -0.40217524867276
  212   -0.40217524867276
  213   -0.40217517115360
  214   -0.40217517115360
  215   -0.40217517115353
  216   -0.40217517115353
  217   -0.40217517115347
  218   -0.40217517115347
  219   -0.40217517115341
  220   -0.40217517115341
  221   -0.39750262708535
  222   -0.39750262708535
  223   -0.39750262708534
  224   -0.39750262708534
  225   -0.39750262708519
  226   -0.39750262708519
  227   -0.39750262708518
  228   -0.39750262708518
  229   -0.38290919421187
  230   -0.38290919421187
  231   -0.38290919421174
  232   -0.38290919421174
  233   -0.38290917538752
  234   -0.38290917538752
  235   -0.38290917538752
  236   -0.38290917538752
  237   -0.38290917538739
  238   -0.38290917538739
  239   -0.38290917538739
  240   -0.38290917538738
  241   -0.38290901182898
  242   -0.38290901182898
  243   -0.38290901182884
  244   -0.38290901182884
  245   -0.36831108363267
  246   -0.36831108363267
  247   -0.36831108363266
  248   -0.36831108363266
  249   -0.36831108363265
  250   -0.36831108363265
  251   -0.36831108363265
  252   -0.36831108363265
  253   -0.36831107460171
  254   -0.36831107460171
  255   -0.36831107460171
  256   -0.36831107460170
  257   -0.36831107460170
  258   -0.36831107460170
  259   -0.36831107460169
  260   -0.36831107460169
  261   -0.36609014137204
  262   -0.36609014137204
  263   -0.36609014137200
  264   -0.36609014137200
  265   -0.36609011642871
  266   -0.36609011642871
  267   -0.36609011642870
  268   -0.36609011642870
  269   -0.36609011642866
  270   -0.36609011642866
  271   -0.36609011642866
  272   -0.36609011642866
  273   -0.36609005604671
  274   -0.36609005604671
  275   -0.36609005604665
  276   -0.36609005604665
  277   -0.36045035750506
  278   -0.36045035750506
  279   -0.36045035750505
  280   -0.36045035750505
  281   -0.36045035750503
  282   -0.36045035750503
  283   -0.36045035750502
  284   -0.36045035750502
  285   -0.36045035480120
  286   -0.36045035480120
  287   -0.36045035480120
  288   -0.36045035480120
  289   -0.36045035480118
  290   -0.36045035480117
  291   -0.36045035480117
  292   -0.36045035480116
  293   -0.35383354505395
  294   -0.35383354505395
  295   -0.35383354505354
  296   -0.35383354505354
  297   -0.34480687822721
  298   -0.34480687822720
  299   -0.34480687822720
  300   -0.34480687822720
  301   -0.34480687822704
  302   -0.34480687822704
  303   -0.34480687822703
  304   -0.34480687822703
  305   -0.34480684289338
  306   -0.34480684289338
  307   -0.34480684289321
  308   -0.34480684289321
  309   -0.34480670270785
  310   -0.34480670270785
  311   -0.34480670270768
  312   -0.34480670270768
  313   -0.34030437701204
  314   -0.34030437701204
  315   -0.34030437701204
  316   -0.34030437701204
  317   -0.34030437701185
  318   -0.34030437701185
  319   -0.34030437701185
  320   -0.34030437701185
  321   -0.34030435258061
  322   -0.34030435258061
  323   -0.34030435258042
  324   -0.34030435258042
  325   -0.34030434373638
  326   -0.34030434373638
  327   -0.34030434373619
  328   -0.34030434373619
  329   -0.33776497228188
  330   -0.33776497228188
  331   -0.33776497228185
  332   -0.33776497228185
  333   -0.33776497228183
  334   -0.33776497228183
  335   -0.33776497228179
  336   -0.33776497228179
  337   -0.33776493833765
  338   -0.33776493833765
  339   -0.33776493833763
  340   -0.33776493833763
  341   -0.33776493833755
  342   -0.33776493833755
  343   -0.33776493833753
  344   -0.33776493833753
  345   -0.33776488715302
  346   -0.33776488715302
  347   -0.33776488715299
  348   -0.33776488715299
  349   -0.33776488715292
  350   -0.33776488715292
  351   -0.33776488715289
  352   -0.33776488715289
  353   -0.33776484239650
  354   -0.33776484239650
  355   -0.33776484239646
  356   -0.33776484239646
  357   -0.33776484239643
  358   -0.33776484239643
  359   -0.33776484239640
  360   -0.33776484239640
  361   -0.30697333150013
  362   -0.30697333150013
  363   -0.30697333150013
  364   -0.30697333150013
  365   -0.30697333150000
  366   -0.30697333149999
  367   -0.30697333149999
  368   -0.30697333149998
  369   -0.30697316080182
  370   -0.30697316080182
  371   -0.30697316080168
  372   -0.30697316080168
  373   -0.30697314544715
  374   -0.30697314544715
  375   -0.30697314544702
  376   -0.30697314544702
  377   -0.28862264431883
  378   -0.28862264431883
  379   -0.28862264431883
  380   -0.28862264431883
  381   -0.28862264431874
  382   -0.28862264431874
  383   -0.28862264431874
  384   -0.28862264431874
  385   -0.28862259487071
  386   -0.28862259487071
  387   -0.28862259487071
  388   -0.28862259487070
  389   -0.28862259487063
  390   -0.28862259487062
  391   -0.28862259487062
  392   -0.28862259487062
  393   -0.27797254216236
  394   -0.27797254216236
  395   -0.27797254216235
  396   -0.27797254216235
  397   -0.27797254216207
  398   -0.27797254216207
  399   -0.27797254216206
  400   -0.27797254216206
  401   -0.27797248755615
  402   -0.27797248755615
  403   -0.27797248755587
  404   -0.27797248755587
  405   -0.27797248591707
  406   -0.27797248591707
  407   -0.27797248591679
  408   -0.27797248591679
  409   -0.27227615823345
  410   -0.27227615823345
  411   -0.27227615823334
  412   -0.27227615823334
  413   -0.27227610031254
  414   -0.27227610031254
  415   -0.27227610031254
  416   -0.27227610031254
  417   -0.27227610031242
  418   -0.27227610031242
  419   -0.27227610031242
  420   -0.27227610031242
  421   -0.27227594912793
  422   -0.27227594912793
  423   -0.27227594912781
  424   -0.27227594912781
  425   -0.26856909480108
  426   -0.26856909480108
  427   -0.26856909480108
  428   -0.26856909480107
  429   -0.26856909480095
  430   -0.26856909480095
  431   -0.26856909480095
  432   -0.26856909480094
  433   -0.26856907472079
  434   -0.26856907472079
  435   -0.26856907472066
  436   -0.26856907472066
  437   -0.26856889030822
  438   -0.26856889030822
  439   -0.26856889030809
  440   -0.26856889030809
  441   -0.25928368534808
  442   -0.25928368534808
  443   -0.25928368534808
  444   -0.25928368534808
  445   -0.25928368534780
  446   -0.25928368534780
  447   -0.25928368534780
  448   -0.25928368534780
  449   -0.25928360249731
  450   -0.25928360249731
  451   -0.25928360249702
  452   -0.25928360249702
  453   -0.25928347458489
  454   -0.25928347458489
  455   -0.25928347458460
  456   -0.25928347458460
  457   -0.25765040231550
  458   -0.25765040231550
  459   -0.25765040231550
  460   -0.25765040231550
  461   -0.25765040231538
  462   -0.25765040231538
  463   -0.25765040231538
  464   -0.25765040231538
  465   -0.25454415715175
  466   -0.25454415715174
  467   -0.25454415715174
  468   -0.25454415715174
  469   -0.25454415715168
  470   -0.25454415715168
  471   -0.25454415715168
  472   -0.25454415715168
  473   -0.25454412400260
  474   -0.25454412400259
  475   -0.25454412400259
  476   -0.25454412400259
  477   -0.25454412400253
  478   -0.25454412400253
  479   -0.25454412400253
  480   -0.25454412400253
  481   -0.24552793965102
  482   -0.24552793965102
  483   -0.24552793965058
  484   -0.24552793965058
  485   -0.23446961750667
  486   -0.23446961750666
  487   -0.23446961750666
  488   -0.23446961750665
  489   -0.23446961750663
  490   -0.23446961750663
  491   -0.23446961750662
  492   -0.23446961750661
  493   -0.23446947336397
  494   -0.23446947336397
  495   -0.23446947336395
  496   -0.23446947336395
  497   -0.23446947336395
  498   -0.23446947336395
  499   -0.23446947336393
  500   -0.23446947336393
  501   -0.23446939751911
  502   -0.23446939751910
  503   -0.23446939751909
  504   -0.23446939751909
  505   -0.23446939751906
  506   -0.23446939751906
  507   -0.23446939751904
  508   -0.23446939751904
  509   -0.23446937229042
  510   -0.23446937229042
  511   -0.23446937229040
  512   -0.23446937229040
  513   -0.23446937229039
  514   -0.23446937229039
  515   -0.23446937229037
  516   -0.23446937229037
  517   -0.23211294976000
  518   -0.23211294976000
  519   -0.23211294975995
  520   -0.23211294975995
  521   -0.23211294975992
  522   -0.23211294975992
  523   -0.23211294975987
  524   -0.23211294975987
  525   -0.23211274836616
  526   -0.23211274836616
  527   -0.23211274836611
  528   -0.23211274836611
  529   -0.23211274836608
  530   -0.23211274836608
  531   -0.23211274836604
  532   -0.23211274836603
  533   -0.23172619612067
  534   -0.23172619612066
  535   -0.23172619612066
  536   -0.23172619612066
  537   -0.23172619612065
  538   -0.23172619612065
  539   -0.23172619612065
  540   -0.23172619612064
  541   -0.23172618997087
  542   -0.23172618997087
  543   -0.23172618997087
  544   -0.23172618997086
  545   -0.23172618997086
  546   -0.23172618997086
  547   -0.23172618997086
  548   -0.23172618997085
  549   -0.22975414892751
  550   -0.22975414892751
  551   -0.22975414892751
  552   -0.22975414892750
  553   -0.22975414892743
  554   -0.22975414892743
  555   -0.22975414892743
  556   -0.22975414892743
  557   -0.22975405252344
  558   -0.22975405252343
  559   -0.22975405252343
  560   -0.22975405252343
  561   -0.22975405252336
  562   -0.22975405252336
  563   -0.22975405252335
  564   -0.22975405252335
  565   -0.22032596229126
  566   -0.22032596229126
  567   -0.22032596229104
  568   -0.22032596229104
  569   -0.22032591405091
  570   -0.22032591405091
  571   -0.22032591405090
  572   -0.22032591405090
  573   -0.22032591405069
  574   -0.22032591405068
  575   -0.22032591405068
  576   -0.22032591405068
  577   -0.22032571507995
  578   -0.22032571507995
  579   -0.22032571507972
  580   -0.22032571507972
  581   -0.21796503741168
  582   -0.21796503741168
  583   -0.21796503741143
  584   -0.21796503741143
  585   -0.21796500066339
  586   -0.21796500066338
  587   -0.21796500066338
  588   -0.21796500066338
  589   -0.21796500066313
  590   -0.21796500066313
  591   -0.21796500066313
  592   -0.21796500066313
  593   -0.21796479275416
  594   -0.21796479275416
  595   -0.21796479275390
  596   -0.21796479275390
  597   -0.21682891057525
  598   -0.21682891057525
  599   -0.21682891057525
  600   -0.21682891057524
  601   -0.21682891057512
  602   -0.21682891057512
  603   -0.21682891057512
  604   -0.21682891057512
  605   -0.21632052889572
  606   -0.21632052889572
  607   -0.21632052889570
  608   -0.21632052889570
  609   -0.21632052889560
  610   -0.21632052889560
  611   -0.21632052889558
  612   -0.21632052889558
  613   -0.21632052583689
  614   -0.21632052583689
  615   -0.21632052583687
  616   -0.21632052583687
  617   -0.21632052583677
  618   -0.21632052583676
  619   -0.21632052583675
  620   -0.21632052583675
  621   -0.21151041687754
  622   -0.21151041687753
  623   -0.21151041687753
  624   -0.21151041687753
  625   -0.21151041687740
  626   -0.21151041687740
  627   -0.21151041687740
  628   -0.21151041687739
  629   -0.21151029118827
  630   -0.21151029118827
  631   -0.21151029118826
  632   -0.21151029118826
  633   -0.21151029118813
  634   -0.21151029118813
  635   -0.21151029118813
  636   -0.21151029118812
  637   -0.20457914563472
  638   -0.20457914563472
  639   -0.20457914563464
  640   -0.20457914563464
  641   -0.20457910458409
  642   -0.20457910458409
  643   -0.20457910458408
  644   -0.20457910458408
  645   -0.20457910458401
  646   -0.20457910458401
  647   -0.20457910458401
  648   -0.20457910458401
  649   -0.20457884383811
  650   -0.20457884383811
  651   -0.20457884383803
  652   -0.20457884383803
  653   -0.19412085115191
  654   -0.19412085115190
  655   -0.19412085115188
  656   -0.19412085115187
  657   -0.19412085115187
  658   -0.19412085115186
  659   -0.19412085115183
  660   -0.19412085115183
  661   -0.19412073346359
  662   -0.19412073346359
  663   -0.19412073346356
  664   -0.19412073346356
  665   -0.19412073346355
  666   -0.19412073346355
  667   -0.19412073346352
  668   -0.19412073346352
  669   -0.19412060174562
  670   -0.19412060174562
  671   -0.19412060174558
  672   -0.19412060174558
  673   -0.19412060174557
  674   -0.19412060174557
  675   -0.19412060174554
  676   -0.19412060174554
  677   -0.19412060007729
  678   -0.19412060007729
  679   -0.19412060007726
  680   -0.19412060007726
  681   -0.19412060007724
  682   -0.19412060007724
  683   -0.19412060007721
  684   -0.19412060007721
  685   -0.19229482527848
  686   -0.19229482527848
  687   -0.19229482527847
  688   -0.19229482527847
  689   -0.19229482527843
  690   -0.19229482527843
  691   -0.19229482527842
  692   -0.19229482527842
  693   -0.19229462059193
  694   -0.19229462059193
  695   -0.19229462059187
  696   -0.19229462059187
  697   -0.19229432570507
  698   -0.19229432570507
  699   -0.19229432570502
  700   -0.19229432570502
  701   -0.19048687325233
  702   -0.19048687325233
  703   -0.19048687325220
  704   -0.19048687325220
  705   -0.19048655309284
  706   -0.19048655309284
  707   -0.19048655309284
  708   -0.19048655309284
  709   -0.19048655309271
  710   -0.19048655309271
  711   -0.19048655309271
  712   -0.19048655309271
  713   -0.19048635850688
  714   -0.19048635850688
  715   -0.19048635850675
  716   -0.19048635850675
  717   -0.18548542652339
  718   -0.18548542652339
  719   -0.18548542652338
  720   -0.18548542652338
  721   -0.18548542652321
  722   -0.18548542652321
  723   -0.18548542652320
  724   -0.18548542652320
  725   -0.17800595425375
  726   -0.17800595425375
  727   -0.17800595425375
  728   -0.17800595425375
  729   -0.17800595425346
  730   -0.17800595425346
  731   -0.17800595425345
  732   -0.17800595425345
  733   -0.17800580211971
  734   -0.17800580211971
  735   -0.17800580211942
  736   -0.17800580211942
  737   -0.17800571137028
  738   -0.17800571137028
  739   -0.17800571136999
  740   -0.17800571136999
  741   -0.17657291921259
  742   -0.17657291921259
  743   -0.17657291921259
  744   -0.17657291921259
  745   -0.17657291921253
  746   -0.17657291921253
  747   -0.17657291921252
  748   -0.17657291921252
  749   -0.17657270680052
  750   -0.17657270680052
  751   -0.17657270680052
  752   -0.17657270680052
  753   -0.17657270680046
  754   -0.17657270680046
  755   -0.17657270680045
  756   -0.17657270680045
  757   -0.17593815271120
  758   -0.17593815271120
  759   -0.17593815271115
  760   -0.17593815271115
  761   -0.17593815271111
  762   -0.17593815271111
  763   -0.17593815271106
  764   -0.17593815271106
  765   -0.17593814291507
  766   -0.17593814291507
  767   -0.17593814291503
  768   -0.17593814291502
  769   -0.17593814291499
  770   -0.17593814291499
  771   -0.17593814291493
  772   -0.17593814291493
  773   -0.17384441212946
  774   -0.17384441212946
  775   -0.17384441212946
  776   -0.17384441212945
  777   -0.17384441212915
  778   -0.17384441212915
  779   -0.17384441212914
  780   -0.17384441212914
  781   -0.17384430070649
  782   -0.17384430070649
  783   -0.17384430070618
  784   -0.17384430070618
  785   -0.17384425722924
  786   -0.17384425722924
  787   -0.17384425722893
  788   -0.17384425722893
  789   -0.16777802125220
  790   -0.16777802125220
  791   -0.16777802125208
  792   -0.16777802125208
  793   -0.16777773172682
  794   -0.16777773172682
  795   -0.16777773172681
  796   -0.16777773172681
  797   -0.16777773172670
  798   -0.16777773172669
  799   -0.16777773172669
  800   -0.16777773172669
  801   -0.16777755172481
  802   -0.16777755172481
  803   -0.16777755172469
  804   -0.16777755172469
  805   -0.16264149308980
  806   -0.16264149308980
  807   -0.16264149308979
  808   -0.16264149308979
  809   -0.16264149308977
  810   -0.16264149308977
  811   -0.16264149308977
  812   -0.16264149308977
  813   -0.16264132956957
  814   -0.16264132956957
  815   -0.16264132956957
  816   -0.16264132956957
  817   -0.16264132956954
  818   -0.16264132956954
  819   -0.16264132956954
  820   -0.16264132956954
  821   -0.14193601386799
  822   -0.14193601386799
  823   -0.14193601386798
  824   -0.14193601386798
  825   -0.14193601386790
  826   -0.14193601386789
  827   -0.14193601386789
  828   -0.14193601386789
  829   -0.14193595331862
  830   -0.14193595331862
  831   -0.14193595331861
  832   -0.14193595331861
  833   -0.14193595331853
  834   -0.14193595331852
  835   -0.14193595331852
  836   -0.14193595331851
  837   -0.14118314327168
  838   -0.14118314327168
  839   -0.14118314327133
  840   -0.14118314327133
  841   -0.14105559876510
  842   -0.14105559876510
  843   -0.14105559876504
  844   -0.14105559876504
  845   -0.14105545800757
  846   -0.14105545800757
  847   -0.14105545800757
  848   -0.14105545800757
  849   -0.14105545800744
  850   -0.14105545800744
  851   -0.14105545800744
  852   -0.14105545800744
  853   -0.14105540575013
  854   -0.14105540575013
  855   -0.14105540575006
  856   -0.14105540575006
  857   -0.13192934642693
  858   -0.13192934642692
  859   -0.13192934642692
  860   -0.13192934642692
  861   -0.13192934642670
  862   -0.13192934642670
  863   -0.13192934642669
  864   -0.13192934642669
  865   -0.09174937610766
  866   -0.09174937610766
  867   -0.09174937610766
  868   -0.09174937610765
  869   -0.07060680728729
  870   -0.07060680728729
  871   -0.07060680728714
  872   -0.07060680728714
  873   -0.06501620789807
  874   -0.06501620789807
  875   -0.06501620789784
  876   -0.06501620789784
  877   -0.06194442649632
  878   -0.06194442649632
  879   -0.06194442649627
  880   -0.06194442649627
  881   -0.06194442649618
  882   -0.06194442649618
  883   -0.06194442649613
  884   -0.06194442649613
  885   -0.06194400278069
  886   -0.06194400278069
  887   -0.06194400278064
  888   -0.06194400278064
  889   -0.06194400278055
  890   -0.06194400278055
  891   -0.06194400278050
  892   -0.06194400278050
  893   -0.06086939653628
  894   -0.06086939653627
  895   -0.06086939653627
  896   -0.06086939653627
  897   -0.06086939653591
  898   -0.06086939653590
  899   -0.06086939653590
  900   -0.06086939653590
  901   -0.06086903718259
  902   -0.06086903718259
  903   -0.06086903718222
  904   -0.06086903718222
  905   -0.06086856821911
  906   -0.06086856821911
  907   -0.06086856821875
  908   -0.06086856821875
  909   -0.04778407929038
  910   -0.04778407929038
  911   -0.04778407929038
  912   -0.04778407929038
  913   -0.04778407929024
  914   -0.04778407929024
  915   -0.04778407929024
  916   -0.04778407929024
  917   -0.04778363254871
  918   -0.04778363254871
  919   -0.04778363254857
  920   -0.04778363254857
  921   -0.04778347907376
  922   -0.04778347907376
  923   -0.04778347907361
  924   -0.04778347907361
  925   -0.04571542730105
  926   -0.04571542730105
  927   -0.04571542730084
  928   -0.04571542730084
  929   -0.04571477788296
  930   -0.04571477788296
  931   -0.04571477788296
  932   -0.04571477788296
  933   -0.04571477788275
  934   -0.04571477788275
  935   -0.04571477788275
  936   -0.04571477788275
  937   -0.04571410189678
  938   -0.04571410189678
  939   -0.04571410189657
  940   -0.04571410189657
  941   -0.03079414791754
  942   -0.03079414791754
  943   -0.03079414791754
  944   -0.03079414791754
  945   -0.03079414791741
  946   -0.03079414791741
  947   -0.03079414791741
  948   -0.03079414791741
  949   -0.03079390911999
  950   -0.03079390911999
  951   -0.03079390911986
  952   -0.03079390911986
  953   -0.03079267850395
  954   -0.03079267850395
  955   -0.03079267850382
  956   -0.03079267850382
  957   -0.02882602549420
  958   -0.02882602549420
  959   -0.02882602549402
  960   -0.02882602549402
  961   -0.02643388524667
  962   -0.02643388524666
  963   -0.02643388524664
  964   -0.02643388524664
  965   -0.02643388524652
  966   -0.02643388524652
  967   -0.02643388524650
  968   -0.02643388524650
  969   -0.02643363009177
  970   -0.02643363009177
  971   -0.02643363009175
  972   -0.02643363009175
  973   -0.02643363009163
  974   -0.02643363009163
  975   -0.02643363009161
  976   -0.02643363009161
  977   -0.02643341543373
  978   -0.02643341543373
  979   -0.02643341543370
  980   -0.02643341543370
  981   -0.02643341543359
  982   -0.02643341543359
  983   -0.02643341543356
  984   -0.02643341543356
  985   -0.02643327542392
  986   -0.02643327542392
  987   -0.02643327542390
  988   -0.02643327542390
  989   -0.02643327542378
  990   -0.02643327542378
  991   -0.02643327542375
  992   -0.02643327542375
  993   -0.02570573134917
  994   -0.02570573134917
  995   -0.02570573134913
  996   -0.02570573134913
  997   -0.02570573134910
  998   -0.02570573134910
  999   -0.02570573134905
 1000   -0.02570573134905
 1001   -0.02570558517221
 1002   -0.02570558517221
 1003   -0.02570558517217
 1004   -0.02570558517217
 1005   -0.02570558517215
 1006   -0.02570558517215
 1007   -0.02570558517210
 1008   -0.02570558517210
 1009   -0.02018939093432
 1010   -0.02018939093431
 1011   -0.02018939093405
 1012   -0.02018939093404
 1013   -0.02018932603991
 1014   -0.02018932603991
 1015   -0.02018932603991
 1016   -0.02018932603991
 1017   -0.02018932603964
 1018   -0.02018932603964
 1019   -0.02018932603964
 1020   -0.02018932603964
 1021   -0.02018865722855
 1022   -0.02018865722855
 1023   -0.02018865722828
 1024   -0.02018865722828
 1025   -0.01674277901066
 1026   -0.01674277901066
 1027   -0.01674277901023
 1028   -0.01674277901023
 1029   -0.01674224091481
 1030   -0.01674224091480
 1031   -0.01674224091480
 1032   -0.01674224091480
 1033   -0.01674224091438
 1034   -0.01674224091438
 1035   -0.01674224091438
 1036   -0.01674224091438

   kloop=2
   k1=   0.00000 k2=   0.50000 k3=   0.00000

    1   -0.55075173574686
    2   -0.55075173574686
    3   -0.55075173574675
    4   -0.55075173574675
    5   -0.53335441243917
    6   -0.53335441243917
    7   -0.53335441243914
    8   -0.53335441243914
    9   -0.53335441243908
   10   -0.53335441243908
   11   -0.53335441243905
   12   -0.53335441243905
   13   -0.53335440082550
   14   -0.53335440082550
   15   -0.53335440082543
   16   -0.53335440082543
   17   -0.53335440082540
   18   -0.53335440082540
   19   -0.53335440082533
   20   -0.53335440082533
   21   -0.51660867874427
   22   -0.51660867874427
   23   -0.51660867874424
   24   -0.51660867874423
   25   -0.51660867873476
   26   -0.51660867873476
   27   -0.51660867873473
   28   -0.51660867873472
   29   -0.51660858467850
   30   -0.51660858467850
   31   -0.51660858467846
   32   -0.51660858467846
   33   -0.51660849353709
   34   -0.51660849353709
   35   -0.51660849353706
   36   -0.51660849353706
   37   -0.51586023364974
   38   -0.51586023364974
   39   -0.51586023364963
   40   -0.51586023364963
   41   -0.49978298386198
   42   -0.49978298386198
   43   -0.49978298386194
   44   -0.49978298386194
   45   -0.49978298386190
   46   -0.49978298386190
   47   -0.49978298386186
   48   -0.49978298386186
   49   -0.49978290185611
   50   -0.49978290185611
   51   -0.49978290185609
   52   -0.49978290185609
   53   -0.49978290185604
   54   -0.49978290185603
   55   -0.49978290185600
   56   -0.49978290185600
   57   -0.48661596148485
   58   -0.48661596148485
   59   -0.48661596148476
   60   -0.48661596148476
   61   -0.48661596146896
   62   -0.48661596146896
   63   -0.48661596146887
   64   -0.48661596146887
   65   -0.48661595073426
   66   -0.48661595073426
   67   -0.48661595073417
   68   -0.48661595073417
   69   -0.48661587280373
   70   -0.48661587280373
   71   -0.48661587280365
   72   -0.48661587280365
   73   -0.48212937917419
   74   -0.48212937917419
   75   -0.48212937917409
   76   -0.48212937917409
   77   -0.48212937913270
   78   -0.48212937913270
   79   -0.48212937913261
   80   -0.48212937913261
   81   -0.48212933355580
   82   -0.48212933355580
   83   -0.48212933355570
   84   -0.48212933355570
   85   -0.48212906882323
   86   -0.48212906882323
   87   -0.48212906882314
   88   -0.48212906882314
   89   -0.46933821604515
   90   -0.46933821604515
   91   -0.46933821604511
   92   -0.46933821604511
   93   -0.46933821604507
   94   -0.46933821604507
   95   -0.46933821604503
   96   -0.46933821604503
   97   -0.46933819140420
   98   -0.46933819140420
   99   -0.46933819140415
  100   -0.46933819140415
  101   -0.46933819140413
  102   -0.46933819140412
  103   -0.46933819140407
  104   -0.46933819140407
  105   -0.46933808060631
  106   -0.46933808060631
  107   -0.46933808060625
  108   -0.46933808060625
  109   -0.46933808060623
  110   -0.46933808060623
  111   -0.46933808060617
  112   -0.46933808060617
  113   -0.46933805630762
  114   -0.46933805630762
  115   -0.46933805630758
  116   -0.46933805630758
  117   -0.46933805630756
  118   -0.46933805630755
  119   -0.46933805630751
  120   -0.46933805630751
  121   -0.46118021065174
  122   -0.46118021065174
  123   -0.46118021065174
  124   -0.46118021065174
  125   -0.46118021065168
  126   -0.46118021065168
  127   -0.46118021065168
  128   -0.46118021065168
  129   -0.46118015594670
  130   -0.46118015594669
  131   -0.46118015594669
  132   -0.46118015594668
  133   -0.46118015594664
  134   -0.46118015594664
  135   -0.46118015594662
  136   -0.46118015594662
  137   -0.45536416331099
  138   -0.45536416331099
  139   -0.45536416331091
  140   -0.45536416331091
  141   -0.45536414740811
  142   -0.45536414740811
  143   -0.45536414740804
  144   -0.45536414740804
  145   -0.45536414738546
  146   -0.45536414738546
  147   -0.45536414738538
  148   -0.45536414738538
  149   -0.45536394500855
  150   -0.45536394500855
  151   -0.45536394500848
  152   -0.45536394500848
  153   -0.44801844245647
  154   -0.44801844245647
  155   -0.44801844245631
  156   -0.44801844245631
  157   -0.44400128494373
  158   -0.44400128494373
  159   -0.44400128494363
  160   -0.44400128494363
  161   -0.44400122614809
  162   -0.44400122614809
  163   -0.44400122614799
  164   -0.44400122614799
  165   -0.44400121592861
  166   -0.44400121592861
  167   -0.44400121592852
  168   -0.44400121592852
  169   -0.44400121592721
  170   -0.44400121592721
  171   -0.44400121592712
  172   -0.44400121592711
  173   -0.43727867900818
  174   -0.43727867900818
  175   -0.43727867900816
  176   -0.43727867900816
  177   -0.43727867900813
  178   -0.43727867900813
  179   -0.43727867900812
  180   -0.43727867900811
  181   -0.43727867629400
  182   -0.43727867629399
  183   -0.43727867629397
  184   -0.43727867629397
  185   -0.43727867629395
  186   -0.43727867629395
  187   -0.43727867629392
  188   -0.43727867629392
  189   -0.41637647446570
  190   -0.41637647446570
  191   -0.41637647446562
  192   -0.41637647446562
  193   -0.41637645140618
  194   -0.41637645140618
  195   -0.41637645140611
  196   -0.41637645140611
  197   -0.41637645140199
  198   -0.41637645140199
  199   -0.41637645140192
  200   -0.41637645140192
  201   -0.41637634250713
  202   -0.41637634250713
  203   -0.41637634250706
  204   -0.41637634250706
  205   -0.40217524866710
  206   -0.40217524866710
  207   -0.40217524866704
  208   -0.40217524866704
  209   -0.40217524866692
  210   -0.40217524866692
  211   -0.40217524866687
  212   -0.40217524866687
  213   -0.40217517110867
  214   -0.40217517110867
  215   -0.40217517110862
  216   -0.40217517110861
  217   -0.40217517110849
  218   -0.40217517110849
  219   -0.40217517110844
  220   -0.40217517110844
  221   -0.39750262708269
  222   -0.39750262708269
  223   -0.39750262708269
  224   -0.39750262708269
  225   -0.39750262708244
  226   -0.39750262708244
  227   -0.39750262708244
  228   -0.39750262708244
  229   -0.38290919414829
  230   -0.38290919414829
  231   -0.38290919414822
  232   -0.38290919414822
  233   -0.38290917538884
  234   -0.38290917538884
  235   -0.38290917538877
  236   -0.38290917538877
  237   -0.38290917535594
  238   -0.38290917535594
  239   -0.38290917535588
  240   -0.38290917535587
  241   -0.38290901180306
  242   -0.38290901180306
  243   -0.38290901180299
  244   -0.38290901180299
  245   -0.36831108362555
  246   -0.36831108362555
  247   -0.36831108362554
  248   -0.36831108362554
  249   -0.36831108362553
  250   -0.36831108362553
  251   -0.36831108362552
  252   -0.36831108362552
  253   -0.36831107460104
  254   -0.36831107460104
  255   -0.36831107460103
  256   -0.36831107460103
  257   -0.36831107460101
  258   -0.36831107460101
  259   -0.36831107460100
  260   -0.36831107460100
  261   -0.36609014137445
  262   -0.36609014137445
  263   -0.36609014137441
  264   -0.36609014137441
  265   -0.36609011646358
  266   -0.36609011646358
  267   -0.36609011646354
  268   -0.36609011646354
  269   -0.36609011644487
  270   -0.36609011644487
  271   -0.36609011644482
  272   -0.36609011644482
  273   -0.36609005607245
  274   -0.36609005607245
  275   -0.36609005607240
  276   -0.36609005607240
  277   -0.36045035750055
  278   -0.36045035750055
  279   -0.36045035750053
  280   -0.36045035750053
  281   -0.36045035750051
  282   -0.36045035750050
  283   -0.36045035750049
  284   -0.36045035750049
  285   -0.36045035481866
  286   -0.36045035481866
  287   -0.36045035481864
  288   -0.36045035481864
  289   -0.36045035481862
  290   -0.36045035481862
  291   -0.36045035481859
  292   -0.36045035481859
  293   -0.35383354511119
  294   -0.35383354511119
  295   -0.35383354511098
  296   -0.35383354511098
  297   -0.34480687825961
  298   -0.34480687825961
  299   -0.34480687825952
  300   -0.34480687825952
  301   -0.34480687823517
  302   -0.34480687823517
  303   -0.34480687823509
  304   -0.34480687823509
  305   -0.34480684285487
  306   -0.34480684285487
  307   -0.34480684285478
  308   -0.34480684285478
  309   -0.34480670271688
  310   -0.34480670271688
  311   -0.34480670271679
  312   -0.34480670271679
  313   -0.34030437701163
  314   -0.34030437701163
  315   -0.34030437701153
  316   -0.34030437701153
  317   -0.34030437700701
  318   -0.34030437700701
  319   -0.34030437700691
  320   -0.34030437700691
  321   -0.34030435257576
  322   -0.34030435257576
  323   -0.34030435257566
  324   -0.34030435257566
  325   -0.34030434372886
  326   -0.34030434372886
  327   -0.34030434372877
  328   -0.34030434372877
  329   -0.33776497228628
  330   -0.33776497228628
  331   -0.33776497228623
  332   -0.33776497228623
  333   -0.33776497228619
  334   -0.33776497228619
  335   -0.33776497228615
  336   -0.33776497228615
  337   -0.33776493834820
  338   -0.33776493834820
  339   -0.33776493834819
  340   -0.33776493834819
  341   -0.33776493834805
  342   -0.33776493834804
  343   -0.33776493834804
  344   -0.33776493834804
  345   -0.33776488714808
  346   -0.33776488714808
  347   -0.33776488714805
  348   -0.33776488714805
  349   -0.33776488714793
  350   -0.33776488714793
  351   -0.33776488714790
  352   -0.33776488714790
  353   -0.33776484241251
  354   -0.33776484241251
  355   -0.33776484241248
  356   -0.33776484241248
  357   -0.33776484241242
  358   -0.33776484241242
  359   -0.33776484241239
  360   -0.33776484241239
  361   -0.30697333153067
  362   -0.30697333153067
  363   -0.30697333153058
  364   -0.30697333153058
  365   -0.30697333151492
  366   -0.30697333151492
  367   -0.30697333151484
  368   -0.30697333151484
  369   -0.30697316083865
  370   -0.30697316083865
  371   -0.30697316083857
  372   -0.30697316083857
  373   -0.30697314539519
  374   -0.30697314539519
  375   -0.30697314539510
  376   -0.30697314539510
  377   -0.28862264429096
  378   -0.28862264429096
  379   -0.28862264429094
  380   -0.28862264429094
  381   -0.28862264429082
  382   -0.28862264429082
  383   -0.28862264429080
  384   -0.28862264429080
  385   -0.28862259484523
  386   -0.28862259484522
  387   -0.28862259484520
  388   -0.28862259484520
  389   -0.28862259484509
  390   -0.28862259484509
  391   -0.28862259484507
  392   -0.28862259484507
  393   -0.27797254218018
  394   -0.27797254218018
  395   -0.27797254218004
  396   -0.27797254218004
  397   -0.27797254216018
  398   -0.27797254216018
  399   -0.27797254216004
  400   -0.27797254216004
  401   -0.27797248755422
  402   -0.27797248755422
  403   -0.27797248755408
  404   -0.27797248755408
  405   -0.27797248593205
  406   -0.27797248593205
  407   -0.27797248593191
  408   -0.27797248593191
  409   -0.27227615823160
  410   -0.27227615823160
  411   -0.27227615823154
  412   -0.27227615823154
  413   -0.27227610031958
  414   -0.27227610031958
  415   -0.27227610031952
  416   -0.27227610031952
  417   -0.27227610029326
  418   -0.27227610029326
  419   -0.27227610029321
  420   -0.27227610029321
  421   -0.27227594917491
  422   -0.27227594917491
  423   -0.27227594917485
  424   -0.27227594917485
  425   -0.26856909479025
  426   -0.26856909479025
  427   -0.26856909479018
  428   -0.26856909479018
  429   -0.26856909478251
  430   -0.26856909478251
  431   -0.26856909478244
  432   -0.26856909478244
  433   -0.26856907464140
  434   -0.26856907464140
  435   -0.26856907464133
  436   -0.26856907464133
  437   -0.26856889028677
  438   -0.26856889028677
  439   -0.26856889028670
  440   -0.26856889028670
  441   -0.25928368539788
  442   -0.25928368539788
  443   -0.25928368539773
  444   -0.25928368539773
  445   -0.25928368538677
  446   -0.25928368538677
  447   -0.25928368538662
  448   -0.25928368538662
  449   -0.25928360251711
  450   -0.25928360251711
  451   -0.25928360251696
  452   -0.25928360251696
  453   -0.25928347471718
  454   -0.25928347471718
  455   -0.25928347471703
  456   -0.25928347471703
  457   -0.25765040223900
  458   -0.25765040223900
  459   -0.25765040223900
  460   -0.25765040223900
  461   -0.25765040223881
  462   -0.25765040223881
  463   -0.25765040223881
  464   -0.25765040223881
  465   -0.25454415711775
  466   -0.25454415711775
  467   -0.25454415711775
  468   -0.25454415711775
  469   -0.25454415711765
  470   -0.25454415711765
  471   -0.25454415711765
  472   -0.25454415711765
  473   -0.25454412394470
  474   -0.25454412394469
  475   -0.25454412394469
  476   -0.25454412394468
  477   -0.25454412394460
  478   -0.25454412394460
  479   -0.25454412394459
  480   -0.25454412394459
  481   -0.24552793960888
  482   -0.24552793960888
  483   -0.24552793960866
  484   -0.24552793960866
  485   -0.23446961756046
  486   -0.23446961756046
  487   -0.23446961756044
  488   -0.23446961756044
  489   -0.23446961756040
  490   -0.23446961756040
  491   -0.23446961756038
  492   -0.23446961756038
  493   -0.23446947332182
  494   -0.23446947332182
  495   -0.23446947332180
  496   -0.23446947332180
  497   -0.23446947332179
  498   -0.23446947332179
  499   -0.23446947332177
  500   -0.23446947332177
  501   -0.23446939746880
  502   -0.23446939746880
  503   -0.23446939746879
  504   -0.23446939746879
  505   -0.23446939746873
  506   -0.23446939746873
  507   -0.23446939746873
  508   -0.23446939746873
  509   -0.23446937232872
  510   -0.23446937232872
  511   -0.23446937232872
  512   -0.23446937232872
  513   -0.23446937232869
  514   -0.23446937232868
  515   -0.23446937232868
  516   -0.23446937232868
  517   -0.23211294978091
  518   -0.23211294978091
  519   -0.23211294978087
  520   -0.23211294978087
  521   -0.23211294978081
  522   -0.23211294978081
  523   -0.23211294978077
  524   -0.23211294978077
  525   -0.23211274842134
  526   -0.23211274842134
  527   -0.23211274842130
  528   -0.23211274842130
  529   -0.23211274842124
  530   -0.23211274842124
  531   -0.23211274842120
  532   -0.23211274842120
  533   -0.23172619616513
  534   -0.23172619616513
  535   -0.23172619616511
  536   -0.23172619616511
  537   -0.23172619616511
  538   -0.23172619616511
  539   -0.23172619616509
  540   -0.23172619616509
  541   -0.23172618994333
  542   -0.23172618994333
  543   -0.23172618994332
  544   -0.23172618994332
  545   -0.23172618994331
  546   -0.23172618994331
  547   -0.23172618994330
  548   -0.23172618994330
  549   -0.22975414888528
  550   -0.22975414888528
  551   -0.22975414888528
  552   -0.22975414888528
  553   -0.22975414888516
  554   -0.22975414888516
  555   -0.22975414888515
  556   -0.22975414888515
  557   -0.22975405252824
  558   -0.22975405252824
  559   -0.22975405252824
  560   -0.22975405252824
  561   -0.22975405252812
  562   -0.22975405252812
  563   -0.22975405252812
  564   -0.22975405252811
  565   -0.22032596229742
  566   -0.22032596229742
  567   -0.22032596229729
  568   -0.22032596229729
  569   -0.22032591413404
  570   -0.22032591413404
  571   -0.22032591413392
  572   -0.22032591413392
  573   -0.22032591409182
  574   -0.22032591409182
  575   -0.22032591409170
  576   -0.22032591409170
  577   -0.22032571507423
  578   -0.22032571507423
  579   -0.22032571507411
  580   -0.22032571507411
  581   -0.21796503755053
  582   -0.21796503755053
  583   -0.21796503755041
  584   -0.21796503755041
  585   -0.21796500074365
  586   -0.21796500074365
  587   -0.21796500074352
  588   -0.21796500074352
  589   -0.21796500071222
  590   -0.21796500071222
  591   -0.21796500071209
  592   -0.21796500071209
  593   -0.21796479292195
  594   -0.21796479292195
  595   -0.21796479292182
  596   -0.21796479292182
  597   -0.21682891041809
  598   -0.21682891041808
  599   -0.21682891041805
  600   -0.21682891041805
  601   -0.21682891041569
  602   -0.21682891041569
  603   -0.21682891041565
  604   -0.21682891041565
  605   -0.21632052892302
  606   -0.21632052892302
  607   -0.21632052892299
  608   -0.21632052892299
  609   -0.21632052892282
  610   -0.21632052892282
  611   -0.21632052892280
  612   -0.21632052892279
  613   -0.21632052584836
  614   -0.21632052584836
  615   -0.21632052584835
  616   -0.21632052584835
  617   -0.21632052584817
  618   -0.21632052584817
  619   -0.21632052584816
  620   -0.21632052584815
  621   -0.21151041687146
  622   -0.21151041687146
  623   -0.21151041687145
  624   -0.21151041687145
  625   -0.21151041687124
  626   -0.21151041687124
  627   -0.21151041687124
  628   -0.21151041687123
  629   -0.21151029121786
  630   -0.21151029121786
  631   -0.21151029121786
  632   -0.21151029121786
  633   -0.21151029121765
  634   -0.21151029121765
  635   -0.21151029121764
  636   -0.21151029121764
  637   -0.20457914554717
  638   -0.20457914554717
  639   -0.20457914554710
  640   -0.20457914554710
  641   -0.20457910465795
  642   -0.20457910465795
  643   -0.20457910465788
  644   -0.20457910465788
  645   -0.20457910459646
  646   -0.20457910459646
  647   -0.20457910459639
  648   -0.20457910459639
  649   -0.20457884386150
  650   -0.20457884386150
  651   -0.20457884386143
  652   -0.20457884386143
  653   -0.19412085116912
  654   -0.19412085116912
  655   -0.19412085116910
  656   -0.19412085116910
  657   -0.19412085116907
  658   -0.19412085116907
  659   -0.19412085116904
  660   -0.19412085116904
  661   -0.19412073350686
  662   -0.19412073350686
  663   -0.19412073350683
  664   -0.19412073350683
  665   -0.19412073350680
  666   -0.19412073350680
  667   -0.19412073350677
  668   -0.19412073350677
  669   -0.19412060180518
  670   -0.19412060180518
  671   -0.19412060180515
  672   -0.19412060180515
  673   -0.19412060180512
  674   -0.19412060180512
  675   -0.19412060180510
  676   -0.19412060180510
  677   -0.19412060014573
  678   -0.19412060014573
  679   -0.19412060014570
  680   -0.19412060014570
  681   -0.19412060014567
  682   -0.19412060014567
  683   -0.19412060014565
  684   -0.19412060014564
  685   -0.19229482528907
  686   -0.19229482528907
  687   -0.19229482528905
  688   -0.19229482528905
  689   -0.19229482518956
  690   -0.19229482518956
  691   -0.19229482518954
  692   -0.19229482518954
  693   -0.19229462052978
  694   -0.19229462052978
  695   -0.19229462052975
  696   -0.19229462052975
  697   -0.19229432572826
  698   -0.19229432572826
  699   -0.19229432572823
  700   -0.19229432572823
  701   -0.19048687318417
  702   -0.19048687318417
  703   -0.19048687318407
  704   -0.19048687318407
  705   -0.19048655303081
  706   -0.19048655303081
  707   -0.19048655303071
  708   -0.19048655303071
  709   -0.19048655299600
  710   -0.19048655299600
  711   -0.19048655299590
  712   -0.19048655299590
  713   -0.19048635827911
  714   -0.19048635827911
  715   -0.19048635827902
  716   -0.19048635827902
  717   -0.18548542648596
  718   -0.18548542648596
  719   -0.18548542648587
  720   -0.18548542648587
  721   -0.18548542647537
  722   -0.18548542647537
  723   -0.18548542647528
  724   -0.18548542647528
  725   -0.17800595424777
  726   -0.17800595424777
  727   -0.17800595424763
  728   -0.17800595424763
  729   -0.17800595420252
  730   -0.17800595420252
  731   -0.17800595420238
  732   -0.17800595420238
  733   -0.17800580216213
  734   -0.17800580216213
  735   -0.17800580216198
  736   -0.17800580216198
  737   -0.17800571135294
  738   -0.17800571135294
  739   -0.17800571135280
  740   -0.17800571135280
  741   -0.17657291920273
  742   -0.17657291920273
  743   -0.17657291920272
  744   -0.17657291920272
  745   -0.17657291920263
  746   -0.17657291920263
  747   -0.17657291920262
  748   -0.17657291920262
  749   -0.17657270676615
  750   -0.17657270676615
  751   -0.17657270676614
  752   -0.17657270676614
  753   -0.17657270676605
  754   -0.17657270676604
  755   -0.17657270676604
  756   -0.17657270676603
  757   -0.17593815271594
  758   -0.17593815271594
  759   -0.17593815271589
  760   -0.17593815271589
  761   -0.17593815271581
  762   -0.17593815271581
  763   -0.17593815271577
  764   -0.17593815271576
  765   -0.17593814294428
  766   -0.17593814294428
  767   -0.17593814294425
  768   -0.17593814294425
  769   -0.17593814294415
  770   -0.17593814294415
  771   -0.17593814294412
  772   -0.17593814294412
  773   -0.17384441210809
  774   -0.17384441210809
  775   -0.17384441210793
  776   -0.17384441210793
  777   -0.17384441206579
  778   -0.17384441206579
  779   -0.17384441206563
  780   -0.17384441206563
  781   -0.17384430067758
  782   -0.17384430067758
  783   -0.17384430067743
  784   -0.17384430067743
  785   -0.17384425733255
  786   -0.17384425733255
  787   -0.17384425733239
  788   -0.17384425733239
  789   -0.16777802125557
  790   -0.16777802125557
  791   -0.16777802125551
  792   -0.16777802125551
  793   -0.16777773179846
  794   -0.16777773179846
  795   -0.16777773179840
  796   -0.16777773179840
  797   -0.16777773169100
  798   -0.16777773169100
  799   -0.16777773169094
  800   -0.16777773169094
  801   -0.16777755161619
  802   -0.16777755161619
  803   -0.16777755161613
  804   -0.16777755161613
  805   -0.16264149309960
  806   -0.16264149309960
  807   -0.16264149309959
  808   -0.16264149309959
  809   -0.16264149309956
  810   -0.16264149309956
  811   -0.16264149309955
  812   -0.16264149309955
  813   -0.16264132961070
  814   -0.16264132961070
  815   -0.16264132961068
  816   -0.16264132961068
  817   -0.16264132961065
  818   -0.16264132961065
  819   -0.16264132961064
  820   -0.16264132961064
  821   -0.14193601383928
  822   -0.14193601383928
  823   -0.14193601383926
  824   -0.14193601383926
  825   -0.14193601383914
  826   -0.14193601383914
  827   -0.14193601383911
  828   -0.14193601383911
  829   -0.14193595330644
  830   -0.14193595330644
  831   -0.14193595330644
  832   -0.14193595330644
  833   -0.14193595330630
  834   -0.14193595330630
  835   -0.14193595330630
  836   -0.14193595330630
  837   -0.14118314311406
  838   -0.14118314311406
  839   -0.14118314311387
  840   -0.14118314311387
  841   -0.14105559875646
  842   -0.14105559875646
  843   -0.14105559875643
  844   -0.14105559875643
  845   -0.14105545816974
  846   -0.14105545816974
  847   -0.14105545816970
  848   -0.14105545816970
  849   -0.14105545802436
  850   -0.14105545802436
  851   -0.14105545802433
  852   -0.14105545802433
  853   -0.14105540570178
  854   -0.14105540570178
  855   -0.14105540570175
  856   -0.14105540570175
  857   -0.13192934654437
  858   -0.13192934654437
  859   -0.13192934654425
  860   -0.13192934654425
  861   -0.13192934645167
  862   -0.13192934645167
  863   -0.13192934645154
  864   -0.13192934645154
  865   -0.09174937591208
  866   -0.09174937591208
  867   -0.09174937591208
  868   -0.09174937591208
  869   -0.07060680708202
  870   -0.07060680708202
  871   -0.07060680708194
  872   -0.07060680708194
  873   -0.06501620733093
  874   -0.06501620733093
  875   -0.06501620733082
  876   -0.06501620733082
  877   -0.06194442638611
  878   -0.06194442638611
  879   -0.06194442638607
  880   -0.06194442638607
  881   -0.06194442638591
  882   -0.06194442638590
  883   -0.06194442638586
  884   -0.06194442638586
  885   -0.06194400324524
  886   -0.06194400324524
  887   -0.06194400324520
  888   -0.06194400324520
  889   -0.06194400324503
  890   -0.06194400324503
  891   -0.06194400324499
  892   -0.06194400324499
  893   -0.06086939678861
  894   -0.06086939678861
  895   -0.06086939678842
  896   -0.06086939678842
  897   -0.06086939650904
  898   -0.06086939650904
  899   -0.06086939650885
  900   -0.06086939650885
  901   -0.06086903725523
  902   -0.06086903725523
  903   -0.06086903725504
  904   -0.06086903725504
  905   -0.06086856828790
  906   -0.06086856828790
  907   -0.06086856828771
  908   -0.06086856828771
  909   -0.04778407928918
  910   -0.04778407928918
  911   -0.04778407928908
  912   -0.04778407928908
  913   -0.04778407920365
  914   -0.04778407920365
  915   -0.04778407920356
  916   -0.04778407920356
  917   -0.04778363240861
  918   -0.04778363240861
  919   -0.04778363240851
  920   -0.04778363240851
  921   -0.04778347885636
  922   -0.04778347885636
  923   -0.04778347885626
  924   -0.04778347885626
  925   -0.04571542753301
  926   -0.04571542753301
  927   -0.04571542753290
  928   -0.04571542753290
  929   -0.04571477813232
  930   -0.04571477813232
  931   -0.04571477813221
  932   -0.04571477813221
  933   -0.04571477768718
  934   -0.04571477768718
  935   -0.04571477768707
  936   -0.04571477768707
  937   -0.04571410210108
  938   -0.04571410210108
  939   -0.04571410210098
  940   -0.04571410210098
  941   -0.03079414793176
  942   -0.03079414793176
  943   -0.03079414793169
  944   -0.03079414793169
  945   -0.03079414787396
  946   -0.03079414787396
  947   -0.03079414787389
  948   -0.03079414787389
  949   -0.03079390916006
  950   -0.03079390916006
  951   -0.03079390915999
  952   -0.03079390915999
  953   -0.03079267829360
  954   -0.03079267829360
  955   -0.03079267829353
  956   -0.03079267829353
  957   -0.02882602508754
  958   -0.02882602508754
  959   -0.02882602508743
  960   -0.02882602508743
  961   -0.02643388509129
  962   -0.02643388509129
  963   -0.02643388509127
  964   -0.02643388509127
  965   -0.02643388509107
  966   -0.02643388509107
  967   -0.02643388509105
  968   -0.02643388509105
  969   -0.02643363037851
  970   -0.02643363037850
  971   -0.02643363037849
  972   -0.02643363037849
  973   -0.02643363037828
  974   -0.02643363037828
  975   -0.02643363037827
  976   -0.02643363037827
  977   -0.02643341574796
  978   -0.02643341574796
  979   -0.02643341574794
  980   -0.02643341574794
  981   -0.02643341574774
  982   -0.02643341574774
  983   -0.02643341574771
  984   -0.02643341574771
  985   -0.02643327551415
  986   -0.02643327551415
  987   -0.02643327551413
  988   -0.02643327551413
  989   -0.02643327551392
  990   -0.02643327551392
  991   -0.02643327551390
  992   -0.02643327551390
  993   -0.02570573147085
  994   -0.02570573147085
  995   -0.02570573147082
  996   -0.02570573147082
  997   -0.02570573147076
  998   -0.02570573147076
  999   -0.02570573147073
 1000   -0.02570573147072
 1001   -0.02570558532185
 1002   -0.02570558532185
 1003   -0.02570558532181
 1004   -0.02570558532181
 1005   -0.02570558532176
 1006   -0.02570558532175
 1007   -0.02570558532171
 1008   -0.02570558532171
 1009   -0.02018939091222
 1010   -0.02018939091222
 1011   -0.02018939091209
 1012   -0.02018939091209
 1013   -0.02018932605237
 1014   -0.02018932605237
 1015   -0.02018932605224
 1016   -0.02018932605224
 1017   -0.02018932592394
 1018   -0.02018932592394
 1019   -0.02018932592381
 1020   -0.02018932592381
 1021   -0.02018865712380
 1022   -0.02018865712380
 1023   -0.02018865712367
 1024   -0.02018865712367
 1025   -0.01674277903233
 1026   -0.01674277903233
 1027   -0.01674277903212
 1028   -0.01674277903212
 1029   -0.01674224094825
 1030   -0.01674224094825
 1031   -0.01674224094804
 1032   -0.01674224094804
 1033   -0.01674224087872
 1034   -0.01674224087872
 1035   -0.01674224087850
 1036   -0.01674224087850

   kloop=3
   k1=   0.00000 k2=   0.50000 k3=   0.50000

    1   -0.54639713435137
    2   -0.54639713435137
    3   -0.54639713435130
    4   -0.54639713435130
    5   -0.54639713435116
    6   -0.54639713435115
    7   -0.54639713435108
    8   -0.54639713435108
    9   -0.52912214330463
   10   -0.52912214330463
   11   -0.52912214330462
   12   -0.52912214330462
   13   -0.52912214330446
   14   -0.52912214330446
   15   -0.52912214330445
   16   -0.52912214330445
   17   -0.52912211159213
   18   -0.52912211159213
   19   -0.52912211159212
   20   -0.52912211159212
   21   -0.52912211159197
   22   -0.52912211159196
   23   -0.52912211159196
   24   -0.52912211159196
   25   -0.51178829570214
   26   -0.51178829570214
   27   -0.51178829570210
   28   -0.51178829570210
   29   -0.51178829570195
   30   -0.51178829570195
   31   -0.51178829570194
   32   -0.51178829570193
   33   -0.51178816096811
   34   -0.51178816096811
   35   -0.51178816096810
   36   -0.51178816096810
   37   -0.51178816096794
   38   -0.51178816096794
   39   -0.51178816096790
   40   -0.51178816096790
   41   -0.49633038720436
   42   -0.49633038720435
   43   -0.49633038720435
   44   -0.49633038720435
   45   -0.49633038720420
   46   -0.49633038720420
   47   -0.49633038720419
   48   -0.49633038720419
   49   -0.49633034819658
   50   -0.49633034819658
   51   -0.49633034819657
   52   -0.49633034819657
   53   -0.49633034819642
   54   -0.49633034819642
   55   -0.49633034819641
   56   -0.49633034819641
   57   -0.49633025779900
   58   -0.49633025779900
   59   -0.49633025779899
   60   -0.49633025779899
   61   -0.49633025779882
   62   -0.49633025779882
   63   -0.49633025779882
   64   -0.49633025779882
   65   -0.49633025010943
   66   -0.49633025010943
   67   -0.49633025010942
   68   -0.49633025010942
   69   -0.49633025010927
   70   -0.49633025010927
   71   -0.49633025010926
   72   -0.49633025010926
   73   -0.48054006340534
   74   -0.48054006340534
   75   -0.48054006340524
   76   -0.48054006340524
   77   -0.48054006340515
   78   -0.48054006340515
   79   -0.48054006340507
   80   -0.48054006340507
   81   -0.47877904787130
   82   -0.47877904787130
   83   -0.47877904787125
   84   -0.47877904787125
   85   -0.47877904787111
   86   -0.47877904787111
   87   -0.47877904787103
   88   -0.47877904787103
   89   -0.47877887838110
   90   -0.47877887838110
   91   -0.47877887838105
   92   -0.47877887838105
   93   -0.47877887838090
   94   -0.47877887838090
   95   -0.47877887838083
   96   -0.47877887838082
   97   -0.47308020753073
   98   -0.47308020753073
   99   -0.47308020753069
  100   -0.47308020753069
  101   -0.47308020753063
  102   -0.47308020753063
  103   -0.47308020753056
  104   -0.47308020753056
  105   -0.47308017643043
  106   -0.47308017643043
  107   -0.47308017643038
  108   -0.47308017643038
  109   -0.47308017643031
  110   -0.47308017643031
  111   -0.47308017643025
  112   -0.47308017643025
  113   -0.45608740377290
  114   -0.45608740377290
  115   -0.45608740377287
  116   -0.45608740377287
  117   -0.45608740377273
  118   -0.45608740377273
  119   -0.45608740377272
  120   -0.45608740377272
  121   -0.45608739374927
  122   -0.45608739374926
  123   -0.45608739374926
  124   -0.45608739374926
  125   -0.45608739374910
  126   -0.45608739374910
  127   -0.45608739374906
  128   -0.45608739374906
  129   -0.45608733312070
  130   -0.45608733312070
  131   -0.45608733312066
  132   -0.45608733312066
  133   -0.45608733312051
  134   -0.45608733312051
  135   -0.45608733312050
  136   -0.45608733312050
  137   -0.45608731332448
  138   -0.45608731332448
  139   -0.45608731332446
  140   -0.45608731332446
  141   -0.45608731332432
  142   -0.45608731332432
  143   -0.45608731332428
  144   -0.45608731332428
  145   -0.44516383651469
  146   -0.44516383651469
  147   -0.44516383651458
  148   -0.44516383651458
  149   -0.44516383651449
  150   -0.44516383651449
  151   -0.44516383651440
  152   -0.44516383651439
  153   -0.44516368873397
  154   -0.44516368873397
  155   -0.44516368873386
  156   -0.44516368873386
  157   -0.44516368873377
  158   -0.44516368873377
  159   -0.44516368873368
  160   -0.44516368873368
  161   -0.43827174561836
  162   -0.43827174561836
  163   -0.43827174561831
  164   -0.43827174561831
  165   -0.43827174561823
  166   -0.43827174561823
  167   -0.43827174561818
  168   -0.43827174561818
  169   -0.43827173052718
  170   -0.43827173052718
  171   -0.43827173052711
  172   -0.43827173052711
  173   -0.43827173052706
  174   -0.43827173052706
  175   -0.43827173052699
  176   -0.43827173052699
  177   -0.43827160538806
  178   -0.43827160538806
  179   -0.43827160538799
  180   -0.43827160538799
  181   -0.43827160538793
  182   -0.43827160538793
  183   -0.43827160538788
  184   -0.43827160538788
  185   -0.43827159740780
  186   -0.43827159740780
  187   -0.43827159740774
  188   -0.43827159740774
  189   -0.43827159740767
  190   -0.43827159740767
  191   -0.43827159740762
  192   -0.43827159740762
  193   -0.42655871268000
  194   -0.42655871268000
  195   -0.42655871268000
  196   -0.42655871268000
  197   -0.42655871267985
  198   -0.42655871267985
  199   -0.42655871267983
  200   -0.42655871267983
  201   -0.42655868731551
  202   -0.42655868731550
  203   -0.42655868731550
  204   -0.42655868731550
  205   -0.42655868731534
  206   -0.42655868731534
  207   -0.42655868731533
  208   -0.42655868731533
  209   -0.40875579890701
  210   -0.40875579890701
  211   -0.40875579890700
  212   -0.40875579890700
  213   -0.40875579890688
  214   -0.40875579890688
  215   -0.40875579890687
  216   -0.40875579890687
  217   -0.39391392613525
  218   -0.39391392613525
  219   -0.39391392613524
  220   -0.39391392613524
  221   -0.39391392613508
  222   -0.39391392613508
  223   -0.39391392613508
  224   -0.39391392613507
  225   -0.37058150636180
  226   -0.37058150636180
  227   -0.37058150636179
  228   -0.37058150636179
  229   -0.37058150636167
  230   -0.37058150636167
  231   -0.37058150636166
  232   -0.37058150636166
  233   -0.37058143985421
  234   -0.37058143985420
  235   -0.37058143985420
  236   -0.37058143985420
  237   -0.37058143985407
  238   -0.37058143985407
  239   -0.37058143985406
  240   -0.37058143985406
  241   -0.36389661328127
  242   -0.36389661328127
  243   -0.36389661328122
  244   -0.36389661328121
  245   -0.36389661328115
  246   -0.36389661328115
  247   -0.36389661328108
  248   -0.36389661328108
  249   -0.36389660056551
  250   -0.36389660056551
  251   -0.36389660056545
  252   -0.36389660056545
  253   -0.36389660056538
  254   -0.36389660056538
  255   -0.36389660056532
  256   -0.36389660056532
  257   -0.36389659131818
  258   -0.36389659131818
  259   -0.36389659131812
  260   -0.36389659131812
  261   -0.36389659131806
  262   -0.36389659131805
  263   -0.36389659131799
  264   -0.36389659131799
  265   -0.36389655695685
  266   -0.36389655695685
  267   -0.36389655695679
  268   -0.36389655695679
  269   -0.36389655695671
  270   -0.36389655695671
  271   -0.36389655695665
  272   -0.36389655695665
  273   -0.36204744479473
  274   -0.36204744479473
  275   -0.36204744479467
  276   -0.36204744479467
  277   -0.36204744479460
  278   -0.36204744479460
  279   -0.36204744479454
  280   -0.36204744479454
  281   -0.36204742521691
  282   -0.36204742521691
  283   -0.36204742521685
  284   -0.36204742521685
  285   -0.36204742521678
  286   -0.36204742521678
  287   -0.36204742521672
  288   -0.36204742521672
  289   -0.35681743818554
  290   -0.35681743818554
  291   -0.35681743818553
  292   -0.35681743818553
  293   -0.35681743818541
  294   -0.35681743818541
  295   -0.35681743818541
  296   -0.35681743818540
  297   -0.35681736781530
  298   -0.35681736781530
  299   -0.35681736781527
  300   -0.35681736781527
  301   -0.35681736781515
  302   -0.35681736781515
  303   -0.35681736781514
  304   -0.35681736781514
  305   -0.35681736407113
  306   -0.35681736407113
  307   -0.35681736407111
  308   -0.35681736407111
  309   -0.35681736407099
  310   -0.35681736407099
  311   -0.35681736407096
  312   -0.35681736407096
  313   -0.35681733617400
  314   -0.35681733617400
  315   -0.35681733617399
  316   -0.35681733617399
  317   -0.35681733617388
  318   -0.35681733617388
  319   -0.35681733617386
  320   -0.35681733617386
  321   -0.35517551740278
  322   -0.35517551740278
  323   -0.35517551740267
  324   -0.35517551740267
  325   -0.35517551740257
  326   -0.35517551740257
  327   -0.35517551740246
  328   -0.35517551740246
  329   -0.35517550936314
  330   -0.35517550936314
  331   -0.35517550936304
  332   -0.35517550936304
  333   -0.35517550936294
  334   -0.35517550936294
  335   -0.35517550936282
  336   -0.35517550936282
  337   -0.31774145853949
  338   -0.31774145853949
  339   -0.31774145853937
  340   -0.31774145853937
  341   -0.31774145853926
  342   -0.31774145853926
  343   -0.31774145853915
  344   -0.31774145853915
  345   -0.31688533242466
  346   -0.31688533242466
  347   -0.31688533242459
  348   -0.31688533242459
  349   -0.31688533242448
  350   -0.31688533242448
  351   -0.31688533242440
  352   -0.31688533242440
  353   -0.31688519779185
  354   -0.31688519779185
  355   -0.31688519779177
  356   -0.31688519779177
  357   -0.31688519779166
  358   -0.31688519779166
  359   -0.31688519779158
  360   -0.31688519779158
  361   -0.30997114094531
  362   -0.30997114094531
  363   -0.30997114094530
  364   -0.30997114094530
  365   -0.30997114094518
  366   -0.30997114094518
  367   -0.30997114094517
  368   -0.30997114094517
  369   -0.30997109748081
  370   -0.30997109748081
  371   -0.30997109748079
  372   -0.30997109748079
  373   -0.30997109748067
  374   -0.30997109748067
  375   -0.30997109748065
  376   -0.30997109748065
  377   -0.30997108519284
  378   -0.30997108519284
  379   -0.30997108519283
  380   -0.30997108519283
  381   -0.30997108519272
  382   -0.30997108519272
  383   -0.30997108519271
  384   -0.30997108519271
  385   -0.30997105384289
  386   -0.30997105384289
  387   -0.30997105384288
  388   -0.30997105384288
  389   -0.30997105384276
  390   -0.30997105384276
  391   -0.30997105384275
  392   -0.30997105384275
  393   -0.27075304509667
  394   -0.27075304509667
  395   -0.27075304509667
  396   -0.27075304509667
  397   -0.27075304509651
  398   -0.27075304509651
  399   -0.27075304509651
  400   -0.27075304509651
  401   -0.27075288521773
  402   -0.27075288521773
  403   -0.27075288521772
  404   -0.27075288521772
  405   -0.27075288521757
  406   -0.27075288521757
  407   -0.27075288521757
  408   -0.27075288521757
  409   -0.26116563645463
  410   -0.26116563645463
  411   -0.26116563645456
  412   -0.26116563645456
  413   -0.26116563645451
  414   -0.26116563645451
  415   -0.26116563645444
  416   -0.26116563645444
  417   -0.26116561446922
  418   -0.26116561446922
  419   -0.26116561446917
  420   -0.26116561446917
  421   -0.26116561446910
  422   -0.26116561446910
  423   -0.26116561446904
  424   -0.26116561446904
  425   -0.26116555515180
  426   -0.26116555515180
  427   -0.26116555515174
  428   -0.26116555515174
  429   -0.26116555515168
  430   -0.26116555515168
  431   -0.26116555515162
  432   -0.26116555515162
  433   -0.26116548094202
  434   -0.26116548094202
  435   -0.26116548094196
  436   -0.26116548094196
  437   -0.26116548094191
  438   -0.26116548094191
  439   -0.26116548094184
  440   -0.26116548094184
  441   -0.26036623046207
  442   -0.26036623046207
  443   -0.26036623046204
  444   -0.26036623046204
  445   -0.26036623046192
  446   -0.26036623046192
  447   -0.26036623046190
  448   -0.26036623046190
  449   -0.26036618269112
  450   -0.26036618269112
  451   -0.26036618269110
  452   -0.26036618269110
  453   -0.26036618269099
  454   -0.26036618269099
  455   -0.26036618269095
  456   -0.26036618269095
  457   -0.25737555701740
  458   -0.25737555701740
  459   -0.25737555701731
  460   -0.25737555701731
  461   -0.25737555701720
  462   -0.25737555701720
  463   -0.25737555701713
  464   -0.25737555701713
  465   -0.25385564592345
  466   -0.25385564592345
  467   -0.25385564592337
  468   -0.25385564592337
  469   -0.25385564592329
  470   -0.25385564592329
  471   -0.25385564592321
  472   -0.25385564592321
  473   -0.24789374631964
  474   -0.24789374631964
  475   -0.24789374631954
  476   -0.24789374631954
  477   -0.24789374631944
  478   -0.24789374631944
  479   -0.24789374631934
  480   -0.24789374631934
  481   -0.24789370321892
  482   -0.24789370321892
  483   -0.24789370321881
  484   -0.24789370321881
  485   -0.24789370321871
  486   -0.24789370321871
  487   -0.24789370321862
  488   -0.24789370321862
  489   -0.24789363270224
  490   -0.24789363270224
  491   -0.24789363270214
  492   -0.24789363270214
  493   -0.24789363270204
  494   -0.24789363270204
  495   -0.24789363270194
  496   -0.24789363270194
  497   -0.24789357859997
  498   -0.24789357859997
  499   -0.24789357859987
  500   -0.24789357859987
  501   -0.24789357859977
  502   -0.24789357859977
  503   -0.24789357859967
  504   -0.24789357859967
  505   -0.24216464119883
  506   -0.24216464119883
  507   -0.24216464119868
  508   -0.24216464119868
  509   -0.24216464119854
  510   -0.24216464119854
  511   -0.24216464119839
  512   -0.24216464119839
  513   -0.24216462489492
  514   -0.24216462489492
  515   -0.24216462489478
  516   -0.24216462489477
  517   -0.24216462489463
  518   -0.24216462489463
  519   -0.24216462489449
  520   -0.24216462489449
  521   -0.23080997032315
  522   -0.23080997032315
  523   -0.23080997032309
  524   -0.23080997032309
  525   -0.23080997032303
  526   -0.23080997032303
  527   -0.23080997032296
  528   -0.23080997032296
  529   -0.23080989472056
  530   -0.23080989472056
  531   -0.23080989472049
  532   -0.23080989472049
  533   -0.23080989472043
  534   -0.23080989472043
  535   -0.23080989472037
  536   -0.23080989472037
  537   -0.22915386506599
  538   -0.22915386506599
  539   -0.22915386506591
  540   -0.22915386506591
  541   -0.22915386506581
  542   -0.22915386506581
  543   -0.22915386506573
  544   -0.22915386506573
  545   -0.22915380306639
  546   -0.22915380306639
  547   -0.22915380306631
  548   -0.22915380306631
  549   -0.22915380306620
  550   -0.22915380306620
  551   -0.22915380306612
  552   -0.22915380306612
  553   -0.22573561857682
  554   -0.22573561857682
  555   -0.22573561857678
  556   -0.22573561857678
  557   -0.22573561857676
  558   -0.22573561857676
  559   -0.22573561857673
  560   -0.22573561857673
  561   -0.22573552958955
  562   -0.22573552958955
  563   -0.22573552958951
  564   -0.22573552958951
  565   -0.22573552958948
  566   -0.22573552958948
  567   -0.22573552958945
  568   -0.22573552958945
  569   -0.22354935437288
  570   -0.22354935437288
  571   -0.22354935437282
  572   -0.22354935437282
  573   -0.22354935437278
  574   -0.22354935437278
  575   -0.22354935437272
  576   -0.22354935437272
  577   -0.22354918608108
  578   -0.22354918608108
  579   -0.22354918608102
  580   -0.22354918608102
  581   -0.22354918608098
  582   -0.22354918608098
  583   -0.22354918608091
  584   -0.22354918608091
  585   -0.21378975285942
  586   -0.21378975285942
  587   -0.21378975285941
  588   -0.21378975285941
  589   -0.21378975285926
  590   -0.21378975285926
  591   -0.21378975285926
  592   -0.21378975285926
  593   -0.21233108801700
  594   -0.21233108801700
  595   -0.21233108801695
  596   -0.21233108801695
  597   -0.21233108801691
  598   -0.21233108801691
  599   -0.21233108801686
  600   -0.21233108801686
  601   -0.21233101841751
  602   -0.21233101841751
  603   -0.21233101841747
  604   -0.21233101841747
  605   -0.21233101841742
  606   -0.21233101841742
  607   -0.21233101841737
  608   -0.21233101841737
  609   -0.21233094934323
  610   -0.21233094934323
  611   -0.21233094934318
  612   -0.21233094934318
  613   -0.21233094934313
  614   -0.21233094934313
  615   -0.21233094934309
  616   -0.21233094934309
  617   -0.21233082569844
  618   -0.21233082569844
  619   -0.21233082569839
  620   -0.21233082569839
  621   -0.21233082569835
  622   -0.21233082569835
  623   -0.21233082569830
  624   -0.21233082569830
  625   -0.20544187454998
  626   -0.20544187454998
  627   -0.20544187454985
  628   -0.20544187454985
  629   -0.20544187454971
  630   -0.20544187454971
  631   -0.20544187454959
  632   -0.20544187454959
  633   -0.20544185033376
  634   -0.20544185033376
  635   -0.20544185033364
  636   -0.20544185033364
  637   -0.20544185033350
  638   -0.20544185033350
  639   -0.20544185033337
  640   -0.20544185033337
  641   -0.20544180797963
  642   -0.20544180797963
  643   -0.20544180797951
  644   -0.20544180797951
  645   -0.20544180797937
  646   -0.20544180797937
  647   -0.20544180797924
  648   -0.20544180797924
  649   -0.20544175406904
  650   -0.20544175406904
  651   -0.20544175406891
  652   -0.20544175406891
  653   -0.20544175406877
  654   -0.20544175406877
  655   -0.20544175406865
  656   -0.20544175406865
  657   -0.20152360715968
  658   -0.20152360715968
  659   -0.20152360715965
  660   -0.20152360715965
  661   -0.20152360715952
  662   -0.20152360715952
  663   -0.20152360715952
  664   -0.20152360715952
  665   -0.20152343072500
  666   -0.20152343072500
  667   -0.20152343072500
  668   -0.20152343072500
  669   -0.20152343072487
  670   -0.20152343072487
  671   -0.20152343072484
  672   -0.20152343072484
  673   -0.19849984854204
  674   -0.19849984854204
  675   -0.19849984854204
  676   -0.19849984854204
  677   -0.19849984854189
  678   -0.19849984854189
  679   -0.19849984854188
  680   -0.19849984854188
  681   -0.19849981753374
  682   -0.19849981753374
  683   -0.19849981753373
  684   -0.19849981753373
  685   -0.19849981753358
  686   -0.19849981753358
  687   -0.19849981753358
  688   -0.19849981753357
  689   -0.18844590159848
  690   -0.18844590159848
  691   -0.18844590159844
  692   -0.18844590159844
  693   -0.18844590159839
  694   -0.18844590159839
  695   -0.18844590159837
  696   -0.18844590159837
  697   -0.18844585869616
  698   -0.18844585869615
  699   -0.18844585869612
  700   -0.18844585869612
  701   -0.18844585869608
  702   -0.18844585869608
  703   -0.18844585869604
  704   -0.18844585869604
  705   -0.18844564809415
  706   -0.18844564809415
  707   -0.18844564809411
  708   -0.18844564809411
  709   -0.18844564809407
  710   -0.18844564809407
  711   -0.18844564809404
  712   -0.18844564809404
  713   -0.18844548113814
  714   -0.18844548113814
  715   -0.18844548113813
  716   -0.18844548113812
  717   -0.18844548113807
  718   -0.18844548113807
  719   -0.18844548113803
  720   -0.18844548113803
  721   -0.18496297005272
  722   -0.18496297005272
  723   -0.18496297005264
  724   -0.18496297005264
  725   -0.18496297005256
  726   -0.18496297005256
  727   -0.18496297005249
  728   -0.18496297005249
  729   -0.18496273047761
  730   -0.18496273047761
  731   -0.18496273047753
  732   -0.18496273047753
  733   -0.18496273047745
  734   -0.18496273047745
  735   -0.18496273047737
  736   -0.18496273047737
  737   -0.17574787342324
  738   -0.17574787342324
  739   -0.17574787342314
  740   -0.17574787342314
  741   -0.17574787342303
  742   -0.17574787342303
  743   -0.17574787342294
  744   -0.17574787342294
  745   -0.17574779737814
  746   -0.17574779737814
  747   -0.17574779737804
  748   -0.17574779737804
  749   -0.17574779737793
  750   -0.17574779737793
  751   -0.17574779737784
  752   -0.17574779737784
  753   -0.17429676164135
  754   -0.17429676164135
  755   -0.17429676164119
  756   -0.17429676164119
  757   -0.17429676164101
  758   -0.17429676164101
  759   -0.17429676164086
  760   -0.17429676164086
  761   -0.16473405755533
  762   -0.16473405755533
  763   -0.16473405755527
  764   -0.16473405755527
  765   -0.16473405755521
  766   -0.16473405755521
  767   -0.16473405755515
  768   -0.16473405755515
  769   -0.16404260235313
  770   -0.16404260235312
  771   -0.16404260235309
  772   -0.16404260235309
  773   -0.16404260235297
  774   -0.16404260235297
  775   -0.16404260235293
  776   -0.16404260235293
  777   -0.16404250383570
  778   -0.16404250383570
  779   -0.16404250383565
  780   -0.16404250383565
  781   -0.16404250383555
  782   -0.16404250383555
  783   -0.16404250383551
  784   -0.16404250383551
  785   -0.16404246564606
  786   -0.16404246564606
  787   -0.16404246564602
  788   -0.16404246564602
  789   -0.16404246564591
  790   -0.16404246564590
  791   -0.16404246564587
  792   -0.16404246564587
  793   -0.16404234484758
  794   -0.16404234484758
  795   -0.16404234484755
  796   -0.16404234484755
  797   -0.16404234484742
  798   -0.16404234484742
  799   -0.16404234484739
  800   -0.16404234484739
  801   -0.16135769935388
  802   -0.16135769935388
  803   -0.16135769935385
  804   -0.16135769935385
  805   -0.16135769935380
  806   -0.16135769935380
  807   -0.16135769935377
  808   -0.16135769935377
  809   -0.16135767600719
  810   -0.16135767600719
  811   -0.16135767600717
  812   -0.16135767600716
  813   -0.16135767600712
  814   -0.16135767600712
  815   -0.16135767600708
  816   -0.16135767600708
  817   -0.15673295728041
  818   -0.15673295728041
  819   -0.15673295728039
  820   -0.15673295728039
  821   -0.15673295728027
  822   -0.15673295728027
  823   -0.15673295728026
  824   -0.15673295728026
  825   -0.15673293666955
  826   -0.15673293666955
  827   -0.15673293666954
  828   -0.15673293666954
  829   -0.15673293666941
  830   -0.15673293666941
  831   -0.15673293666940
  832   -0.15673293666940
  833   -0.14988695479888
  834   -0.14988695479888
  835   -0.14988695479888
  836   -0.14988695479888
  837   -0.14988695479882
  838   -0.14988695479882
  839   -0.14988695479881
  840   -0.14988695479881
  841   -0.14988683347501
  842   -0.14988683347501
  843   -0.14988683347501
  844   -0.14988683347501
  845   -0.14988683347494
  846   -0.14988683347494
  847   -0.14988683347494
  848   -0.14988683347494
  849   -0.14771747810866
  850   -0.14771747810866
  851   -0.14771747810854
  852   -0.14771747810854
  853   -0.14771747810842
  854   -0.14771747810842
  855   -0.14771747810830
  856   -0.14771747810830
  857   -0.12044507129968
  858   -0.12044507129968
  859   -0.12044507129967
  860   -0.12044507129967
  861   -0.12044507129954
  862   -0.12044507129954
  863   -0.12044507129954
  864   -0.12044507129954
  865   -0.07695175963123
  866   -0.07695175963123
  867   -0.07695175963122
  868   -0.07695175963122
  869   -0.07695175963107
  870   -0.07695175963107
  871   -0.07695175963106
  872   -0.07695175963106
  873   -0.06708310448582
  874   -0.06708310448582
  875   -0.06708310448573
  876   -0.06708310448573
  877   -0.06708310448564
  878   -0.06708310448564
  879   -0.06708310448555
  880   -0.06708310448555
  881   -0.06708248721263
  882   -0.06708248721263
  883   -0.06708248721253
  884   -0.06708248721253
  885   -0.06708248721244
  886   -0.06708248721244
  887   -0.06708248721235
  888   -0.06708248721235
  889   -0.05794365941791
  890   -0.05794365941791
  891   -0.05794365941788
  892   -0.05794365941788
  893   -0.05794365941773
  894   -0.05794365941773
  895   -0.05794365941769
  896   -0.05794365941769
  897   -0.05794350286219
  898   -0.05794350286219
  899   -0.05794350286214
  900   -0.05794350286214
  901   -0.05794350286201
  902   -0.05794350286201
  903   -0.05794350286196
  904   -0.05794350286196
  905   -0.04581034641853
  906   -0.04581034641853
  907   -0.04581034641840
  908   -0.04581034641840
  909   -0.04581034641828
  910   -0.04581034641828
  911   -0.04581034641815
  912   -0.04581034641815
  913   -0.04581030160245
  914   -0.04581030160245
  915   -0.04581030160232
  916   -0.04581030160232
  917   -0.04581030160219
  918   -0.04581030160219
  919   -0.04581030160206
  920   -0.04581030160206
  921   -0.04336127581169
  922   -0.04336127581169
  923   -0.04336127581164
  924   -0.04336127581164
  925   -0.04336127581161
  926   -0.04336127581161
  927   -0.04336127581157
  928   -0.04336127581157
  929   -0.04336063230108
  930   -0.04336063230108
  931   -0.04336063230103
  932   -0.04336063230103
  933   -0.04336063230100
  934   -0.04336063230100
  935   -0.04336063230096
  936   -0.04336063230096
  937   -0.04060304937128
  938   -0.04060304937128
  939   -0.04060304937120
  940   -0.04060304937120
  941   -0.04060304937113
  942   -0.04060304937113
  943   -0.04060304937105
  944   -0.04060304937105
  945   -0.04060286693168
  946   -0.04060286693168
  947   -0.04060286693160
  948   -0.04060286693160
  949   -0.04060286693153
  950   -0.04060286693153
  951   -0.04060286693145
  952   -0.04060286693145
  953   -0.04060252213005
  954   -0.04060252213005
  955   -0.04060252212997
  956   -0.04060252212997
  957   -0.04060252212989
  958   -0.04060252212989
  959   -0.04060252212981
  960   -0.04060252212981
  961   -0.04060237328187
  962   -0.04060237328187
  963   -0.04060237328178
  964   -0.04060237328178
  965   -0.04060237328172
  966   -0.04060237328172
  967   -0.04060237328163
  968   -0.04060237328163
  969   -0.03319038552850
  970   -0.03319038552850
  971   -0.03319038552845
  972   -0.03319038552845
  973   -0.03319038552840
  974   -0.03319038552840
  975   -0.03319038552837
  976   -0.03319038552837
  977   -0.03318997348517
  978   -0.03318997348517
  979   -0.03318997348512
  980   -0.03318997348512
  981   -0.03318997348507
  982   -0.03318997348507
  983   -0.03318997348503
  984   -0.03318997348503
  985   -0.02065044113845
  986   -0.02065044113845
  987   -0.02065044113838
  988   -0.02065044113838
  989   -0.02065044113832
  990   -0.02065044113832
  991   -0.02065044113826
  992   -0.02065044113826
  993   -0.02054041213939
  994   -0.02054041213939
  995   -0.02054041213939
  996   -0.02054041213938
  997   -0.02054041213930
  998   -0.02054041213930
  999   -0.02054041213930
 1000   -0.02054041213930
 1001   -0.02054037600665
 1002   -0.02054037600665
 1003   -0.02054037600665
 1004   -0.02054037600665
 1005   -0.02054037600656
 1006   -0.02054037600656
 1007   -0.02054037600656
 1008   -0.02054037600656
 1009   -0.01456256513610
 1010   -0.01456256513610
 1011   -0.01456256513587
 1012   -0.01456256513587
 1013   -0.01456256513563
 1014   -0.01456256513563
 1015   -0.01456256513541
 1016   -0.01456256513540
 1017   -0.01306041888669
 1018   -0.01306041888669
 1019   -0.01306041888656
 1020   -0.01306041888656
 1021   -0.01306041888645
 1022   -0.01306041888645
 1023   -0.01306041888632
 1024   -0.01306041888632
 1025   -0.01306024011468
 1026   -0.01306024011468
 1027   -0.01306024011456
 1028   -0.01306024011456
 1029   -0.01306024011445
 1030   -0.01306024011444
 1031   -0.01306024011432
 1032   -0.01306024011432
 1033   -0.01305974318471
 1034   -0.01305974318471
 1035   -0.01305974318459
 1036   -0.01305974318459

   kloop=4
   k1=   0.50000 k2=  -0.00000 k3=   0.00000

    1   -0.55075173574684
    2   -0.55075173574684
    3   -0.55075173574677
    4   -0.55075173574677
    5   -0.53335441243924
    6   -0.53335441243924
    7   -0.53335441243913
    8   -0.53335441243913
    9   -0.53335441243911
   10   -0.53335441243911
   11   -0.53335441243898
   12   -0.53335441243898
   13   -0.53335440082561
   14   -0.53335440082561
   15   -0.53335440082542
   16   -0.53335440082542
   17   -0.53335440082541
   18   -0.53335440082541
   19   -0.53335440082522
   20   -0.53335440082522
   21   -0.51660867874427
   22   -0.51660867874427
   23   -0.51660867874424
   24   -0.51660867874424
   25   -0.51660867873476
   26   -0.51660867873476
   27   -0.51660867873473
   28   -0.51660867873473
   29   -0.51660858467850
   30   -0.51660858467850
   31   -0.51660858467846
   32   -0.51660858467846
   33   -0.51660849353709
   34   -0.51660849353709
   35   -0.51660849353705
   36   -0.51660849353705
   37   -0.51586023364974
   38   -0.51586023364974
   39   -0.51586023364963
   40   -0.51586023364963
   41   -0.49978298386207
   42   -0.49978298386207
   43   -0.49978298386193
   44   -0.49978298386193
   45   -0.49978298386191
   46   -0.49978298386191
   47   -0.49978298386177
   48   -0.49978298386177
   49   -0.49978290185621
   50   -0.49978290185621
   51   -0.49978290185607
   52   -0.49978290185607
   53   -0.49978290185605
   54   -0.49978290185605
   55   -0.49978290185591
   56   -0.49978290185591
   57   -0.48661596148486
   58   -0.48661596148486
   59   -0.48661596148475
   60   -0.48661596148475
   61   -0.48661596146898
   62   -0.48661596146898
   63   -0.48661596146886
   64   -0.48661596146886
   65   -0.48661595073426
   66   -0.48661595073426
   67   -0.48661595073416
   68   -0.48661595073416
   69   -0.48661587280374
   70   -0.48661587280374
   71   -0.48661587280364
   72   -0.48661587280364
   73   -0.48212937917417
   74   -0.48212937917417
   75   -0.48212937917410
   76   -0.48212937917410
   77   -0.48212937913269
   78   -0.48212937913269
   79   -0.48212937913262
   80   -0.48212937913262
   81   -0.48212933355580
   82   -0.48212933355580
   83   -0.48212933355572
   84   -0.48212933355572
   85   -0.48212906882322
   86   -0.48212906882322
   87   -0.48212906882314
   88   -0.48212906882314
   89   -0.46933821604516
   90   -0.46933821604516
   91   -0.46933821604510
   92   -0.46933821604510
   93   -0.46933821604508
   94   -0.46933821604508
   95   -0.46933821604502
   96   -0.46933821604502
   97   -0.46933819140424
   98   -0.46933819140424
   99   -0.46933819140414
  100   -0.46933819140414
  101   -0.46933819140413
  102   -0.46933819140413
  103   -0.46933819140404
  104   -0.46933819140404
  105   -0.46933808060635
  106   -0.46933808060635
  107   -0.46933808060624
  108   -0.46933808060624
  109   -0.46933808060624
  110   -0.46933808060623
  111   -0.46933808060612
  112   -0.46933808060612
  113   -0.46933805630762
  114   -0.46933805630762
  115   -0.46933805630757
  116   -0.46933805630757
  117   -0.46933805630756
  118   -0.46933805630756
  119   -0.46933805630751
  120   -0.46933805630751
  121   -0.46118021065179
  122   -0.46118021065179
  123   -0.46118021065172
  124   -0.46118021065172
  125   -0.46118021065171
  126   -0.46118021065170
  127   -0.46118021065163
  128   -0.46118021065163
  129   -0.46118015594674
  130   -0.46118015594674
  131   -0.46118015594667
  132   -0.46118015594667
  133   -0.46118015594667
  134   -0.46118015594666
  135   -0.46118015594658
  136   -0.46118015594658
  137   -0.45536416331103
  138   -0.45536416331103
  139   -0.45536416331089
  140   -0.45536416331089
  141   -0.45536414740811
  142   -0.45536414740811
  143   -0.45536414740804
  144   -0.45536414740804
  145   -0.45536414738546
  146   -0.45536414738546
  147   -0.45536414738538
  148   -0.45536414738538
  149   -0.45536394500858
  150   -0.45536394500858
  151   -0.45536394500845
  152   -0.45536394500845
  153   -0.44801844245648
  154   -0.44801844245648
  155   -0.44801844245631
  156   -0.44801844245631
  157   -0.44400128494371
  158   -0.44400128494371
  159   -0.44400128494364
  160   -0.44400128494364
  161   -0.44400122614807
  162   -0.44400122614807
  163   -0.44400122614800
  164   -0.44400122614800
  165   -0.44400121592860
  166   -0.44400121592860
  167   -0.44400121592853
  168   -0.44400121592853
  169   -0.44400121592721
  170   -0.44400121592721
  171   -0.44400121592713
  172   -0.44400121592713
  173   -0.43727867900829
  174   -0.43727867900829
  175   -0.43727867900816
  176   -0.43727867900816
  177   -0.43727867900814
  178   -0.43727867900814
  179   -0.43727867900799
  180   -0.43727867900799
  181   -0.43727867629410
  182   -0.43727867629410
  183   -0.43727867629397
  184   -0.43727867629397
  185   -0.43727867629395
  186   -0.43727867629395
  187   -0.43727867629382
  188   -0.43727867629382
  189   -0.41637647446570
  190   -0.41637647446570
  191   -0.41637647446562
  192   -0.41637647446562
  193   -0.41637645140618
  194   -0.41637645140618
  195   -0.41637645140611
  196   -0.41637645140611
  197   -0.41637645140198
  198   -0.41637645140198
  199   -0.41637645140191
  200   -0.41637645140191
  201   -0.41637634250713
  202   -0.41637634250713
  203   -0.41637634250705
  204   -0.41637634250705
  205   -0.40217524866708
  206   -0.40217524866708
  207   -0.40217524866706
  208   -0.40217524866706
  209   -0.40217524866691
  210   -0.40217524866691
  211   -0.40217524866688
  212   -0.40217524866688
  213   -0.40217517110866
  214   -0.40217517110865
  215   -0.40217517110863
  216   -0.40217517110863
  217   -0.40217517110848
  218   -0.40217517110848
  219   -0.40217517110845
  220   -0.40217517110845
  221   -0.39750262708269
  222   -0.39750262708269
  223   -0.39750262708269
  224   -0.39750262708269
  225   -0.39750262708244
  226   -0.39750262708244
  227   -0.39750262708244
  228   -0.39750262708244
  229   -0.38290919414829
  230   -0.38290919414829
  231   -0.38290919414823
  232   -0.38290919414823
  233   -0.38290917538884
  234   -0.38290917538884
  235   -0.38290917538877
  236   -0.38290917538877
  237   -0.38290917535594
  238   -0.38290917535594
  239   -0.38290917535587
  240   -0.38290917535587
  241   -0.38290901180306
  242   -0.38290901180306
  243   -0.38290901180299
  244   -0.38290901180299
  245   -0.36831108362560
  246   -0.36831108362560
  247   -0.36831108362554
  248   -0.36831108362553
  249   -0.36831108362553
  250   -0.36831108362553
  251   -0.36831108362547
  252   -0.36831108362547
  253   -0.36831107460109
  254   -0.36831107460109
  255   -0.36831107460102
  256   -0.36831107460102
  257   -0.36831107460101
  258   -0.36831107460101
  259   -0.36831107460095
  260   -0.36831107460095
  261   -0.36609014137444
  262   -0.36609014137444
  263   -0.36609014137441
  264   -0.36609014137441
  265   -0.36609011646358
  266   -0.36609011646358
  267   -0.36609011646355
  268   -0.36609011646355
  269   -0.36609011644486
  270   -0.36609011644485
  271   -0.36609011644484
  272   -0.36609011644484
  273   -0.36609005607244
  274   -0.36609005607244
  275   -0.36609005607241
  276   -0.36609005607241
  277   -0.36045035750064
  278   -0.36045035750064
  279   -0.36045035750052
  280   -0.36045035750052
  281   -0.36045035750052
  282   -0.36045035750051
  283   -0.36045035750040
  284   -0.36045035750040
  285   -0.36045035481875
  286   -0.36045035481875
  287   -0.36045035481864
  288   -0.36045035481864
  289   -0.36045035481862
  290   -0.36045035481862
  291   -0.36045035481851
  292   -0.36045035481851
  293   -0.35383354511119
  294   -0.35383354511119
  295   -0.35383354511098
  296   -0.35383354511098
  297   -0.34480687825961
  298   -0.34480687825961
  299   -0.34480687825952
  300   -0.34480687825952
  301   -0.34480687823517
  302   -0.34480687823517
  303   -0.34480687823509
  304   -0.34480687823509
  305   -0.34480684285489
  306   -0.34480684285489
  307   -0.34480684285475
  308   -0.34480684285475
  309   -0.34480670271691
  310   -0.34480670271691
  311   -0.34480670271677
  312   -0.34480670271677
  313   -0.34030437701164
  314   -0.34030437701164
  315   -0.34030437701152
  316   -0.34030437701152
  317   -0.34030437700702
  318   -0.34030437700702
  319   -0.34030437700690
  320   -0.34030437700690
  321   -0.34030435257577
  322   -0.34030435257577
  323   -0.34030435257566
  324   -0.34030435257566
  325   -0.34030434372887
  326   -0.34030434372887
  327   -0.34030434372876
  328   -0.34030434372876
  329   -0.33776497228631
  330   -0.33776497228631
  331   -0.33776497228623
  332   -0.33776497228623
  333   -0.33776497228619
  334   -0.33776497228619
  335   -0.33776497228612
  336   -0.33776497228612
  337   -0.33776493834823
  338   -0.33776493834823
  339   -0.33776493834817
  340   -0.33776493834817
  341   -0.33776493834807
  342   -0.33776493834807
  343   -0.33776493834801
  344   -0.33776493834801
  345   -0.33776488714811
  346   -0.33776488714811
  347   -0.33776488714804
  348   -0.33776488714804
  349   -0.33776488714794
  350   -0.33776488714794
  351   -0.33776488714787
  352   -0.33776488714787
  353   -0.33776484241252
  354   -0.33776484241252
  355   -0.33776484241247
  356   -0.33776484241247
  357   -0.33776484241243
  358   -0.33776484241243
  359   -0.33776484241238
  360   -0.33776484241238
  361   -0.30697333153066
  362   -0.30697333153066
  363   -0.30697333153059
  364   -0.30697333153059
  365   -0.30697333151491
  366   -0.30697333151491
  367   -0.30697333151484
  368   -0.30697333151484
  369   -0.30697316083864
  370   -0.30697316083864
  371   -0.30697316083857
  372   -0.30697316083857
  373   -0.30697314539518
  374   -0.30697314539518
  375   -0.30697314539511
  376   -0.30697314539511
  377   -0.28862264429100
  378   -0.28862264429100
  379   -0.28862264429091
  380   -0.28862264429091
  381   -0.28862264429085
  382   -0.28862264429085
  383   -0.28862264429076
  384   -0.28862264429076
  385   -0.28862259484527
  386   -0.28862259484527
  387   -0.28862259484517
  388   -0.28862259484517
  389   -0.28862259484511
  390   -0.28862259484511
  391   -0.28862259484502
  392   -0.28862259484502
  393   -0.27797254218018
  394   -0.27797254218018
  395   -0.27797254218004
  396   -0.27797254218004
  397   -0.27797254216018
  398   -0.27797254216018
  399   -0.27797254216004
  400   -0.27797254216004
  401   -0.27797248755422
  402   -0.27797248755422
  403   -0.27797248755408
  404   -0.27797248755408
  405   -0.27797248593206
  406   -0.27797248593206
  407   -0.27797248593192
  408   -0.27797248593192
  409   -0.27227615823160
  410   -0.27227615823160
  411   -0.27227615823154
  412   -0.27227615823154
  413   -0.27227610031958
  414   -0.27227610031958
  415   -0.27227610031952
  416   -0.27227610031952
  417   -0.27227610029326
  418   -0.27227610029326
  419   -0.27227610029321
  420   -0.27227610029321
  421   -0.27227594917490
  422   -0.27227594917490
  423   -0.27227594917485
  424   -0.27227594917485
  425   -0.26856909479025
  426   -0.26856909479025
  427   -0.26856909479018
  428   -0.26856909479018
  429   -0.26856909478251
  430   -0.26856909478251
  431   -0.26856909478244
  432   -0.26856909478244
  433   -0.26856907464143
  434   -0.26856907464143
  435   -0.26856907464131
  436   -0.26856907464131
  437   -0.26856889028680
  438   -0.26856889028680
  439   -0.26856889028667
  440   -0.26856889028667
  441   -0.25928368539788
  442   -0.25928368539788
  443   -0.25928368539774
  444   -0.25928368539774
  445   -0.25928368538677
  446   -0.25928368538677
  447   -0.25928368538663
  448   -0.25928368538663
  449   -0.25928360251710
  450   -0.25928360251710
  451   -0.25928360251696
  452   -0.25928360251696
  453   -0.25928347471718
  454   -0.25928347471718
  455   -0.25928347471703
  456   -0.25928347471703
  457   -0.25765040223901
  458   -0.25765040223901
  459   -0.25765040223900
  460   -0.25765040223900
  461   -0.25765040223882
  462   -0.25765040223882
  463   -0.25765040223881
  464   -0.25765040223881
  465   -0.25454415711777
  466   -0.25454415711777
  467   -0.25454415711773
  468   -0.25454415711773
  469   -0.25454415711767
  470   -0.25454415711767
  471   -0.25454415711763
  472   -0.25454415711763
  473   -0.25454412394472
  474   -0.25454412394472
  475   -0.25454412394467
  476   -0.25454412394467
  477   -0.25454412394461
  478   -0.25454412394461
  479   -0.25454412394457
  480   -0.25454412394457
  481   -0.24552793960888
  482   -0.24552793960888
  483   -0.24552793960866
  484   -0.24552793960866
  485   -0.23446961756048
  486   -0.23446961756048
  487   -0.23446961756043
  488   -0.23446961756043
  489   -0.23446961756040
  490   -0.23446961756040
  491   -0.23446961756035
  492   -0.23446961756035
  493   -0.23446947332185
  494   -0.23446947332185
  495   -0.23446947332180
  496   -0.23446947332180
  497   -0.23446947332179
  498   -0.23446947332179
  499   -0.23446947332174
  500   -0.23446947332174
  501   -0.23446939746882
  502   -0.23446939746882
  503   -0.23446939746878
  504   -0.23446939746878
  505   -0.23446939746875
  506   -0.23446939746875
  507   -0.23446939746870
  508   -0.23446939746870
  509   -0.23446937232874
  510   -0.23446937232874
  511   -0.23446937232870
  512   -0.23446937232870
  513   -0.23446937232870
  514   -0.23446937232870
  515   -0.23446937232866
  516   -0.23446937232866
  517   -0.23211294978091
  518   -0.23211294978091
  519   -0.23211294978088
  520   -0.23211294978088
  521   -0.23211294978080
  522   -0.23211294978080
  523   -0.23211294978078
  524   -0.23211294978078
  525   -0.23211274842133
  526   -0.23211274842133
  527   -0.23211274842131
  528   -0.23211274842131
  529   -0.23211274842123
  530   -0.23211274842123
  531   -0.23211274842121
  532   -0.23211274842121
  533   -0.23172619616516
  534   -0.23172619616516
  535   -0.23172619616511
  536   -0.23172619616511
  537   -0.23172619616510
  538   -0.23172619616510
  539   -0.23172619616505
  540   -0.23172619616505
  541   -0.23172618994337
  542   -0.23172618994337
  543   -0.23172618994332
  544   -0.23172618994332
  545   -0.23172618994332
  546   -0.23172618994332
  547   -0.23172618994326
  548   -0.23172618994326
  549   -0.22975414888530
  550   -0.22975414888530
  551   -0.22975414888526
  552   -0.22975414888526
  553   -0.22975414888517
  554   -0.22975414888517
  555   -0.22975414888513
  556   -0.22975414888513
  557   -0.22975405252827
  558   -0.22975405252827
  559   -0.22975405252822
  560   -0.22975405252822
  561   -0.22975405252814
  562   -0.22975405252814
  563   -0.22975405252810
  564   -0.22975405252810
  565   -0.22032596229741
  566   -0.22032596229741
  567   -0.22032596229730
  568   -0.22032596229730
  569   -0.22032591413404
  570   -0.22032591413404
  571   -0.22032591413392
  572   -0.22032591413392
  573   -0.22032591409182
  574   -0.22032591409182
  575   -0.22032591409170
  576   -0.22032591409170
  577   -0.22032571507423
  578   -0.22032571507423
  579   -0.22032571507412
  580   -0.22032571507412
  581   -0.21796503755053
  582   -0.21796503755053
  583   -0.21796503755040
  584   -0.21796503755040
  585   -0.21796500074365
  586   -0.21796500074365
  587   -0.21796500074352
  588   -0.21796500074352
  589   -0.21796500071222
  590   -0.21796500071222
  591   -0.21796500071209
  592   -0.21796500071209
  593   -0.21796479292195
  594   -0.21796479292195
  595   -0.21796479292182
  596   -0.21796479292182
  597   -0.21682891041808
  598   -0.21682891041808
  599   -0.21682891041805
  600   -0.21682891041805
  601   -0.21682891041569
  602   -0.21682891041569
  603   -0.21682891041565
  604   -0.21682891041565
  605   -0.21632052892304
  606   -0.21632052892304
  607   -0.21632052892298
  608   -0.21632052892298
  609   -0.21632052892284
  610   -0.21632052892284
  611   -0.21632052892277
  612   -0.21632052892277
  613   -0.21632052584838
  614   -0.21632052584838
  615   -0.21632052584833
  616   -0.21632052584833
  617   -0.21632052584819
  618   -0.21632052584819
  619   -0.21632052584813
  620   -0.21632052584813
  621   -0.21151041687147
  622   -0.21151041687147
  623   -0.21151041687144
  624   -0.21151041687144
  625   -0.21151041687125
  626   -0.21151041687125
  627   -0.21151041687122
  628   -0.21151041687122
  629   -0.21151029121788
  630   -0.21151029121788
  631   -0.21151029121784
  632   -0.21151029121784
  633   -0.21151029121766
  634   -0.21151029121766
  635   -0.21151029121763
  636   -0.21151029121763
  637   -0.20457914554716
  638   -0.20457914554716
  639   -0.20457914554712
  640   -0.20457914554712
  641   -0.20457910465793
  642   -0.20457910465793
  643   -0.20457910465789
  644   -0.20457910465789
  645   -0.20457910459645
  646   -0.20457910459645
  647   -0.20457910459640
  648   -0.20457910459640
  649   -0.20457884386149
  650   -0.20457884386149
  651   -0.20457884386145
  652   -0.20457884386145
  653   -0.19412085116912
  654   -0.19412085116912
  655   -0.19412085116910
  656   -0.19412085116910
  657   -0.19412085116906
  658   -0.19412085116906
  659   -0.19412085116905
  660   -0.19412085116904
  661   -0.19412073350686
  662   -0.19412073350686
  663   -0.19412073350684
  664   -0.19412073350684
  665   -0.19412073350680
  666   -0.19412073350680
  667   -0.19412073350678
  668   -0.19412073350677
  669   -0.19412060180517
  670   -0.19412060180517
  671   -0.19412060180517
  672   -0.19412060180516
  673   -0.19412060180511
  674   -0.19412060180511
  675   -0.19412060180510
  676   -0.19412060180510
  677   -0.19412060014572
  678   -0.19412060014572
  679   -0.19412060014572
  680   -0.19412060014572
  681   -0.19412060014566
  682   -0.19412060014566
  683   -0.19412060014566
  684   -0.19412060014566
  685   -0.19229482528907
  686   -0.19229482528907
  687   -0.19229482528905
  688   -0.19229482528905
  689   -0.19229482518957
  690   -0.19229482518957
  691   -0.19229482518954
  692   -0.19229482518954
  693   -0.19229462052981
  694   -0.19229462052981
  695   -0.19229462052970
  696   -0.19229462052970
  697   -0.19229432572830
  698   -0.19229432572830
  699   -0.19229432572819
  700   -0.19229432572819
  701   -0.19048687318416
  702   -0.19048687318416
  703   -0.19048687318409
  704   -0.19048687318409
  705   -0.19048655303079
  706   -0.19048655303079
  707   -0.19048655303073
  708   -0.19048655303073
  709   -0.19048655299598
  710   -0.19048655299598
  711   -0.19048655299591
  712   -0.19048655299591
  713   -0.19048635827909
  714   -0.19048635827909
  715   -0.19048635827902
  716   -0.19048635827902
  717   -0.18548542648596
  718   -0.18548542648596
  719   -0.18548542648587
  720   -0.18548542648587
  721   -0.18548542647536
  722   -0.18548542647536
  723   -0.18548542647527
  724   -0.18548542647527
  725   -0.17800595424777
  726   -0.17800595424777
  727   -0.17800595424763
  728   -0.17800595424763
  729   -0.17800595420252
  730   -0.17800595420252
  731   -0.17800595420238
  732   -0.17800595420237
  733   -0.17800580216213
  734   -0.17800580216213
  735   -0.17800580216199
  736   -0.17800580216199
  737   -0.17800571135294
  738   -0.17800571135294
  739   -0.17800571135280
  740   -0.17800571135280
  741   -0.17657291920276
  742   -0.17657291920276
  743   -0.17657291920270
  744   -0.17657291920270
  745   -0.17657291920265
  746   -0.17657291920265
  747   -0.17657291920259
  748   -0.17657291920259
  749   -0.17657270676617
  750   -0.17657270676617
  751   -0.17657270676612
  752   -0.17657270676612
  753   -0.17657270676606
  754   -0.17657270676606
  755   -0.17657270676600
  756   -0.17657270676600
  757   -0.17593815271595
  758   -0.17593815271595
  759   -0.17593815271589
  760   -0.17593815271589
  761   -0.17593815271581
  762   -0.17593815271581
  763   -0.17593815271575
  764   -0.17593815271575
  765   -0.17593814294427
  766   -0.17593814294427
  767   -0.17593814294425
  768   -0.17593814294425
  769   -0.17593814294415
  770   -0.17593814294415
  771   -0.17593814294412
  772   -0.17593814294412
  773   -0.17384441210809
  774   -0.17384441210809
  775   -0.17384441210792
  776   -0.17384441210792
  777   -0.17384441206580
  778   -0.17384441206580
  779   -0.17384441206563
  780   -0.17384441206563
  781   -0.17384430067759
  782   -0.17384430067759
  783   -0.17384430067742
  784   -0.17384430067742
  785   -0.17384425733256
  786   -0.17384425733256
  787   -0.17384425733239
  788   -0.17384425733239
  789   -0.16777802125559
  790   -0.16777802125559
  791   -0.16777802125548
  792   -0.16777802125548
  793   -0.16777773179848
  794   -0.16777773179848
  795   -0.16777773179837
  796   -0.16777773179837
  797   -0.16777773169103
  798   -0.16777773169103
  799   -0.16777773169092
  800   -0.16777773169092
  801   -0.16777755161621
  802   -0.16777755161621
  803   -0.16777755161611
  804   -0.16777755161611
  805   -0.16264149309966
  806   -0.16264149309966
  807   -0.16264149309958
  808   -0.16264149309958
  809   -0.16264149309958
  810   -0.16264149309958
  811   -0.16264149309950
  812   -0.16264149309950
  813   -0.16264132961074
  814   -0.16264132961074
  815   -0.16264132961067
  816   -0.16264132961067
  817   -0.16264132961067
  818   -0.16264132961067
  819   -0.16264132961058
  820   -0.16264132961058
  821   -0.14193601383932
  822   -0.14193601383932
  823   -0.14193601383924
  824   -0.14193601383924
  825   -0.14193601383916
  826   -0.14193601383916
  827   -0.14193601383907
  828   -0.14193601383907
  829   -0.14193595330648
  830   -0.14193595330648
  831   -0.14193595330642
  832   -0.14193595330642
  833   -0.14193595330633
  834   -0.14193595330633
  835   -0.14193595330626
  836   -0.14193595330626
  837   -0.14118314311406
  838   -0.14118314311406
  839   -0.14118314311388
  840   -0.14118314311388
  841   -0.14105559875646
  842   -0.14105559875646
  843   -0.14105559875643
  844   -0.14105559875643
  845   -0.14105545816973
  846   -0.14105545816973
  847   -0.14105545816970
  848   -0.14105545816970
  849   -0.14105545802437
  850   -0.14105545802437
  851   -0.14105545802433
  852   -0.14105545802433
  853   -0.14105540570178
  854   -0.14105540570178
  855   -0.14105540570175
  856   -0.14105540570175
  857   -0.13192934654437
  858   -0.13192934654437
  859   -0.13192934654426
  860   -0.13192934654426
  861   -0.13192934645166
  862   -0.13192934645166
  863   -0.13192934645154
  864   -0.13192934645154
  865   -0.09174937591209
  866   -0.09174937591209
  867   -0.09174937591208
  868   -0.09174937591208
  869   -0.07060680708203
  870   -0.07060680708202
  871   -0.07060680708195
  872   -0.07060680708194
  873   -0.06501620733093
  874   -0.06501620733093
  875   -0.06501620733082
  876   -0.06501620733082
  877   -0.06194442638610
  878   -0.06194442638610
  879   -0.06194442638608
  880   -0.06194442638608
  881   -0.06194442638589
  882   -0.06194442638589
  883   -0.06194442638587
  884   -0.06194442638587
  885   -0.06194400324523
  886   -0.06194400324522
  887   -0.06194400324521
  888   -0.06194400324521
  889   -0.06194400324502
  890   -0.06194400324502
  891   -0.06194400324500
  892   -0.06194400324500
  893   -0.06086939678861
  894   -0.06086939678861
  895   -0.06086939678842
  896   -0.06086939678842
  897   -0.06086939650903
  898   -0.06086939650903
  899   -0.06086939650885
  900   -0.06086939650885
  901   -0.06086903725523
  902   -0.06086903725523
  903   -0.06086903725504
  904   -0.06086903725504
  905   -0.06086856828790
  906   -0.06086856828790
  907   -0.06086856828771
  908   -0.06086856828771
  909   -0.04778407928917
  910   -0.04778407928917
  911   -0.04778407928910
  912   -0.04778407928910
  913   -0.04778407920364
  914   -0.04778407920364
  915   -0.04778407920357
  916   -0.04778407920357
  917   -0.04778363240860
  918   -0.04778363240860
  919   -0.04778363240852
  920   -0.04778363240852
  921   -0.04778347885635
  922   -0.04778347885635
  923   -0.04778347885627
  924   -0.04778347885627
  925   -0.04571542753301
  926   -0.04571542753301
  927   -0.04571542753290
  928   -0.04571542753290
  929   -0.04571477813232
  930   -0.04571477813232
  931   -0.04571477813221
  932   -0.04571477813221
  933   -0.04571477768718
  934   -0.04571477768718
  935   -0.04571477768708
  936   -0.04571477768708
  937   -0.04571410210108
  938   -0.04571410210108
  939   -0.04571410210098
  940   -0.04571410210098
  941   -0.03079414793178
  942   -0.03079414793178
  943   -0.03079414793167
  944   -0.03079414793167
  945   -0.03079414787398
  946   -0.03079414787398
  947   -0.03079414787388
  948   -0.03079414787388
  949   -0.03079390916008
  950   -0.03079390916008
  951   -0.03079390915998
  952   -0.03079390915998
  953   -0.03079267829362
  954   -0.03079267829362
  955   -0.03079267829352
  956   -0.03079267829352
  957   -0.02882602508752
  958   -0.02882602508752
  959   -0.02882602508743
  960   -0.02882602508743
  961   -0.02643388509129
  962   -0.02643388509128
  963   -0.02643388509128
  964   -0.02643388509127
  965   -0.02643388509106
  966   -0.02643388509106
  967   -0.02643388509105
  968   -0.02643388509105
  969   -0.02643363037851
  970   -0.02643363037851
  971   -0.02643363037849
  972   -0.02643363037849
  973   -0.02643363037828
  974   -0.02643363037828
  975   -0.02643363037827
  976   -0.02643363037826
  977   -0.02643341574795
  978   -0.02643341574795
  979   -0.02643341574794
  980   -0.02643341574794
  981   -0.02643341574773
  982   -0.02643341574773
  983   -0.02643341574772
  984   -0.02643341574772
  985   -0.02643327551414
  986   -0.02643327551414
  987   -0.02643327551414
  988   -0.02643327551414
  989   -0.02643327551391
  990   -0.02643327551391
  991   -0.02643327551391
  992   -0.02643327551391
  993   -0.02570573147084
  994   -0.02570573147084
  995   -0.02570573147083
  996   -0.02570573147083
  997   -0.02570573147075
  998   -0.02570573147075
  999   -0.02570573147074
 1000   -0.02570573147074
 1001   -0.02570558532186
 1002   -0.02570558532185
 1003   -0.02570558532182
 1004   -0.02570558532181
 1005   -0.02570558532175
 1006   -0.02570558532175
 1007   -0.02570558532171
 1008   -0.02570558532171
 1009   -0.02018939091222
 1010   -0.02018939091222
 1011   -0.02018939091209
 1012   -0.02018939091209
 1013   -0.02018932605237
 1014   -0.02018932605237
 1015   -0.02018932605224
 1016   -0.02018932605224
 1017   -0.02018932592395
 1018   -0.02018932592395
 1019   -0.02018932592381
 1020   -0.02018932592381
 1021   -0.02018865712380
 1022   -0.02018865712380
 1023   -0.02018865712367
 1024   -0.02018865712367
 1025   -0.01674277903233
 1026   -0.01674277903233
 1027   -0.01674277903212
 1028   -0.01674277903212
 1029   -0.01674224094825
 1030   -0.01674224094825
 1031   -0.01674224094804
 1032   -0.01674224094804
 1033   -0.01674224087872
 1034   -0.01674224087872
 1035   -0.01674224087850
 1036   -0.01674224087850

   kloop=5
   k1=   0.50000 k2=  -0.00000 k3=   0.50000

    1   -0.54639713435134
    2   -0.54639713435134
    3   -0.54639713435126
    4   -0.54639713435126
    5   -0.54639713435119
    6   -0.54639713435119
    7   -0.54639713435113
    8   -0.54639713435112
    9   -0.52912214330460
   10   -0.52912214330460
   11   -0.52912214330456
   12   -0.52912214330456
   13   -0.52912214330452
   14   -0.52912214330452
   15   -0.52912214330449
   16   -0.52912214330449
   17   -0.52912211159210
   18   -0.52912211159210
   19   -0.52912211159207
   20   -0.52912211159207
   21   -0.52912211159202
   22   -0.52912211159202
   23   -0.52912211159199
   24   -0.52912211159199
   25   -0.51178829570211
   26   -0.51178829570211
   27   -0.51178829570206
   28   -0.51178829570206
   29   -0.51178829570200
   30   -0.51178829570200
   31   -0.51178829570196
   32   -0.51178829570196
   33   -0.51178816096809
   34   -0.51178816096809
   35   -0.51178816096804
   36   -0.51178816096804
   37   -0.51178816096800
   38   -0.51178816096800
   39   -0.51178816096794
   40   -0.51178816096794
   41   -0.49633038720432
   42   -0.49633038720432
   43   -0.49633038720429
   44   -0.49633038720429
   45   -0.49633038720424
   46   -0.49633038720424
   47   -0.49633038720422
   48   -0.49633038720422
   49   -0.49633034819655
   50   -0.49633034819655
   51   -0.49633034819651
   52   -0.49633034819651
   53   -0.49633034819647
   54   -0.49633034819647
   55   -0.49633034819644
   56   -0.49633034819644
   57   -0.49633025779896
   58   -0.49633025779896
   59   -0.49633025779894
   60   -0.49633025779894
   61   -0.49633025779889
   62   -0.49633025779889
   63   -0.49633025779886
   64   -0.49633025779886
   65   -0.49633025010940
   66   -0.49633025010940
   67   -0.49633025010937
   68   -0.49633025010937
   69   -0.49633025010932
   70   -0.49633025010932
   71   -0.49633025010929
   72   -0.49633025010929
   73   -0.48054006340534
   74   -0.48054006340533
   75   -0.48054006340525
   76   -0.48054006340525
   77   -0.48054006340516
   78   -0.48054006340516
   79   -0.48054006340506
   80   -0.48054006340506
   81   -0.47877904787128
   82   -0.47877904787128
   83   -0.47877904787120
   84   -0.47877904787120
   85   -0.47877904787114
   86   -0.47877904787114
   87   -0.47877904787108
   88   -0.47877904787108
   89   -0.47877887838108
   90   -0.47877887838108
   91   -0.47877887838099
   92   -0.47877887838099
   93   -0.47877887838094
   94   -0.47877887838093
   95   -0.47877887838088
   96   -0.47877887838088
   97   -0.47308020753074
   98   -0.47308020753074
   99   -0.47308020753070
  100   -0.47308020753070
  101   -0.47308020753061
  102   -0.47308020753060
  103   -0.47308020753057
  104   -0.47308020753057
  105   -0.47308017643043
  106   -0.47308017643043
  107   -0.47308017643039
  108   -0.47308017643039
  109   -0.47308017643031
  110   -0.47308017643031
  111   -0.47308017643026
  112   -0.47308017643026
  113   -0.45608740377288
  114   -0.45608740377288
  115   -0.45608740377282
  116   -0.45608740377282
  117   -0.45608740377278
  118   -0.45608740377277
  119   -0.45608740377274
  120   -0.45608740377274
  121   -0.45608739374924
  122   -0.45608739374924
  123   -0.45608739374920
  124   -0.45608739374920
  125   -0.45608739374916
  126   -0.45608739374916
  127   -0.45608739374910
  128   -0.45608739374910
  129   -0.45608733312066
  130   -0.45608733312066
  131   -0.45608733312062
  132   -0.45608733312062
  133   -0.45608733312057
  134   -0.45608733312057
  135   -0.45608733312054
  136   -0.45608733312054
  137   -0.45608731332445
  138   -0.45608731332445
  139   -0.45608731332441
  140   -0.45608731332441
  141   -0.45608731332437
  142   -0.45608731332437
  143   -0.45608731332432
  144   -0.45608731332432
  145   -0.44516383651468
  146   -0.44516383651468
  147   -0.44516383651458
  148   -0.44516383651458
  149   -0.44516383651449
  150   -0.44516383651449
  151   -0.44516383651439
  152   -0.44516383651439
  153   -0.44516368873397
  154   -0.44516368873397
  155   -0.44516368873387
  156   -0.44516368873387
  157   -0.44516368873378
  158   -0.44516368873378
  159   -0.44516368873368
  160   -0.44516368873368
  161   -0.43827174561837
  162   -0.43827174561837
  163   -0.43827174561830
  164   -0.43827174561830
  165   -0.43827174561824
  166   -0.43827174561824
  167   -0.43827174561817
  168   -0.43827174561817
  169   -0.43827173052719
  170   -0.43827173052719
  171   -0.43827173052711
  172   -0.43827173052711
  173   -0.43827173052705
  174   -0.43827173052705
  175   -0.43827173052697
  176   -0.43827173052697
  177   -0.43827160538806
  178   -0.43827160538806
  179   -0.43827160538799
  180   -0.43827160538799
  181   -0.43827160538792
  182   -0.43827160538792
  183   -0.43827160538786
  184   -0.43827160538786
  185   -0.43827159740781
  186   -0.43827159740781
  187   -0.43827159740775
  188   -0.43827159740775
  189   -0.43827159740767
  190   -0.43827159740767
  191   -0.43827159740761
  192   -0.43827159740761
  193   -0.42655871267998
  194   -0.42655871267998
  195   -0.42655871267995
  196   -0.42655871267995
  197   -0.42655871267990
  198   -0.42655871267990
  199   -0.42655871267987
  200   -0.42655871267986
  201   -0.42655868731547
  202   -0.42655868731547
  203   -0.42655868731544
  204   -0.42655868731544
  205   -0.42655868731539
  206   -0.42655868731539
  207   -0.42655868731536
  208   -0.42655868731536
  209   -0.40875579890698
  210   -0.40875579890698
  211   -0.40875579890696
  212   -0.40875579890696
  213   -0.40875579890692
  214   -0.40875579890692
  215   -0.40875579890690
  216   -0.40875579890690
  217   -0.39391392613522
  218   -0.39391392613522
  219   -0.39391392613519
  220   -0.39391392613519
  221   -0.39391392613515
  222   -0.39391392613514
  223   -0.39391392613510
  224   -0.39391392613510
  225   -0.37058150636178
  226   -0.37058150636177
  227   -0.37058150636175
  228   -0.37058150636175
  229   -0.37058150636171
  230   -0.37058150636171
  231   -0.37058150636169
  232   -0.37058150636169
  233   -0.37058143985418
  234   -0.37058143985418
  235   -0.37058143985415
  236   -0.37058143985415
  237   -0.37058143985411
  238   -0.37058143985410
  239   -0.37058143985410
  240   -0.37058143985410
  241   -0.36389661328129
  242   -0.36389661328129
  243   -0.36389661328122
  244   -0.36389661328122
  245   -0.36389661328114
  246   -0.36389661328114
  247   -0.36389661328107
  248   -0.36389661328107
  249   -0.36389660056552
  250   -0.36389660056552
  251   -0.36389660056545
  252   -0.36389660056545
  253   -0.36389660056538
  254   -0.36389660056538
  255   -0.36389660056531
  256   -0.36389660056531
  257   -0.36389659131820
  258   -0.36389659131820
  259   -0.36389659131813
  260   -0.36389659131812
  261   -0.36389659131805
  262   -0.36389659131805
  263   -0.36389659131798
  264   -0.36389659131798
  265   -0.36389655695685
  266   -0.36389655695685
  267   -0.36389655695679
  268   -0.36389655695679
  269   -0.36389655695671
  270   -0.36389655695671
  271   -0.36389655695665
  272   -0.36389655695665
  273   -0.36204744479473
  274   -0.36204744479473
  275   -0.36204744479468
  276   -0.36204744479468
  277   -0.36204744479459
  278   -0.36204744479459
  279   -0.36204744479454
  280   -0.36204744479454
  281   -0.36204742521691
  282   -0.36204742521691
  283   -0.36204742521686
  284   -0.36204742521686
  285   -0.36204742521677
  286   -0.36204742521677
  287   -0.36204742521672
  288   -0.36204742521672
  289   -0.35681743818550
  290   -0.35681743818550
  291   -0.35681743818548
  292   -0.35681743818548
  293   -0.35681743818546
  294   -0.35681743818546
  295   -0.35681743818545
  296   -0.35681743818545
  297   -0.35681736781525
  298   -0.35681736781525
  299   -0.35681736781523
  300   -0.35681736781523
  301   -0.35681736781519
  302   -0.35681736781519
  303   -0.35681736781519
  304   -0.35681736781519
  305   -0.35681736407107
  306   -0.35681736407107
  307   -0.35681736407107
  308   -0.35681736407107
  309   -0.35681736407105
  310   -0.35681736407105
  311   -0.35681736407101
  312   -0.35681736407101
  313   -0.35681733617396
  314   -0.35681733617396
  315   -0.35681733617394
  316   -0.35681733617394
  317   -0.35681733617393
  318   -0.35681733617392
  319   -0.35681733617389
  320   -0.35681733617389
  321   -0.35517551740278
  322   -0.35517551740278
  323   -0.35517551740268
  324   -0.35517551740268
  325   -0.35517551740257
  326   -0.35517551740257
  327   -0.35517551740247
  328   -0.35517551740247
  329   -0.35517550936314
  330   -0.35517550936314
  331   -0.35517550936304
  332   -0.35517550936304
  333   -0.35517550936293
  334   -0.35517550936293
  335   -0.35517550936282
  336   -0.35517550936282
  337   -0.31774145853949
  338   -0.31774145853949
  339   -0.31774145853938
  340   -0.31774145853938
  341   -0.31774145853926
  342   -0.31774145853926
  343   -0.31774145853915
  344   -0.31774145853914
  345   -0.31688533242466
  346   -0.31688533242466
  347   -0.31688533242457
  348   -0.31688533242457
  349   -0.31688533242449
  350   -0.31688533242449
  351   -0.31688533242440
  352   -0.31688533242440
  353   -0.31688519779184
  354   -0.31688519779184
  355   -0.31688519779176
  356   -0.31688519779176
  357   -0.31688519779167
  358   -0.31688519779167
  359   -0.31688519779159
  360   -0.31688519779159
  361   -0.30997114094526
  362   -0.30997114094526
  363   -0.30997114094526
  364   -0.30997114094526
  365   -0.30997114094523
  366   -0.30997114094523
  367   -0.30997114094523
  368   -0.30997114094522
  369   -0.30997109748075
  370   -0.30997109748075
  371   -0.30997109748075
  372   -0.30997109748075
  373   -0.30997109748072
  374   -0.30997109748072
  375   -0.30997109748071
  376   -0.30997109748071
  377   -0.30997108519279
  378   -0.30997108519279
  379   -0.30997108519279
  380   -0.30997108519278
  381   -0.30997108519277
  382   -0.30997108519277
  383   -0.30997108519276
  384   -0.30997108519276
  385   -0.30997105384284
  386   -0.30997105384284
  387   -0.30997105384283
  388   -0.30997105384283
  389   -0.30997105384281
  390   -0.30997105384281
  391   -0.30997105384280
  392   -0.30997105384280
  393   -0.27075304509663
  394   -0.27075304509663
  395   -0.27075304509661
  396   -0.27075304509661
  397   -0.27075304509657
  398   -0.27075304509657
  399   -0.27075304509654
  400   -0.27075304509654
  401   -0.27075288521769
  402   -0.27075288521769
  403   -0.27075288521767
  404   -0.27075288521767
  405   -0.27075288521763
  406   -0.27075288521762
  407   -0.27075288521760
  408   -0.27075288521760
  409   -0.26116563645464
  410   -0.26116563645464
  411   -0.26116563645456
  412   -0.26116563645456
  413   -0.26116563645451
  414   -0.26116563645451
  415   -0.26116563645443
  416   -0.26116563645443
  417   -0.26116561446922
  418   -0.26116561446922
  419   -0.26116561446918
  420   -0.26116561446917
  421   -0.26116561446909
  422   -0.26116561446909
  423   -0.26116561446904
  424   -0.26116561446904
  425   -0.26116555515180
  426   -0.26116555515180
  427   -0.26116555515175
  428   -0.26116555515175
  429   -0.26116555515168
  430   -0.26116555515168
  431   -0.26116555515162
  432   -0.26116555515162
  433   -0.26116548094204
  434   -0.26116548094204
  435   -0.26116548094196
  436   -0.26116548094196
  437   -0.26116548094191
  438   -0.26116548094191
  439   -0.26116548094183
  440   -0.26116548094183
  441   -0.26036623046205
  442   -0.26036623046205
  443   -0.26036623046201
  444   -0.26036623046201
  445   -0.26036623046196
  446   -0.26036623046196
  447   -0.26036623046192
  448   -0.26036623046192
  449   -0.26036618269110
  450   -0.26036618269110
  451   -0.26036618269106
  452   -0.26036618269106
  453   -0.26036618269101
  454   -0.26036618269101
  455   -0.26036618269097
  456   -0.26036618269097
  457   -0.25737555701739
  458   -0.25737555701739
  459   -0.25737555701730
  460   -0.25737555701730
  461   -0.25737555701722
  462   -0.25737555701722
  463   -0.25737555701713
  464   -0.25737555701713
  465   -0.25385564592345
  466   -0.25385564592345
  467   -0.25385564592337
  468   -0.25385564592337
  469   -0.25385564592329
  470   -0.25385564592329
  471   -0.25385564592322
  472   -0.25385564592322
  473   -0.24789374631964
  474   -0.24789374631964
  475   -0.24789374631954
  476   -0.24789374631954
  477   -0.24789374631944
  478   -0.24789374631944
  479   -0.24789374631934
  480   -0.24789374631934
  481   -0.24789370321891
  482   -0.24789370321891
  483   -0.24789370321882
  484   -0.24789370321882
  485   -0.24789370321872
  486   -0.24789370321872
  487   -0.24789370321862
  488   -0.24789370321862
  489   -0.24789363270224
  490   -0.24789363270224
  491   -0.24789363270214
  492   -0.24789363270214
  493   -0.24789363270204
  494   -0.24789363270204
  495   -0.24789363270194
  496   -0.24789363270194
  497   -0.24789357859997
  498   -0.24789357859997
  499   -0.24789357859987
  500   -0.24789357859986
  501   -0.24789357859977
  502   -0.24789357859977
  503   -0.24789357859967
  504   -0.24789357859967
  505   -0.24216464119883
  506   -0.24216464119883
  507   -0.24216464119868
  508   -0.24216464119868
  509   -0.24216464119854
  510   -0.24216464119854
  511   -0.24216464119840
  512   -0.24216464119840
  513   -0.24216462489492
  514   -0.24216462489492
  515   -0.24216462489477
  516   -0.24216462489477
  517   -0.24216462489463
  518   -0.24216462489463
  519   -0.24216462489449
  520   -0.24216462489449
  521   -0.23080997032315
  522   -0.23080997032315
  523   -0.23080997032309
  524   -0.23080997032309
  525   -0.23080997032303
  526   -0.23080997032303
  527   -0.23080997032296
  528   -0.23080997032296
  529   -0.23080989472055
  530   -0.23080989472055
  531   -0.23080989472049
  532   -0.23080989472049
  533   -0.23080989472043
  534   -0.23080989472043
  535   -0.23080989472036
  536   -0.23080989472036
  537   -0.22915386506599
  538   -0.22915386506599
  539   -0.22915386506590
  540   -0.22915386506590
  541   -0.22915386506582
  542   -0.22915386506582
  543   -0.22915386506573
  544   -0.22915386506573
  545   -0.22915380306639
  546   -0.22915380306638
  547   -0.22915380306630
  548   -0.22915380306630
  549   -0.22915380306621
  550   -0.22915380306621
  551   -0.22915380306613
  552   -0.22915380306613
  553   -0.22573561857682
  554   -0.22573561857682
  555   -0.22573561857678
  556   -0.22573561857678
  557   -0.22573561857675
  558   -0.22573561857675
  559   -0.22573561857672
  560   -0.22573561857672
  561   -0.22573552958955
  562   -0.22573552958955
  563   -0.22573552958952
  564   -0.22573552958951
  565   -0.22573552958949
  566   -0.22573552958949
  567   -0.22573552958945
  568   -0.22573552958945
  569   -0.22354935437289
  570   -0.22354935437288
  571   -0.22354935437283
  572   -0.22354935437283
  573   -0.22354935437278
  574   -0.22354935437278
  575   -0.22354935437272
  576   -0.22354935437272
  577   -0.22354918608108
  578   -0.22354918608107
  579   -0.22354918608102
  580   -0.22354918608102
  581   -0.22354918608097
  582   -0.22354918608097
  583   -0.22354918608092
  584   -0.22354918608091
  585   -0.21378975285939
  586   -0.21378975285938
  587   -0.21378975285936
  588   -0.21378975285936
  589   -0.21378975285932
  590   -0.21378975285932
  591   -0.21378975285930
  592   -0.21378975285930
  593   -0.21233108801702
  594   -0.21233108801702
  595   -0.21233108801695
  596   -0.21233108801695
  597   -0.21233108801691
  598   -0.21233108801691
  599   -0.21233108801684
  600   -0.21233108801684
  601   -0.21233101841751
  602   -0.21233101841751
  603   -0.21233101841747
  604   -0.21233101841747
  605   -0.21233101841742
  606   -0.21233101841742
  607   -0.21233101841737
  608   -0.21233101841737
  609   -0.21233094934322
  610   -0.21233094934322
  611   -0.21233094934318
  612   -0.21233094934318
  613   -0.21233094934313
  614   -0.21233094934313
  615   -0.21233094934308
  616   -0.21233094934308
  617   -0.21233082569845
  618   -0.21233082569845
  619   -0.21233082569838
  620   -0.21233082569838
  621   -0.21233082569835
  622   -0.21233082569835
  623   -0.21233082569828
  624   -0.21233082569828
  625   -0.20544187454998
  626   -0.20544187454998
  627   -0.20544187454985
  628   -0.20544187454985
  629   -0.20544187454972
  630   -0.20544187454972
  631   -0.20544187454959
  632   -0.20544187454959
  633   -0.20544185033376
  634   -0.20544185033376
  635   -0.20544185033363
  636   -0.20544185033363
  637   -0.20544185033350
  638   -0.20544185033350
  639   -0.20544185033337
  640   -0.20544185033337
  641   -0.20544180797963
  642   -0.20544180797963
  643   -0.20544180797950
  644   -0.20544180797950
  645   -0.20544180797937
  646   -0.20544180797937
  647   -0.20544180797924
  648   -0.20544180797924
  649   -0.20544175406904
  650   -0.20544175406904
  651   -0.20544175406890
  652   -0.20544175406890
  653   -0.20544175406878
  654   -0.20544175406878
  655   -0.20544175406865
  656   -0.20544175406865
  657   -0.20152360715964
  658   -0.20152360715964
  659   -0.20152360715960
  660   -0.20152360715960
  661   -0.20152360715957
  662   -0.20152360715957
  663   -0.20152360715956
  664   -0.20152360715956
  665   -0.20152343072496
  666   -0.20152343072496
  667   -0.20152343072495
  668   -0.20152343072495
  669   -0.20152343072492
  670   -0.20152343072492
  671   -0.20152343072488
  672   -0.20152343072488
  673   -0.19849984854201
  674   -0.19849984854200
  675   -0.19849984854199
  676   -0.19849984854199
  677   -0.19849984854195
  678   -0.19849984854195
  679   -0.19849984854193
  680   -0.19849984854193
  681   -0.19849981753369
  682   -0.19849981753369
  683   -0.19849981753368
  684   -0.19849981753368
  685   -0.19849981753364
  686   -0.19849981753364
  687   -0.19849981753361
  688   -0.19849981753361
  689   -0.18844590159846
  690   -0.18844590159846
  691   -0.18844590159843
  692   -0.18844590159843
  693   -0.18844590159840
  694   -0.18844590159840
  695   -0.18844590159838
  696   -0.18844590159838
  697   -0.18844585869614
  698   -0.18844585869614
  699   -0.18844585869612
  700   -0.18844585869612
  701   -0.18844585869609
  702   -0.18844585869609
  703   -0.18844585869605
  704   -0.18844585869605
  705   -0.18844564809414
  706   -0.18844564809414
  707   -0.18844564809411
  708   -0.18844564809411
  709   -0.18844564809407
  710   -0.18844564809407
  711   -0.18844564809405
  712   -0.18844564809405
  713   -0.18844548113813
  714   -0.18844548113813
  715   -0.18844548113810
  716   -0.18844548113810
  717   -0.18844548113809
  718   -0.18844548113809
  719   -0.18844548113804
  720   -0.18844548113804
  721   -0.18496297005272
  722   -0.18496297005272
  723   -0.18496297005265
  724   -0.18496297005265
  725   -0.18496297005256
  726   -0.18496297005256
  727   -0.18496297005249
  728   -0.18496297005249
  729   -0.18496273047761
  730   -0.18496273047761
  731   -0.18496273047754
  732   -0.18496273047754
  733   -0.18496273047744
  734   -0.18496273047744
  735   -0.18496273047738
  736   -0.18496273047738
  737   -0.17574787342324
  738   -0.17574787342323
  739   -0.17574787342314
  740   -0.17574787342314
  741   -0.17574787342304
  742   -0.17574787342304
  743   -0.17574787342295
  744   -0.17574787342294
  745   -0.17574779737814
  746   -0.17574779737814
  747   -0.17574779737804
  748   -0.17574779737804
  749   -0.17574779737794
  750   -0.17574779737794
  751   -0.17574779737785
  752   -0.17574779737785
  753   -0.17429676164135
  754   -0.17429676164135
  755   -0.17429676164119
  756   -0.17429676164119
  757   -0.17429676164102
  758   -0.17429676164102
  759   -0.17429676164086
  760   -0.17429676164086
  761   -0.16473405755533
  762   -0.16473405755533
  763   -0.16473405755527
  764   -0.16473405755527
  765   -0.16473405755521
  766   -0.16473405755521
  767   -0.16473405755515
  768   -0.16473405755515
  769   -0.16404260235312
  770   -0.16404260235312
  771   -0.16404260235306
  772   -0.16404260235306
  773   -0.16404260235300
  774   -0.16404260235300
  775   -0.16404260235295
  776   -0.16404260235295
  777   -0.16404250383568
  778   -0.16404250383568
  779   -0.16404250383563
  780   -0.16404250383563
  781   -0.16404250383557
  782   -0.16404250383557
  783   -0.16404250383551
  784   -0.16404250383551
  785   -0.16404246564605
  786   -0.16404246564605
  787   -0.16404246564599
  788   -0.16404246564599
  789   -0.16404246564593
  790   -0.16404246564593
  791   -0.16404246564588
  792   -0.16404246564588
  793   -0.16404234484757
  794   -0.16404234484757
  795   -0.16404234484752
  796   -0.16404234484752
  797   -0.16404234484746
  798   -0.16404234484746
  799   -0.16404234484740
  800   -0.16404234484740
  801   -0.16135769935388
  802   -0.16135769935387
  803   -0.16135769935387
  804   -0.16135769935387
  805   -0.16135769935378
  806   -0.16135769935378
  807   -0.16135769935378
  808   -0.16135769935377
  809   -0.16135767600719
  810   -0.16135767600719
  811   -0.16135767600718
  812   -0.16135767600718
  813   -0.16135767600710
  814   -0.16135767600710
  815   -0.16135767600709
  816   -0.16135767600709
  817   -0.15673295728035
  818   -0.15673295728035
  819   -0.15673295728035
  820   -0.15673295728035
  821   -0.15673295728032
  822   -0.15673295728031
  823   -0.15673295728031
  824   -0.15673295728031
  825   -0.15673293666950
  826   -0.15673293666950
  827   -0.15673293666950
  828   -0.15673293666949
  829   -0.15673293666946
  830   -0.15673293666946
  831   -0.15673293666945
  832   -0.15673293666945
  833   -0.14988695479887
  834   -0.14988695479887
  835   -0.14988695479886
  836   -0.14988695479886
  837   -0.14988695479884
  838   -0.14988695479884
  839   -0.14988695479882
  840   -0.14988695479882
  841   -0.14988683347500
  842   -0.14988683347500
  843   -0.14988683347499
  844   -0.14988683347499
  845   -0.14988683347496
  846   -0.14988683347496
  847   -0.14988683347495
  848   -0.14988683347495
  849   -0.14771747810864
  850   -0.14771747810864
  851   -0.14771747810853
  852   -0.14771747810853
  853   -0.14771747810841
  854   -0.14771747810841
  855   -0.14771747810830
  856   -0.14771747810830
  857   -0.12044507129964
  858   -0.12044507129964
  859   -0.12044507129963
  860   -0.12044507129963
  861   -0.12044507129959
  862   -0.12044507129959
  863   -0.12044507129958
  864   -0.12044507129958
  865   -0.07695175963119
  866   -0.07695175963119
  867   -0.07695175963117
  868   -0.07695175963117
  869   -0.07695175963112
  870   -0.07695175963112
  871   -0.07695175963109
  872   -0.07695175963109
  873   -0.06708310448582
  874   -0.06708310448582
  875   -0.06708310448573
  876   -0.06708310448573
  877   -0.06708310448564
  878   -0.06708310448564
  879   -0.06708310448555
  880   -0.06708310448555
  881   -0.06708248721263
  882   -0.06708248721263
  883   -0.06708248721253
  884   -0.06708248721253
  885   -0.06708248721244
  886   -0.06708248721244
  887   -0.06708248721235
  888   -0.06708248721235
  889   -0.05794365941790
  890   -0.05794365941790
  891   -0.05794365941783
  892   -0.05794365941783
  893   -0.05794365941777
  894   -0.05794365941777
  895   -0.05794365941771
  896   -0.05794365941771
  897   -0.05794350286217
  898   -0.05794350286217
  899   -0.05794350286211
  900   -0.05794350286211
  901   -0.05794350286204
  902   -0.05794350286204
  903   -0.05794350286198
  904   -0.05794350286198
  905   -0.04581034641853
  906   -0.04581034641853
  907   -0.04581034641841
  908   -0.04581034641841
  909   -0.04581034641828
  910   -0.04581034641828
  911   -0.04581034641815
  912   -0.04581034641815
  913   -0.04581030160245
  914   -0.04581030160245
  915   -0.04581030160232
  916   -0.04581030160232
  917   -0.04581030160219
  918   -0.04581030160219
  919   -0.04581030160207
  920   -0.04581030160207
  921   -0.04336127581168
  922   -0.04336127581168
  923   -0.04336127581165
  924   -0.04336127581165
  925   -0.04336127581161
  926   -0.04336127581161
  927   -0.04336127581157
  928   -0.04336127581157
  929   -0.04336063230108
  930   -0.04336063230108
  931   -0.04336063230104
  932   -0.04336063230104
  933   -0.04336063230100
  934   -0.04336063230100
  935   -0.04336063230096
  936   -0.04336063230096
  937   -0.04060304937128
  938   -0.04060304937128
  939   -0.04060304937120
  940   -0.04060304937120
  941   -0.04060304937112
  942   -0.04060304937112
  943   -0.04060304937105
  944   -0.04060304937105
  945   -0.04060286693168
  946   -0.04060286693168
  947   -0.04060286693160
  948   -0.04060286693160
  949   -0.04060286693153
  950   -0.04060286693153
  951   -0.04060286693145
  952   -0.04060286693145
  953   -0.04060252213004
  954   -0.04060252213004
  955   -0.04060252212997
  956   -0.04060252212997
  957   -0.04060252212989
  958   -0.04060252212989
  959   -0.04060252212982
  960   -0.04060252212982
  961   -0.04060237328187
  962   -0.04060237328187
  963   -0.04060237328179
  964   -0.04060237328179
  965   -0.04060237328172
  966   -0.04060237328172
  967   -0.04060237328163
  968   -0.04060237328163
  969   -0.03319038552849
  970   -0.03319038552849
  971   -0.03319038552847
  972   -0.03319038552847
  973   -0.03319038552839
  974   -0.03319038552839
  975   -0.03319038552836
  976   -0.03319038552836
  977   -0.03318997348516
  978   -0.03318997348516
  979   -0.03318997348514
  980   -0.03318997348514
  981   -0.03318997348506
  982   -0.03318997348506
  983   -0.03318997348503
  984   -0.03318997348503
  985   -0.02065044113845
  986   -0.02065044113845
  987   -0.02065044113839
  988   -0.02065044113839
  989   -0.02065044113832
  990   -0.02065044113832
  991   -0.02065044113826
  992   -0.02065044113826
  993   -0.02054041213937
  994   -0.02054041213937
  995   -0.02054041213936
  996   -0.02054041213936
  997   -0.02054041213933
  998   -0.02054041213933
  999   -0.02054041213931
 1000   -0.02054041213931
 1001   -0.02054037600664
 1002   -0.02054037600664
 1003   -0.02054037600662
 1004   -0.02054037600662
 1005   -0.02054037600660
 1006   -0.02054037600660
 1007   -0.02054037600658
 1008   -0.02054037600658
 1009   -0.01456256513610
 1010   -0.01456256513610
 1011   -0.01456256513587
 1012   -0.01456256513587
 1013   -0.01456256513564
 1014   -0.01456256513564
 1015   -0.01456256513541
 1016   -0.01456256513541
 1017   -0.01306041888669
 1018   -0.01306041888669
 1019   -0.01306041888657
 1020   -0.01306041888657
 1021   -0.01306041888645
 1022   -0.01306041888645
 1023   -0.01306041888633
 1024   -0.01306041888633
 1025   -0.01306024011468
 1026   -0.01306024011468
 1027   -0.01306024011456
 1028   -0.01306024011456
 1029   -0.01306024011444
 1030   -0.01306024011444
 1031   -0.01306024011432
 1032   -0.01306024011432
 1033   -0.01305974318471
 1034   -0.01305974318471
 1035   -0.01305974318459
 1036   -0.01305974318459

   kloop=6
   k1=   0.50000 k2=   0.50000 k3=   0.00000

    1   -0.54639713435244
    2   -0.54639713435244
    3   -0.54639713435237
    4   -0.54639713435237
    5   -0.54639713435233
    6   -0.54639713435233
    7   -0.54639713435227
    8   -0.54639713435227
    9   -0.52912214329711
   10   -0.52912214329711
   11   -0.52912214329708
   12   -0.52912214329708
   13   -0.52912214329707
   14   -0.52912214329707
   15   -0.52912214329704
   16   -0.52912214329704
   17   -0.52912211159064
   18   -0.52912211159064
   19   -0.52912211159062
   20   -0.52912211159062
   21   -0.52912211159060
   22   -0.52912211159060
   23   -0.52912211159057
   24   -0.52912211159057
   25   -0.51178829572245
   26   -0.51178829572245
   27   -0.51178829572240
   28   -0.51178829572240
   29   -0.51178829572238
   30   -0.51178829572238
   31   -0.51178829572235
   32   -0.51178829572235
   33   -0.51178816096063
   34   -0.51178816096063
   35   -0.51178816096058
   36   -0.51178816096058
   37   -0.51178816096057
   38   -0.51178816096057
   39   -0.51178816096051
   40   -0.51178816096051
   41   -0.49633038722206
   42   -0.49633038722206
   43   -0.49633038722203
   44   -0.49633038722203
   45   -0.49633038722203
   46   -0.49633038722202
   47   -0.49633038722199
   48   -0.49633038722199
   49   -0.49633034822326
   50   -0.49633034822326
   51   -0.49633034822324
   52   -0.49633034822324
   53   -0.49633034822321
   54   -0.49633034822321
   55   -0.49633034822319
   56   -0.49633034822319
   57   -0.49633025778491
   58   -0.49633025778491
   59   -0.49633025778488
   60   -0.49633025778488
   61   -0.49633025778488
   62   -0.49633025778488
   63   -0.49633025778484
   64   -0.49633025778484
   65   -0.49633025010411
   66   -0.49633025010411
   67   -0.49633025010407
   68   -0.49633025010407
   69   -0.49633025010406
   70   -0.49633025010406
   71   -0.49633025010403
   72   -0.49633025010403
   73   -0.48054006340352
   74   -0.48054006340352
   75   -0.48054006340343
   76   -0.48054006340343
   77   -0.48054006340343
   78   -0.48054006340343
   79   -0.48054006340334
   80   -0.48054006340334
   81   -0.47877904783229
   82   -0.47877904783228
   83   -0.47877904783221
   84   -0.47877904783221
   85   -0.47877904783218
   86   -0.47877904783218
   87   -0.47877904783212
   88   -0.47877904783212
   89   -0.47877887836478
   90   -0.47877887836478
   91   -0.47877887836471
   92   -0.47877887836471
   93   -0.47877887836468
   94   -0.47877887836468
   95   -0.47877887836462
   96   -0.47877887836462
   97   -0.47308020751832
   98   -0.47308020751832
   99   -0.47308020751829
  100   -0.47308020751829
  101   -0.47308020751820
  102   -0.47308020751820
  103   -0.47308020751818
  104   -0.47308020751818
  105   -0.47308017644265
  106   -0.47308017644265
  107   -0.47308017644264
  108   -0.47308017644264
  109   -0.47308017644256
  110   -0.47308017644256
  111   -0.47308017644253
  112   -0.47308017644253
  113   -0.45608740376797
  114   -0.45608740376797
  115   -0.45608740376793
  116   -0.45608740376793
  117   -0.45608740376791
  118   -0.45608740376791
  119   -0.45608740376788
  120   -0.45608740376788
  121   -0.45608739371999
  122   -0.45608739371999
  123   -0.45608739371994
  124   -0.45608739371994
  125   -0.45608739371994
  126   -0.45608739371993
  127   -0.45608739371988
  128   -0.45608739371988
  129   -0.45608733314655
  130   -0.45608733314655
  131   -0.45608733314650
  132   -0.45608733314650
  133   -0.45608733314648
  134   -0.45608733314648
  135   -0.45608733314645
  136   -0.45608733314645
  137   -0.45608731330115
  138   -0.45608731330115
  139   -0.45608731330111
  140   -0.45608731330111
  141   -0.45608731330109
  142   -0.45608731330109
  143   -0.45608731330103
  144   -0.45608731330103
  145   -0.44516383654723
  146   -0.44516383654723
  147   -0.44516383654714
  148   -0.44516383654714
  149   -0.44516383654713
  150   -0.44516383654713
  151   -0.44516383654703
  152   -0.44516383654703
  153   -0.44516368874761
  154   -0.44516368874761
  155   -0.44516368874751
  156   -0.44516368874751
  157   -0.44516368874751
  158   -0.44516368874750
  159   -0.44516368874741
  160   -0.44516368874741
  161   -0.43827174563719
  162   -0.43827174563719
  163   -0.43827174563715
  164   -0.43827174563715
  165   -0.43827174563707
  166   -0.43827174563707
  167   -0.43827174563703
  168   -0.43827174563703
  169   -0.43827173055967
  170   -0.43827173055967
  171   -0.43827173055962
  172   -0.43827173055962
  173   -0.43827173055954
  174   -0.43827173055954
  175   -0.43827173055949
  176   -0.43827173055949
  177   -0.43827160539628
  178   -0.43827160539628
  179   -0.43827160539624
  180   -0.43827160539624
  181   -0.43827160539616
  182   -0.43827160539616
  183   -0.43827160539611
  184   -0.43827160539611
  185   -0.43827159740588
  186   -0.43827159740588
  187   -0.43827159740584
  188   -0.43827159740584
  189   -0.43827159740576
  190   -0.43827159740576
  191   -0.43827159740572
  192   -0.43827159740572
  193   -0.42655871266633
  194   -0.42655871266633
  195   -0.42655871266630
  196   -0.42655871266630
  197   -0.42655871266629
  198   -0.42655871266629
  199   -0.42655871266626
  200   -0.42655871266625
  201   -0.42655868733850
  202   -0.42655868733850
  203   -0.42655868733847
  204   -0.42655868733847
  205   -0.42655868733846
  206   -0.42655868733846
  207   -0.42655868733842
  208   -0.42655868733842
  209   -0.40875579887301
  210   -0.40875579887301
  211   -0.40875579887299
  212   -0.40875579887299
  213   -0.40875579887297
  214   -0.40875579887297
  215   -0.40875579887295
  216   -0.40875579887295
  217   -0.39391392607413
  218   -0.39391392607413
  219   -0.39391392607410
  220   -0.39391392607410
  221   -0.39391392607408
  222   -0.39391392607408
  223   -0.39391392607405
  224   -0.39391392607405
  225   -0.37058150634581
  226   -0.37058150634581
  227   -0.37058150634579
  228   -0.37058150634578
  229   -0.37058150634578
  230   -0.37058150634577
  231   -0.37058150634575
  232   -0.37058150634575
  233   -0.37058143983904
  234   -0.37058143983904
  235   -0.37058143983902
  236   -0.37058143983902
  237   -0.37058143983900
  238   -0.37058143983900
  239   -0.37058143983899
  240   -0.37058143983898
  241   -0.36389661329804
  242   -0.36389661329804
  243   -0.36389661329800
  244   -0.36389661329800
  245   -0.36389661329792
  246   -0.36389661329792
  247   -0.36389661329788
  248   -0.36389661329788
  249   -0.36389660055807
  250   -0.36389660055807
  251   -0.36389660055804
  252   -0.36389660055804
  253   -0.36389660055796
  254   -0.36389660055796
  255   -0.36389660055791
  256   -0.36389660055791
  257   -0.36389659133014
  258   -0.36389659133014
  259   -0.36389659133008
  260   -0.36389659133008
  261   -0.36389659133001
  262   -0.36389659133001
  263   -0.36389659132997
  264   -0.36389659132997
  265   -0.36389655694094
  266   -0.36389655694094
  267   -0.36389655694091
  268   -0.36389655694091
  269   -0.36389655694084
  270   -0.36389655694084
  271   -0.36389655694079
  272   -0.36389655694079
  273   -0.36204744479271
  274   -0.36204744479271
  275   -0.36204744479267
  276   -0.36204744479267
  277   -0.36204744479259
  278   -0.36204744479259
  279   -0.36204744479257
  280   -0.36204744479257
  281   -0.36204742521069
  282   -0.36204742521069
  283   -0.36204742521066
  284   -0.36204742521066
  285   -0.36204742521057
  286   -0.36204742521057
  287   -0.36204742521055
  288   -0.36204742521055
  289   -0.35681743821220
  290   -0.35681743821220
  291   -0.35681743821218
  292   -0.35681743821217
  293   -0.35681743821217
  294   -0.35681743821217
  295   -0.35681743821217
  296   -0.35681743821217
  297   -0.35681736781082
  298   -0.35681736781081
  299   -0.35681736781080
  300   -0.35681736781080
  301   -0.35681736781078
  302   -0.35681736781078
  303   -0.35681736781077
  304   -0.35681736781077
  305   -0.35681736407689
  306   -0.35681736407689
  307   -0.35681736407687
  308   -0.35681736407687
  309   -0.35681736407687
  310   -0.35681736407687
  311   -0.35681736407683
  312   -0.35681736407683
  313   -0.35681733619368
  314   -0.35681733619368
  315   -0.35681733619366
  316   -0.35681733619366
  317   -0.35681733619365
  318   -0.35681733619365
  319   -0.35681733619363
  320   -0.35681733619363
  321   -0.35517551741144
  322   -0.35517551741144
  323   -0.35517551741134
  324   -0.35517551741133
  325   -0.35517551741133
  326   -0.35517551741133
  327   -0.35517551741123
  328   -0.35517551741123
  329   -0.35517550940587
  330   -0.35517550940587
  331   -0.35517550940576
  332   -0.35517550940576
  333   -0.35517550940576
  334   -0.35517550940576
  335   -0.35517550940565
  336   -0.35517550940565
  337   -0.31774145852337
  338   -0.31774145852336
  339   -0.31774145852325
  340   -0.31774145852325
  341   -0.31774145852325
  342   -0.31774145852324
  343   -0.31774145852314
  344   -0.31774145852314
  345   -0.31688533245187
  346   -0.31688533245186
  347   -0.31688533245178
  348   -0.31688533245178
  349   -0.31688533245176
  350   -0.31688533245176
  351   -0.31688533245168
  352   -0.31688533245168
  353   -0.31688519778611
  354   -0.31688519778611
  355   -0.31688519778603
  356   -0.31688519778603
  357   -0.31688519778601
  358   -0.31688519778601
  359   -0.31688519778593
  360   -0.31688519778593
  361   -0.30997114094679
  362   -0.30997114094679
  363   -0.30997114094679
  364   -0.30997114094678
  365   -0.30997114094678
  366   -0.30997114094677
  367   -0.30997114094677
  368   -0.30997114094677
  369   -0.30997109748130
  370   -0.30997109748130
  371   -0.30997109748130
  372   -0.30997109748130
  373   -0.30997109748130
  374   -0.30997109748130
  375   -0.30997109748129
  376   -0.30997109748129
  377   -0.30997108518108
  378   -0.30997108518108
  379   -0.30997108518108
  380   -0.30997108518108
  381   -0.30997108518107
  382   -0.30997108518107
  383   -0.30997108518107
  384   -0.30997108518107
  385   -0.30997105382882
  386   -0.30997105382882
  387   -0.30997105382881
  388   -0.30997105382881
  389   -0.30997105382881
  390   -0.30997105382880
  391   -0.30997105382880
  392   -0.30997105382880
  393   -0.27075304504703
  394   -0.27075304504703
  395   -0.27075304504701
  396   -0.27075304504701
  397   -0.27075304504699
  398   -0.27075304504699
  399   -0.27075304504697
  400   -0.27075304504697
  401   -0.27075288513938
  402   -0.27075288513938
  403   -0.27075288513936
  404   -0.27075288513936
  405   -0.27075288513935
  406   -0.27075288513935
  407   -0.27075288513932
  408   -0.27075288513932
  409   -0.26116563649605
  410   -0.26116563649605
  411   -0.26116563649601
  412   -0.26116563649601
  413   -0.26116563649593
  414   -0.26116563649593
  415   -0.26116563649588
  416   -0.26116563649588
  417   -0.26116561454146
  418   -0.26116561454146
  419   -0.26116561454143
  420   -0.26116561454143
  421   -0.26116561454136
  422   -0.26116561454136
  423   -0.26116561454132
  424   -0.26116561454132
  425   -0.26116555515672
  426   -0.26116555515671
  427   -0.26116555515668
  428   -0.26116555515668
  429   -0.26116555515662
  430   -0.26116555515662
  431   -0.26116555515657
  432   -0.26116555515657
  433   -0.26116548095282
  434   -0.26116548095282
  435   -0.26116548095277
  436   -0.26116548095277
  437   -0.26116548095270
  438   -0.26116548095270
  439   -0.26116548095264
  440   -0.26116548095264
  441   -0.26036623045694
  442   -0.26036623045694
  443   -0.26036623045690
  444   -0.26036623045690
  445   -0.26036623045689
  446   -0.26036623045689
  447   -0.26036623045685
  448   -0.26036623045684
  449   -0.26036618266683
  450   -0.26036618266683
  451   -0.26036618266680
  452   -0.26036618266679
  453   -0.26036618266678
  454   -0.26036618266678
  455   -0.26036618266674
  456   -0.26036618266674
  457   -0.25737555705075
  458   -0.25737555705075
  459   -0.25737555705066
  460   -0.25737555705065
  461   -0.25737555705065
  462   -0.25737555705065
  463   -0.25737555705057
  464   -0.25737555705057
  465   -0.25385564588800
  466   -0.25385564588800
  467   -0.25385564588792
  468   -0.25385564588792
  469   -0.25385564588792
  470   -0.25385564588792
  471   -0.25385564588784
  472   -0.25385564588784
  473   -0.24789374633767
  474   -0.24789374633767
  475   -0.24789374633758
  476   -0.24789374633758
  477   -0.24789374633758
  478   -0.24789374633757
  479   -0.24789374633748
  480   -0.24789374633748
  481   -0.24789370330545
  482   -0.24789370330545
  483   -0.24789370330535
  484   -0.24789370330535
  485   -0.24789370330535
  486   -0.24789370330535
  487   -0.24789370330525
  488   -0.24789370330525
  489   -0.24789363268314
  490   -0.24789363268314
  491   -0.24789363268304
  492   -0.24789363268304
  493   -0.24789363268303
  494   -0.24789363268303
  495   -0.24789363268294
  496   -0.24789363268294
  497   -0.24789357862161
  498   -0.24789357862161
  499   -0.24789357862152
  500   -0.24789357862151
  501   -0.24789357862151
  502   -0.24789357862151
  503   -0.24789357862141
  504   -0.24789357862141
  505   -0.24216464123951
  506   -0.24216464123951
  507   -0.24216464123937
  508   -0.24216464123937
  509   -0.24216464123937
  510   -0.24216464123937
  511   -0.24216464123923
  512   -0.24216464123923
  513   -0.24216462489909
  514   -0.24216462489909
  515   -0.24216462489895
  516   -0.24216462489895
  517   -0.24216462489894
  518   -0.24216462489894
  519   -0.24216462489880
  520   -0.24216462489880
  521   -0.23080997025094
  522   -0.23080997025094
  523   -0.23080997025088
  524   -0.23080997025088
  525   -0.23080997025088
  526   -0.23080997025088
  527   -0.23080997025081
  528   -0.23080997025081
  529   -0.23080989464637
  530   -0.23080989464637
  531   -0.23080989464630
  532   -0.23080989464630
  533   -0.23080989464630
  534   -0.23080989464630
  535   -0.23080989464623
  536   -0.23080989464623
  537   -0.22915386509194
  538   -0.22915386509194
  539   -0.22915386509186
  540   -0.22915386509186
  541   -0.22915386509186
  542   -0.22915386509186
  543   -0.22915386509177
  544   -0.22915386509177
  545   -0.22915380306483
  546   -0.22915380306483
  547   -0.22915380306475
  548   -0.22915380306475
  549   -0.22915380306474
  550   -0.22915380306474
  551   -0.22915380306466
  552   -0.22915380306466
  553   -0.22573561859691
  554   -0.22573561859691
  555   -0.22573561859689
  556   -0.22573561859689
  557   -0.22573561859688
  558   -0.22573561859688
  559   -0.22573561859685
  560   -0.22573561859685
  561   -0.22573552956135
  562   -0.22573552956135
  563   -0.22573552956133
  564   -0.22573552956132
  565   -0.22573552956132
  566   -0.22573552956132
  567   -0.22573552956129
  568   -0.22573552956129
  569   -0.22354935430828
  570   -0.22354935430828
  571   -0.22354935430823
  572   -0.22354935430823
  573   -0.22354935430822
  574   -0.22354935430822
  575   -0.22354935430816
  576   -0.22354935430816
  577   -0.22354918599928
  578   -0.22354918599928
  579   -0.22354918599923
  580   -0.22354918599923
  581   -0.22354918599922
  582   -0.22354918599922
  583   -0.22354918599916
  584   -0.22354918599916
  585   -0.21378975302579
  586   -0.21378975302579
  587   -0.21378975302578
  588   -0.21378975302578
  589   -0.21378975302576
  590   -0.21378975302576
  591   -0.21378975302573
  592   -0.21378975302573
  593   -0.21233108804277
  594   -0.21233108804277
  595   -0.21233108804272
  596   -0.21233108804272
  597   -0.21233108804266
  598   -0.21233108804266
  599   -0.21233108804261
  600   -0.21233108804261
  601   -0.21233101842108
  602   -0.21233101842108
  603   -0.21233101842105
  604   -0.21233101842105
  605   -0.21233101842101
  606   -0.21233101842101
  607   -0.21233101842096
  608   -0.21233101842096
  609   -0.21233094937905
  610   -0.21233094937905
  611   -0.21233094937903
  612   -0.21233094937903
  613   -0.21233094937899
  614   -0.21233094937898
  615   -0.21233094937894
  616   -0.21233094937893
  617   -0.21233082568587
  618   -0.21233082568587
  619   -0.21233082568582
  620   -0.21233082568582
  621   -0.21233082568577
  622   -0.21233082568577
  623   -0.21233082568572
  624   -0.21233082568572
  625   -0.20544187453124
  626   -0.20544187453124
  627   -0.20544187453112
  628   -0.20544187453112
  629   -0.20544187453111
  630   -0.20544187453111
  631   -0.20544187453098
  632   -0.20544187453098
  633   -0.20544185034067
  634   -0.20544185034067
  635   -0.20544185034054
  636   -0.20544185034054
  637   -0.20544185034054
  638   -0.20544185034054
  639   -0.20544185034041
  640   -0.20544185034041
  641   -0.20544180796042
  642   -0.20544180796042
  643   -0.20544180796029
  644   -0.20544180796029
  645   -0.20544180796029
  646   -0.20544180796029
  647   -0.20544180796016
  648   -0.20544180796016
  649   -0.20544175402552
  650   -0.20544175402552
  651   -0.20544175402538
  652   -0.20544175402538
  653   -0.20544175402538
  654   -0.20544175402538
  655   -0.20544175402526
  656   -0.20544175402526
  657   -0.20152360718047
  658   -0.20152360718047
  659   -0.20152360718044
  660   -0.20152360718044
  661   -0.20152360718043
  662   -0.20152360718043
  663   -0.20152360718042
  664   -0.20152360718042
  665   -0.20152343068290
  666   -0.20152343068290
  667   -0.20152343068288
  668   -0.20152343068288
  669   -0.20152343068288
  670   -0.20152343068287
  671   -0.20152343068283
  672   -0.20152343068283
  673   -0.19849984862686
  674   -0.19849984862686
  675   -0.19849984862684
  676   -0.19849984862684
  677   -0.19849984862682
  678   -0.19849984862682
  679   -0.19849984862680
  680   -0.19849984862680
  681   -0.19849981765457
  682   -0.19849981765457
  683   -0.19849981765455
  684   -0.19849981765455
  685   -0.19849981765453
  686   -0.19849981765453
  687   -0.19849981765452
  688   -0.19849981765452
  689   -0.18844590154469
  690   -0.18844590154469
  691   -0.18844590154466
  692   -0.18844590154466
  693   -0.18844590154465
  694   -0.18844590154465
  695   -0.18844590154463
  696   -0.18844590154463
  697   -0.18844585860256
  698   -0.18844585860256
  699   -0.18844585860253
  700   -0.18844585860253
  701   -0.18844585860253
  702   -0.18844585860252
  703   -0.18844585860248
  704   -0.18844585860248
  705   -0.18844564804190
  706   -0.18844564804190
  707   -0.18844564804187
  708   -0.18844564804187
  709   -0.18844564804186
  710   -0.18844564804185
  711   -0.18844564804183
  712   -0.18844564804183
  713   -0.18844548106185
  714   -0.18844548106185
  715   -0.18844548106182
  716   -0.18844548106182
  717   -0.18844548106181
  718   -0.18844548106181
  719   -0.18844548106177
  720   -0.18844548106177
  721   -0.18496297011049
  722   -0.18496297011049
  723   -0.18496297011044
  724   -0.18496297011044
  725   -0.18496297011038
  726   -0.18496297011038
  727   -0.18496297011033
  728   -0.18496297011033
  729   -0.18496273039976
  730   -0.18496273039976
  731   -0.18496273039971
  732   -0.18496273039971
  733   -0.18496273039966
  734   -0.18496273039965
  735   -0.18496273039960
  736   -0.18496273039960
  737   -0.17574787340916
  738   -0.17574787340916
  739   -0.17574787340906
  740   -0.17574787340905
  741   -0.17574787340905
  742   -0.17574787340905
  743   -0.17574787340896
  744   -0.17574787340896
  745   -0.17574779733462
  746   -0.17574779733462
  747   -0.17574779733452
  748   -0.17574779733452
  749   -0.17574779733451
  750   -0.17574779733451
  751   -0.17574779733443
  752   -0.17574779733443
  753   -0.17429676159790
  754   -0.17429676159790
  755   -0.17429676159774
  756   -0.17429676159774
  757   -0.17429676159774
  758   -0.17429676159774
  759   -0.17429676159758
  760   -0.17429676159758
  761   -0.16473405761628
  762   -0.16473405761628
  763   -0.16473405761623
  764   -0.16473405761622
  765   -0.16473405761622
  766   -0.16473405761622
  767   -0.16473405761616
  768   -0.16473405761616
  769   -0.16404260247363
  770   -0.16404260247363
  771   -0.16404260247357
  772   -0.16404260247357
  773   -0.16404260247356
  774   -0.16404260247356
  775   -0.16404260247351
  776   -0.16404260247351
  777   -0.16404250384386
  778   -0.16404250384386
  779   -0.16404250384381
  780   -0.16404250384381
  781   -0.16404250384381
  782   -0.16404250384381
  783   -0.16404250384375
  784   -0.16404250384375
  785   -0.16404246568396
  786   -0.16404246568396
  787   -0.16404246568391
  788   -0.16404246568391
  789   -0.16404246568389
  790   -0.16404246568389
  791   -0.16404246568384
  792   -0.16404246568384
  793   -0.16404234477058
  794   -0.16404234477058
  795   -0.16404234477053
  796   -0.16404234477053
  797   -0.16404234477052
  798   -0.16404234477052
  799   -0.16404234477047
  800   -0.16404234477047
  801   -0.16135769938664
  802   -0.16135769938664
  803   -0.16135769938662
  804   -0.16135769938662
  805   -0.16135769938654
  806   -0.16135769938654
  807   -0.16135769938654
  808   -0.16135769938654
  809   -0.16135767600460
  810   -0.16135767600460
  811   -0.16135767600460
  812   -0.16135767600460
  813   -0.16135767600451
  814   -0.16135767600451
  815   -0.16135767600450
  816   -0.16135767600450
  817   -0.15673295727910
  818   -0.15673295727910
  819   -0.15673295727909
  820   -0.15673295727909
  821   -0.15673295727907
  822   -0.15673295727907
  823   -0.15673295727906
  824   -0.15673295727906
  825   -0.15673293662130
  826   -0.15673293662130
  827   -0.15673293662129
  828   -0.15673293662129
  829   -0.15673293662127
  830   -0.15673293662127
  831   -0.15673293662127
  832   -0.15673293662127
  833   -0.14988695493572
  834   -0.14988695493572
  835   -0.14988695493571
  836   -0.14988695493571
  837   -0.14988695493571
  838   -0.14988695493571
  839   -0.14988695493569
  840   -0.14988695493569
  841   -0.14988683344919
  842   -0.14988683344919
  843   -0.14988683344918
  844   -0.14988683344918
  845   -0.14988683344918
  846   -0.14988683344918
  847   -0.14988683344916
  848   -0.14988683344916
  849   -0.14771747817737
  850   -0.14771747817737
  851   -0.14771747817726
  852   -0.14771747817726
  853   -0.14771747817725
  854   -0.14771747817725
  855   -0.14771747817713
  856   -0.14771747817713
  857   -0.12044507122724
  858   -0.12044507122724
  859   -0.12044507122723
  860   -0.12044507122723
  861   -0.12044507122721
  862   -0.12044507122721
  863   -0.12044507122720
  864   -0.12044507122720
  865   -0.07695175989661
  866   -0.07695175989661
  867   -0.07695175989659
  868   -0.07695175989659
  869   -0.07695175989657
  870   -0.07695175989657
  871   -0.07695175989654
  872   -0.07695175989654
  873   -0.06708310441260
  874   -0.06708310441260
  875   -0.06708310441250
  876   -0.06708310441250
  877   -0.06708310441250
  878   -0.06708310441250
  879   -0.06708310441241
  880   -0.06708310441241
  881   -0.06708248704226
  882   -0.06708248704226
  883   -0.06708248704217
  884   -0.06708248704217
  885   -0.06708248704216
  886   -0.06708248704216
  887   -0.06708248704207
  888   -0.06708248704207
  889   -0.05794365951826
  890   -0.05794365951826
  891   -0.05794365951820
  892   -0.05794365951820
  893   -0.05794365951818
  894   -0.05794365951818
  895   -0.05794365951812
  896   -0.05794365951812
  897   -0.05794350321484
  898   -0.05794350321484
  899   -0.05794350321478
  900   -0.05794350321478
  901   -0.05794350321476
  902   -0.05794350321476
  903   -0.05794350321470
  904   -0.05794350321470
  905   -0.04581034630902
  906   -0.04581034630902
  907   -0.04581034630890
  908   -0.04581034630890
  909   -0.04581034630889
  910   -0.04581034630889
  911   -0.04581034630877
  912   -0.04581034630877
  913   -0.04581030146173
  914   -0.04581030146173
  915   -0.04581030146160
  916   -0.04581030146160
  917   -0.04581030146160
  918   -0.04581030146160
  919   -0.04581030146148
  920   -0.04581030146148
  921   -0.04336127551980
  922   -0.04336127551980
  923   -0.04336127551976
  924   -0.04336127551976
  925   -0.04336127551976
  926   -0.04336127551975
  927   -0.04336127551972
  928   -0.04336127551972
  929   -0.04336063202886
  930   -0.04336063202886
  931   -0.04336063202881
  932   -0.04336063202881
  933   -0.04336063202881
  934   -0.04336063202881
  935   -0.04336063202878
  936   -0.04336063202878
  937   -0.04060304950453
  938   -0.04060304950453
  939   -0.04060304950445
  940   -0.04060304950445
  941   -0.04060304950444
  942   -0.04060304950444
  943   -0.04060304950437
  944   -0.04060304950437
  945   -0.04060286658652
  946   -0.04060286658652
  947   -0.04060286658644
  948   -0.04060286658644
  949   -0.04060286658643
  950   -0.04060286658643
  951   -0.04060286658635
  952   -0.04060286658635
  953   -0.04060252185853
  954   -0.04060252185853
  955   -0.04060252185845
  956   -0.04060252185845
  957   -0.04060252185845
  958   -0.04060252185844
  959   -0.04060252185837
  960   -0.04060252185837
  961   -0.04060237335430
  962   -0.04060237335430
  963   -0.04060237335422
  964   -0.04060237335422
  965   -0.04060237335421
  966   -0.04060237335421
  967   -0.04060237335413
  968   -0.04060237335413
  969   -0.03319038566212
  970   -0.03319038566212
  971   -0.03319038566211
  972   -0.03319038566211
  973   -0.03319038566203
  974   -0.03319038566203
  975   -0.03319038566201
  976   -0.03319038566201
  977   -0.03318997340029
  978   -0.03318997340029
  979   -0.03318997340028
  980   -0.03318997340028
  981   -0.03318997340020
  982   -0.03318997340020
  983   -0.03318997340019
  984   -0.03318997340019
  985   -0.02065044115944
  986   -0.02065044115944
  987   -0.02065044115938
  988   -0.02065044115938
  989   -0.02065044115938
  990   -0.02065044115938
  991   -0.02065044115931
  992   -0.02065044115931
  993   -0.02054041255910
  994   -0.02054041255910
  995   -0.02054041255908
  996   -0.02054041255908
  997   -0.02054041255908
  998   -0.02054041255908
  999   -0.02054041255906
 1000   -0.02054041255906
 1001   -0.02054037598033
 1002   -0.02054037598033
 1003   -0.02054037598031
 1004   -0.02054037598031
 1005   -0.02054037598031
 1006   -0.02054037598031
 1007   -0.02054037598029
 1008   -0.02054037598029
 1009   -0.01456256553499
 1010   -0.01456256553499
 1011   -0.01456256553476
 1012   -0.01456256553476
 1013   -0.01456256553476
 1014   -0.01456256553476
 1015   -0.01456256553453
 1016   -0.01456256553453
 1017   -0.01306041867468
 1018   -0.01306041867468
 1019   -0.01306041867456
 1020   -0.01306041867456
 1021   -0.01306041867456
 1022   -0.01306041867456
 1023   -0.01306041867444
 1024   -0.01306041867444
 1025   -0.01306024013919
 1026   -0.01306024013919
 1027   -0.01306024013907
 1028   -0.01306024013907
 1029   -0.01306024013906
 1030   -0.01306024013906
 1031   -0.01306024013894
 1032   -0.01306024013894
 1033   -0.01305974300477
 1034   -0.01305974300477
 1035   -0.01305974300465
 1036   -0.01305974300465

   kloop=7
   k1=   0.50000 k2=   0.50000 k3=   0.50000

    1   -0.54205395052163
    2   -0.54205395052163
    3   -0.54205395052160
    4   -0.54205395052160
    5   -0.54205395052150
    6   -0.54205395052150
    7   -0.54205395052144
    8   -0.54205395052144
    9   -0.54205394600981
   10   -0.54205394600981
   11   -0.54205394600978
   12   -0.54205394600978
   13   -0.54205394600961
   14   -0.54205394600961
   15   -0.54205394600955
   16   -0.54205394600955
   17   -0.50784920663736
   18   -0.50784920663736
   19   -0.50784920663733
   20   -0.50784920663733
   21   -0.50784920663723
   22   -0.50784920663723
   23   -0.50784920663720
   24   -0.50784920663720
   25   -0.50784920662237
   26   -0.50784920662237
   27   -0.50784920662234
   28   -0.50784920662233
   29   -0.50784920662231
   30   -0.50784920662230
   31   -0.50784920662230
   32   -0.50784920662229
   33   -0.50784915562762
   34   -0.50784915562762
   35   -0.50784915562759
   36   -0.50784915562759
   37   -0.50784915562753
   38   -0.50784915562753
   39   -0.50784915562749
   40   -0.50784915562749
   41   -0.50784915558575
   42   -0.50784915558574
   43   -0.50784915558571
   44   -0.50784915558571
   45   -0.50784915558563
   46   -0.50784915558563
   47   -0.50784915558558
   48   -0.50784915558558
   49   -0.50784899557226
   50   -0.50784899557226
   51   -0.50784899557223
   52   -0.50784899557223
   53   -0.50784899557208
   54   -0.50784899557208
   55   -0.50784899557202
   56   -0.50784899557202
   57   -0.50784896799122
   58   -0.50784896799122
   59   -0.50784896799121
   60   -0.50784896799121
   61   -0.50784896799110
   62   -0.50784896799110
   63   -0.50784896799107
   64   -0.50784896799107
   65   -0.47827090079092
   66   -0.47827090079092
   67   -0.47827090079089
   68   -0.47827090079089
   69   -0.47827090079087
   70   -0.47827090079087
   71   -0.47827090079086
   72   -0.47827090079086
   73   -0.47827090075680
   74   -0.47827090075680
   75   -0.47827090075679
   76   -0.47827090075679
   77   -0.47827090075670
   78   -0.47827090075670
   79   -0.47827090075668
   80   -0.47827090075668
   81   -0.47827082963262
   82   -0.47827082963262
   83   -0.47827082963260
   84   -0.47827082963260
   85   -0.47827082963252
   86   -0.47827082963252
   87   -0.47827082963247
   88   -0.47827082963247
   89   -0.47827081955036
   90   -0.47827081955036
   91   -0.47827081955033
   92   -0.47827081955033
   93   -0.47827081955031
   94   -0.47827081955031
   95   -0.47827081955031
   96   -0.47827081955031
   97   -0.47827081953658
   98   -0.47827081953658
   99   -0.47827081953656
  100   -0.47827081953656
  101   -0.47827081953648
  102   -0.47827081953648
  103   -0.47827081953647
  104   -0.47827081953647
  105   -0.47827068868917
  106   -0.47827068868916
  107   -0.47827068868916
  108   -0.47827068868916
  109   -0.47827068868909
  110   -0.47827068868909
  111   -0.47827068868909
  112   -0.47827068868909
  113   -0.47003637306861
  114   -0.47003637306861
  115   -0.47003637306861
  116   -0.47003637306861
  117   -0.47003637306861
  118   -0.47003637306860
  119   -0.47003637306859
  120   -0.47003637306859
  121   -0.44306372352509
  122   -0.44306372352509
  123   -0.44306372352506
  124   -0.44306372352506
  125   -0.44306372352500
  126   -0.44306372352500
  127   -0.44306372352497
  128   -0.44306372352496
  129   -0.44306372349925
  130   -0.44306372349924
  131   -0.44306372349923
  132   -0.44306372349923
  133   -0.44306372349921
  134   -0.44306372349921
  135   -0.44306372349918
  136   -0.44306372349918
  137   -0.44306369855522
  138   -0.44306369855522
  139   -0.44306369855522
  140   -0.44306369855521
  141   -0.44306369855511
  142   -0.44306369855511
  143   -0.44306369855508
  144   -0.44306369855508
  145   -0.44306369849944
  146   -0.44306369849944
  147   -0.44306369849941
  148   -0.44306369849941
  149   -0.44306369849936
  150   -0.44306369849936
  151   -0.44306369849933
  152   -0.44306369849933
  153   -0.44306352766752
  154   -0.44306352766752
  155   -0.44306352766750
  156   -0.44306352766750
  157   -0.44306352766744
  158   -0.44306352766744
  159   -0.44306352766741
  160   -0.44306352766741
  161   -0.44306346716669
  162   -0.44306346716669
  163   -0.44306346716667
  164   -0.44306346716667
  165   -0.44306346716664
  166   -0.44306346716664
  167   -0.44306346716661
  168   -0.44306346716661
  169   -0.43546688845408
  170   -0.43546688845408
  171   -0.43546688845405
  172   -0.43546688845405
  173   -0.43546688845395
  174   -0.43546688845395
  175   -0.43546688845393
  176   -0.43546688845393
  177   -0.43546688840747
  178   -0.43546688840747
  179   -0.43546688840743
  180   -0.43546688840743
  181   -0.43546688840740
  182   -0.43546688840740
  183   -0.43546688840738
  184   -0.43546688840738
  185   -0.43546686368431
  186   -0.43546686368431
  187   -0.43546686368426
  188   -0.43546686368426
  189   -0.43546686368419
  190   -0.43546686368419
  191   -0.43546686368419
  192   -0.43546686368419
  193   -0.43546675529291
  194   -0.43546675529291
  195   -0.43546675529291
  196   -0.43546675529291
  197   -0.43546675529284
  198   -0.43546675529284
  199   -0.43546675529282
  200   -0.43546675529282
  201   -0.43546673746489
  202   -0.43546673746489
  203   -0.43546673746486
  204   -0.43546673746486
  205   -0.43546673746484
  206   -0.43546673746484
  207   -0.43546673746481
  208   -0.43546673746481
  209   -0.43546673744589
  210   -0.43546673744589
  211   -0.43546673744587
  212   -0.43546673744587
  213   -0.43546673744576
  214   -0.43546673744576
  215   -0.43546673744573
  216   -0.43546673744573
  217   -0.37234795116628
  218   -0.37234795116628
  219   -0.37234795116628
  220   -0.37234795116627
  221   -0.37234795116627
  222   -0.37234795116627
  223   -0.37234795116627
  224   -0.37234795116627
  225   -0.36778257829455
  226   -0.36778257829455
  227   -0.36778257829453
  228   -0.36778257829453
  229   -0.36778257829446
  230   -0.36778257829446
  231   -0.36778257829446
  232   -0.36778257829446
  233   -0.36778251888269
  234   -0.36778251888269
  235   -0.36778251888268
  236   -0.36778251888268
  237   -0.36778251888266
  238   -0.36778251888265
  239   -0.36778251888264
  240   -0.36778251888264
  241   -0.36778251886187
  242   -0.36778251886187
  243   -0.36778251886185
  244   -0.36778251886185
  245   -0.36778251886177
  246   -0.36778251886177
  247   -0.36778251886175
  248   -0.36778251886175
  249   -0.36778249489504
  250   -0.36778249489504
  251   -0.36778249489503
  252   -0.36778249489503
  253   -0.36778249489501
  254   -0.36778249489501
  255   -0.36778249489498
  256   -0.36778249489498
  257   -0.36778249488529
  258   -0.36778249488529
  259   -0.36778249488526
  260   -0.36778249488526
  261   -0.36778249488519
  262   -0.36778249488519
  263   -0.36778249488516
  264   -0.36778249488516
  265   -0.36778242643176
  266   -0.36778242643176
  267   -0.36778242643176
  268   -0.36778242643176
  269   -0.36778242643170
  270   -0.36778242643169
  271   -0.36778242643169
  272   -0.36778242643169
  273   -0.35762999401367
  274   -0.35762999401367
  275   -0.35762999401365
  276   -0.35762999401365
  277   -0.35762999401359
  278   -0.35762999401359
  279   -0.35762999401358
  280   -0.35762999401358
  281   -0.35762996023609
  282   -0.35762996023609
  283   -0.35762996023608
  284   -0.35762996023608
  285   -0.35762996023601
  286   -0.35762996023601
  287   -0.35762996023598
  288   -0.35762996023598
  289   -0.35762996020488
  290   -0.35762996020488
  291   -0.35762996020486
  292   -0.35762996020486
  293   -0.35762996020483
  294   -0.35762996020483
  295   -0.35762996020480
  296   -0.35762996020480
  297   -0.35762993750566
  298   -0.35762993750566
  299   -0.35762993750564
  300   -0.35762993750564
  301   -0.35762993750555
  302   -0.35762993750555
  303   -0.35762993750552
  304   -0.35762993750552
  305   -0.35762993745554
  306   -0.35762993745554
  307   -0.35762993745553
  308   -0.35762993745553
  309   -0.35762993745547
  310   -0.35762993745547
  311   -0.35762993745545
  312   -0.35762993745545
  313   -0.35762989635044
  314   -0.35762989635044
  315   -0.35762989635041
  316   -0.35762989635041
  317   -0.35762989635039
  318   -0.35762989635039
  319   -0.35762989635036
  320   -0.35762989635036
  321   -0.33701784645049
  322   -0.33701784645049
  323   -0.33701784645047
  324   -0.33701784645047
  325   -0.33701784645040
  326   -0.33701784645040
  327   -0.33701784645038
  328   -0.33701784645037
  329   -0.33701784644996
  330   -0.33701784644996
  331   -0.33701784644994
  332   -0.33701784644994
  333   -0.33701784644993
  334   -0.33701784644993
  335   -0.33701784644993
  336   -0.33701784644993
  337   -0.33701780152526
  338   -0.33701780152526
  339   -0.33701780152524
  340   -0.33701780152524
  341   -0.33701780152517
  342   -0.33701780152517
  343   -0.33701780152514
  344   -0.33701780152514
  345   -0.33701779724072
  346   -0.33701779724072
  347   -0.33701779724070
  348   -0.33701779724070
  349   -0.33701779724070
  350   -0.33701779724070
  351   -0.33701779724069
  352   -0.33701779724069
  353   -0.33701779721591
  354   -0.33701779721591
  355   -0.33701779721590
  356   -0.33701779721590
  357   -0.33701779721583
  358   -0.33701779721583
  359   -0.33701779721581
  360   -0.33701779721581
  361   -0.33701768481586
  362   -0.33701768481586
  363   -0.33701768481586
  364   -0.33701768481585
  365   -0.33701768481579
  366   -0.33701768481579
  367   -0.33701768481577
  368   -0.33701768481577
  369   -0.27931205287177
  370   -0.27931205287177
  371   -0.27931205287175
  372   -0.27931205287175
  373   -0.27931205287170
  374   -0.27931205287169
  375   -0.27931205287169
  376   -0.27931205287168
  377   -0.27931205286772
  378   -0.27931205286772
  379   -0.27931205286770
  380   -0.27931205286770
  381   -0.27931205286765
  382   -0.27931205286765
  383   -0.27931205286764
  384   -0.27931205286764
  385   -0.27931200748310
  386   -0.27931200748310
  387   -0.27931200748308
  388   -0.27931200748308
  389   -0.27931200748299
  390   -0.27931200748299
  391   -0.27931200748296
  392   -0.27931200748296
  393   -0.27931197542498
  394   -0.27931197542498
  395   -0.27931197542495
  396   -0.27931197542495
  397   -0.27931197542488
  398   -0.27931197542488
  399   -0.27931197542485
  400   -0.27931197542485
  401   -0.27931197541328
  402   -0.27931197541328
  403   -0.27931197541326
  404   -0.27931197541326
  405   -0.27931197541324
  406   -0.27931197541324
  407   -0.27931197541323
  408   -0.27931197541323
  409   -0.27931186824010
  410   -0.27931186824010
  411   -0.27931186824010
  412   -0.27931186824010
  413   -0.27931186824003
  414   -0.27931186824003
  415   -0.27931186824001
  416   -0.27931186824001
  417   -0.26343218371029
  418   -0.26343218371029
  419   -0.26343218371026
  420   -0.26343218371026
  421   -0.26343218371020
  422   -0.26343218371020
  423   -0.26343218371019
  424   -0.26343218371019
  425   -0.26343204788419
  426   -0.26343204788419
  427   -0.26343204788417
  428   -0.26343204788417
  429   -0.26343204788414
  430   -0.26343204788414
  431   -0.26343204788412
  432   -0.26343204788412
  433   -0.26343204785915
  434   -0.26343204785915
  435   -0.26343204785914
  436   -0.26343204785914
  437   -0.26343204785910
  438   -0.26343204785909
  439   -0.26343204785909
  440   -0.26343204785908
  441   -0.26343201045038
  442   -0.26343201045037
  443   -0.26343201045037
  444   -0.26343201045037
  445   -0.26343201045033
  446   -0.26343201045033
  447   -0.26343201045031
  448   -0.26343201045031
  449   -0.26343201037398
  450   -0.26343201037398
  451   -0.26343201037396
  452   -0.26343201037396
  453   -0.26343201037393
  454   -0.26343201037393
  455   -0.26343201037392
  456   -0.26343201037392
  457   -0.26343178984206
  458   -0.26343178984206
  459   -0.26343178984206
  460   -0.26343178984206
  461   -0.26343178984199
  462   -0.26343178984199
  463   -0.26343178984197
  464   -0.26343178984197
  465   -0.24948743527032
  466   -0.24948743527032
  467   -0.24948743527031
  468   -0.24948743527031
  469   -0.24948743527030
  470   -0.24948743527029
  471   -0.24948743527029
  472   -0.24948743527029
  473   -0.24948743523202
  474   -0.24948743523202
  475   -0.24948743523200
  476   -0.24948743523200
  477   -0.24948743523196
  478   -0.24948743523196
  479   -0.24948743523195
  480   -0.24948743523195
  481   -0.24948733995774
  482   -0.24948733995774
  483   -0.24948733995773
  484   -0.24948733995772
  485   -0.24948733995770
  486   -0.24948733995770
  487   -0.24948733995768
  488   -0.24948733995768
  489   -0.24948732112094
  490   -0.24948732112093
  491   -0.24948732112091
  492   -0.24948732112091
  493   -0.24948732112087
  494   -0.24948732112087
  495   -0.24948732112086
  496   -0.24948732112086
  497   -0.24948732108781
  498   -0.24948732108781
  499   -0.24948732108780
  500   -0.24948732108780
  501   -0.24948732108776
  502   -0.24948732108776
  503   -0.24948732108775
  504   -0.24948732108775
  505   -0.24948708631181
  506   -0.24948708631181
  507   -0.24948708631179
  508   -0.24948708631179
  509   -0.24948708631178
  510   -0.24948708631178
  511   -0.24948708631177
  512   -0.24948708631177
  513   -0.22797963741429
  514   -0.22797963741429
  515   -0.22797963741429
  516   -0.22797963741429
  517   -0.22797963741427
  518   -0.22797963741427
  519   -0.22797963741426
  520   -0.22797963741426
  521   -0.22797963731891
  522   -0.22797963731891
  523   -0.22797963731890
  524   -0.22797963731890
  525   -0.22797963731888
  526   -0.22797963731887
  527   -0.22797963731886
  528   -0.22797963731886
  529   -0.22797938370733
  530   -0.22797938370733
  531   -0.22797938370733
  532   -0.22797938370733
  533   -0.22797938370731
  534   -0.22797938370730
  535   -0.22797938370730
  536   -0.22797938370730
  537   -0.22797938369859
  538   -0.22797938369859
  539   -0.22797938369858
  540   -0.22797938369858
  541   -0.22797938369857
  542   -0.22797938369857
  543   -0.22797938369856
  544   -0.22797938369856
  545   -0.22797937203204
  546   -0.22797937203204
  547   -0.22797937203204
  548   -0.22797937203203
  549   -0.22797937203202
  550   -0.22797937203202
  551   -0.22797937203201
  552   -0.22797937203201
  553   -0.22797934644481
  554   -0.22797934644481
  555   -0.22797934644480
  556   -0.22797934644479
  557   -0.22797934644479
  558   -0.22797934644479
  559   -0.22797934644479
  560   -0.22797934644478
  561   -0.21747411196665
  562   -0.21747411196665
  563   -0.21747411196663
  564   -0.21747411196663
  565   -0.21747411196662
  566   -0.21747411196662
  567   -0.21747411196658
  568   -0.21747411196658
  569   -0.21747395591147
  570   -0.21747395591147
  571   -0.21747395591146
  572   -0.21747395591146
  573   -0.21747395591142
  574   -0.21747395591142
  575   -0.21747395591142
  576   -0.21747395591142
  577   -0.21747395583010
  578   -0.21747395583010
  579   -0.21747395583008
  580   -0.21747395583008
  581   -0.21747395583005
  582   -0.21747395583004
  583   -0.21747395583003
  584   -0.21747395583002
  585   -0.21747385649115
  586   -0.21747385649114
  587   -0.21747385649112
  588   -0.21747385649112
  589   -0.21747385649110
  590   -0.21747385649110
  591   -0.21747385649108
  592   -0.21747385649108
  593   -0.21747385643314
  594   -0.21747385643314
  595   -0.21747385643311
  596   -0.21747385643311
  597   -0.21747385643307
  598   -0.21747385643307
  599   -0.21747385643306
  600   -0.21747385643305
  601   -0.21747377188732
  602   -0.21747377188732
  603   -0.21747377188730
  604   -0.21747377188730
  605   -0.21747377188728
  606   -0.21747377188728
  607   -0.21747377188726
  608   -0.21747377188726
  609   -0.20992049688840
  610   -0.20992049688840
  611   -0.20992049688838
  612   -0.20992049688838
  613   -0.20992049688834
  614   -0.20992049688834
  615   -0.20992049688834
  616   -0.20992049688833
  617   -0.20992045333302
  618   -0.20992045333302
  619   -0.20992045333300
  620   -0.20992045333299
  621   -0.20992045333294
  622   -0.20992045333294
  623   -0.20992045333294
  624   -0.20992045333293
  625   -0.20992030353365
  626   -0.20992030353364
  627   -0.20992030353363
  628   -0.20992030353363
  629   -0.20992030353359
  630   -0.20992030353358
  631   -0.20992030353358
  632   -0.20992030353357
  633   -0.20992030345258
  634   -0.20992030345258
  635   -0.20992030345256
  636   -0.20992030345256
  637   -0.20992030345249
  638   -0.20992030345249
  639   -0.20992030345247
  640   -0.20992030345246
  641   -0.20992023505594
  642   -0.20992023505594
  643   -0.20992023505593
  644   -0.20992023505593
  645   -0.20992023505588
  646   -0.20992023505588
  647   -0.20992023505587
  648   -0.20992023505587
  649   -0.20992023492653
  650   -0.20992023492653
  651   -0.20992023492652
  652   -0.20992023492652
  653   -0.20992023492647
  654   -0.20992023492647
  655   -0.20992023492646
  656   -0.20992023492646
  657   -0.20347148031309
  658   -0.20347148031309
  659   -0.20347148031308
  660   -0.20347148031308
  661   -0.20347148031305
  662   -0.20347148031305
  663   -0.20347148031304
  664   -0.20347148031304
  665   -0.20347145292115
  666   -0.20347145292115
  667   -0.20347145292114
  668   -0.20347145292114
  669   -0.20347145292112
  670   -0.20347145292112
  671   -0.20347145292112
  672   -0.20347145292111
  673   -0.18910450127812
  674   -0.18910450127812
  675   -0.18910450127811
  676   -0.18910450127811
  677   -0.18910450127809
  678   -0.18910450127809
  679   -0.18910450127807
  680   -0.18910450127807
  681   -0.18910450122074
  682   -0.18910450122074
  683   -0.18910450122073
  684   -0.18910450122073
  685   -0.18910450122072
  686   -0.18910450122072
  687   -0.18910450122071
  688   -0.18910450122071
  689   -0.18910436803235
  690   -0.18910436803235
  691   -0.18910436803235
  692   -0.18910436803235
  693   -0.18910436803232
  694   -0.18910436803232
  695   -0.18910436803231
  696   -0.18910436803231
  697   -0.18910436802337
  698   -0.18910436802337
  699   -0.18910436802336
  700   -0.18910436802336
  701   -0.18910436802336
  702   -0.18910436802336
  703   -0.18910436802334
  704   -0.18910436802334
  705   -0.18910432176896
  706   -0.18910432176895
  707   -0.18910432176894
  708   -0.18910432176894
  709   -0.18910432176893
  710   -0.18910432176893
  711   -0.18910432176891
  712   -0.18910432176891
  713   -0.18910424725950
  714   -0.18910424725950
  715   -0.18910424725948
  716   -0.18910424725948
  717   -0.18910424725948
  718   -0.18910424725948
  719   -0.18910424725946
  720   -0.18910424725946
  721   -0.18020740523943
  722   -0.18020740523943
  723   -0.18020740523941
  724   -0.18020740523941
  725   -0.18020740523934
  726   -0.18020740523934
  727   -0.18020740523932
  728   -0.18020740523932
  729   -0.18020738349770
  730   -0.18020738349770
  731   -0.18020738349768
  732   -0.18020738349768
  733   -0.18020738349760
  734   -0.18020738349760
  735   -0.18020738349759
  736   -0.18020738349759
  737   -0.18020718484098
  738   -0.18020718484097
  739   -0.18020718484097
  740   -0.18020718484097
  741   -0.18020718484095
  742   -0.18020718484095
  743   -0.18020718484094
  744   -0.18020718484094
  745   -0.18020718483514
  746   -0.18020718483514
  747   -0.18020718483513
  748   -0.18020718483513
  749   -0.18020718483507
  750   -0.18020718483507
  751   -0.18020718483506
  752   -0.18020718483506
  753   -0.18020718254337
  754   -0.18020718254337
  755   -0.18020718254337
  756   -0.18020718254336
  757   -0.18020718254334
  758   -0.18020718254334
  759   -0.18020718254334
  760   -0.18020718254334
  761   -0.18020718245286
  762   -0.18020718245285
  763   -0.18020718245285
  764   -0.18020718245284
  765   -0.18020718245279
  766   -0.18020718245279
  767   -0.18020718245277
  768   -0.18020718245277
  769   -0.16364722439155
  770   -0.16364722439155
  771   -0.16364722439152
  772   -0.16364722439152
  773   -0.16364722439148
  774   -0.16364722439148
  775   -0.16364722439148
  776   -0.16364722439147
  777   -0.16364720860575
  778   -0.16364720860575
  779   -0.16364720860573
  780   -0.16364720860572
  781   -0.16364720860568
  782   -0.16364720860567
  783   -0.16364720860566
  784   -0.16364720860566
  785   -0.16364704118676
  786   -0.16364704118675
  787   -0.16364704118675
  788   -0.16364704118674
  789   -0.16364704118668
  790   -0.16364704118668
  791   -0.16364704118667
  792   -0.16364704118667
  793   -0.16364704113790
  794   -0.16364704113790
  795   -0.16364704113789
  796   -0.16364704113789
  797   -0.16364704113786
  798   -0.16364704113786
  799   -0.16364704113785
  800   -0.16364704113785
  801   -0.16364703407779
  802   -0.16364703407779
  803   -0.16364703407779
  804   -0.16364703407779
  805   -0.16364703407772
  806   -0.16364703407771
  807   -0.16364703407771
  808   -0.16364703407770
  809   -0.16364703397028
  810   -0.16364703397028
  811   -0.16364703397027
  812   -0.16364703397027
  813   -0.16364703397024
  814   -0.16364703397024
  815   -0.16364703397023
  816   -0.16364703397023
  817   -0.16014838738750
  818   -0.16014838738749
  819   -0.16014838738749
  820   -0.16014838738749
  821   -0.16014838738749
  822   -0.16014838738749
  823   -0.16014838738749
  824   -0.16014838738749
  825   -0.16014838738459
  826   -0.16014838738459
  827   -0.16014838738459
  828   -0.16014838738459
  829   -0.16014838738459
  830   -0.16014838738459
  831   -0.16014838738459
  832   -0.16014838738459
  833   -0.13262872031426
  834   -0.13262872031426
  835   -0.13262872031423
  836   -0.13262872031423
  837   -0.13262872031414
  838   -0.13262872031414
  839   -0.13262872031412
  840   -0.13262872031412
  841   -0.13262872024679
  842   -0.13262872024679
  843   -0.13262872024677
  844   -0.13262872024677
  845   -0.13262872024673
  846   -0.13262872024673
  847   -0.13262872024671
  848   -0.13262872024671
  849   -0.13262870353661
  850   -0.13262870353661
  851   -0.13262870353660
  852   -0.13262870353660
  853   -0.13262870353655
  854   -0.13262870353655
  855   -0.13262870353653
  856   -0.13262870353653
  857   -0.13262870343134
  858   -0.13262870343134
  859   -0.13262870343134
  860   -0.13262870343134
  861   -0.13262870343127
  862   -0.13262870343127
  863   -0.13262870343126
  864   -0.13262870343126
  865   -0.07194341585560
  866   -0.07194341585560
  867   -0.07194341585560
  868   -0.07194341585560
  869   -0.07194341585555
  870   -0.07194341585555
  871   -0.07194341585553
  872   -0.07194341585553
  873   -0.07194341564390
  874   -0.07194341564390
  875   -0.07194341564388
  876   -0.07194341564388
  877   -0.07194341564384
  878   -0.07194341564384
  879   -0.07194341564381
  880   -0.07194341564381
  881   -0.07194288065543
  882   -0.07194288065543
  883   -0.07194288065541
  884   -0.07194288065541
  885   -0.07194288065536
  886   -0.07194288065536
  887   -0.07194288065534
  888   -0.07194288065534
  889   -0.07194288015481
  890   -0.07194288015481
  891   -0.07194288015479
  892   -0.07194288015479
  893   -0.07194288015471
  894   -0.07194288015471
  895   -0.07194288015469
  896   -0.07194288015469
  897   -0.07194241363952
  898   -0.07194241363952
  899   -0.07194241363951
  900   -0.07194241363950
  901   -0.07194241363944
  902   -0.07194241363944
  903   -0.07194241363941
  904   -0.07194241363941
  905   -0.07194211552800
  906   -0.07194211552800
  907   -0.07194211552799
  908   -0.07194211552799
  909   -0.07194211552796
  910   -0.07194211552796
  911   -0.07194211552793
  912   -0.07194211552793
  913   -0.05286906925755
  914   -0.05286906925754
  915   -0.05286906925754
  916   -0.05286906925754
  917   -0.05286906925754
  918   -0.05286906925754
  919   -0.05286906925754
  920   -0.05286906925754
  921   -0.03810068452164
  922   -0.03810068452164
  923   -0.03810068452163
  924   -0.03810068452163
  925   -0.03810068452162
  926   -0.03810068452162
  927   -0.03810068452159
  928   -0.03810068452159
  929   -0.03810068428146
  930   -0.03810068428146
  931   -0.03810068428145
  932   -0.03810068428145
  933   -0.03810068428141
  934   -0.03810068428141
  935   -0.03810068428139
  936   -0.03810068428139
  937   -0.03810063756063
  938   -0.03810063756063
  939   -0.03810063756063
  940   -0.03810063756062
  941   -0.03810063756059
  942   -0.03810063756059
  943   -0.03810063756057
  944   -0.03810063756057
  945   -0.03810063755965
  946   -0.03810063755965
  947   -0.03810063755964
  948   -0.03810063755964
  949   -0.03810063755957
  950   -0.03810063755957
  951   -0.03810063755955
  952   -0.03810063755955
  953   -0.03810047541730
  954   -0.03810047541729
  955   -0.03810047541729
  956   -0.03810047541728
  957   -0.03810047541726
  958   -0.03810047541726
  959   -0.03810047541724
  960   -0.03810047541724
  961   -0.03810025179120
  962   -0.03810025179120
  963   -0.03810025179119
  964   -0.03810025179119
  965   -0.03810025179114
  966   -0.03810025179114
  967   -0.03810025179112
  968   -0.03810025179112
  969   -0.02318093392654
  970   -0.02318093392654
  971   -0.02318093392654
  972   -0.02318093392654
  973   -0.02318093392654
  974   -0.02318093392653
  975   -0.02318093392653
  976   -0.02318093392653
  977   -0.02318085969248
  978   -0.02318085969248
  979   -0.02318085969248
  980   -0.02318085969248
  981   -0.02318085969247
  982   -0.02318085969247
  983   -0.02318085969246
  984   -0.02318085969246
  985   -0.02032147035949
  986   -0.02032147035948
  987   -0.02032147035948
  988   -0.02032147035948
  989   -0.02032147035942
  990   -0.02032147035942
  991   -0.02032147035942
  992   -0.02032147035942
  993   -0.02032147014573
  994   -0.02032147014573
  995   -0.02032147014572
  996   -0.02032147014572
  997   -0.02032147014570
  998   -0.02032147014570
  999   -0.02032147014569
 1000   -0.02032147014569
 1001   -0.02032111662691
 1002   -0.02032111662691
 1003   -0.02032111662689
 1004   -0.02032111662689
 1005   -0.02032111662687
 1006   -0.02032111662687
 1007   -0.02032111662687
 1008   -0.02032111662687
 1009   -0.02032111645967
 1010   -0.02032111645967
 1011   -0.02032111645966
 1012   -0.02032111645966
 1013   -0.02032111645962
 1014   -0.02032111645961
 1015   -0.02032111645961
 1016   -0.02032111645961
 1017   -0.02032046278320
 1018   -0.02032046278320
 1019   -0.02032046278319
 1020   -0.02032046278319
 1021   -0.02032046278315
 1022   -0.02032046278315
 1023   -0.02032046278313
 1024   -0.02032046278313
 1025   -0.02032019550291
 1026   -0.02032019550291
 1027   -0.02032019550290
 1028   -0.02032019550290
 1029   -0.02032019550288
 1030   -0.02032019550288
 1031   -0.02032019550286
 1032   -0.02032019550286
 1033   -0.00625496818880
 1034   -0.00625496818880
 1035   -0.00625496818879
 1036   -0.00625496818878

***********************************************************
***********************************************************
              History of geometry optimization             
***********************************************************
***********************************************************

  MD_iter   SD_scaling     |Maximum force|   Maximum step        Utot
                           (Hartree/Bohr)        (Ang)         (Hartree)

    1       1.25980924       0.00001558       0.00001038    -887.42283308

***********************************************************
***********************************************************
                   Mulliken populations                    
***********************************************************
***********************************************************

   Total spin moment (muB)   0.000000000   Angles (Deg) 90.000000000   0.000000000

               Up       Down      Sum      Diff        theta      phi
    1   Si   2.00007  2.00007   4.00015   0.00000    90.00000    0.00000
    2   Si   2.00007  2.00007   4.00015   0.00000    90.00000    0.00000
    3   Si   2.00007  2.00007   4.00015   0.00000    90.00000    0.00000
    4   Si   2.00007  2.00007   4.00015   0.00000    90.00000    0.00000
    5   Si   1.99996  1.99996   3.99991   0.00000    90.00000    0.00000
    6   Si   2.00008  2.00008   4.00016   0.00000    90.00000    0.00000
    7   Si   1.99996  1.99996   3.99991   0.00000    90.00000    0.00000
    8   Si   1.99996  1.99996   3.99991   0.00000    90.00000    0.00000
    9   Si   1.99997  1.99997   3.99994   0.00000    90.00000    0.00000
   10   Si   2.00008  2.00008   4.00016   0.00000    90.00000    0.00000
   11   Si   2.00008  2.00008   4.00016   0.00000    90.00000    0.00000
   12   Si   1.99997  1.99997   3.99994   0.00000    90.00000    0.00000
   13   Si   1.99997  1.99997   3.99994   0.00000    90.00000    0.00000
   14   Si   1.99997  1.99997   3.99994   0.00000    90.00000    0.00000
   15   Si   2.00002  2.00002   4.00004   0.00000    90.00000    0.00000
   16   Si   1.99997  1.99997   3.99994   0.00000    90.00000    0.00000
   17   Si   2.00008  2.00008   4.00016   0.00000    90.00000    0.00000
   18   Si   1.99997  1.99997   3.99994   0.00000    90.00000    0.00000
   19   Si   1.99997  1.99997   3.99994   0.00000    90.00000    0.00000
   20   Si   2.00008  2.00008   4.00016   0.00000    90.00000    0.00000
   21   Si   1.99997  1.99997   3.99994   0.00000    90.00000    0.00000
   22   Si   2.00007  2.00007   4.00015   0.00000    90.00000    0.00000
   23   Si   1.99996  1.99996   3.99991   0.00000    90.00000    0.00000
   24   Si   1.99997  1.99997   3.99994   0.00000    90.00000    0.00000
   25   Si   1.99997  1.99997   3.99994   0.00000    90.00000    0.00000
   26   Si   1.99997  1.99997   3.99994   0.00000    90.00000    0.00000
   27   Si   2.00008  2.00008   4.00016   0.00000    90.00000    0.00000
   28   Si   2.00008  2.00008   4.00016   0.00000    90.00000    0.00000
   29   Si   1.99997  1.99997   3.99994   0.00000    90.00000    0.00000
   30   Si   1.99997  1.99997   3.99994   0.00000    90.00000    0.00000
   31   Si   1.99997  1.99997   3.99994   0.00000    90.00000    0.00000
   32   Si   2.00002  2.00002   4.00004   0.00000    90.00000    0.00000
   33   Si   1.99996  1.99996   3.99991   0.00000    90.00000    0.00000
   34   Si   1.99997  1.99997   3.99994   0.00000    90.00000    0.00000
   35   Si   2.00007  2.00007   4.00015   0.00000    90.00000    0.00000
   36   Si   1.99997  1.99997   3.99994   0.00000    90.00000    0.00000
   37   Si   2.00008  2.00008   4.00016   0.00000    90.00000    0.00000
   38   Si   1.99996  1.99996   3.99991   0.00000    90.00000    0.00000
   39   Si   1.99996  1.99996   3.99991   0.00000    90.00000    0.00000
   40   Si   1.99996  1.99996   3.99991   0.00000    90.00000    0.00000
   41   Si   1.99997  1.99997   3.99994   0.00000    90.00000    0.00000
   42   Si   1.99996  1.99996   3.99991   0.00000    90.00000    0.00000
   43   Si   1.99997  1.99997   3.99994   0.00000    90.00000    0.00000
   44   Si   2.00007  2.00007   4.00015   0.00000    90.00000    0.00000
   45   Si   2.00007  2.00007   4.00015   0.00000    90.00000    0.00000
   46   Si   1.99997  1.99997   3.99994   0.00000    90.00000    0.00000
   47   Si   1.99997  1.99997   3.99994   0.00000    90.00000    0.00000
   48   Si   1.99996  1.99996   3.99991   0.00000    90.00000    0.00000
   49   Si   2.00008  2.00008   4.00016   0.00000    90.00000    0.00000
   50   Si   2.00008  2.00008   4.00016   0.00000    90.00000    0.00000
   51   Si   1.99997  1.99997   3.99994   0.00000    90.00000    0.00000
   52   Si   1.99997  1.99997   3.99994   0.00000    90.00000    0.00000
   53   Si   1.99997  1.99997   3.99994   0.00000    90.00000    0.00000
   54   Si   2.00007  2.00007   4.00015   0.00000    90.00000    0.00000
   55   Si   1.99997  1.99997   3.99994   0.00000    90.00000    0.00000
   56   Si   1.99996  1.99996   3.99991   0.00000    90.00000    0.00000
   57   Si   1.99997  1.99997   3.99994   0.00000    90.00000    0.00000
   58   Si   2.00007  2.00007   4.00015   0.00000    90.00000    0.00000
   59   Si   1.99997  1.99997   3.99994   0.00000    90.00000    0.00000
   60   Si   1.99996  1.99996   3.99991   0.00000    90.00000    0.00000
   61   Si   2.00007  2.00007   4.00015   0.00000    90.00000    0.00000
   62   Si   1.99997  1.99997   3.99994   0.00000    90.00000    0.00000
   63   Si   1.99996  1.99996   3.99991   0.00000    90.00000    0.00000
   64   Si   1.99997  1.99997   3.99994   0.00000    90.00000    0.00000
   65   Si   2.00007  2.00007   4.00015   0.00000    90.00000    0.00000
   66   Si   1.99997  1.99997   3.99994   0.00000    90.00000    0.00000
   67   Si   1.99996  1.99996   3.99991   0.00000    90.00000    0.00000
   68   Si   1.99997  1.99997   3.99994   0.00000    90.00000    0.00000
   69   Si   2.00008  2.00008   4.00016   0.00000    90.00000    0.00000
   70   Si   2.00008  2.00008   4.00016   0.00000    90.00000    0.00000
   71   Si   1.99997  1.99997   3.99994   0.00000    90.00000    0.00000
   72   Si   1.99997  1.99997   3.99994   0.00000    90.00000    0.00000
   73   Si   1.99997  1.99997   3.99994   0.00000    90.00000    0.00000
   74   Si   2.00008  2.00008   4.00016   0.00000    90.00000    0.00000
   75   Si   1.99997  1.99997   3.99994   0.00000    90.00000    0.00000
   76   Si   2.00008  2.00008   4.00016   0.00000    90.00000    0.00000
   77   Si   2.00002  2.00002   4.00004   0.00000    90.00000    0.00000
   78   Si   1.99997  1.99997   3.99994   0.00000    90.00000    0.00000
   79   Si   1.99997  1.99997   3.99994   0.00000    90.00000    0.00000
   80   Si   1.99997  1.99997   3.99994   0.00000    90.00000    0.00000
   81   Si   1.99996  1.99996   3.99991   0.00000    90.00000    0.00000
   82   Si   2.00007  2.00007   4.00015   0.00000    90.00000    0.00000
   83   Si   1.99997  1.99997   3.99994   0.00000    90.00000    0.00000
   84   Si   1.99997  1.99997   3.99994   0.00000    90.00000    0.00000
   85   Si   1.99996  1.99996   3.99991   0.00000    90.00000    0.00000
   86   Si   1.99996  1.99996   3.99991   0.00000    90.00000    0.00000
   87   Si   1.99996  1.99996   3.99991   0.00000    90.00000    0.00000
   88   Si   2.00008  2.00008   4.00016   0.00000    90.00000    0.00000
   89   Si   1.99997  1.99997   3.99994   0.00000    90.00000    0.00000
   90   Si   1.99997  1.99997   3.99994   0.00000    90.00000    0.00000
   91   Si   1.99996  1.99996   3.99991   0.00000    90.00000    0.00000
   92   Si   2.00007  2.00007   4.00015   0.00000    90.00000    0.00000
   93   Si   1.99996  1.99996   3.99991   0.00000    90.00000    0.00000
   94   Si   1.99997  1.99997   3.99994   0.00000    90.00000    0.00000
   95   Si   1.99997  1.99997   3.99994   0.00000    90.00000    0.00000
   96   Si   2.00007  2.00007   4.00015   0.00000    90.00000    0.00000
   97   Si   1.99996  1.99996   3.99991   0.00000    90.00000    0.00000
   98   Si   1.99997  1.99997   3.99994   0.00000    90.00000    0.00000
   99   Si   1.99997  1.99997   3.99994   0.00000    90.00000    0.00000
  100   Si   2.00007  2.00007   4.00015   0.00000    90.00000    0.00000
  101   Si   1.99996  1.99996   3.99991   0.00000    90.00000    0.00000
  102   Si   1.99996  1.99996   3.99991   0.00000    90.00000    0.00000
  103   Si   2.00008  2.00008   4.00016   0.00000    90.00000    0.00000
  104   Si   1.99996  1.99996   3.99991   0.00000    90.00000    0.00000
  105   Si   2.00002  2.00002   4.00004   0.00000    90.00000    0.00000
  106   Si   1.99997  1.99997   3.99994   0.00000    90.00000    0.00000
  107   Si   1.99997  1.99997   3.99994   0.00000    90.00000    0.00000
  108   Si   1.99997  1.99997   3.99994   0.00000    90.00000    0.00000
  109   Si   1.99997  1.99997   3.99994   0.00000    90.00000    0.00000
  110   Si   2.00002  2.00002   4.00004   0.00000    90.00000    0.00000
  111   Si   1.99997  1.99997   3.99994   0.00000    90.00000    0.00000
  112   Si   1.99997  1.99997   3.99994   0.00000    90.00000    0.00000
  113   Si   1.99996  1.99996   3.99991   0.00000    90.00000    0.00000
  114   Si   1.99996  1.99996   3.99991   0.00000    90.00000    0.00000
  115   Si   1.99996  1.99996   3.99991   0.00000    90.00000    0.00000
  116   Si   2.00008  2.00008   4.00016   0.00000    90.00000    0.00000
  117   Si   1.99997  1.99997   3.99994   0.00000    90.00000    0.00000
  118   Si   1.99996  1.99996   3.99991   0.00000    90.00000    0.00000
  119   Si   2.00007  2.00007   4.00015   0.00000    90.00000    0.00000
  120   Si   1.99997  1.99997   3.99994   0.00000    90.00000    0.00000
  121   Si   1.99997  1.99997   3.99994   0.00000    90.00000    0.00000
  122   Si   2.00007  2.00007   4.00015   0.00000    90.00000    0.00000
  123   Si   1.99996  1.99996   3.99991   0.00000    90.00000    0.00000
  124   Si   1.99997  1.99997   3.99994   0.00000    90.00000    0.00000
  125   Si   1.99996  1.99996   3.99991   0.00000    90.00000    0.00000
  126   Si   1.99997  1.99997   3.99994   0.00000    90.00000    0.00000
  127   Si   2.00007  2.00007   4.00015   0.00000    90.00000    0.00000
  128   Si   1.99997  1.99997   3.99994   0.00000    90.00000    0.00000
  129   Si   1.99996  1.99996   3.99991   0.00000    90.00000    0.00000
  130   Si   2.00008  2.00008   4.00016   0.00000    90.00000    0.00000
  131   Si   1.99996  1.99996   3.99991   0.00000    90.00000    0.00000
  132   Si   1.99996  1.99996   3.99991   0.00000    90.00000    0.00000
  133   Si   1.99997  1.99997   3.99994   0.00000    90.00000    0.00000
  134   Si   1.99996  1.99996   3.99991   0.00000    90.00000    0.00000
  135   Si   1.99997  1.99997   3.99994   0.00000    90.00000    0.00000
  136   Si   2.00007  2.00007   4.00015   0.00000    90.00000    0.00000
  137   Si   1.99997  1.99997   3.99994   0.00000    90.00000    0.00000
  138   Si   1.99997  1.99997   3.99994   0.00000    90.00000    0.00000
  139   Si   2.00002  2.00002   4.00004   0.00000    90.00000    0.00000
  140   Si   1.99997  1.99997   3.99994   0.00000    90.00000    0.00000
  141   Si   1.99997  1.99997   3.99994   0.00000    90.00000    0.00000
  142   Si   1.99997  1.99997   3.99994   0.00000    90.00000    0.00000
  143   Si   2.00008  2.00008   4.00016   0.00000    90.00000    0.00000
  144   Si   2.00008  2.00008   4.00016   0.00000    90.00000    0.00000
  145   Si   2.00008  2.00008   4.00016   0.00000    90.00000    0.00000
  146   Si   1.99997  1.99997   3.99994   0.00000    90.00000    0.00000
  147   Si   2.00008  2.00008   4.00016   0.00000    90.00000    0.00000
  148   Si   1.99997  1.99997   3.99994   0.00000    90.00000    0.00000
  149   Si   1.99996  1.99996   3.99991   0.00000    90.00000    0.00000
  150   Si   2.00007  2.00007   4.00015   0.00000    90.00000    0.00000
  151   Si   1.99997  1.99997   3.99994   0.00000    90.00000    0.00000
  152   Si   1.99997  1.99997   3.99994   0.00000    90.00000    0.00000
  153   Si   1.99997  1.99997   3.99994   0.00000    90.00000    0.00000
  154   Si   1.99997  1.99997   3.99994   0.00000    90.00000    0.00000
  155   Si   2.00007  2.00007   4.00015   0.00000    90.00000    0.00000
  156   Si   1.99996  1.99996   3.99991   0.00000    90.00000    0.00000
  157   Si   1.99997  1.99997   3.99994   0.00000    90.00000    0.00000
  158   Si   1.99997  1.99997   3.99994   0.00000    90.00000    0.00000
  159   Si   1.99996  1.99996   3.99991   0.00000    90.00000    0.00000
  160   Si   2.00007  2.00007   4.00015   0.00000    90.00000    0.00000
  161   Si   2.00007  2.00007   4.00015   0.00000    90.00000    0.00000
  162   Si   1.99996  1.99996   3.99991   0.00000    90.00000    0.00000
  163   Si   1.99997  1.99997   3.99994   0.00000    90.00000    0.00000
  164   Si   1.99997  1.99997   3.99994   0.00000    90.00000    0.00000
  165   Si   1.99997  1.99997   3.99994   0.00000    90.00000    0.00000
  166   Si   2.00008  2.00008   4.00016   0.00000    90.00000    0.00000
  167   Si   1.99997  1.99997   3.99994   0.00000    90.00000    0.00000
  168   Si   2.00008  2.00008   4.00016   0.00000    90.00000    0.00000
  169   Si   1.99997  1.99997   3.99994   0.00000    90.00000    0.00000
  170   Si   1.99996  1.99996   3.99991   0.00000    90.00000    0.00000
  171   Si   2.00007  2.00007   4.00015   0.00000    90.00000    0.00000
  172   Si   1.99997  1.99997   3.99994   0.00000    90.00000    0.00000
  173   Si   1.99997  1.99997   3.99994   0.00000    90.00000    0.00000
  174   Si   1.99997  1.99997   3.99994   0.00000    90.00000    0.00000
  175   Si   2.00007  2.00007   4.00015   0.00000    90.00000    0.00000
  176   Si   1.99996  1.99996   3.99991   0.00000    90.00000    0.00000
  177   Si   1.99996  1.99996   3.99991   0.00000    90.00000    0.00000
  178   Si   1.99996  1.99996   3.99991   0.00000    90.00000    0.00000
  179   Si   2.00008  2.00008   4.00016   0.00000    90.00000    0.00000
  180   Si   1.99996  1.99996   3.99991   0.00000    90.00000    0.00000
  181   Si   2.00007  2.00007   4.00015   0.00000    90.00000    0.00000
  182   Si   1.99996  1.99996   3.99991   0.00000    90.00000    0.00000
  183   Si   1.99997  1.99997   3.99994   0.00000    90.00000    0.00000
  184   Si   1.99997  1.99997   3.99994   0.00000    90.00000    0.00000
  185   Si   1.99997  1.99997   3.99994   0.00000    90.00000    0.00000
  186   Si   2.00002  2.00002   4.00004   0.00000    90.00000    0.00000
  187   Si   1.99997  1.99997   3.99994   0.00000    90.00000    0.00000
  188   Si   1.99997  1.99997   3.99994   0.00000    90.00000    0.00000
  189   Si   2.00008  2.00008   4.00016   0.00000    90.00000    0.00000
  190   Si   1.99997  1.99997   3.99994   0.00000    90.00000    0.00000
  191   Si   2.00008  2.00008   4.00016   0.00000    90.00000    0.00000
  192   Si   1.99997  1.99997   3.99994   0.00000    90.00000    0.00000
  193   Si   2.00007  2.00007   4.00015   0.00000    90.00000    0.00000
  194   Si   1.99997  1.99997   3.99994   0.00000    90.00000    0.00000
  195   Si   1.99997  1.99997   3.99994   0.00000    90.00000    0.00000
  196   Si   1.99996  1.99996   3.99991   0.00000    90.00000    0.00000
  197   Si   1.99997  1.99997   3.99994   0.00000    90.00000    0.00000
  198   Si   2.00008  2.00008   4.00016   0.00000    90.00000    0.00000
  199   Si   2.00008  2.00008   4.00016   0.00000    90.00000    0.00000
  200   Si   1.99997  1.99997   3.99994   0.00000    90.00000    0.00000
  201   Si   1.99997  1.99997   3.99994   0.00000    90.00000    0.00000
  202   Si   1.99997  1.99997   3.99994   0.00000    90.00000    0.00000
  203   Si   1.99997  1.99997   3.99994   0.00000    90.00000    0.00000
  204   Si   2.00002  2.00002   4.00004   0.00000    90.00000    0.00000
  205   Si   2.00008  2.00008   4.00016   0.00000    90.00000    0.00000
  206   Si   1.99997  1.99997   3.99994   0.00000    90.00000    0.00000
  207   Si   1.99997  1.99997   3.99994   0.00000    90.00000    0.00000
  208   Si   2.00008  2.00008   4.00016   0.00000    90.00000    0.00000
  209   Si   2.00008  2.00008   4.00016   0.00000    90.00000    0.00000
  210   Si   1.99996  1.99996   3.99991   0.00000    90.00000    0.00000
  211   Si   1.99996  1.99996   3.99991   0.00000    90.00000    0.00000
  212   Si   1.99996  1.99996   3.99991   0.00000    90.00000    0.00000
  213   Si   2.00007  2.00007   4.00015   0.00000    90.00000    0.00000
  214   Si   2.00007  2.00007   4.00015   0.00000    90.00000    0.00000
  215   Si   2.00007  2.00007   4.00015   0.00000    90.00000    0.00000
  216   Si   2.00007  2.00007   4.00015   0.00000    90.00000    0.00000

 Sum of MulP: up   =   432.00000 down          =   432.00000
              total=   864.00000 ideal(neutral)=   864.00000


  Decomposed Mulliken populations

    1   Si          Up spin      Down spin     Sum           Diff           Angles(Deg)
            multiple
  s           0    0.630156270  0.630156270   1.260312541   0.000000000    90.0000    0.0000
   sum over m      0.630156270  0.630156270   1.260312541   0.000000000
  s           1    0.001009129  0.001009129   0.002018257   0.000000000    90.0000    0.0000
   sum over m      0.001009129  0.001009129   0.002018257   0.000000000
   sum over m+mul  0.631165399  0.631165399   1.262330798   0.000000000
  px          0    0.419089901  0.419089901   0.838179801   0.000000000    90.0000    0.0000
  py          0    0.419089901  0.419089901   0.838179801   0.000000000    90.0000    0.0000
  pz          0    0.419089904  0.419089904   0.838179808   0.000000000    90.0000    0.0000
   sum over m      1.257269705  1.257269705   2.514539411   0.000000000
  px          1    0.002881573  0.002881573   0.005763147   0.000000000    90.0000    0.0000
  py          1    0.002881573  0.002881573   0.005763147   0.000000000    90.0000    0.0000
  pz          1    0.002881573  0.002881573   0.005763146   0.000000000    90.0000    0.0000
   sum over m      0.008644720  0.008644720   0.017289439   0.000000000
   sum over m+mul  1.265914425  1.265914425   2.531828850   0.000000000
  d3z^2-r^2   0    0.012097568  0.012097568   0.024195137   0.000000000    90.0000    0.0000
  dx^2-y^2    0    0.012097569  0.012097569   0.024195137   0.000000000    90.0000    0.0000
  dxy         0    0.026266300  0.026266300   0.052532599   0.000000000    90.0000    0.0000
  dxz         0    0.026266300  0.026266300   0.052532599   0.000000000    90.0000    0.0000
  dyz         0    0.026266300  0.026266300   0.052532599   0.000000000    90.0000    0.0000
   sum over m      0.102994036  0.102994036   0.205988072   0.000000000
   sum over m+mul  0.102994036  0.102994036   0.205988072   0.000000000

    2   Si          Up spin      Down spin     Sum           Diff           Angles(Deg)
            multiple
  s           0    0.630156270  0.630156270   1.260312541   0.000000000    90.0000    0.0000
   sum over m      0.630156270  0.630156270   1.260312541   0.000000000
  s           1    0.001009129  0.001009129   0.002018257   0.000000000    90.0000    0.0000
   sum over m      0.001009129  0.001009129   0.002018257   0.000000000
   sum over m+mul  0.631165399  0.631165399   1.262330798   0.000000000
  px          0    0.419089901  0.419089901   0.838179801   0.000000000    90.0000    0.0000
  py          0    0.419089901  0.419089901   0.838179801   0.000000000    90.0000    0.0000
  pz          0    0.419089904  0.419089904   0.838179808   0.000000000    90.0000    0.0000
   sum over m      1.257269705  1.257269705   2.514539411   0.000000000
  px          1    0.002881573  0.002881573   0.005763147   0.000000000    90.0000    0.0000
  py          1    0.002881573  0.002881573   0.005763147   0.000000000    90.0000    0.0000
  pz          1    0.002881573  0.002881573   0.005763146   0.000000000    90.0000    0.0000
   sum over m      0.008644720  0.008644720   0.017289439   0.000000000
   sum over m+mul  1.265914425  1.265914425   2.531828850   0.000000000
  d3z^2-r^2   0    0.012097568  0.012097568   0.024195137   0.000000000    90.0000    0.0000
  dx^2-y^2    0    0.012097569  0.012097569   0.024195137   0.000000000    90.0000    0.0000
  dxy         0    0.026266300  0.026266300   0.052532599   0.000000000    90.0000    0.0000
  dxz         0    0.026266300  0.026266300   0.052532599   0.000000000    90.0000    0.0000
  dyz         0    0.026266300  0.026266300   0.052532599   0.000000000    90.0000    0.0000
   sum over m      0.102994036  0.102994036   0.205988072   0.000000000
   sum over m+mul  0.102994036  0.102994036   0.205988072   0.000000000

    3   Si          Up spin      Down spin     Sum           Diff           Angles(Deg)
            multiple
  s           0    0.630156270  0.630156270   1.260312541   0.000000000    90.0000    0.0000
   sum over m      0.630156270  0.630156270   1.260312541   0.000000000
  s           1    0.001009129  0.001009129   0.002018257   0.000000000    90.0000    0.0000
   sum over m      0.001009129  0.001009129   0.002018257   0.000000000
   sum over m+mul  0.631165399  0.631165399   1.262330798   0.000000000
  px          0    0.419089901  0.419089901   0.838179801   0.000000000    90.0000    0.0000
  py          0    0.419089901  0.419089901   0.838179801   0.000000000    90.0000    0.0000
  pz          0    0.419089904  0.419089904   0.838179808   0.000000000    90.0000    0.0000
   sum over m      1.257269705  1.257269705   2.514539411   0.000000000
  px          1    0.002881573  0.002881573   0.005763147   0.000000000    90.0000    0.0000
  py          1    0.002881573  0.002881573   0.005763147   0.000000000    90.0000    0.0000
  pz          1    0.002881573  0.002881573   0.005763146   0.000000000    90.0000    0.0000
   sum over m      0.008644720  0.008644720   0.017289439   0.000000000
   sum over m+mul  1.265914425  1.265914425   2.531828850   0.000000000
  d3z^2-r^2   0    0.012097568  0.012097568   0.024195137   0.000000000    90.0000    0.0000
  dx^2-y^2    0    0.012097569  0.012097569   0.024195137   0.000000000    90.0000    0.0000
  dxy         0    0.026266300  0.026266300   0.052532599   0.000000000    90.0000    0.0000
  dxz         0    0.026266300  0.026266300   0.052532599   0.000000000    90.0000    0.0000
  dyz         0    0.026266300  0.026266300   0.052532599   0.000000000    90.0000    0.0000
   sum over m      0.102994036  0.102994036   0.205988072   0.000000000
   sum over m+mul  0.102994036  0.102994036   0.205988072   0.000000000

    4   Si          Up spin      Down spin     Sum           Diff           Angles(Deg)
            multiple
  s           0    0.630156270  0.630156270   1.260312541   0.000000000    90.0000    0.0000
   sum over m      0.630156270  0.630156270   1.260312541   0.000000000
  s           1    0.001009129  0.001009129   0.002018257   0.000000000    90.0000    0.0000
   sum over m      0.001009129  0.001009129   0.002018257   0.000000000
   sum over m+mul  0.631165399  0.631165399   1.262330798   0.000000000
  px          0    0.419089901  0.419089901   0.838179801   0.000000000    90.0000    0.0000
  py          0    0.419089901  0.419089901   0.838179801   0.000000000    90.0000    0.0000
  pz          0    0.419089904  0.419089904   0.838179808   0.000000000    90.0000    0.0000
   sum over m      1.257269705  1.257269705   2.514539411   0.000000000
  px          1    0.002881573  0.002881573   0.005763147   0.000000000    90.0000    0.0000
  py          1    0.002881573  0.002881573   0.005763147   0.000000000    90.0000    0.0000
  pz          1    0.002881573  0.002881573   0.005763146   0.000000000    90.0000    0.0000
   sum over m      0.008644720  0.008644720   0.017289439   0.000000000
   sum over m+mul  1.265914425  1.265914425   2.531828850   0.000000000
  d3z^2-r^2   0    0.012097568  0.012097568   0.024195137   0.000000000    90.0000    0.0000
  dx^2-y^2    0    0.012097569  0.012097569   0.024195137   0.000000000    90.0000    0.0000
  dxy         0    0.026266300  0.026266300   0.052532599   0.000000000    90.0000    0.0000
  dxz         0    0.026266300  0.026266300   0.052532599   0.000000000    90.0000    0.0000
  dyz         0    0.026266300  0.026266300   0.052532599   0.000000000    90.0000    0.0000
   sum over m      0.102994036  0.102994036   0.205988072   0.000000000
   sum over m+mul  0.102994036  0.102994036   0.205988072   0.000000000

    5   Si          Up spin      Down spin     Sum           Diff           Angles(Deg)
            multiple
  s           0    0.630104908  0.630104908   1.260209815   0.000000000    90.0000    0.0000
   sum over m      0.630104908  0.630104908   1.260209815   0.000000000
  s           1    0.000984194  0.000984194   0.001968388   0.000000000    90.0000    0.0000
   sum over m      0.000984194  0.000984194   0.001968388   0.000000000
   sum over m+mul  0.631089102  0.631089102   1.262178203   0.000000000
  px          0    0.419122236  0.419122236   0.838244471   0.000000000    90.0000    0.0000
  py          0    0.419064414  0.419064414   0.838128829   0.000000000    90.0000    0.0000
  pz          0    0.419064417  0.419064417   0.838128834   0.000000000    90.0000    0.0000
   sum over m      1.257251067  1.257251067   2.514502134   0.000000000
  px          1    0.002874512  0.002874512   0.005749024   0.000000000    90.0000    0.0000
  py          1    0.002873651  0.002873651   0.005747301   0.000000000    90.0000    0.0000
  pz          1    0.002873651  0.002873651   0.005747302   0.000000000    90.0000    0.0000
   sum over m      0.008621814  0.008621814   0.017243627   0.000000000
   sum over m+mul  1.265872881  1.265872881   2.531745761   0.000000000
  d3z^2-r^2   0    0.012097701  0.012097701   0.024195402   0.000000000    90.0000    0.0000
  dx^2-y^2    0    0.012097813  0.012097813   0.024195626   0.000000000    90.0000    0.0000
  dxy         0    0.026266375  0.026266375   0.052532750   0.000000000    90.0000    0.0000
  dxz         0    0.026266375  0.026266375   0.052532750   0.000000000    90.0000    0.0000
  dyz         0    0.026266839  0.026266839   0.052533678   0.000000000    90.0000    0.0000
   sum over m      0.102995103  0.102995103   0.205990206   0.000000000
   sum over m+mul  0.102995103  0.102995103   0.205990206   0.000000000

    6   Si          Up spin      Down spin     Sum           Diff           Angles(Deg)
            multiple
  s           0    0.630153295  0.630153295   1.260306590   0.000000000    90.0000    0.0000
   sum over m      0.630153295  0.630153295   1.260306590   0.000000000
  s           1    0.001007610  0.001007610   0.002015220   0.000000000    90.0000    0.0000
   sum over m      0.001007610  0.001007610   0.002015220   0.000000000
   sum over m+mul  0.631160905  0.631160905   1.262321810   0.000000000
  px          0    0.419095504  0.419095504   0.838191009   0.000000000    90.0000    0.0000
  py          0    0.419095504  0.419095504   0.838191009   0.000000000    90.0000    0.0000
  pz          0    0.419095507  0.419095507   0.838191014   0.000000000    90.0000    0.0000
   sum over m      1.257286516  1.257286516   2.514573032   0.000000000
  px          1    0.002879989  0.002879989   0.005759977   0.000000000    90.0000    0.0000
  py          1    0.002879989  0.002879989   0.005759977   0.000000000    90.0000    0.0000
  pz          1    0.002879989  0.002879989   0.005759977   0.000000000    90.0000    0.0000
   sum over m      0.008639966  0.008639966   0.017279932   0.000000000
   sum over m+mul  1.265926482  1.265926482   2.531852963   0.000000000
  d3z^2-r^2   0    0.012097657  0.012097657   0.024195314   0.000000000    90.0000    0.0000
  dx^2-y^2    0    0.012097657  0.012097657   0.024195314   0.000000000    90.0000    0.0000
  dxy         0    0.026266326  0.026266326   0.052532651   0.000000000    90.0000    0.0000
  dxz         0    0.026266326  0.026266326   0.052532651   0.000000000    90.0000    0.0000
  dyz         0    0.026266326  0.026266326   0.052532651   0.000000000    90.0000    0.0000
   sum over m      0.102994291  0.102994291   0.205988582   0.000000000
   sum over m+mul  0.102994291  0.102994291   0.205988582   0.000000000

    7   Si          Up spin      Down spin     Sum           Diff           Angles(Deg)
            multiple
  s           0    0.630104907  0.630104907   1.260209814   0.000000000    90.0000    0.0000
   sum over m      0.630104907  0.630104907   1.260209814   0.000000000
  s           1    0.000984194  0.000984194   0.001968388   0.000000000    90.0000    0.0000
   sum over m      0.000984194  0.000984194   0.001968388   0.000000000
   sum over m+mul  0.631089101  0.631089101   1.262178202   0.000000000
  px          0    0.419064415  0.419064415   0.838128829   0.000000000    90.0000    0.0000
  py          0    0.419064415  0.419064415   0.838128829   0.000000000    90.0000    0.0000
  pz          0    0.419122237  0.419122237   0.838244474   0.000000000    90.0000    0.0000
   sum over m      1.257251066  1.257251066   2.514502132   0.000000000
  px          1    0.002873651  0.002873651   0.005747302   0.000000000    90.0000    0.0000
  py          1    0.002873651  0.002873651   0.005747302   0.000000000    90.0000    0.0000
  pz          1    0.002874512  0.002874512   0.005749024   0.000000000    90.0000    0.0000
   sum over m      0.008621814  0.008621814   0.017243628   0.000000000
   sum over m+mul  1.265872880  1.265872880   2.531745760   0.000000000
  d3z^2-r^2   0    0.012097870  0.012097870   0.024195739   0.000000000    90.0000    0.0000
  dx^2-y^2    0    0.012097645  0.012097645   0.024195290   0.000000000    90.0000    0.0000
  dxy         0    0.026266839  0.026266839   0.052533678   0.000000000    90.0000    0.0000
  dxz         0    0.026266375  0.026266375   0.052532750   0.000000000    90.0000    0.0000
  dyz         0    0.026266375  0.026266375   0.052532750   0.000000000    90.0000    0.0000
   sum over m      0.102995103  0.102995103   0.205990207   0.000000000
   sum over m+mul  0.102995103  0.102995103   0.205990207   0.000000000

    8   Si          Up spin      Down spin     Sum           Diff           Angles(Deg)
            multiple
  s           0    0.630104908  0.630104908   1.260209815   0.000000000    90.0000    0.0000
   sum over m      0.630104908  0.630104908   1.260209815   0.000000000
  s           1    0.000984194  0.000984194   0.001968388   0.000000000    90.0000    0.0000
   sum over m      0.000984194  0.000984194   0.001968388   0.000000000
   sum over m+mul  0.631089102  0.631089102   1.262178203   0.000000000
  px          0    0.419064414  0.419064414   0.838128829   0.000000000    90.0000    0.0000
  py          0    0.419122236  0.419122236   0.838244471   0.000000000    90.0000    0.0000
  pz          0    0.419064417  0.419064417   0.838128834   0.000000000    90.0000    0.0000
   sum over m      1.257251067  1.257251067   2.514502134   0.000000000
  px          1    0.002873651  0.002873651   0.005747301   0.000000000    90.0000    0.0000
  py          1    0.002874512  0.002874512   0.005749024   0.000000000    90.0000    0.0000
  pz          1    0.002873651  0.002873651   0.005747302   0.000000000    90.0000    0.0000
   sum over m      0.008621814  0.008621814   0.017243627   0.000000000
   sum over m+mul  1.265872881  1.265872881   2.531745761   0.000000000
  d3z^2-r^2   0    0.012097701  0.012097701   0.024195402   0.000000000    90.0000    0.0000
  dx^2-y^2    0    0.012097813  0.012097813   0.024195626   0.000000000    90.0000    0.0000
  dxy         0    0.026266375  0.026266375   0.052532750   0.000000000    90.0000    0.0000
  dxz         0    0.026266839  0.026266839   0.052533678   0.000000000    90.0000    0.0000
  dyz         0    0.026266375  0.026266375   0.052532750   0.000000000    90.0000    0.0000
   sum over m      0.102995103  0.102995103   0.205990206   0.000000000
   sum over m+mul  0.102995103  0.102995103   0.205990206   0.000000000

    9   Si          Up spin      Down spin     Sum           Diff           Angles(Deg)
            multiple
  s           0    0.630115635  0.630115635   1.260231270   0.000000000    90.0000    0.0000
   sum over m      0.630115635  0.630115635   1.260231270   0.000000000
  s           1    0.000987304  0.000987304   0.001974608   0.000000000    90.0000    0.0000
   sum over m      0.000987304  0.000987304   0.001974608   0.000000000
   sum over m+mul  0.631102939  0.631102939   1.262205879   0.000000000
  px          0    0.419072205  0.419072205   0.838144410   0.000000000    90.0000    0.0000
  py          0    0.419072205  0.419072205   0.838144410   0.000000000    90.0000    0.0000
  pz          0    0.419105491  0.419105491   0.838210981   0.000000000    90.0000    0.0000
   sum over m      1.257249901  1.257249901   2.514499801   0.000000000
  px          1    0.002872200  0.002872200   0.005744400   0.000000000    90.0000    0.0000
  py          1    0.002872200  0.002872200   0.005744400   0.000000000    90.0000    0.0000
  pz          1    0.002875296  0.002875296   0.005750591   0.000000000    90.0000    0.0000
   sum over m      0.008619695  0.008619695   0.017239391   0.000000000
   sum over m+mul  1.265869596  1.265869596   2.531739192   0.000000000
  d3z^2-r^2   0    0.012097861  0.012097861   0.024195723   0.000000000    90.0000    0.0000
  dx^2-y^2    0    0.012097718  0.012097718   0.024195436   0.000000000    90.0000    0.0000
  dxy         0    0.026266992  0.026266992   0.052533983   0.000000000    90.0000    0.0000
  dxz         0    0.026266486  0.026266486   0.052532973   0.000000000    90.0000    0.0000
  dyz         0    0.026266486  0.026266486   0.052532973   0.000000000    90.0000    0.0000
   sum over m      0.102995543  0.102995543   0.205991087   0.000000000
   sum over m+mul  0.102995543  0.102995543   0.205991087   0.000000000

   10   Si          Up spin      Down spin     Sum           Diff           Angles(Deg)
            multiple
  s           0    0.630153295  0.630153295   1.260306590   0.000000000    90.0000    0.0000
   sum over m      0.630153295  0.630153295   1.260306590   0.000000000
  s           1    0.001007610  0.001007610   0.002015220   0.000000000    90.0000    0.0000
   sum over m      0.001007610  0.001007610   0.002015220   0.000000000
   sum over m+mul  0.631160905  0.631160905   1.262321810   0.000000000
  px          0    0.419095504  0.419095504   0.838191009   0.000000000    90.0000    0.0000
  py          0    0.419095504  0.419095504   0.838191009   0.000000000    90.0000    0.0000
  pz          0    0.419095507  0.419095507   0.838191014   0.000000000    90.0000    0.0000
   sum over m      1.257286516  1.257286516   2.514573032   0.000000000
  px          1    0.002879989  0.002879989   0.005759977   0.000000000    90.0000    0.0000
  py          1    0.002879989  0.002879989   0.005759977   0.000000000    90.0000    0.0000
  pz          1    0.002879989  0.002879989   0.005759977   0.000000000    90.0000    0.0000
   sum over m      0.008639966  0.008639966   0.017279932   0.000000000
   sum over m+mul  1.265926482  1.265926482   2.531852963   0.000000000
  d3z^2-r^2   0    0.012097657  0.012097657   0.024195314   0.000000000    90.0000    0.0000
  dx^2-y^2    0    0.012097657  0.012097657   0.024195314   0.000000000    90.0000    0.0000
  dxy         0    0.026266326  0.026266326   0.052532651   0.000000000    90.0000    0.0000
  dxz         0    0.026266326  0.026266326   0.052532651   0.000000000    90.0000    0.0000
  dyz         0    0.026266326  0.026266326   0.052532651   0.000000000    90.0000    0.0000
   sum over m      0.102994291  0.102994291   0.205988582   0.000000000
   sum over m+mul  0.102994291  0.102994291   0.205988582   0.000000000

   11   Si          Up spin      Down spin     Sum           Diff           Angles(Deg)
            multiple
  s           0    0.630153295  0.630153295   1.260306590   0.000000000    90.0000    0.0000
   sum over m      0.630153295  0.630153295   1.260306590   0.000000000
  s           1    0.001007610  0.001007610   0.002015220   0.000000000    90.0000    0.0000
   sum over m      0.001007610  0.001007610   0.002015220   0.000000000
   sum over m+mul  0.631160905  0.631160905   1.262321810   0.000000000
  px          0    0.419095504  0.419095504   0.838191009   0.000000000    90.0000    0.0000
  py          0    0.419095504  0.419095504   0.838191009   0.000000000    90.0000    0.0000
  pz          0    0.419095507  0.419095507   0.838191014   0.000000000    90.0000    0.0000
   sum over m      1.257286516  1.257286516   2.514573032   0.000000000
  px          1    0.002879989  0.002879989   0.005759977   0.000000000    90.0000    0.0000
  py          1    0.002879989  0.002879989   0.005759977   0.000000000    90.0000    0.0000
  pz          1    0.002879989  0.002879989   0.005759977   0.000000000    90.0000    0.0000
   sum over m      0.008639966  0.008639966   0.017279932   0.000000000
   sum over m+mul  1.265926482  1.265926482   2.531852963   0.000000000
  d3z^2-r^2   0    0.012097657  0.012097657   0.024195314   0.000000000    90.0000    0.0000
  dx^2-y^2    0    0.012097657  0.012097657   0.024195314   0.000000000    90.0000    0.0000
  dxy         0    0.026266326  0.026266326   0.052532651   0.000000000    90.0000    0.0000
  dxz         0    0.026266326  0.026266326   0.052532651   0.000000000    90.0000    0.0000
  dyz         0    0.026266326  0.026266326   0.052532651   0.000000000    90.0000    0.0000
   sum over m      0.102994291  0.102994291   0.205988582   0.000000000
   sum over m+mul  0.102994291  0.102994291   0.205988582   0.000000000

   12   Si          Up spin      Down spin     Sum           Diff           Angles(Deg)
            multiple
  s           0    0.630115635  0.630115635   1.260231270   0.000000000    90.0000    0.0000
   sum over m      0.630115635  0.630115635   1.260231270   0.000000000
  s           1    0.000987304  0.000987304   0.001974608   0.000000000    90.0000    0.0000
   sum over m      0.000987304  0.000987304   0.001974608   0.000000000
   sum over m+mul  0.631102939  0.631102939   1.262205879   0.000000000
  px          0    0.419072205  0.419072205   0.838144410   0.000000000    90.0000    0.0000
  py          0    0.419072205  0.419072205   0.838144410   0.000000000    90.0000    0.0000
  pz          0    0.419105491  0.419105491   0.838210981   0.000000000    90.0000    0.0000
   sum over m      1.257249901  1.257249901   2.514499801   0.000000000
  px          1    0.002872200  0.002872200   0.005744400   0.000000000    90.0000    0.0000
  py          1    0.002872200  0.002872200   0.005744400   0.000000000    90.0000    0.0000
  pz          1    0.002875296  0.002875296   0.005750591   0.000000000    90.0000    0.0000
   sum over m      0.008619695  0.008619695   0.017239391   0.000000000
   sum over m+mul  1.265869596  1.265869596   2.531739192   0.000000000
  d3z^2-r^2   0    0.012097861  0.012097861   0.024195723   0.000000000    90.0000    0.0000
  dx^2-y^2    0    0.012097718  0.012097718   0.024195436   0.000000000    90.0000    0.0000
  dxy         0    0.026266992  0.026266992   0.052533983   0.000000000    90.0000    0.0000
  dxz         0    0.026266486  0.026266486   0.052532973   0.000000000    90.0000    0.0000
  dyz         0    0.026266486  0.026266486   0.052532973   0.000000000    90.0000    0.0000
   sum over m      0.102995543  0.102995543   0.205991087   0.000000000
   sum over m+mul  0.102995543  0.102995543   0.205991087   0.000000000

   13   Si          Up spin      Down spin     Sum           Diff           Angles(Deg)
            multiple
  s           0    0.630115635  0.630115635   1.260231270   0.000000000    90.0000    0.0000
   sum over m      0.630115635  0.630115635   1.260231270   0.000000000
  s           1    0.000987305  0.000987305   0.001974609   0.000000000    90.0000    0.0000
   sum over m      0.000987305  0.000987305   0.001974609   0.000000000
   sum over m+mul  0.631102940  0.631102940   1.262205880   0.000000000
  px          0    0.419072204  0.419072204   0.838144408   0.000000000    90.0000    0.0000
  py          0    0.419105489  0.419105489   0.838210977   0.000000000    90.0000    0.0000
  pz          0    0.419072207  0.419072207   0.838144413   0.000000000    90.0000    0.0000
   sum over m      1.257249899  1.257249899   2.514499798   0.000000000
  px          1    0.002872200  0.002872200   0.005744400   0.000000000    90.0000    0.0000
  py          1    0.002875296  0.002875296   0.005750591   0.000000000    90.0000    0.0000
  pz          1    0.002872200  0.002872200   0.005744400   0.000000000    90.0000    0.0000
   sum over m      0.008619696  0.008619696   0.017239391   0.000000000
   sum over m+mul  1.265869595  1.265869595   2.531739189   0.000000000
  d3z^2-r^2   0    0.012097754  0.012097754   0.024195508   0.000000000    90.0000    0.0000
  dx^2-y^2    0    0.012097825  0.012097825   0.024195651   0.000000000    90.0000    0.0000
  dxy         0    0.026266486  0.026266486   0.052532972   0.000000000    90.0000    0.0000
  dxz         0    0.026266992  0.026266992   0.052533983   0.000000000    90.0000    0.0000
  dyz         0    0.026266486  0.026266486   0.052532973   0.000000000    90.0000    0.0000
   sum over m      0.102995543  0.102995543   0.205991087   0.000000000
   sum over m+mul  0.102995543  0.102995543   0.205991087   0.000000000

   14   Si          Up spin      Down spin     Sum           Diff           Angles(Deg)
            multiple
  s           0    0.630115635  0.630115635   1.260231270   0.000000000    90.0000    0.0000
   sum over m      0.630115635  0.630115635   1.260231270   0.000000000
  s           1    0.000987304  0.000987304   0.001974608   0.000000000    90.0000    0.0000
   sum over m      0.000987304  0.000987304   0.001974608   0.000000000
   sum over m+mul  0.631102939  0.631102939   1.262205879   0.000000000
  px          0    0.419072205  0.419072205   0.838144410   0.000000000    90.0000    0.0000
  py          0    0.419072205  0.419072205   0.838144410   0.000000000    90.0000    0.0000
  pz          0    0.419105491  0.419105491   0.838210981   0.000000000    90.0000    0.0000
   sum over m      1.257249901  1.257249901   2.514499801   0.000000000
  px          1    0.002872200  0.002872200   0.005744400   0.000000000    90.0000    0.0000
  py          1    0.002872200  0.002872200   0.005744400   0.000000000    90.0000    0.0000
  pz          1    0.002875296  0.002875296   0.005750591   0.000000000    90.0000    0.0000
   sum over m      0.008619695  0.008619695   0.017239391   0.000000000
   sum over m+mul  1.265869596  1.265869596   2.531739192   0.000000000
  d3z^2-r^2   0    0.012097861  0.012097861   0.024195723   0.000000000    90.0000    0.0000
  dx^2-y^2    0    0.012097718  0.012097718   0.024195436   0.000000000    90.0000    0.0000
  dxy         0    0.026266992  0.026266992   0.052533983   0.000000000    90.0000    0.0000
  dxz         0    0.026266486  0.026266486   0.052532973   0.000000000    90.0000    0.0000
  dyz         0    0.026266486  0.026266486   0.052532973   0.000000000    90.0000    0.0000
   sum over m      0.102995543  0.102995543   0.205991087   0.000000000
   sum over m+mul  0.102995543  0.102995543   0.205991087   0.000000000

   15   Si          Up spin      Down spin     Sum           Diff           Angles(Deg)
            multiple
  s           0    0.630165536  0.630165536   1.260331072   0.000000000    90.0000    0.0000
   sum over m      0.630165536  0.630165536   1.260331072   0.000000000
  s           1    0.001005682  0.001005682   0.002011364   0.000000000    90.0000    0.0000
   sum over m      0.001005682  0.001005682   0.002011364   0.000000000
   sum over m+mul  0.631171218  0.631171218   1.262342436   0.000000000
  px          0    0.419068739  0.419068739   0.838137479   0.000000000    90.0000    0.0000
  py          0    0.419068739  0.419068739   0.838137479   0.000000000    90.0000    0.0000
  pz          0    0.419068743  0.419068743   0.838137486   0.000000000    90.0000    0.0000
   sum over m      1.257206221  1.257206221   2.514412443   0.000000000
  px          1    0.002882554  0.002882554   0.005765109   0.000000000    90.0000    0.0000
  py          1    0.002882554  0.002882554   0.005765109   0.000000000    90.0000    0.0000
  pz          1    0.002882555  0.002882555   0.005765109   0.000000000    90.0000    0.0000
   sum over m      0.008647663  0.008647663   0.017295327   0.000000000
   sum over m+mul  1.265853885  1.265853885   2.531707770   0.000000000
  d3z^2-r^2   0    0.012097730  0.012097730   0.024195459   0.000000000    90.0000    0.0000
  dx^2-y^2    0    0.012097729  0.012097729   0.024195459   0.000000000    90.0000    0.0000
  dxy         0    0.026265946  0.026265946   0.052531892   0.000000000    90.0000    0.0000
  dxz         0    0.026265946  0.026265946   0.052531892   0.000000000    90.0000    0.0000
  dyz         0    0.026265946  0.026265946   0.052531892   0.000000000    90.0000    0.0000
   sum over m      0.102993297  0.102993297   0.205986594   0.000000000
   sum over m+mul  0.102993297  0.102993297   0.205986594   0.000000000

   16   Si          Up spin      Down spin     Sum           Diff           Angles(Deg)
            multiple
  s           0    0.630115635  0.630115635   1.260231270   0.000000000    90.0000    0.0000
   sum over m      0.630115635  0.630115635   1.260231270   0.000000000
  s           1    0.000987305  0.000987305   0.001974609   0.000000000    90.0000    0.0000
   sum over m      0.000987305  0.000987305   0.001974609   0.000000000
   sum over m+mul  0.631102940  0.631102940   1.262205880   0.000000000
  px          0    0.419105489  0.419105489   0.838210977   0.000000000    90.0000    0.0000
  py          0    0.419072204  0.419072204   0.838144408   0.000000000    90.0000    0.0000
  pz          0    0.419072207  0.419072207   0.838144413   0.000000000    90.0000    0.0000
   sum over m      1.257249899  1.257249899   2.514499798   0.000000000
  px          1    0.002875296  0.002875296   0.005750591   0.000000000    90.0000    0.0000
  py          1    0.002872200  0.002872200   0.005744400   0.000000000    90.0000    0.0000
  pz          1    0.002872200  0.002872200   0.005744400   0.000000000    90.0000    0.0000
   sum over m      0.008619696  0.008619696   0.017239391   0.000000000
   sum over m+mul  1.265869595  1.265869595   2.531739189   0.000000000
  d3z^2-r^2   0    0.012097754  0.012097754   0.024195508   0.000000000    90.0000    0.0000
  dx^2-y^2    0    0.012097825  0.012097825   0.024195651   0.000000000    90.0000    0.0000
  dxy         0    0.026266486  0.026266486   0.052532972   0.000000000    90.0000    0.0000
  dxz         0    0.026266486  0.026266486   0.052532973   0.000000000    90.0000    0.0000
  dyz         0    0.026266992  0.026266992   0.052533983   0.000000000    90.0000    0.0000
   sum over m      0.102995543  0.102995543   0.205991087   0.000000000
   sum over m+mul  0.102995543  0.102995543   0.205991087   0.000000000

   17   Si          Up spin      Down spin     Sum           Diff           Angles(Deg)
            multiple
  s           0    0.630153295  0.630153295   1.260306590   0.000000000    90.0000    0.0000
   sum over m      0.630153295  0.630153295   1.260306590   0.000000000
  s           1    0.001007610  0.001007610   0.002015220   0.000000000    90.0000    0.0000
   sum over m      0.001007610  0.001007610   0.002015220   0.000000000
   sum over m+mul  0.631160905  0.631160905   1.262321810   0.000000000
  px          0    0.419095504  0.419095504   0.838191009   0.000000000    90.0000    0.0000
  py          0    0.419095504  0.419095504   0.838191009   0.000000000    90.0000    0.0000
  pz          0    0.419095507  0.419095507   0.838191014   0.000000000    90.0000    0.0000
   sum over m      1.257286516  1.257286516   2.514573032   0.000000000
  px          1    0.002879989  0.002879989   0.005759977   0.000000000    90.0000    0.0000
  py          1    0.002879989  0.002879989   0.005759977   0.000000000    90.0000    0.0000
  pz          1    0.002879989  0.002879989   0.005759977   0.000000000    90.0000    0.0000
   sum over m      0.008639966  0.008639966   0.017279932   0.000000000
   sum over m+mul  1.265926482  1.265926482   2.531852963   0.000000000
  d3z^2-r^2   0    0.012097657  0.012097657   0.024195314   0.000000000    90.0000    0.0000
  dx^2-y^2    0    0.012097657  0.012097657   0.024195314   0.000000000    90.0000    0.0000
  dxy         0    0.026266326  0.026266326   0.052532651   0.000000000    90.0000    0.0000
  dxz         0    0.026266326  0.026266326   0.052532651   0.000000000    90.0000    0.0000
  dyz         0    0.026266326  0.026266326   0.052532651   0.000000000    90.0000    0.0000
   sum over m      0.102994291  0.102994291   0.205988582   0.000000000
   sum over m+mul  0.102994291  0.102994291   0.205988582   0.000000000

   18   Si          Up spin      Down spin     Sum           Diff           Angles(Deg)
            multiple
  s           0    0.630115635  0.630115635   1.260231270   0.000000000    90.0000    0.0000
   sum over m      0.630115635  0.630115635   1.260231270   0.000000000
  s           1    0.000987304  0.000987304   0.001974608   0.000000000    90.0000    0.0000
   sum over m      0.000987304  0.000987304   0.001974608   0.000000000
   sum over m+mul  0.631102939  0.631102939   1.262205879   0.000000000
  px          0    0.419072205  0.419072205   0.838144410   0.000000000    90.0000    0.0000
  py          0    0.419072205  0.419072205   0.838144410   0.000000000    90.0000    0.0000
  pz          0    0.419105491  0.419105491   0.838210981   0.000000000    90.0000    0.0000
   sum over m      1.257249901  1.257249901   2.514499801   0.000000000
  px          1    0.002872200  0.002872200   0.005744400   0.000000000    90.0000    0.0000
  py          1    0.002872200  0.002872200   0.005744400   0.000000000    90.0000    0.0000
  pz          1    0.002875296  0.002875296   0.005750591   0.000000000    90.0000    0.0000
   sum over m      0.008619695  0.008619695   0.017239391   0.000000000
   sum over m+mul  1.265869596  1.265869596   2.531739192   0.000000000
  d3z^2-r^2   0    0.012097861  0.012097861   0.024195723   0.000000000    90.0000    0.0000
  dx^2-y^2    0    0.012097718  0.012097718   0.024195436   0.000000000    90.0000    0.0000
  dxy         0    0.026266992  0.026266992   0.052533983   0.000000000    90.0000    0.0000
  dxz         0    0.026266486  0.026266486   0.052532973   0.000000000    90.0000    0.0000
  dyz         0    0.026266486  0.026266486   0.052532973   0.000000000    90.0000    0.0000
   sum over m      0.102995543  0.102995543   0.205991087   0.000000000
   sum over m+mul  0.102995543  0.102995543   0.205991087   0.000000000

   19   Si          Up spin      Down spin     Sum           Diff           Angles(Deg)
            multiple
  s           0    0.630115635  0.630115635   1.260231270   0.000000000    90.0000    0.0000
   sum over m      0.630115635  0.630115635   1.260231270   0.000000000
  s           1    0.000987304  0.000987304   0.001974608   0.000000000    90.0000    0.0000
   sum over m      0.000987304  0.000987304   0.001974608   0.000000000
   sum over m+mul  0.631102939  0.631102939   1.262205879   0.000000000
  px          0    0.419072205  0.419072205   0.838144410   0.000000000    90.0000    0.0000
  py          0    0.419072205  0.419072205   0.838144410   0.000000000    90.0000    0.0000
  pz          0    0.419105491  0.419105491   0.838210981   0.000000000    90.0000    0.0000
   sum over m      1.257249901  1.257249901   2.514499801   0.000000000
  px          1    0.002872200  0.002872200   0.005744400   0.000000000    90.0000    0.0000
  py          1    0.002872200  0.002872200   0.005744400   0.000000000    90.0000    0.0000
  pz          1    0.002875296  0.002875296   0.005750591   0.000000000    90.0000    0.0000
   sum over m      0.008619695  0.008619695   0.017239391   0.000000000
   sum over m+mul  1.265869596  1.265869596   2.531739192   0.000000000
  d3z^2-r^2   0    0.012097861  0.012097861   0.024195723   0.000000000    90.0000    0.0000
  dx^2-y^2    0    0.012097718  0.012097718   0.024195436   0.000000000    90.0000    0.0000
  dxy         0    0.026266992  0.026266992   0.052533983   0.000000000    90.0000    0.0000
  dxz         0    0.026266486  0.026266486   0.052532973   0.000000000    90.0000    0.0000
  dyz         0    0.026266486  0.026266486   0.052532973   0.000000000    90.0000    0.0000
   sum over m      0.102995543  0.102995543   0.205991087   0.000000000
   sum over m+mul  0.102995543  0.102995543   0.205991087   0.000000000

   20   Si          Up spin      Down spin     Sum           Diff           Angles(Deg)
            multiple
  s           0    0.630153295  0.630153295   1.260306590   0.000000000    90.0000    0.0000
   sum over m      0.630153295  0.630153295   1.260306590   0.000000000
  s           1    0.001007610  0.001007610   0.002015220   0.000000000    90.0000    0.0000
   sum over m      0.001007610  0.001007610   0.002015220   0.000000000
   sum over m+mul  0.631160905  0.631160905   1.262321810   0.000000000
  px          0    0.419095504  0.419095504   0.838191009   0.000000000    90.0000    0.0000
  py          0    0.419095504  0.419095504   0.838191009   0.000000000    90.0000    0.0000
  pz          0    0.419095507  0.419095507   0.838191014   0.000000000    90.0000    0.0000
   sum over m      1.257286516  1.257286516   2.514573032   0.000000000
  px          1    0.002879989  0.002879989   0.005759977   0.000000000    90.0000    0.0000
  py          1    0.002879989  0.002879989   0.005759977   0.000000000    90.0000    0.0000
  pz          1    0.002879989  0.002879989   0.005759977   0.000000000    90.0000    0.0000
   sum over m      0.008639966  0.008639966   0.017279932   0.000000000
   sum over m+mul  1.265926482  1.265926482   2.531852963   0.000000000
  d3z^2-r^2   0    0.012097657  0.012097657   0.024195314   0.000000000    90.0000    0.0000
  dx^2-y^2    0    0.012097657  0.012097657   0.024195314   0.000000000    90.0000    0.0000
  dxy         0    0.026266326  0.026266326   0.052532651   0.000000000    90.0000    0.0000
  dxz         0    0.026266326  0.026266326   0.052532651   0.000000000    90.0000    0.0000
  dyz         0    0.026266326  0.026266326   0.052532651   0.000000000    90.0000    0.0000
   sum over m      0.102994291  0.102994291   0.205988582   0.000000000
   sum over m+mul  0.102994291  0.102994291   0.205988582   0.000000000

   21   Si          Up spin      Down spin     Sum           Diff           Angles(Deg)
            multiple
  s           0    0.630115635  0.630115635   1.260231270   0.000000000    90.0000    0.0000
   sum over m      0.630115635  0.630115635   1.260231270   0.000000000
  s           1    0.000987305  0.000987305   0.001974609   0.000000000    90.0000    0.0000
   sum over m      0.000987305  0.000987305   0.001974609   0.000000000
   sum over m+mul  0.631102940  0.631102940   1.262205880   0.000000000
  px          0    0.419072204  0.419072204   0.838144408   0.000000000    90.0000    0.0000
  py          0    0.419105489  0.419105489   0.838210977   0.000000000    90.0000    0.0000
  pz          0    0.419072207  0.419072207   0.838144413   0.000000000    90.0000    0.0000
   sum over m      1.257249899  1.257249899   2.514499798   0.000000000
  px          1    0.002872200  0.002872200   0.005744400   0.000000000    90.0000    0.0000
  py          1    0.002875296  0.002875296   0.005750591   0.000000000    90.0000    0.0000
  pz          1    0.002872200  0.002872200   0.005744400   0.000000000    90.0000    0.0000
   sum over m      0.008619696  0.008619696   0.017239391   0.000000000
   sum over m+mul  1.265869595  1.265869595   2.531739189   0.000000000
  d3z^2-r^2   0    0.012097754  0.012097754   0.024195508   0.000000000    90.0000    0.0000
  dx^2-y^2    0    0.012097825  0.012097825   0.024195651   0.000000000    90.0000    0.0000
  dxy         0    0.026266486  0.026266486   0.052532972   0.000000000    90.0000    0.0000
  dxz         0    0.026266992  0.026266992   0.052533983   0.000000000    90.0000    0.0000
  dyz         0    0.026266486  0.026266486   0.052532973   0.000000000    90.0000    0.0000
   sum over m      0.102995543  0.102995543   0.205991087   0.000000000
   sum over m+mul  0.102995543  0.102995543   0.205991087   0.000000000

   22   Si          Up spin      Down spin     Sum           Diff           Angles(Deg)
            multiple
  s           0    0.630156270  0.630156270   1.260312541   0.000000000    90.0000    0.0000
   sum over m      0.630156270  0.630156270   1.260312541   0.000000000
  s           1    0.001009129  0.001009129   0.002018257   0.000000000    90.0000    0.0000
   sum over m      0.001009129  0.001009129   0.002018257   0.000000000
   sum over m+mul  0.631165399  0.631165399   1.262330798   0.000000000
  px          0    0.419089901  0.419089901   0.838179801   0.000000000    90.0000    0.0000
  py          0    0.419089901  0.419089901   0.838179801   0.000000000    90.0000    0.0000
  pz          0    0.419089904  0.419089904   0.838179808   0.000000000    90.0000    0.0000
   sum over m      1.257269705  1.257269705   2.514539411   0.000000000
  px          1    0.002881573  0.002881573   0.005763147   0.000000000    90.0000    0.0000
  py          1    0.002881573  0.002881573   0.005763147   0.000000000    90.0000    0.0000
  pz          1    0.002881573  0.002881573   0.005763146   0.000000000    90.0000    0.0000
   sum over m      0.008644720  0.008644720   0.017289439   0.000000000
   sum over m+mul  1.265914425  1.265914425   2.531828850   0.000000000
  d3z^2-r^2   0    0.012097568  0.012097568   0.024195137   0.000000000    90.0000    0.0000
  dx^2-y^2    0    0.012097569  0.012097569   0.024195137   0.000000000    90.0000    0.0000
  dxy         0    0.026266300  0.026266300   0.052532599   0.000000000    90.0000    0.0000
  dxz         0    0.026266300  0.026266300   0.052532599   0.000000000    90.0000    0.0000
  dyz         0    0.026266300  0.026266300   0.052532599   0.000000000    90.0000    0.0000
   sum over m      0.102994036  0.102994036   0.205988072   0.000000000
   sum over m+mul  0.102994036  0.102994036   0.205988072   0.000000000

   23   Si          Up spin      Down spin     Sum           Diff           Angles(Deg)
            multiple
  s           0    0.630104907  0.630104907   1.260209814   0.000000000    90.0000    0.0000
   sum over m      0.630104907  0.630104907   1.260209814   0.000000000
  s           1    0.000984194  0.000984194   0.001968388   0.000000000    90.0000    0.0000
   sum over m      0.000984194  0.000984194   0.001968388   0.000000000
   sum over m+mul  0.631089101  0.631089101   1.262178202   0.000000000
  px          0    0.419064415  0.419064415   0.838128829   0.000000000    90.0000    0.0000
  py          0    0.419064415  0.419064415   0.838128829   0.000000000    90.0000    0.0000
  pz          0    0.419122237  0.419122237   0.838244474   0.000000000    90.0000    0.0000
   sum over m      1.257251066  1.257251066   2.514502132   0.000000000
  px          1    0.002873651  0.002873651   0.005747302   0.000000000    90.0000    0.0000
  py          1    0.002873651  0.002873651   0.005747302   0.000000000    90.0000    0.0000
  pz          1    0.002874512  0.002874512   0.005749024   0.000000000    90.0000    0.0000
   sum over m      0.008621814  0.008621814   0.017243628   0.000000000
   sum over m+mul  1.265872880  1.265872880   2.531745760   0.000000000
  d3z^2-r^2   0    0.012097870  0.012097870   0.024195739   0.000000000    90.0000    0.0000
  dx^2-y^2    0    0.012097645  0.012097645   0.024195290   0.000000000    90.0000    0.0000
  dxy         0    0.026266839  0.026266839   0.052533678   0.000000000    90.0000    0.0000
  dxz         0    0.026266375  0.026266375   0.052532750   0.000000000    90.0000    0.0000
  dyz         0    0.026266375  0.026266375   0.052532750   0.000000000    90.0000    0.0000
   sum over m      0.102995103  0.102995103   0.205990207   0.000000000
   sum over m+mul  0.102995103  0.102995103   0.205990207   0.000000000

   24   Si          Up spin      Down spin     Sum           Diff           Angles(Deg)
            multiple
  s           0    0.630115635  0.630115635   1.260231270   0.000000000    90.0000    0.0000
   sum over m      0.630115635  0.630115635   1.260231270   0.000000000
  s           1    0.000987305  0.000987305   0.001974609   0.000000000    90.0000    0.0000
   sum over m      0.000987305  0.000987305   0.001974609   0.000000000
   sum over m+mul  0.631102940  0.631102940   1.262205880   0.000000000
  px          0    0.419105489  0.419105489   0.838210977   0.000000000    90.0000    0.0000
  py          0    0.419072204  0.419072204   0.838144408   0.000000000    90.0000    0.0000
  pz          0    0.419072207  0.419072207   0.838144413   0.000000000    90.0000    0.0000
   sum over m      1.257249899  1.257249899   2.514499798   0.000000000
  px          1    0.002875296  0.002875296   0.005750591   0.000000000    90.0000    0.0000
  py          1    0.002872200  0.002872200   0.005744400   0.000000000    90.0000    0.0000
  pz          1    0.002872200  0.002872200   0.005744400   0.000000000    90.0000    0.0000
   sum over m      0.008619696  0.008619696   0.017239391   0.000000000
   sum over m+mul  1.265869595  1.265869595   2.531739189   0.000000000
  d3z^2-r^2   0    0.012097754  0.012097754   0.024195508   0.000000000    90.0000    0.0000
  dx^2-y^2    0    0.012097825  0.012097825   0.024195651   0.000000000    90.0000    0.0000
  dxy         0    0.026266486  0.026266486   0.052532972   0.000000000    90.0000    0.0000
  dxz         0    0.026266486  0.026266486   0.052532973   0.000000000    90.0000    0.0000
  dyz         0    0.026266992  0.026266992   0.052533983   0.000000000    90.0000    0.0000
   sum over m      0.102995543  0.102995543   0.205991087   0.000000000
   sum over m+mul  0.102995543  0.102995543   0.205991087   0.000000000

   25   Si          Up spin      Down spin     Sum           Diff           Angles(Deg)
            multiple
  s           0    0.630115635  0.630115635   1.260231270   0.000000000    90.0000    0.0000
   sum over m      0.630115635  0.630115635   1.260231270   0.000000000
  s           1    0.000987305  0.000987305   0.001974609   0.000000000    90.0000    0.0000
   sum over m      0.000987305  0.000987305   0.001974609   0.000000000
   sum over m+mul  0.631102940  0.631102940   1.262205880   0.000000000
  px          0    0.419072204  0.419072204   0.838144408   0.000000000    90.0000    0.0000
  py          0    0.419105489  0.419105489   0.838210977   0.000000000    90.0000    0.0000
  pz          0    0.419072207  0.419072207   0.838144413   0.000000000    90.0000    0.0000
   sum over m      1.257249899  1.257249899   2.514499798   0.000000000
  px          1    0.002872200  0.002872200   0.005744400   0.000000000    90.0000    0.0000
  py          1    0.002875296  0.002875296   0.005750591   0.000000000    90.0000    0.0000
  pz          1    0.002872200  0.002872200   0.005744400   0.000000000    90.0000    0.0000
   sum over m      0.008619696  0.008619696   0.017239391   0.000000000
   sum over m+mul  1.265869595  1.265869595   2.531739189   0.000000000
  d3z^2-r^2   0    0.012097754  0.012097754   0.024195508   0.000000000    90.0000    0.0000
  dx^2-y^2    0    0.012097825  0.012097825   0.024195651   0.000000000    90.0000    0.0000
  dxy         0    0.026266486  0.026266486   0.052532972   0.000000000    90.0000    0.0000
  dxz         0    0.026266992  0.026266992   0.052533983   0.000000000    90.0000    0.0000
  dyz         0    0.026266486  0.026266486   0.052532973   0.000000000    90.0000    0.0000
   sum over m      0.102995543  0.102995543   0.205991087   0.000000000
   sum over m+mul  0.102995543  0.102995543   0.205991087   0.000000000

   26   Si          Up spin      Down spin     Sum           Diff           Angles(Deg)
            multiple
  s           0    0.630115635  0.630115635   1.260231270   0.000000000    90.0000    0.0000
   sum over m      0.630115635  0.630115635   1.260231270   0.000000000
  s           1    0.000987305  0.000987305   0.001974609   0.000000000    90.0000    0.0000
   sum over m      0.000987305  0.000987305   0.001974609   0.000000000
   sum over m+mul  0.631102940  0.631102940   1.262205880   0.000000000
  px          0    0.419072204  0.419072204   0.838144408   0.000000000    90.0000    0.0000
  py          0    0.419105489  0.419105489   0.838210977   0.000000000    90.0000    0.0000
  pz          0    0.419072207  0.419072207   0.838144413   0.000000000    90.0000    0.0000
   sum over m      1.257249899  1.257249899   2.514499798   0.000000000
  px          1    0.002872200  0.002872200   0.005744400   0.000000000    90.0000    0.0000
  py          1    0.002875296  0.002875296   0.005750591   0.000000000    90.0000    0.0000
  pz          1    0.002872200  0.002872200   0.005744400   0.000000000    90.0000    0.0000
   sum over m      0.008619696  0.008619696   0.017239391   0.000000000
   sum over m+mul  1.265869595  1.265869595   2.531739189   0.000000000
  d3z^2-r^2   0    0.012097754  0.012097754   0.024195508   0.000000000    90.0000    0.0000
  dx^2-y^2    0    0.012097825  0.012097825   0.024195651   0.000000000    90.0000    0.0000
  dxy         0    0.026266486  0.026266486   0.052532972   0.000000000    90.0000    0.0000
  dxz         0    0.026266992  0.026266992   0.052533983   0.000000000    90.0000    0.0000
  dyz         0    0.026266486  0.026266486   0.052532973   0.000000000    90.0000    0.0000
   sum over m      0.102995543  0.102995543   0.205991087   0.000000000
   sum over m+mul  0.102995543  0.102995543   0.205991087   0.000000000

   27   Si          Up spin      Down spin     Sum           Diff           Angles(Deg)
            multiple
  s           0    0.630153295  0.630153295   1.260306590   0.000000000    90.0000    0.0000
   sum over m      0.630153295  0.630153295   1.260306590   0.000000000
  s           1    0.001007610  0.001007610   0.002015220   0.000000000    90.0000    0.0000
   sum over m      0.001007610  0.001007610   0.002015220   0.000000000
   sum over m+mul  0.631160905  0.631160905   1.262321810   0.000000000
  px          0    0.419095504  0.419095504   0.838191009   0.000000000    90.0000    0.0000
  py          0    0.419095504  0.419095504   0.838191009   0.000000000    90.0000    0.0000
  pz          0    0.419095507  0.419095507   0.838191014   0.000000000    90.0000    0.0000
   sum over m      1.257286516  1.257286516   2.514573032   0.000000000
  px          1    0.002879989  0.002879989   0.005759977   0.000000000    90.0000    0.0000
  py          1    0.002879989  0.002879989   0.005759977   0.000000000    90.0000    0.0000
  pz          1    0.002879989  0.002879989   0.005759977   0.000000000    90.0000    0.0000
   sum over m      0.008639966  0.008639966   0.017279932   0.000000000
   sum over m+mul  1.265926482  1.265926482   2.531852963   0.000000000
  d3z^2-r^2   0    0.012097657  0.012097657   0.024195314   0.000000000    90.0000    0.0000
  dx^2-y^2    0    0.012097657  0.012097657   0.024195314   0.000000000    90.0000    0.0000
  dxy         0    0.026266326  0.026266326   0.052532651   0.000000000    90.0000    0.0000
  dxz         0    0.026266326  0.026266326   0.052532651   0.000000000    90.0000    0.0000
  dyz         0    0.026266326  0.026266326   0.052532651   0.000000000    90.0000    0.0000
   sum over m      0.102994291  0.102994291   0.205988582   0.000000000
   sum over m+mul  0.102994291  0.102994291   0.205988582   0.000000000

   28   Si          Up spin      Down spin     Sum           Diff           Angles(Deg)
            multiple
  s           0    0.630153295  0.630153295   1.260306590   0.000000000    90.0000    0.0000
   sum over m      0.630153295  0.630153295   1.260306590   0.000000000
  s           1    0.001007610  0.001007610   0.002015220   0.000000000    90.0000    0.0000
   sum over m      0.001007610  0.001007610   0.002015220   0.000000000
   sum over m+mul  0.631160905  0.631160905   1.262321810   0.000000000
  px          0    0.419095504  0.419095504   0.838191009   0.000000000    90.0000    0.0000
  py          0    0.419095504  0.419095504   0.838191009   0.000000000    90.0000    0.0000
  pz          0    0.419095507  0.419095507   0.838191014   0.000000000    90.0000    0.0000
   sum over m      1.257286516  1.257286516   2.514573032   0.000000000
  px          1    0.002879989  0.002879989   0.005759977   0.000000000    90.0000    0.0000
  py          1    0.002879989  0.002879989   0.005759977   0.000000000    90.0000    0.0000
  pz          1    0.002879989  0.002879989   0.005759977   0.000000000    90.0000    0.0000
   sum over m      0.008639966  0.008639966   0.017279932   0.000000000
   sum over m+mul  1.265926482  1.265926482   2.531852963   0.000000000
  d3z^2-r^2   0    0.012097657  0.012097657   0.024195314   0.000000000    90.0000    0.0000
  dx^2-y^2    0    0.012097657  0.012097657   0.024195314   0.000000000    90.0000    0.0000
  dxy         0    0.026266326  0.026266326   0.052532651   0.000000000    90.0000    0.0000
  dxz         0    0.026266326  0.026266326   0.052532651   0.000000000    90.0000    0.0000
  dyz         0    0.026266326  0.026266326   0.052532651   0.000000000    90.0000    0.0000
   sum over m      0.102994291  0.102994291   0.205988582   0.000000000
   sum over m+mul  0.102994291  0.102994291   0.205988582   0.000000000

   29   Si          Up spin      Down spin     Sum           Diff           Angles(Deg)
            multiple
  s           0    0.630115635  0.630115635   1.260231270   0.000000000    90.0000    0.0000
   sum over m      0.630115635  0.630115635   1.260231270   0.000000000
  s           1    0.000987304  0.000987304   0.001974608   0.000000000    90.0000    0.0000
   sum over m      0.000987304  0.000987304   0.001974608   0.000000000
   sum over m+mul  0.631102939  0.631102939   1.262205879   0.000000000
  px          0    0.419072205  0.419072205   0.838144410   0.000000000    90.0000    0.0000
  py          0    0.419072205  0.419072205   0.838144410   0.000000000    90.0000    0.0000
  pz          0    0.419105491  0.419105491   0.838210981   0.000000000    90.0000    0.0000
   sum over m      1.257249901  1.257249901   2.514499801   0.000000000
  px          1    0.002872200  0.002872200   0.005744400   0.000000000    90.0000    0.0000
  py          1    0.002872200  0.002872200   0.005744400   0.000000000    90.0000    0.0000
  pz          1    0.002875296  0.002875296   0.005750591   0.000000000    90.0000    0.0000
   sum over m      0.008619695  0.008619695   0.017239391   0.000000000
   sum over m+mul  1.265869596  1.265869596   2.531739192   0.000000000
  d3z^2-r^2   0    0.012097861  0.012097861   0.024195723   0.000000000    90.0000    0.0000
  dx^2-y^2    0    0.012097718  0.012097718   0.024195436   0.000000000    90.0000    0.0000
  dxy         0    0.026266992  0.026266992   0.052533983   0.000000000    90.0000    0.0000
  dxz         0    0.026266486  0.026266486   0.052532973   0.000000000    90.0000    0.0000
  dyz         0    0.026266486  0.026266486   0.052532973   0.000000000    90.0000    0.0000
   sum over m      0.102995543  0.102995543   0.205991087   0.000000000
   sum over m+mul  0.102995543  0.102995543   0.205991087   0.000000000

   30   Si          Up spin      Down spin     Sum           Diff           Angles(Deg)
            multiple
  s           0    0.630115635  0.630115635   1.260231270   0.000000000    90.0000    0.0000
   sum over m      0.630115635  0.630115635   1.260231270   0.000000000
  s           1    0.000987305  0.000987305   0.001974609   0.000000000    90.0000    0.0000
   sum over m      0.000987305  0.000987305   0.001974609   0.000000000
   sum over m+mul  0.631102940  0.631102940   1.262205880   0.000000000
  px          0    0.419072204  0.419072204   0.838144408   0.000000000    90.0000    0.0000
  py          0    0.419105489  0.419105489   0.838210977   0.000000000    90.0000    0.0000
  pz          0    0.419072207  0.419072207   0.838144413   0.000000000    90.0000    0.0000
   sum over m      1.257249899  1.257249899   2.514499798   0.000000000
  px          1    0.002872200  0.002872200   0.005744400   0.000000000    90.0000    0.0000
  py          1    0.002875296  0.002875296   0.005750591   0.000000000    90.0000    0.0000
  pz          1    0.002872200  0.002872200   0.005744400   0.000000000    90.0000    0.0000
   sum over m      0.008619696  0.008619696   0.017239391   0.000000000
   sum over m+mul  1.265869595  1.265869595   2.531739189   0.000000000
  d3z^2-r^2   0    0.012097754  0.012097754   0.024195508   0.000000000    90.0000    0.0000
  dx^2-y^2    0    0.012097825  0.012097825   0.024195651   0.000000000    90.0000    0.0000
  dxy         0    0.026266486  0.026266486   0.052532972   0.000000000    90.0000    0.0000
  dxz         0    0.026266992  0.026266992   0.052533983   0.000000000    90.0000    0.0000
  dyz         0    0.026266486  0.026266486   0.052532973   0.000000000    90.0000    0.0000
   sum over m      0.102995543  0.102995543   0.205991087   0.000000000
   sum over m+mul  0.102995543  0.102995543   0.205991087   0.000000000

   31   Si          Up spin      Down spin     Sum           Diff           Angles(Deg)
            multiple
  s           0    0.630115635  0.630115635   1.260231270   0.000000000    90.0000    0.0000
   sum over m      0.630115635  0.630115635   1.260231270   0.000000000
  s           1    0.000987305  0.000987305   0.001974609   0.000000000    90.0000    0.0000
   sum over m      0.000987305  0.000987305   0.001974609   0.000000000
   sum over m+mul  0.631102940  0.631102940   1.262205880   0.000000000
  px          0    0.419105489  0.419105489   0.838210977   0.000000000    90.0000    0.0000
  py          0    0.419072204  0.419072204   0.838144408   0.000000000    90.0000    0.0000
  pz          0    0.419072207  0.419072207   0.838144413   0.000000000    90.0000    0.0000
   sum over m      1.257249899  1.257249899   2.514499798   0.000000000
  px          1    0.002875296  0.002875296   0.005750591   0.000000000    90.0000    0.0000
  py          1    0.002872200  0.002872200   0.005744400   0.000000000    90.0000    0.0000
  pz          1    0.002872200  0.002872200   0.005744400   0.000000000    90.0000    0.0000
   sum over m      0.008619696  0.008619696   0.017239391   0.000000000
   sum over m+mul  1.265869595  1.265869595   2.531739189   0.000000000
  d3z^2-r^2   0    0.012097754  0.012097754   0.024195508   0.000000000    90.0000    0.0000
  dx^2-y^2    0    0.012097825  0.012097825   0.024195651   0.000000000    90.0000    0.0000
  dxy         0    0.026266486  0.026266486   0.052532972   0.000000000    90.0000    0.0000
  dxz         0    0.026266486  0.026266486   0.052532973   0.000000000    90.0000    0.0000
  dyz         0    0.026266992  0.026266992   0.052533983   0.000000000    90.0000    0.0000
   sum over m      0.102995543  0.102995543   0.205991087   0.000000000
   sum over m+mul  0.102995543  0.102995543   0.205991087   0.000000000

   32   Si          Up spin      Down spin     Sum           Diff           Angles(Deg)
            multiple
  s           0    0.630165536  0.630165536   1.260331072   0.000000000    90.0000    0.0000
   sum over m      0.630165536  0.630165536   1.260331072   0.000000000
  s           1    0.001005682  0.001005682   0.002011364   0.000000000    90.0000    0.0000
   sum over m      0.001005682  0.001005682   0.002011364   0.000000000
   sum over m+mul  0.631171218  0.631171218   1.262342436   0.000000000
  px          0    0.419068739  0.419068739   0.838137479   0.000000000    90.0000    0.0000
  py          0    0.419068739  0.419068739   0.838137479   0.000000000    90.0000    0.0000
  pz          0    0.419068743  0.419068743   0.838137486   0.000000000    90.0000    0.0000
   sum over m      1.257206221  1.257206221   2.514412443   0.000000000
  px          1    0.002882554  0.002882554   0.005765109   0.000000000    90.0000    0.0000
  py          1    0.002882554  0.002882554   0.005765109   0.000000000    90.0000    0.0000
  pz          1    0.002882555  0.002882555   0.005765109   0.000000000    90.0000    0.0000
   sum over m      0.008647663  0.008647663   0.017295327   0.000000000
   sum over m+mul  1.265853885  1.265853885   2.531707770   0.000000000
  d3z^2-r^2   0    0.012097730  0.012097730   0.024195459   0.000000000    90.0000    0.0000
  dx^2-y^2    0    0.012097729  0.012097729   0.024195459   0.000000000    90.0000    0.0000
  dxy         0    0.026265946  0.026265946   0.052531892   0.000000000    90.0000    0.0000
  dxz         0    0.026265946  0.026265946   0.052531892   0.000000000    90.0000    0.0000
  dyz         0    0.026265946  0.026265946   0.052531892   0.000000000    90.0000    0.0000
   sum over m      0.102993297  0.102993297   0.205986594   0.000000000
   sum over m+mul  0.102993297  0.102993297   0.205986594   0.000000000

   33   Si          Up spin      Down spin     Sum           Diff           Angles(Deg)
            multiple
  s           0    0.630104908  0.630104908   1.260209815   0.000000000    90.0000    0.0000
   sum over m      0.630104908  0.630104908   1.260209815   0.000000000
  s           1    0.000984194  0.000984194   0.001968388   0.000000000    90.0000    0.0000
   sum over m      0.000984194  0.000984194   0.001968388   0.000000000
   sum over m+mul  0.631089102  0.631089102   1.262178203   0.000000000
  px          0    0.419122236  0.419122236   0.838244471   0.000000000    90.0000    0.0000
  py          0    0.419064414  0.419064414   0.838128829   0.000000000    90.0000    0.0000
  pz          0    0.419064417  0.419064417   0.838128834   0.000000000    90.0000    0.0000
   sum over m      1.257251067  1.257251067   2.514502134   0.000000000
  px          1    0.002874512  0.002874512   0.005749024   0.000000000    90.0000    0.0000
  py          1    0.002873651  0.002873651   0.005747301   0.000000000    90.0000    0.0000
  pz          1    0.002873651  0.002873651   0.005747302   0.000000000    90.0000    0.0000
   sum over m      0.008621814  0.008621814   0.017243627   0.000000000
   sum over m+mul  1.265872881  1.265872881   2.531745761   0.000000000
  d3z^2-r^2   0    0.012097701  0.012097701   0.024195402   0.000000000    90.0000    0.0000
  dx^2-y^2    0    0.012097813  0.012097813   0.024195626   0.000000000    90.0000    0.0000
  dxy         0    0.026266375  0.026266375   0.052532750   0.000000000    90.0000    0.0000
  dxz         0    0.026266375  0.026266375   0.052532750   0.000000000    90.0000    0.0000
  dyz         0    0.026266839  0.026266839   0.052533678   0.000000000    90.0000    0.0000
   sum over m      0.102995103  0.102995103   0.205990206   0.000000000
   sum over m+mul  0.102995103  0.102995103   0.205990206   0.000000000

   34   Si          Up spin      Down spin     Sum           Diff           Angles(Deg)
            multiple
  s           0    0.630115635  0.630115635   1.260231270   0.000000000    90.0000    0.0000
   sum over m      0.630115635  0.630115635   1.260231270   0.000000000
  s           1    0.000987305  0.000987305   0.001974609   0.000000000    90.0000    0.0000
   sum over m      0.000987305  0.000987305   0.001974609   0.000000000
   sum over m+mul  0.631102940  0.631102940   1.262205880   0.000000000
  px          0    0.419072204  0.419072204   0.838144408   0.000000000    90.0000    0.0000
  py          0    0.419105489  0.419105489   0.838210977   0.000000000    90.0000    0.0000
  pz          0    0.419072207  0.419072207   0.838144413   0.000000000    90.0000    0.0000
   sum over m      1.257249899  1.257249899   2.514499798   0.000000000
  px          1    0.002872200  0.002872200   0.005744400   0.000000000    90.0000    0.0000
  py          1    0.002875296  0.002875296   0.005750591   0.000000000    90.0000    0.0000
  pz          1    0.002872200  0.002872200   0.005744400   0.000000000    90.0000    0.0000
   sum over m      0.008619696  0.008619696   0.017239391   0.000000000
   sum over m+mul  1.265869595  1.265869595   2.531739189   0.000000000
  d3z^2-r^2   0    0.012097754  0.012097754   0.024195508   0.000000000    90.0000    0.0000
  dx^2-y^2    0    0.012097825  0.012097825   0.024195651   0.000000000    90.0000    0.0000
  dxy         0    0.026266486  0.026266486   0.052532972   0.000000000    90.0000    0.0000
  dxz         0    0.026266992  0.026266992   0.052533983   0.000000000    90.0000    0.0000
  dyz         0    0.026266486  0.026266486   0.052532973   0.000000000    90.0000    0.0000
   sum over m      0.102995543  0.102995543   0.205991087   0.000000000
   sum over m+mul  0.102995543  0.102995543   0.205991087   0.000000000

   35   Si          Up spin      Down spin     Sum           Diff           Angles(Deg)
            multiple
  s           0    0.630156270  0.630156270   1.260312541   0.000000000    90.0000    0.0000
   sum over m      0.630156270  0.630156270   1.260312541   0.000000000
  s           1    0.001009129  0.001009129   0.002018257   0.000000000    90.0000    0.0000
   sum over m      0.001009129  0.001009129   0.002018257   0.000000000
   sum over m+mul  0.631165399  0.631165399   1.262330798   0.000000000
  px          0    0.419089901  0.419089901   0.838179801   0.000000000    90.0000    0.0000
  py          0    0.419089901  0.419089901   0.838179801   0.000000000    90.0000    0.0000
  pz          0    0.419089904  0.419089904   0.838179808   0.000000000    90.0000    0.0000
   sum over m      1.257269705  1.257269705   2.514539411   0.000000000
  px          1    0.002881573  0.002881573   0.005763147   0.000000000    90.0000    0.0000
  py          1    0.002881573  0.002881573   0.005763147   0.000000000    90.0000    0.0000
  pz          1    0.002881573  0.002881573   0.005763146   0.000000000    90.0000    0.0000
   sum over m      0.008644720  0.008644720   0.017289439   0.000000000
   sum over m+mul  1.265914425  1.265914425   2.531828850   0.000000000
  d3z^2-r^2   0    0.012097568  0.012097568   0.024195137   0.000000000    90.0000    0.0000
  dx^2-y^2    0    0.012097569  0.012097569   0.024195137   0.000000000    90.0000    0.0000
  dxy         0    0.026266300  0.026266300   0.052532599   0.000000000    90.0000    0.0000
  dxz         0    0.026266300  0.026266300   0.052532599   0.000000000    90.0000    0.0000
  dyz         0    0.026266300  0.026266300   0.052532599   0.000000000    90.0000    0.0000
   sum over m      0.102994036  0.102994036   0.205988072   0.000000000
   sum over m+mul  0.102994036  0.102994036   0.205988072   0.000000000

   36   Si          Up spin      Down spin     Sum           Diff           Angles(Deg)
            multiple
  s           0    0.630115635  0.630115635   1.260231270   0.000000000    90.0000    0.0000
   sum over m      0.630115635  0.630115635   1.260231270   0.000000000
  s           1    0.000987304  0.000987304   0.001974608   0.000000000    90.0000    0.0000
   sum over m      0.000987304  0.000987304   0.001974608   0.000000000
   sum over m+mul  0.631102939  0.631102939   1.262205879   0.000000000
  px          0    0.419072205  0.419072205   0.838144410   0.000000000    90.0000    0.0000
  py          0    0.419072205  0.419072205   0.838144410   0.000000000    90.0000    0.0000
  pz          0    0.419105491  0.419105491   0.838210981   0.000000000    90.0000    0.0000
   sum over m      1.257249901  1.257249901   2.514499801   0.000000000
  px          1    0.002872200  0.002872200   0.005744400   0.000000000    90.0000    0.0000
  py          1    0.002872200  0.002872200   0.005744400   0.000000000    90.0000    0.0000
  pz          1    0.002875296  0.002875296   0.005750591   0.000000000    90.0000    0.0000
   sum over m      0.008619695  0.008619695   0.017239391   0.000000000
   sum over m+mul  1.265869596  1.265869596   2.531739192   0.000000000
  d3z^2-r^2   0    0.012097861  0.012097861   0.024195723   0.000000000    90.0000    0.0000
  dx^2-y^2    0    0.012097718  0.012097718   0.024195436   0.000000000    90.0000    0.0000
  dxy         0    0.026266992  0.026266992   0.052533983   0.000000000    90.0000    0.0000
  dxz         0    0.026266486  0.026266486   0.052532973   0.000000000    90.0000    0.0000
  dyz         0    0.026266486  0.026266486   0.052532973   0.000000000    90.0000    0.0000
   sum over m      0.102995543  0.102995543   0.205991087   0.000000000
   sum over m+mul  0.102995543  0.102995543   0.205991087   0.000000000

   37   Si          Up spin      Down spin     Sum           Diff           Angles(Deg)
            multiple
  s           0    0.630153295  0.630153295   1.260306590   0.000000000    90.0000    0.0000
   sum over m      0.630153295  0.630153295   1.260306590   0.000000000
  s           1    0.001007610  0.001007610   0.002015220   0.000000000    90.0000    0.0000
   sum over m      0.001007610  0.001007610   0.002015220   0.000000000
   sum over m+mul  0.631160905  0.631160905   1.262321810   0.000000000
  px          0    0.419095504  0.419095504   0.838191009   0.000000000    90.0000    0.0000
  py          0    0.419095504  0.419095504   0.838191009   0.000000000    90.0000    0.0000
  pz          0    0.419095507  0.419095507   0.838191014   0.000000000    90.0000    0.0000
   sum over m      1.257286516  1.257286516   2.514573032   0.000000000
  px          1    0.002879989  0.002879989   0.005759977   0.000000000    90.0000    0.0000
  py          1    0.002879989  0.002879989   0.005759977   0.000000000    90.0000    0.0000
  pz          1    0.002879989  0.002879989   0.005759977   0.000000000    90.0000    0.0000
   sum over m      0.008639966  0.008639966   0.017279932   0.000000000
   sum over m+mul  1.265926482  1.265926482   2.531852963   0.000000000
  d3z^2-r^2   0    0.012097657  0.012097657   0.024195314   0.000000000    90.0000    0.0000
  dx^2-y^2    0    0.012097657  0.012097657   0.024195314   0.000000000    90.0000    0.0000
  dxy         0    0.026266326  0.026266326   0.052532651   0.000000000    90.0000    0.0000
  dxz         0    0.026266326  0.026266326   0.052532651   0.000000000    90.0000    0.0000
  dyz         0    0.026266326  0.026266326   0.052532651   0.000000000    90.0000    0.0000
   sum over m      0.102994291  0.102994291   0.205988582   0.000000000
   sum over m+mul  0.102994291  0.102994291   0.205988582   0.000000000

   38   Si          Up spin      Down spin     Sum           Diff           Angles(Deg)
            multiple
  s           0    0.630104908  0.630104908   1.260209815   0.000000000    90.0000    0.0000
   sum over m      0.630104908  0.630104908   1.260209815   0.000000000
  s           1    0.000984194  0.000984194   0.001968388   0.000000000    90.0000    0.0000
   sum over m      0.000984194  0.000984194   0.001968388   0.000000000
   sum over m+mul  0.631089102  0.631089102   1.262178203   0.000000000
  px          0    0.419122236  0.419122236   0.838244471   0.000000000    90.0000    0.0000
  py          0    0.419064414  0.419064414   0.838128829   0.000000000    90.0000    0.0000
  pz          0    0.419064417  0.419064417   0.838128834   0.000000000    90.0000    0.0000
   sum over m      1.257251067  1.257251067   2.514502134   0.000000000
  px          1    0.002874512  0.002874512   0.005749024   0.000000000    90.0000    0.0000
  py          1    0.002873651  0.002873651   0.005747301   0.000000000    90.0000    0.0000
  pz          1    0.002873651  0.002873651   0.005747302   0.000000000    90.0000    0.0000
   sum over m      0.008621814  0.008621814   0.017243627   0.000000000
   sum over m+mul  1.265872881  1.265872881   2.531745761   0.000000000
  d3z^2-r^2   0    0.012097701  0.012097701   0.024195402   0.000000000    90.0000    0.0000
  dx^2-y^2    0    0.012097813  0.012097813   0.024195626   0.000000000    90.0000    0.0000
  dxy         0    0.026266375  0.026266375   0.052532750   0.000000000    90.0000    0.0000
  dxz         0    0.026266375  0.026266375   0.052532750   0.000000000    90.0000    0.0000
  dyz         0    0.026266839  0.026266839   0.052533678   0.000000000    90.0000    0.0000
   sum over m      0.102995103  0.102995103   0.205990206   0.000000000
   sum over m+mul  0.102995103  0.102995103   0.205990206   0.000000000

   39   Si          Up spin      Down spin     Sum           Diff           Angles(Deg)
            multiple
  s           0    0.630104908  0.630104908   1.260209815   0.000000000    90.0000    0.0000
   sum over m      0.630104908  0.630104908   1.260209815   0.000000000
  s           1    0.000984194  0.000984194   0.001968388   0.000000000    90.0000    0.0000
   sum over m      0.000984194  0.000984194   0.001968388   0.000000000
   sum over m+mul  0.631089102  0.631089102   1.262178203   0.000000000
  px          0    0.419064414  0.419064414   0.838128829   0.000000000    90.0000    0.0000
  py          0    0.419122236  0.419122236   0.838244471   0.000000000    90.0000    0.0000
  pz          0    0.419064417  0.419064417   0.838128834   0.000000000    90.0000    0.0000
   sum over m      1.257251067  1.257251067   2.514502134   0.000000000
  px          1    0.002873651  0.002873651   0.005747301   0.000000000    90.0000    0.0000
  py          1    0.002874512  0.002874512   0.005749024   0.000000000    90.0000    0.0000
  pz          1    0.002873651  0.002873651   0.005747302   0.000000000    90.0000    0.0000
   sum over m      0.008621814  0.008621814   0.017243627   0.000000000
   sum over m+mul  1.265872881  1.265872881   2.531745761   0.000000000
  d3z^2-r^2   0    0.012097701  0.012097701   0.024195402   0.000000000    90.0000    0.0000
  dx^2-y^2    0    0.012097813  0.012097813   0.024195626   0.000000000    90.0000    0.0000
  dxy         0    0.026266375  0.026266375   0.052532750   0.000000000    90.0000    0.0000
  dxz         0    0.026266839  0.026266839   0.052533678   0.000000000    90.0000    0.0000
  dyz         0    0.026266375  0.026266375   0.052532750   0.000000000    90.0000    0.0000
   sum over m      0.102995103  0.102995103   0.205990206   0.000000000
   sum over m+mul  0.102995103  0.102995103   0.205990206   0.000000000

   40   Si          Up spin      Down spin     Sum           Diff           Angles(Deg)
            multiple
  s           0    0.630104907  0.630104907   1.260209814   0.000000000    90.0000    0.0000
   sum over m      0.630104907  0.630104907   1.260209814   0.000000000
  s           1    0.000984194  0.000984194   0.001968388   0.000000000    90.0000    0.0000
   sum over m      0.000984194  0.000984194   0.001968388   0.000000000
   sum over m+mul  0.631089101  0.631089101   1.262178202   0.000000000
  px          0    0.419064415  0.419064415   0.838128829   0.000000000    90.0000    0.0000
  py          0    0.419064415  0.419064415   0.838128829   0.000000000    90.0000    0.0000
  pz          0    0.419122237  0.419122237   0.838244474   0.000000000    90.0000    0.0000
   sum over m      1.257251066  1.257251066   2.514502132   0.000000000
  px          1    0.002873651  0.002873651   0.005747302   0.000000000    90.0000    0.0000
  py          1    0.002873651  0.002873651   0.005747302   0.000000000    90.0000    0.0000
  pz          1    0.002874512  0.002874512   0.005749024   0.000000000    90.0000    0.0000
   sum over m      0.008621814  0.008621814   0.017243628   0.000000000
   sum over m+mul  1.265872880  1.265872880   2.531745760   0.000000000
  d3z^2-r^2   0    0.012097870  0.012097870   0.024195739   0.000000000    90.0000    0.0000
  dx^2-y^2    0    0.012097645  0.012097645   0.024195290   0.000000000    90.0000    0.0000
  dxy         0    0.026266839  0.026266839   0.052533678   0.000000000    90.0000    0.0000
  dxz         0    0.026266375  0.026266375   0.052532750   0.000000000    90.0000    0.0000
  dyz         0    0.026266375  0.026266375   0.052532750   0.000000000    90.0000    0.0000
   sum over m      0.102995103  0.102995103   0.205990207   0.000000000
   sum over m+mul  0.102995103  0.102995103   0.205990207   0.000000000

   41   Si          Up spin      Down spin     Sum           Diff           Angles(Deg)
            multiple
  s           0    0.630115635  0.630115635   1.260231270   0.000000000    90.0000    0.0000
   sum over m      0.630115635  0.630115635   1.260231270   0.000000000
  s           1    0.000987305  0.000987305   0.001974609   0.000000000    90.0000    0.0000
   sum over m      0.000987305  0.000987305   0.001974609   0.000000000
   sum over m+mul  0.631102940  0.631102940   1.262205880   0.000000000
  px          0    0.419072204  0.419072204   0.838144408   0.000000000    90.0000    0.0000
  py          0    0.419105489  0.419105489   0.838210977   0.000000000    90.0000    0.0000
  pz          0    0.419072207  0.419072207   0.838144413   0.000000000    90.0000    0.0000
   sum over m      1.257249899  1.257249899   2.514499798   0.000000000
  px          1    0.002872200  0.002872200   0.005744400   0.000000000    90.0000    0.0000
  py          1    0.002875296  0.002875296   0.005750591   0.000000000    90.0000    0.0000
  pz          1    0.002872200  0.002872200   0.005744400   0.000000000    90.0000    0.0000
   sum over m      0.008619696  0.008619696   0.017239391   0.000000000
   sum over m+mul  1.265869595  1.265869595   2.531739189   0.000000000
  d3z^2-r^2   0    0.012097754  0.012097754   0.024195508   0.000000000    90.0000    0.0000
  dx^2-y^2    0    0.012097825  0.012097825   0.024195651   0.000000000    90.0000    0.0000
  dxy         0    0.026266486  0.026266486   0.052532972   0.000000000    90.0000    0.0000
  dxz         0    0.026266992  0.026266992   0.052533983   0.000000000    90.0000    0.0000
  dyz         0    0.026266486  0.026266486   0.052532973   0.000000000    90.0000    0.0000
   sum over m      0.102995543  0.102995543   0.205991087   0.000000000
   sum over m+mul  0.102995543  0.102995543   0.205991087   0.000000000

   42   Si          Up spin      Down spin     Sum           Diff           Angles(Deg)
            multiple
  s           0    0.630104908  0.630104908   1.260209815   0.000000000    90.0000    0.0000
   sum over m      0.630104908  0.630104908   1.260209815   0.000000000
  s           1    0.000984194  0.000984194   0.001968388   0.000000000    90.0000    0.0000
   sum over m      0.000984194  0.000984194   0.001968388   0.000000000
   sum over m+mul  0.631089102  0.631089102   1.262178203   0.000000000
  px          0    0.419122236  0.419122236   0.838244471   0.000000000    90.0000    0.0000
  py          0    0.419064414  0.419064414   0.838128829   0.000000000    90.0000    0.0000
  pz          0    0.419064417  0.419064417   0.838128834   0.000000000    90.0000    0.0000
   sum over m      1.257251067  1.257251067   2.514502134   0.000000000
  px          1    0.002874512  0.002874512   0.005749024   0.000000000    90.0000    0.0000
  py          1    0.002873651  0.002873651   0.005747301   0.000000000    90.0000    0.0000
  pz          1    0.002873651  0.002873651   0.005747302   0.000000000    90.0000    0.0000
   sum over m      0.008621814  0.008621814   0.017243627   0.000000000
   sum over m+mul  1.265872881  1.265872881   2.531745761   0.000000000
  d3z^2-r^2   0    0.012097701  0.012097701   0.024195402   0.000000000    90.0000    0.0000
  dx^2-y^2    0    0.012097813  0.012097813   0.024195626   0.000000000    90.0000    0.0000
  dxy         0    0.026266375  0.026266375   0.052532750   0.000000000    90.0000    0.0000
  dxz         0    0.026266375  0.026266375   0.052532750   0.000000000    90.0000    0.0000
  dyz         0    0.026266839  0.026266839   0.052533678   0.000000000    90.0000    0.0000
   sum over m      0.102995103  0.102995103   0.205990206   0.000000000
   sum over m+mul  0.102995103  0.102995103   0.205990206   0.000000000

   43   Si          Up spin      Down spin     Sum           Diff           Angles(Deg)
            multiple
  s           0    0.630115635  0.630115635   1.260231270   0.000000000    90.0000    0.0000
   sum over m      0.630115635  0.630115635   1.260231270   0.000000000
  s           1    0.000987304  0.000987304   0.001974608   0.000000000    90.0000    0.0000
   sum over m      0.000987304  0.000987304   0.001974608   0.000000000
   sum over m+mul  0.631102939  0.631102939   1.262205879   0.000000000
  px          0    0.419072205  0.419072205   0.838144410   0.000000000    90.0000    0.0000
  py          0    0.419072205  0.419072205   0.838144410   0.000000000    90.0000    0.0000
  pz          0    0.419105491  0.419105491   0.838210981   0.000000000    90.0000    0.0000
   sum over m      1.257249901  1.257249901   2.514499801   0.000000000
  px          1    0.002872200  0.002872200   0.005744400   0.000000000    90.0000    0.0000
  py          1    0.002872200  0.002872200   0.005744400   0.000000000    90.0000    0.0000
  pz          1    0.002875296  0.002875296   0.005750591   0.000000000    90.0000    0.0000
   sum over m      0.008619695  0.008619695   0.017239391   0.000000000
   sum over m+mul  1.265869596  1.265869596   2.531739192   0.000000000
  d3z^2-r^2   0    0.012097861  0.012097861   0.024195723   0.000000000    90.0000    0.0000
  dx^2-y^2    0    0.012097718  0.012097718   0.024195436   0.000000000    90.0000    0.0000
  dxy         0    0.026266992  0.026266992   0.052533983   0.000000000    90.0000    0.0000
  dxz         0    0.026266486  0.026266486   0.052532973   0.000000000    90.0000    0.0000
  dyz         0    0.026266486  0.026266486   0.052532973   0.000000000    90.0000    0.0000
   sum over m      0.102995543  0.102995543   0.205991087   0.000000000
   sum over m+mul  0.102995543  0.102995543   0.205991087   0.000000000

   44   Si          Up spin      Down spin     Sum           Diff           Angles(Deg)
            multiple
  s           0    0.630156270  0.630156270   1.260312541   0.000000000    90.0000    0.0000
   sum over m      0.630156270  0.630156270   1.260312541   0.000000000
  s           1    0.001009129  0.001009129   0.002018257   0.000000000    90.0000    0.0000
   sum over m      0.001009129  0.001009129   0.002018257   0.000000000
   sum over m+mul  0.631165399  0.631165399   1.262330798   0.000000000
  px          0    0.419089901  0.419089901   0.838179801   0.000000000    90.0000    0.0000
  py          0    0.419089901  0.419089901   0.838179801   0.000000000    90.0000    0.0000
  pz          0    0.419089904  0.419089904   0.838179808   0.000000000    90.0000    0.0000
   sum over m      1.257269705  1.257269705   2.514539411   0.000000000
  px          1    0.002881573  0.002881573   0.005763147   0.000000000    90.0000    0.0000
  py          1    0.002881573  0.002881573   0.005763147   0.000000000    90.0000    0.0000
  pz          1    0.002881573  0.002881573   0.005763146   0.000000000    90.0000    0.0000
   sum over m      0.008644720  0.008644720   0.017289439   0.000000000
   sum over m+mul  1.265914425  1.265914425   2.531828850   0.000000000
  d3z^2-r^2   0    0.012097568  0.012097568   0.024195137   0.000000000    90.0000    0.0000
  dx^2-y^2    0    0.012097569  0.012097569   0.024195137   0.000000000    90.0000    0.0000
  dxy         0    0.026266300  0.026266300   0.052532599   0.000000000    90.0000    0.0000
  dxz         0    0.026266300  0.026266300   0.052532599   0.000000000    90.0000    0.0000
  dyz         0    0.026266300  0.026266300   0.052532599   0.000000000    90.0000    0.0000
   sum over m      0.102994036  0.102994036   0.205988072   0.000000000
   sum over m+mul  0.102994036  0.102994036   0.205988072   0.000000000

   45   Si          Up spin      Down spin     Sum           Diff           Angles(Deg)
            multiple
  s           0    0.630156270  0.630156270   1.260312541   0.000000000    90.0000    0.0000
   sum over m      0.630156270  0.630156270   1.260312541   0.000000000
  s           1    0.001009129  0.001009129   0.002018257   0.000000000    90.0000    0.0000
   sum over m      0.001009129  0.001009129   0.002018257   0.000000000
   sum over m+mul  0.631165399  0.631165399   1.262330798   0.000000000
  px          0    0.419089901  0.419089901   0.838179801   0.000000000    90.0000    0.0000
  py          0    0.419089901  0.419089901   0.838179801   0.000000000    90.0000    0.0000
  pz          0    0.419089904  0.419089904   0.838179808   0.000000000    90.0000    0.0000
   sum over m      1.257269705  1.257269705   2.514539411   0.000000000
  px          1    0.002881573  0.002881573   0.005763147   0.000000000    90.0000    0.0000
  py          1    0.002881573  0.002881573   0.005763147   0.000000000    90.0000    0.0000
  pz          1    0.002881573  0.002881573   0.005763146   0.000000000    90.0000    0.0000
   sum over m      0.008644720  0.008644720   0.017289439   0.000000000
   sum over m+mul  1.265914425  1.265914425   2.531828850   0.000000000
  d3z^2-r^2   0    0.012097568  0.012097568   0.024195137   0.000000000    90.0000    0.0000
  dx^2-y^2    0    0.012097569  0.012097569   0.024195137   0.000000000    90.0000    0.0000
  dxy         0    0.026266300  0.026266300   0.052532599   0.000000000    90.0000    0.0000
  dxz         0    0.026266300  0.026266300   0.052532599   0.000000000    90.0000    0.0000
  dyz         0    0.026266300  0.026266300   0.052532599   0.000000000    90.0000    0.0000
   sum over m      0.102994036  0.102994036   0.205988072   0.000000000
   sum over m+mul  0.102994036  0.102994036   0.205988072   0.000000000

   46   Si          Up spin      Down spin     Sum           Diff           Angles(Deg)
            multiple
  s           0    0.630115635  0.630115635   1.260231270   0.000000000    90.0000    0.0000
   sum over m      0.630115635  0.630115635   1.260231270   0.000000000
  s           1    0.000987305  0.000987305   0.001974609   0.000000000    90.0000    0.0000
   sum over m      0.000987305  0.000987305   0.001974609   0.000000000
   sum over m+mul  0.631102940  0.631102940   1.262205880   0.000000000
  px          0    0.419072204  0.419072204   0.838144408   0.000000000    90.0000    0.0000
  py          0    0.419105489  0.419105489   0.838210977   0.000000000    90.0000    0.0000
  pz          0    0.419072207  0.419072207   0.838144413   0.000000000    90.0000    0.0000
   sum over m      1.257249899  1.257249899   2.514499798   0.000000000
  px          1    0.002872200  0.002872200   0.005744400   0.000000000    90.0000    0.0000
  py          1    0.002875296  0.002875296   0.005750591   0.000000000    90.0000    0.0000
  pz          1    0.002872200  0.002872200   0.005744400   0.000000000    90.0000    0.0000
   sum over m      0.008619696  0.008619696   0.017239391   0.000000000
   sum over m+mul  1.265869595  1.265869595   2.531739189   0.000000000
  d3z^2-r^2   0    0.012097754  0.012097754   0.024195508   0.000000000    90.0000    0.0000
  dx^2-y^2    0    0.012097825  0.012097825   0.024195651   0.000000000    90.0000    0.0000
  dxy         0    0.026266486  0.026266486   0.052532972   0.000000000    90.0000    0.0000
  dxz         0    0.026266992  0.026266992   0.052533983   0.000000000    90.0000    0.0000
  dyz         0    0.026266486  0.026266486   0.052532973   0.000000000    90.0000    0.0000
   sum over m      0.102995543  0.102995543   0.205991087   0.000000000
   sum over m+mul  0.102995543  0.102995543   0.205991087   0.000000000

   47   Si          Up spin      Down spin     Sum           Diff           Angles(Deg)
            multiple
  s           0    0.630115635  0.630115635   1.260231270   0.000000000    90.0000    0.0000
   sum over m      0.630115635  0.630115635   1.260231270   0.000000000
  s           1    0.000987305  0.000987305   0.001974609   0.000000000    90.0000    0.0000
   sum over m      0.000987305  0.000987305   0.001974609   0.000000000
   sum over m+mul  0.631102940  0.631102940   1.262205880   0.000000000
  px          0    0.419105489  0.419105489   0.838210977   0.000000000    90.0000    0.0000
  py          0    0.419072204  0.419072204   0.838144408   0.000000000    90.0000    0.0000
  pz          0    0.419072207  0.419072207   0.838144413   0.000000000    90.0000    0.0000
   sum over m      1.257249899  1.257249899   2.514499798   0.000000000
  px          1    0.002875296  0.002875296   0.005750591   0.000000000    90.0000    0.0000
  py          1    0.002872200  0.002872200   0.005744400   0.000000000    90.0000    0.0000
  pz          1    0.002872200  0.002872200   0.005744400   0.000000000    90.0000    0.0000
   sum over m      0.008619696  0.008619696   0.017239391   0.000000000
   sum over m+mul  1.265869595  1.265869595   2.531739189   0.000000000
  d3z^2-r^2   0    0.012097754  0.012097754   0.024195508   0.000000000    90.0000    0.0000
  dx^2-y^2    0    0.012097825  0.012097825   0.024195651   0.000000000    90.0000    0.0000
  dxy         0    0.026266486  0.026266486   0.052532972   0.000000000    90.0000    0.0000
  dxz         0    0.026266486  0.026266486   0.052532973   0.000000000    90.0000    0.0000
  dyz         0    0.026266992  0.026266992   0.052533983   0.000000000    90.0000    0.0000
   sum over m      0.102995543  0.102995543   0.205991087   0.000000000
   sum over m+mul  0.102995543  0.102995543   0.205991087   0.000000000

   48   Si          Up spin      Down spin     Sum           Diff           Angles(Deg)
            multiple
  s           0    0.630104907  0.630104907   1.260209814   0.000000000    90.0000    0.0000
   sum over m      0.630104907  0.630104907   1.260209814   0.000000000
  s           1    0.000984194  0.000984194   0.001968388   0.000000000    90.0000    0.0000
   sum over m      0.000984194  0.000984194   0.001968388   0.000000000
   sum over m+mul  0.631089101  0.631089101   1.262178202   0.000000000
  px          0    0.419064415  0.419064415   0.838128829   0.000000000    90.0000    0.0000
  py          0    0.419064415  0.419064415   0.838128829   0.000000000    90.0000    0.0000
  pz          0    0.419122237  0.419122237   0.838244474   0.000000000    90.0000    0.0000
   sum over m      1.257251066  1.257251066   2.514502132   0.000000000
  px          1    0.002873651  0.002873651   0.005747302   0.000000000    90.0000    0.0000
  py          1    0.002873651  0.002873651   0.005747302   0.000000000    90.0000    0.0000
  pz          1    0.002874512  0.002874512   0.005749024   0.000000000    90.0000    0.0000
   sum over m      0.008621814  0.008621814   0.017243628   0.000000000
   sum over m+mul  1.265872880  1.265872880   2.531745760   0.000000000
  d3z^2-r^2   0    0.012097870  0.012097870   0.024195739   0.000000000    90.0000    0.0000
  dx^2-y^2    0    0.012097645  0.012097645   0.024195290   0.000000000    90.0000    0.0000
  dxy         0    0.026266839  0.026266839   0.052533678   0.000000000    90.0000    0.0000
  dxz         0    0.026266375  0.026266375   0.052532750   0.000000000    90.0000    0.0000
  dyz         0    0.026266375  0.026266375   0.052532750   0.000000000    90.0000    0.0000
   sum over m      0.102995103  0.102995103   0.205990207   0.000000000
   sum over m+mul  0.102995103  0.102995103   0.205990207   0.000000000

   49   Si          Up spin      Down spin     Sum           Diff           Angles(Deg)
            multiple
  s           0    0.630153295  0.630153295   1.260306590   0.000000000    90.0000    0.0000
   sum over m      0.630153295  0.630153295   1.260306590   0.000000000
  s           1    0.001007610  0.001007610   0.002015220   0.000000000    90.0000    0.0000
   sum over m      0.001007610  0.001007610   0.002015220   0.000000000
   sum over m+mul  0.631160905  0.631160905   1.262321810   0.000000000
  px          0    0.419095504  0.419095504   0.838191009   0.000000000    90.0000    0.0000
  py          0    0.419095504  0.419095504   0.838191009   0.000000000    90.0000    0.0000
  pz          0    0.419095507  0.419095507   0.838191014   0.000000000    90.0000    0.0000
   sum over m      1.257286516  1.257286516   2.514573032   0.000000000
  px          1    0.002879989  0.002879989   0.005759977   0.000000000    90.0000    0.0000
  py          1    0.002879989  0.002879989   0.005759977   0.000000000    90.0000    0.0000
  pz          1    0.002879989  0.002879989   0.005759977   0.000000000    90.0000    0.0000
   sum over m      0.008639966  0.008639966   0.017279932   0.000000000
   sum over m+mul  1.265926482  1.265926482   2.531852963   0.000000000
  d3z^2-r^2   0    0.012097657  0.012097657   0.024195314   0.000000000    90.0000    0.0000
  dx^2-y^2    0    0.012097657  0.012097657   0.024195314   0.000000000    90.0000    0.0000
  dxy         0    0.026266326  0.026266326   0.052532651   0.000000000    90.0000    0.0000
  dxz         0    0.026266326  0.026266326   0.052532651   0.000000000    90.0000    0.0000
  dyz         0    0.026266326  0.026266326   0.052532651   0.000000000    90.0000    0.0000
   sum over m      0.102994291  0.102994291   0.205988582   0.000000000
   sum over m+mul  0.102994291  0.102994291   0.205988582   0.000000000

   50   Si          Up spin      Down spin     Sum           Diff           Angles(Deg)
            multiple
  s           0    0.630153295  0.630153295   1.260306590   0.000000000    90.0000    0.0000
   sum over m      0.630153295  0.630153295   1.260306590   0.000000000
  s           1    0.001007610  0.001007610   0.002015220   0.000000000    90.0000    0.0000
   sum over m      0.001007610  0.001007610   0.002015220   0.000000000
   sum over m+mul  0.631160905  0.631160905   1.262321810   0.000000000
  px          0    0.419095504  0.419095504   0.838191009   0.000000000    90.0000    0.0000
  py          0    0.419095504  0.419095504   0.838191009   0.000000000    90.0000    0.0000
  pz          0    0.419095507  0.419095507   0.838191014   0.000000000    90.0000    0.0000
   sum over m      1.257286516  1.257286516   2.514573032   0.000000000
  px          1    0.002879989  0.002879989   0.005759977   0.000000000    90.0000    0.0000
  py          1    0.002879989  0.002879989   0.005759977   0.000000000    90.0000    0.0000
  pz          1    0.002879989  0.002879989   0.005759977   0.000000000    90.0000    0.0000
   sum over m      0.008639966  0.008639966   0.017279932   0.000000000
   sum over m+mul  1.265926482  1.265926482   2.531852963   0.000000000
  d3z^2-r^2   0    0.012097657  0.012097657   0.024195314   0.000000000    90.0000    0.0000
  dx^2-y^2    0    0.012097657  0.012097657   0.024195314   0.000000000    90.0000    0.0000
  dxy         0    0.026266326  0.026266326   0.052532651   0.000000000    90.0000    0.0000
  dxz         0    0.026266326  0.026266326   0.052532651   0.000000000    90.0000    0.0000
  dyz         0    0.026266326  0.026266326   0.052532651   0.000000000    90.0000    0.0000
   sum over m      0.102994291  0.102994291   0.205988582   0.000000000
   sum over m+mul  0.102994291  0.102994291   0.205988582   0.000000000

   51   Si          Up spin      Down spin     Sum           Diff           Angles(Deg)
            multiple
  s           0    0.630115635  0.630115635   1.260231270   0.000000000    90.0000    0.0000
   sum over m      0.630115635  0.630115635   1.260231270   0.000000000
  s           1    0.000987305  0.000987305   0.001974609   0.000000000    90.0000    0.0000
   sum over m      0.000987305  0.000987305   0.001974609   0.000000000
   sum over m+mul  0.631102940  0.631102940   1.262205880   0.000000000
  px          0    0.419072204  0.419072204   0.838144408   0.000000000    90.0000    0.0000
  py          0    0.419105489  0.419105489   0.838210977   0.000000000    90.0000    0.0000
  pz          0    0.419072207  0.419072207   0.838144413   0.000000000    90.0000    0.0000
   sum over m      1.257249899  1.257249899   2.514499798   0.000000000
  px          1    0.002872200  0.002872200   0.005744400   0.000000000    90.0000    0.0000
  py          1    0.002875296  0.002875296   0.005750591   0.000000000    90.0000    0.0000
  pz          1    0.002872200  0.002872200   0.005744400   0.000000000    90.0000    0.0000
   sum over m      0.008619696  0.008619696   0.017239391   0.000000000
   sum over m+mul  1.265869595  1.265869595   2.531739189   0.000000000
  d3z^2-r^2   0    0.012097754  0.012097754   0.024195508   0.000000000    90.0000    0.0000
  dx^2-y^2    0    0.012097825  0.012097825   0.024195651   0.000000000    90.0000    0.0000
  dxy         0    0.026266486  0.026266486   0.052532972   0.000000000    90.0000    0.0000
  dxz         0    0.026266992  0.026266992   0.052533983   0.000000000    90.0000    0.0000
  dyz         0    0.026266486  0.026266486   0.052532973   0.000000000    90.0000    0.0000
   sum over m      0.102995543  0.102995543   0.205991087   0.000000000
   sum over m+mul  0.102995543  0.102995543   0.205991087   0.000000000

   52   Si          Up spin      Down spin     Sum           Diff           Angles(Deg)
            multiple
  s           0    0.630115635  0.630115635   1.260231270   0.000000000    90.0000    0.0000
   sum over m      0.630115635  0.630115635   1.260231270   0.000000000
  s           1    0.000987305  0.000987305   0.001974609   0.000000000    90.0000    0.0000
   sum over m      0.000987305  0.000987305   0.001974609   0.000000000
   sum over m+mul  0.631102940  0.631102940   1.262205880   0.000000000
  px          0    0.419072204  0.419072204   0.838144408   0.000000000    90.0000    0.0000
  py          0    0.419105489  0.419105489   0.838210977   0.000000000    90.0000    0.0000
  pz          0    0.419072207  0.419072207   0.838144413   0.000000000    90.0000    0.0000
   sum over m      1.257249899  1.257249899   2.514499798   0.000000000
  px          1    0.002872200  0.002872200   0.005744400   0.000000000    90.0000    0.0000
  py          1    0.002875296  0.002875296   0.005750591   0.000000000    90.0000    0.0000
  pz          1    0.002872200  0.002872200   0.005744400   0.000000000    90.0000    0.0000
   sum over m      0.008619696  0.008619696   0.017239391   0.000000000
   sum over m+mul  1.265869595  1.265869595   2.531739189   0.000000000
  d3z^2-r^2   0    0.012097754  0.012097754   0.024195508   0.000000000    90.0000    0.0000
  dx^2-y^2    0    0.012097825  0.012097825   0.024195651   0.000000000    90.0000    0.0000
  dxy         0    0.026266486  0.026266486   0.052532972   0.000000000    90.0000    0.0000
  dxz         0    0.026266992  0.026266992   0.052533983   0.000000000    90.0000    0.0000
  dyz         0    0.026266486  0.026266486   0.052532973   0.000000000    90.0000    0.0000
   sum over m      0.102995543  0.102995543   0.205991087   0.000000000
   sum over m+mul  0.102995543  0.102995543   0.205991087   0.000000000

   53   Si          Up spin      Down spin     Sum           Diff           Angles(Deg)
            multiple
  s           0    0.630115635  0.630115635   1.260231270   0.000000000    90.0000    0.0000
   sum over m      0.630115635  0.630115635   1.260231270   0.000000000
  s           1    0.000987304  0.000987304   0.001974608   0.000000000    90.0000    0.0000
   sum over m      0.000987304  0.000987304   0.001974608   0.000000000
   sum over m+mul  0.631102939  0.631102939   1.262205879   0.000000000
  px          0    0.419072205  0.419072205   0.838144410   0.000000000    90.0000    0.0000
  py          0    0.419072205  0.419072205   0.838144410   0.000000000    90.0000    0.0000
  pz          0    0.419105491  0.419105491   0.838210981   0.000000000    90.0000    0.0000
   sum over m      1.257249901  1.257249901   2.514499801   0.000000000
  px          1    0.002872200  0.002872200   0.005744400   0.000000000    90.0000    0.0000
  py          1    0.002872200  0.002872200   0.005744400   0.000000000    90.0000    0.0000
  pz          1    0.002875296  0.002875296   0.005750591   0.000000000    90.0000    0.0000
   sum over m      0.008619695  0.008619695   0.017239391   0.000000000
   sum over m+mul  1.265869596  1.265869596   2.531739192   0.000000000
  d3z^2-r^2   0    0.012097861  0.012097861   0.024195723   0.000000000    90.0000    0.0000
  dx^2-y^2    0    0.012097718  0.012097718   0.024195436   0.000000000    90.0000    0.0000
  dxy         0    0.026266992  0.026266992   0.052533983   0.000000000    90.0000    0.0000
  dxz         0    0.026266486  0.026266486   0.052532973   0.000000000    90.0000    0.0000
  dyz         0    0.026266486  0.026266486   0.052532973   0.000000000    90.0000    0.0000
   sum over m      0.102995543  0.102995543   0.205991087   0.000000000
   sum over m+mul  0.102995543  0.102995543   0.205991087   0.000000000

   54   Si          Up spin      Down spin     Sum           Diff           Angles(Deg)
            multiple
  s           0    0.630156270  0.630156270   1.260312541   0.000000000    90.0000    0.0000
   sum over m      0.630156270  0.630156270   1.260312541   0.000000000
  s           1    0.001009129  0.001009129   0.002018257   0.000000000    90.0000    0.0000
   sum over m      0.001009129  0.001009129   0.002018257   0.000000000
   sum over m+mul  0.631165399  0.631165399   1.262330798   0.000000000
  px          0    0.419089901  0.419089901   0.838179801   0.000000000    90.0000    0.0000
  py          0    0.419089901  0.419089901   0.838179801   0.000000000    90.0000    0.0000
  pz          0    0.419089904  0.419089904   0.838179808   0.000000000    90.0000    0.0000
   sum over m      1.257269705  1.257269705   2.514539411   0.000000000
  px          1    0.002881573  0.002881573   0.005763147   0.000000000    90.0000    0.0000
  py          1    0.002881573  0.002881573   0.005763147   0.000000000    90.0000    0.0000
  pz          1    0.002881573  0.002881573   0.005763146   0.000000000    90.0000    0.0000
   sum over m      0.008644720  0.008644720   0.017289439   0.000000000
   sum over m+mul  1.265914425  1.265914425   2.531828850   0.000000000
  d3z^2-r^2   0    0.012097568  0.012097568   0.024195137   0.000000000    90.0000    0.0000
  dx^2-y^2    0    0.012097569  0.012097569   0.024195137   0.000000000    90.0000    0.0000
  dxy         0    0.026266300  0.026266300   0.052532599   0.000000000    90.0000    0.0000
  dxz         0    0.026266300  0.026266300   0.052532599   0.000000000    90.0000    0.0000
  dyz         0    0.026266300  0.026266300   0.052532599   0.000000000    90.0000    0.0000
   sum over m      0.102994036  0.102994036   0.205988072   0.000000000
   sum over m+mul  0.102994036  0.102994036   0.205988072   0.000000000

   55   Si          Up spin      Down spin     Sum           Diff           Angles(Deg)
            multiple
  s           0    0.630115635  0.630115635   1.260231270   0.000000000    90.0000    0.0000
   sum over m      0.630115635  0.630115635   1.260231270   0.000000000
  s           1    0.000987305  0.000987305   0.001974609   0.000000000    90.0000    0.0000
   sum over m      0.000987305  0.000987305   0.001974609   0.000000000
   sum over m+mul  0.631102940  0.631102940   1.262205880   0.000000000
  px          0    0.419105489  0.419105489   0.838210977   0.000000000    90.0000    0.0000
  py          0    0.419072204  0.419072204   0.838144408   0.000000000    90.0000    0.0000
  pz          0    0.419072207  0.419072207   0.838144413   0.000000000    90.0000    0.0000
   sum over m      1.257249899  1.257249899   2.514499798   0.000000000
  px          1    0.002875296  0.002875296   0.005750591   0.000000000    90.0000    0.0000
  py          1    0.002872200  0.002872200   0.005744400   0.000000000    90.0000    0.0000
  pz          1    0.002872200  0.002872200   0.005744400   0.000000000    90.0000    0.0000
   sum over m      0.008619696  0.008619696   0.017239391   0.000000000
   sum over m+mul  1.265869595  1.265869595   2.531739189   0.000000000
  d3z^2-r^2   0    0.012097754  0.012097754   0.024195508   0.000000000    90.0000    0.0000
  dx^2-y^2    0    0.012097825  0.012097825   0.024195651   0.000000000    90.0000    0.0000
  dxy         0    0.026266486  0.026266486   0.052532972   0.000000000    90.0000    0.0000
  dxz         0    0.026266486  0.026266486   0.052532973   0.000000000    90.0000    0.0000
  dyz         0    0.026266992  0.026266992   0.052533983   0.000000000    90.0000    0.0000
   sum over m      0.102995543  0.102995543   0.205991087   0.000000000
   sum over m+mul  0.102995543  0.102995543   0.205991087   0.000000000

   56   Si          Up spin      Down spin     Sum           Diff           Angles(Deg)
            multiple
  s           0    0.630104908  0.630104908   1.260209815   0.000000000    90.0000    0.0000
   sum over m      0.630104908  0.630104908   1.260209815   0.000000000
  s           1    0.000984194  0.000984194   0.001968388   0.000000000    90.0000    0.0000
   sum over m      0.000984194  0.000984194   0.001968388   0.000000000
   sum over m+mul  0.631089102  0.631089102   1.262178203   0.000000000
  px          0    0.419064414  0.419064414   0.838128829   0.000000000    90.0000    0.0000
  py          0    0.419122236  0.419122236   0.838244471   0.000000000    90.0000    0.0000
  pz          0    0.419064417  0.419064417   0.838128834   0.000000000    90.0000    0.0000
   sum over m      1.257251067  1.257251067   2.514502134   0.000000000
  px          1    0.002873651  0.002873651   0.005747301   0.000000000    90.0000    0.0000
  py          1    0.002874512  0.002874512   0.005749024   0.000000000    90.0000    0.0000
  pz          1    0.002873651  0.002873651   0.005747302   0.000000000    90.0000    0.0000
   sum over m      0.008621814  0.008621814   0.017243627   0.000000000
   sum over m+mul  1.265872881  1.265872881   2.531745761   0.000000000
  d3z^2-r^2   0    0.012097701  0.012097701   0.024195402   0.000000000    90.0000    0.0000
  dx^2-y^2    0    0.012097813  0.012097813   0.024195626   0.000000000    90.0000    0.0000
  dxy         0    0.026266375  0.026266375   0.052532750   0.000000000    90.0000    0.0000
  dxz         0    0.026266839  0.026266839   0.052533678   0.000000000    90.0000    0.0000
  dyz         0    0.026266375  0.026266375   0.052532750   0.000000000    90.0000    0.0000
   sum over m      0.102995103  0.102995103   0.205990206   0.000000000
   sum over m+mul  0.102995103  0.102995103   0.205990206   0.000000000

   57   Si          Up spin      Down spin     Sum           Diff           Angles(Deg)
            multiple
  s           0    0.630115635  0.630115635   1.260231270   0.000000000    90.0000    0.0000
   sum over m      0.630115635  0.630115635   1.260231270   0.000000000
  s           1    0.000987304  0.000987304   0.001974608   0.000000000    90.0000    0.0000
   sum over m      0.000987304  0.000987304   0.001974608   0.000000000
   sum over m+mul  0.631102939  0.631102939   1.262205879   0.000000000
  px          0    0.419072205  0.419072205   0.838144410   0.000000000    90.0000    0.0000
  py          0    0.419072205  0.419072205   0.838144410   0.000000000    90.0000    0.0000
  pz          0    0.419105491  0.419105491   0.838210981   0.000000000    90.0000    0.0000
   sum over m      1.257249901  1.257249901   2.514499801   0.000000000
  px          1    0.002872200  0.002872200   0.005744400   0.000000000    90.0000    0.0000
  py          1    0.002872200  0.002872200   0.005744400   0.000000000    90.0000    0.0000
  pz          1    0.002875296  0.002875296   0.005750591   0.000000000    90.0000    0.0000
   sum over m      0.008619695  0.008619695   0.017239391   0.000000000
   sum over m+mul  1.265869596  1.265869596   2.531739192   0.000000000
  d3z^2-r^2   0    0.012097861  0.012097861   0.024195723   0.000000000    90.0000    0.0000
  dx^2-y^2    0    0.012097718  0.012097718   0.024195436   0.000000000    90.0000    0.0000
  dxy         0    0.026266992  0.026266992   0.052533983   0.000000000    90.0000    0.0000
  dxz         0    0.026266486  0.026266486   0.052532973   0.000000000    90.0000    0.0000
  dyz         0    0.026266486  0.026266486   0.052532973   0.000000000    90.0000    0.0000
   sum over m      0.102995543  0.102995543   0.205991087   0.000000000
   sum over m+mul  0.102995543  0.102995543   0.205991087   0.000000000

   58   Si          Up spin      Down spin     Sum           Diff           Angles(Deg)
            multiple
  s           0    0.630156270  0.630156270   1.260312541   0.000000000    90.0000    0.0000
   sum over m      0.630156270  0.630156270   1.260312541   0.000000000
  s           1    0.001009129  0.001009129   0.002018257   0.000000000    90.0000    0.0000
   sum over m      0.001009129  0.001009129   0.002018257   0.000000000
   sum over m+mul  0.631165399  0.631165399   1.262330798   0.000000000
  px          0    0.419089901  0.419089901   0.838179801   0.000000000    90.0000    0.0000
  py          0    0.419089901  0.419089901   0.838179801   0.000000000    90.0000    0.0000
  pz          0    0.419089904  0.419089904   0.838179808   0.000000000    90.0000    0.0000
   sum over m      1.257269705  1.257269705   2.514539411   0.000000000
  px          1    0.002881573  0.002881573   0.005763147   0.000000000    90.0000    0.0000
  py          1    0.002881573  0.002881573   0.005763147   0.000000000    90.0000    0.0000
  pz          1    0.002881573  0.002881573   0.005763146   0.000000000    90.0000    0.0000
   sum over m      0.008644720  0.008644720   0.017289439   0.000000000
   sum over m+mul  1.265914425  1.265914425   2.531828850   0.000000000
  d3z^2-r^2   0    0.012097568  0.012097568   0.024195137   0.000000000    90.0000    0.0000
  dx^2-y^2    0    0.012097569  0.012097569   0.024195137   0.000000000    90.0000    0.0000
  dxy         0    0.026266300  0.026266300   0.052532599   0.000000000    90.0000    0.0000
  dxz         0    0.026266300  0.026266300   0.052532599   0.000000000    90.0000    0.0000
  dyz         0    0.026266300  0.026266300   0.052532599   0.000000000    90.0000    0.0000
   sum over m      0.102994036  0.102994036   0.205988072   0.000000000
   sum over m+mul  0.102994036  0.102994036   0.205988072   0.000000000

   59   Si          Up spin      Down spin     Sum           Diff           Angles(Deg)
            multiple
  s           0    0.630115635  0.630115635   1.260231270   0.000000000    90.0000    0.0000
   sum over m      0.630115635  0.630115635   1.260231270   0.000000000
  s           1    0.000987305  0.000987305   0.001974609   0.000000000    90.0000    0.0000
   sum over m      0.000987305  0.000987305   0.001974609   0.000000000
   sum over m+mul  0.631102940  0.631102940   1.262205880   0.000000000
  px          0    0.419072204  0.419072204   0.838144408   0.000000000    90.0000    0.0000
  py          0    0.419105489  0.419105489   0.838210977   0.000000000    90.0000    0.0000
  pz          0    0.419072207  0.419072207   0.838144413   0.000000000    90.0000    0.0000
   sum over m      1.257249899  1.257249899   2.514499798   0.000000000
  px          1    0.002872200  0.002872200   0.005744400   0.000000000    90.0000    0.0000
  py          1    0.002875296  0.002875296   0.005750591   0.000000000    90.0000    0.0000
  pz          1    0.002872200  0.002872200   0.005744400   0.000000000    90.0000    0.0000
   sum over m      0.008619696  0.008619696   0.017239391   0.000000000
   sum over m+mul  1.265869595  1.265869595   2.531739189   0.000000000
  d3z^2-r^2   0    0.012097754  0.012097754   0.024195508   0.000000000    90.0000    0.0000
  dx^2-y^2    0    0.012097825  0.012097825   0.024195651   0.000000000    90.0000    0.0000
  dxy         0    0.026266486  0.026266486   0.052532972   0.000000000    90.0000    0.0000
  dxz         0    0.026266992  0.026266992   0.052533983   0.000000000    90.0000    0.0000
  dyz         0    0.026266486  0.026266486   0.052532973   0.000000000    90.0000    0.0000
   sum over m      0.102995543  0.102995543   0.205991087   0.000000000
   sum over m+mul  0.102995543  0.102995543   0.205991087   0.000000000

   60   Si          Up spin      Down spin     Sum           Diff           Angles(Deg)
            multiple
  s           0    0.630104908  0.630104908   1.260209815   0.000000000    90.0000    0.0000
   sum over m      0.630104908  0.630104908   1.260209815   0.000000000
  s           1    0.000984194  0.000984194   0.001968388   0.000000000    90.0000    0.0000
   sum over m      0.000984194  0.000984194   0.001968388   0.000000000
   sum over m+mul  0.631089102  0.631089102   1.262178203   0.000000000
  px          0    0.419122236  0.419122236   0.838244471   0.000000000    90.0000    0.0000
  py          0    0.419064414  0.419064414   0.838128829   0.000000000    90.0000    0.0000
  pz          0    0.419064417  0.419064417   0.838128834   0.000000000    90.0000    0.0000
   sum over m      1.257251067  1.257251067   2.514502134   0.000000000
  px          1    0.002874512  0.002874512   0.005749024   0.000000000    90.0000    0.0000
  py          1    0.002873651  0.002873651   0.005747301   0.000000000    90.0000    0.0000
  pz          1    0.002873651  0.002873651   0.005747302   0.000000000    90.0000    0.0000
   sum over m      0.008621814  0.008621814   0.017243627   0.000000000
   sum over m+mul  1.265872881  1.265872881   2.531745761   0.000000000
  d3z^2-r^2   0    0.012097701  0.012097701   0.024195402   0.000000000    90.0000    0.0000
  dx^2-y^2    0    0.012097813  0.012097813   0.024195626   0.000000000    90.0000    0.0000
  dxy         0    0.026266375  0.026266375   0.052532750   0.000000000    90.0000    0.0000
  dxz         0    0.026266375  0.026266375   0.052532750   0.000000000    90.0000    0.0000
  dyz         0    0.026266839  0.026266839   0.052533678   0.000000000    90.0000    0.0000
   sum over m      0.102995103  0.102995103   0.205990206   0.000000000
   sum over m+mul  0.102995103  0.102995103   0.205990206   0.000000000

   61   Si          Up spin      Down spin     Sum           Diff           Angles(Deg)
            multiple
  s           0    0.630156270  0.630156270   1.260312541   0.000000000    90.0000    0.0000
   sum over m      0.630156270  0.630156270   1.260312541   0.000000000
  s           1    0.001009129  0.001009129   0.002018257   0.000000000    90.0000    0.0000
   sum over m      0.001009129  0.001009129   0.002018257   0.000000000
   sum over m+mul  0.631165399  0.631165399   1.262330798   0.000000000
  px          0    0.419089901  0.419089901   0.838179801   0.000000000    90.0000    0.0000
  py          0    0.419089901  0.419089901   0.838179801   0.000000000    90.0000    0.0000
  pz          0    0.419089904  0.419089904   0.838179808   0.000000000    90.0000    0.0000
   sum over m      1.257269705  1.257269705   2.514539411   0.000000000
  px          1    0.002881573  0.002881573   0.005763147   0.000000000    90.0000    0.0000
  py          1    0.002881573  0.002881573   0.005763147   0.000000000    90.0000    0.0000
  pz          1    0.002881573  0.002881573   0.005763146   0.000000000    90.0000    0.0000
   sum over m      0.008644720  0.008644720   0.017289439   0.000000000
   sum over m+mul  1.265914425  1.265914425   2.531828850   0.000000000
  d3z^2-r^2   0    0.012097568  0.012097568   0.024195137   0.000000000    90.0000    0.0000
  dx^2-y^2    0    0.012097569  0.012097569   0.024195137   0.000000000    90.0000    0.0000
  dxy         0    0.026266300  0.026266300   0.052532599   0.000000000    90.0000    0.0000
  dxz         0    0.026266300  0.026266300   0.052532599   0.000000000    90.0000    0.0000
  dyz         0    0.026266300  0.026266300   0.052532599   0.000000000    90.0000    0.0000
   sum over m      0.102994036  0.102994036   0.205988072   0.000000000
   sum over m+mul  0.102994036  0.102994036   0.205988072   0.000000000

   62   Si          Up spin      Down spin     Sum           Diff           Angles(Deg)
            multiple
  s           0    0.630115635  0.630115635   1.260231270   0.000000000    90.0000    0.0000
   sum over m      0.630115635  0.630115635   1.260231270   0.000000000
  s           1    0.000987304  0.000987304   0.001974608   0.000000000    90.0000    0.0000
   sum over m      0.000987304  0.000987304   0.001974608   0.000000000
   sum over m+mul  0.631102939  0.631102939   1.262205879   0.000000000
  px          0    0.419072205  0.419072205   0.838144410   0.000000000    90.0000    0.0000
  py          0    0.419072205  0.419072205   0.838144410   0.000000000    90.0000    0.0000
  pz          0    0.419105491  0.419105491   0.838210981   0.000000000    90.0000    0.0000
   sum over m      1.257249901  1.257249901   2.514499801   0.000000000
  px          1    0.002872200  0.002872200   0.005744400   0.000000000    90.0000    0.0000
  py          1    0.002872200  0.002872200   0.005744400   0.000000000    90.0000    0.0000
  pz          1    0.002875296  0.002875296   0.005750591   0.000000000    90.0000    0.0000
   sum over m      0.008619695  0.008619695   0.017239391   0.000000000
   sum over m+mul  1.265869596  1.265869596   2.531739192   0.000000000
  d3z^2-r^2   0    0.012097861  0.012097861   0.024195723   0.000000000    90.0000    0.0000
  dx^2-y^2    0    0.012097718  0.012097718   0.024195436   0.000000000    90.0000    0.0000
  dxy         0    0.026266992  0.026266992   0.052533983   0.000000000    90.0000    0.0000
  dxz         0    0.026266486  0.026266486   0.052532973   0.000000000    90.0000    0.0000
  dyz         0    0.026266486  0.026266486   0.052532973   0.000000000    90.0000    0.0000
   sum over m      0.102995543  0.102995543   0.205991087   0.000000000
   sum over m+mul  0.102995543  0.102995543   0.205991087   0.000000000

   63   Si          Up spin      Down spin     Sum           Diff           Angles(Deg)
            multiple
  s           0    0.630104908  0.630104908   1.260209815   0.000000000    90.0000    0.0000
   sum over m      0.630104908  0.630104908   1.260209815   0.000000000
  s           1    0.000984194  0.000984194   0.001968388   0.000000000    90.0000    0.0000
   sum over m      0.000984194  0.000984194   0.001968388   0.000000000
   sum over m+mul  0.631089102  0.631089102   1.262178203   0.000000000
  px          0    0.419064414  0.419064414   0.838128829   0.000000000    90.0000    0.0000
  py          0    0.419122236  0.419122236   0.838244471   0.000000000    90.0000    0.0000
  pz          0    0.419064417  0.419064417   0.838128834   0.000000000    90.0000    0.0000
   sum over m      1.257251067  1.257251067   2.514502134   0.000000000
  px          1    0.002873651  0.002873651   0.005747301   0.000000000    90.0000    0.0000
  py          1    0.002874512  0.002874512   0.005749024   0.000000000    90.0000    0.0000
  pz          1    0.002873651  0.002873651   0.005747302   0.000000000    90.0000    0.0000
   sum over m      0.008621814  0.008621814   0.017243627   0.000000000
   sum over m+mul  1.265872881  1.265872881   2.531745761   0.000000000
  d3z^2-r^2   0    0.012097701  0.012097701   0.024195402   0.000000000    90.0000    0.0000
  dx^2-y^2    0    0.012097813  0.012097813   0.024195626   0.000000000    90.0000    0.0000
  dxy         0    0.026266375  0.026266375   0.052532750   0.000000000    90.0000    0.0000
  dxz         0    0.026266839  0.026266839   0.052533678   0.000000000    90.0000    0.0000
  dyz         0    0.026266375  0.026266375   0.052532750   0.000000000    90.0000    0.0000
   sum over m      0.102995103  0.102995103   0.205990206   0.000000000
   sum over m+mul  0.102995103  0.102995103   0.205990206   0.000000000

   64   Si          Up spin      Down spin     Sum           Diff           Angles(Deg)
            multiple
  s           0    0.630115635  0.630115635   1.260231270   0.000000000    90.0000    0.0000
   sum over m      0.630115635  0.630115635   1.260231270   0.000000000
  s           1    0.000987305  0.000987305   0.001974609   0.000000000    90.0000    0.0000
   sum over m      0.000987305  0.000987305   0.001974609   0.000000000
   sum over m+mul  0.631102940  0.631102940   1.262205880   0.000000000
  px          0    0.419105489  0.419105489   0.838210977   0.000000000    90.0000    0.0000
  py          0    0.419072204  0.419072204   0.838144408   0.000000000    90.0000    0.0000
  pz          0    0.419072207  0.419072207   0.838144413   0.000000000    90.0000    0.0000
   sum over m      1.257249899  1.257249899   2.514499798   0.000000000
  px          1    0.002875296  0.002875296   0.005750591   0.000000000    90.0000    0.0000
  py          1    0.002872200  0.002872200   0.005744400   0.000000000    90.0000    0.0000
  pz          1    0.002872200  0.002872200   0.005744400   0.000000000    90.0000    0.0000
   sum over m      0.008619696  0.008619696   0.017239391   0.000000000
   sum over m+mul  1.265869595  1.265869595   2.531739189   0.000000000
  d3z^2-r^2   0    0.012097754  0.012097754   0.024195508   0.000000000    90.0000    0.0000
  dx^2-y^2    0    0.012097825  0.012097825   0.024195651   0.000000000    90.0000    0.0000
  dxy         0    0.026266486  0.026266486   0.052532972   0.000000000    90.0000    0.0000
  dxz         0    0.026266486  0.026266486   0.052532973   0.000000000    90.0000    0.0000
  dyz         0    0.026266992  0.026266992   0.052533983   0.000000000    90.0000    0.0000
   sum over m      0.102995543  0.102995543   0.205991087   0.000000000
   sum over m+mul  0.102995543  0.102995543   0.205991087   0.000000000

   65   Si          Up spin      Down spin     Sum           Diff           Angles(Deg)
            multiple
  s           0    0.630156270  0.630156270   1.260312541   0.000000000    90.0000    0.0000
   sum over m      0.630156270  0.630156270   1.260312541   0.000000000
  s           1    0.001009129  0.001009129   0.002018257   0.000000000    90.0000    0.0000
   sum over m      0.001009129  0.001009129   0.002018257   0.000000000
   sum over m+mul  0.631165399  0.631165399   1.262330798   0.000000000
  px          0    0.419089901  0.419089901   0.838179801   0.000000000    90.0000    0.0000
  py          0    0.419089901  0.419089901   0.838179801   0.000000000    90.0000    0.0000
  pz          0    0.419089904  0.419089904   0.838179808   0.000000000    90.0000    0.0000
   sum over m      1.257269705  1.257269705   2.514539411   0.000000000
  px          1    0.002881573  0.002881573   0.005763147   0.000000000    90.0000    0.0000
  py          1    0.002881573  0.002881573   0.005763147   0.000000000    90.0000    0.0000
  pz          1    0.002881573  0.002881573   0.005763146   0.000000000    90.0000    0.0000
   sum over m      0.008644720  0.008644720   0.017289439   0.000000000
   sum over m+mul  1.265914425  1.265914425   2.531828850   0.000000000
  d3z^2-r^2   0    0.012097568  0.012097568   0.024195137   0.000000000    90.0000    0.0000
  dx^2-y^2    0    0.012097569  0.012097569   0.024195137   0.000000000    90.0000    0.0000
  dxy         0    0.026266300  0.026266300   0.052532599   0.000000000    90.0000    0.0000
  dxz         0    0.026266300  0.026266300   0.052532599   0.000000000    90.0000    0.0000
  dyz         0    0.026266300  0.026266300   0.052532599   0.000000000    90.0000    0.0000
   sum over m      0.102994036  0.102994036   0.205988072   0.000000000
   sum over m+mul  0.102994036  0.102994036   0.205988072   0.000000000

   66   Si          Up spin      Down spin     Sum           Diff           Angles(Deg)
            multiple
  s           0    0.630115635  0.630115635   1.260231270   0.000000000    90.0000    0.0000
   sum over m      0.630115635  0.630115635   1.260231270   0.000000000
  s           1    0.000987304  0.000987304   0.001974608   0.000000000    90.0000    0.0000
   sum over m      0.000987304  0.000987304   0.001974608   0.000000000
   sum over m+mul  0.631102939  0.631102939   1.262205879   0.000000000
  px          0    0.419072205  0.419072205   0.838144410   0.000000000    90.0000    0.0000
  py          0    0.419072205  0.419072205   0.838144410   0.000000000    90.0000    0.0000
  pz          0    0.419105491  0.419105491   0.838210981   0.000000000    90.0000    0.0000
   sum over m      1.257249901  1.257249901   2.514499801   0.000000000
  px          1    0.002872200  0.002872200   0.005744400   0.000000000    90.0000    0.0000
  py          1    0.002872200  0.002872200   0.005744400   0.000000000    90.0000    0.0000
  pz          1    0.002875296  0.002875296   0.005750591   0.000000000    90.0000    0.0000
   sum over m      0.008619695  0.008619695   0.017239391   0.000000000
   sum over m+mul  1.265869596  1.265869596   2.531739192   0.000000000
  d3z^2-r^2   0    0.012097861  0.012097861   0.024195723   0.000000000    90.0000    0.0000
  dx^2-y^2    0    0.012097718  0.012097718   0.024195436   0.000000000    90.0000    0.0000
  dxy         0    0.026266992  0.026266992   0.052533983   0.000000000    90.0000    0.0000
  dxz         0    0.026266486  0.026266486   0.052532973   0.000000000    90.0000    0.0000
  dyz         0    0.026266486  0.026266486   0.052532973   0.000000000    90.0000    0.0000
   sum over m      0.102995543  0.102995543   0.205991087   0.000000000
   sum over m+mul  0.102995543  0.102995543   0.205991087   0.000000000

   67   Si          Up spin      Down spin     Sum           Diff           Angles(Deg)
            multiple
  s           0    0.630104908  0.630104908   1.260209815   0.000000000    90.0000    0.0000
   sum over m      0.630104908  0.630104908   1.260209815   0.000000000
  s           1    0.000984194  0.000984194   0.001968388   0.000000000    90.0000    0.0000
   sum over m      0.000984194  0.000984194   0.001968388   0.000000000
   sum over m+mul  0.631089102  0.631089102   1.262178203   0.000000000
  px          0    0.419122236  0.419122236   0.838244471   0.000000000    90.0000    0.0000
  py          0    0.419064414  0.419064414   0.838128829   0.000000000    90.0000    0.0000
  pz          0    0.419064417  0.419064417   0.838128834   0.000000000    90.0000    0.0000
   sum over m      1.257251067  1.257251067   2.514502134   0.000000000
  px          1    0.002874512  0.002874512   0.005749024   0.000000000    90.0000    0.0000
  py          1    0.002873651  0.002873651   0.005747301   0.000000000    90.0000    0.0000
  pz          1    0.002873651  0.002873651   0.005747302   0.000000000    90.0000    0.0000
   sum over m      0.008621814  0.008621814   0.017243627   0.000000000
   sum over m+mul  1.265872881  1.265872881   2.531745761   0.000000000
  d3z^2-r^2   0    0.012097701  0.012097701   0.024195402   0.000000000    90.0000    0.0000
  dx^2-y^2    0    0.012097813  0.012097813   0.024195626   0.000000000    90.0000    0.0000
  dxy         0    0.026266375  0.026266375   0.052532750   0.000000000    90.0000    0.0000
  dxz         0    0.026266375  0.026266375   0.052532750   0.000000000    90.0000    0.0000
  dyz         0    0.026266839  0.026266839   0.052533678   0.000000000    90.0000    0.0000
   sum over m      0.102995103  0.102995103   0.205990206   0.000000000
   sum over m+mul  0.102995103  0.102995103   0.205990206   0.000000000

   68   Si          Up spin      Down spin     Sum           Diff           Angles(Deg)
            multiple
  s           0    0.630115635  0.630115635   1.260231270   0.000000000    90.0000    0.0000
   sum over m      0.630115635  0.630115635   1.260231270   0.000000000
  s           1    0.000987305  0.000987305   0.001974609   0.000000000    90.0000    0.0000
   sum over m      0.000987305  0.000987305   0.001974609   0.000000000
   sum over m+mul  0.631102940  0.631102940   1.262205880   0.000000000
  px          0    0.419072204  0.419072204   0.838144408   0.000000000    90.0000    0.0000
  py          0    0.419105489  0.419105489   0.838210977   0.000000000    90.0000    0.0000
  pz          0    0.419072207  0.419072207   0.838144413   0.000000000    90.0000    0.0000
   sum over m      1.257249899  1.257249899   2.514499798   0.000000000
  px          1    0.002872200  0.002872200   0.005744400   0.000000000    90.0000    0.0000
  py          1    0.002875296  0.002875296   0.005750591   0.000000000    90.0000    0.0000
  pz          1    0.002872200  0.002872200   0.005744400   0.000000000    90.0000    0.0000
   sum over m      0.008619696  0.008619696   0.017239391   0.000000000
   sum over m+mul  1.265869595  1.265869595   2.531739189   0.000000000
  d3z^2-r^2   0    0.012097754  0.012097754   0.024195508   0.000000000    90.0000    0.0000
  dx^2-y^2    0    0.012097825  0.012097825   0.024195651   0.000000000    90.0000    0.0000
  dxy         0    0.026266486  0.026266486   0.052532972   0.000000000    90.0000    0.0000
  dxz         0    0.026266992  0.026266992   0.052533983   0.000000000    90.0000    0.0000
  dyz         0    0.026266486  0.026266486   0.052532973   0.000000000    90.0000    0.0000
   sum over m      0.102995543  0.102995543   0.205991087   0.000000000
   sum over m+mul  0.102995543  0.102995543   0.205991087   0.000000000

   69   Si          Up spin      Down spin     Sum           Diff           Angles(Deg)
            multiple
  s           0    0.630153295  0.630153295   1.260306590   0.000000000    90.0000    0.0000
   sum over m      0.630153295  0.630153295   1.260306590   0.000000000
  s           1    0.001007610  0.001007610   0.002015220   0.000000000    90.0000    0.0000
   sum over m      0.001007610  0.001007610   0.002015220   0.000000000
   sum over m+mul  0.631160905  0.631160905   1.262321810   0.000000000
  px          0    0.419095504  0.419095504   0.838191009   0.000000000    90.0000    0.0000
  py          0    0.419095504  0.419095504   0.838191009   0.000000000    90.0000    0.0000
  pz          0    0.419095507  0.419095507   0.838191014   0.000000000    90.0000    0.0000
   sum over m      1.257286516  1.257286516   2.514573032   0.000000000
  px          1    0.002879989  0.002879989   0.005759977   0.000000000    90.0000    0.0000
  py          1    0.002879989  0.002879989   0.005759977   0.000000000    90.0000    0.0000
  pz          1    0.002879989  0.002879989   0.005759977   0.000000000    90.0000    0.0000
   sum over m      0.008639966  0.008639966   0.017279932   0.000000000
   sum over m+mul  1.265926482  1.265926482   2.531852963   0.000000000
  d3z^2-r^2   0    0.012097657  0.012097657   0.024195314   0.000000000    90.0000    0.0000
  dx^2-y^2    0    0.012097657  0.012097657   0.024195314   0.000000000    90.0000    0.0000
  dxy         0    0.026266326  0.026266326   0.052532651   0.000000000    90.0000    0.0000
  dxz         0    0.026266326  0.026266326   0.052532651   0.000000000    90.0000    0.0000
  dyz         0    0.026266326  0.026266326   0.052532651   0.000000000    90.0000    0.0000
   sum over m      0.102994291  0.102994291   0.205988582   0.000000000
   sum over m+mul  0.102994291  0.102994291   0.205988582   0.000000000

   70   Si          Up spin      Down spin     Sum           Diff           Angles(Deg)
            multiple
  s           0    0.630153295  0.630153295   1.260306590   0.000000000    90.0000    0.0000
   sum over m      0.630153295  0.630153295   1.260306590   0.000000000
  s           1    0.001007610  0.001007610   0.002015220   0.000000000    90.0000    0.0000
   sum over m      0.001007610  0.001007610   0.002015220   0.000000000
   sum over m+mul  0.631160905  0.631160905   1.262321810   0.000000000
  px          0    0.419095504  0.419095504   0.838191009   0.000000000    90.0000    0.0000
  py          0    0.419095504  0.419095504   0.838191009   0.000000000    90.0000    0.0000
  pz          0    0.419095507  0.419095507   0.838191014   0.000000000    90.0000    0.0000
   sum over m      1.257286516  1.257286516   2.514573032   0.000000000
  px          1    0.002879989  0.002879989   0.005759977   0.000000000    90.0000    0.0000
  py          1    0.002879989  0.002879989   0.005759977   0.000000000    90.0000    0.0000
  pz          1    0.002879989  0.002879989   0.005759977   0.000000000    90.0000    0.0000
   sum over m      0.008639966  0.008639966   0.017279932   0.000000000
   sum over m+mul  1.265926482  1.265926482   2.531852963   0.000000000
  d3z^2-r^2   0    0.012097657  0.012097657   0.024195314   0.000000000    90.0000    0.0000
  dx^2-y^2    0    0.012097657  0.012097657   0.024195314   0.000000000    90.0000    0.0000
  dxy         0    0.026266326  0.026266326   0.052532651   0.000000000    90.0000    0.0000
  dxz         0    0.026266326  0.026266326   0.052532651   0.000000000    90.0000    0.0000
  dyz         0    0.026266326  0.026266326   0.052532651   0.000000000    90.0000    0.0000
   sum over m      0.102994291  0.102994291   0.205988582   0.000000000
   sum over m+mul  0.102994291  0.102994291   0.205988582   0.000000000

   71   Si          Up spin      Down spin     Sum           Diff           Angles(Deg)
            multiple
  s           0    0.630115635  0.630115635   1.260231270   0.000000000    90.0000    0.0000
   sum over m      0.630115635  0.630115635   1.260231270   0.000000000
  s           1    0.000987305  0.000987305   0.001974609   0.000000000    90.0000    0.0000
   sum over m      0.000987305  0.000987305   0.001974609   0.000000000
   sum over m+mul  0.631102940  0.631102940   1.262205880   0.000000000
  px          0    0.419105489  0.419105489   0.838210977   0.000000000    90.0000    0.0000
  py          0    0.419072204  0.419072204   0.838144408   0.000000000    90.0000    0.0000
  pz          0    0.419072207  0.419072207   0.838144413   0.000000000    90.0000    0.0000
   sum over m      1.257249899  1.257249899   2.514499798   0.000000000
  px          1    0.002875296  0.002875296   0.005750591   0.000000000    90.0000    0.0000
  py          1    0.002872200  0.002872200   0.005744400   0.000000000    90.0000    0.0000
  pz          1    0.002872200  0.002872200   0.005744400   0.000000000    90.0000    0.0000
   sum over m      0.008619696  0.008619696   0.017239391   0.000000000
   sum over m+mul  1.265869595  1.265869595   2.531739189   0.000000000
  d3z^2-r^2   0    0.012097754  0.012097754   0.024195508   0.000000000    90.0000    0.0000
  dx^2-y^2    0    0.012097825  0.012097825   0.024195651   0.000000000    90.0000    0.0000
  dxy         0    0.026266486  0.026266486   0.052532972   0.000000000    90.0000    0.0000
  dxz         0    0.026266486  0.026266486   0.052532973   0.000000000    90.0000    0.0000
  dyz         0    0.026266992  0.026266992   0.052533983   0.000000000    90.0000    0.0000
   sum over m      0.102995543  0.102995543   0.205991087   0.000000000
   sum over m+mul  0.102995543  0.102995543   0.205991087   0.000000000

   72   Si          Up spin      Down spin     Sum           Diff           Angles(Deg)
            multiple
  s           0    0.630115635  0.630115635   1.260231270   0.000000000    90.0000    0.0000
   sum over m      0.630115635  0.630115635   1.260231270   0.000000000
  s           1    0.000987305  0.000987305   0.001974609   0.000000000    90.0000    0.0000
   sum over m      0.000987305  0.000987305   0.001974609   0.000000000
   sum over m+mul  0.631102940  0.631102940   1.262205880   0.000000000
  px          0    0.419105489  0.419105489   0.838210977   0.000000000    90.0000    0.0000
  py          0    0.419072204  0.419072204   0.838144408   0.000000000    90.0000    0.0000
  pz          0    0.419072207  0.419072207   0.838144413   0.000000000    90.0000    0.0000
   sum over m      1.257249899  1.257249899   2.514499798   0.000000000
  px          1    0.002875296  0.002875296   0.005750591   0.000000000    90.0000    0.0000
  py          1    0.002872200  0.002872200   0.005744400   0.000000000    90.0000    0.0000
  pz          1    0.002872200  0.002872200   0.005744400   0.000000000    90.0000    0.0000
   sum over m      0.008619696  0.008619696   0.017239391   0.000000000
   sum over m+mul  1.265869595  1.265869595   2.531739189   0.000000000
  d3z^2-r^2   0    0.012097754  0.012097754   0.024195508   0.000000000    90.0000    0.0000
  dx^2-y^2    0    0.012097825  0.012097825   0.024195651   0.000000000    90.0000    0.0000
  dxy         0    0.026266486  0.026266486   0.052532972   0.000000000    90.0000    0.0000
  dxz         0    0.026266486  0.026266486   0.052532973   0.000000000    90.0000    0.0000
  dyz         0    0.026266992  0.026266992   0.052533983   0.000000000    90.0000    0.0000
   sum over m      0.102995543  0.102995543   0.205991087   0.000000000
   sum over m+mul  0.102995543  0.102995543   0.205991087   0.000000000

   73   Si          Up spin      Down spin     Sum           Diff           Angles(Deg)
            multiple
  s           0    0.630115635  0.630115635   1.260231270   0.000000000    90.0000    0.0000
   sum over m      0.630115635  0.630115635   1.260231270   0.000000000
  s           1    0.000987305  0.000987305   0.001974609   0.000000000    90.0000    0.0000
   sum over m      0.000987305  0.000987305   0.001974609   0.000000000
   sum over m+mul  0.631102940  0.631102940   1.262205880   0.000000000
  px          0    0.419105489  0.419105489   0.838210977   0.000000000    90.0000    0.0000
  py          0    0.419072204  0.419072204   0.838144408   0.000000000    90.0000    0.0000
  pz          0    0.419072207  0.419072207   0.838144413   0.000000000    90.0000    0.0000
   sum over m      1.257249899  1.257249899   2.514499798   0.000000000
  px          1    0.002875296  0.002875296   0.005750591   0.000000000    90.0000    0.0000
  py          1    0.002872200  0.002872200   0.005744400   0.000000000    90.0000    0.0000
  pz          1    0.002872200  0.002872200   0.005744400   0.000000000    90.0000    0.0000
   sum over m      0.008619696  0.008619696   0.017239391   0.000000000
   sum over m+mul  1.265869595  1.265869595   2.531739189   0.000000000
  d3z^2-r^2   0    0.012097754  0.012097754   0.024195508   0.000000000    90.0000    0.0000
  dx^2-y^2    0    0.012097825  0.012097825   0.024195651   0.000000000    90.0000    0.0000
  dxy         0    0.026266486  0.026266486   0.052532972   0.000000000    90.0000    0.0000
  dxz         0    0.026266486  0.026266486   0.052532973   0.000000000    90.0000    0.0000
  dyz         0    0.026266992  0.026266992   0.052533983   0.000000000    90.0000    0.0000
   sum over m      0.102995543  0.102995543   0.205991087   0.000000000
   sum over m+mul  0.102995543  0.102995543   0.205991087   0.000000000

   74   Si          Up spin      Down spin     Sum           Diff           Angles(Deg)
            multiple
  s           0    0.630153295  0.630153295   1.260306590   0.000000000    90.0000    0.0000
   sum over m      0.630153295  0.630153295   1.260306590   0.000000000
  s           1    0.001007610  0.001007610   0.002015220   0.000000000    90.0000    0.0000
   sum over m      0.001007610  0.001007610   0.002015220   0.000000000
   sum over m+mul  0.631160905  0.631160905   1.262321810   0.000000000
  px          0    0.419095504  0.419095504   0.838191009   0.000000000    90.0000    0.0000
  py          0    0.419095504  0.419095504   0.838191009   0.000000000    90.0000    0.0000
  pz          0    0.419095507  0.419095507   0.838191014   0.000000000    90.0000    0.0000
   sum over m      1.257286516  1.257286516   2.514573032   0.000000000
  px          1    0.002879989  0.002879989   0.005759977   0.000000000    90.0000    0.0000
  py          1    0.002879989  0.002879989   0.005759977   0.000000000    90.0000    0.0000
  pz          1    0.002879989  0.002879989   0.005759977   0.000000000    90.0000    0.0000
   sum over m      0.008639966  0.008639966   0.017279932   0.000000000
   sum over m+mul  1.265926482  1.265926482   2.531852963   0.000000000
  d3z^2-r^2   0    0.012097657  0.012097657   0.024195314   0.000000000    90.0000    0.0000
  dx^2-y^2    0    0.012097657  0.012097657   0.024195314   0.000000000    90.0000    0.0000
  dxy         0    0.026266326  0.026266326   0.052532651   0.000000000    90.0000    0.0000
  dxz         0    0.026266326  0.026266326   0.052532651   0.000000000    90.0000    0.0000
  dyz         0    0.026266326  0.026266326   0.052532651   0.000000000    90.0000    0.0000
   sum over m      0.102994291  0.102994291   0.205988582   0.000000000
   sum over m+mul  0.102994291  0.102994291   0.205988582   0.000000000

   75   Si          Up spin      Down spin     Sum           Diff           Angles(Deg)
            multiple
  s           0    0.630115635  0.630115635   1.260231270   0.000000000    90.0000    0.0000
   sum over m      0.630115635  0.630115635   1.260231270   0.000000000
  s           1    0.000987305  0.000987305   0.001974609   0.000000000    90.0000    0.0000
   sum over m      0.000987305  0.000987305   0.001974609   0.000000000
   sum over m+mul  0.631102940  0.631102940   1.262205880   0.000000000
  px          0    0.419105489  0.419105489   0.838210977   0.000000000    90.0000    0.0000
  py          0    0.419072204  0.419072204   0.838144408   0.000000000    90.0000    0.0000
  pz          0    0.419072207  0.419072207   0.838144413   0.000000000    90.0000    0.0000
   sum over m      1.257249899  1.257249899   2.514499798   0.000000000
  px          1    0.002875296  0.002875296   0.005750591   0.000000000    90.0000    0.0000
  py          1    0.002872200  0.002872200   0.005744400   0.000000000    90.0000    0.0000
  pz          1    0.002872200  0.002872200   0.005744400   0.000000000    90.0000    0.0000
   sum over m      0.008619696  0.008619696   0.017239391   0.000000000
   sum over m+mul  1.265869595  1.265869595   2.531739189   0.000000000
  d3z^2-r^2   0    0.012097754  0.012097754   0.024195508   0.000000000    90.0000    0.0000
  dx^2-y^2    0    0.012097825  0.012097825   0.024195651   0.000000000    90.0000    0.0000
  dxy         0    0.026266486  0.026266486   0.052532972   0.000000000    90.0000    0.0000
  dxz         0    0.026266486  0.026266486   0.052532973   0.000000000    90.0000    0.0000
  dyz         0    0.026266992  0.026266992   0.052533983   0.000000000    90.0000    0.0000
   sum over m      0.102995543  0.102995543   0.205991087   0.000000000
   sum over m+mul  0.102995543  0.102995543   0.205991087   0.000000000

   76   Si          Up spin      Down spin     Sum           Diff           Angles(Deg)
            multiple
  s           0    0.630153295  0.630153295   1.260306590   0.000000000    90.0000    0.0000
   sum over m      0.630153295  0.630153295   1.260306590   0.000000000
  s           1    0.001007610  0.001007610   0.002015220   0.000000000    90.0000    0.0000
   sum over m      0.001007610  0.001007610   0.002015220   0.000000000
   sum over m+mul  0.631160905  0.631160905   1.262321810   0.000000000
  px          0    0.419095504  0.419095504   0.838191009   0.000000000    90.0000    0.0000
  py          0    0.419095504  0.419095504   0.838191009   0.000000000    90.0000    0.0000
  pz          0    0.419095507  0.419095507   0.838191014   0.000000000    90.0000    0.0000
   sum over m      1.257286516  1.257286516   2.514573032   0.000000000
  px          1    0.002879989  0.002879989   0.005759977   0.000000000    90.0000    0.0000
  py          1    0.002879989  0.002879989   0.005759977   0.000000000    90.0000    0.0000
  pz          1    0.002879989  0.002879989   0.005759977   0.000000000    90.0000    0.0000
   sum over m      0.008639966  0.008639966   0.017279932   0.000000000
   sum over m+mul  1.265926482  1.265926482   2.531852963   0.000000000
  d3z^2-r^2   0    0.012097657  0.012097657   0.024195314   0.000000000    90.0000    0.0000
  dx^2-y^2    0    0.012097657  0.012097657   0.024195314   0.000000000    90.0000    0.0000
  dxy         0    0.026266326  0.026266326   0.052532651   0.000000000    90.0000    0.0000
  dxz         0    0.026266326  0.026266326   0.052532651   0.000000000    90.0000    0.0000
  dyz         0    0.026266326  0.026266326   0.052532651   0.000000000    90.0000    0.0000
   sum over m      0.102994291  0.102994291   0.205988582   0.000000000
   sum over m+mul  0.102994291  0.102994291   0.205988582   0.000000000

   77   Si          Up spin      Down spin     Sum           Diff           Angles(Deg)
            multiple
  s           0    0.630165536  0.630165536   1.260331072   0.000000000    90.0000    0.0000
   sum over m      0.630165536  0.630165536   1.260331072   0.000000000
  s           1    0.001005682  0.001005682   0.002011364   0.000000000    90.0000    0.0000
   sum over m      0.001005682  0.001005682   0.002011364   0.000000000
   sum over m+mul  0.631171218  0.631171218   1.262342436   0.000000000
  px          0    0.419068739  0.419068739   0.838137479   0.000000000    90.0000    0.0000
  py          0    0.419068739  0.419068739   0.838137479   0.000000000    90.0000    0.0000
  pz          0    0.419068743  0.419068743   0.838137486   0.000000000    90.0000    0.0000
   sum over m      1.257206221  1.257206221   2.514412443   0.000000000
  px          1    0.002882554  0.002882554   0.005765109   0.000000000    90.0000    0.0000
  py          1    0.002882554  0.002882554   0.005765109   0.000000000    90.0000    0.0000
  pz          1    0.002882555  0.002882555   0.005765109   0.000000000    90.0000    0.0000
   sum over m      0.008647663  0.008647663   0.017295327   0.000000000
   sum over m+mul  1.265853885  1.265853885   2.531707770   0.000000000
  d3z^2-r^2   0    0.012097730  0.012097730   0.024195459   0.000000000    90.0000    0.0000
  dx^2-y^2    0    0.012097729  0.012097729   0.024195459   0.000000000    90.0000    0.0000
  dxy         0    0.026265946  0.026265946   0.052531892   0.000000000    90.0000    0.0000
  dxz         0    0.026265946  0.026265946   0.052531892   0.000000000    90.0000    0.0000
  dyz         0    0.026265946  0.026265946   0.052531892   0.000000000    90.0000    0.0000
   sum over m      0.102993297  0.102993297   0.205986594   0.000000000
   sum over m+mul  0.102993297  0.102993297   0.205986594   0.000000000

   78   Si          Up spin      Down spin     Sum           Diff           Angles(Deg)
            multiple
  s           0    0.630115635  0.630115635   1.260231270   0.000000000    90.0000    0.0000
   sum over m      0.630115635  0.630115635   1.260231270   0.000000000
  s           1    0.000987305  0.000987305   0.001974609   0.000000000    90.0000    0.0000
   sum over m      0.000987305  0.000987305   0.001974609   0.000000000
   sum over m+mul  0.631102940  0.631102940   1.262205880   0.000000000
  px          0    0.419105489  0.419105489   0.838210977   0.000000000    90.0000    0.0000
  py          0    0.419072204  0.419072204   0.838144408   0.000000000    90.0000    0.0000
  pz          0    0.419072207  0.419072207   0.838144413   0.000000000    90.0000    0.0000
   sum over m      1.257249899  1.257249899   2.514499798   0.000000000
  px          1    0.002875296  0.002875296   0.005750591   0.000000000    90.0000    0.0000
  py          1    0.002872200  0.002872200   0.005744400   0.000000000    90.0000    0.0000
  pz          1    0.002872200  0.002872200   0.005744400   0.000000000    90.0000    0.0000
   sum over m      0.008619696  0.008619696   0.017239391   0.000000000
   sum over m+mul  1.265869595  1.265869595   2.531739189   0.000000000
  d3z^2-r^2   0    0.012097754  0.012097754   0.024195508   0.000000000    90.0000    0.0000
  dx^2-y^2    0    0.012097825  0.012097825   0.024195651   0.000000000    90.0000    0.0000
  dxy         0    0.026266486  0.026266486   0.052532972   0.000000000    90.0000    0.0000
  dxz         0    0.026266486  0.026266486   0.052532973   0.000000000    90.0000    0.0000
  dyz         0    0.026266992  0.026266992   0.052533983   0.000000000    90.0000    0.0000
   sum over m      0.102995543  0.102995543   0.205991087   0.000000000
   sum over m+mul  0.102995543  0.102995543   0.205991087   0.000000000

   79   Si          Up spin      Down spin     Sum           Diff           Angles(Deg)
            multiple
  s           0    0.630115635  0.630115635   1.260231270   0.000000000    90.0000    0.0000
   sum over m      0.630115635  0.630115635   1.260231270   0.000000000
  s           1    0.000987305  0.000987305   0.001974609   0.000000000    90.0000    0.0000
   sum over m      0.000987305  0.000987305   0.001974609   0.000000000
   sum over m+mul  0.631102940  0.631102940   1.262205880   0.000000000
  px          0    0.419072204  0.419072204   0.838144408   0.000000000    90.0000    0.0000
  py          0    0.419105489  0.419105489   0.838210977   0.000000000    90.0000    0.0000
  pz          0    0.419072207  0.419072207   0.838144413   0.000000000    90.0000    0.0000
   sum over m      1.257249899  1.257249899   2.514499798   0.000000000
  px          1    0.002872200  0.002872200   0.005744400   0.000000000    90.0000    0.0000
  py          1    0.002875296  0.002875296   0.005750591   0.000000000    90.0000    0.0000
  pz          1    0.002872200  0.002872200   0.005744400   0.000000000    90.0000    0.0000
   sum over m      0.008619696  0.008619696   0.017239391   0.000000000
   sum over m+mul  1.265869595  1.265869595   2.531739189   0.000000000
  d3z^2-r^2   0    0.012097754  0.012097754   0.024195508   0.000000000    90.0000    0.0000
  dx^2-y^2    0    0.012097825  0.012097825   0.024195651   0.000000000    90.0000    0.0000
  dxy         0    0.026266486  0.026266486   0.052532972   0.000000000    90.0000    0.0000
  dxz         0    0.026266992  0.026266992   0.052533983   0.000000000    90.0000    0.0000
  dyz         0    0.026266486  0.026266486   0.052532973   0.000000000    90.0000    0.0000
   sum over m      0.102995543  0.102995543   0.205991087   0.000000000
   sum over m+mul  0.102995543  0.102995543   0.205991087   0.000000000

   80   Si          Up spin      Down spin     Sum           Diff           Angles(Deg)
            multiple
  s           0    0.630115635  0.630115635   1.260231270   0.000000000    90.0000    0.0000
   sum over m      0.630115635  0.630115635   1.260231270   0.000000000
  s           1    0.000987304  0.000987304   0.001974608   0.000000000    90.0000    0.0000
   sum over m      0.000987304  0.000987304   0.001974608   0.000000000
   sum over m+mul  0.631102939  0.631102939   1.262205879   0.000000000
  px          0    0.419072205  0.419072205   0.838144410   0.000000000    90.0000    0.0000
  py          0    0.419072205  0.419072205   0.838144410   0.000000000    90.0000    0.0000
  pz          0    0.419105491  0.419105491   0.838210981   0.000000000    90.0000    0.0000
   sum over m      1.257249901  1.257249901   2.514499801   0.000000000
  px          1    0.002872200  0.002872200   0.005744400   0.000000000    90.0000    0.0000
  py          1    0.002872200  0.002872200   0.005744400   0.000000000    90.0000    0.0000
  pz          1    0.002875296  0.002875296   0.005750591   0.000000000    90.0000    0.0000
   sum over m      0.008619695  0.008619695   0.017239391   0.000000000
   sum over m+mul  1.265869596  1.265869596   2.531739192   0.000000000
  d3z^2-r^2   0    0.012097861  0.012097861   0.024195723   0.000000000    90.0000    0.0000
  dx^2-y^2    0    0.012097718  0.012097718   0.024195436   0.000000000    90.0000    0.0000
  dxy         0    0.026266992  0.026266992   0.052533983   0.000000000    90.0000    0.0000
  dxz         0    0.026266486  0.026266486   0.052532973   0.000000000    90.0000    0.0000
  dyz         0    0.026266486  0.026266486   0.052532973   0.000000000    90.0000    0.0000
   sum over m      0.102995543  0.102995543   0.205991087   0.000000000
   sum over m+mul  0.102995543  0.102995543   0.205991087   0.000000000

   81   Si          Up spin      Down spin     Sum           Diff           Angles(Deg)
            multiple
  s           0    0.630104908  0.630104908   1.260209815   0.000000000    90.0000    0.0000
   sum over m      0.630104908  0.630104908   1.260209815   0.000000000
  s           1    0.000984194  0.000984194   0.001968388   0.000000000    90.0000    0.0000
   sum over m      0.000984194  0.000984194   0.001968388   0.000000000
   sum over m+mul  0.631089102  0.631089102   1.262178203   0.000000000
  px          0    0.419064414  0.419064414   0.838128829   0.000000000    90.0000    0.0000
  py          0    0.419122236  0.419122236   0.838244471   0.000000000    90.0000    0.0000
  pz          0    0.419064417  0.419064417   0.838128834   0.000000000    90.0000    0.0000
   sum over m      1.257251067  1.257251067   2.514502134   0.000000000
  px          1    0.002873651  0.002873651   0.005747301   0.000000000    90.0000    0.0000
  py          1    0.002874512  0.002874512   0.005749024   0.000000000    90.0000    0.0000
  pz          1    0.002873651  0.002873651   0.005747302   0.000000000    90.0000    0.0000
   sum over m      0.008621814  0.008621814   0.017243627   0.000000000
   sum over m+mul  1.265872881  1.265872881   2.531745761   0.000000000
  d3z^2-r^2   0    0.012097701  0.012097701   0.024195402   0.000000000    90.0000    0.0000
  dx^2-y^2    0    0.012097813  0.012097813   0.024195626   0.000000000    90.0000    0.0000
  dxy         0    0.026266375  0.026266375   0.052532750   0.000000000    90.0000    0.0000
  dxz         0    0.026266839  0.026266839   0.052533678   0.000000000    90.0000    0.0000
  dyz         0    0.026266375  0.026266375   0.052532750   0.000000000    90.0000    0.0000
   sum over m      0.102995103  0.102995103   0.205990206   0.000000000
   sum over m+mul  0.102995103  0.102995103   0.205990206   0.000000000

   82   Si          Up spin      Down spin     Sum           Diff           Angles(Deg)
            multiple
  s           0    0.630156270  0.630156270   1.260312541   0.000000000    90.0000    0.0000
   sum over m      0.630156270  0.630156270   1.260312541   0.000000000
  s           1    0.001009129  0.001009129   0.002018257   0.000000000    90.0000    0.0000
   sum over m      0.001009129  0.001009129   0.002018257   0.000000000
   sum over m+mul  0.631165399  0.631165399   1.262330798   0.000000000
  px          0    0.419089901  0.419089901   0.838179801   0.000000000    90.0000    0.0000
  py          0    0.419089901  0.419089901   0.838179801   0.000000000    90.0000    0.0000
  pz          0    0.419089904  0.419089904   0.838179808   0.000000000    90.0000    0.0000
   sum over m      1.257269705  1.257269705   2.514539411   0.000000000
  px          1    0.002881573  0.002881573   0.005763147   0.000000000    90.0000    0.0000
  py          1    0.002881573  0.002881573   0.005763147   0.000000000    90.0000    0.0000
  pz          1    0.002881573  0.002881573   0.005763146   0.000000000    90.0000    0.0000
   sum over m      0.008644720  0.008644720   0.017289439   0.000000000
   sum over m+mul  1.265914425  1.265914425   2.531828850   0.000000000
  d3z^2-r^2   0    0.012097568  0.012097568   0.024195137   0.000000000    90.0000    0.0000
  dx^2-y^2    0    0.012097569  0.012097569   0.024195137   0.000000000    90.0000    0.0000
  dxy         0    0.026266300  0.026266300   0.052532599   0.000000000    90.0000    0.0000
  dxz         0    0.026266300  0.026266300   0.052532599   0.000000000    90.0000    0.0000
  dyz         0    0.026266300  0.026266300   0.052532599   0.000000000    90.0000    0.0000
   sum over m      0.102994036  0.102994036   0.205988072   0.000000000
   sum over m+mul  0.102994036  0.102994036   0.205988072   0.000000000

   83   Si          Up spin      Down spin     Sum           Diff           Angles(Deg)
            multiple
  s           0    0.630115635  0.630115635   1.260231270   0.000000000    90.0000    0.0000
   sum over m      0.630115635  0.630115635   1.260231270   0.000000000
  s           1    0.000987305  0.000987305   0.001974609   0.000000000    90.0000    0.0000
   sum over m      0.000987305  0.000987305   0.001974609   0.000000000
   sum over m+mul  0.631102940  0.631102940   1.262205880   0.000000000
  px          0    0.419105489  0.419105489   0.838210977   0.000000000    90.0000    0.0000
  py          0    0.419072204  0.419072204   0.838144408   0.000000000    90.0000    0.0000
  pz          0    0.419072207  0.419072207   0.838144413   0.000000000    90.0000    0.0000
   sum over m      1.257249899  1.257249899   2.514499798   0.000000000
  px          1    0.002875296  0.002875296   0.005750591   0.000000000    90.0000    0.0000
  py          1    0.002872200  0.002872200   0.005744400   0.000000000    90.0000    0.0000
  pz          1    0.002872200  0.002872200   0.005744400   0.000000000    90.0000    0.0000
   sum over m      0.008619696  0.008619696   0.017239391   0.000000000
   sum over m+mul  1.265869595  1.265869595   2.531739189   0.000000000
  d3z^2-r^2   0    0.012097754  0.012097754   0.024195508   0.000000000    90.0000    0.0000
  dx^2-y^2    0    0.012097825  0.012097825   0.024195651   0.000000000    90.0000    0.0000
  dxy         0    0.026266486  0.026266486   0.052532972   0.000000000    90.0000    0.0000
  dxz         0    0.026266486  0.026266486   0.052532973   0.000000000    90.0000    0.0000
  dyz         0    0.026266992  0.026266992   0.052533983   0.000000000    90.0000    0.0000
   sum over m      0.102995543  0.102995543   0.205991087   0.000000000
   sum over m+mul  0.102995543  0.102995543   0.205991087   0.000000000

   84   Si          Up spin      Down spin     Sum           Diff           Angles(Deg)
            multiple
  s           0    0.630115635  0.630115635   1.260231270   0.000000000    90.0000    0.0000
   sum over m      0.630115635  0.630115635   1.260231270   0.000000000
  s           1    0.000987304  0.000987304   0.001974608   0.000000000    90.0000    0.0000
   sum over m      0.000987304  0.000987304   0.001974608   0.000000000
   sum over m+mul  0.631102939  0.631102939   1.262205879   0.000000000
  px          0    0.419072205  0.419072205   0.838144410   0.000000000    90.0000    0.0000
  py          0    0.419072205  0.419072205   0.838144410   0.000000000    90.0000    0.0000
  pz          0    0.419105491  0.419105491   0.838210981   0.000000000    90.0000    0.0000
   sum over m      1.257249901  1.257249901   2.514499801   0.000000000
  px          1    0.002872200  0.002872200   0.005744400   0.000000000    90.0000    0.0000
  py          1    0.002872200  0.002872200   0.005744400   0.000000000    90.0000    0.0000
  pz          1    0.002875296  0.002875296   0.005750591   0.000000000    90.0000    0.0000
   sum over m      0.008619695  0.008619695   0.017239391   0.000000000
   sum over m+mul  1.265869596  1.265869596   2.531739192   0.000000000
  d3z^2-r^2   0    0.012097861  0.012097861   0.024195723   0.000000000    90.0000    0.0000
  dx^2-y^2    0    0.012097718  0.012097718   0.024195436   0.000000000    90.0000    0.0000
  dxy         0    0.026266992  0.026266992   0.052533983   0.000000000    90.0000    0.0000
  dxz         0    0.026266486  0.026266486   0.052532973   0.000000000    90.0000    0.0000
  dyz         0    0.026266486  0.026266486   0.052532973   0.000000000    90.0000    0.0000
   sum over m      0.102995543  0.102995543   0.205991087   0.000000000
   sum over m+mul  0.102995543  0.102995543   0.205991087   0.000000000

   85   Si          Up spin      Down spin     Sum           Diff           Angles(Deg)
            multiple
  s           0    0.630104907  0.630104907   1.260209814   0.000000000    90.0000    0.0000
   sum over m      0.630104907  0.630104907   1.260209814   0.000000000
  s           1    0.000984194  0.000984194   0.001968388   0.000000000    90.0000    0.0000
   sum over m      0.000984194  0.000984194   0.001968388   0.000000000
   sum over m+mul  0.631089101  0.631089101   1.262178202   0.000000000
  px          0    0.419064415  0.419064415   0.838128829   0.000000000    90.0000    0.0000
  py          0    0.419064415  0.419064415   0.838128829   0.000000000    90.0000    0.0000
  pz          0    0.419122237  0.419122237   0.838244474   0.000000000    90.0000    0.0000
   sum over m      1.257251066  1.257251066   2.514502132   0.000000000
  px          1    0.002873651  0.002873651   0.005747302   0.000000000    90.0000    0.0000
  py          1    0.002873651  0.002873651   0.005747302   0.000000000    90.0000    0.0000
  pz          1    0.002874512  0.002874512   0.005749024   0.000000000    90.0000    0.0000
   sum over m      0.008621814  0.008621814   0.017243628   0.000000000
   sum over m+mul  1.265872880  1.265872880   2.531745760   0.000000000
  d3z^2-r^2   0    0.012097870  0.012097870   0.024195739   0.000000000    90.0000    0.0000
  dx^2-y^2    0    0.012097645  0.012097645   0.024195290   0.000000000    90.0000    0.0000
  dxy         0    0.026266839  0.026266839   0.052533678   0.000000000    90.0000    0.0000
  dxz         0    0.026266375  0.026266375   0.052532750   0.000000000    90.0000    0.0000
  dyz         0    0.026266375  0.026266375   0.052532750   0.000000000    90.0000    0.0000
   sum over m      0.102995103  0.102995103   0.205990207   0.000000000
   sum over m+mul  0.102995103  0.102995103   0.205990207   0.000000000

   86   Si          Up spin      Down spin     Sum           Diff           Angles(Deg)
            multiple
  s           0    0.630104908  0.630104908   1.260209815   0.000000000    90.0000    0.0000
   sum over m      0.630104908  0.630104908   1.260209815   0.000000000
  s           1    0.000984194  0.000984194   0.001968388   0.000000000    90.0000    0.0000
   sum over m      0.000984194  0.000984194   0.001968388   0.000000000
   sum over m+mul  0.631089102  0.631089102   1.262178203   0.000000000
  px          0    0.419064414  0.419064414   0.838128829   0.000000000    90.0000    0.0000
  py          0    0.419122236  0.419122236   0.838244471   0.000000000    90.0000    0.0000
  pz          0    0.419064417  0.419064417   0.838128834   0.000000000    90.0000    0.0000
   sum over m      1.257251067  1.257251067   2.514502134   0.000000000
  px          1    0.002873651  0.002873651   0.005747301   0.000000000    90.0000    0.0000
  py          1    0.002874512  0.002874512   0.005749024   0.000000000    90.0000    0.0000
  pz          1    0.002873651  0.002873651   0.005747302   0.000000000    90.0000    0.0000
   sum over m      0.008621814  0.008621814   0.017243627   0.000000000
   sum over m+mul  1.265872881  1.265872881   2.531745761   0.000000000
  d3z^2-r^2   0    0.012097701  0.012097701   0.024195402   0.000000000    90.0000    0.0000
  dx^2-y^2    0    0.012097813  0.012097813   0.024195626   0.000000000    90.0000    0.0000
  dxy         0    0.026266375  0.026266375   0.052532750   0.000000000    90.0000    0.0000
  dxz         0    0.026266839  0.026266839   0.052533678   0.000000000    90.0000    0.0000
  dyz         0    0.026266375  0.026266375   0.052532750   0.000000000    90.0000    0.0000
   sum over m      0.102995103  0.102995103   0.205990206   0.000000000
   sum over m+mul  0.102995103  0.102995103   0.205990206   0.000000000

   87   Si          Up spin      Down spin     Sum           Diff           Angles(Deg)
            multiple
  s           0    0.630104908  0.630104908   1.260209815   0.000000000    90.0000    0.0000
   sum over m      0.630104908  0.630104908   1.260209815   0.000000000
  s           1    0.000984194  0.000984194   0.001968388   0.000000000    90.0000    0.0000
   sum over m      0.000984194  0.000984194   0.001968388   0.000000000
   sum over m+mul  0.631089102  0.631089102   1.262178203   0.000000000
  px          0    0.419122236  0.419122236   0.838244471   0.000000000    90.0000    0.0000
  py          0    0.419064414  0.419064414   0.838128829   0.000000000    90.0000    0.0000
  pz          0    0.419064417  0.419064417   0.838128834   0.000000000    90.0000    0.0000
   sum over m      1.257251067  1.257251067   2.514502134   0.000000000
  px          1    0.002874512  0.002874512   0.005749024   0.000000000    90.0000    0.0000
  py          1    0.002873651  0.002873651   0.005747301   0.000000000    90.0000    0.0000
  pz          1    0.002873651  0.002873651   0.005747302   0.000000000    90.0000    0.0000
   sum over m      0.008621814  0.008621814   0.017243627   0.000000000
   sum over m+mul  1.265872881  1.265872881   2.531745761   0.000000000
  d3z^2-r^2   0    0.012097701  0.012097701   0.024195402   0.000000000    90.0000    0.0000
  dx^2-y^2    0    0.012097813  0.012097813   0.024195626   0.000000000    90.0000    0.0000
  dxy         0    0.026266375  0.026266375   0.052532750   0.000000000    90.0000    0.0000
  dxz         0    0.026266375  0.026266375   0.052532750   0.000000000    90.0000    0.0000
  dyz         0    0.026266839  0.026266839   0.052533678   0.000000000    90.0000    0.0000
   sum over m      0.102995103  0.102995103   0.205990206   0.000000000
   sum over m+mul  0.102995103  0.102995103   0.205990206   0.000000000

   88   Si          Up spin      Down spin     Sum           Diff           Angles(Deg)
            multiple
  s           0    0.630153295  0.630153295   1.260306590   0.000000000    90.0000    0.0000
   sum over m      0.630153295  0.630153295   1.260306590   0.000000000
  s           1    0.001007610  0.001007610   0.002015220   0.000000000    90.0000    0.0000
   sum over m      0.001007610  0.001007610   0.002015220   0.000000000
   sum over m+mul  0.631160905  0.631160905   1.262321810   0.000000000
  px          0    0.419095504  0.419095504   0.838191009   0.000000000    90.0000    0.0000
  py          0    0.419095504  0.419095504   0.838191009   0.000000000    90.0000    0.0000
  pz          0    0.419095507  0.419095507   0.838191014   0.000000000    90.0000    0.0000
   sum over m      1.257286516  1.257286516   2.514573032   0.000000000
  px          1    0.002879989  0.002879989   0.005759977   0.000000000    90.0000    0.0000
  py          1    0.002879989  0.002879989   0.005759977   0.000000000    90.0000    0.0000
  pz          1    0.002879989  0.002879989   0.005759977   0.000000000    90.0000    0.0000
   sum over m      0.008639966  0.008639966   0.017279932   0.000000000
   sum over m+mul  1.265926482  1.265926482   2.531852963   0.000000000
  d3z^2-r^2   0    0.012097657  0.012097657   0.024195314   0.000000000    90.0000    0.0000
  dx^2-y^2    0    0.012097657  0.012097657   0.024195314   0.000000000    90.0000    0.0000
  dxy         0    0.026266326  0.026266326   0.052532651   0.000000000    90.0000    0.0000
  dxz         0    0.026266326  0.026266326   0.052532651   0.000000000    90.0000    0.0000
  dyz         0    0.026266326  0.026266326   0.052532651   0.000000000    90.0000    0.0000
   sum over m      0.102994291  0.102994291   0.205988582   0.000000000
   sum over m+mul  0.102994291  0.102994291   0.205988582   0.000000000

   89   Si          Up spin      Down spin     Sum           Diff           Angles(Deg)
            multiple
  s           0    0.630115635  0.630115635   1.260231270   0.000000000    90.0000    0.0000
   sum over m      0.630115635  0.630115635   1.260231270   0.000000000
  s           1    0.000987305  0.000987305   0.001974609   0.000000000    90.0000    0.0000
   sum over m      0.000987305  0.000987305   0.001974609   0.000000000
   sum over m+mul  0.631102940  0.631102940   1.262205880   0.000000000
  px          0    0.419105489  0.419105489   0.838210977   0.000000000    90.0000    0.0000
  py          0    0.419072204  0.419072204   0.838144408   0.000000000    90.0000    0.0000
  pz          0    0.419072207  0.419072207   0.838144413   0.000000000    90.0000    0.0000
   sum over m      1.257249899  1.257249899   2.514499798   0.000000000
  px          1    0.002875296  0.002875296   0.005750591   0.000000000    90.0000    0.0000
  py          1    0.002872200  0.002872200   0.005744400   0.000000000    90.0000    0.0000
  pz          1    0.002872200  0.002872200   0.005744400   0.000000000    90.0000    0.0000
   sum over m      0.008619696  0.008619696   0.017239391   0.000000000
   sum over m+mul  1.265869595  1.265869595   2.531739189   0.000000000
  d3z^2-r^2   0    0.012097754  0.012097754   0.024195508   0.000000000    90.0000    0.0000
  dx^2-y^2    0    0.012097825  0.012097825   0.024195651   0.000000000    90.0000    0.0000
  dxy         0    0.026266486  0.026266486   0.052532972   0.000000000    90.0000    0.0000
  dxz         0    0.026266486  0.026266486   0.052532973   0.000000000    90.0000    0.0000
  dyz         0    0.026266992  0.026266992   0.052533983   0.000000000    90.0000    0.0000
   sum over m      0.102995543  0.102995543   0.205991087   0.000000000
   sum over m+mul  0.102995543  0.102995543   0.205991087   0.000000000

   90   Si          Up spin      Down spin     Sum           Diff           Angles(Deg)
            multiple
  s           0    0.630115635  0.630115635   1.260231270   0.000000000    90.0000    0.0000
   sum over m      0.630115635  0.630115635   1.260231270   0.000000000
  s           1    0.000987304  0.000987304   0.001974608   0.000000000    90.0000    0.0000
   sum over m      0.000987304  0.000987304   0.001974608   0.000000000
   sum over m+mul  0.631102939  0.631102939   1.262205879   0.000000000
  px          0    0.419072205  0.419072205   0.838144410   0.000000000    90.0000    0.0000
  py          0    0.419072205  0.419072205   0.838144410   0.000000000    90.0000    0.0000
  pz          0    0.419105491  0.419105491   0.838210981   0.000000000    90.0000    0.0000
   sum over m      1.257249901  1.257249901   2.514499801   0.000000000
  px          1    0.002872200  0.002872200   0.005744400   0.000000000    90.0000    0.0000
  py          1    0.002872200  0.002872200   0.005744400   0.000000000    90.0000    0.0000
  pz          1    0.002875296  0.002875296   0.005750591   0.000000000    90.0000    0.0000
   sum over m      0.008619695  0.008619695   0.017239391   0.000000000
   sum over m+mul  1.265869596  1.265869596   2.531739192   0.000000000
  d3z^2-r^2   0    0.012097861  0.012097861   0.024195723   0.000000000    90.0000    0.0000
  dx^2-y^2    0    0.012097718  0.012097718   0.024195436   0.000000000    90.0000    0.0000
  dxy         0    0.026266992  0.026266992   0.052533983   0.000000000    90.0000    0.0000
  dxz         0    0.026266486  0.026266486   0.052532973   0.000000000    90.0000    0.0000
  dyz         0    0.026266486  0.026266486   0.052532973   0.000000000    90.0000    0.0000
   sum over m      0.102995543  0.102995543   0.205991087   0.000000000
   sum over m+mul  0.102995543  0.102995543   0.205991087   0.000000000

   91   Si          Up spin      Down spin     Sum           Diff           Angles(Deg)
            multiple
  s           0    0.630104908  0.630104908   1.260209815   0.000000000    90.0000    0.0000
   sum over m      0.630104908  0.630104908   1.260209815   0.000000000
  s           1    0.000984194  0.000984194   0.001968388   0.000000000    90.0000    0.0000
   sum over m      0.000984194  0.000984194   0.001968388   0.000000000
   sum over m+mul  0.631089102  0.631089102   1.262178203   0.000000000
  px          0    0.419064414  0.419064414   0.838128829   0.000000000    90.0000    0.0000
  py          0    0.419122236  0.419122236   0.838244471   0.000000000    90.0000    0.0000
  pz          0    0.419064417  0.419064417   0.838128834   0.000000000    90.0000    0.0000
   sum over m      1.257251067  1.257251067   2.514502134   0.000000000
  px          1    0.002873651  0.002873651   0.005747301   0.000000000    90.0000    0.0000
  py          1    0.002874512  0.002874512   0.005749024   0.000000000    90.0000    0.0000
  pz          1    0.002873651  0.002873651   0.005747302   0.000000000    90.0000    0.0000
   sum over m      0.008621814  0.008621814   0.017243627   0.000000000
   sum over m+mul  1.265872881  1.265872881   2.531745761   0.000000000
  d3z^2-r^2   0    0.012097701  0.012097701   0.024195402   0.000000000    90.0000    0.0000
  dx^2-y^2    0    0.012097813  0.012097813   0.024195626   0.000000000    90.0000    0.0000
  dxy         0    0.026266375  0.026266375   0.052532750   0.000000000    90.0000    0.0000
  dxz         0    0.026266839  0.026266839   0.052533678   0.000000000    90.0000    0.0000
  dyz         0    0.026266375  0.026266375   0.052532750   0.000000000    90.0000    0.0000
   sum over m      0.102995103  0.102995103   0.205990206   0.000000000
   sum over m+mul  0.102995103  0.102995103   0.205990206   0.000000000

   92   Si          Up spin      Down spin     Sum           Diff           Angles(Deg)
            multiple
  s           0    0.630156270  0.630156270   1.260312541   0.000000000    90.0000    0.0000
   sum over m      0.630156270  0.630156270   1.260312541   0.000000000
  s           1    0.001009129  0.001009129   0.002018257   0.000000000    90.0000    0.0000
   sum over m      0.001009129  0.001009129   0.002018257   0.000000000
   sum over m+mul  0.631165399  0.631165399   1.262330798   0.000000000
  px          0    0.419089901  0.419089901   0.838179801   0.000000000    90.0000    0.0000
  py          0    0.419089901  0.419089901   0.838179801   0.000000000    90.0000    0.0000
  pz          0    0.419089904  0.419089904   0.838179808   0.000000000    90.0000    0.0000
   sum over m      1.257269705  1.257269705   2.514539411   0.000000000
  px          1    0.002881573  0.002881573   0.005763147   0.000000000    90.0000    0.0000
  py          1    0.002881573  0.002881573   0.005763147   0.000000000    90.0000    0.0000
  pz          1    0.002881573  0.002881573   0.005763146   0.000000000    90.0000    0.0000
   sum over m      0.008644720  0.008644720   0.017289439   0.000000000
   sum over m+mul  1.265914425  1.265914425   2.531828850   0.000000000
  d3z^2-r^2   0    0.012097568  0.012097568   0.024195137   0.000000000    90.0000    0.0000
  dx^2-y^2    0    0.012097569  0.012097569   0.024195137   0.000000000    90.0000    0.0000
  dxy         0    0.026266300  0.026266300   0.052532599   0.000000000    90.0000    0.0000
  dxz         0    0.026266300  0.026266300   0.052532599   0.000000000    90.0000    0.0000
  dyz         0    0.026266300  0.026266300   0.052532599   0.000000000    90.0000    0.0000
   sum over m      0.102994036  0.102994036   0.205988072   0.000000000
   sum over m+mul  0.102994036  0.102994036   0.205988072   0.000000000

   93   Si          Up spin      Down spin     Sum           Diff           Angles(Deg)
            multiple
  s           0    0.630104907  0.630104907   1.260209814   0.000000000    90.0000    0.0000
   sum over m      0.630104907  0.630104907   1.260209814   0.000000000
  s           1    0.000984194  0.000984194   0.001968388   0.000000000    90.0000    0.0000
   sum over m      0.000984194  0.000984194   0.001968388   0.000000000
   sum over m+mul  0.631089101  0.631089101   1.262178202   0.000000000
  px          0    0.419064415  0.419064415   0.838128829   0.000000000    90.0000    0.0000
  py          0    0.419064415  0.419064415   0.838128829   0.000000000    90.0000    0.0000
  pz          0    0.419122237  0.419122237   0.838244474   0.000000000    90.0000    0.0000
   sum over m      1.257251066  1.257251066   2.514502132   0.000000000
  px          1    0.002873651  0.002873651   0.005747302   0.000000000    90.0000    0.0000
  py          1    0.002873651  0.002873651   0.005747302   0.000000000    90.0000    0.0000
  pz          1    0.002874512  0.002874512   0.005749024   0.000000000    90.0000    0.0000
   sum over m      0.008621814  0.008621814   0.017243628   0.000000000
   sum over m+mul  1.265872880  1.265872880   2.531745760   0.000000000
  d3z^2-r^2   0    0.012097870  0.012097870   0.024195739   0.000000000    90.0000    0.0000
  dx^2-y^2    0    0.012097645  0.012097645   0.024195290   0.000000000    90.0000    0.0000
  dxy         0    0.026266839  0.026266839   0.052533678   0.000000000    90.0000    0.0000
  dxz         0    0.026266375  0.026266375   0.052532750   0.000000000    90.0000    0.0000
  dyz         0    0.026266375  0.026266375   0.052532750   0.000000000    90.0000    0.0000
   sum over m      0.102995103  0.102995103   0.205990207   0.000000000
   sum over m+mul  0.102995103  0.102995103   0.205990207   0.000000000

   94   Si          Up spin      Down spin     Sum           Diff           Angles(Deg)
            multiple
  s           0    0.630115635  0.630115635   1.260231270   0.000000000    90.0000    0.0000
   sum over m      0.630115635  0.630115635   1.260231270   0.000000000
  s           1    0.000987305  0.000987305   0.001974609   0.000000000    90.0000    0.0000
   sum over m      0.000987305  0.000987305   0.001974609   0.000000000
   sum over m+mul  0.631102940  0.631102940   1.262205880   0.000000000
  px          0    0.419105489  0.419105489   0.838210977   0.000000000    90.0000    0.0000
  py          0    0.419072204  0.419072204   0.838144408   0.000000000    90.0000    0.0000
  pz          0    0.419072207  0.419072207   0.838144413   0.000000000    90.0000    0.0000
   sum over m      1.257249899  1.257249899   2.514499798   0.000000000
  px          1    0.002875296  0.002875296   0.005750591   0.000000000    90.0000    0.0000
  py          1    0.002872200  0.002872200   0.005744400   0.000000000    90.0000    0.0000
  pz          1    0.002872200  0.002872200   0.005744400   0.000000000    90.0000    0.0000
   sum over m      0.008619696  0.008619696   0.017239391   0.000000000
   sum over m+mul  1.265869595  1.265869595   2.531739189   0.000000000
  d3z^2-r^2   0    0.012097754  0.012097754   0.024195508   0.000000000    90.0000    0.0000
  dx^2-y^2    0    0.012097825  0.012097825   0.024195651   0.000000000    90.0000    0.0000
  dxy         0    0.026266486  0.026266486   0.052532972   0.000000000    90.0000    0.0000
  dxz         0    0.026266486  0.026266486   0.052532973   0.000000000    90.0000    0.0000
  dyz         0    0.026266992  0.026266992   0.052533983   0.000000000    90.0000    0.0000
   sum over m      0.102995543  0.102995543   0.205991087   0.000000000
   sum over m+mul  0.102995543  0.102995543   0.205991087   0.000000000

   95   Si          Up spin      Down spin     Sum           Diff           Angles(Deg)
            multiple
  s           0    0.630115635  0.630115635   1.260231270   0.000000000    90.0000    0.0000
   sum over m      0.630115635  0.630115635   1.260231270   0.000000000
  s           1    0.000987305  0.000987305   0.001974609   0.000000000    90.0000    0.0000
   sum over m      0.000987305  0.000987305   0.001974609   0.000000000
   sum over m+mul  0.631102940  0.631102940   1.262205880   0.000000000
  px          0    0.419072204  0.419072204   0.838144408   0.000000000    90.0000    0.0000
  py          0    0.419105489  0.419105489   0.838210977   0.000000000    90.0000    0.0000
  pz          0    0.419072207  0.419072207   0.838144413   0.000000000    90.0000    0.0000
   sum over m      1.257249899  1.257249899   2.514499798   0.000000000
  px          1    0.002872200  0.002872200   0.005744400   0.000000000    90.0000    0.0000
  py          1    0.002875296  0.002875296   0.005750591   0.000000000    90.0000    0.0000
  pz          1    0.002872200  0.002872200   0.005744400   0.000000000    90.0000    0.0000
   sum over m      0.008619696  0.008619696   0.017239391   0.000000000
   sum over m+mul  1.265869595  1.265869595   2.531739189   0.000000000
  d3z^2-r^2   0    0.012097754  0.012097754   0.024195508   0.000000000    90.0000    0.0000
  dx^2-y^2    0    0.012097825  0.012097825   0.024195651   0.000000000    90.0000    0.0000
  dxy         0    0.026266486  0.026266486   0.052532972   0.000000000    90.0000    0.0000
  dxz         0    0.026266992  0.026266992   0.052533983   0.000000000    90.0000    0.0000
  dyz         0    0.026266486  0.026266486   0.052532973   0.000000000    90.0000    0.0000
   sum over m      0.102995543  0.102995543   0.205991087   0.000000000
   sum over m+mul  0.102995543  0.102995543   0.205991087   0.000000000

   96   Si          Up spin      Down spin     Sum           Diff           Angles(Deg)
            multiple
  s           0    0.630156270  0.630156270   1.260312541   0.000000000    90.0000    0.0000
   sum over m      0.630156270  0.630156270   1.260312541   0.000000000
  s           1    0.001009129  0.001009129   0.002018257   0.000000000    90.0000    0.0000
   sum over m      0.001009129  0.001009129   0.002018257   0.000000000
   sum over m+mul  0.631165399  0.631165399   1.262330798   0.000000000
  px          0    0.419089901  0.419089901   0.838179801   0.000000000    90.0000    0.0000
  py          0    0.419089901  0.419089901   0.838179801   0.000000000    90.0000    0.0000
  pz          0    0.419089904  0.419089904   0.838179808   0.000000000    90.0000    0.0000
   sum over m      1.257269705  1.257269705   2.514539411   0.000000000
  px          1    0.002881573  0.002881573   0.005763147   0.000000000    90.0000    0.0000
  py          1    0.002881573  0.002881573   0.005763147   0.000000000    90.0000    0.0000
  pz          1    0.002881573  0.002881573   0.005763146   0.000000000    90.0000    0.0000
   sum over m      0.008644720  0.008644720   0.017289439   0.000000000
   sum over m+mul  1.265914425  1.265914425   2.531828850   0.000000000
  d3z^2-r^2   0    0.012097568  0.012097568   0.024195137   0.000000000    90.0000    0.0000
  dx^2-y^2    0    0.012097569  0.012097569   0.024195137   0.000000000    90.0000    0.0000
  dxy         0    0.026266300  0.026266300   0.052532599   0.000000000    90.0000    0.0000
  dxz         0    0.026266300  0.026266300   0.052532599   0.000000000    90.0000    0.0000
  dyz         0    0.026266300  0.026266300   0.052532599   0.000000000    90.0000    0.0000
   sum over m      0.102994036  0.102994036   0.205988072   0.000000000
   sum over m+mul  0.102994036  0.102994036   0.205988072   0.000000000

   97   Si          Up spin      Down spin     Sum           Diff           Angles(Deg)
            multiple
  s           0    0.630104907  0.630104907   1.260209814   0.000000000    90.0000    0.0000
   sum over m      0.630104907  0.630104907   1.260209814   0.000000000
  s           1    0.000984194  0.000984194   0.001968388   0.000000000    90.0000    0.0000
   sum over m      0.000984194  0.000984194   0.001968388   0.000000000
   sum over m+mul  0.631089101  0.631089101   1.262178202   0.000000000
  px          0    0.419064415  0.419064415   0.838128829   0.000000000    90.0000    0.0000
  py          0    0.419064415  0.419064415   0.838128829   0.000000000    90.0000    0.0000
  pz          0    0.419122237  0.419122237   0.838244474   0.000000000    90.0000    0.0000
   sum over m      1.257251066  1.257251066   2.514502132   0.000000000
  px          1    0.002873651  0.002873651   0.005747302   0.000000000    90.0000    0.0000
  py          1    0.002873651  0.002873651   0.005747302   0.000000000    90.0000    0.0000
  pz          1    0.002874512  0.002874512   0.005749024   0.000000000    90.0000    0.0000
   sum over m      0.008621814  0.008621814   0.017243628   0.000000000
   sum over m+mul  1.265872880  1.265872880   2.531745760   0.000000000
  d3z^2-r^2   0    0.012097870  0.012097870   0.024195739   0.000000000    90.0000    0.0000
  dx^2-y^2    0    0.012097645  0.012097645   0.024195290   0.000000000    90.0000    0.0000
  dxy         0    0.026266839  0.026266839   0.052533678   0.000000000    90.0000    0.0000
  dxz         0    0.026266375  0.026266375   0.052532750   0.000000000    90.0000    0.0000
  dyz         0    0.026266375  0.026266375   0.052532750   0.000000000    90.0000    0.0000
   sum over m      0.102995103  0.102995103   0.205990207   0.000000000
   sum over m+mul  0.102995103  0.102995103   0.205990207   0.000000000

   98   Si          Up spin      Down spin     Sum           Diff           Angles(Deg)
            multiple
  s           0    0.630115635  0.630115635   1.260231270   0.000000000    90.0000    0.0000
   sum over m      0.630115635  0.630115635   1.260231270   0.000000000
  s           1    0.000987305  0.000987305   0.001974609   0.000000000    90.0000    0.0000
   sum over m      0.000987305  0.000987305   0.001974609   0.000000000
   sum over m+mul  0.631102940  0.631102940   1.262205880   0.000000000
  px          0    0.419072204  0.419072204   0.838144408   0.000000000    90.0000    0.0000
  py          0    0.419105489  0.419105489   0.838210977   0.000000000    90.0000    0.0000
  pz          0    0.419072207  0.419072207   0.838144413   0.000000000    90.0000    0.0000
   sum over m      1.257249899  1.257249899   2.514499798   0.000000000
  px          1    0.002872200  0.002872200   0.005744400   0.000000000    90.0000    0.0000
  py          1    0.002875296  0.002875296   0.005750591   0.000000000    90.0000    0.0000
  pz          1    0.002872200  0.002872200   0.005744400   0.000000000    90.0000    0.0000
   sum over m      0.008619696  0.008619696   0.017239391   0.000000000
   sum over m+mul  1.265869595  1.265869595   2.531739189   0.000000000
  d3z^2-r^2   0    0.012097754  0.012097754   0.024195508   0.000000000    90.0000    0.0000
  dx^2-y^2    0    0.012097825  0.012097825   0.024195651   0.000000000    90.0000    0.0000
  dxy         0    0.026266486  0.026266486   0.052532972   0.000000000    90.0000    0.0000
  dxz         0    0.026266992  0.026266992   0.052533983   0.000000000    90.0000    0.0000
  dyz         0    0.026266486  0.026266486   0.052532973   0.000000000    90.0000    0.0000
   sum over m      0.102995543  0.102995543   0.205991087   0.000000000
   sum over m+mul  0.102995543  0.102995543   0.205991087   0.000000000

   99   Si          Up spin      Down spin     Sum           Diff           Angles(Deg)
            multiple
  s           0    0.630115635  0.630115635   1.260231270   0.000000000    90.0000    0.0000
   sum over m      0.630115635  0.630115635   1.260231270   0.000000000
  s           1    0.000987305  0.000987305   0.001974609   0.000000000    90.0000    0.0000
   sum over m      0.000987305  0.000987305   0.001974609   0.000000000
   sum over m+mul  0.631102940  0.631102940   1.262205880   0.000000000
  px          0    0.419105489  0.419105489   0.838210977   0.000000000    90.0000    0.0000
  py          0    0.419072204  0.419072204   0.838144408   0.000000000    90.0000    0.0000
  pz          0    0.419072207  0.419072207   0.838144413   0.000000000    90.0000    0.0000
   sum over m      1.257249899  1.257249899   2.514499798   0.000000000
  px          1    0.002875296  0.002875296   0.005750591   0.000000000    90.0000    0.0000
  py          1    0.002872200  0.002872200   0.005744400   0.000000000    90.0000    0.0000
  pz          1    0.002872200  0.002872200   0.005744400   0.000000000    90.0000    0.0000
   sum over m      0.008619696  0.008619696   0.017239391   0.000000000
   sum over m+mul  1.265869595  1.265869595   2.531739189   0.000000000
  d3z^2-r^2   0    0.012097754  0.012097754   0.024195508   0.000000000    90.0000    0.0000
  dx^2-y^2    0    0.012097825  0.012097825   0.024195651   0.000000000    90.0000    0.0000
  dxy         0    0.026266486  0.026266486   0.052532972   0.000000000    90.0000    0.0000
  dxz         0    0.026266486  0.026266486   0.052532973   0.000000000    90.0000    0.0000
  dyz         0    0.026266992  0.026266992   0.052533983   0.000000000    90.0000    0.0000
   sum over m      0.102995543  0.102995543   0.205991087   0.000000000
   sum over m+mul  0.102995543  0.102995543   0.205991087   0.000000000

  100   Si          Up spin      Down spin     Sum           Diff           Angles(Deg)
            multiple
  s           0    0.630156270  0.630156270   1.260312541   0.000000000    90.0000    0.0000
   sum over m      0.630156270  0.630156270   1.260312541   0.000000000
  s           1    0.001009129  0.001009129   0.002018257   0.000000000    90.0000    0.0000
   sum over m      0.001009129  0.001009129   0.002018257   0.000000000
   sum over m+mul  0.631165399  0.631165399   1.262330798   0.000000000
  px          0    0.419089901  0.419089901   0.838179801   0.000000000    90.0000    0.0000
  py          0    0.419089901  0.419089901   0.838179801   0.000000000    90.0000    0.0000
  pz          0    0.419089904  0.419089904   0.838179808   0.000000000    90.0000    0.0000
   sum over m      1.257269705  1.257269705   2.514539411   0.000000000
  px          1    0.002881573  0.002881573   0.005763147   0.000000000    90.0000    0.0000
  py          1    0.002881573  0.002881573   0.005763147   0.000000000    90.0000    0.0000
  pz          1    0.002881573  0.002881573   0.005763146   0.000000000    90.0000    0.0000
   sum over m      0.008644720  0.008644720   0.017289439   0.000000000
   sum over m+mul  1.265914425  1.265914425   2.531828850   0.000000000
  d3z^2-r^2   0    0.012097568  0.012097568   0.024195137   0.000000000    90.0000    0.0000
  dx^2-y^2    0    0.012097569  0.012097569   0.024195137   0.000000000    90.0000    0.0000
  dxy         0    0.026266300  0.026266300   0.052532599   0.000000000    90.0000    0.0000
  dxz         0    0.026266300  0.026266300   0.052532599   0.000000000    90.0000    0.0000
  dyz         0    0.026266300  0.026266300   0.052532599   0.000000000    90.0000    0.0000
   sum over m      0.102994036  0.102994036   0.205988072   0.000000000
   sum over m+mul  0.102994036  0.102994036   0.205988072   0.000000000

  101   Si          Up spin      Down spin     Sum           Diff           Angles(Deg)
            multiple
  s           0    0.630104908  0.630104908   1.260209815   0.000000000    90.0000    0.0000
   sum over m      0.630104908  0.630104908   1.260209815   0.000000000
  s           1    0.000984194  0.000984194   0.001968388   0.000000000    90.0000    0.0000
   sum over m      0.000984194  0.000984194   0.001968388   0.000000000
   sum over m+mul  0.631089102  0.631089102   1.262178203   0.000000000
  px          0    0.419064414  0.419064414   0.838128829   0.000000000    90.0000    0.0000
  py          0    0.419122236  0.419122236   0.838244471   0.000000000    90.0000    0.0000
  pz          0    0.419064417  0.419064417   0.838128834   0.000000000    90.0000    0.0000
   sum over m      1.257251067  1.257251067   2.514502134   0.000000000
  px          1    0.002873651  0.002873651   0.005747301   0.000000000    90.0000    0.0000
  py          1    0.002874512  0.002874512   0.005749024   0.000000000    90.0000    0.0000
  pz          1    0.002873651  0.002873651   0.005747302   0.000000000    90.0000    0.0000
   sum over m      0.008621814  0.008621814   0.017243627   0.000000000
   sum over m+mul  1.265872881  1.265872881   2.531745761   0.000000000
  d3z^2-r^2   0    0.012097701  0.012097701   0.024195402   0.000000000    90.0000    0.0000
  dx^2-y^2    0    0.012097813  0.012097813   0.024195626   0.000000000    90.0000    0.0000
  dxy         0    0.026266375  0.026266375   0.052532750   0.000000000    90.0000    0.0000
  dxz         0    0.026266839  0.026266839   0.052533678   0.000000000    90.0000    0.0000
  dyz         0    0.026266375  0.026266375   0.052532750   0.000000000    90.0000    0.0000
   sum over m      0.102995103  0.102995103   0.205990206   0.000000000
   sum over m+mul  0.102995103  0.102995103   0.205990206   0.000000000

  102   Si          Up spin      Down spin     Sum           Diff           Angles(Deg)
            multiple
  s           0    0.630104907  0.630104907   1.260209814   0.000000000    90.0000    0.0000
   sum over m      0.630104907  0.630104907   1.260209814   0.000000000
  s           1    0.000984194  0.000984194   0.001968388   0.000000000    90.0000    0.0000
   sum over m      0.000984194  0.000984194   0.001968388   0.000000000
   sum over m+mul  0.631089101  0.631089101   1.262178202   0.000000000
  px          0    0.419064415  0.419064415   0.838128829   0.000000000    90.0000    0.0000
  py          0    0.419064415  0.419064415   0.838128829   0.000000000    90.0000    0.0000
  pz          0    0.419122237  0.419122237   0.838244474   0.000000000    90.0000    0.0000
   sum over m      1.257251066  1.257251066   2.514502132   0.000000000
  px          1    0.002873651  0.002873651   0.005747302   0.000000000    90.0000    0.0000
  py          1    0.002873651  0.002873651   0.005747302   0.000000000    90.0000    0.0000
  pz          1    0.002874512  0.002874512   0.005749024   0.000000000    90.0000    0.0000
   sum over m      0.008621814  0.008621814   0.017243628   0.000000000
   sum over m+mul  1.265872880  1.265872880   2.531745760   0.000000000
  d3z^2-r^2   0    0.012097870  0.012097870   0.024195739   0.000000000    90.0000    0.0000
  dx^2-y^2    0    0.012097645  0.012097645   0.024195290   0.000000000    90.0000    0.0000
  dxy         0    0.026266839  0.026266839   0.052533678   0.000000000    90.0000    0.0000
  dxz         0    0.026266375  0.026266375   0.052532750   0.000000000    90.0000    0.0000
  dyz         0    0.026266375  0.026266375   0.052532750   0.000000000    90.0000    0.0000
   sum over m      0.102995103  0.102995103   0.205990207   0.000000000
   sum over m+mul  0.102995103  0.102995103   0.205990207   0.000000000

  103   Si          Up spin      Down spin     Sum           Diff           Angles(Deg)
            multiple
  s           0    0.630153295  0.630153295   1.260306590   0.000000000    90.0000    0.0000
   sum over m      0.630153295  0.630153295   1.260306590   0.000000000
  s           1    0.001007610  0.001007610   0.002015220   0.000000000    90.0000    0.0000
   sum over m      0.001007610  0.001007610   0.002015220   0.000000000
   sum over m+mul  0.631160905  0.631160905   1.262321810   0.000000000
  px          0    0.419095504  0.419095504   0.838191009   0.000000000    90.0000    0.0000
  py          0    0.419095504  0.419095504   0.838191009   0.000000000    90.0000    0.0000
  pz          0    0.419095507  0.419095507   0.838191014   0.000000000    90.0000    0.0000
   sum over m      1.257286516  1.257286516   2.514573032   0.000000000
  px          1    0.002879989  0.002879989   0.005759977   0.000000000    90.0000    0.0000
  py          1    0.002879989  0.002879989   0.005759977   0.000000000    90.0000    0.0000
  pz          1    0.002879989  0.002879989   0.005759977   0.000000000    90.0000    0.0000
   sum over m      0.008639966  0.008639966   0.017279932   0.000000000
   sum over m+mul  1.265926482  1.265926482   2.531852963   0.000000000
  d3z^2-r^2   0    0.012097657  0.012097657   0.024195314   0.000000000    90.0000    0.0000
  dx^2-y^2    0    0.012097657  0.012097657   0.024195314   0.000000000    90.0000    0.0000
  dxy         0    0.026266326  0.026266326   0.052532651   0.000000000    90.0000    0.0000
  dxz         0    0.026266326  0.026266326   0.052532651   0.000000000    90.0000    0.0000
  dyz         0    0.026266326  0.026266326   0.052532651   0.000000000    90.0000    0.0000
   sum over m      0.102994291  0.102994291   0.205988582   0.000000000
   sum over m+mul  0.102994291  0.102994291   0.205988582   0.000000000

  104   Si          Up spin      Down spin     Sum           Diff           Angles(Deg)
            multiple
  s           0    0.630104908  0.630104908   1.260209815   0.000000000    90.0000    0.0000
   sum over m      0.630104908  0.630104908   1.260209815   0.000000000
  s           1    0.000984194  0.000984194   0.001968388   0.000000000    90.0000    0.0000
   sum over m      0.000984194  0.000984194   0.001968388   0.000000000
   sum over m+mul  0.631089102  0.631089102   1.262178203   0.000000000
  px          0    0.419122236  0.419122236   0.838244471   0.000000000    90.0000    0.0000
  py          0    0.419064414  0.419064414   0.838128829   0.000000000    90.0000    0.0000
  pz          0    0.419064417  0.419064417   0.838128834   0.000000000    90.0000    0.0000
   sum over m      1.257251067  1.257251067   2.514502134   0.000000000
  px          1    0.002874512  0.002874512   0.005749024   0.000000000    90.0000    0.0000
  py          1    0.002873651  0.002873651   0.005747301   0.000000000    90.0000    0.0000
  pz          1    0.002873651  0.002873651   0.005747302   0.000000000    90.0000    0.0000
   sum over m      0.008621814  0.008621814   0.017243627   0.000000000
   sum over m+mul  1.265872881  1.265872881   2.531745761   0.000000000
  d3z^2-r^2   0    0.012097701  0.012097701   0.024195402   0.000000000    90.0000    0.0000
  dx^2-y^2    0    0.012097813  0.012097813   0.024195626   0.000000000    90.0000    0.0000
  dxy         0    0.026266375  0.026266375   0.052532750   0.000000000    90.0000    0.0000
  dxz         0    0.026266375  0.026266375   0.052532750   0.000000000    90.0000    0.0000
  dyz         0    0.026266839  0.026266839   0.052533678   0.000000000    90.0000    0.0000
   sum over m      0.102995103  0.102995103   0.205990206   0.000000000
   sum over m+mul  0.102995103  0.102995103   0.205990206   0.000000000

  105   Si          Up spin      Down spin     Sum           Diff           Angles(Deg)
            multiple
  s           0    0.630165536  0.630165536   1.260331072   0.000000000    90.0000    0.0000
   sum over m      0.630165536  0.630165536   1.260331072   0.000000000
  s           1    0.001005682  0.001005682   0.002011364   0.000000000    90.0000    0.0000
   sum over m      0.001005682  0.001005682   0.002011364   0.000000000
   sum over m+mul  0.631171218  0.631171218   1.262342436   0.000000000
  px          0    0.419068739  0.419068739   0.838137479   0.000000000    90.0000    0.0000
  py          0    0.419068739  0.419068739   0.838137479   0.000000000    90.0000    0.0000
  pz          0    0.419068743  0.419068743   0.838137486   0.000000000    90.0000    0.0000
   sum over m      1.257206221  1.257206221   2.514412443   0.000000000
  px          1    0.002882554  0.002882554   0.005765109   0.000000000    90.0000    0.0000
  py          1    0.002882554  0.002882554   0.005765109   0.000000000    90.0000    0.0000
  pz          1    0.002882555  0.002882555   0.005765109   0.000000000    90.0000    0.0000
   sum over m      0.008647663  0.008647663   0.017295327   0.000000000
   sum over m+mul  1.265853885  1.265853885   2.531707770   0.000000000
  d3z^2-r^2   0    0.012097730  0.012097730   0.024195459   0.000000000    90.0000    0.0000
  dx^2-y^2    0    0.012097729  0.012097729   0.024195459   0.000000000    90.0000    0.0000
  dxy         0    0.026265946  0.026265946   0.052531892   0.000000000    90.0000    0.0000
  dxz         0    0.026265946  0.026265946   0.052531892   0.000000000    90.0000    0.0000
  dyz         0    0.026265946  0.026265946   0.052531892   0.000000000    90.0000    0.0000
   sum over m      0.102993297  0.102993297   0.205986594   0.000000000
   sum over m+mul  0.102993297  0.102993297   0.205986594   0.000000000

  106   Si          Up spin      Down spin     Sum           Diff           Angles(Deg)
            multiple
  s           0    0.630115635  0.630115635   1.260231270   0.000000000    90.0000    0.0000
   sum over m      0.630115635  0.630115635   1.260231270   0.000000000
  s           1    0.000987305  0.000987305   0.001974609   0.000000000    90.0000    0.0000
   sum over m      0.000987305  0.000987305   0.001974609   0.000000000
   sum over m+mul  0.631102940  0.631102940   1.262205880   0.000000000
  px          0    0.419072204  0.419072204   0.838144408   0.000000000    90.0000    0.0000
  py          0    0.419105489  0.419105489   0.838210977   0.000000000    90.0000    0.0000
  pz          0    0.419072207  0.419072207   0.838144413   0.000000000    90.0000    0.0000
   sum over m      1.257249899  1.257249899   2.514499798   0.000000000
  px          1    0.002872200  0.002872200   0.005744400   0.000000000    90.0000    0.0000
  py          1    0.002875296  0.002875296   0.005750591   0.000000000    90.0000    0.0000
  pz          1    0.002872200  0.002872200   0.005744400   0.000000000    90.0000    0.0000
   sum over m      0.008619696  0.008619696   0.017239391   0.000000000
   sum over m+mul  1.265869595  1.265869595   2.531739189   0.000000000
  d3z^2-r^2   0    0.012097754  0.012097754   0.024195508   0.000000000    90.0000    0.0000
  dx^2-y^2    0    0.012097825  0.012097825   0.024195651   0.000000000    90.0000    0.0000
  dxy         0    0.026266486  0.026266486   0.052532972   0.000000000    90.0000    0.0000
  dxz         0    0.026266992  0.026266992   0.052533983   0.000000000    90.0000    0.0000
  dyz         0    0.026266486  0.026266486   0.052532973   0.000000000    90.0000    0.0000
   sum over m      0.102995543  0.102995543   0.205991087   0.000000000
   sum over m+mul  0.102995543  0.102995543   0.205991087   0.000000000

  107   Si          Up spin      Down spin     Sum           Diff           Angles(Deg)
            multiple
  s           0    0.630115635  0.630115635   1.260231270   0.000000000    90.0000    0.0000
   sum over m      0.630115635  0.630115635   1.260231270   0.000000000
  s           1    0.000987305  0.000987305   0.001974609   0.000000000    90.0000    0.0000
   sum over m      0.000987305  0.000987305   0.001974609   0.000000000
   sum over m+mul  0.631102940  0.631102940   1.262205880   0.000000000
  px          0    0.419105489  0.419105489   0.838210977   0.000000000    90.0000    0.0000
  py          0    0.419072204  0.419072204   0.838144408   0.000000000    90.0000    0.0000
  pz          0    0.419072207  0.419072207   0.838144413   0.000000000    90.0000    0.0000
   sum over m      1.257249899  1.257249899   2.514499798   0.000000000
  px          1    0.002875296  0.002875296   0.005750591   0.000000000    90.0000    0.0000
  py          1    0.002872200  0.002872200   0.005744400   0.000000000    90.0000    0.0000
  pz          1    0.002872200  0.002872200   0.005744400   0.000000000    90.0000    0.0000
   sum over m      0.008619696  0.008619696   0.017239391   0.000000000
   sum over m+mul  1.265869595  1.265869595   2.531739189   0.000000000
  d3z^2-r^2   0    0.012097754  0.012097754   0.024195508   0.000000000    90.0000    0.0000
  dx^2-y^2    0    0.012097825  0.012097825   0.024195651   0.000000000    90.0000    0.0000
  dxy         0    0.026266486  0.026266486   0.052532972   0.000000000    90.0000    0.0000
  dxz         0    0.026266486  0.026266486   0.052532973   0.000000000    90.0000    0.0000
  dyz         0    0.026266992  0.026266992   0.052533983   0.000000000    90.0000    0.0000
   sum over m      0.102995543  0.102995543   0.205991087   0.000000000
   sum over m+mul  0.102995543  0.102995543   0.205991087   0.000000000

  108   Si          Up spin      Down spin     Sum           Diff           Angles(Deg)
            multiple
  s           0    0.630115635  0.630115635   1.260231270   0.000000000    90.0000    0.0000
   sum over m      0.630115635  0.630115635   1.260231270   0.000000000
  s           1    0.000987304  0.000987304   0.001974608   0.000000000    90.0000    0.0000
   sum over m      0.000987304  0.000987304   0.001974608   0.000000000
   sum over m+mul  0.631102939  0.631102939   1.262205879   0.000000000
  px          0    0.419072205  0.419072205   0.838144410   0.000000000    90.0000    0.0000
  py          0    0.419072205  0.419072205   0.838144410   0.000000000    90.0000    0.0000
  pz          0    0.419105491  0.419105491   0.838210981   0.000000000    90.0000    0.0000
   sum over m      1.257249901  1.257249901   2.514499801   0.000000000
  px          1    0.002872200  0.002872200   0.005744400   0.000000000    90.0000    0.0000
  py          1    0.002872200  0.002872200   0.005744400   0.000000000    90.0000    0.0000
  pz          1    0.002875296  0.002875296   0.005750591   0.000000000    90.0000    0.0000
   sum over m      0.008619695  0.008619695   0.017239391   0.000000000
   sum over m+mul  1.265869596  1.265869596   2.531739192   0.000000000
  d3z^2-r^2   0    0.012097861  0.012097861   0.024195723   0.000000000    90.0000    0.0000
  dx^2-y^2    0    0.012097718  0.012097718   0.024195436   0.000000000    90.0000    0.0000
  dxy         0    0.026266992  0.026266992   0.052533983   0.000000000    90.0000    0.0000
  dxz         0    0.026266486  0.026266486   0.052532973   0.000000000    90.0000    0.0000
  dyz         0    0.026266486  0.026266486   0.052532973   0.000000000    90.0000    0.0000
   sum over m      0.102995543  0.102995543   0.205991087   0.000000000
   sum over m+mul  0.102995543  0.102995543   0.205991087   0.000000000

  109   Si          Up spin      Down spin     Sum           Diff           Angles(Deg)
            multiple
  s           0    0.630115635  0.630115635   1.260231270   0.000000000    90.0000    0.0000
   sum over m      0.630115635  0.630115635   1.260231270   0.000000000
  s           1    0.000987305  0.000987305   0.001974609   0.000000000    90.0000    0.0000
   sum over m      0.000987305  0.000987305   0.001974609   0.000000000
   sum over m+mul  0.631102940  0.631102940   1.262205880   0.000000000
  px          0    0.419105489  0.419105489   0.838210977   0.000000000    90.0000    0.0000
  py          0    0.419072204  0.419072204   0.838144408   0.000000000    90.0000    0.0000
  pz          0    0.419072207  0.419072207   0.838144413   0.000000000    90.0000    0.0000
   sum over m      1.257249899  1.257249899   2.514499798   0.000000000
  px          1    0.002875296  0.002875296   0.005750591   0.000000000    90.0000    0.0000
  py          1    0.002872200  0.002872200   0.005744400   0.000000000    90.0000    0.0000
  pz          1    0.002872200  0.002872200   0.005744400   0.000000000    90.0000    0.0000
   sum over m      0.008619696  0.008619696   0.017239391   0.000000000
   sum over m+mul  1.265869595  1.265869595   2.531739189   0.000000000
  d3z^2-r^2   0    0.012097754  0.012097754   0.024195508   0.000000000    90.0000    0.0000
  dx^2-y^2    0    0.012097825  0.012097825   0.024195651   0.000000000    90.0000    0.0000
  dxy         0    0.026266486  0.026266486   0.052532972   0.000000000    90.0000    0.0000
  dxz         0    0.026266486  0.026266486   0.052532973   0.000000000    90.0000    0.0000
  dyz         0    0.026266992  0.026266992   0.052533983   0.000000000    90.0000    0.0000
   sum over m      0.102995543  0.102995543   0.205991087   0.000000000
   sum over m+mul  0.102995543  0.102995543   0.205991087   0.000000000

  110   Si          Up spin      Down spin     Sum           Diff           Angles(Deg)
            multiple
  s           0    0.630165536  0.630165536   1.260331072   0.000000000    90.0000    0.0000
   sum over m      0.630165536  0.630165536   1.260331072   0.000000000
  s           1    0.001005682  0.001005682   0.002011364   0.000000000    90.0000    0.0000
   sum over m      0.001005682  0.001005682   0.002011364   0.000000000
   sum over m+mul  0.631171218  0.631171218   1.262342436   0.000000000
  px          0    0.419068739  0.419068739   0.838137479   0.000000000    90.0000    0.0000
  py          0    0.419068739  0.419068739   0.838137479   0.000000000    90.0000    0.0000
  pz          0    0.419068743  0.419068743   0.838137486   0.000000000    90.0000    0.0000
   sum over m      1.257206221  1.257206221   2.514412443   0.000000000
  px          1    0.002882554  0.002882554   0.005765109   0.000000000    90.0000    0.0000
  py          1    0.002882554  0.002882554   0.005765109   0.000000000    90.0000    0.0000
  pz          1    0.002882555  0.002882555   0.005765109   0.000000000    90.0000    0.0000
   sum over m      0.008647663  0.008647663   0.017295327   0.000000000
   sum over m+mul  1.265853885  1.265853885   2.531707770   0.000000000
  d3z^2-r^2   0    0.012097730  0.012097730   0.024195459   0.000000000    90.0000    0.0000
  dx^2-y^2    0    0.012097729  0.012097729   0.024195459   0.000000000    90.0000    0.0000
  dxy         0    0.026265946  0.026265946   0.052531892   0.000000000    90.0000    0.0000
  dxz         0    0.026265946  0.026265946   0.052531892   0.000000000    90.0000    0.0000
  dyz         0    0.026265946  0.026265946   0.052531892   0.000000000    90.0000    0.0000
   sum over m      0.102993297  0.102993297   0.205986594   0.000000000
   sum over m+mul  0.102993297  0.102993297   0.205986594   0.000000000

  111   Si          Up spin      Down spin     Sum           Diff           Angles(Deg)
            multiple
  s           0    0.630115635  0.630115635   1.260231270   0.000000000    90.0000    0.0000
   sum over m      0.630115635  0.630115635   1.260231270   0.000000000
  s           1    0.000987304  0.000987304   0.001974608   0.000000000    90.0000    0.0000
   sum over m      0.000987304  0.000987304   0.001974608   0.000000000
   sum over m+mul  0.631102939  0.631102939   1.262205879   0.000000000
  px          0    0.419072205  0.419072205   0.838144410   0.000000000    90.0000    0.0000
  py          0    0.419072205  0.419072205   0.838144410   0.000000000    90.0000    0.0000
  pz          0    0.419105491  0.419105491   0.838210981   0.000000000    90.0000    0.0000
   sum over m      1.257249901  1.257249901   2.514499801   0.000000000
  px          1    0.002872200  0.002872200   0.005744400   0.000000000    90.0000    0.0000
  py          1    0.002872200  0.002872200   0.005744400   0.000000000    90.0000    0.0000
  pz          1    0.002875296  0.002875296   0.005750591   0.000000000    90.0000    0.0000
   sum over m      0.008619695  0.008619695   0.017239391   0.000000000
   sum over m+mul  1.265869596  1.265869596   2.531739192   0.000000000
  d3z^2-r^2   0    0.012097861  0.012097861   0.024195723   0.000000000    90.0000    0.0000
  dx^2-y^2    0    0.012097718  0.012097718   0.024195436   0.000000000    90.0000    0.0000
  dxy         0    0.026266992  0.026266992   0.052533983   0.000000000    90.0000    0.0000
  dxz         0    0.026266486  0.026266486   0.052532973   0.000000000    90.0000    0.0000
  dyz         0    0.026266486  0.026266486   0.052532973   0.000000000    90.0000    0.0000
   sum over m      0.102995543  0.102995543   0.205991087   0.000000000
   sum over m+mul  0.102995543  0.102995543   0.205991087   0.000000000

  112   Si          Up spin      Down spin     Sum           Diff           Angles(Deg)
            multiple
  s           0    0.630115635  0.630115635   1.260231270   0.000000000    90.0000    0.0000
   sum over m      0.630115635  0.630115635   1.260231270   0.000000000
  s           1    0.000987305  0.000987305   0.001974609   0.000000000    90.0000    0.0000
   sum over m      0.000987305  0.000987305   0.001974609   0.000000000
   sum over m+mul  0.631102940  0.631102940   1.262205880   0.000000000
  px          0    0.419072204  0.419072204   0.838144408   0.000000000    90.0000    0.0000
  py          0    0.419105489  0.419105489   0.838210977   0.000000000    90.0000    0.0000
  pz          0    0.419072207  0.419072207   0.838144413   0.000000000    90.0000    0.0000
   sum over m      1.257249899  1.257249899   2.514499798   0.000000000
  px          1    0.002872200  0.002872200   0.005744400   0.000000000    90.0000    0.0000
  py          1    0.002875296  0.002875296   0.005750591   0.000000000    90.0000    0.0000
  pz          1    0.002872200  0.002872200   0.005744400   0.000000000    90.0000    0.0000
   sum over m      0.008619696  0.008619696   0.017239391   0.000000000
   sum over m+mul  1.265869595  1.265869595   2.531739189   0.000000000
  d3z^2-r^2   0    0.012097754  0.012097754   0.024195508   0.000000000    90.0000    0.0000
  dx^2-y^2    0    0.012097825  0.012097825   0.024195651   0.000000000    90.0000    0.0000
  dxy         0    0.026266486  0.026266486   0.052532972   0.000000000    90.0000    0.0000
  dxz         0    0.026266992  0.026266992   0.052533983   0.000000000    90.0000    0.0000
  dyz         0    0.026266486  0.026266486   0.052532973   0.000000000    90.0000    0.0000
   sum over m      0.102995543  0.102995543   0.205991087   0.000000000
   sum over m+mul  0.102995543  0.102995543   0.205991087   0.000000000

  113   Si          Up spin      Down spin     Sum           Diff           Angles(Deg)
            multiple
  s           0    0.630104907  0.630104907   1.260209814   0.000000000    90.0000    0.0000
   sum over m      0.630104907  0.630104907   1.260209814   0.000000000
  s           1    0.000984194  0.000984194   0.001968388   0.000000000    90.0000    0.0000
   sum over m      0.000984194  0.000984194   0.001968388   0.000000000
   sum over m+mul  0.631089101  0.631089101   1.262178202   0.000000000
  px          0    0.419064415  0.419064415   0.838128829   0.000000000    90.0000    0.0000
  py          0    0.419064415  0.419064415   0.838128829   0.000000000    90.0000    0.0000
  pz          0    0.419122237  0.419122237   0.838244474   0.000000000    90.0000    0.0000
   sum over m      1.257251066  1.257251066   2.514502132   0.000000000
  px          1    0.002873651  0.002873651   0.005747302   0.000000000    90.0000    0.0000
  py          1    0.002873651  0.002873651   0.005747302   0.000000000    90.0000    0.0000
  pz          1    0.002874512  0.002874512   0.005749024   0.000000000    90.0000    0.0000
   sum over m      0.008621814  0.008621814   0.017243628   0.000000000
   sum over m+mul  1.265872880  1.265872880   2.531745760   0.000000000
  d3z^2-r^2   0    0.012097870  0.012097870   0.024195739   0.000000000    90.0000    0.0000
  dx^2-y^2    0    0.012097645  0.012097645   0.024195290   0.000000000    90.0000    0.0000
  dxy         0    0.026266839  0.026266839   0.052533678   0.000000000    90.0000    0.0000
  dxz         0    0.026266375  0.026266375   0.052532750   0.000000000    90.0000    0.0000
  dyz         0    0.026266375  0.026266375   0.052532750   0.000000000    90.0000    0.0000
   sum over m      0.102995103  0.102995103   0.205990207   0.000000000
   sum over m+mul  0.102995103  0.102995103   0.205990207   0.000000000

  114   Si          Up spin      Down spin     Sum           Diff           Angles(Deg)
            multiple
  s           0    0.630104908  0.630104908   1.260209815   0.000000000    90.0000    0.0000
   sum over m      0.630104908  0.630104908   1.260209815   0.000000000
  s           1    0.000984194  0.000984194   0.001968388   0.000000000    90.0000    0.0000
   sum over m      0.000984194  0.000984194   0.001968388   0.000000000
   sum over m+mul  0.631089102  0.631089102   1.262178203   0.000000000
  px          0    0.419122236  0.419122236   0.838244471   0.000000000    90.0000    0.0000
  py          0    0.419064414  0.419064414   0.838128829   0.000000000    90.0000    0.0000
  pz          0    0.419064417  0.419064417   0.838128834   0.000000000    90.0000    0.0000
   sum over m      1.257251067  1.257251067   2.514502134   0.000000000
  px          1    0.002874512  0.002874512   0.005749024   0.000000000    90.0000    0.0000
  py          1    0.002873651  0.002873651   0.005747301   0.000000000    90.0000    0.0000
  pz          1    0.002873651  0.002873651   0.005747302   0.000000000    90.0000    0.0000
   sum over m      0.008621814  0.008621814   0.017243627   0.000000000
   sum over m+mul  1.265872881  1.265872881   2.531745761   0.000000000
  d3z^2-r^2   0    0.012097701  0.012097701   0.024195402   0.000000000    90.0000    0.0000
  dx^2-y^2    0    0.012097813  0.012097813   0.024195626   0.000000000    90.0000    0.0000
  dxy         0    0.026266375  0.026266375   0.052532750   0.000000000    90.0000    0.0000
  dxz         0    0.026266375  0.026266375   0.052532750   0.000000000    90.0000    0.0000
  dyz         0    0.026266839  0.026266839   0.052533678   0.000000000    90.0000    0.0000
   sum over m      0.102995103  0.102995103   0.205990206   0.000000000
   sum over m+mul  0.102995103  0.102995103   0.205990206   0.000000000

  115   Si          Up spin      Down spin     Sum           Diff           Angles(Deg)
            multiple
  s           0    0.630104908  0.630104908   1.260209815   0.000000000    90.0000    0.0000
   sum over m      0.630104908  0.630104908   1.260209815   0.000000000
  s           1    0.000984194  0.000984194   0.001968388   0.000000000    90.0000    0.0000
   sum over m      0.000984194  0.000984194   0.001968388   0.000000000
   sum over m+mul  0.631089102  0.631089102   1.262178203   0.000000000
  px          0    0.419064414  0.419064414   0.838128829   0.000000000    90.0000    0.0000
  py          0    0.419122236  0.419122236   0.838244471   0.000000000    90.0000    0.0000
  pz          0    0.419064417  0.419064417   0.838128834   0.000000000    90.0000    0.0000
   sum over m      1.257251067  1.257251067   2.514502134   0.000000000
  px          1    0.002873651  0.002873651   0.005747301   0.000000000    90.0000    0.0000
  py          1    0.002874512  0.002874512   0.005749024   0.000000000    90.0000    0.0000
  pz          1    0.002873651  0.002873651   0.005747302   0.000000000    90.0000    0.0000
   sum over m      0.008621814  0.008621814   0.017243627   0.000000000
   sum over m+mul  1.265872881  1.265872881   2.531745761   0.000000000
  d3z^2-r^2   0    0.012097701  0.012097701   0.024195402   0.000000000    90.0000    0.0000
  dx^2-y^2    0    0.012097813  0.012097813   0.024195626   0.000000000    90.0000    0.0000
  dxy         0    0.026266375  0.026266375   0.052532750   0.000000000    90.0000    0.0000
  dxz         0    0.026266839  0.026266839   0.052533678   0.000000000    90.0000    0.0000
  dyz         0    0.026266375  0.026266375   0.052532750   0.000000000    90.0000    0.0000
   sum over m      0.102995103  0.102995103   0.205990206   0.000000000
   sum over m+mul  0.102995103  0.102995103   0.205990206   0.000000000

  116   Si          Up spin      Down spin     Sum           Diff           Angles(Deg)
            multiple
  s           0    0.630153295  0.630153295   1.260306590   0.000000000    90.0000    0.0000
   sum over m      0.630153295  0.630153295   1.260306590   0.000000000
  s           1    0.001007610  0.001007610   0.002015220   0.000000000    90.0000    0.0000
   sum over m      0.001007610  0.001007610   0.002015220   0.000000000
   sum over m+mul  0.631160905  0.631160905   1.262321810   0.000000000
  px          0    0.419095504  0.419095504   0.838191009   0.000000000    90.0000    0.0000
  py          0    0.419095504  0.419095504   0.838191009   0.000000000    90.0000    0.0000
  pz          0    0.419095507  0.419095507   0.838191014   0.000000000    90.0000    0.0000
   sum over m      1.257286516  1.257286516   2.514573032   0.000000000
  px          1    0.002879989  0.002879989   0.005759977   0.000000000    90.0000    0.0000
  py          1    0.002879989  0.002879989   0.005759977   0.000000000    90.0000    0.0000
  pz          1    0.002879989  0.002879989   0.005759977   0.000000000    90.0000    0.0000
   sum over m      0.008639966  0.008639966   0.017279932   0.000000000
   sum over m+mul  1.265926482  1.265926482   2.531852963   0.000000000
  d3z^2-r^2   0    0.012097657  0.012097657   0.024195314   0.000000000    90.0000    0.0000
  dx^2-y^2    0    0.012097657  0.012097657   0.024195314   0.000000000    90.0000    0.0000
  dxy         0    0.026266326  0.026266326   0.052532651   0.000000000    90.0000    0.0000
  dxz         0    0.026266326  0.026266326   0.052532651   0.000000000    90.0000    0.0000
  dyz         0    0.026266326  0.026266326   0.052532651   0.000000000    90.0000    0.0000
   sum over m      0.102994291  0.102994291   0.205988582   0.000000000
   sum over m+mul  0.102994291  0.102994291   0.205988582   0.000000000

  117   Si          Up spin      Down spin     Sum           Diff           Angles(Deg)
            multiple
  s           0    0.630115635  0.630115635   1.260231270   0.000000000    90.0000    0.0000
   sum over m      0.630115635  0.630115635   1.260231270   0.000000000
  s           1    0.000987305  0.000987305   0.001974609   0.000000000    90.0000    0.0000
   sum over m      0.000987305  0.000987305   0.001974609   0.000000000
   sum over m+mul  0.631102940  0.631102940   1.262205880   0.000000000
  px          0    0.419105489  0.419105489   0.838210977   0.000000000    90.0000    0.0000
  py          0    0.419072204  0.419072204   0.838144408   0.000000000    90.0000    0.0000
  pz          0    0.419072207  0.419072207   0.838144413   0.000000000    90.0000    0.0000
   sum over m      1.257249899  1.257249899   2.514499798   0.000000000
  px          1    0.002875296  0.002875296   0.005750591   0.000000000    90.0000    0.0000
  py          1    0.002872200  0.002872200   0.005744400   0.000000000    90.0000    0.0000
  pz          1    0.002872200  0.002872200   0.005744400   0.000000000    90.0000    0.0000
   sum over m      0.008619696  0.008619696   0.017239391   0.000000000
   sum over m+mul  1.265869595  1.265869595   2.531739189   0.000000000
  d3z^2-r^2   0    0.012097754  0.012097754   0.024195508   0.000000000    90.0000    0.0000
  dx^2-y^2    0    0.012097825  0.012097825   0.024195651   0.000000000    90.0000    0.0000
  dxy         0    0.026266486  0.026266486   0.052532972   0.000000000    90.0000    0.0000
  dxz         0    0.026266486  0.026266486   0.052532973   0.000000000    90.0000    0.0000
  dyz         0    0.026266992  0.026266992   0.052533983   0.000000000    90.0000    0.0000
   sum over m      0.102995543  0.102995543   0.205991087   0.000000000
   sum over m+mul  0.102995543  0.102995543   0.205991087   0.000000000

  118   Si          Up spin      Down spin     Sum           Diff           Angles(Deg)
            multiple
  s           0    0.630104907  0.630104907   1.260209814   0.000000000    90.0000    0.0000
   sum over m      0.630104907  0.630104907   1.260209814   0.000000000
  s           1    0.000984194  0.000984194   0.001968388   0.000000000    90.0000    0.0000
   sum over m      0.000984194  0.000984194   0.001968388   0.000000000
   sum over m+mul  0.631089101  0.631089101   1.262178202   0.000000000
  px          0    0.419064415  0.419064415   0.838128829   0.000000000    90.0000    0.0000
  py          0    0.419064415  0.419064415   0.838128829   0.000000000    90.0000    0.0000
  pz          0    0.419122237  0.419122237   0.838244474   0.000000000    90.0000    0.0000
   sum over m      1.257251066  1.257251066   2.514502132   0.000000000
  px          1    0.002873651  0.002873651   0.005747302   0.000000000    90.0000    0.0000
  py          1    0.002873651  0.002873651   0.005747302   0.000000000    90.0000    0.0000
  pz          1    0.002874512  0.002874512   0.005749024   0.000000000    90.0000    0.0000
   sum over m      0.008621814  0.008621814   0.017243628   0.000000000
   sum over m+mul  1.265872880  1.265872880   2.531745760   0.000000000
  d3z^2-r^2   0    0.012097870  0.012097870   0.024195739   0.000000000    90.0000    0.0000
  dx^2-y^2    0    0.012097645  0.012097645   0.024195290   0.000000000    90.0000    0.0000
  dxy         0    0.026266839  0.026266839   0.052533678   0.000000000    90.0000    0.0000
  dxz         0    0.026266375  0.026266375   0.052532750   0.000000000    90.0000    0.0000
  dyz         0    0.026266375  0.026266375   0.052532750   0.000000000    90.0000    0.0000
   sum over m      0.102995103  0.102995103   0.205990207   0.000000000
   sum over m+mul  0.102995103  0.102995103   0.205990207   0.000000000

  119   Si          Up spin      Down spin     Sum           Diff           Angles(Deg)
            multiple
  s           0    0.630156270  0.630156270   1.260312541   0.000000000    90.0000    0.0000
   sum over m      0.630156270  0.630156270   1.260312541   0.000000000
  s           1    0.001009129  0.001009129   0.002018257   0.000000000    90.0000    0.0000
   sum over m      0.001009129  0.001009129   0.002018257   0.000000000
   sum over m+mul  0.631165399  0.631165399   1.262330798   0.000000000
  px          0    0.419089901  0.419089901   0.838179801   0.000000000    90.0000    0.0000
  py          0    0.419089901  0.419089901   0.838179801   0.000000000    90.0000    0.0000
  pz          0    0.419089904  0.419089904   0.838179808   0.000000000    90.0000    0.0000
   sum over m      1.257269705  1.257269705   2.514539411   0.000000000
  px          1    0.002881573  0.002881573   0.005763147   0.000000000    90.0000    0.0000
  py          1    0.002881573  0.002881573   0.005763147   0.000000000    90.0000    0.0000
  pz          1    0.002881573  0.002881573   0.005763146   0.000000000    90.0000    0.0000
   sum over m      0.008644720  0.008644720   0.017289439   0.000000000
   sum over m+mul  1.265914425  1.265914425   2.531828850   0.000000000
  d3z^2-r^2   0    0.012097568  0.012097568   0.024195137   0.000000000    90.0000    0.0000
  dx^2-y^2    0    0.012097569  0.012097569   0.024195137   0.000000000    90.0000    0.0000
  dxy         0    0.026266300  0.026266300   0.052532599   0.000000000    90.0000    0.0000
  dxz         0    0.026266300  0.026266300   0.052532599   0.000000000    90.0000    0.0000
  dyz         0    0.026266300  0.026266300   0.052532599   0.000000000    90.0000    0.0000
   sum over m      0.102994036  0.102994036   0.205988072   0.000000000
   sum over m+mul  0.102994036  0.102994036   0.205988072   0.000000000

  120   Si          Up spin      Down spin     Sum           Diff           Angles(Deg)
            multiple
  s           0    0.630115635  0.630115635   1.260231270   0.000000000    90.0000    0.0000
   sum over m      0.630115635  0.630115635   1.260231270   0.000000000
  s           1    0.000987305  0.000987305   0.001974609   0.000000000    90.0000    0.0000
   sum over m      0.000987305  0.000987305   0.001974609   0.000000000
   sum over m+mul  0.631102940  0.631102940   1.262205880   0.000000000
  px          0    0.419072204  0.419072204   0.838144408   0.000000000    90.0000    0.0000
  py          0    0.419105489  0.419105489   0.838210977   0.000000000    90.0000    0.0000
  pz          0    0.419072207  0.419072207   0.838144413   0.000000000    90.0000    0.0000
   sum over m      1.257249899  1.257249899   2.514499798   0.000000000
  px          1    0.002872200  0.002872200   0.005744400   0.000000000    90.0000    0.0000
  py          1    0.002875296  0.002875296   0.005750591   0.000000000    90.0000    0.0000
  pz          1    0.002872200  0.002872200   0.005744400   0.000000000    90.0000    0.0000
   sum over m      0.008619696  0.008619696   0.017239391   0.000000000
   sum over m+mul  1.265869595  1.265869595   2.531739189   0.000000000
  d3z^2-r^2   0    0.012097754  0.012097754   0.024195508   0.000000000    90.0000    0.0000
  dx^2-y^2    0    0.012097825  0.012097825   0.024195651   0.000000000    90.0000    0.0000
  dxy         0    0.026266486  0.026266486   0.052532972   0.000000000    90.0000    0.0000
  dxz         0    0.026266992  0.026266992   0.052533983   0.000000000    90.0000    0.0000
  dyz         0    0.026266486  0.026266486   0.052532973   0.000000000    90.0000    0.0000
   sum over m      0.102995543  0.102995543   0.205991087   0.000000000
   sum over m+mul  0.102995543  0.102995543   0.205991087   0.000000000

  121   Si          Up spin      Down spin     Sum           Diff           Angles(Deg)
            multiple
  s           0    0.630115635  0.630115635   1.260231270   0.000000000    90.0000    0.0000
   sum over m      0.630115635  0.630115635   1.260231270   0.000000000
  s           1    0.000987305  0.000987305   0.001974609   0.000000000    90.0000    0.0000
   sum over m      0.000987305  0.000987305   0.001974609   0.000000000
   sum over m+mul  0.631102940  0.631102940   1.262205880   0.000000000
  px          0    0.419105489  0.419105489   0.838210977   0.000000000    90.0000    0.0000
  py          0    0.419072204  0.419072204   0.838144408   0.000000000    90.0000    0.0000
  pz          0    0.419072207  0.419072207   0.838144413   0.000000000    90.0000    0.0000
   sum over m      1.257249899  1.257249899   2.514499798   0.000000000
  px          1    0.002875296  0.002875296   0.005750591   0.000000000    90.0000    0.0000
  py          1    0.002872200  0.002872200   0.005744400   0.000000000    90.0000    0.0000
  pz          1    0.002872200  0.002872200   0.005744400   0.000000000    90.0000    0.0000
   sum over m      0.008619696  0.008619696   0.017239391   0.000000000
   sum over m+mul  1.265869595  1.265869595   2.531739189   0.000000000
  d3z^2-r^2   0    0.012097754  0.012097754   0.024195508   0.000000000    90.0000    0.0000
  dx^2-y^2    0    0.012097825  0.012097825   0.024195651   0.000000000    90.0000    0.0000
  dxy         0    0.026266486  0.026266486   0.052532972   0.000000000    90.0000    0.0000
  dxz         0    0.026266486  0.026266486   0.052532973   0.000000000    90.0000    0.0000
  dyz         0    0.026266992  0.026266992   0.052533983   0.000000000    90.0000    0.0000
   sum over m      0.102995543  0.102995543   0.205991087   0.000000000
   sum over m+mul  0.102995543  0.102995543   0.205991087   0.000000000

  122   Si          Up spin      Down spin     Sum           Diff           Angles(Deg)
            multiple
  s           0    0.630156270  0.630156270   1.260312541   0.000000000    90.0000    0.0000
   sum over m      0.630156270  0.630156270   1.260312541   0.000000000
  s           1    0.001009129  0.001009129   0.002018257   0.000000000    90.0000    0.0000
   sum over m      0.001009129  0.001009129   0.002018257   0.000000000
   sum over m+mul  0.631165399  0.631165399   1.262330798   0.000000000
  px          0    0.419089901  0.419089901   0.838179801   0.000000000    90.0000    0.0000
  py          0    0.419089901  0.419089901   0.838179801   0.000000000    90.0000    0.0000
  pz          0    0.419089904  0.419089904   0.838179808   0.000000000    90.0000    0.0000
   sum over m      1.257269705  1.257269705   2.514539411   0.000000000
  px          1    0.002881573  0.002881573   0.005763147   0.000000000    90.0000    0.0000
  py          1    0.002881573  0.002881573   0.005763147   0.000000000    90.0000    0.0000
  pz          1    0.002881573  0.002881573   0.005763146   0.000000000    90.0000    0.0000
   sum over m      0.008644720  0.008644720   0.017289439   0.000000000
   sum over m+mul  1.265914425  1.265914425   2.531828850   0.000000000
  d3z^2-r^2   0    0.012097568  0.012097568   0.024195137   0.000000000    90.0000    0.0000
  dx^2-y^2    0    0.012097569  0.012097569   0.024195137   0.000000000    90.0000    0.0000
  dxy         0    0.026266300  0.026266300   0.052532599   0.000000000    90.0000    0.0000
  dxz         0    0.026266300  0.026266300   0.052532599   0.000000000    90.0000    0.0000
  dyz         0    0.026266300  0.026266300   0.052532599   0.000000000    90.0000    0.0000
   sum over m      0.102994036  0.102994036   0.205988072   0.000000000
   sum over m+mul  0.102994036  0.102994036   0.205988072   0.000000000

  123   Si          Up spin      Down spin     Sum           Diff           Angles(Deg)
            multiple
  s           0    0.630104907  0.630104907   1.260209814   0.000000000    90.0000    0.0000
   sum over m      0.630104907  0.630104907   1.260209814   0.000000000
  s           1    0.000984194  0.000984194   0.001968388   0.000000000    90.0000    0.0000
   sum over m      0.000984194  0.000984194   0.001968388   0.000000000
   sum over m+mul  0.631089101  0.631089101   1.262178202   0.000000000
  px          0    0.419064415  0.419064415   0.838128829   0.000000000    90.0000    0.0000
  py          0    0.419064415  0.419064415   0.838128829   0.000000000    90.0000    0.0000
  pz          0    0.419122237  0.419122237   0.838244474   0.000000000    90.0000    0.0000
   sum over m      1.257251066  1.257251066   2.514502132   0.000000000
  px          1    0.002873651  0.002873651   0.005747302   0.000000000    90.0000    0.0000
  py          1    0.002873651  0.002873651   0.005747302   0.000000000    90.0000    0.0000
  pz          1    0.002874512  0.002874512   0.005749024   0.000000000    90.0000    0.0000
   sum over m      0.008621814  0.008621814   0.017243628   0.000000000
   sum over m+mul  1.265872880  1.265872880   2.531745760   0.000000000
  d3z^2-r^2   0    0.012097870  0.012097870   0.024195739   0.000000000    90.0000    0.0000
  dx^2-y^2    0    0.012097645  0.012097645   0.024195290   0.000000000    90.0000    0.0000
  dxy         0    0.026266839  0.026266839   0.052533678   0.000000000    90.0000    0.0000
  dxz         0    0.026266375  0.026266375   0.052532750   0.000000000    90.0000    0.0000
  dyz         0    0.026266375  0.026266375   0.052532750   0.000000000    90.0000    0.0000
   sum over m      0.102995103  0.102995103   0.205990207   0.000000000
   sum over m+mul  0.102995103  0.102995103   0.205990207   0.000000000

  124   Si          Up spin      Down spin     Sum           Diff           Angles(Deg)
            multiple
  s           0    0.630115635  0.630115635   1.260231270   0.000000000    90.0000    0.0000
   sum over m      0.630115635  0.630115635   1.260231270   0.000000000
  s           1    0.000987305  0.000987305   0.001974609   0.000000000    90.0000    0.0000
   sum over m      0.000987305  0.000987305   0.001974609   0.000000000
   sum over m+mul  0.631102940  0.631102940   1.262205880   0.000000000
  px          0    0.419072204  0.419072204   0.838144408   0.000000000    90.0000    0.0000
  py          0    0.419105489  0.419105489   0.838210977   0.000000000    90.0000    0.0000
  pz          0    0.419072207  0.419072207   0.838144413   0.000000000    90.0000    0.0000
   sum over m      1.257249899  1.257249899   2.514499798   0.000000000
  px          1    0.002872200  0.002872200   0.005744400   0.000000000    90.0000    0.0000
  py          1    0.002875296  0.002875296   0.005750591   0.000000000    90.0000    0.0000
  pz          1    0.002872200  0.002872200   0.005744400   0.000000000    90.0000    0.0000
   sum over m      0.008619696  0.008619696   0.017239391   0.000000000
   sum over m+mul  1.265869595  1.265869595   2.531739189   0.000000000
  d3z^2-r^2   0    0.012097754  0.012097754   0.024195508   0.000000000    90.0000    0.0000
  dx^2-y^2    0    0.012097825  0.012097825   0.024195651   0.000000000    90.0000    0.0000
  dxy         0    0.026266486  0.026266486   0.052532972   0.000000000    90.0000    0.0000
  dxz         0    0.026266992  0.026266992   0.052533983   0.000000000    90.0000    0.0000
  dyz         0    0.026266486  0.026266486   0.052532973   0.000000000    90.0000    0.0000
   sum over m      0.102995543  0.102995543   0.205991087   0.000000000
   sum over m+mul  0.102995543  0.102995543   0.205991087   0.000000000

  125   Si          Up spin      Down spin     Sum           Diff           Angles(Deg)
            multiple
  s           0    0.630104908  0.630104908   1.260209815   0.000000000    90.0000    0.0000
   sum over m      0.630104908  0.630104908   1.260209815   0.000000000
  s           1    0.000984194  0.000984194   0.001968388   0.000000000    90.0000    0.0000
   sum over m      0.000984194  0.000984194   0.001968388   0.000000000
   sum over m+mul  0.631089102  0.631089102   1.262178203   0.000000000
  px          0    0.419064414  0.419064414   0.838128829   0.000000000    90.0000    0.0000
  py          0    0.419122236  0.419122236   0.838244471   0.000000000    90.0000    0.0000
  pz          0    0.419064417  0.419064417   0.838128834   0.000000000    90.0000    0.0000
   sum over m      1.257251067  1.257251067   2.514502134   0.000000000
  px          1    0.002873651  0.002873651   0.005747301   0.000000000    90.0000    0.0000
  py          1    0.002874512  0.002874512   0.005749024   0.000000000    90.0000    0.0000
  pz          1    0.002873651  0.002873651   0.005747302   0.000000000    90.0000    0.0000
   sum over m      0.008621814  0.008621814   0.017243627   0.000000000
   sum over m+mul  1.265872881  1.265872881   2.531745761   0.000000000
  d3z^2-r^2   0    0.012097701  0.012097701   0.024195402   0.000000000    90.0000    0.0000
  dx^2-y^2    0    0.012097813  0.012097813   0.024195626   0.000000000    90.0000    0.0000
  dxy         0    0.026266375  0.026266375   0.052532750   0.000000000    90.0000    0.0000
  dxz         0    0.026266839  0.026266839   0.052533678   0.000000000    90.0000    0.0000
  dyz         0    0.026266375  0.026266375   0.052532750   0.000000000    90.0000    0.0000
   sum over m      0.102995103  0.102995103   0.205990206   0.000000000
   sum over m+mul  0.102995103  0.102995103   0.205990206   0.000000000

  126   Si          Up spin      Down spin     Sum           Diff           Angles(Deg)
            multiple
  s           0    0.630115635  0.630115635   1.260231270   0.000000000    90.0000    0.0000
   sum over m      0.630115635  0.630115635   1.260231270   0.000000000
  s           1    0.000987305  0.000987305   0.001974609   0.000000000    90.0000    0.0000
   sum over m      0.000987305  0.000987305   0.001974609   0.000000000
   sum over m+mul  0.631102940  0.631102940   1.262205880   0.000000000
  px          0    0.419105489  0.419105489   0.838210977   0.000000000    90.0000    0.0000
  py          0    0.419072204  0.419072204   0.838144408   0.000000000    90.0000    0.0000
  pz          0    0.419072207  0.419072207   0.838144413   0.000000000    90.0000    0.0000
   sum over m      1.257249899  1.257249899   2.514499798   0.000000000
  px          1    0.002875296  0.002875296   0.005750591   0.000000000    90.0000    0.0000
  py          1    0.002872200  0.002872200   0.005744400   0.000000000    90.0000    0.0000
  pz          1    0.002872200  0.002872200   0.005744400   0.000000000    90.0000    0.0000
   sum over m      0.008619696  0.008619696   0.017239391   0.000000000
   sum over m+mul  1.265869595  1.265869595   2.531739189   0.000000000
  d3z^2-r^2   0    0.012097754  0.012097754   0.024195508   0.000000000    90.0000    0.0000
  dx^2-y^2    0    0.012097825  0.012097825   0.024195651   0.000000000    90.0000    0.0000
  dxy         0    0.026266486  0.026266486   0.052532972   0.000000000    90.0000    0.0000
  dxz         0    0.026266486  0.026266486   0.052532973   0.000000000    90.0000    0.0000
  dyz         0    0.026266992  0.026266992   0.052533983   0.000000000    90.0000    0.0000
   sum over m      0.102995543  0.102995543   0.205991087   0.000000000
   sum over m+mul  0.102995543  0.102995543   0.205991087   0.000000000

  127   Si          Up spin      Down spin     Sum           Diff           Angles(Deg)
            multiple
  s           0    0.630156270  0.630156270   1.260312541   0.000000000    90.0000    0.0000
   sum over m      0.630156270  0.630156270   1.260312541   0.000000000
  s           1    0.001009129  0.001009129   0.002018257   0.000000000    90.0000    0.0000
   sum over m      0.001009129  0.001009129   0.002018257   0.000000000
   sum over m+mul  0.631165399  0.631165399   1.262330798   0.000000000
  px          0    0.419089901  0.419089901   0.838179801   0.000000000    90.0000    0.0000
  py          0    0.419089901  0.419089901   0.838179801   0.000000000    90.0000    0.0000
  pz          0    0.419089904  0.419089904   0.838179808   0.000000000    90.0000    0.0000
   sum over m      1.257269705  1.257269705   2.514539411   0.000000000
  px          1    0.002881573  0.002881573   0.005763147   0.000000000    90.0000    0.0000
  py          1    0.002881573  0.002881573   0.005763147   0.000000000    90.0000    0.0000
  pz          1    0.002881573  0.002881573   0.005763146   0.000000000    90.0000    0.0000
   sum over m      0.008644720  0.008644720   0.017289439   0.000000000
   sum over m+mul  1.265914425  1.265914425   2.531828850   0.000000000
  d3z^2-r^2   0    0.012097568  0.012097568   0.024195137   0.000000000    90.0000    0.0000
  dx^2-y^2    0    0.012097569  0.012097569   0.024195137   0.000000000    90.0000    0.0000
  dxy         0    0.026266300  0.026266300   0.052532599   0.000000000    90.0000    0.0000
  dxz         0    0.026266300  0.026266300   0.052532599   0.000000000    90.0000    0.0000
  dyz         0    0.026266300  0.026266300   0.052532599   0.000000000    90.0000    0.0000
   sum over m      0.102994036  0.102994036   0.205988072   0.000000000
   sum over m+mul  0.102994036  0.102994036   0.205988072   0.000000000

  128   Si          Up spin      Down spin     Sum           Diff           Angles(Deg)
            multiple
  s           0    0.630115635  0.630115635   1.260231270   0.000000000    90.0000    0.0000
   sum over m      0.630115635  0.630115635   1.260231270   0.000000000
  s           1    0.000987304  0.000987304   0.001974608   0.000000000    90.0000    0.0000
   sum over m      0.000987304  0.000987304   0.001974608   0.000000000
   sum over m+mul  0.631102939  0.631102939   1.262205879   0.000000000
  px          0    0.419072205  0.419072205   0.838144410   0.000000000    90.0000    0.0000
  py          0    0.419072205  0.419072205   0.838144410   0.000000000    90.0000    0.0000
  pz          0    0.419105491  0.419105491   0.838210981   0.000000000    90.0000    0.0000
   sum over m      1.257249901  1.257249901   2.514499801   0.000000000
  px          1    0.002872200  0.002872200   0.005744400   0.000000000    90.0000    0.0000
  py          1    0.002872200  0.002872200   0.005744400   0.000000000    90.0000    0.0000
  pz          1    0.002875296  0.002875296   0.005750591   0.000000000    90.0000    0.0000
   sum over m      0.008619695  0.008619695   0.017239391   0.000000000
   sum over m+mul  1.265869596  1.265869596   2.531739192   0.000000000
  d3z^2-r^2   0    0.012097861  0.012097861   0.024195723   0.000000000    90.0000    0.0000
  dx^2-y^2    0    0.012097718  0.012097718   0.024195436   0.000000000    90.0000    0.0000
  dxy         0    0.026266992  0.026266992   0.052533983   0.000000000    90.0000    0.0000
  dxz         0    0.026266486  0.026266486   0.052532973   0.000000000    90.0000    0.0000
  dyz         0    0.026266486  0.026266486   0.052532973   0.000000000    90.0000    0.0000
   sum over m      0.102995543  0.102995543   0.205991087   0.000000000
   sum over m+mul  0.102995543  0.102995543   0.205991087   0.000000000

  129   Si          Up spin      Down spin     Sum           Diff           Angles(Deg)
            multiple
  s           0    0.630104908  0.630104908   1.260209815   0.000000000    90.0000    0.0000
   sum over m      0.630104908  0.630104908   1.260209815   0.000000000
  s           1    0.000984194  0.000984194   0.001968388   0.000000000    90.0000    0.0000
   sum over m      0.000984194  0.000984194   0.001968388   0.000000000
   sum over m+mul  0.631089102  0.631089102   1.262178203   0.000000000
  px          0    0.419064414  0.419064414   0.838128829   0.000000000    90.0000    0.0000
  py          0    0.419122236  0.419122236   0.838244471   0.000000000    90.0000    0.0000
  pz          0    0.419064417  0.419064417   0.838128834   0.000000000    90.0000    0.0000
   sum over m      1.257251067  1.257251067   2.514502134   0.000000000
  px          1    0.002873651  0.002873651   0.005747301   0.000000000    90.0000    0.0000
  py          1    0.002874512  0.002874512   0.005749024   0.000000000    90.0000    0.0000
  pz          1    0.002873651  0.002873651   0.005747302   0.000000000    90.0000    0.0000
   sum over m      0.008621814  0.008621814   0.017243627   0.000000000
   sum over m+mul  1.265872881  1.265872881   2.531745761   0.000000000
  d3z^2-r^2   0    0.012097701  0.012097701   0.024195402   0.000000000    90.0000    0.0000
  dx^2-y^2    0    0.012097813  0.012097813   0.024195626   0.000000000    90.0000    0.0000
  dxy         0    0.026266375  0.026266375   0.052532750   0.000000000    90.0000    0.0000
  dxz         0    0.026266839  0.026266839   0.052533678   0.000000000    90.0000    0.0000
  dyz         0    0.026266375  0.026266375   0.052532750   0.000000000    90.0000    0.0000
   sum over m      0.102995103  0.102995103   0.205990206   0.000000000
   sum over m+mul  0.102995103  0.102995103   0.205990206   0.000000000

  130   Si          Up spin      Down spin     Sum           Diff           Angles(Deg)
            multiple
  s           0    0.630153295  0.630153295   1.260306590   0.000000000    90.0000    0.0000
   sum over m      0.630153295  0.630153295   1.260306590   0.000000000
  s           1    0.001007610  0.001007610   0.002015220   0.000000000    90.0000    0.0000
   sum over m      0.001007610  0.001007610   0.002015220   0.000000000
   sum over m+mul  0.631160905  0.631160905   1.262321810   0.000000000
  px          0    0.419095504  0.419095504   0.838191009   0.000000000    90.0000    0.0000
  py          0    0.419095504  0.419095504   0.838191009   0.000000000    90.0000    0.0000
  pz          0    0.419095507  0.419095507   0.838191014   0.000000000    90.0000    0.0000
   sum over m      1.257286516  1.257286516   2.514573032   0.000000000
  px          1    0.002879989  0.002879989   0.005759977   0.000000000    90.0000    0.0000
  py          1    0.002879989  0.002879989   0.005759977   0.000000000    90.0000    0.0000
  pz          1    0.002879989  0.002879989   0.005759977   0.000000000    90.0000    0.0000
   sum over m      0.008639966  0.008639966   0.017279932   0.000000000
   sum over m+mul  1.265926482  1.265926482   2.531852963   0.000000000
  d3z^2-r^2   0    0.012097657  0.012097657   0.024195314   0.000000000    90.0000    0.0000
  dx^2-y^2    0    0.012097657  0.012097657   0.024195314   0.000000000    90.0000    0.0000
  dxy         0    0.026266326  0.026266326   0.052532651   0.000000000    90.0000    0.0000
  dxz         0    0.026266326  0.026266326   0.052532651   0.000000000    90.0000    0.0000
  dyz         0    0.026266326  0.026266326   0.052532651   0.000000000    90.0000    0.0000
   sum over m      0.102994291  0.102994291   0.205988582   0.000000000
   sum over m+mul  0.102994291  0.102994291   0.205988582   0.000000000

  131   Si          Up spin      Down spin     Sum           Diff           Angles(Deg)
            multiple
  s           0    0.630104907  0.630104907   1.260209814   0.000000000    90.0000    0.0000
   sum over m      0.630104907  0.630104907   1.260209814   0.000000000
  s           1    0.000984194  0.000984194   0.001968388   0.000000000    90.0000    0.0000
   sum over m      0.000984194  0.000984194   0.001968388   0.000000000
   sum over m+mul  0.631089101  0.631089101   1.262178202   0.000000000
  px          0    0.419064415  0.419064415   0.838128829   0.000000000    90.0000    0.0000
  py          0    0.419064415  0.419064415   0.838128829   0.000000000    90.0000    0.0000
  pz          0    0.419122237  0.419122237   0.838244474   0.000000000    90.0000    0.0000
   sum over m      1.257251066  1.257251066   2.514502132   0.000000000
  px          1    0.002873651  0.002873651   0.005747302   0.000000000    90.0000    0.0000
  py          1    0.002873651  0.002873651   0.005747302   0.000000000    90.0000    0.0000
  pz          1    0.002874512  0.002874512   0.005749024   0.000000000    90.0000    0.0000
   sum over m      0.008621814  0.008621814   0.017243628   0.000000000
   sum over m+mul  1.265872880  1.265872880   2.531745760   0.000000000
  d3z^2-r^2   0    0.012097870  0.012097870   0.024195739   0.000000000    90.0000    0.0000
  dx^2-y^2    0    0.012097645  0.012097645   0.024195290   0.000000000    90.0000    0.0000
  dxy         0    0.026266839  0.026266839   0.052533678   0.000000000    90.0000    0.0000
  dxz         0    0.026266375  0.026266375   0.052532750   0.000000000    90.0000    0.0000
  dyz         0    0.026266375  0.026266375   0.052532750   0.000000000    90.0000    0.0000
   sum over m      0.102995103  0.102995103   0.205990207   0.000000000
   sum over m+mul  0.102995103  0.102995103   0.205990207   0.000000000

  132   Si          Up spin      Down spin     Sum           Diff           Angles(Deg)
            multiple
  s           0    0.630104908  0.630104908   1.260209815   0.000000000    90.0000    0.0000
   sum over m      0.630104908  0.630104908   1.260209815   0.000000000
  s           1    0.000984194  0.000984194   0.001968388   0.000000000    90.0000    0.0000
   sum over m      0.000984194  0.000984194   0.001968388   0.000000000
   sum over m+mul  0.631089102  0.631089102   1.262178203   0.000000000
  px          0    0.419122236  0.419122236   0.838244471   0.000000000    90.0000    0.0000
  py          0    0.419064414  0.419064414   0.838128829   0.000000000    90.0000    0.0000
  pz          0    0.419064417  0.419064417   0.838128834   0.000000000    90.0000    0.0000
   sum over m      1.257251067  1.257251067   2.514502134   0.000000000
  px          1    0.002874512  0.002874512   0.005749024   0.000000000    90.0000    0.0000
  py          1    0.002873651  0.002873651   0.005747301   0.000000000    90.0000    0.0000
  pz          1    0.002873651  0.002873651   0.005747302   0.000000000    90.0000    0.0000
   sum over m      0.008621814  0.008621814   0.017243627   0.000000000
   sum over m+mul  1.265872881  1.265872881   2.531745761   0.000000000
  d3z^2-r^2   0    0.012097701  0.012097701   0.024195402   0.000000000    90.0000    0.0000
  dx^2-y^2    0    0.012097813  0.012097813   0.024195626   0.000000000    90.0000    0.0000
  dxy         0    0.026266375  0.026266375   0.052532750   0.000000000    90.0000    0.0000
  dxz         0    0.026266375  0.026266375   0.052532750   0.000000000    90.0000    0.0000
  dyz         0    0.026266839  0.026266839   0.052533678   0.000000000    90.0000    0.0000
   sum over m      0.102995103  0.102995103   0.205990206   0.000000000
   sum over m+mul  0.102995103  0.102995103   0.205990206   0.000000000

  133   Si          Up spin      Down spin     Sum           Diff           Angles(Deg)
            multiple
  s           0    0.630115635  0.630115635   1.260231270   0.000000000    90.0000    0.0000
   sum over m      0.630115635  0.630115635   1.260231270   0.000000000
  s           1    0.000987305  0.000987305   0.001974609   0.000000000    90.0000    0.0000
   sum over m      0.000987305  0.000987305   0.001974609   0.000000000
   sum over m+mul  0.631102940  0.631102940   1.262205880   0.000000000
  px          0    0.419105489  0.419105489   0.838210977   0.000000000    90.0000    0.0000
  py          0    0.419072204  0.419072204   0.838144408   0.000000000    90.0000    0.0000
  pz          0    0.419072207  0.419072207   0.838144413   0.000000000    90.0000    0.0000
   sum over m      1.257249899  1.257249899   2.514499798   0.000000000
  px          1    0.002875296  0.002875296   0.005750591   0.000000000    90.0000    0.0000
  py          1    0.002872200  0.002872200   0.005744400   0.000000000    90.0000    0.0000
  pz          1    0.002872200  0.002872200   0.005744400   0.000000000    90.0000    0.0000
   sum over m      0.008619696  0.008619696   0.017239391   0.000000000
   sum over m+mul  1.265869595  1.265869595   2.531739189   0.000000000
  d3z^2-r^2   0    0.012097754  0.012097754   0.024195508   0.000000000    90.0000    0.0000
  dx^2-y^2    0    0.012097825  0.012097825   0.024195651   0.000000000    90.0000    0.0000
  dxy         0    0.026266486  0.026266486   0.052532972   0.000000000    90.0000    0.0000
  dxz         0    0.026266486  0.026266486   0.052532973   0.000000000    90.0000    0.0000
  dyz         0    0.026266992  0.026266992   0.052533983   0.000000000    90.0000    0.0000
   sum over m      0.102995543  0.102995543   0.205991087   0.000000000
   sum over m+mul  0.102995543  0.102995543   0.205991087   0.000000000

  134   Si          Up spin      Down spin     Sum           Diff           Angles(Deg)
            multiple
  s           0    0.630104908  0.630104908   1.260209815   0.000000000    90.0000    0.0000
   sum over m      0.630104908  0.630104908   1.260209815   0.000000000
  s           1    0.000984194  0.000984194   0.001968388   0.000000000    90.0000    0.0000
   sum over m      0.000984194  0.000984194   0.001968388   0.000000000
   sum over m+mul  0.631089102  0.631089102   1.262178203   0.000000000
  px          0    0.419064414  0.419064414   0.838128829   0.000000000    90.0000    0.0000
  py          0    0.419122236  0.419122236   0.838244471   0.000000000    90.0000    0.0000
  pz          0    0.419064417  0.419064417   0.838128834   0.000000000    90.0000    0.0000
   sum over m      1.257251067  1.257251067   2.514502134   0.000000000
  px          1    0.002873651  0.002873651   0.005747301   0.000000000    90.0000    0.0000
  py          1    0.002874512  0.002874512   0.005749024   0.000000000    90.0000    0.0000
  pz          1    0.002873651  0.002873651   0.005747302   0.000000000    90.0000    0.0000
   sum over m      0.008621814  0.008621814   0.017243627   0.000000000
   sum over m+mul  1.265872881  1.265872881   2.531745761   0.000000000
  d3z^2-r^2   0    0.012097701  0.012097701   0.024195402   0.000000000    90.0000    0.0000
  dx^2-y^2    0    0.012097813  0.012097813   0.024195626   0.000000000    90.0000    0.0000
  dxy         0    0.026266375  0.026266375   0.052532750   0.000000000    90.0000    0.0000
  dxz         0    0.026266839  0.026266839   0.052533678   0.000000000    90.0000    0.0000
  dyz         0    0.026266375  0.026266375   0.052532750   0.000000000    90.0000    0.0000
   sum over m      0.102995103  0.102995103   0.205990206   0.000000000
   sum over m+mul  0.102995103  0.102995103   0.205990206   0.000000000

  135   Si          Up spin      Down spin     Sum           Diff           Angles(Deg)
            multiple
  s           0    0.630115635  0.630115635   1.260231270   0.000000000    90.0000    0.0000
   sum over m      0.630115635  0.630115635   1.260231270   0.000000000
  s           1    0.000987304  0.000987304   0.001974608   0.000000000    90.0000    0.0000
   sum over m      0.000987304  0.000987304   0.001974608   0.000000000
   sum over m+mul  0.631102939  0.631102939   1.262205879   0.000000000
  px          0    0.419072205  0.419072205   0.838144410   0.000000000    90.0000    0.0000
  py          0    0.419072205  0.419072205   0.838144410   0.000000000    90.0000    0.0000
  pz          0    0.419105491  0.419105491   0.838210981   0.000000000    90.0000    0.0000
   sum over m      1.257249901  1.257249901   2.514499801   0.000000000
  px          1    0.002872200  0.002872200   0.005744400   0.000000000    90.0000    0.0000
  py          1    0.002872200  0.002872200   0.005744400   0.000000000    90.0000    0.0000
  pz          1    0.002875296  0.002875296   0.005750591   0.000000000    90.0000    0.0000
   sum over m      0.008619695  0.008619695   0.017239391   0.000000000
   sum over m+mul  1.265869596  1.265869596   2.531739192   0.000000000
  d3z^2-r^2   0    0.012097861  0.012097861   0.024195723   0.000000000    90.0000    0.0000
  dx^2-y^2    0    0.012097718  0.012097718   0.024195436   0.000000000    90.0000    0.0000
  dxy         0    0.026266992  0.026266992   0.052533983   0.000000000    90.0000    0.0000
  dxz         0    0.026266486  0.026266486   0.052532973   0.000000000    90.0000    0.0000
  dyz         0    0.026266486  0.026266486   0.052532973   0.000000000    90.0000    0.0000
   sum over m      0.102995543  0.102995543   0.205991087   0.000000000
   sum over m+mul  0.102995543  0.102995543   0.205991087   0.000000000

  136   Si          Up spin      Down spin     Sum           Diff           Angles(Deg)
            multiple
  s           0    0.630156270  0.630156270   1.260312541   0.000000000    90.0000    0.0000
   sum over m      0.630156270  0.630156270   1.260312541   0.000000000
  s           1    0.001009129  0.001009129   0.002018257   0.000000000    90.0000    0.0000
   sum over m      0.001009129  0.001009129   0.002018257   0.000000000
   sum over m+mul  0.631165399  0.631165399   1.262330798   0.000000000
  px          0    0.419089901  0.419089901   0.838179801   0.000000000    90.0000    0.0000
  py          0    0.419089901  0.419089901   0.838179801   0.000000000    90.0000    0.0000
  pz          0    0.419089904  0.419089904   0.838179808   0.000000000    90.0000    0.0000
   sum over m      1.257269705  1.257269705   2.514539411   0.000000000
  px          1    0.002881573  0.002881573   0.005763147   0.000000000    90.0000    0.0000
  py          1    0.002881573  0.002881573   0.005763147   0.000000000    90.0000    0.0000
  pz          1    0.002881573  0.002881573   0.005763146   0.000000000    90.0000    0.0000
   sum over m      0.008644720  0.008644720   0.017289439   0.000000000
   sum over m+mul  1.265914425  1.265914425   2.531828850   0.000000000
  d3z^2-r^2   0    0.012097568  0.012097568   0.024195137   0.000000000    90.0000    0.0000
  dx^2-y^2    0    0.012097569  0.012097569   0.024195137   0.000000000    90.0000    0.0000
  dxy         0    0.026266300  0.026266300   0.052532599   0.000000000    90.0000    0.0000
  dxz         0    0.026266300  0.026266300   0.052532599   0.000000000    90.0000    0.0000
  dyz         0    0.026266300  0.026266300   0.052532599   0.000000000    90.0000    0.0000
   sum over m      0.102994036  0.102994036   0.205988072   0.000000000
   sum over m+mul  0.102994036  0.102994036   0.205988072   0.000000000

  137   Si          Up spin      Down spin     Sum           Diff           Angles(Deg)
            multiple
  s           0    0.630115635  0.630115635   1.260231270   0.000000000    90.0000    0.0000
   sum over m      0.630115635  0.630115635   1.260231270   0.000000000
  s           1    0.000987305  0.000987305   0.001974609   0.000000000    90.0000    0.0000
   sum over m      0.000987305  0.000987305   0.001974609   0.000000000
   sum over m+mul  0.631102940  0.631102940   1.262205880   0.000000000
  px          0    0.419105489  0.419105489   0.838210977   0.000000000    90.0000    0.0000
  py          0    0.419072204  0.419072204   0.838144408   0.000000000    90.0000    0.0000
  pz          0    0.419072207  0.419072207   0.838144413   0.000000000    90.0000    0.0000
   sum over m      1.257249899  1.257249899   2.514499798   0.000000000
  px          1    0.002875296  0.002875296   0.005750591   0.000000000    90.0000    0.0000
  py          1    0.002872200  0.002872200   0.005744400   0.000000000    90.0000    0.0000
  pz          1    0.002872200  0.002872200   0.005744400   0.000000000    90.0000    0.0000
   sum over m      0.008619696  0.008619696   0.017239391   0.000000000
   sum over m+mul  1.265869595  1.265869595   2.531739189   0.000000000
  d3z^2-r^2   0    0.012097754  0.012097754   0.024195508   0.000000000    90.0000    0.0000
  dx^2-y^2    0    0.012097825  0.012097825   0.024195651   0.000000000    90.0000    0.0000
  dxy         0    0.026266486  0.026266486   0.052532972   0.000000000    90.0000    0.0000
  dxz         0    0.026266486  0.026266486   0.052532973   0.000000000    90.0000    0.0000
  dyz         0    0.026266992  0.026266992   0.052533983   0.000000000    90.0000    0.0000
   sum over m      0.102995543  0.102995543   0.205991087   0.000000000
   sum over m+mul  0.102995543  0.102995543   0.205991087   0.000000000

  138   Si          Up spin      Down spin     Sum           Diff           Angles(Deg)
            multiple
  s           0    0.630115635  0.630115635   1.260231270   0.000000000    90.0000    0.0000
   sum over m      0.630115635  0.630115635   1.260231270   0.000000000
  s           1    0.000987304  0.000987304   0.001974608   0.000000000    90.0000    0.0000
   sum over m      0.000987304  0.000987304   0.001974608   0.000000000
   sum over m+mul  0.631102939  0.631102939   1.262205879   0.000000000
  px          0    0.419072205  0.419072205   0.838144410   0.000000000    90.0000    0.0000
  py          0    0.419072205  0.419072205   0.838144410   0.000000000    90.0000    0.0000
  pz          0    0.419105491  0.419105491   0.838210981   0.000000000    90.0000    0.0000
   sum over m      1.257249901  1.257249901   2.514499801   0.000000000
  px          1    0.002872200  0.002872200   0.005744400   0.000000000    90.0000    0.0000
  py          1    0.002872200  0.002872200   0.005744400   0.000000000    90.0000    0.0000
  pz          1    0.002875296  0.002875296   0.005750591   0.000000000    90.0000    0.0000
   sum over m      0.008619695  0.008619695   0.017239391   0.000000000
   sum over m+mul  1.265869596  1.265869596   2.531739192   0.000000000
  d3z^2-r^2   0    0.012097861  0.012097861   0.024195723   0.000000000    90.0000    0.0000
  dx^2-y^2    0    0.012097718  0.012097718   0.024195436   0.000000000    90.0000    0.0000
  dxy         0    0.026266992  0.026266992   0.052533983   0.000000000    90.0000    0.0000
  dxz         0    0.026266486  0.026266486   0.052532973   0.000000000    90.0000    0.0000
  dyz         0    0.026266486  0.026266486   0.052532973   0.000000000    90.0000    0.0000
   sum over m      0.102995543  0.102995543   0.205991087   0.000000000
   sum over m+mul  0.102995543  0.102995543   0.205991087   0.000000000

  139   Si          Up spin      Down spin     Sum           Diff           Angles(Deg)
            multiple
  s           0    0.630165536  0.630165536   1.260331072   0.000000000    90.0000    0.0000
   sum over m      0.630165536  0.630165536   1.260331072   0.000000000
  s           1    0.001005682  0.001005682   0.002011364   0.000000000    90.0000    0.0000
   sum over m      0.001005682  0.001005682   0.002011364   0.000000000
   sum over m+mul  0.631171218  0.631171218   1.262342436   0.000000000
  px          0    0.419068739  0.419068739   0.838137479   0.000000000    90.0000    0.0000
  py          0    0.419068739  0.419068739   0.838137479   0.000000000    90.0000    0.0000
  pz          0    0.419068743  0.419068743   0.838137486   0.000000000    90.0000    0.0000
   sum over m      1.257206221  1.257206221   2.514412443   0.000000000
  px          1    0.002882554  0.002882554   0.005765109   0.000000000    90.0000    0.0000
  py          1    0.002882554  0.002882554   0.005765109   0.000000000    90.0000    0.0000
  pz          1    0.002882555  0.002882555   0.005765109   0.000000000    90.0000    0.0000
   sum over m      0.008647663  0.008647663   0.017295327   0.000000000
   sum over m+mul  1.265853885  1.265853885   2.531707770   0.000000000
  d3z^2-r^2   0    0.012097730  0.012097730   0.024195459   0.000000000    90.0000    0.0000
  dx^2-y^2    0    0.012097729  0.012097729   0.024195459   0.000000000    90.0000    0.0000
  dxy         0    0.026265946  0.026265946   0.052531892   0.000000000    90.0000    0.0000
  dxz         0    0.026265946  0.026265946   0.052531892   0.000000000    90.0000    0.0000
  dyz         0    0.026265946  0.026265946   0.052531892   0.000000000    90.0000    0.0000
   sum over m      0.102993297  0.102993297   0.205986594   0.000000000
   sum over m+mul  0.102993297  0.102993297   0.205986594   0.000000000

  140   Si          Up spin      Down spin     Sum           Diff           Angles(Deg)
            multiple
  s           0    0.630115635  0.630115635   1.260231270   0.000000000    90.0000    0.0000
   sum over m      0.630115635  0.630115635   1.260231270   0.000000000
  s           1    0.000987305  0.000987305   0.001974609   0.000000000    90.0000    0.0000
   sum over m      0.000987305  0.000987305   0.001974609   0.000000000
   sum over m+mul  0.631102940  0.631102940   1.262205880   0.000000000
  px          0    0.419072204  0.419072204   0.838144408   0.000000000    90.0000    0.0000
  py          0    0.419105489  0.419105489   0.838210977   0.000000000    90.0000    0.0000
  pz          0    0.419072207  0.419072207   0.838144413   0.000000000    90.0000    0.0000
   sum over m      1.257249899  1.257249899   2.514499798   0.000000000
  px          1    0.002872200  0.002872200   0.005744400   0.000000000    90.0000    0.0000
  py          1    0.002875296  0.002875296   0.005750591   0.000000000    90.0000    0.0000
  pz          1    0.002872200  0.002872200   0.005744400   0.000000000    90.0000    0.0000
   sum over m      0.008619696  0.008619696   0.017239391   0.000000000
   sum over m+mul  1.265869595  1.265869595   2.531739189   0.000000000
  d3z^2-r^2   0    0.012097754  0.012097754   0.024195508   0.000000000    90.0000    0.0000
  dx^2-y^2    0    0.012097825  0.012097825   0.024195651   0.000000000    90.0000    0.0000
  dxy         0    0.026266486  0.026266486   0.052532972   0.000000000    90.0000    0.0000
  dxz         0    0.026266992  0.026266992   0.052533983   0.000000000    90.0000    0.0000
  dyz         0    0.026266486  0.026266486   0.052532973   0.000000000    90.0000    0.0000
   sum over m      0.102995543  0.102995543   0.205991087   0.000000000
   sum over m+mul  0.102995543  0.102995543   0.205991087   0.000000000

  141   Si          Up spin      Down spin     Sum           Diff           Angles(Deg)
            multiple
  s           0    0.630115635  0.630115635   1.260231270   0.000000000    90.0000    0.0000
   sum over m      0.630115635  0.630115635   1.260231270   0.000000000
  s           1    0.000987305  0.000987305   0.001974609   0.000000000    90.0000    0.0000
   sum over m      0.000987305  0.000987305   0.001974609   0.000000000
   sum over m+mul  0.631102940  0.631102940   1.262205880   0.000000000
  px          0    0.419105489  0.419105489   0.838210977   0.000000000    90.0000    0.0000
  py          0    0.419072204  0.419072204   0.838144408   0.000000000    90.0000    0.0000
  pz          0    0.419072207  0.419072207   0.838144413   0.000000000    90.0000    0.0000
   sum over m      1.257249899  1.257249899   2.514499798   0.000000000
  px          1    0.002875296  0.002875296   0.005750591   0.000000000    90.0000    0.0000
  py          1    0.002872200  0.002872200   0.005744400   0.000000000    90.0000    0.0000
  pz          1    0.002872200  0.002872200   0.005744400   0.000000000    90.0000    0.0000
   sum over m      0.008619696  0.008619696   0.017239391   0.000000000
   sum over m+mul  1.265869595  1.265869595   2.531739189   0.000000000
  d3z^2-r^2   0    0.012097754  0.012097754   0.024195508   0.000000000    90.0000    0.0000
  dx^2-y^2    0    0.012097825  0.012097825   0.024195651   0.000000000    90.0000    0.0000
  dxy         0    0.026266486  0.026266486   0.052532972   0.000000000    90.0000    0.0000
  dxz         0    0.026266486  0.026266486   0.052532973   0.000000000    90.0000    0.0000
  dyz         0    0.026266992  0.026266992   0.052533983   0.000000000    90.0000    0.0000
   sum over m      0.102995543  0.102995543   0.205991087   0.000000000
   sum over m+mul  0.102995543  0.102995543   0.205991087   0.000000000

  142   Si          Up spin      Down spin     Sum           Diff           Angles(Deg)
            multiple
  s           0    0.630115635  0.630115635   1.260231270   0.000000000    90.0000    0.0000
   sum over m      0.630115635  0.630115635   1.260231270   0.000000000
  s           1    0.000987305  0.000987305   0.001974609   0.000000000    90.0000    0.0000
   sum over m      0.000987305  0.000987305   0.001974609   0.000000000
   sum over m+mul  0.631102940  0.631102940   1.262205880   0.000000000
  px          0    0.419105489  0.419105489   0.838210977   0.000000000    90.0000    0.0000
  py          0    0.419072204  0.419072204   0.838144408   0.000000000    90.0000    0.0000
  pz          0    0.419072207  0.419072207   0.838144413   0.000000000    90.0000    0.0000
   sum over m      1.257249899  1.257249899   2.514499798   0.000000000
  px          1    0.002875296  0.002875296   0.005750591   0.000000000    90.0000    0.0000
  py          1    0.002872200  0.002872200   0.005744400   0.000000000    90.0000    0.0000
  pz          1    0.002872200  0.002872200   0.005744400   0.000000000    90.0000    0.0000
   sum over m      0.008619696  0.008619696   0.017239391   0.000000000
   sum over m+mul  1.265869595  1.265869595   2.531739189   0.000000000
  d3z^2-r^2   0    0.012097754  0.012097754   0.024195508   0.000000000    90.0000    0.0000
  dx^2-y^2    0    0.012097825  0.012097825   0.024195651   0.000000000    90.0000    0.0000
  dxy         0    0.026266486  0.026266486   0.052532972   0.000000000    90.0000    0.0000
  dxz         0    0.026266486  0.026266486   0.052532973   0.000000000    90.0000    0.0000
  dyz         0    0.026266992  0.026266992   0.052533983   0.000000000    90.0000    0.0000
   sum over m      0.102995543  0.102995543   0.205991087   0.000000000
   sum over m+mul  0.102995543  0.102995543   0.205991087   0.000000000

  143   Si          Up spin      Down spin     Sum           Diff           Angles(Deg)
            multiple
  s           0    0.630153295  0.630153295   1.260306590   0.000000000    90.0000    0.0000
   sum over m      0.630153295  0.630153295   1.260306590   0.000000000
  s           1    0.001007610  0.001007610   0.002015220   0.000000000    90.0000    0.0000
   sum over m      0.001007610  0.001007610   0.002015220   0.000000000
   sum over m+mul  0.631160905  0.631160905   1.262321810   0.000000000
  px          0    0.419095504  0.419095504   0.838191009   0.000000000    90.0000    0.0000
  py          0    0.419095504  0.419095504   0.838191009   0.000000000    90.0000    0.0000
  pz          0    0.419095507  0.419095507   0.838191014   0.000000000    90.0000    0.0000
   sum over m      1.257286516  1.257286516   2.514573032   0.000000000
  px          1    0.002879989  0.002879989   0.005759977   0.000000000    90.0000    0.0000
  py          1    0.002879989  0.002879989   0.005759977   0.000000000    90.0000    0.0000
  pz          1    0.002879989  0.002879989   0.005759977   0.000000000    90.0000    0.0000
   sum over m      0.008639966  0.008639966   0.017279932   0.000000000
   sum over m+mul  1.265926482  1.265926482   2.531852963   0.000000000
  d3z^2-r^2   0    0.012097657  0.012097657   0.024195314   0.000000000    90.0000    0.0000
  dx^2-y^2    0    0.012097657  0.012097657   0.024195314   0.000000000    90.0000    0.0000
  dxy         0    0.026266326  0.026266326   0.052532651   0.000000000    90.0000    0.0000
  dxz         0    0.026266326  0.026266326   0.052532651   0.000000000    90.0000    0.0000
  dyz         0    0.026266326  0.026266326   0.052532651   0.000000000    90.0000    0.0000
   sum over m      0.102994291  0.102994291   0.205988582   0.000000000
   sum over m+mul  0.102994291  0.102994291   0.205988582   0.000000000

  144   Si          Up spin      Down spin     Sum           Diff           Angles(Deg)
            multiple
  s           0    0.630153295  0.630153295   1.260306590   0.000000000    90.0000    0.0000
   sum over m      0.630153295  0.630153295   1.260306590   0.000000000
  s           1    0.001007610  0.001007610   0.002015220   0.000000000    90.0000    0.0000
   sum over m      0.001007610  0.001007610   0.002015220   0.000000000
   sum over m+mul  0.631160905  0.631160905   1.262321810   0.000000000
  px          0    0.419095504  0.419095504   0.838191009   0.000000000    90.0000    0.0000
  py          0    0.419095504  0.419095504   0.838191009   0.000000000    90.0000    0.0000
  pz          0    0.419095507  0.419095507   0.838191014   0.000000000    90.0000    0.0000
   sum over m      1.257286516  1.257286516   2.514573032   0.000000000
  px          1    0.002879989  0.002879989   0.005759977   0.000000000    90.0000    0.0000
  py          1    0.002879989  0.002879989   0.005759977   0.000000000    90.0000    0.0000
  pz          1    0.002879989  0.002879989   0.005759977   0.000000000    90.0000    0.0000
   sum over m      0.008639966  0.008639966   0.017279932   0.000000000
   sum over m+mul  1.265926482  1.265926482   2.531852963   0.000000000
  d3z^2-r^2   0    0.012097657  0.012097657   0.024195314   0.000000000    90.0000    0.0000
  dx^2-y^2    0    0.012097657  0.012097657   0.024195314   0.000000000    90.0000    0.0000
  dxy         0    0.026266326  0.026266326   0.052532651   0.000000000    90.0000    0.0000
  dxz         0    0.026266326  0.026266326   0.052532651   0.000000000    90.0000    0.0000
  dyz         0    0.026266326  0.026266326   0.052532651   0.000000000    90.0000    0.0000
   sum over m      0.102994291  0.102994291   0.205988582   0.000000000
   sum over m+mul  0.102994291  0.102994291   0.205988582   0.000000000

  145   Si          Up spin      Down spin     Sum           Diff           Angles(Deg)
            multiple
  s           0    0.630153295  0.630153295   1.260306590   0.000000000    90.0000    0.0000
   sum over m      0.630153295  0.630153295   1.260306590   0.000000000
  s           1    0.001007610  0.001007610   0.002015220   0.000000000    90.0000    0.0000
   sum over m      0.001007610  0.001007610   0.002015220   0.000000000
   sum over m+mul  0.631160905  0.631160905   1.262321810   0.000000000
  px          0    0.419095504  0.419095504   0.838191009   0.000000000    90.0000    0.0000
  py          0    0.419095504  0.419095504   0.838191009   0.000000000    90.0000    0.0000
  pz          0    0.419095507  0.419095507   0.838191014   0.000000000    90.0000    0.0000
   sum over m      1.257286516  1.257286516   2.514573032   0.000000000
  px          1    0.002879989  0.002879989   0.005759977   0.000000000    90.0000    0.0000
  py          1    0.002879989  0.002879989   0.005759977   0.000000000    90.0000    0.0000
  pz          1    0.002879989  0.002879989   0.005759977   0.000000000    90.0000    0.0000
   sum over m      0.008639966  0.008639966   0.017279932   0.000000000
   sum over m+mul  1.265926482  1.265926482   2.531852963   0.000000000
  d3z^2-r^2   0    0.012097657  0.012097657   0.024195314   0.000000000    90.0000    0.0000
  dx^2-y^2    0    0.012097657  0.012097657   0.024195314   0.000000000    90.0000    0.0000
  dxy         0    0.026266326  0.026266326   0.052532651   0.000000000    90.0000    0.0000
  dxz         0    0.026266326  0.026266326   0.052532651   0.000000000    90.0000    0.0000
  dyz         0    0.026266326  0.026266326   0.052532651   0.000000000    90.0000    0.0000
   sum over m      0.102994291  0.102994291   0.205988582   0.000000000
   sum over m+mul  0.102994291  0.102994291   0.205988582   0.000000000

  146   Si          Up spin      Down spin     Sum           Diff           Angles(Deg)
            multiple
  s           0    0.630115635  0.630115635   1.260231270   0.000000000    90.0000    0.0000
   sum over m      0.630115635  0.630115635   1.260231270   0.000000000
  s           1    0.000987305  0.000987305   0.001974609   0.000000000    90.0000    0.0000
   sum over m      0.000987305  0.000987305   0.001974609   0.000000000
   sum over m+mul  0.631102940  0.631102940   1.262205880   0.000000000
  px          0    0.419105489  0.419105489   0.838210977   0.000000000    90.0000    0.0000
  py          0    0.419072204  0.419072204   0.838144408   0.000000000    90.0000    0.0000
  pz          0    0.419072207  0.419072207   0.838144413   0.000000000    90.0000    0.0000
   sum over m      1.257249899  1.257249899   2.514499798   0.000000000
  px          1    0.002875296  0.002875296   0.005750591   0.000000000    90.0000    0.0000
  py          1    0.002872200  0.002872200   0.005744400   0.000000000    90.0000    0.0000
  pz          1    0.002872200  0.002872200   0.005744400   0.000000000    90.0000    0.0000
   sum over m      0.008619696  0.008619696   0.017239391   0.000000000
   sum over m+mul  1.265869595  1.265869595   2.531739189   0.000000000
  d3z^2-r^2   0    0.012097754  0.012097754   0.024195508   0.000000000    90.0000    0.0000
  dx^2-y^2    0    0.012097825  0.012097825   0.024195651   0.000000000    90.0000    0.0000
  dxy         0    0.026266486  0.026266486   0.052532972   0.000000000    90.0000    0.0000
  dxz         0    0.026266486  0.026266486   0.052532973   0.000000000    90.0000    0.0000
  dyz         0    0.026266992  0.026266992   0.052533983   0.000000000    90.0000    0.0000
   sum over m      0.102995543  0.102995543   0.205991087   0.000000000
   sum over m+mul  0.102995543  0.102995543   0.205991087   0.000000000

  147   Si          Up spin      Down spin     Sum           Diff           Angles(Deg)
            multiple
  s           0    0.630153295  0.630153295   1.260306590   0.000000000    90.0000    0.0000
   sum over m      0.630153295  0.630153295   1.260306590   0.000000000
  s           1    0.001007610  0.001007610   0.002015220   0.000000000    90.0000    0.0000
   sum over m      0.001007610  0.001007610   0.002015220   0.000000000
   sum over m+mul  0.631160905  0.631160905   1.262321810   0.000000000
  px          0    0.419095504  0.419095504   0.838191009   0.000000000    90.0000    0.0000
  py          0    0.419095504  0.419095504   0.838191009   0.000000000    90.0000    0.0000
  pz          0    0.419095507  0.419095507   0.838191014   0.000000000    90.0000    0.0000
   sum over m      1.257286516  1.257286516   2.514573032   0.000000000
  px          1    0.002879989  0.002879989   0.005759977   0.000000000    90.0000    0.0000
  py          1    0.002879989  0.002879989   0.005759977   0.000000000    90.0000    0.0000
  pz          1    0.002879989  0.002879989   0.005759977   0.000000000    90.0000    0.0000
   sum over m      0.008639966  0.008639966   0.017279932   0.000000000
   sum over m+mul  1.265926482  1.265926482   2.531852963   0.000000000
  d3z^2-r^2   0    0.012097657  0.012097657   0.024195314   0.000000000    90.0000    0.0000
  dx^2-y^2    0    0.012097657  0.012097657   0.024195314   0.000000000    90.0000    0.0000
  dxy         0    0.026266326  0.026266326   0.052532651   0.000000000    90.0000    0.0000
  dxz         0    0.026266326  0.026266326   0.052532651   0.000000000    90.0000    0.0000
  dyz         0    0.026266326  0.026266326   0.052532651   0.000000000    90.0000    0.0000
   sum over m      0.102994291  0.102994291   0.205988582   0.000000000
   sum over m+mul  0.102994291  0.102994291   0.205988582   0.000000000

  148   Si          Up spin      Down spin     Sum           Diff           Angles(Deg)
            multiple
  s           0    0.630115635  0.630115635   1.260231270   0.000000000    90.0000    0.0000
   sum over m      0.630115635  0.630115635   1.260231270   0.000000000
  s           1    0.000987305  0.000987305   0.001974609   0.000000000    90.0000    0.0000
   sum over m      0.000987305  0.000987305   0.001974609   0.000000000
   sum over m+mul  0.631102940  0.631102940   1.262205880   0.000000000
  px          0    0.419105489  0.419105489   0.838210977   0.000000000    90.0000    0.0000
  py          0    0.419072204  0.419072204   0.838144408   0.000000000    90.0000    0.0000
  pz          0    0.419072207  0.419072207   0.838144413   0.000000000    90.0000    0.0000
   sum over m      1.257249899  1.257249899   2.514499798   0.000000000
  px          1    0.002875296  0.002875296   0.005750591   0.000000000    90.0000    0.0000
  py          1    0.002872200  0.002872200   0.005744400   0.000000000    90.0000    0.0000
  pz          1    0.002872200  0.002872200   0.005744400   0.000000000    90.0000    0.0000
   sum over m      0.008619696  0.008619696   0.017239391   0.000000000
   sum over m+mul  1.265869595  1.265869595   2.531739189   0.000000000
  d3z^2-r^2   0    0.012097754  0.012097754   0.024195508   0.000000000    90.0000    0.0000
  dx^2-y^2    0    0.012097825  0.012097825   0.024195651   0.000000000    90.0000    0.0000
  dxy         0    0.026266486  0.026266486   0.052532972   0.000000000    90.0000    0.0000
  dxz         0    0.026266486  0.026266486   0.052532973   0.000000000    90.0000    0.0000
  dyz         0    0.026266992  0.026266992   0.052533983   0.000000000    90.0000    0.0000
   sum over m      0.102995543  0.102995543   0.205991087   0.000000000
   sum over m+mul  0.102995543  0.102995543   0.205991087   0.000000000

  149   Si          Up spin      Down spin     Sum           Diff           Angles(Deg)
            multiple
  s           0    0.630104908  0.630104908   1.260209815   0.000000000    90.0000    0.0000
   sum over m      0.630104908  0.630104908   1.260209815   0.000000000
  s           1    0.000984194  0.000984194   0.001968388   0.000000000    90.0000    0.0000
   sum over m      0.000984194  0.000984194   0.001968388   0.000000000
   sum over m+mul  0.631089102  0.631089102   1.262178203   0.000000000
  px          0    0.419122236  0.419122236   0.838244471   0.000000000    90.0000    0.0000
  py          0    0.419064414  0.419064414   0.838128829   0.000000000    90.0000    0.0000
  pz          0    0.419064417  0.419064417   0.838128834   0.000000000    90.0000    0.0000
   sum over m      1.257251067  1.257251067   2.514502134   0.000000000
  px          1    0.002874512  0.002874512   0.005749024   0.000000000    90.0000    0.0000
  py          1    0.002873651  0.002873651   0.005747301   0.000000000    90.0000    0.0000
  pz          1    0.002873651  0.002873651   0.005747302   0.000000000    90.0000    0.0000
   sum over m      0.008621814  0.008621814   0.017243627   0.000000000
   sum over m+mul  1.265872881  1.265872881   2.531745761   0.000000000
  d3z^2-r^2   0    0.012097701  0.012097701   0.024195402   0.000000000    90.0000    0.0000
  dx^2-y^2    0    0.012097813  0.012097813   0.024195626   0.000000000    90.0000    0.0000
  dxy         0    0.026266375  0.026266375   0.052532750   0.000000000    90.0000    0.0000
  dxz         0    0.026266375  0.026266375   0.052532750   0.000000000    90.0000    0.0000
  dyz         0    0.026266839  0.026266839   0.052533678   0.000000000    90.0000    0.0000
   sum over m      0.102995103  0.102995103   0.205990206   0.000000000
   sum over m+mul  0.102995103  0.102995103   0.205990206   0.000000000

  150   Si          Up spin      Down spin     Sum           Diff           Angles(Deg)
            multiple
  s           0    0.630156270  0.630156270   1.260312541   0.000000000    90.0000    0.0000
   sum over m      0.630156270  0.630156270   1.260312541   0.000000000
  s           1    0.001009129  0.001009129   0.002018257   0.000000000    90.0000    0.0000
   sum over m      0.001009129  0.001009129   0.002018257   0.000000000
   sum over m+mul  0.631165399  0.631165399   1.262330798   0.000000000
  px          0    0.419089901  0.419089901   0.838179801   0.000000000    90.0000    0.0000
  py          0    0.419089901  0.419089901   0.838179801   0.000000000    90.0000    0.0000
  pz          0    0.419089904  0.419089904   0.838179808   0.000000000    90.0000    0.0000
   sum over m      1.257269705  1.257269705   2.514539411   0.000000000
  px          1    0.002881573  0.002881573   0.005763147   0.000000000    90.0000    0.0000
  py          1    0.002881573  0.002881573   0.005763147   0.000000000    90.0000    0.0000
  pz          1    0.002881573  0.002881573   0.005763146   0.000000000    90.0000    0.0000
   sum over m      0.008644720  0.008644720   0.017289439   0.000000000
   sum over m+mul  1.265914425  1.265914425   2.531828850   0.000000000
  d3z^2-r^2   0    0.012097568  0.012097568   0.024195137   0.000000000    90.0000    0.0000
  dx^2-y^2    0    0.012097569  0.012097569   0.024195137   0.000000000    90.0000    0.0000
  dxy         0    0.026266300  0.026266300   0.052532599   0.000000000    90.0000    0.0000
  dxz         0    0.026266300  0.026266300   0.052532599   0.000000000    90.0000    0.0000
  dyz         0    0.026266300  0.026266300   0.052532599   0.000000000    90.0000    0.0000
   sum over m      0.102994036  0.102994036   0.205988072   0.000000000
   sum over m+mul  0.102994036  0.102994036   0.205988072   0.000000000

  151   Si          Up spin      Down spin     Sum           Diff           Angles(Deg)
            multiple
  s           0    0.630115635  0.630115635   1.260231270   0.000000000    90.0000    0.0000
   sum over m      0.630115635  0.630115635   1.260231270   0.000000000
  s           1    0.000987305  0.000987305   0.001974609   0.000000000    90.0000    0.0000
   sum over m      0.000987305  0.000987305   0.001974609   0.000000000
   sum over m+mul  0.631102940  0.631102940   1.262205880   0.000000000
  px          0    0.419072204  0.419072204   0.838144408   0.000000000    90.0000    0.0000
  py          0    0.419105489  0.419105489   0.838210977   0.000000000    90.0000    0.0000
  pz          0    0.419072207  0.419072207   0.838144413   0.000000000    90.0000    0.0000
   sum over m      1.257249899  1.257249899   2.514499798   0.000000000
  px          1    0.002872200  0.002872200   0.005744400   0.000000000    90.0000    0.0000
  py          1    0.002875296  0.002875296   0.005750591   0.000000000    90.0000    0.0000
  pz          1    0.002872200  0.002872200   0.005744400   0.000000000    90.0000    0.0000
   sum over m      0.008619696  0.008619696   0.017239391   0.000000000
   sum over m+mul  1.265869595  1.265869595   2.531739189   0.000000000
  d3z^2-r^2   0    0.012097754  0.012097754   0.024195508   0.000000000    90.0000    0.0000
  dx^2-y^2    0    0.012097825  0.012097825   0.024195651   0.000000000    90.0000    0.0000
  dxy         0    0.026266486  0.026266486   0.052532972   0.000000000    90.0000    0.0000
  dxz         0    0.026266992  0.026266992   0.052533983   0.000000000    90.0000    0.0000
  dyz         0    0.026266486  0.026266486   0.052532973   0.000000000    90.0000    0.0000
   sum over m      0.102995543  0.102995543   0.205991087   0.000000000
   sum over m+mul  0.102995543  0.102995543   0.205991087   0.000000000

  152   Si          Up spin      Down spin     Sum           Diff           Angles(Deg)
            multiple
  s           0    0.630115635  0.630115635   1.260231270   0.000000000    90.0000    0.0000
   sum over m      0.630115635  0.630115635   1.260231270   0.000000000
  s           1    0.000987304  0.000987304   0.001974608   0.000000000    90.0000    0.0000
   sum over m      0.000987304  0.000987304   0.001974608   0.000000000
   sum over m+mul  0.631102939  0.631102939   1.262205879   0.000000000
  px          0    0.419072205  0.419072205   0.838144410   0.000000000    90.0000    0.0000
  py          0    0.419072205  0.419072205   0.838144410   0.000000000    90.0000    0.0000
  pz          0    0.419105491  0.419105491   0.838210981   0.000000000    90.0000    0.0000
   sum over m      1.257249901  1.257249901   2.514499801   0.000000000
  px          1    0.002872200  0.002872200   0.005744400   0.000000000    90.0000    0.0000
  py          1    0.002872200  0.002872200   0.005744400   0.000000000    90.0000    0.0000
  pz          1    0.002875296  0.002875296   0.005750591   0.000000000    90.0000    0.0000
   sum over m      0.008619695  0.008619695   0.017239391   0.000000000
   sum over m+mul  1.265869596  1.265869596   2.531739192   0.000000000
  d3z^2-r^2   0    0.012097861  0.012097861   0.024195723   0.000000000    90.0000    0.0000
  dx^2-y^2    0    0.012097718  0.012097718   0.024195436   0.000000000    90.0000    0.0000
  dxy         0    0.026266992  0.026266992   0.052533983   0.000000000    90.0000    0.0000
  dxz         0    0.026266486  0.026266486   0.052532973   0.000000000    90.0000    0.0000
  dyz         0    0.026266486  0.026266486   0.052532973   0.000000000    90.0000    0.0000
   sum over m      0.102995543  0.102995543   0.205991087   0.000000000
   sum over m+mul  0.102995543  0.102995543   0.205991087   0.000000000

  153   Si          Up spin      Down spin     Sum           Diff           Angles(Deg)
            multiple
  s           0    0.630115635  0.630115635   1.260231270   0.000000000    90.0000    0.0000
   sum over m      0.630115635  0.630115635   1.260231270   0.000000000
  s           1    0.000987304  0.000987304   0.001974608   0.000000000    90.0000    0.0000
   sum over m      0.000987304  0.000987304   0.001974608   0.000000000
   sum over m+mul  0.631102939  0.631102939   1.262205879   0.000000000
  px          0    0.419072205  0.419072205   0.838144410   0.000000000    90.0000    0.0000
  py          0    0.419072205  0.419072205   0.838144410   0.000000000    90.0000    0.0000
  pz          0    0.419105491  0.419105491   0.838210981   0.000000000    90.0000    0.0000
   sum over m      1.257249901  1.257249901   2.514499801   0.000000000
  px          1    0.002872200  0.002872200   0.005744400   0.000000000    90.0000    0.0000
  py          1    0.002872200  0.002872200   0.005744400   0.000000000    90.0000    0.0000
  pz          1    0.002875296  0.002875296   0.005750591   0.000000000    90.0000    0.0000
   sum over m      0.008619695  0.008619695   0.017239391   0.000000000
   sum over m+mul  1.265869596  1.265869596   2.531739192   0.000000000
  d3z^2-r^2   0    0.012097861  0.012097861   0.024195723   0.000000000    90.0000    0.0000
  dx^2-y^2    0    0.012097718  0.012097718   0.024195436   0.000000000    90.0000    0.0000
  dxy         0    0.026266992  0.026266992   0.052533983   0.000000000    90.0000    0.0000
  dxz         0    0.026266486  0.026266486   0.052532973   0.000000000    90.0000    0.0000
  dyz         0    0.026266486  0.026266486   0.052532973   0.000000000    90.0000    0.0000
   sum over m      0.102995543  0.102995543   0.205991087   0.000000000
   sum over m+mul  0.102995543  0.102995543   0.205991087   0.000000000

  154   Si          Up spin      Down spin     Sum           Diff           Angles(Deg)
            multiple
  s           0    0.630115635  0.630115635   1.260231270   0.000000000    90.0000    0.0000
   sum over m      0.630115635  0.630115635   1.260231270   0.000000000
  s           1    0.000987305  0.000987305   0.001974609   0.000000000    90.0000    0.0000
   sum over m      0.000987305  0.000987305   0.001974609   0.000000000
   sum over m+mul  0.631102940  0.631102940   1.262205880   0.000000000
  px          0    0.419105489  0.419105489   0.838210977   0.000000000    90.0000    0.0000
  py          0    0.419072204  0.419072204   0.838144408   0.000000000    90.0000    0.0000
  pz          0    0.419072207  0.419072207   0.838144413   0.000000000    90.0000    0.0000
   sum over m      1.257249899  1.257249899   2.514499798   0.000000000
  px          1    0.002875296  0.002875296   0.005750591   0.000000000    90.0000    0.0000
  py          1    0.002872200  0.002872200   0.005744400   0.000000000    90.0000    0.0000
  pz          1    0.002872200  0.002872200   0.005744400   0.000000000    90.0000    0.0000
   sum over m      0.008619696  0.008619696   0.017239391   0.000000000
   sum over m+mul  1.265869595  1.265869595   2.531739189   0.000000000
  d3z^2-r^2   0    0.012097754  0.012097754   0.024195508   0.000000000    90.0000    0.0000
  dx^2-y^2    0    0.012097825  0.012097825   0.024195651   0.000000000    90.0000    0.0000
  dxy         0    0.026266486  0.026266486   0.052532972   0.000000000    90.0000    0.0000
  dxz         0    0.026266486  0.026266486   0.052532973   0.000000000    90.0000    0.0000
  dyz         0    0.026266992  0.026266992   0.052533983   0.000000000    90.0000    0.0000
   sum over m      0.102995543  0.102995543   0.205991087   0.000000000
   sum over m+mul  0.102995543  0.102995543   0.205991087   0.000000000

  155   Si          Up spin      Down spin     Sum           Diff           Angles(Deg)
            multiple
  s           0    0.630156270  0.630156270   1.260312541   0.000000000    90.0000    0.0000
   sum over m      0.630156270  0.630156270   1.260312541   0.000000000
  s           1    0.001009129  0.001009129   0.002018257   0.000000000    90.0000    0.0000
   sum over m      0.001009129  0.001009129   0.002018257   0.000000000
   sum over m+mul  0.631165399  0.631165399   1.262330798   0.000000000
  px          0    0.419089901  0.419089901   0.838179801   0.000000000    90.0000    0.0000
  py          0    0.419089901  0.419089901   0.838179801   0.000000000    90.0000    0.0000
  pz          0    0.419089904  0.419089904   0.838179808   0.000000000    90.0000    0.0000
   sum over m      1.257269705  1.257269705   2.514539411   0.000000000
  px          1    0.002881573  0.002881573   0.005763147   0.000000000    90.0000    0.0000
  py          1    0.002881573  0.002881573   0.005763147   0.000000000    90.0000    0.0000
  pz          1    0.002881573  0.002881573   0.005763146   0.000000000    90.0000    0.0000
   sum over m      0.008644720  0.008644720   0.017289439   0.000000000
   sum over m+mul  1.265914425  1.265914425   2.531828850   0.000000000
  d3z^2-r^2   0    0.012097568  0.012097568   0.024195137   0.000000000    90.0000    0.0000
  dx^2-y^2    0    0.012097569  0.012097569   0.024195137   0.000000000    90.0000    0.0000
  dxy         0    0.026266300  0.026266300   0.052532599   0.000000000    90.0000    0.0000
  dxz         0    0.026266300  0.026266300   0.052532599   0.000000000    90.0000    0.0000
  dyz         0    0.026266300  0.026266300   0.052532599   0.000000000    90.0000    0.0000
   sum over m      0.102994036  0.102994036   0.205988072   0.000000000
   sum over m+mul  0.102994036  0.102994036   0.205988072   0.000000000

  156   Si          Up spin      Down spin     Sum           Diff           Angles(Deg)
            multiple
  s           0    0.630104908  0.630104908   1.260209815   0.000000000    90.0000    0.0000
   sum over m      0.630104908  0.630104908   1.260209815   0.000000000
  s           1    0.000984194  0.000984194   0.001968388   0.000000000    90.0000    0.0000
   sum over m      0.000984194  0.000984194   0.001968388   0.000000000
   sum over m+mul  0.631089102  0.631089102   1.262178203   0.000000000
  px          0    0.419064414  0.419064414   0.838128829   0.000000000    90.0000    0.0000
  py          0    0.419122236  0.419122236   0.838244471   0.000000000    90.0000    0.0000
  pz          0    0.419064417  0.419064417   0.838128834   0.000000000    90.0000    0.0000
   sum over m      1.257251067  1.257251067   2.514502134   0.000000000
  px          1    0.002873651  0.002873651   0.005747301   0.000000000    90.0000    0.0000
  py          1    0.002874512  0.002874512   0.005749024   0.000000000    90.0000    0.0000
  pz          1    0.002873651  0.002873651   0.005747302   0.000000000    90.0000    0.0000
   sum over m      0.008621814  0.008621814   0.017243627   0.000000000
   sum over m+mul  1.265872881  1.265872881   2.531745761   0.000000000
  d3z^2-r^2   0    0.012097701  0.012097701   0.024195402   0.000000000    90.0000    0.0000
  dx^2-y^2    0    0.012097813  0.012097813   0.024195626   0.000000000    90.0000    0.0000
  dxy         0    0.026266375  0.026266375   0.052532750   0.000000000    90.0000    0.0000
  dxz         0    0.026266839  0.026266839   0.052533678   0.000000000    90.0000    0.0000
  dyz         0    0.026266375  0.026266375   0.052532750   0.000000000    90.0000    0.0000
   sum over m      0.102995103  0.102995103   0.205990206   0.000000000
   sum over m+mul  0.102995103  0.102995103   0.205990206   0.000000000

  157   Si          Up spin      Down spin     Sum           Diff           Angles(Deg)
            multiple
  s           0    0.630115635  0.630115635   1.260231270   0.000000000    90.0000    0.0000
   sum over m      0.630115635  0.630115635   1.260231270   0.000000000
  s           1    0.000987305  0.000987305   0.001974609   0.000000000    90.0000    0.0000
   sum over m      0.000987305  0.000987305   0.001974609   0.000000000
   sum over m+mul  0.631102940  0.631102940   1.262205880   0.000000000
  px          0    0.419072204  0.419072204   0.838144408   0.000000000    90.0000    0.0000
  py          0    0.419105489  0.419105489   0.838210977   0.000000000    90.0000    0.0000
  pz          0    0.419072207  0.419072207   0.838144413   0.000000000    90.0000    0.0000
   sum over m      1.257249899  1.257249899   2.514499798   0.000000000
  px          1    0.002872200  0.002872200   0.005744400   0.000000000    90.0000    0.0000
  py          1    0.002875296  0.002875296   0.005750591   0.000000000    90.0000    0.0000
  pz          1    0.002872200  0.002872200   0.005744400   0.000000000    90.0000    0.0000
   sum over m      0.008619696  0.008619696   0.017239391   0.000000000
   sum over m+mul  1.265869595  1.265869595   2.531739189   0.000000000
  d3z^2-r^2   0    0.012097754  0.012097754   0.024195508   0.000000000    90.0000    0.0000
  dx^2-y^2    0    0.012097825  0.012097825   0.024195651   0.000000000    90.0000    0.0000
  dxy         0    0.026266486  0.026266486   0.052532972   0.000000000    90.0000    0.0000
  dxz         0    0.026266992  0.026266992   0.052533983   0.000000000    90.0000    0.0000
  dyz         0    0.026266486  0.026266486   0.052532973   0.000000000    90.0000    0.0000
   sum over m      0.102995543  0.102995543   0.205991087   0.000000000
   sum over m+mul  0.102995543  0.102995543   0.205991087   0.000000000

  158   Si          Up spin      Down spin     Sum           Diff           Angles(Deg)
            multiple
  s           0    0.630115635  0.630115635   1.260231270   0.000000000    90.0000    0.0000
   sum over m      0.630115635  0.630115635   1.260231270   0.000000000
  s           1    0.000987304  0.000987304   0.001974608   0.000000000    90.0000    0.0000
   sum over m      0.000987304  0.000987304   0.001974608   0.000000000
   sum over m+mul  0.631102939  0.631102939   1.262205879   0.000000000
  px          0    0.419072205  0.419072205   0.838144410   0.000000000    90.0000    0.0000
  py          0    0.419072205  0.419072205   0.838144410   0.000000000    90.0000    0.0000
  pz          0    0.419105491  0.419105491   0.838210981   0.000000000    90.0000    0.0000
   sum over m      1.257249901  1.257249901   2.514499801   0.000000000
  px          1    0.002872200  0.002872200   0.005744400   0.000000000    90.0000    0.0000
  py          1    0.002872200  0.002872200   0.005744400   0.000000000    90.0000    0.0000
  pz          1    0.002875296  0.002875296   0.005750591   0.000000000    90.0000    0.0000
   sum over m      0.008619695  0.008619695   0.017239391   0.000000000
   sum over m+mul  1.265869596  1.265869596   2.531739192   0.000000000
  d3z^2-r^2   0    0.012097861  0.012097861   0.024195723   0.000000000    90.0000    0.0000
  dx^2-y^2    0    0.012097718  0.012097718   0.024195436   0.000000000    90.0000    0.0000
  dxy         0    0.026266992  0.026266992   0.052533983   0.000000000    90.0000    0.0000
  dxz         0    0.026266486  0.026266486   0.052532973   0.000000000    90.0000    0.0000
  dyz         0    0.026266486  0.026266486   0.052532973   0.000000000    90.0000    0.0000
   sum over m      0.102995543  0.102995543   0.205991087   0.000000000
   sum over m+mul  0.102995543  0.102995543   0.205991087   0.000000000

  159   Si          Up spin      Down spin     Sum           Diff           Angles(Deg)
            multiple
  s           0    0.630104908  0.630104908   1.260209815   0.000000000    90.0000    0.0000
   sum over m      0.630104908  0.630104908   1.260209815   0.000000000
  s           1    0.000984194  0.000984194   0.001968388   0.000000000    90.0000    0.0000
   sum over m      0.000984194  0.000984194   0.001968388   0.000000000
   sum over m+mul  0.631089102  0.631089102   1.262178203   0.000000000
  px          0    0.419122236  0.419122236   0.838244471   0.000000000    90.0000    0.0000
  py          0    0.419064414  0.419064414   0.838128829   0.000000000    90.0000    0.0000
  pz          0    0.419064417  0.419064417   0.838128834   0.000000000    90.0000    0.0000
   sum over m      1.257251067  1.257251067   2.514502134   0.000000000
  px          1    0.002874512  0.002874512   0.005749024   0.000000000    90.0000    0.0000
  py          1    0.002873651  0.002873651   0.005747301   0.000000000    90.0000    0.0000
  pz          1    0.002873651  0.002873651   0.005747302   0.000000000    90.0000    0.0000
   sum over m      0.008621814  0.008621814   0.017243627   0.000000000
   sum over m+mul  1.265872881  1.265872881   2.531745761   0.000000000
  d3z^2-r^2   0    0.012097701  0.012097701   0.024195402   0.000000000    90.0000    0.0000
  dx^2-y^2    0    0.012097813  0.012097813   0.024195626   0.000000000    90.0000    0.0000
  dxy         0    0.026266375  0.026266375   0.052532750   0.000000000    90.0000    0.0000
  dxz         0    0.026266375  0.026266375   0.052532750   0.000000000    90.0000    0.0000
  dyz         0    0.026266839  0.026266839   0.052533678   0.000000000    90.0000    0.0000
   sum over m      0.102995103  0.102995103   0.205990206   0.000000000
   sum over m+mul  0.102995103  0.102995103   0.205990206   0.000000000

  160   Si          Up spin      Down spin     Sum           Diff           Angles(Deg)
            multiple
  s           0    0.630156270  0.630156270   1.260312541   0.000000000    90.0000    0.0000
   sum over m      0.630156270  0.630156270   1.260312541   0.000000000
  s           1    0.001009129  0.001009129   0.002018257   0.000000000    90.0000    0.0000
   sum over m      0.001009129  0.001009129   0.002018257   0.000000000
   sum over m+mul  0.631165399  0.631165399   1.262330798   0.000000000
  px          0    0.419089901  0.419089901   0.838179801   0.000000000    90.0000    0.0000
  py          0    0.419089901  0.419089901   0.838179801   0.000000000    90.0000    0.0000
  pz          0    0.419089904  0.419089904   0.838179808   0.000000000    90.0000    0.0000
   sum over m      1.257269705  1.257269705   2.514539411   0.000000000
  px          1    0.002881573  0.002881573   0.005763147   0.000000000    90.0000    0.0000
  py          1    0.002881573  0.002881573   0.005763147   0.000000000    90.0000    0.0000
  pz          1    0.002881573  0.002881573   0.005763146   0.000000000    90.0000    0.0000
   sum over m      0.008644720  0.008644720   0.017289439   0.000000000
   sum over m+mul  1.265914425  1.265914425   2.531828850   0.000000000
  d3z^2-r^2   0    0.012097568  0.012097568   0.024195137   0.000000000    90.0000    0.0000
  dx^2-y^2    0    0.012097569  0.012097569   0.024195137   0.000000000    90.0000    0.0000
  dxy         0    0.026266300  0.026266300   0.052532599   0.000000000    90.0000    0.0000
  dxz         0    0.026266300  0.026266300   0.052532599   0.000000000    90.0000    0.0000
  dyz         0    0.026266300  0.026266300   0.052532599   0.000000000    90.0000    0.0000
   sum over m      0.102994036  0.102994036   0.205988072   0.000000000
   sum over m+mul  0.102994036  0.102994036   0.205988072   0.000000000

  161   Si          Up spin      Down spin     Sum           Diff           Angles(Deg)
            multiple
  s           0    0.630156270  0.630156270   1.260312541   0.000000000    90.0000    0.0000
   sum over m      0.630156270  0.630156270   1.260312541   0.000000000
  s           1    0.001009129  0.001009129   0.002018257   0.000000000    90.0000    0.0000
   sum over m      0.001009129  0.001009129   0.002018257   0.000000000
   sum over m+mul  0.631165399  0.631165399   1.262330798   0.000000000
  px          0    0.419089901  0.419089901   0.838179801   0.000000000    90.0000    0.0000
  py          0    0.419089901  0.419089901   0.838179801   0.000000000    90.0000    0.0000
  pz          0    0.419089904  0.419089904   0.838179808   0.000000000    90.0000    0.0000
   sum over m      1.257269705  1.257269705   2.514539411   0.000000000
  px          1    0.002881573  0.002881573   0.005763147   0.000000000    90.0000    0.0000
  py          1    0.002881573  0.002881573   0.005763147   0.000000000    90.0000    0.0000
  pz          1    0.002881573  0.002881573   0.005763146   0.000000000    90.0000    0.0000
   sum over m      0.008644720  0.008644720   0.017289439   0.000000000
   sum over m+mul  1.265914425  1.265914425   2.531828850   0.000000000
  d3z^2-r^2   0    0.012097568  0.012097568   0.024195137   0.000000000    90.0000    0.0000
  dx^2-y^2    0    0.012097569  0.012097569   0.024195137   0.000000000    90.0000    0.0000
  dxy         0    0.026266300  0.026266300   0.052532599   0.000000000    90.0000    0.0000
  dxz         0    0.026266300  0.026266300   0.052532599   0.000000000    90.0000    0.0000
  dyz         0    0.026266300  0.026266300   0.052532599   0.000000000    90.0000    0.0000
   sum over m      0.102994036  0.102994036   0.205988072   0.000000000
   sum over m+mul  0.102994036  0.102994036   0.205988072   0.000000000

  162   Si          Up spin      Down spin     Sum           Diff           Angles(Deg)
            multiple
  s           0    0.630104908  0.630104908   1.260209815   0.000000000    90.0000    0.0000
   sum over m      0.630104908  0.630104908   1.260209815   0.000000000
  s           1    0.000984194  0.000984194   0.001968388   0.000000000    90.0000    0.0000
   sum over m      0.000984194  0.000984194   0.001968388   0.000000000
   sum over m+mul  0.631089102  0.631089102   1.262178203   0.000000000
  px          0    0.419064414  0.419064414   0.838128829   0.000000000    90.0000    0.0000
  py          0    0.419122236  0.419122236   0.838244471   0.000000000    90.0000    0.0000
  pz          0    0.419064417  0.419064417   0.838128834   0.000000000    90.0000    0.0000
   sum over m      1.257251067  1.257251067   2.514502134   0.000000000
  px          1    0.002873651  0.002873651   0.005747301   0.000000000    90.0000    0.0000
  py          1    0.002874512  0.002874512   0.005749024   0.000000000    90.0000    0.0000
  pz          1    0.002873651  0.002873651   0.005747302   0.000000000    90.0000    0.0000
   sum over m      0.008621814  0.008621814   0.017243627   0.000000000
   sum over m+mul  1.265872881  1.265872881   2.531745761   0.000000000
  d3z^2-r^2   0    0.012097701  0.012097701   0.024195402   0.000000000    90.0000    0.0000
  dx^2-y^2    0    0.012097813  0.012097813   0.024195626   0.000000000    90.0000    0.0000
  dxy         0    0.026266375  0.026266375   0.052532750   0.000000000    90.0000    0.0000
  dxz         0    0.026266839  0.026266839   0.052533678   0.000000000    90.0000    0.0000
  dyz         0    0.026266375  0.026266375   0.052532750   0.000000000    90.0000    0.0000
   sum over m      0.102995103  0.102995103   0.205990206   0.000000000
   sum over m+mul  0.102995103  0.102995103   0.205990206   0.000000000

  163   Si          Up spin      Down spin     Sum           Diff           Angles(Deg)
            multiple
  s           0    0.630115635  0.630115635   1.260231270   0.000000000    90.0000    0.0000
   sum over m      0.630115635  0.630115635   1.260231270   0.000000000
  s           1    0.000987304  0.000987304   0.001974608   0.000000000    90.0000    0.0000
   sum over m      0.000987304  0.000987304   0.001974608   0.000000000
   sum over m+mul  0.631102939  0.631102939   1.262205879   0.000000000
  px          0    0.419072205  0.419072205   0.838144410   0.000000000    90.0000    0.0000
  py          0    0.419072205  0.419072205   0.838144410   0.000000000    90.0000    0.0000
  pz          0    0.419105491  0.419105491   0.838210981   0.000000000    90.0000    0.0000
   sum over m      1.257249901  1.257249901   2.514499801   0.000000000
  px          1    0.002872200  0.002872200   0.005744400   0.000000000    90.0000    0.0000
  py          1    0.002872200  0.002872200   0.005744400   0.000000000    90.0000    0.0000
  pz          1    0.002875296  0.002875296   0.005750591   0.000000000    90.0000    0.0000
   sum over m      0.008619695  0.008619695   0.017239391   0.000000000
   sum over m+mul  1.265869596  1.265869596   2.531739192   0.000000000
  d3z^2-r^2   0    0.012097861  0.012097861   0.024195723   0.000000000    90.0000    0.0000
  dx^2-y^2    0    0.012097718  0.012097718   0.024195436   0.000000000    90.0000    0.0000
  dxy         0    0.026266992  0.026266992   0.052533983   0.000000000    90.0000    0.0000
  dxz         0    0.026266486  0.026266486   0.052532973   0.000000000    90.0000    0.0000
  dyz         0    0.026266486  0.026266486   0.052532973   0.000000000    90.0000    0.0000
   sum over m      0.102995543  0.102995543   0.205991087   0.000000000
   sum over m+mul  0.102995543  0.102995543   0.205991087   0.000000000

  164   Si          Up spin      Down spin     Sum           Diff           Angles(Deg)
            multiple
  s           0    0.630115635  0.630115635   1.260231270   0.000000000    90.0000    0.0000
   sum over m      0.630115635  0.630115635   1.260231270   0.000000000
  s           1    0.000987305  0.000987305   0.001974609   0.000000000    90.0000    0.0000
   sum over m      0.000987305  0.000987305   0.001974609   0.000000000
   sum over m+mul  0.631102940  0.631102940   1.262205880   0.000000000
  px          0    0.419105489  0.419105489   0.838210977   0.000000000    90.0000    0.0000
  py          0    0.419072204  0.419072204   0.838144408   0.000000000    90.0000    0.0000
  pz          0    0.419072207  0.419072207   0.838144413   0.000000000    90.0000    0.0000
   sum over m      1.257249899  1.257249899   2.514499798   0.000000000
  px          1    0.002875296  0.002875296   0.005750591   0.000000000    90.0000    0.0000
  py          1    0.002872200  0.002872200   0.005744400   0.000000000    90.0000    0.0000
  pz          1    0.002872200  0.002872200   0.005744400   0.000000000    90.0000    0.0000
   sum over m      0.008619696  0.008619696   0.017239391   0.000000000
   sum over m+mul  1.265869595  1.265869595   2.531739189   0.000000000
  d3z^2-r^2   0    0.012097754  0.012097754   0.024195508   0.000000000    90.0000    0.0000
  dx^2-y^2    0    0.012097825  0.012097825   0.024195651   0.000000000    90.0000    0.0000
  dxy         0    0.026266486  0.026266486   0.052532972   0.000000000    90.0000    0.0000
  dxz         0    0.026266486  0.026266486   0.052532973   0.000000000    90.0000    0.0000
  dyz         0    0.026266992  0.026266992   0.052533983   0.000000000    90.0000    0.0000
   sum over m      0.102995543  0.102995543   0.205991087   0.000000000
   sum over m+mul  0.102995543  0.102995543   0.205991087   0.000000000

  165   Si          Up spin      Down spin     Sum           Diff           Angles(Deg)
            multiple
  s           0    0.630115635  0.630115635   1.260231270   0.000000000    90.0000    0.0000
   sum over m      0.630115635  0.630115635   1.260231270   0.000000000
  s           1    0.000987305  0.000987305   0.001974609   0.000000000    90.0000    0.0000
   sum over m      0.000987305  0.000987305   0.001974609   0.000000000
   sum over m+mul  0.631102940  0.631102940   1.262205880   0.000000000
  px          0    0.419072204  0.419072204   0.838144408   0.000000000    90.0000    0.0000
  py          0    0.419105489  0.419105489   0.838210977   0.000000000    90.0000    0.0000
  pz          0    0.419072207  0.419072207   0.838144413   0.000000000    90.0000    0.0000
   sum over m      1.257249899  1.257249899   2.514499798   0.000000000
  px          1    0.002872200  0.002872200   0.005744400   0.000000000    90.0000    0.0000
  py          1    0.002875296  0.002875296   0.005750591   0.000000000    90.0000    0.0000
  pz          1    0.002872200  0.002872200   0.005744400   0.000000000    90.0000    0.0000
   sum over m      0.008619696  0.008619696   0.017239391   0.000000000
   sum over m+mul  1.265869595  1.265869595   2.531739189   0.000000000
  d3z^2-r^2   0    0.012097754  0.012097754   0.024195508   0.000000000    90.0000    0.0000
  dx^2-y^2    0    0.012097825  0.012097825   0.024195651   0.000000000    90.0000    0.0000
  dxy         0    0.026266486  0.026266486   0.052532972   0.000000000    90.0000    0.0000
  dxz         0    0.026266992  0.026266992   0.052533983   0.000000000    90.0000    0.0000
  dyz         0    0.026266486  0.026266486   0.052532973   0.000000000    90.0000    0.0000
   sum over m      0.102995543  0.102995543   0.205991087   0.000000000
   sum over m+mul  0.102995543  0.102995543   0.205991087   0.000000000

  166   Si          Up spin      Down spin     Sum           Diff           Angles(Deg)
            multiple
  s           0    0.630153295  0.630153295   1.260306590   0.000000000    90.0000    0.0000
   sum over m      0.630153295  0.630153295   1.260306590   0.000000000
  s           1    0.001007610  0.001007610   0.002015220   0.000000000    90.0000    0.0000
   sum over m      0.001007610  0.001007610   0.002015220   0.000000000
   sum over m+mul  0.631160905  0.631160905   1.262321810   0.000000000
  px          0    0.419095504  0.419095504   0.838191009   0.000000000    90.0000    0.0000
  py          0    0.419095504  0.419095504   0.838191009   0.000000000    90.0000    0.0000
  pz          0    0.419095507  0.419095507   0.838191014   0.000000000    90.0000    0.0000
   sum over m      1.257286516  1.257286516   2.514573032   0.000000000
  px          1    0.002879989  0.002879989   0.005759977   0.000000000    90.0000    0.0000
  py          1    0.002879989  0.002879989   0.005759977   0.000000000    90.0000    0.0000
  pz          1    0.002879989  0.002879989   0.005759977   0.000000000    90.0000    0.0000
   sum over m      0.008639966  0.008639966   0.017279932   0.000000000
   sum over m+mul  1.265926482  1.265926482   2.531852963   0.000000000
  d3z^2-r^2   0    0.012097657  0.012097657   0.024195314   0.000000000    90.0000    0.0000
  dx^2-y^2    0    0.012097657  0.012097657   0.024195314   0.000000000    90.0000    0.0000
  dxy         0    0.026266326  0.026266326   0.052532651   0.000000000    90.0000    0.0000
  dxz         0    0.026266326  0.026266326   0.052532651   0.000000000    90.0000    0.0000
  dyz         0    0.026266326  0.026266326   0.052532651   0.000000000    90.0000    0.0000
   sum over m      0.102994291  0.102994291   0.205988582   0.000000000
   sum over m+mul  0.102994291  0.102994291   0.205988582   0.000000000

  167   Si          Up spin      Down spin     Sum           Diff           Angles(Deg)
            multiple
  s           0    0.630115635  0.630115635   1.260231270   0.000000000    90.0000    0.0000
   sum over m      0.630115635  0.630115635   1.260231270   0.000000000
  s           1    0.000987305  0.000987305   0.001974609   0.000000000    90.0000    0.0000
   sum over m      0.000987305  0.000987305   0.001974609   0.000000000
   sum over m+mul  0.631102940  0.631102940   1.262205880   0.000000000
  px          0    0.419072204  0.419072204   0.838144408   0.000000000    90.0000    0.0000
  py          0    0.419105489  0.419105489   0.838210977   0.000000000    90.0000    0.0000
  pz          0    0.419072207  0.419072207   0.838144413   0.000000000    90.0000    0.0000
   sum over m      1.257249899  1.257249899   2.514499798   0.000000000
  px          1    0.002872200  0.002872200   0.005744400   0.000000000    90.0000    0.0000
  py          1    0.002875296  0.002875296   0.005750591   0.000000000    90.0000    0.0000
  pz          1    0.002872200  0.002872200   0.005744400   0.000000000    90.0000    0.0000
   sum over m      0.008619696  0.008619696   0.017239391   0.000000000
   sum over m+mul  1.265869595  1.265869595   2.531739189   0.000000000
  d3z^2-r^2   0    0.012097754  0.012097754   0.024195508   0.000000000    90.0000    0.0000
  dx^2-y^2    0    0.012097825  0.012097825   0.024195651   0.000000000    90.0000    0.0000
  dxy         0    0.026266486  0.026266486   0.052532972   0.000000000    90.0000    0.0000
  dxz         0    0.026266992  0.026266992   0.052533983   0.000000000    90.0000    0.0000
  dyz         0    0.026266486  0.026266486   0.052532973   0.000000000    90.0000    0.0000
   sum over m      0.102995543  0.102995543   0.205991087   0.000000000
   sum over m+mul  0.102995543  0.102995543   0.205991087   0.000000000

  168   Si          Up spin      Down spin     Sum           Diff           Angles(Deg)
            multiple
  s           0    0.630153295  0.630153295   1.260306590   0.000000000    90.0000    0.0000
   sum over m      0.630153295  0.630153295   1.260306590   0.000000000
  s           1    0.001007610  0.001007610   0.002015220   0.000000000    90.0000    0.0000
   sum over m      0.001007610  0.001007610   0.002015220   0.000000000
   sum over m+mul  0.631160905  0.631160905   1.262321810   0.000000000
  px          0    0.419095504  0.419095504   0.838191009   0.000000000    90.0000    0.0000
  py          0    0.419095504  0.419095504   0.838191009   0.000000000    90.0000    0.0000
  pz          0    0.419095507  0.419095507   0.838191014   0.000000000    90.0000    0.0000
   sum over m      1.257286516  1.257286516   2.514573032   0.000000000
  px          1    0.002879989  0.002879989   0.005759977   0.000000000    90.0000    0.0000
  py          1    0.002879989  0.002879989   0.005759977   0.000000000    90.0000    0.0000
  pz          1    0.002879989  0.002879989   0.005759977   0.000000000    90.0000    0.0000
   sum over m      0.008639966  0.008639966   0.017279932   0.000000000
   sum over m+mul  1.265926482  1.265926482   2.531852963   0.000000000
  d3z^2-r^2   0    0.012097657  0.012097657   0.024195314   0.000000000    90.0000    0.0000
  dx^2-y^2    0    0.012097657  0.012097657   0.024195314   0.000000000    90.0000    0.0000
  dxy         0    0.026266326  0.026266326   0.052532651   0.000000000    90.0000    0.0000
  dxz         0    0.026266326  0.026266326   0.052532651   0.000000000    90.0000    0.0000
  dyz         0    0.026266326  0.026266326   0.052532651   0.000000000    90.0000    0.0000
   sum over m      0.102994291  0.102994291   0.205988582   0.000000000
   sum over m+mul  0.102994291  0.102994291   0.205988582   0.000000000

  169   Si          Up spin      Down spin     Sum           Diff           Angles(Deg)
            multiple
  s           0    0.630115635  0.630115635   1.260231270   0.000000000    90.0000    0.0000
   sum over m      0.630115635  0.630115635   1.260231270   0.000000000
  s           1    0.000987305  0.000987305   0.001974609   0.000000000    90.0000    0.0000
   sum over m      0.000987305  0.000987305   0.001974609   0.000000000
   sum over m+mul  0.631102940  0.631102940   1.262205880   0.000000000
  px          0    0.419072204  0.419072204   0.838144408   0.000000000    90.0000    0.0000
  py          0    0.419105489  0.419105489   0.838210977   0.000000000    90.0000    0.0000
  pz          0    0.419072207  0.419072207   0.838144413   0.000000000    90.0000    0.0000
   sum over m      1.257249899  1.257249899   2.514499798   0.000000000
  px          1    0.002872200  0.002872200   0.005744400   0.000000000    90.0000    0.0000
  py          1    0.002875296  0.002875296   0.005750591   0.000000000    90.0000    0.0000
  pz          1    0.002872200  0.002872200   0.005744400   0.000000000    90.0000    0.0000
   sum over m      0.008619696  0.008619696   0.017239391   0.000000000
   sum over m+mul  1.265869595  1.265869595   2.531739189   0.000000000
  d3z^2-r^2   0    0.012097754  0.012097754   0.024195508   0.000000000    90.0000    0.0000
  dx^2-y^2    0    0.012097825  0.012097825   0.024195651   0.000000000    90.0000    0.0000
  dxy         0    0.026266486  0.026266486   0.052532972   0.000000000    90.0000    0.0000
  dxz         0    0.026266992  0.026266992   0.052533983   0.000000000    90.0000    0.0000
  dyz         0    0.026266486  0.026266486   0.052532973   0.000000000    90.0000    0.0000
   sum over m      0.102995543  0.102995543   0.205991087   0.000000000
   sum over m+mul  0.102995543  0.102995543   0.205991087   0.000000000

  170   Si          Up spin      Down spin     Sum           Diff           Angles(Deg)
            multiple
  s           0    0.630104907  0.630104907   1.260209814   0.000000000    90.0000    0.0000
   sum over m      0.630104907  0.630104907   1.260209814   0.000000000
  s           1    0.000984194  0.000984194   0.001968388   0.000000000    90.0000    0.0000
   sum over m      0.000984194  0.000984194   0.001968388   0.000000000
   sum over m+mul  0.631089101  0.631089101   1.262178202   0.000000000
  px          0    0.419064415  0.419064415   0.838128829   0.000000000    90.0000    0.0000
  py          0    0.419064415  0.419064415   0.838128829   0.000000000    90.0000    0.0000
  pz          0    0.419122237  0.419122237   0.838244474   0.000000000    90.0000    0.0000
   sum over m      1.257251066  1.257251066   2.514502132   0.000000000
  px          1    0.002873651  0.002873651   0.005747302   0.000000000    90.0000    0.0000
  py          1    0.002873651  0.002873651   0.005747302   0.000000000    90.0000    0.0000
  pz          1    0.002874512  0.002874512   0.005749024   0.000000000    90.0000    0.0000
   sum over m      0.008621814  0.008621814   0.017243628   0.000000000
   sum over m+mul  1.265872880  1.265872880   2.531745760   0.000000000
  d3z^2-r^2   0    0.012097870  0.012097870   0.024195739   0.000000000    90.0000    0.0000
  dx^2-y^2    0    0.012097645  0.012097645   0.024195290   0.000000000    90.0000    0.0000
  dxy         0    0.026266839  0.026266839   0.052533678   0.000000000    90.0000    0.0000
  dxz         0    0.026266375  0.026266375   0.052532750   0.000000000    90.0000    0.0000
  dyz         0    0.026266375  0.026266375   0.052532750   0.000000000    90.0000    0.0000
   sum over m      0.102995103  0.102995103   0.205990207   0.000000000
   sum over m+mul  0.102995103  0.102995103   0.205990207   0.000000000

  171   Si          Up spin      Down spin     Sum           Diff           Angles(Deg)
            multiple
  s           0    0.630156270  0.630156270   1.260312541   0.000000000    90.0000    0.0000
   sum over m      0.630156270  0.630156270   1.260312541   0.000000000
  s           1    0.001009129  0.001009129   0.002018257   0.000000000    90.0000    0.0000
   sum over m      0.001009129  0.001009129   0.002018257   0.000000000
   sum over m+mul  0.631165399  0.631165399   1.262330798   0.000000000
  px          0    0.419089901  0.419089901   0.838179801   0.000000000    90.0000    0.0000
  py          0    0.419089901  0.419089901   0.838179801   0.000000000    90.0000    0.0000
  pz          0    0.419089904  0.419089904   0.838179808   0.000000000    90.0000    0.0000
   sum over m      1.257269705  1.257269705   2.514539411   0.000000000
  px          1    0.002881573  0.002881573   0.005763147   0.000000000    90.0000    0.0000
  py          1    0.002881573  0.002881573   0.005763147   0.000000000    90.0000    0.0000
  pz          1    0.002881573  0.002881573   0.005763146   0.000000000    90.0000    0.0000
   sum over m      0.008644720  0.008644720   0.017289439   0.000000000
   sum over m+mul  1.265914425  1.265914425   2.531828850   0.000000000
  d3z^2-r^2   0    0.012097568  0.012097568   0.024195137   0.000000000    90.0000    0.0000
  dx^2-y^2    0    0.012097569  0.012097569   0.024195137   0.000000000    90.0000    0.0000
  dxy         0    0.026266300  0.026266300   0.052532599   0.000000000    90.0000    0.0000
  dxz         0    0.026266300  0.026266300   0.052532599   0.000000000    90.0000    0.0000
  dyz         0    0.026266300  0.026266300   0.052532599   0.000000000    90.0000    0.0000
   sum over m      0.102994036  0.102994036   0.205988072   0.000000000
   sum over m+mul  0.102994036  0.102994036   0.205988072   0.000000000

  172   Si          Up spin      Down spin     Sum           Diff           Angles(Deg)
            multiple
  s           0    0.630115635  0.630115635   1.260231270   0.000000000    90.0000    0.0000
   sum over m      0.630115635  0.630115635   1.260231270   0.000000000
  s           1    0.000987305  0.000987305   0.001974609   0.000000000    90.0000    0.0000
   sum over m      0.000987305  0.000987305   0.001974609   0.000000000
   sum over m+mul  0.631102940  0.631102940   1.262205880   0.000000000
  px          0    0.419105489  0.419105489   0.838210977   0.000000000    90.0000    0.0000
  py          0    0.419072204  0.419072204   0.838144408   0.000000000    90.0000    0.0000
  pz          0    0.419072207  0.419072207   0.838144413   0.000000000    90.0000    0.0000
   sum over m      1.257249899  1.257249899   2.514499798   0.000000000
  px          1    0.002875296  0.002875296   0.005750591   0.000000000    90.0000    0.0000
  py          1    0.002872200  0.002872200   0.005744400   0.000000000    90.0000    0.0000
  pz          1    0.002872200  0.002872200   0.005744400   0.000000000    90.0000    0.0000
   sum over m      0.008619696  0.008619696   0.017239391   0.000000000
   sum over m+mul  1.265869595  1.265869595   2.531739189   0.000000000
  d3z^2-r^2   0    0.012097754  0.012097754   0.024195508   0.000000000    90.0000    0.0000
  dx^2-y^2    0    0.012097825  0.012097825   0.024195651   0.000000000    90.0000    0.0000
  dxy         0    0.026266486  0.026266486   0.052532972   0.000000000    90.0000    0.0000
  dxz         0    0.026266486  0.026266486   0.052532973   0.000000000    90.0000    0.0000
  dyz         0    0.026266992  0.026266992   0.052533983   0.000000000    90.0000    0.0000
   sum over m      0.102995543  0.102995543   0.205991087   0.000000000
   sum over m+mul  0.102995543  0.102995543   0.205991087   0.000000000

  173   Si          Up spin      Down spin     Sum           Diff           Angles(Deg)
            multiple
  s           0    0.630115635  0.630115635   1.260231270   0.000000000    90.0000    0.0000
   sum over m      0.630115635  0.630115635   1.260231270   0.000000000
  s           1    0.000987304  0.000987304   0.001974608   0.000000000    90.0000    0.0000
   sum over m      0.000987304  0.000987304   0.001974608   0.000000000
   sum over m+mul  0.631102939  0.631102939   1.262205879   0.000000000
  px          0    0.419072205  0.419072205   0.838144410   0.000000000    90.0000    0.0000
  py          0    0.419072205  0.419072205   0.838144410   0.000000000    90.0000    0.0000
  pz          0    0.419105491  0.419105491   0.838210981   0.000000000    90.0000    0.0000
   sum over m      1.257249901  1.257249901   2.514499801   0.000000000
  px          1    0.002872200  0.002872200   0.005744400   0.000000000    90.0000    0.0000
  py          1    0.002872200  0.002872200   0.005744400   0.000000000    90.0000    0.0000
  pz          1    0.002875296  0.002875296   0.005750591   0.000000000    90.0000    0.0000
   sum over m      0.008619695  0.008619695   0.017239391   0.000000000
   sum over m+mul  1.265869596  1.265869596   2.531739192   0.000000000
  d3z^2-r^2   0    0.012097861  0.012097861   0.024195723   0.000000000    90.0000    0.0000
  dx^2-y^2    0    0.012097718  0.012097718   0.024195436   0.000000000    90.0000    0.0000
  dxy         0    0.026266992  0.026266992   0.052533983   0.000000000    90.0000    0.0000
  dxz         0    0.026266486  0.026266486   0.052532973   0.000000000    90.0000    0.0000
  dyz         0    0.026266486  0.026266486   0.052532973   0.000000000    90.0000    0.0000
   sum over m      0.102995543  0.102995543   0.205991087   0.000000000
   sum over m+mul  0.102995543  0.102995543   0.205991087   0.000000000

  174   Si          Up spin      Down spin     Sum           Diff           Angles(Deg)
            multiple
  s           0    0.630115635  0.630115635   1.260231270   0.000000000    90.0000    0.0000
   sum over m      0.630115635  0.630115635   1.260231270   0.000000000
  s           1    0.000987305  0.000987305   0.001974609   0.000000000    90.0000    0.0000
   sum over m      0.000987305  0.000987305   0.001974609   0.000000000
   sum over m+mul  0.631102940  0.631102940   1.262205880   0.000000000
  px          0    0.419072204  0.419072204   0.838144408   0.000000000    90.0000    0.0000
  py          0    0.419105489  0.419105489   0.838210977   0.000000000    90.0000    0.0000
  pz          0    0.419072207  0.419072207   0.838144413   0.000000000    90.0000    0.0000
   sum over m      1.257249899  1.257249899   2.514499798   0.000000000
  px          1    0.002872200  0.002872200   0.005744400   0.000000000    90.0000    0.0000
  py          1    0.002875296  0.002875296   0.005750591   0.000000000    90.0000    0.0000
  pz          1    0.002872200  0.002872200   0.005744400   0.000000000    90.0000    0.0000
   sum over m      0.008619696  0.008619696   0.017239391   0.000000000
   sum over m+mul  1.265869595  1.265869595   2.531739189   0.000000000
  d3z^2-r^2   0    0.012097754  0.012097754   0.024195508   0.000000000    90.0000    0.0000
  dx^2-y^2    0    0.012097825  0.012097825   0.024195651   0.000000000    90.0000    0.0000
  dxy         0    0.026266486  0.026266486   0.052532972   0.000000000    90.0000    0.0000
  dxz         0    0.026266992  0.026266992   0.052533983   0.000000000    90.0000    0.0000
  dyz         0    0.026266486  0.026266486   0.052532973   0.000000000    90.0000    0.0000
   sum over m      0.102995543  0.102995543   0.205991087   0.000000000
   sum over m+mul  0.102995543  0.102995543   0.205991087   0.000000000

  175   Si          Up spin      Down spin     Sum           Diff           Angles(Deg)
            multiple
  s           0    0.630156270  0.630156270   1.260312541   0.000000000    90.0000    0.0000
   sum over m      0.630156270  0.630156270   1.260312541   0.000000000
  s           1    0.001009129  0.001009129   0.002018257   0.000000000    90.0000    0.0000
   sum over m      0.001009129  0.001009129   0.002018257   0.000000000
   sum over m+mul  0.631165399  0.631165399   1.262330798   0.000000000
  px          0    0.419089901  0.419089901   0.838179801   0.000000000    90.0000    0.0000
  py          0    0.419089901  0.419089901   0.838179801   0.000000000    90.0000    0.0000
  pz          0    0.419089904  0.419089904   0.838179808   0.000000000    90.0000    0.0000
   sum over m      1.257269705  1.257269705   2.514539411   0.000000000
  px          1    0.002881573  0.002881573   0.005763147   0.000000000    90.0000    0.0000
  py          1    0.002881573  0.002881573   0.005763147   0.000000000    90.0000    0.0000
  pz          1    0.002881573  0.002881573   0.005763146   0.000000000    90.0000    0.0000
   sum over m      0.008644720  0.008644720   0.017289439   0.000000000
   sum over m+mul  1.265914425  1.265914425   2.531828850   0.000000000
  d3z^2-r^2   0    0.012097568  0.012097568   0.024195137   0.000000000    90.0000    0.0000
  dx^2-y^2    0    0.012097569  0.012097569   0.024195137   0.000000000    90.0000    0.0000
  dxy         0    0.026266300  0.026266300   0.052532599   0.000000000    90.0000    0.0000
  dxz         0    0.026266300  0.026266300   0.052532599   0.000000000    90.0000    0.0000
  dyz         0    0.026266300  0.026266300   0.052532599   0.000000000    90.0000    0.0000
   sum over m      0.102994036  0.102994036   0.205988072   0.000000000
   sum over m+mul  0.102994036  0.102994036   0.205988072   0.000000000

  176   Si          Up spin      Down spin     Sum           Diff           Angles(Deg)
            multiple
  s           0    0.630104908  0.630104908   1.260209815   0.000000000    90.0000    0.0000
   sum over m      0.630104908  0.630104908   1.260209815   0.000000000
  s           1    0.000984194  0.000984194   0.001968388   0.000000000    90.0000    0.0000
   sum over m      0.000984194  0.000984194   0.001968388   0.000000000
   sum over m+mul  0.631089102  0.631089102   1.262178203   0.000000000
  px          0    0.419122236  0.419122236   0.838244471   0.000000000    90.0000    0.0000
  py          0    0.419064414  0.419064414   0.838128829   0.000000000    90.0000    0.0000
  pz          0    0.419064417  0.419064417   0.838128834   0.000000000    90.0000    0.0000
   sum over m      1.257251067  1.257251067   2.514502134   0.000000000
  px          1    0.002874512  0.002874512   0.005749024   0.000000000    90.0000    0.0000
  py          1    0.002873651  0.002873651   0.005747301   0.000000000    90.0000    0.0000
  pz          1    0.002873651  0.002873651   0.005747302   0.000000000    90.0000    0.0000
   sum over m      0.008621814  0.008621814   0.017243627   0.000000000
   sum over m+mul  1.265872881  1.265872881   2.531745761   0.000000000
  d3z^2-r^2   0    0.012097701  0.012097701   0.024195402   0.000000000    90.0000    0.0000
  dx^2-y^2    0    0.012097813  0.012097813   0.024195626   0.000000000    90.0000    0.0000
  dxy         0    0.026266375  0.026266375   0.052532750   0.000000000    90.0000    0.0000
  dxz         0    0.026266375  0.026266375   0.052532750   0.000000000    90.0000    0.0000
  dyz         0    0.026266839  0.026266839   0.052533678   0.000000000    90.0000    0.0000
   sum over m      0.102995103  0.102995103   0.205990206   0.000000000
   sum over m+mul  0.102995103  0.102995103   0.205990206   0.000000000

  177   Si          Up spin      Down spin     Sum           Diff           Angles(Deg)
            multiple
  s           0    0.630104908  0.630104908   1.260209815   0.000000000    90.0000    0.0000
   sum over m      0.630104908  0.630104908   1.260209815   0.000000000
  s           1    0.000984194  0.000984194   0.001968388   0.000000000    90.0000    0.0000
   sum over m      0.000984194  0.000984194   0.001968388   0.000000000
   sum over m+mul  0.631089102  0.631089102   1.262178203   0.000000000
  px          0    0.419122236  0.419122236   0.838244471   0.000000000    90.0000    0.0000
  py          0    0.419064414  0.419064414   0.838128829   0.000000000    90.0000    0.0000
  pz          0    0.419064417  0.419064417   0.838128834   0.000000000    90.0000    0.0000
   sum over m      1.257251067  1.257251067   2.514502134   0.000000000
  px          1    0.002874512  0.002874512   0.005749024   0.000000000    90.0000    0.0000
  py          1    0.002873651  0.002873651   0.005747301   0.000000000    90.0000    0.0000
  pz          1    0.002873651  0.002873651   0.005747302   0.000000000    90.0000    0.0000
   sum over m      0.008621814  0.008621814   0.017243627   0.000000000
   sum over m+mul  1.265872881  1.265872881   2.531745761   0.000000000
  d3z^2-r^2   0    0.012097701  0.012097701   0.024195402   0.000000000    90.0000    0.0000
  dx^2-y^2    0    0.012097813  0.012097813   0.024195626   0.000000000    90.0000    0.0000
  dxy         0    0.026266375  0.026266375   0.052532750   0.000000000    90.0000    0.0000
  dxz         0    0.026266375  0.026266375   0.052532750   0.000000000    90.0000    0.0000
  dyz         0    0.026266839  0.026266839   0.052533678   0.000000000    90.0000    0.0000
   sum over m      0.102995103  0.102995103   0.205990206   0.000000000
   sum over m+mul  0.102995103  0.102995103   0.205990206   0.000000000

  178   Si          Up spin      Down spin     Sum           Diff           Angles(Deg)
            multiple
  s           0    0.630104907  0.630104907   1.260209814   0.000000000    90.0000    0.0000
   sum over m      0.630104907  0.630104907   1.260209814   0.000000000
  s           1    0.000984194  0.000984194   0.001968388   0.000000000    90.0000    0.0000
   sum over m      0.000984194  0.000984194   0.001968388   0.000000000
   sum over m+mul  0.631089101  0.631089101   1.262178202   0.000000000
  px          0    0.419064415  0.419064415   0.838128829   0.000000000    90.0000    0.0000
  py          0    0.419064415  0.419064415   0.838128829   0.000000000    90.0000    0.0000
  pz          0    0.419122237  0.419122237   0.838244474   0.000000000    90.0000    0.0000
   sum over m      1.257251066  1.257251066   2.514502132   0.000000000
  px          1    0.002873651  0.002873651   0.005747302   0.000000000    90.0000    0.0000
  py          1    0.002873651  0.002873651   0.005747302   0.000000000    90.0000    0.0000
  pz          1    0.002874512  0.002874512   0.005749024   0.000000000    90.0000    0.0000
   sum over m      0.008621814  0.008621814   0.017243628   0.000000000
   sum over m+mul  1.265872880  1.265872880   2.531745760   0.000000000
  d3z^2-r^2   0    0.012097870  0.012097870   0.024195739   0.000000000    90.0000    0.0000
  dx^2-y^2    0    0.012097645  0.012097645   0.024195290   0.000000000    90.0000    0.0000
  dxy         0    0.026266839  0.026266839   0.052533678   0.000000000    90.0000    0.0000
  dxz         0    0.026266375  0.026266375   0.052532750   0.000000000    90.0000    0.0000
  dyz         0    0.026266375  0.026266375   0.052532750   0.000000000    90.0000    0.0000
   sum over m      0.102995103  0.102995103   0.205990207   0.000000000
   sum over m+mul  0.102995103  0.102995103   0.205990207   0.000000000

  179   Si          Up spin      Down spin     Sum           Diff           Angles(Deg)
            multiple
  s           0    0.630153295  0.630153295   1.260306590   0.000000000    90.0000    0.0000
   sum over m      0.630153295  0.630153295   1.260306590   0.000000000
  s           1    0.001007610  0.001007610   0.002015220   0.000000000    90.0000    0.0000
   sum over m      0.001007610  0.001007610   0.002015220   0.000000000
   sum over m+mul  0.631160905  0.631160905   1.262321810   0.000000000
  px          0    0.419095504  0.419095504   0.838191009   0.000000000    90.0000    0.0000
  py          0    0.419095504  0.419095504   0.838191009   0.000000000    90.0000    0.0000
  pz          0    0.419095507  0.419095507   0.838191014   0.000000000    90.0000    0.0000
   sum over m      1.257286516  1.257286516   2.514573032   0.000000000
  px          1    0.002879989  0.002879989   0.005759977   0.000000000    90.0000    0.0000
  py          1    0.002879989  0.002879989   0.005759977   0.000000000    90.0000    0.0000
  pz          1    0.002879989  0.002879989   0.005759977   0.000000000    90.0000    0.0000
   sum over m      0.008639966  0.008639966   0.017279932   0.000000000
   sum over m+mul  1.265926482  1.265926482   2.531852963   0.000000000
  d3z^2-r^2   0    0.012097657  0.012097657   0.024195314   0.000000000    90.0000    0.0000
  dx^2-y^2    0    0.012097657  0.012097657   0.024195314   0.000000000    90.0000    0.0000
  dxy         0    0.026266326  0.026266326   0.052532651   0.000000000    90.0000    0.0000
  dxz         0    0.026266326  0.026266326   0.052532651   0.000000000    90.0000    0.0000
  dyz         0    0.026266326  0.026266326   0.052532651   0.000000000    90.0000    0.0000
   sum over m      0.102994291  0.102994291   0.205988582   0.000000000
   sum over m+mul  0.102994291  0.102994291   0.205988582   0.000000000

  180   Si          Up spin      Down spin     Sum           Diff           Angles(Deg)
            multiple
  s           0    0.630104908  0.630104908   1.260209815   0.000000000    90.0000    0.0000
   sum over m      0.630104908  0.630104908   1.260209815   0.000000000
  s           1    0.000984194  0.000984194   0.001968388   0.000000000    90.0000    0.0000
   sum over m      0.000984194  0.000984194   0.001968388   0.000000000
   sum over m+mul  0.631089102  0.631089102   1.262178203   0.000000000
  px          0    0.419064414  0.419064414   0.838128829   0.000000000    90.0000    0.0000
  py          0    0.419122236  0.419122236   0.838244471   0.000000000    90.0000    0.0000
  pz          0    0.419064417  0.419064417   0.838128834   0.000000000    90.0000    0.0000
   sum over m      1.257251067  1.257251067   2.514502134   0.000000000
  px          1    0.002873651  0.002873651   0.005747301   0.000000000    90.0000    0.0000
  py          1    0.002874512  0.002874512   0.005749024   0.000000000    90.0000    0.0000
  pz          1    0.002873651  0.002873651   0.005747302   0.000000000    90.0000    0.0000
   sum over m      0.008621814  0.008621814   0.017243627   0.000000000
   sum over m+mul  1.265872881  1.265872881   2.531745761   0.000000000
  d3z^2-r^2   0    0.012097701  0.012097701   0.024195402   0.000000000    90.0000    0.0000
  dx^2-y^2    0    0.012097813  0.012097813   0.024195626   0.000000000    90.0000    0.0000
  dxy         0    0.026266375  0.026266375   0.052532750   0.000000000    90.0000    0.0000
  dxz         0    0.026266839  0.026266839   0.052533678   0.000000000    90.0000    0.0000
  dyz         0    0.026266375  0.026266375   0.052532750   0.000000000    90.0000    0.0000
   sum over m      0.102995103  0.102995103   0.205990206   0.000000000
   sum over m+mul  0.102995103  0.102995103   0.205990206   0.000000000

  181   Si          Up spin      Down spin     Sum           Diff           Angles(Deg)
            multiple
  s           0    0.630156270  0.630156270   1.260312541   0.000000000    90.0000    0.0000
   sum over m      0.630156270  0.630156270   1.260312541   0.000000000
  s           1    0.001009129  0.001009129   0.002018257   0.000000000    90.0000    0.0000
   sum over m      0.001009129  0.001009129   0.002018257   0.000000000
   sum over m+mul  0.631165399  0.631165399   1.262330798   0.000000000
  px          0    0.419089901  0.419089901   0.838179801   0.000000000    90.0000    0.0000
  py          0    0.419089901  0.419089901   0.838179801   0.000000000    90.0000    0.0000
  pz          0    0.419089904  0.419089904   0.838179808   0.000000000    90.0000    0.0000
   sum over m      1.257269705  1.257269705   2.514539411   0.000000000
  px          1    0.002881573  0.002881573   0.005763147   0.000000000    90.0000    0.0000
  py          1    0.002881573  0.002881573   0.005763147   0.000000000    90.0000    0.0000
  pz          1    0.002881573  0.002881573   0.005763146   0.000000000    90.0000    0.0000
   sum over m      0.008644720  0.008644720   0.017289439   0.000000000
   sum over m+mul  1.265914425  1.265914425   2.531828850   0.000000000
  d3z^2-r^2   0    0.012097568  0.012097568   0.024195137   0.000000000    90.0000    0.0000
  dx^2-y^2    0    0.012097569  0.012097569   0.024195137   0.000000000    90.0000    0.0000
  dxy         0    0.026266300  0.026266300   0.052532599   0.000000000    90.0000    0.0000
  dxz         0    0.026266300  0.026266300   0.052532599   0.000000000    90.0000    0.0000
  dyz         0    0.026266300  0.026266300   0.052532599   0.000000000    90.0000    0.0000
   sum over m      0.102994036  0.102994036   0.205988072   0.000000000
   sum over m+mul  0.102994036  0.102994036   0.205988072   0.000000000

  182   Si          Up spin      Down spin     Sum           Diff           Angles(Deg)
            multiple
  s           0    0.630104908  0.630104908   1.260209815   0.000000000    90.0000    0.0000
   sum over m      0.630104908  0.630104908   1.260209815   0.000000000
  s           1    0.000984194  0.000984194   0.001968388   0.000000000    90.0000    0.0000
   sum over m      0.000984194  0.000984194   0.001968388   0.000000000
   sum over m+mul  0.631089102  0.631089102   1.262178203   0.000000000
  px          0    0.419122236  0.419122236   0.838244471   0.000000000    90.0000    0.0000
  py          0    0.419064414  0.419064414   0.838128829   0.000000000    90.0000    0.0000
  pz          0    0.419064417  0.419064417   0.838128834   0.000000000    90.0000    0.0000
   sum over m      1.257251067  1.257251067   2.514502134   0.000000000
  px          1    0.002874512  0.002874512   0.005749024   0.000000000    90.0000    0.0000
  py          1    0.002873651  0.002873651   0.005747301   0.000000000    90.0000    0.0000
  pz          1    0.002873651  0.002873651   0.005747302   0.000000000    90.0000    0.0000
   sum over m      0.008621814  0.008621814   0.017243627   0.000000000
   sum over m+mul  1.265872881  1.265872881   2.531745761   0.000000000
  d3z^2-r^2   0    0.012097701  0.012097701   0.024195402   0.000000000    90.0000    0.0000
  dx^2-y^2    0    0.012097813  0.012097813   0.024195626   0.000000000    90.0000    0.0000
  dxy         0    0.026266375  0.026266375   0.052532750   0.000000000    90.0000    0.0000
  dxz         0    0.026266375  0.026266375   0.052532750   0.000000000    90.0000    0.0000
  dyz         0    0.026266839  0.026266839   0.052533678   0.000000000    90.0000    0.0000
   sum over m      0.102995103  0.102995103   0.205990206   0.000000000
   sum over m+mul  0.102995103  0.102995103   0.205990206   0.000000000

  183   Si          Up spin      Down spin     Sum           Diff           Angles(Deg)
            multiple
  s           0    0.630115635  0.630115635   1.260231270   0.000000000    90.0000    0.0000
   sum over m      0.630115635  0.630115635   1.260231270   0.000000000
  s           1    0.000987304  0.000987304   0.001974608   0.000000000    90.0000    0.0000
   sum over m      0.000987304  0.000987304   0.001974608   0.000000000
   sum over m+mul  0.631102939  0.631102939   1.262205879   0.000000000
  px          0    0.419072205  0.419072205   0.838144410   0.000000000    90.0000    0.0000
  py          0    0.419072205  0.419072205   0.838144410   0.000000000    90.0000    0.0000
  pz          0    0.419105491  0.419105491   0.838210981   0.000000000    90.0000    0.0000
   sum over m      1.257249901  1.257249901   2.514499801   0.000000000
  px          1    0.002872200  0.002872200   0.005744400   0.000000000    90.0000    0.0000
  py          1    0.002872200  0.002872200   0.005744400   0.000000000    90.0000    0.0000
  pz          1    0.002875296  0.002875296   0.005750591   0.000000000    90.0000    0.0000
   sum over m      0.008619695  0.008619695   0.017239391   0.000000000
   sum over m+mul  1.265869596  1.265869596   2.531739192   0.000000000
  d3z^2-r^2   0    0.012097861  0.012097861   0.024195723   0.000000000    90.0000    0.0000
  dx^2-y^2    0    0.012097718  0.012097718   0.024195436   0.000000000    90.0000    0.0000
  dxy         0    0.026266992  0.026266992   0.052533983   0.000000000    90.0000    0.0000
  dxz         0    0.026266486  0.026266486   0.052532973   0.000000000    90.0000    0.0000
  dyz         0    0.026266486  0.026266486   0.052532973   0.000000000    90.0000    0.0000
   sum over m      0.102995543  0.102995543   0.205991087   0.000000000
   sum over m+mul  0.102995543  0.102995543   0.205991087   0.000000000

  184   Si          Up spin      Down spin     Sum           Diff           Angles(Deg)
            multiple
  s           0    0.630115635  0.630115635   1.260231270   0.000000000    90.0000    0.0000
   sum over m      0.630115635  0.630115635   1.260231270   0.000000000
  s           1    0.000987305  0.000987305   0.001974609   0.000000000    90.0000    0.0000
   sum over m      0.000987305  0.000987305   0.001974609   0.000000000
   sum over m+mul  0.631102940  0.631102940   1.262205880   0.000000000
  px          0    0.419072204  0.419072204   0.838144408   0.000000000    90.0000    0.0000
  py          0    0.419105489  0.419105489   0.838210977   0.000000000    90.0000    0.0000
  pz          0    0.419072207  0.419072207   0.838144413   0.000000000    90.0000    0.0000
   sum over m      1.257249899  1.257249899   2.514499798   0.000000000
  px          1    0.002872200  0.002872200   0.005744400   0.000000000    90.0000    0.0000
  py          1    0.002875296  0.002875296   0.005750591   0.000000000    90.0000    0.0000
  pz          1    0.002872200  0.002872200   0.005744400   0.000000000    90.0000    0.0000
   sum over m      0.008619696  0.008619696   0.017239391   0.000000000
   sum over m+mul  1.265869595  1.265869595   2.531739189   0.000000000
  d3z^2-r^2   0    0.012097754  0.012097754   0.024195508   0.000000000    90.0000    0.0000
  dx^2-y^2    0    0.012097825  0.012097825   0.024195651   0.000000000    90.0000    0.0000
  dxy         0    0.026266486  0.026266486   0.052532972   0.000000000    90.0000    0.0000
  dxz         0    0.026266992  0.026266992   0.052533983   0.000000000    90.0000    0.0000
  dyz         0    0.026266486  0.026266486   0.052532973   0.000000000    90.0000    0.0000
   sum over m      0.102995543  0.102995543   0.205991087   0.000000000
   sum over m+mul  0.102995543  0.102995543   0.205991087   0.000000000

  185   Si          Up spin      Down spin     Sum           Diff           Angles(Deg)
            multiple
  s           0    0.630115635  0.630115635   1.260231270   0.000000000    90.0000    0.0000
   sum over m      0.630115635  0.630115635   1.260231270   0.000000000
  s           1    0.000987305  0.000987305   0.001974609   0.000000000    90.0000    0.0000
   sum over m      0.000987305  0.000987305   0.001974609   0.000000000
   sum over m+mul  0.631102940  0.631102940   1.262205880   0.000000000
  px          0    0.419072204  0.419072204   0.838144408   0.000000000    90.0000    0.0000
  py          0    0.419105489  0.419105489   0.838210977   0.000000000    90.0000    0.0000
  pz          0    0.419072207  0.419072207   0.838144413   0.000000000    90.0000    0.0000
   sum over m      1.257249899  1.257249899   2.514499798   0.000000000
  px          1    0.002872200  0.002872200   0.005744400   0.000000000    90.0000    0.0000
  py          1    0.002875296  0.002875296   0.005750591   0.000000000    90.0000    0.0000
  pz          1    0.002872200  0.002872200   0.005744400   0.000000000    90.0000    0.0000
   sum over m      0.008619696  0.008619696   0.017239391   0.000000000
   sum over m+mul  1.265869595  1.265869595   2.531739189   0.000000000
  d3z^2-r^2   0    0.012097754  0.012097754   0.024195508   0.000000000    90.0000    0.0000
  dx^2-y^2    0    0.012097825  0.012097825   0.024195651   0.000000000    90.0000    0.0000
  dxy         0    0.026266486  0.026266486   0.052532972   0.000000000    90.0000    0.0000
  dxz         0    0.026266992  0.026266992   0.052533983   0.000000000    90.0000    0.0000
  dyz         0    0.026266486  0.026266486   0.052532973   0.000000000    90.0000    0.0000
   sum over m      0.102995543  0.102995543   0.205991087   0.000000000
   sum over m+mul  0.102995543  0.102995543   0.205991087   0.000000000

  186   Si          Up spin      Down spin     Sum           Diff           Angles(Deg)
            multiple
  s           0    0.630165536  0.630165536   1.260331072   0.000000000    90.0000    0.0000
   sum over m      0.630165536  0.630165536   1.260331072   0.000000000
  s           1    0.001005682  0.001005682   0.002011364   0.000000000    90.0000    0.0000
   sum over m      0.001005682  0.001005682   0.002011364   0.000000000
   sum over m+mul  0.631171218  0.631171218   1.262342436   0.000000000
  px          0    0.419068739  0.419068739   0.838137479   0.000000000    90.0000    0.0000
  py          0    0.419068739  0.419068739   0.838137479   0.000000000    90.0000    0.0000
  pz          0    0.419068743  0.419068743   0.838137486   0.000000000    90.0000    0.0000
   sum over m      1.257206221  1.257206221   2.514412443   0.000000000
  px          1    0.002882554  0.002882554   0.005765109   0.000000000    90.0000    0.0000
  py          1    0.002882554  0.002882554   0.005765109   0.000000000    90.0000    0.0000
  pz          1    0.002882555  0.002882555   0.005765109   0.000000000    90.0000    0.0000
   sum over m      0.008647663  0.008647663   0.017295327   0.000000000
   sum over m+mul  1.265853885  1.265853885   2.531707770   0.000000000
  d3z^2-r^2   0    0.012097730  0.012097730   0.024195459   0.000000000    90.0000    0.0000
  dx^2-y^2    0    0.012097729  0.012097729   0.024195459   0.000000000    90.0000    0.0000
  dxy         0    0.026265946  0.026265946   0.052531892   0.000000000    90.0000    0.0000
  dxz         0    0.026265946  0.026265946   0.052531892   0.000000000    90.0000    0.0000
  dyz         0    0.026265946  0.026265946   0.052531892   0.000000000    90.0000    0.0000
   sum over m      0.102993297  0.102993297   0.205986594   0.000000000
   sum over m+mul  0.102993297  0.102993297   0.205986594   0.000000000

  187   Si          Up spin      Down spin     Sum           Diff           Angles(Deg)
            multiple
  s           0    0.630115635  0.630115635   1.260231270   0.000000000    90.0000    0.0000
   sum over m      0.630115635  0.630115635   1.260231270   0.000000000
  s           1    0.000987304  0.000987304   0.001974608   0.000000000    90.0000    0.0000
   sum over m      0.000987304  0.000987304   0.001974608   0.000000000
   sum over m+mul  0.631102939  0.631102939   1.262205879   0.000000000
  px          0    0.419072205  0.419072205   0.838144410   0.000000000    90.0000    0.0000
  py          0    0.419072205  0.419072205   0.838144410   0.000000000    90.0000    0.0000
  pz          0    0.419105491  0.419105491   0.838210981   0.000000000    90.0000    0.0000
   sum over m      1.257249901  1.257249901   2.514499801   0.000000000
  px          1    0.002872200  0.002872200   0.005744400   0.000000000    90.0000    0.0000
  py          1    0.002872200  0.002872200   0.005744400   0.000000000    90.0000    0.0000
  pz          1    0.002875296  0.002875296   0.005750591   0.000000000    90.0000    0.0000
   sum over m      0.008619695  0.008619695   0.017239391   0.000000000
   sum over m+mul  1.265869596  1.265869596   2.531739192   0.000000000
  d3z^2-r^2   0    0.012097861  0.012097861   0.024195723   0.000000000    90.0000    0.0000
  dx^2-y^2    0    0.012097718  0.012097718   0.024195436   0.000000000    90.0000    0.0000
  dxy         0    0.026266992  0.026266992   0.052533983   0.000000000    90.0000    0.0000
  dxz         0    0.026266486  0.026266486   0.052532973   0.000000000    90.0000    0.0000
  dyz         0    0.026266486  0.026266486   0.052532973   0.000000000    90.0000    0.0000
   sum over m      0.102995543  0.102995543   0.205991087   0.000000000
   sum over m+mul  0.102995543  0.102995543   0.205991087   0.000000000

  188   Si          Up spin      Down spin     Sum           Diff           Angles(Deg)
            multiple
  s           0    0.630115635  0.630115635   1.260231270   0.000000000    90.0000    0.0000
   sum over m      0.630115635  0.630115635   1.260231270   0.000000000
  s           1    0.000987305  0.000987305   0.001974609   0.000000000    90.0000    0.0000
   sum over m      0.000987305  0.000987305   0.001974609   0.000000000
   sum over m+mul  0.631102940  0.631102940   1.262205880   0.000000000
  px          0    0.419105489  0.419105489   0.838210977   0.000000000    90.0000    0.0000
  py          0    0.419072204  0.419072204   0.838144408   0.000000000    90.0000    0.0000
  pz          0    0.419072207  0.419072207   0.838144413   0.000000000    90.0000    0.0000
   sum over m      1.257249899  1.257249899   2.514499798   0.000000000
  px          1    0.002875296  0.002875296   0.005750591   0.000000000    90.0000    0.0000
  py          1    0.002872200  0.002872200   0.005744400   0.000000000    90.0000    0.0000
  pz          1    0.002872200  0.002872200   0.005744400   0.000000000    90.0000    0.0000
   sum over m      0.008619696  0.008619696   0.017239391   0.000000000
   sum over m+mul  1.265869595  1.265869595   2.531739189   0.000000000
  d3z^2-r^2   0    0.012097754  0.012097754   0.024195508   0.000000000    90.0000    0.0000
  dx^2-y^2    0    0.012097825  0.012097825   0.024195651   0.000000000    90.0000    0.0000
  dxy         0    0.026266486  0.026266486   0.052532972   0.000000000    90.0000    0.0000
  dxz         0    0.026266486  0.026266486   0.052532973   0.000000000    90.0000    0.0000
  dyz         0    0.026266992  0.026266992   0.052533983   0.000000000    90.0000    0.0000
   sum over m      0.102995543  0.102995543   0.205991087   0.000000000
   sum over m+mul  0.102995543  0.102995543   0.205991087   0.000000000

  189   Si          Up spin      Down spin     Sum           Diff           Angles(Deg)
            multiple
  s           0    0.630153295  0.630153295   1.260306590   0.000000000    90.0000    0.0000
   sum over m      0.630153295  0.630153295   1.260306590   0.000000000
  s           1    0.001007610  0.001007610   0.002015220   0.000000000    90.0000    0.0000
   sum over m      0.001007610  0.001007610   0.002015220   0.000000000
   sum over m+mul  0.631160905  0.631160905   1.262321810   0.000000000
  px          0    0.419095504  0.419095504   0.838191009   0.000000000    90.0000    0.0000
  py          0    0.419095504  0.419095504   0.838191009   0.000000000    90.0000    0.0000
  pz          0    0.419095507  0.419095507   0.838191014   0.000000000    90.0000    0.0000
   sum over m      1.257286516  1.257286516   2.514573032   0.000000000
  px          1    0.002879989  0.002879989   0.005759977   0.000000000    90.0000    0.0000
  py          1    0.002879989  0.002879989   0.005759977   0.000000000    90.0000    0.0000
  pz          1    0.002879989  0.002879989   0.005759977   0.000000000    90.0000    0.0000
   sum over m      0.008639966  0.008639966   0.017279932   0.000000000
   sum over m+mul  1.265926482  1.265926482   2.531852963   0.000000000
  d3z^2-r^2   0    0.012097657  0.012097657   0.024195314   0.000000000    90.0000    0.0000
  dx^2-y^2    0    0.012097657  0.012097657   0.024195314   0.000000000    90.0000    0.0000
  dxy         0    0.026266326  0.026266326   0.052532651   0.000000000    90.0000    0.0000
  dxz         0    0.026266326  0.026266326   0.052532651   0.000000000    90.0000    0.0000
  dyz         0    0.026266326  0.026266326   0.052532651   0.000000000    90.0000    0.0000
   sum over m      0.102994291  0.102994291   0.205988582   0.000000000
   sum over m+mul  0.102994291  0.102994291   0.205988582   0.000000000

  190   Si          Up spin      Down spin     Sum           Diff           Angles(Deg)
            multiple
  s           0    0.630115635  0.630115635   1.260231270   0.000000000    90.0000    0.0000
   sum over m      0.630115635  0.630115635   1.260231270   0.000000000
  s           1    0.000987305  0.000987305   0.001974609   0.000000000    90.0000    0.0000
   sum over m      0.000987305  0.000987305   0.001974609   0.000000000
   sum over m+mul  0.631102940  0.631102940   1.262205880   0.000000000
  px          0    0.419072204  0.419072204   0.838144408   0.000000000    90.0000    0.0000
  py          0    0.419105489  0.419105489   0.838210977   0.000000000    90.0000    0.0000
  pz          0    0.419072207  0.419072207   0.838144413   0.000000000    90.0000    0.0000
   sum over m      1.257249899  1.257249899   2.514499798   0.000000000
  px          1    0.002872200  0.002872200   0.005744400   0.000000000    90.0000    0.0000
  py          1    0.002875296  0.002875296   0.005750591   0.000000000    90.0000    0.0000
  pz          1    0.002872200  0.002872200   0.005744400   0.000000000    90.0000    0.0000
   sum over m      0.008619696  0.008619696   0.017239391   0.000000000
   sum over m+mul  1.265869595  1.265869595   2.531739189   0.000000000
  d3z^2-r^2   0    0.012097754  0.012097754   0.024195508   0.000000000    90.0000    0.0000
  dx^2-y^2    0    0.012097825  0.012097825   0.024195651   0.000000000    90.0000    0.0000
  dxy         0    0.026266486  0.026266486   0.052532972   0.000000000    90.0000    0.0000
  dxz         0    0.026266992  0.026266992   0.052533983   0.000000000    90.0000    0.0000
  dyz         0    0.026266486  0.026266486   0.052532973   0.000000000    90.0000    0.0000
   sum over m      0.102995543  0.102995543   0.205991087   0.000000000
   sum over m+mul  0.102995543  0.102995543   0.205991087   0.000000000

  191   Si          Up spin      Down spin     Sum           Diff           Angles(Deg)
            multiple
  s           0    0.630153295  0.630153295   1.260306590   0.000000000    90.0000    0.0000
   sum over m      0.630153295  0.630153295   1.260306590   0.000000000
  s           1    0.001007610  0.001007610   0.002015220   0.000000000    90.0000    0.0000
   sum over m      0.001007610  0.001007610   0.002015220   0.000000000
   sum over m+mul  0.631160905  0.631160905   1.262321810   0.000000000
  px          0    0.419095504  0.419095504   0.838191009   0.000000000    90.0000    0.0000
  py          0    0.419095504  0.419095504   0.838191009   0.000000000    90.0000    0.0000
  pz          0    0.419095507  0.419095507   0.838191014   0.000000000    90.0000    0.0000
   sum over m      1.257286516  1.257286516   2.514573032   0.000000000
  px          1    0.002879989  0.002879989   0.005759977   0.000000000    90.0000    0.0000
  py          1    0.002879989  0.002879989   0.005759977   0.000000000    90.0000    0.0000
  pz          1    0.002879989  0.002879989   0.005759977   0.000000000    90.0000    0.0000
   sum over m      0.008639966  0.008639966   0.017279932   0.000000000
   sum over m+mul  1.265926482  1.265926482   2.531852963   0.000000000
  d3z^2-r^2   0    0.012097657  0.012097657   0.024195314   0.000000000    90.0000    0.0000
  dx^2-y^2    0    0.012097657  0.012097657   0.024195314   0.000000000    90.0000    0.0000
  dxy         0    0.026266326  0.026266326   0.052532651   0.000000000    90.0000    0.0000
  dxz         0    0.026266326  0.026266326   0.052532651   0.000000000    90.0000    0.0000
  dyz         0    0.026266326  0.026266326   0.052532651   0.000000000    90.0000    0.0000
   sum over m      0.102994291  0.102994291   0.205988582   0.000000000
   sum over m+mul  0.102994291  0.102994291   0.205988582   0.000000000

  192   Si          Up spin      Down spin     Sum           Diff           Angles(Deg)
            multiple
  s           0    0.630115635  0.630115635   1.260231270   0.000000000    90.0000    0.0000
   sum over m      0.630115635  0.630115635   1.260231270   0.000000000
  s           1    0.000987305  0.000987305   0.001974609   0.000000000    90.0000    0.0000
   sum over m      0.000987305  0.000987305   0.001974609   0.000000000
   sum over m+mul  0.631102940  0.631102940   1.262205880   0.000000000
  px          0    0.419072204  0.419072204   0.838144408   0.000000000    90.0000    0.0000
  py          0    0.419105489  0.419105489   0.838210977   0.000000000    90.0000    0.0000
  pz          0    0.419072207  0.419072207   0.838144413   0.000000000    90.0000    0.0000
   sum over m      1.257249899  1.257249899   2.514499798   0.000000000
  px          1    0.002872200  0.002872200   0.005744400   0.000000000    90.0000    0.0000
  py          1    0.002875296  0.002875296   0.005750591   0.000000000    90.0000    0.0000
  pz          1    0.002872200  0.002872200   0.005744400   0.000000000    90.0000    0.0000
   sum over m      0.008619696  0.008619696   0.017239391   0.000000000
   sum over m+mul  1.265869595  1.265869595   2.531739189   0.000000000
  d3z^2-r^2   0    0.012097754  0.012097754   0.024195508   0.000000000    90.0000    0.0000
  dx^2-y^2    0    0.012097825  0.012097825   0.024195651   0.000000000    90.0000    0.0000
  dxy         0    0.026266486  0.026266486   0.052532972   0.000000000    90.0000    0.0000
  dxz         0    0.026266992  0.026266992   0.052533983   0.000000000    90.0000    0.0000
  dyz         0    0.026266486  0.026266486   0.052532973   0.000000000    90.0000    0.0000
   sum over m      0.102995543  0.102995543   0.205991087   0.000000000
   sum over m+mul  0.102995543  0.102995543   0.205991087   0.000000000

  193   Si          Up spin      Down spin     Sum           Diff           Angles(Deg)
            multiple
  s           0    0.630156270  0.630156270   1.260312541   0.000000000    90.0000    0.0000
   sum over m      0.630156270  0.630156270   1.260312541   0.000000000
  s           1    0.001009129  0.001009129   0.002018257   0.000000000    90.0000    0.0000
   sum over m      0.001009129  0.001009129   0.002018257   0.000000000
   sum over m+mul  0.631165399  0.631165399   1.262330798   0.000000000
  px          0    0.419089901  0.419089901   0.838179801   0.000000000    90.0000    0.0000
  py          0    0.419089901  0.419089901   0.838179801   0.000000000    90.0000    0.0000
  pz          0    0.419089904  0.419089904   0.838179808   0.000000000    90.0000    0.0000
   sum over m      1.257269705  1.257269705   2.514539411   0.000000000
  px          1    0.002881573  0.002881573   0.005763147   0.000000000    90.0000    0.0000
  py          1    0.002881573  0.002881573   0.005763147   0.000000000    90.0000    0.0000
  pz          1    0.002881573  0.002881573   0.005763146   0.000000000    90.0000    0.0000
   sum over m      0.008644720  0.008644720   0.017289439   0.000000000
   sum over m+mul  1.265914425  1.265914425   2.531828850   0.000000000
  d3z^2-r^2   0    0.012097568  0.012097568   0.024195137   0.000000000    90.0000    0.0000
  dx^2-y^2    0    0.012097569  0.012097569   0.024195137   0.000000000    90.0000    0.0000
  dxy         0    0.026266300  0.026266300   0.052532599   0.000000000    90.0000    0.0000
  dxz         0    0.026266300  0.026266300   0.052532599   0.000000000    90.0000    0.0000
  dyz         0    0.026266300  0.026266300   0.052532599   0.000000000    90.0000    0.0000
   sum over m      0.102994036  0.102994036   0.205988072   0.000000000
   sum over m+mul  0.102994036  0.102994036   0.205988072   0.000000000

  194   Si          Up spin      Down spin     Sum           Diff           Angles(Deg)
            multiple
  s           0    0.630115635  0.630115635   1.260231270   0.000000000    90.0000    0.0000
   sum over m      0.630115635  0.630115635   1.260231270   0.000000000
  s           1    0.000987305  0.000987305   0.001974609   0.000000000    90.0000    0.0000
   sum over m      0.000987305  0.000987305   0.001974609   0.000000000
   sum over m+mul  0.631102940  0.631102940   1.262205880   0.000000000
  px          0    0.419105489  0.419105489   0.838210977   0.000000000    90.0000    0.0000
  py          0    0.419072204  0.419072204   0.838144408   0.000000000    90.0000    0.0000
  pz          0    0.419072207  0.419072207   0.838144413   0.000000000    90.0000    0.0000
   sum over m      1.257249899  1.257249899   2.514499798   0.000000000
  px          1    0.002875296  0.002875296   0.005750591   0.000000000    90.0000    0.0000
  py          1    0.002872200  0.002872200   0.005744400   0.000000000    90.0000    0.0000
  pz          1    0.002872200  0.002872200   0.005744400   0.000000000    90.0000    0.0000
   sum over m      0.008619696  0.008619696   0.017239391   0.000000000
   sum over m+mul  1.265869595  1.265869595   2.531739189   0.000000000
  d3z^2-r^2   0    0.012097754  0.012097754   0.024195508   0.000000000    90.0000    0.0000
  dx^2-y^2    0    0.012097825  0.012097825   0.024195651   0.000000000    90.0000    0.0000
  dxy         0    0.026266486  0.026266486   0.052532972   0.000000000    90.0000    0.0000
  dxz         0    0.026266486  0.026266486   0.052532973   0.000000000    90.0000    0.0000
  dyz         0    0.026266992  0.026266992   0.052533983   0.000000000    90.0000    0.0000
   sum over m      0.102995543  0.102995543   0.205991087   0.000000000
   sum over m+mul  0.102995543  0.102995543   0.205991087   0.000000000

  195   Si          Up spin      Down spin     Sum           Diff           Angles(Deg)
            multiple
  s           0    0.630115635  0.630115635   1.260231270   0.000000000    90.0000    0.0000
   sum over m      0.630115635  0.630115635   1.260231270   0.000000000
  s           1    0.000987305  0.000987305   0.001974609   0.000000000    90.0000    0.0000
   sum over m      0.000987305  0.000987305   0.001974609   0.000000000
   sum over m+mul  0.631102940  0.631102940   1.262205880   0.000000000
  px          0    0.419072204  0.419072204   0.838144408   0.000000000    90.0000    0.0000
  py          0    0.419105489  0.419105489   0.838210977   0.000000000    90.0000    0.0000
  pz          0    0.419072207  0.419072207   0.838144413   0.000000000    90.0000    0.0000
   sum over m      1.257249899  1.257249899   2.514499798   0.000000000
  px          1    0.002872200  0.002872200   0.005744400   0.000000000    90.0000    0.0000
  py          1    0.002875296  0.002875296   0.005750591   0.000000000    90.0000    0.0000
  pz          1    0.002872200  0.002872200   0.005744400   0.000000000    90.0000    0.0000
   sum over m      0.008619696  0.008619696   0.017239391   0.000000000
   sum over m+mul  1.265869595  1.265869595   2.531739189   0.000000000
  d3z^2-r^2   0    0.012097754  0.012097754   0.024195508   0.000000000    90.0000    0.0000
  dx^2-y^2    0    0.012097825  0.012097825   0.024195651   0.000000000    90.0000    0.0000
  dxy         0    0.026266486  0.026266486   0.052532972   0.000000000    90.0000    0.0000
  dxz         0    0.026266992  0.026266992   0.052533983   0.000000000    90.0000    0.0000
  dyz         0    0.026266486  0.026266486   0.052532973   0.000000000    90.0000    0.0000
   sum over m      0.102995543  0.102995543   0.205991087   0.000000000
   sum over m+mul  0.102995543  0.102995543   0.205991087   0.000000000

  196   Si          Up spin      Down spin     Sum           Diff           Angles(Deg)
            multiple
  s           0    0.630104907  0.630104907   1.260209814   0.000000000    90.0000    0.0000
   sum over m      0.630104907  0.630104907   1.260209814   0.000000000
  s           1    0.000984194  0.000984194   0.001968388   0.000000000    90.0000    0.0000
   sum over m      0.000984194  0.000984194   0.001968388   0.000000000
   sum over m+mul  0.631089101  0.631089101   1.262178202   0.000000000
  px          0    0.419064415  0.419064415   0.838128829   0.000000000    90.0000    0.0000
  py          0    0.419064415  0.419064415   0.838128829   0.000000000    90.0000    0.0000
  pz          0    0.419122237  0.419122237   0.838244474   0.000000000    90.0000    0.0000
   sum over m      1.257251066  1.257251066   2.514502132   0.000000000
  px          1    0.002873651  0.002873651   0.005747302   0.000000000    90.0000    0.0000
  py          1    0.002873651  0.002873651   0.005747302   0.000000000    90.0000    0.0000
  pz          1    0.002874512  0.002874512   0.005749024   0.000000000    90.0000    0.0000
   sum over m      0.008621814  0.008621814   0.017243628   0.000000000
   sum over m+mul  1.265872880  1.265872880   2.531745760   0.000000000
  d3z^2-r^2   0    0.012097870  0.012097870   0.024195739   0.000000000    90.0000    0.0000
  dx^2-y^2    0    0.012097645  0.012097645   0.024195290   0.000000000    90.0000    0.0000
  dxy         0    0.026266839  0.026266839   0.052533678   0.000000000    90.0000    0.0000
  dxz         0    0.026266375  0.026266375   0.052532750   0.000000000    90.0000    0.0000
  dyz         0    0.026266375  0.026266375   0.052532750   0.000000000    90.0000    0.0000
   sum over m      0.102995103  0.102995103   0.205990207   0.000000000
   sum over m+mul  0.102995103  0.102995103   0.205990207   0.000000000

  197   Si          Up spin      Down spin     Sum           Diff           Angles(Deg)
            multiple
  s           0    0.630115635  0.630115635   1.260231270   0.000000000    90.0000    0.0000
   sum over m      0.630115635  0.630115635   1.260231270   0.000000000
  s           1    0.000987304  0.000987304   0.001974608   0.000000000    90.0000    0.0000
   sum over m      0.000987304  0.000987304   0.001974608   0.000000000
   sum over m+mul  0.631102939  0.631102939   1.262205879   0.000000000
  px          0    0.419072205  0.419072205   0.838144410   0.000000000    90.0000    0.0000
  py          0    0.419072205  0.419072205   0.838144410   0.000000000    90.0000    0.0000
  pz          0    0.419105491  0.419105491   0.838210981   0.000000000    90.0000    0.0000
   sum over m      1.257249901  1.257249901   2.514499801   0.000000000
  px          1    0.002872200  0.002872200   0.005744400   0.000000000    90.0000    0.0000
  py          1    0.002872200  0.002872200   0.005744400   0.000000000    90.0000    0.0000
  pz          1    0.002875296  0.002875296   0.005750591   0.000000000    90.0000    0.0000
   sum over m      0.008619695  0.008619695   0.017239391   0.000000000
   sum over m+mul  1.265869596  1.265869596   2.531739192   0.000000000
  d3z^2-r^2   0    0.012097861  0.012097861   0.024195723   0.000000000    90.0000    0.0000
  dx^2-y^2    0    0.012097718  0.012097718   0.024195436   0.000000000    90.0000    0.0000
  dxy         0    0.026266992  0.026266992   0.052533983   0.000000000    90.0000    0.0000
  dxz         0    0.026266486  0.026266486   0.052532973   0.000000000    90.0000    0.0000
  dyz         0    0.026266486  0.026266486   0.052532973   0.000000000    90.0000    0.0000
   sum over m      0.102995543  0.102995543   0.205991087   0.000000000
   sum over m+mul  0.102995543  0.102995543   0.205991087   0.000000000

  198   Si          Up spin      Down spin     Sum           Diff           Angles(Deg)
            multiple
  s           0    0.630153295  0.630153295   1.260306590   0.000000000    90.0000    0.0000
   sum over m      0.630153295  0.630153295   1.260306590   0.000000000
  s           1    0.001007610  0.001007610   0.002015220   0.000000000    90.0000    0.0000
   sum over m      0.001007610  0.001007610   0.002015220   0.000000000
   sum over m+mul  0.631160905  0.631160905   1.262321810   0.000000000
  px          0    0.419095504  0.419095504   0.838191009   0.000000000    90.0000    0.0000
  py          0    0.419095504  0.419095504   0.838191009   0.000000000    90.0000    0.0000
  pz          0    0.419095507  0.419095507   0.838191014   0.000000000    90.0000    0.0000
   sum over m      1.257286516  1.257286516   2.514573032   0.000000000
  px          1    0.002879989  0.002879989   0.005759977   0.000000000    90.0000    0.0000
  py          1    0.002879989  0.002879989   0.005759977   0.000000000    90.0000    0.0000
  pz          1    0.002879989  0.002879989   0.005759977   0.000000000    90.0000    0.0000
   sum over m      0.008639966  0.008639966   0.017279932   0.000000000
   sum over m+mul  1.265926482  1.265926482   2.531852963   0.000000000
  d3z^2-r^2   0    0.012097657  0.012097657   0.024195314   0.000000000    90.0000    0.0000
  dx^2-y^2    0    0.012097657  0.012097657   0.024195314   0.000000000    90.0000    0.0000
  dxy         0    0.026266326  0.026266326   0.052532651   0.000000000    90.0000    0.0000
  dxz         0    0.026266326  0.026266326   0.052532651   0.000000000    90.0000    0.0000
  dyz         0    0.026266326  0.026266326   0.052532651   0.000000000    90.0000    0.0000
   sum over m      0.102994291  0.102994291   0.205988582   0.000000000
   sum over m+mul  0.102994291  0.102994291   0.205988582   0.000000000

  199   Si          Up spin      Down spin     Sum           Diff           Angles(Deg)
            multiple
  s           0    0.630153295  0.630153295   1.260306590   0.000000000    90.0000    0.0000
   sum over m      0.630153295  0.630153295   1.260306590   0.000000000
  s           1    0.001007610  0.001007610   0.002015220   0.000000000    90.0000    0.0000
   sum over m      0.001007610  0.001007610   0.002015220   0.000000000
   sum over m+mul  0.631160905  0.631160905   1.262321810   0.000000000
  px          0    0.419095504  0.419095504   0.838191009   0.000000000    90.0000    0.0000
  py          0    0.419095504  0.419095504   0.838191009   0.000000000    90.0000    0.0000
  pz          0    0.419095507  0.419095507   0.838191014   0.000000000    90.0000    0.0000
   sum over m      1.257286516  1.257286516   2.514573032   0.000000000
  px          1    0.002879989  0.002879989   0.005759977   0.000000000    90.0000    0.0000
  py          1    0.002879989  0.002879989   0.005759977   0.000000000    90.0000    0.0000
  pz          1    0.002879989  0.002879989   0.005759977   0.000000000    90.0000    0.0000
   sum over m      0.008639966  0.008639966   0.017279932   0.000000000
   sum over m+mul  1.265926482  1.265926482   2.531852963   0.000000000
  d3z^2-r^2   0    0.012097657  0.012097657   0.024195314   0.000000000    90.0000    0.0000
  dx^2-y^2    0    0.012097657  0.012097657   0.024195314   0.000000000    90.0000    0.0000
  dxy         0    0.026266326  0.026266326   0.052532651   0.000000000    90.0000    0.0000
  dxz         0    0.026266326  0.026266326   0.052532651   0.000000000    90.0000    0.0000
  dyz         0    0.026266326  0.026266326   0.052532651   0.000000000    90.0000    0.0000
   sum over m      0.102994291  0.102994291   0.205988582   0.000000000
   sum over m+mul  0.102994291  0.102994291   0.205988582   0.000000000

  200   Si          Up spin      Down spin     Sum           Diff           Angles(Deg)
            multiple
  s           0    0.630115635  0.630115635   1.260231270   0.000000000    90.0000    0.0000
   sum over m      0.630115635  0.630115635   1.260231270   0.000000000
  s           1    0.000987304  0.000987304   0.001974608   0.000000000    90.0000    0.0000
   sum over m      0.000987304  0.000987304   0.001974608   0.000000000
   sum over m+mul  0.631102939  0.631102939   1.262205879   0.000000000
  px          0    0.419072205  0.419072205   0.838144410   0.000000000    90.0000    0.0000
  py          0    0.419072205  0.419072205   0.838144410   0.000000000    90.0000    0.0000
  pz          0    0.419105491  0.419105491   0.838210981   0.000000000    90.0000    0.0000
   sum over m      1.257249901  1.257249901   2.514499801   0.000000000
  px          1    0.002872200  0.002872200   0.005744400   0.000000000    90.0000    0.0000
  py          1    0.002872200  0.002872200   0.005744400   0.000000000    90.0000    0.0000
  pz          1    0.002875296  0.002875296   0.005750591   0.000000000    90.0000    0.0000
   sum over m      0.008619695  0.008619695   0.017239391   0.000000000
   sum over m+mul  1.265869596  1.265869596   2.531739192   0.000000000
  d3z^2-r^2   0    0.012097861  0.012097861   0.024195723   0.000000000    90.0000    0.0000
  dx^2-y^2    0    0.012097718  0.012097718   0.024195436   0.000000000    90.0000    0.0000
  dxy         0    0.026266992  0.026266992   0.052533983   0.000000000    90.0000    0.0000
  dxz         0    0.026266486  0.026266486   0.052532973   0.000000000    90.0000    0.0000
  dyz         0    0.026266486  0.026266486   0.052532973   0.000000000    90.0000    0.0000
   sum over m      0.102995543  0.102995543   0.205991087   0.000000000
   sum over m+mul  0.102995543  0.102995543   0.205991087   0.000000000

  201   Si          Up spin      Down spin     Sum           Diff           Angles(Deg)
            multiple
  s           0    0.630115635  0.630115635   1.260231270   0.000000000    90.0000    0.0000
   sum over m      0.630115635  0.630115635   1.260231270   0.000000000
  s           1    0.000987304  0.000987304   0.001974608   0.000000000    90.0000    0.0000
   sum over m      0.000987304  0.000987304   0.001974608   0.000000000
   sum over m+mul  0.631102939  0.631102939   1.262205879   0.000000000
  px          0    0.419072205  0.419072205   0.838144410   0.000000000    90.0000    0.0000
  py          0    0.419072205  0.419072205   0.838144410   0.000000000    90.0000    0.0000
  pz          0    0.419105491  0.419105491   0.838210981   0.000000000    90.0000    0.0000
   sum over m      1.257249901  1.257249901   2.514499801   0.000000000
  px          1    0.002872200  0.002872200   0.005744400   0.000000000    90.0000    0.0000
  py          1    0.002872200  0.002872200   0.005744400   0.000000000    90.0000    0.0000
  pz          1    0.002875296  0.002875296   0.005750591   0.000000000    90.0000    0.0000
   sum over m      0.008619695  0.008619695   0.017239391   0.000000000
   sum over m+mul  1.265869596  1.265869596   2.531739192   0.000000000
  d3z^2-r^2   0    0.012097861  0.012097861   0.024195723   0.000000000    90.0000    0.0000
  dx^2-y^2    0    0.012097718  0.012097718   0.024195436   0.000000000    90.0000    0.0000
  dxy         0    0.026266992  0.026266992   0.052533983   0.000000000    90.0000    0.0000
  dxz         0    0.026266486  0.026266486   0.052532973   0.000000000    90.0000    0.0000
  dyz         0    0.026266486  0.026266486   0.052532973   0.000000000    90.0000    0.0000
   sum over m      0.102995543  0.102995543   0.205991087   0.000000000
   sum over m+mul  0.102995543  0.102995543   0.205991087   0.000000000

  202   Si          Up spin      Down spin     Sum           Diff           Angles(Deg)
            multiple
  s           0    0.630115635  0.630115635   1.260231270   0.000000000    90.0000    0.0000
   sum over m      0.630115635  0.630115635   1.260231270   0.000000000
  s           1    0.000987305  0.000987305   0.001974609   0.000000000    90.0000    0.0000
   sum over m      0.000987305  0.000987305   0.001974609   0.000000000
   sum over m+mul  0.631102940  0.631102940   1.262205880   0.000000000
  px          0    0.419105489  0.419105489   0.838210977   0.000000000    90.0000    0.0000
  py          0    0.419072204  0.419072204   0.838144408   0.000000000    90.0000    0.0000
  pz          0    0.419072207  0.419072207   0.838144413   0.000000000    90.0000    0.0000
   sum over m      1.257249899  1.257249899   2.514499798   0.000000000
  px          1    0.002875296  0.002875296   0.005750591   0.000000000    90.0000    0.0000
  py          1    0.002872200  0.002872200   0.005744400   0.000000000    90.0000    0.0000
  pz          1    0.002872200  0.002872200   0.005744400   0.000000000    90.0000    0.0000
   sum over m      0.008619696  0.008619696   0.017239391   0.000000000
   sum over m+mul  1.265869595  1.265869595   2.531739189   0.000000000
  d3z^2-r^2   0    0.012097754  0.012097754   0.024195508   0.000000000    90.0000    0.0000
  dx^2-y^2    0    0.012097825  0.012097825   0.024195651   0.000000000    90.0000    0.0000
  dxy         0    0.026266486  0.026266486   0.052532972   0.000000000    90.0000    0.0000
  dxz         0    0.026266486  0.026266486   0.052532973   0.000000000    90.0000    0.0000
  dyz         0    0.026266992  0.026266992   0.052533983   0.000000000    90.0000    0.0000
   sum over m      0.102995543  0.102995543   0.205991087   0.000000000
   sum over m+mul  0.102995543  0.102995543   0.205991087   0.000000000

  203   Si          Up spin      Down spin     Sum           Diff           Angles(Deg)
            multiple
  s           0    0.630115635  0.630115635   1.260231270   0.000000000    90.0000    0.0000
   sum over m      0.630115635  0.630115635   1.260231270   0.000000000
  s           1    0.000987305  0.000987305   0.001974609   0.000000000    90.0000    0.0000
   sum over m      0.000987305  0.000987305   0.001974609   0.000000000
   sum over m+mul  0.631102940  0.631102940   1.262205880   0.000000000
  px          0    0.419072204  0.419072204   0.838144408   0.000000000    90.0000    0.0000
  py          0    0.419105489  0.419105489   0.838210977   0.000000000    90.0000    0.0000
  pz          0    0.419072207  0.419072207   0.838144413   0.000000000    90.0000    0.0000
   sum over m      1.257249899  1.257249899   2.514499798   0.000000000
  px          1    0.002872200  0.002872200   0.005744400   0.000000000    90.0000    0.0000
  py          1    0.002875296  0.002875296   0.005750591   0.000000000    90.0000    0.0000
  pz          1    0.002872200  0.002872200   0.005744400   0.000000000    90.0000    0.0000
   sum over m      0.008619696  0.008619696   0.017239391   0.000000000
   sum over m+mul  1.265869595  1.265869595   2.531739189   0.000000000
  d3z^2-r^2   0    0.012097754  0.012097754   0.024195508   0.000000000    90.0000    0.0000
  dx^2-y^2    0    0.012097825  0.012097825   0.024195651   0.000000000    90.0000    0.0000
  dxy         0    0.026266486  0.026266486   0.052532972   0.000000000    90.0000    0.0000
  dxz         0    0.026266992  0.026266992   0.052533983   0.000000000    90.0000    0.0000
  dyz         0    0.026266486  0.026266486   0.052532973   0.000000000    90.0000    0.0000
   sum over m      0.102995543  0.102995543   0.205991087   0.000000000
   sum over m+mul  0.102995543  0.102995543   0.205991087   0.000000000

  204   Si          Up spin      Down spin     Sum           Diff           Angles(Deg)
            multiple
  s           0    0.630165536  0.630165536   1.260331072   0.000000000    90.0000    0.0000
   sum over m      0.630165536  0.630165536   1.260331072   0.000000000
  s           1    0.001005682  0.001005682   0.002011364   0.000000000    90.0000    0.0000
   sum over m      0.001005682  0.001005682   0.002011364   0.000000000
   sum over m+mul  0.631171218  0.631171218   1.262342436   0.000000000
  px          0    0.419068739  0.419068739   0.838137479   0.000000000    90.0000    0.0000
  py          0    0.419068739  0.419068739   0.838137479   0.000000000    90.0000    0.0000
  pz          0    0.419068743  0.419068743   0.838137486   0.000000000    90.0000    0.0000
   sum over m      1.257206221  1.257206221   2.514412443   0.000000000
  px          1    0.002882554  0.002882554   0.005765109   0.000000000    90.0000    0.0000
  py          1    0.002882554  0.002882554   0.005765109   0.000000000    90.0000    0.0000
  pz          1    0.002882555  0.002882555   0.005765109   0.000000000    90.0000    0.0000
   sum over m      0.008647663  0.008647663   0.017295327   0.000000000
   sum over m+mul  1.265853885  1.265853885   2.531707770   0.000000000
  d3z^2-r^2   0    0.012097730  0.012097730   0.024195459   0.000000000    90.0000    0.0000
  dx^2-y^2    0    0.012097729  0.012097729   0.024195459   0.000000000    90.0000    0.0000
  dxy         0    0.026265946  0.026265946   0.052531892   0.000000000    90.0000    0.0000
  dxz         0    0.026265946  0.026265946   0.052531892   0.000000000    90.0000    0.0000
  dyz         0    0.026265946  0.026265946   0.052531892   0.000000000    90.0000    0.0000
   sum over m      0.102993297  0.102993297   0.205986594   0.000000000
   sum over m+mul  0.102993297  0.102993297   0.205986594   0.000000000

  205   Si          Up spin      Down spin     Sum           Diff           Angles(Deg)
            multiple
  s           0    0.630153295  0.630153295   1.260306590   0.000000000    90.0000    0.0000
   sum over m      0.630153295  0.630153295   1.260306590   0.000000000
  s           1    0.001007610  0.001007610   0.002015220   0.000000000    90.0000    0.0000
   sum over m      0.001007610  0.001007610   0.002015220   0.000000000
   sum over m+mul  0.631160905  0.631160905   1.262321810   0.000000000
  px          0    0.419095504  0.419095504   0.838191009   0.000000000    90.0000    0.0000
  py          0    0.419095504  0.419095504   0.838191009   0.000000000    90.0000    0.0000
  pz          0    0.419095507  0.419095507   0.838191014   0.000000000    90.0000    0.0000
   sum over m      1.257286516  1.257286516   2.514573032   0.000000000
  px          1    0.002879989  0.002879989   0.005759977   0.000000000    90.0000    0.0000
  py          1    0.002879989  0.002879989   0.005759977   0.000000000    90.0000    0.0000
  pz          1    0.002879989  0.002879989   0.005759977   0.000000000    90.0000    0.0000
   sum over m      0.008639966  0.008639966   0.017279932   0.000000000
   sum over m+mul  1.265926482  1.265926482   2.531852963   0.000000000
  d3z^2-r^2   0    0.012097657  0.012097657   0.024195314   0.000000000    90.0000    0.0000
  dx^2-y^2    0    0.012097657  0.012097657   0.024195314   0.000000000    90.0000    0.0000
  dxy         0    0.026266326  0.026266326   0.052532651   0.000000000    90.0000    0.0000
  dxz         0    0.026266326  0.026266326   0.052532651   0.000000000    90.0000    0.0000
  dyz         0    0.026266326  0.026266326   0.052532651   0.000000000    90.0000    0.0000
   sum over m      0.102994291  0.102994291   0.205988582   0.000000000
   sum over m+mul  0.102994291  0.102994291   0.205988582   0.000000000

  206   Si          Up spin      Down spin     Sum           Diff           Angles(Deg)
            multiple
  s           0    0.630115635  0.630115635   1.260231270   0.000000000    90.0000    0.0000
   sum over m      0.630115635  0.630115635   1.260231270   0.000000000
  s           1    0.000987304  0.000987304   0.001974608   0.000000000    90.0000    0.0000
   sum over m      0.000987304  0.000987304   0.001974608   0.000000000
   sum over m+mul  0.631102939  0.631102939   1.262205879   0.000000000
  px          0    0.419072205  0.419072205   0.838144410   0.000000000    90.0000    0.0000
  py          0    0.419072205  0.419072205   0.838144410   0.000000000    90.0000    0.0000
  pz          0    0.419105491  0.419105491   0.838210981   0.000000000    90.0000    0.0000
   sum over m      1.257249901  1.257249901   2.514499801   0.000000000
  px          1    0.002872200  0.002872200   0.005744400   0.000000000    90.0000    0.0000
  py          1    0.002872200  0.002872200   0.005744400   0.000000000    90.0000    0.0000
  pz          1    0.002875296  0.002875296   0.005750591   0.000000000    90.0000    0.0000
   sum over m      0.008619695  0.008619695   0.017239391   0.000000000
   sum over m+mul  1.265869596  1.265869596   2.531739192   0.000000000
  d3z^2-r^2   0    0.012097861  0.012097861   0.024195723   0.000000000    90.0000    0.0000
  dx^2-y^2    0    0.012097718  0.012097718   0.024195436   0.000000000    90.0000    0.0000
  dxy         0    0.026266992  0.026266992   0.052533983   0.000000000    90.0000    0.0000
  dxz         0    0.026266486  0.026266486   0.052532973   0.000000000    90.0000    0.0000
  dyz         0    0.026266486  0.026266486   0.052532973   0.000000000    90.0000    0.0000
   sum over m      0.102995543  0.102995543   0.205991087   0.000000000
   sum over m+mul  0.102995543  0.102995543   0.205991087   0.000000000

  207   Si          Up spin      Down spin     Sum           Diff           Angles(Deg)
            multiple
  s           0    0.630115635  0.630115635   1.260231270   0.000000000    90.0000    0.0000
   sum over m      0.630115635  0.630115635   1.260231270   0.000000000
  s           1    0.000987304  0.000987304   0.001974608   0.000000000    90.0000    0.0000
   sum over m      0.000987304  0.000987304   0.001974608   0.000000000
   sum over m+mul  0.631102939  0.631102939   1.262205879   0.000000000
  px          0    0.419072205  0.419072205   0.838144410   0.000000000    90.0000    0.0000
  py          0    0.419072205  0.419072205   0.838144410   0.000000000    90.0000    0.0000
  pz          0    0.419105491  0.419105491   0.838210981   0.000000000    90.0000    0.0000
   sum over m      1.257249901  1.257249901   2.514499801   0.000000000
  px          1    0.002872200  0.002872200   0.005744400   0.000000000    90.0000    0.0000
  py          1    0.002872200  0.002872200   0.005744400   0.000000000    90.0000    0.0000
  pz          1    0.002875296  0.002875296   0.005750591   0.000000000    90.0000    0.0000
   sum over m      0.008619695  0.008619695   0.017239391   0.000000000
   sum over m+mul  1.265869596  1.265869596   2.531739192   0.000000000
  d3z^2-r^2   0    0.012097861  0.012097861   0.024195723   0.000000000    90.0000    0.0000
  dx^2-y^2    0    0.012097718  0.012097718   0.024195436   0.000000000    90.0000    0.0000
  dxy         0    0.026266992  0.026266992   0.052533983   0.000000000    90.0000    0.0000
  dxz         0    0.026266486  0.026266486   0.052532973   0.000000000    90.0000    0.0000
  dyz         0    0.026266486  0.026266486   0.052532973   0.000000000    90.0000    0.0000
   sum over m      0.102995543  0.102995543   0.205991087   0.000000000
   sum over m+mul  0.102995543  0.102995543   0.205991087   0.000000000

  208   Si          Up spin      Down spin     Sum           Diff           Angles(Deg)
            multiple
  s           0    0.630153295  0.630153295   1.260306590   0.000000000    90.0000    0.0000
   sum over m      0.630153295  0.630153295   1.260306590   0.000000000
  s           1    0.001007610  0.001007610   0.002015220   0.000000000    90.0000    0.0000
   sum over m      0.001007610  0.001007610   0.002015220   0.000000000
   sum over m+mul  0.631160905  0.631160905   1.262321810   0.000000000
  px          0    0.419095504  0.419095504   0.838191009   0.000000000    90.0000    0.0000
  py          0    0.419095504  0.419095504   0.838191009   0.000000000    90.0000    0.0000
  pz          0    0.419095507  0.419095507   0.838191014   0.000000000    90.0000    0.0000
   sum over m      1.257286516  1.257286516   2.514573032   0.000000000
  px          1    0.002879989  0.002879989   0.005759977   0.000000000    90.0000    0.0000
  py          1    0.002879989  0.002879989   0.005759977   0.000000000    90.0000    0.0000
  pz          1    0.002879989  0.002879989   0.005759977   0.000000000    90.0000    0.0000
   sum over m      0.008639966  0.008639966   0.017279932   0.000000000
   sum over m+mul  1.265926482  1.265926482   2.531852963   0.000000000
  d3z^2-r^2   0    0.012097657  0.012097657   0.024195314   0.000000000    90.0000    0.0000
  dx^2-y^2    0    0.012097657  0.012097657   0.024195314   0.000000000    90.0000    0.0000
  dxy         0    0.026266326  0.026266326   0.052532651   0.000000000    90.0000    0.0000
  dxz         0    0.026266326  0.026266326   0.052532651   0.000000000    90.0000    0.0000
  dyz         0    0.026266326  0.026266326   0.052532651   0.000000000    90.0000    0.0000
   sum over m      0.102994291  0.102994291   0.205988582   0.000000000
   sum over m+mul  0.102994291  0.102994291   0.205988582   0.000000000

  209   Si          Up spin      Down spin     Sum           Diff           Angles(Deg)
            multiple
  s           0    0.630153295  0.630153295   1.260306590   0.000000000    90.0000    0.0000
   sum over m      0.630153295  0.630153295   1.260306590   0.000000000
  s           1    0.001007610  0.001007610   0.002015220   0.000000000    90.0000    0.0000
   sum over m      0.001007610  0.001007610   0.002015220   0.000000000
   sum over m+mul  0.631160905  0.631160905   1.262321810   0.000000000
  px          0    0.419095504  0.419095504   0.838191009   0.000000000    90.0000    0.0000
  py          0    0.419095504  0.419095504   0.838191009   0.000000000    90.0000    0.0000
  pz          0    0.419095507  0.419095507   0.838191014   0.000000000    90.0000    0.0000
   sum over m      1.257286516  1.257286516   2.514573032   0.000000000
  px          1    0.002879989  0.002879989   0.005759977   0.000000000    90.0000    0.0000
  py          1    0.002879989  0.002879989   0.005759977   0.000000000    90.0000    0.0000
  pz          1    0.002879989  0.002879989   0.005759977   0.000000000    90.0000    0.0000
   sum over m      0.008639966  0.008639966   0.017279932   0.000000000
   sum over m+mul  1.265926482  1.265926482   2.531852963   0.000000000
  d3z^2-r^2   0    0.012097657  0.012097657   0.024195314   0.000000000    90.0000    0.0000
  dx^2-y^2    0    0.012097657  0.012097657   0.024195314   0.000000000    90.0000    0.0000
  dxy         0    0.026266326  0.026266326   0.052532651   0.000000000    90.0000    0.0000
  dxz         0    0.026266326  0.026266326   0.052532651   0.000000000    90.0000    0.0000
  dyz         0    0.026266326  0.026266326   0.052532651   0.000000000    90.0000    0.0000
   sum over m      0.102994291  0.102994291   0.205988582   0.000000000
   sum over m+mul  0.102994291  0.102994291   0.205988582   0.000000000

  210   Si          Up spin      Down spin     Sum           Diff           Angles(Deg)
            multiple
  s           0    0.630104908  0.630104908   1.260209815   0.000000000    90.0000    0.0000
   sum over m      0.630104908  0.630104908   1.260209815   0.000000000
  s           1    0.000984194  0.000984194   0.001968388   0.000000000    90.0000    0.0000
   sum over m      0.000984194  0.000984194   0.001968388   0.000000000
   sum over m+mul  0.631089102  0.631089102   1.262178203   0.000000000
  px          0    0.419064414  0.419064414   0.838128829   0.000000000    90.0000    0.0000
  py          0    0.419122236  0.419122236   0.838244471   0.000000000    90.0000    0.0000
  pz          0    0.419064417  0.419064417   0.838128834   0.000000000    90.0000    0.0000
   sum over m      1.257251067  1.257251067   2.514502134   0.000000000
  px          1    0.002873651  0.002873651   0.005747301   0.000000000    90.0000    0.0000
  py          1    0.002874512  0.002874512   0.005749024   0.000000000    90.0000    0.0000
  pz          1    0.002873651  0.002873651   0.005747302   0.000000000    90.0000    0.0000
   sum over m      0.008621814  0.008621814   0.017243627   0.000000000
   sum over m+mul  1.265872881  1.265872881   2.531745761   0.000000000
  d3z^2-r^2   0    0.012097701  0.012097701   0.024195402   0.000000000    90.0000    0.0000
  dx^2-y^2    0    0.012097813  0.012097813   0.024195626   0.000000000    90.0000    0.0000
  dxy         0    0.026266375  0.026266375   0.052532750   0.000000000    90.0000    0.0000
  dxz         0    0.026266839  0.026266839   0.052533678   0.000000000    90.0000    0.0000
  dyz         0    0.026266375  0.026266375   0.052532750   0.000000000    90.0000    0.0000
   sum over m      0.102995103  0.102995103   0.205990206   0.000000000
   sum over m+mul  0.102995103  0.102995103   0.205990206   0.000000000

  211   Si          Up spin      Down spin     Sum           Diff           Angles(Deg)
            multiple
  s           0    0.630104908  0.630104908   1.260209815   0.000000000    90.0000    0.0000
   sum over m      0.630104908  0.630104908   1.260209815   0.000000000
  s           1    0.000984194  0.000984194   0.001968388   0.000000000    90.0000    0.0000
   sum over m      0.000984194  0.000984194   0.001968388   0.000000000
   sum over m+mul  0.631089102  0.631089102   1.262178203   0.000000000
  px          0    0.419122236  0.419122236   0.838244471   0.000000000    90.0000    0.0000
  py          0    0.419064414  0.419064414   0.838128829   0.000000000    90.0000    0.0000
  pz          0    0.419064417  0.419064417   0.838128834   0.000000000    90.0000    0.0000
   sum over m      1.257251067  1.257251067   2.514502134   0.000000000
  px          1    0.002874512  0.002874512   0.005749024   0.000000000    90.0000    0.0000
  py          1    0.002873651  0.002873651   0.005747301   0.000000000    90.0000    0.0000
  pz          1    0.002873651  0.002873651   0.005747302   0.000000000    90.0000    0.0000
   sum over m      0.008621814  0.008621814   0.017243627   0.000000000
   sum over m+mul  1.265872881  1.265872881   2.531745761   0.000000000
  d3z^2-r^2   0    0.012097701  0.012097701   0.024195402   0.000000000    90.0000    0.0000
  dx^2-y^2    0    0.012097813  0.012097813   0.024195626   0.000000000    90.0000    0.0000
  dxy         0    0.026266375  0.026266375   0.052532750   0.000000000    90.0000    0.0000
  dxz         0    0.026266375  0.026266375   0.052532750   0.000000000    90.0000    0.0000
  dyz         0    0.026266839  0.026266839   0.052533678   0.000000000    90.0000    0.0000
   sum over m      0.102995103  0.102995103   0.205990206   0.000000000
   sum over m+mul  0.102995103  0.102995103   0.205990206   0.000000000

  212   Si          Up spin      Down spin     Sum           Diff           Angles(Deg)
            multiple
  s           0    0.630104907  0.630104907   1.260209814   0.000000000    90.0000    0.0000
   sum over m      0.630104907  0.630104907   1.260209814   0.000000000
  s           1    0.000984194  0.000984194   0.001968388   0.000000000    90.0000    0.0000
   sum over m      0.000984194  0.000984194   0.001968388   0.000000000
   sum over m+mul  0.631089101  0.631089101   1.262178202   0.000000000
  px          0    0.419064415  0.419064415   0.838128829   0.000000000    90.0000    0.0000
  py          0    0.419064415  0.419064415   0.838128829   0.000000000    90.0000    0.0000
  pz          0    0.419122237  0.419122237   0.838244474   0.000000000    90.0000    0.0000
   sum over m      1.257251066  1.257251066   2.514502132   0.000000000
  px          1    0.002873651  0.002873651   0.005747302   0.000000000    90.0000    0.0000
  py          1    0.002873651  0.002873651   0.005747302   0.000000000    90.0000    0.0000
  pz          1    0.002874512  0.002874512   0.005749024   0.000000000    90.0000    0.0000
   sum over m      0.008621814  0.008621814   0.017243628   0.000000000
   sum over m+mul  1.265872880  1.265872880   2.531745760   0.000000000
  d3z^2-r^2   0    0.012097870  0.012097870   0.024195739   0.000000000    90.0000    0.0000
  dx^2-y^2    0    0.012097645  0.012097645   0.024195290   0.000000000    90.0000    0.0000
  dxy         0    0.026266839  0.026266839   0.052533678   0.000000000    90.0000    0.0000
  dxz         0    0.026266375  0.026266375   0.052532750   0.000000000    90.0000    0.0000
  dyz         0    0.026266375  0.026266375   0.052532750   0.000000000    90.0000    0.0000
   sum over m      0.102995103  0.102995103   0.205990207   0.000000000
   sum over m+mul  0.102995103  0.102995103   0.205990207   0.000000000

  213   Si          Up spin      Down spin     Sum           Diff           Angles(Deg)
            multiple
  s           0    0.630156270  0.630156270   1.260312541   0.000000000    90.0000    0.0000
   sum over m      0.630156270  0.630156270   1.260312541   0.000000000
  s           1    0.001009129  0.001009129   0.002018257   0.000000000    90.0000    0.0000
   sum over m      0.001009129  0.001009129   0.002018257   0.000000000
   sum over m+mul  0.631165399  0.631165399   1.262330798   0.000000000
  px          0    0.419089901  0.419089901   0.838179801   0.000000000    90.0000    0.0000
  py          0    0.419089901  0.419089901   0.838179801   0.000000000    90.0000    0.0000
  pz          0    0.419089904  0.419089904   0.838179808   0.000000000    90.0000    0.0000
   sum over m      1.257269705  1.257269705   2.514539411   0.000000000
  px          1    0.002881573  0.002881573   0.005763147   0.000000000    90.0000    0.0000
  py          1    0.002881573  0.002881573   0.005763147   0.000000000    90.0000    0.0000
  pz          1    0.002881573  0.002881573   0.005763146   0.000000000    90.0000    0.0000
   sum over m      0.008644720  0.008644720   0.017289439   0.000000000
   sum over m+mul  1.265914425  1.265914425   2.531828850   0.000000000
  d3z^2-r^2   0    0.012097568  0.012097568   0.024195137   0.000000000    90.0000    0.0000
  dx^2-y^2    0    0.012097569  0.012097569   0.024195137   0.000000000    90.0000    0.0000
  dxy         0    0.026266300  0.026266300   0.052532599   0.000000000    90.0000    0.0000
  dxz         0    0.026266300  0.026266300   0.052532599   0.000000000    90.0000    0.0000
  dyz         0    0.026266300  0.026266300   0.052532599   0.000000000    90.0000    0.0000
   sum over m      0.102994036  0.102994036   0.205988072   0.000000000
   sum over m+mul  0.102994036  0.102994036   0.205988072   0.000000000

  214   Si          Up spin      Down spin     Sum           Diff           Angles(Deg)
            multiple
  s           0    0.630156270  0.630156270   1.260312541   0.000000000    90.0000    0.0000
   sum over m      0.630156270  0.630156270   1.260312541   0.000000000
  s           1    0.001009129  0.001009129   0.002018257   0.000000000    90.0000    0.0000
   sum over m      0.001009129  0.001009129   0.002018257   0.000000000
   sum over m+mul  0.631165399  0.631165399   1.262330798   0.000000000
  px          0    0.419089901  0.419089901   0.838179801   0.000000000    90.0000    0.0000
  py          0    0.419089901  0.419089901   0.838179801   0.000000000    90.0000    0.0000
  pz          0    0.419089904  0.419089904   0.838179808   0.000000000    90.0000    0.0000
   sum over m      1.257269705  1.257269705   2.514539411   0.000000000
  px          1    0.002881573  0.002881573   0.005763147   0.000000000    90.0000    0.0000
  py          1    0.002881573  0.002881573   0.005763147   0.000000000    90.0000    0.0000
  pz          1    0.002881573  0.002881573   0.005763146   0.000000000    90.0000    0.0000
   sum over m      0.008644720  0.008644720   0.017289439   0.000000000
   sum over m+mul  1.265914425  1.265914425   2.531828850   0.000000000
  d3z^2-r^2   0    0.012097568  0.012097568   0.024195137   0.000000000    90.0000    0.0000
  dx^2-y^2    0    0.012097569  0.012097569   0.024195137   0.000000000    90.0000    0.0000
  dxy         0    0.026266300  0.026266300   0.052532599   0.000000000    90.0000    0.0000
  dxz         0    0.026266300  0.026266300   0.052532599   0.000000000    90.0000    0.0000
  dyz         0    0.026266300  0.026266300   0.052532599   0.000000000    90.0000    0.0000
   sum over m      0.102994036  0.102994036   0.205988072   0.000000000
   sum over m+mul  0.102994036  0.102994036   0.205988072   0.000000000

  215   Si          Up spin      Down spin     Sum           Diff           Angles(Deg)
            multiple
  s           0    0.630156270  0.630156270   1.260312541   0.000000000    90.0000    0.0000
   sum over m      0.630156270  0.630156270   1.260312541   0.000000000
  s           1    0.001009129  0.001009129   0.002018257   0.000000000    90.0000    0.0000
   sum over m      0.001009129  0.001009129   0.002018257   0.000000000
   sum over m+mul  0.631165399  0.631165399   1.262330798   0.000000000
  px          0    0.419089901  0.419089901   0.838179801   0.000000000    90.0000    0.0000
  py          0    0.419089901  0.419089901   0.838179801   0.000000000    90.0000    0.0000
  pz          0    0.419089904  0.419089904   0.838179808   0.000000000    90.0000    0.0000
   sum over m      1.257269705  1.257269705   2.514539411   0.000000000
  px          1    0.002881573  0.002881573   0.005763147   0.000000000    90.0000    0.0000
  py          1    0.002881573  0.002881573   0.005763147   0.000000000    90.0000    0.0000
  pz          1    0.002881573  0.002881573   0.005763146   0.000000000    90.0000    0.0000
   sum over m      0.008644720  0.008644720   0.017289439   0.000000000
   sum over m+mul  1.265914425  1.265914425   2.531828850   0.000000000
  d3z^2-r^2   0    0.012097568  0.012097568   0.024195137   0.000000000    90.0000    0.0000
  dx^2-y^2    0    0.012097569  0.012097569   0.024195137   0.000000000    90.0000    0.0000
  dxy         0    0.026266300  0.026266300   0.052532599   0.000000000    90.0000    0.0000
  dxz         0    0.026266300  0.026266300   0.052532599   0.000000000    90.0000    0.0000
  dyz         0    0.026266300  0.026266300   0.052532599   0.000000000    90.0000    0.0000
   sum over m      0.102994036  0.102994036   0.205988072   0.000000000
   sum over m+mul  0.102994036  0.102994036   0.205988072   0.000000000

  216   Si          Up spin      Down spin     Sum           Diff           Angles(Deg)
            multiple
  s           0    0.630156270  0.630156270   1.260312541   0.000000000    90.0000    0.0000
   sum over m      0.630156270  0.630156270   1.260312541   0.000000000
  s           1    0.001009129  0.001009129   0.002018257   0.000000000    90.0000    0.0000
   sum over m      0.001009129  0.001009129   0.002018257   0.000000000
   sum over m+mul  0.631165399  0.631165399   1.262330798   0.000000000
  px          0    0.419089901  0.419089901   0.838179801   0.000000000    90.0000    0.0000
  py          0    0.419089901  0.419089901   0.838179801   0.000000000    90.0000    0.0000
  pz          0    0.419089904  0.419089904   0.838179808   0.000000000    90.0000    0.0000
   sum over m      1.257269705  1.257269705   2.514539411   0.000000000
  px          1    0.002881573  0.002881573   0.005763147   0.000000000    90.0000    0.0000
  py          1    0.002881573  0.002881573   0.005763147   0.000000000    90.0000    0.0000
  pz          1    0.002881573  0.002881573   0.005763146   0.000000000    90.0000    0.0000
   sum over m      0.008644720  0.008644720   0.017289439   0.000000000
   sum over m+mul  1.265914425  1.265914425   2.531828850   0.000000000
  d3z^2-r^2   0    0.012097568  0.012097568   0.024195137   0.000000000    90.0000    0.0000
  dx^2-y^2    0    0.012097569  0.012097569   0.024195137   0.000000000    90.0000    0.0000
  dxy         0    0.026266300  0.026266300   0.052532599   0.000000000    90.0000    0.0000
  dxz         0    0.026266300  0.026266300   0.052532599   0.000000000    90.0000    0.0000
  dyz         0    0.026266300  0.026266300   0.052532599   0.000000000    90.0000    0.0000
   sum over m      0.102994036  0.102994036   0.205988072   0.000000000
   sum over m+mul  0.102994036  0.102994036   0.205988072   0.000000000

***********************************************************
***********************************************************
                     Orbital moments                       
***********************************************************
***********************************************************

   Total Orbital Moment (muB)   0.000000000   Angles  (Deg) 54.250943249  247.340561615

          Orbital moment (muB)   theta (Deg)  phi (Deg)
    1   Si   0.00000            90.00000    0.00000
    2   Si   0.00000            90.00000    0.00000
    3   Si   0.00000            90.00000    0.00000
    4   Si   0.00000            90.00000    0.00000
    5   Si   0.00000            90.00000    0.00000
    6   Si   0.00000            90.00000    0.00000
    7   Si   0.00000            90.00000    0.00000
    8   Si   0.00000            90.00000    0.00000
    9   Si   0.00000            90.00000    0.00000
   10   Si   0.00000            90.00000    0.00000
   11   Si   0.00000            90.00000    0.00000
   12   Si   0.00000            90.00000    0.00000
   13   Si   0.00000            90.00000    0.00000
   14   Si   0.00000            90.00000    0.00000
   15   Si   0.00000            90.00000    0.00000
   16   Si   0.00000            90.00000    0.00000
   17   Si   0.00000            90.00000    0.00000
   18   Si   0.00000            90.00000    0.00000
   19   Si   0.00000            90.00000    0.00000
   20   Si   0.00000            90.00000    0.00000
   21   Si   0.00000            90.00000    0.00000
   22   Si   0.00000            90.00000    0.00000
   23   Si   0.00000            90.00000    0.00000
   24   Si   0.00000            90.00000    0.00000
   25   Si   0.00000            90.00000    0.00000
   26   Si   0.00000            90.00000    0.00000
   27   Si   0.00000            90.00000    0.00000
   28   Si   0.00000            90.00000    0.00000
   29   Si   0.00000            90.00000    0.00000
   30   Si   0.00000            90.00000    0.00000
   31   Si   0.00000            90.00000    0.00000
   32   Si   0.00000            90.00000    0.00000
   33   Si   0.00000            90.00000    0.00000
   34   Si   0.00000            90.00000    0.00000
   35   Si   0.00000            90.00000    0.00000
   36   Si   0.00000            90.00000    0.00000
   37   Si   0.00000            90.00000    0.00000
   38   Si   0.00000            90.00000    0.00000
   39   Si   0.00000            90.00000    0.00000
   40   Si   0.00000            90.00000    0.00000
   41   Si   0.00000            90.00000    0.00000
   42   Si   0.00000            90.00000    0.00000
   43   Si   0.00000            90.00000    0.00000
   44   Si   0.00000            90.00000    0.00000
   45   Si   0.00000            90.00000    0.00000
   46   Si   0.00000            90.00000    0.00000
   47   Si   0.00000            90.00000    0.00000
   48   Si   0.00000            90.00000    0.00000
   49   Si   0.00000            90.00000    0.00000
   50   Si   0.00000            90.00000    0.00000
   51   Si   0.00000            90.00000    0.00000
   52   Si   0.00000            90.00000    0.00000
   53   Si   0.00000            90.00000    0.00000
   54   Si   0.00000            90.00000    0.00000
   55   Si   0.00000            90.00000    0.00000
   56   Si   0.00000            90.00000    0.00000
   57   Si   0.00000            90.00000    0.00000
   58   Si   0.00000            90.00000    0.00000
   59   Si   0.00000            90.00000    0.00000
   60   Si   0.00000            90.00000    0.00000
   61   Si   0.00000            90.00000    0.00000
   62   Si   0.00000            90.00000    0.00000
   63   Si   0.00000            90.00000    0.00000
   64   Si   0.00000            90.00000    0.00000
   65   Si   0.00000            90.00000    0.00000
   66   Si   0.00000            90.00000    0.00000
   67   Si   0.00000            90.00000    0.00000
   68   Si   0.00000            90.00000    0.00000
   69   Si   0.00000            90.00000    0.00000
   70   Si   0.00000            90.00000    0.00000
   71   Si   0.00000            90.00000    0.00000
   72   Si   0.00000            90.00000    0.00000
   73   Si   0.00000            90.00000    0.00000
   74   Si   0.00000            90.00000    0.00000
   75   Si   0.00000            90.00000    0.00000
   76   Si   0.00000            90.00000    0.00000
   77   Si   0.00000            90.00000    0.00000
   78   Si   0.00000            90.00000    0.00000
   79   Si   0.00000            90.00000    0.00000
   80   Si   0.00000            90.00000    0.00000
   81   Si   0.00000            90.00000    0.00000
   82   Si   0.00000            90.00000    0.00000
   83   Si   0.00000            90.00000    0.00000
   84   Si   0.00000            90.00000    0.00000
   85   Si   0.00000            90.00000    0.00000
   86   Si   0.00000            90.00000    0.00000
   87   Si   0.00000            90.00000    0.00000
   88   Si   0.00000            90.00000    0.00000
   89   Si   0.00000            90.00000    0.00000
   90   Si   0.00000            90.00000    0.00000
   91   Si   0.00000            90.00000    0.00000
   92   Si   0.00000            90.00000    0.00000
   93   Si   0.00000            90.00000    0.00000
   94   Si   0.00000            90.00000    0.00000
   95   Si   0.00000            90.00000    0.00000
   96   Si   0.00000            90.00000    0.00000
   97   Si   0.00000            90.00000    0.00000
   98   Si   0.00000            90.00000    0.00000
   99   Si   0.00000            90.00000    0.00000
  100   Si   0.00000            90.00000    0.00000
  101   Si   0.00000            90.00000    0.00000
  102   Si   0.00000            90.00000    0.00000
  103   Si   0.00000            90.00000    0.00000
  104   Si   0.00000            90.00000    0.00000
  105   Si   0.00000            90.00000    0.00000
  106   Si   0.00000            90.00000    0.00000
  107   Si   0.00000            90.00000    0.00000
  108   Si   0.00000            90.00000    0.00000
  109   Si   0.00000            90.00000    0.00000
  110   Si   0.00000            90.00000    0.00000
  111   Si   0.00000            90.00000    0.00000
  112   Si   0.00000            90.00000    0.00000
  113   Si   0.00000            90.00000    0.00000
  114   Si   0.00000            90.00000    0.00000
  115   Si   0.00000            90.00000    0.00000
  116   Si   0.00000            90.00000    0.00000
  117   Si   0.00000            90.00000    0.00000
  118   Si   0.00000            90.00000    0.00000
  119   Si   0.00000            90.00000    0.00000
  120   Si   0.00000            90.00000    0.00000
  121   Si   0.00000            90.00000    0.00000
  122   Si   0.00000            90.00000    0.00000
  123   Si   0.00000            90.00000    0.00000
  124   Si   0.00000            90.00000    0.00000
  125   Si   0.00000            90.00000    0.00000
  126   Si   0.00000            90.00000    0.00000
  127   Si   0.00000            90.00000    0.00000
  128   Si   0.00000            90.00000    0.00000
  129   Si   0.00000            90.00000    0.00000
  130   Si   0.00000            90.00000    0.00000
  131   Si   0.00000            90.00000    0.00000
  132   Si   0.00000            90.00000    0.00000
  133   Si   0.00000            90.00000    0.00000
  134   Si   0.00000            90.00000    0.00000
  135   Si   0.00000            90.00000    0.00000
  136   Si   0.00000            90.00000    0.00000
  137   Si   0.00000            90.00000    0.00000
  138   Si   0.00000            90.00000    0.00000
  139   Si   0.00000            90.00000    0.00000
  140   Si   0.00000            90.00000    0.00000
  141   Si   0.00000            90.00000    0.00000
  142   Si   0.00000            90.00000    0.00000
  143   Si   0.00000            90.00000    0.00000
  144   Si   0.00000            90.00000    0.00000
  145   Si   0.00000            90.00000    0.00000
  146   Si   0.00000            90.00000    0.00000
  147   Si   0.00000            90.00000    0.00000
  148   Si   0.00000            90.00000    0.00000
  149   Si   0.00000            90.00000    0.00000
  150   Si   0.00000            90.00000    0.00000
  151   Si   0.00000            90.00000    0.00000
  152   Si   0.00000            90.00000    0.00000
  153   Si   0.00000            90.00000    0.00000
  154   Si   0.00000            90.00000    0.00000
  155   Si   0.00000            90.00000    0.00000
  156   Si   0.00000            90.00000    0.00000
  157   Si   0.00000            90.00000    0.00000
  158   Si   0.00000            90.00000    0.00000
  159   Si   0.00000            90.00000    0.00000
  160   Si   0.00000            90.00000    0.00000
  161   Si   0.00000            90.00000    0.00000
  162   Si   0.00000            90.00000    0.00000
  163   Si   0.00000            90.00000    0.00000
  164   Si   0.00000            90.00000    0.00000
  165   Si   0.00000            90.00000    0.00000
  166   Si   0.00000            90.00000    0.00000
  167   Si   0.00000            90.00000    0.00000
  168   Si   0.00000            90.00000    0.00000
  169   Si   0.00000            90.00000    0.00000
  170   Si   0.00000            90.00000    0.00000
  171   Si   0.00000            90.00000    0.00000
  172   Si   0.00000            90.00000    0.00000
  173   Si   0.00000            90.00000    0.00000
  174   Si   0.00000            90.00000    0.00000
  175   Si   0.00000            90.00000    0.00000
  176   Si   0.00000            90.00000    0.00000
  177   Si   0.00000            90.00000    0.00000
  178   Si   0.00000            90.00000    0.00000
  179   Si   0.00000            90.00000    0.00000
  180   Si   0.00000            90.00000    0.00000
  181   Si   0.00000            90.00000    0.00000
  182   Si   0.00000            90.00000    0.00000
  183   Si   0.00000            90.00000    0.00000
  184   Si   0.00000            90.00000    0.00000
  185   Si   0.00000            90.00000    0.00000
  186   Si   0.00000            90.00000    0.00000
  187   Si   0.00000            90.00000    0.00000
  188   Si   0.00000            90.00000    0.00000
  189   Si   0.00000            90.00000    0.00000
  190   Si   0.00000            90.00000    0.00000
  191   Si   0.00000            90.00000    0.00000
  192   Si   0.00000            90.00000    0.00000
  193   Si   0.00000            90.00000    0.00000
  194   Si   0.00000            90.00000    0.00000
  195   Si   0.00000            90.00000    0.00000
  196   Si   0.00000            90.00000    0.00000
  197   Si   0.00000            90.00000    0.00000
  198   Si   0.00000            90.00000    0.00000
  199   Si   0.00000            90.00000    0.00000
  200   Si   0.00000            90.00000    0.00000
  201   Si   0.00000            90.00000    0.00000
  202   Si   0.00000            90.00000    0.00000
  203   Si   0.00000            90.00000    0.00000
  204   Si   0.00000            90.00000    0.00000
  205   Si   0.00000            90.00000    0.00000
  206   Si   0.00000            90.00000    0.00000
  207   Si   0.00000            90.00000    0.00000
  208   Si   0.00000            90.00000    0.00000
  209   Si   0.00000            90.00000    0.00000
  210   Si   0.00000            90.00000    0.00000
  211   Si   0.00000            90.00000    0.00000
  212   Si   0.00000            90.00000    0.00000
  213   Si   0.00000            90.00000    0.00000
  214   Si   0.00000            90.00000    0.00000
  215   Si   0.00000            90.00000    0.00000
  216   Si   0.00000            90.00000    0.00000


  Decomposed Orbital Moments

    1   Si         Orbital Moment(muB)    Angles (Deg)
            multiple
  s           0    0.000000000           90.0000    0.0000
   sum over m      0.000000000           90.0000    0.0000
  s           1    0.000000000           90.0000    0.0000
   sum over m      0.000000000           90.0000    0.0000
  px          0    0.000000000           90.0000    0.0000
  py          0    0.000000000           90.0000    0.0000
  pz          0    0.000000000           90.0000    0.0000
   sum over m      0.000000000           90.0000    0.0000
  px          1    0.000000000           90.0000    0.0000
  py          1    0.000000000           90.0000    0.0000
  pz          1    0.000000000           90.0000    0.0000
   sum over m      0.000000000           90.0000    0.0000
  d3z^2-r^2   0    0.000000000           90.0000    0.0000
  dx^2-y^2    0    0.000000000           90.0000    0.0000
  dxy         0    0.000000000           90.0000    0.0000
  dxz         0    0.000000000           90.0000    0.0000
  dyz         0    0.000000000           90.0000    0.0000
   sum over m      0.000000000           90.0000    0.0000

    2   Si         Orbital Moment(muB)    Angles (Deg)
            multiple
  s           0    0.000000000           90.0000    0.0000
   sum over m      0.000000000           90.0000    0.0000
  s           1    0.000000000           90.0000    0.0000
   sum over m      0.000000000           90.0000    0.0000
  px          0    0.000000000           90.0000    0.0000
  py          0    0.000000000           90.0000    0.0000
  pz          0    0.000000000           90.0000    0.0000
   sum over m      0.000000000           90.0000    0.0000
  px          1    0.000000000           90.0000    0.0000
  py          1    0.000000000           90.0000    0.0000
  pz          1    0.000000000           90.0000    0.0000
   sum over m      0.000000000           90.0000    0.0000
  d3z^2-r^2   0    0.000000000           90.0000    0.0000
  dx^2-y^2    0    0.000000000           90.0000    0.0000
  dxy         0    0.000000000           90.0000    0.0000
  dxz         0    0.000000000           90.0000    0.0000
  dyz         0    0.000000000           90.0000    0.0000
   sum over m      0.000000000           90.0000    0.0000

    3   Si         Orbital Moment(muB)    Angles (Deg)
            multiple
  s           0    0.000000000           90.0000    0.0000
   sum over m      0.000000000           90.0000    0.0000
  s           1    0.000000000           90.0000    0.0000
   sum over m      0.000000000           90.0000    0.0000
  px          0    0.000000000           90.0000    0.0000
  py          0    0.000000000           90.0000    0.0000
  pz          0    0.000000000           90.0000    0.0000
   sum over m      0.000000000           90.0000    0.0000
  px          1    0.000000000           90.0000    0.0000
  py          1    0.000000000           90.0000    0.0000
  pz          1    0.000000000           90.0000    0.0000
   sum over m      0.000000000           90.0000    0.0000
  d3z^2-r^2   0    0.000000000           90.0000    0.0000
  dx^2-y^2    0    0.000000000           90.0000    0.0000
  dxy         0    0.000000000           90.0000    0.0000
  dxz         0    0.000000000           90.0000    0.0000
  dyz         0    0.000000000           90.0000    0.0000
   sum over m      0.000000000           90.0000    0.0000

    4   Si         Orbital Moment(muB)    Angles (Deg)
            multiple
  s           0    0.000000000           90.0000    0.0000
   sum over m      0.000000000           90.0000    0.0000
  s           1    0.000000000           90.0000    0.0000
   sum over m      0.000000000           90.0000    0.0000
  px          0    0.000000000           90.0000    0.0000
  py          0    0.000000000           90.0000    0.0000
  pz          0    0.000000000           90.0000    0.0000
   sum over m      0.000000000           90.0000    0.0000
  px          1    0.000000000           90.0000    0.0000
  py          1    0.000000000           90.0000    0.0000
  pz          1    0.000000000           90.0000    0.0000
   sum over m      0.000000000           90.0000    0.0000
  d3z^2-r^2   0    0.000000000           90.0000    0.0000
  dx^2-y^2    0    0.000000000           90.0000    0.0000
  dxy         0    0.000000000           90.0000    0.0000
  dxz         0    0.000000000           90.0000    0.0000
  dyz         0    0.000000000           90.0000    0.0000
   sum over m      0.000000000           90.0000    0.0000

    5   Si         Orbital Moment(muB)    Angles (Deg)
            multiple
  s           0    0.000000000           90.0000    0.0000
   sum over m      0.000000000           90.0000    0.0000
  s           1    0.000000000           90.0000    0.0000
   sum over m      0.000000000           90.0000    0.0000
  px          0    0.000000000           90.0000    0.0000
  py          0    0.000000000           90.0000    0.0000
  pz          0    0.000000000           90.0000    0.0000
   sum over m      0.000000000           90.0000    0.0000
  px          1    0.000000000           90.0000    0.0000
  py          1    0.000000000           90.0000    0.0000
  pz          1    0.000000000           90.0000    0.0000
   sum over m      0.000000000           90.0000    0.0000
  d3z^2-r^2   0    0.000000000           90.0000    0.0000
  dx^2-y^2    0    0.000000000           90.0000    0.0000
  dxy         0    0.000000000           90.0000    0.0000
  dxz         0    0.000000000           90.0000    0.0000
  dyz         0    0.000000000           90.0000    0.0000
   sum over m      0.000000000           90.0000    0.0000

    6   Si         Orbital Moment(muB)    Angles (Deg)
            multiple
  s           0    0.000000000           90.0000    0.0000
   sum over m      0.000000000           90.0000    0.0000
  s           1    0.000000000           90.0000    0.0000
   sum over m      0.000000000           90.0000    0.0000
  px          0    0.000000000           90.0000    0.0000
  py          0    0.000000000           90.0000    0.0000
  pz          0    0.000000000           90.0000    0.0000
   sum over m      0.000000000           90.0000    0.0000
  px          1    0.000000000           90.0000    0.0000
  py          1    0.000000000           90.0000    0.0000
  pz          1    0.000000000           90.0000    0.0000
   sum over m      0.000000000           90.0000    0.0000
  d3z^2-r^2   0    0.000000000           90.0000    0.0000
  dx^2-y^2    0    0.000000000           90.0000    0.0000
  dxy         0    0.000000000           90.0000    0.0000
  dxz         0    0.000000000           90.0000    0.0000
  dyz         0    0.000000000           90.0000    0.0000
   sum over m      0.000000000           90.0000    0.0000

    7   Si         Orbital Moment(muB)    Angles (Deg)
            multiple
  s           0    0.000000000           90.0000    0.0000
   sum over m      0.000000000           90.0000    0.0000
  s           1    0.000000000           90.0000    0.0000
   sum over m      0.000000000           90.0000    0.0000
  px          0    0.000000000           90.0000    0.0000
  py          0    0.000000000           90.0000    0.0000
  pz          0    0.000000000           90.0000    0.0000
   sum over m      0.000000000           90.0000    0.0000
  px          1    0.000000000           90.0000    0.0000
  py          1    0.000000000           90.0000    0.0000
  pz          1    0.000000000           90.0000    0.0000
   sum over m      0.000000000           90.0000    0.0000
  d3z^2-r^2   0    0.000000000           90.0000    0.0000
  dx^2-y^2    0    0.000000000           90.0000    0.0000
  dxy         0    0.000000000           90.0000    0.0000
  dxz         0    0.000000000           90.0000    0.0000
  dyz         0    0.000000000           90.0000    0.0000
   sum over m      0.000000000           90.0000    0.0000

    8   Si         Orbital Moment(muB)    Angles (Deg)
            multiple
  s           0    0.000000000           90.0000    0.0000
   sum over m      0.000000000           90.0000    0.0000
  s           1    0.000000000           90.0000    0.0000
   sum over m      0.000000000           90.0000    0.0000
  px          0    0.000000000           90.0000    0.0000
  py          0    0.000000000           90.0000    0.0000
  pz          0    0.000000000           90.0000    0.0000
   sum over m      0.000000000           90.0000    0.0000
  px          1    0.000000000           90.0000    0.0000
  py          1    0.000000000           90.0000    0.0000
  pz          1    0.000000000           90.0000    0.0000
   sum over m      0.000000000           90.0000    0.0000
  d3z^2-r^2   0    0.000000000           90.0000    0.0000
  dx^2-y^2    0    0.000000000           90.0000    0.0000
  dxy         0    0.000000000           90.0000    0.0000
  dxz         0    0.000000000           90.0000    0.0000
  dyz         0    0.000000000           90.0000    0.0000
   sum over m      0.000000000           90.0000    0.0000

    9   Si         Orbital Moment(muB)    Angles (Deg)
            multiple
  s           0    0.000000000           90.0000    0.0000
   sum over m      0.000000000           90.0000    0.0000
  s           1    0.000000000           90.0000    0.0000
   sum over m      0.000000000           90.0000    0.0000
  px          0    0.000000000           90.0000    0.0000
  py          0    0.000000000           90.0000    0.0000
  pz          0    0.000000000           90.0000    0.0000
   sum over m      0.000000000           90.0000    0.0000
  px          1    0.000000000           90.0000    0.0000
  py          1    0.000000000           90.0000    0.0000
  pz          1    0.000000000           90.0000    0.0000
   sum over m      0.000000000           90.0000    0.0000
  d3z^2-r^2   0    0.000000000           90.0000    0.0000
  dx^2-y^2    0    0.000000000           90.0000    0.0000
  dxy         0    0.000000000           90.0000    0.0000
  dxz         0    0.000000000           90.0000    0.0000
  dyz         0    0.000000000           90.0000    0.0000
   sum over m      0.000000000           90.0000    0.0000

   10   Si         Orbital Moment(muB)    Angles (Deg)
            multiple
  s           0    0.000000000           90.0000    0.0000
   sum over m      0.000000000           90.0000    0.0000
  s           1    0.000000000           90.0000    0.0000
   sum over m      0.000000000           90.0000    0.0000
  px          0    0.000000000           90.0000    0.0000
  py          0    0.000000000           90.0000    0.0000
  pz          0    0.000000000           90.0000    0.0000
   sum over m      0.000000000           90.0000    0.0000
  px          1    0.000000000           90.0000    0.0000
  py          1    0.000000000           90.0000    0.0000
  pz          1    0.000000000           90.0000    0.0000
   sum over m      0.000000000           90.0000    0.0000
  d3z^2-r^2   0    0.000000000           90.0000    0.0000
  dx^2-y^2    0    0.000000000           90.0000    0.0000
  dxy         0    0.000000000           90.0000    0.0000
  dxz         0    0.000000000           90.0000    0.0000
  dyz         0    0.000000000           90.0000    0.0000
   sum over m      0.000000000           90.0000    0.0000

   11   Si         Orbital Moment(muB)    Angles (Deg)
            multiple
  s           0    0.000000000           90.0000    0.0000
   sum over m      0.000000000           90.0000    0.0000
  s           1    0.000000000           90.0000    0.0000
   sum over m      0.000000000           90.0000    0.0000
  px          0    0.000000000           90.0000    0.0000
  py          0    0.000000000           90.0000    0.0000
  pz          0    0.000000000           90.0000    0.0000
   sum over m      0.000000000           90.0000    0.0000
  px          1    0.000000000           90.0000    0.0000
  py          1    0.000000000           90.0000    0.0000
  pz          1    0.000000000           90.0000    0.0000
   sum over m      0.000000000           90.0000    0.0000
  d3z^2-r^2   0    0.000000000           90.0000    0.0000
  dx^2-y^2    0    0.000000000           90.0000    0.0000
  dxy         0    0.000000000           90.0000    0.0000
  dxz         0    0.000000000           90.0000    0.0000
  dyz         0    0.000000000           90.0000    0.0000
   sum over m      0.000000000           90.0000    0.0000

   12   Si         Orbital Moment(muB)    Angles (Deg)
            multiple
  s           0    0.000000000           90.0000    0.0000
   sum over m      0.000000000           90.0000    0.0000
  s           1    0.000000000           90.0000    0.0000
   sum over m      0.000000000           90.0000    0.0000
  px          0    0.000000000           90.0000    0.0000
  py          0    0.000000000           90.0000    0.0000
  pz          0    0.000000000           90.0000    0.0000
   sum over m      0.000000000           90.0000    0.0000
  px          1    0.000000000           90.0000    0.0000
  py          1    0.000000000           90.0000    0.0000
  pz          1    0.000000000           90.0000    0.0000
   sum over m      0.000000000           90.0000    0.0000
  d3z^2-r^2   0    0.000000000           90.0000    0.0000
  dx^2-y^2    0    0.000000000           90.0000    0.0000
  dxy         0    0.000000000           90.0000    0.0000
  dxz         0    0.000000000           90.0000    0.0000
  dyz         0    0.000000000           90.0000    0.0000
   sum over m      0.000000000           90.0000    0.0000

   13   Si         Orbital Moment(muB)    Angles (Deg)
            multiple
  s           0    0.000000000           90.0000    0.0000
   sum over m      0.000000000           90.0000    0.0000
  s           1    0.000000000           90.0000    0.0000
   sum over m      0.000000000           90.0000    0.0000
  px          0    0.000000000           90.0000    0.0000
  py          0    0.000000000           90.0000    0.0000
  pz          0    0.000000000           90.0000    0.0000
   sum over m      0.000000000           90.0000    0.0000
  px          1    0.000000000           90.0000    0.0000
  py          1    0.000000000           90.0000    0.0000
  pz          1    0.000000000           90.0000    0.0000
   sum over m      0.000000000           90.0000    0.0000
  d3z^2-r^2   0    0.000000000           90.0000    0.0000
  dx^2-y^2    0    0.000000000           90.0000    0.0000
  dxy         0    0.000000000           90.0000    0.0000
  dxz         0    0.000000000           90.0000    0.0000
  dyz         0    0.000000000           90.0000    0.0000
   sum over m      0.000000000           90.0000    0.0000

   14   Si         Orbital Moment(muB)    Angles (Deg)
            multiple
  s           0    0.000000000           90.0000    0.0000
   sum over m      0.000000000           90.0000    0.0000
  s           1    0.000000000           90.0000    0.0000
   sum over m      0.000000000           90.0000    0.0000
  px          0    0.000000000           90.0000    0.0000
  py          0    0.000000000           90.0000    0.0000
  pz          0    0.000000000           90.0000    0.0000
   sum over m      0.000000000           90.0000    0.0000
  px          1    0.000000000           90.0000    0.0000
  py          1    0.000000000           90.0000    0.0000
  pz          1    0.000000000           90.0000    0.0000
   sum over m      0.000000000           90.0000    0.0000
  d3z^2-r^2   0    0.000000000           90.0000    0.0000
  dx^2-y^2    0    0.000000000           90.0000    0.0000
  dxy         0    0.000000000           90.0000    0.0000
  dxz         0    0.000000000           90.0000    0.0000
  dyz         0    0.000000000           90.0000    0.0000
   sum over m      0.000000000           90.0000    0.0000

   15   Si         Orbital Moment(muB)    Angles (Deg)
            multiple
  s           0    0.000000000           90.0000    0.0000
   sum over m      0.000000000           90.0000    0.0000
  s           1    0.000000000           90.0000    0.0000
   sum over m      0.000000000           90.0000    0.0000
  px          0    0.000000000           90.0000    0.0000
  py          0    0.000000000           90.0000    0.0000
  pz          0    0.000000000           90.0000    0.0000
   sum over m      0.000000000           90.0000    0.0000
  px          1    0.000000000           90.0000    0.0000
  py          1    0.000000000           90.0000    0.0000
  pz          1    0.000000000           90.0000    0.0000
   sum over m      0.000000000           90.0000    0.0000
  d3z^2-r^2   0    0.000000000           90.0000    0.0000
  dx^2-y^2    0    0.000000000           90.0000    0.0000
  dxy         0    0.000000000           90.0000    0.0000
  dxz         0    0.000000000           90.0000    0.0000
  dyz         0    0.000000000           90.0000    0.0000
   sum over m      0.000000000           90.0000    0.0000

   16   Si         Orbital Moment(muB)    Angles (Deg)
            multiple
  s           0    0.000000000           90.0000    0.0000
   sum over m      0.000000000           90.0000    0.0000
  s           1    0.000000000           90.0000    0.0000
   sum over m      0.000000000           90.0000    0.0000
  px          0    0.000000000           90.0000    0.0000
  py          0    0.000000000           90.0000    0.0000
  pz          0    0.000000000           90.0000    0.0000
   sum over m      0.000000000           90.0000    0.0000
  px          1    0.000000000           90.0000    0.0000
  py          1    0.000000000           90.0000    0.0000
  pz          1    0.000000000           90.0000    0.0000
   sum over m      0.000000000           90.0000    0.0000
  d3z^2-r^2   0    0.000000000           90.0000    0.0000
  dx^2-y^2    0    0.000000000           90.0000    0.0000
  dxy         0    0.000000000           90.0000    0.0000
  dxz         0    0.000000000           90.0000    0.0000
  dyz         0    0.000000000           90.0000    0.0000
   sum over m      0.000000000           90.0000    0.0000

   17   Si         Orbital Moment(muB)    Angles (Deg)
            multiple
  s           0    0.000000000           90.0000    0.0000
   sum over m      0.000000000           90.0000    0.0000
  s           1    0.000000000           90.0000    0.0000
   sum over m      0.000000000           90.0000    0.0000
  px          0    0.000000000           90.0000    0.0000
  py          0    0.000000000           90.0000    0.0000
  pz          0    0.000000000           90.0000    0.0000
   sum over m      0.000000000           90.0000    0.0000
  px          1    0.000000000           90.0000    0.0000
  py          1    0.000000000           90.0000    0.0000
  pz          1    0.000000000           90.0000    0.0000
   sum over m      0.000000000           90.0000    0.0000
  d3z^2-r^2   0    0.000000000           90.0000    0.0000
  dx^2-y^2    0    0.000000000           90.0000    0.0000
  dxy         0    0.000000000           90.0000    0.0000
  dxz         0    0.000000000           90.0000    0.0000
  dyz         0    0.000000000           90.0000    0.0000
   sum over m      0.000000000           90.0000    0.0000

   18   Si         Orbital Moment(muB)    Angles (Deg)
            multiple
  s           0    0.000000000           90.0000    0.0000
   sum over m      0.000000000           90.0000    0.0000
  s           1    0.000000000           90.0000    0.0000
   sum over m      0.000000000           90.0000    0.0000
  px          0    0.000000000           90.0000    0.0000
  py          0    0.000000000           90.0000    0.0000
  pz          0    0.000000000           90.0000    0.0000
   sum over m      0.000000000           90.0000    0.0000
  px          1    0.000000000           90.0000    0.0000
  py          1    0.000000000           90.0000    0.0000
  pz          1    0.000000000           90.0000    0.0000
   sum over m      0.000000000           90.0000    0.0000
  d3z^2-r^2   0    0.000000000           90.0000    0.0000
  dx^2-y^2    0    0.000000000           90.0000    0.0000
  dxy         0    0.000000000           90.0000    0.0000
  dxz         0    0.000000000           90.0000    0.0000
  dyz         0    0.000000000           90.0000    0.0000
   sum over m      0.000000000           90.0000    0.0000

   19   Si         Orbital Moment(muB)    Angles (Deg)
            multiple
  s           0    0.000000000           90.0000    0.0000
   sum over m      0.000000000           90.0000    0.0000
  s           1    0.000000000           90.0000    0.0000
   sum over m      0.000000000           90.0000    0.0000
  px          0    0.000000000           90.0000    0.0000
  py          0    0.000000000           90.0000    0.0000
  pz          0    0.000000000           90.0000    0.0000
   sum over m      0.000000000           90.0000    0.0000
  px          1    0.000000000           90.0000    0.0000
  py          1    0.000000000           90.0000    0.0000
  pz          1    0.000000000           90.0000    0.0000
   sum over m      0.000000000           90.0000    0.0000
  d3z^2-r^2   0    0.000000000           90.0000    0.0000
  dx^2-y^2    0    0.000000000           90.0000    0.0000
  dxy         0    0.000000000           90.0000    0.0000
  dxz         0    0.000000000           90.0000    0.0000
  dyz         0    0.000000000           90.0000    0.0000
   sum over m      0.000000000           90.0000    0.0000

   20   Si         Orbital Moment(muB)    Angles (Deg)
            multiple
  s           0    0.000000000           90.0000    0.0000
   sum over m      0.000000000           90.0000    0.0000
  s           1    0.000000000           90.0000    0.0000
   sum over m      0.000000000           90.0000    0.0000
  px          0    0.000000000           90.0000    0.0000
  py          0    0.000000000           90.0000    0.0000
  pz          0    0.000000000           90.0000    0.0000
   sum over m      0.000000000           90.0000    0.0000
  px          1    0.000000000           90.0000    0.0000
  py          1    0.000000000           90.0000    0.0000
  pz          1    0.000000000           90.0000    0.0000
   sum over m      0.000000000           90.0000    0.0000
  d3z^2-r^2   0    0.000000000           90.0000    0.0000
  dx^2-y^2    0    0.000000000           90.0000    0.0000
  dxy         0    0.000000000           90.0000    0.0000
  dxz         0    0.000000000           90.0000    0.0000
  dyz         0    0.000000000           90.0000    0.0000
   sum over m      0.000000000           90.0000    0.0000

   21   Si         Orbital Moment(muB)    Angles (Deg)
            multiple
  s           0    0.000000000           90.0000    0.0000
   sum over m      0.000000000           90.0000    0.0000
  s           1    0.000000000           90.0000    0.0000
   sum over m      0.000000000           90.0000    0.0000
  px          0    0.000000000           90.0000    0.0000
  py          0    0.000000000           90.0000    0.0000
  pz          0    0.000000000           90.0000    0.0000
   sum over m      0.000000000           90.0000    0.0000
  px          1    0.000000000           90.0000    0.0000
  py          1    0.000000000           90.0000    0.0000
  pz          1    0.000000000           90.0000    0.0000
   sum over m      0.000000000           90.0000    0.0000
  d3z^2-r^2   0    0.000000000           90.0000    0.0000
  dx^2-y^2    0    0.000000000           90.0000    0.0000
  dxy         0    0.000000000           90.0000    0.0000
  dxz         0    0.000000000           90.0000    0.0000
  dyz         0    0.000000000           90.0000    0.0000
   sum over m      0.000000000           90.0000    0.0000

   22   Si         Orbital Moment(muB)    Angles (Deg)
            multiple
  s           0    0.000000000           90.0000    0.0000
   sum over m      0.000000000           90.0000    0.0000
  s           1    0.000000000           90.0000    0.0000
   sum over m      0.000000000           90.0000    0.0000
  px          0    0.000000000           90.0000    0.0000
  py          0    0.000000000           90.0000    0.0000
  pz          0    0.000000000           90.0000    0.0000
   sum over m      0.000000000           90.0000    0.0000
  px          1    0.000000000           90.0000    0.0000
  py          1    0.000000000           90.0000    0.0000
  pz          1    0.000000000           90.0000    0.0000
   sum over m      0.000000000           90.0000    0.0000
  d3z^2-r^2   0    0.000000000           90.0000    0.0000
  dx^2-y^2    0    0.000000000           90.0000    0.0000
  dxy         0    0.000000000           90.0000    0.0000
  dxz         0    0.000000000           90.0000    0.0000
  dyz         0    0.000000000           90.0000    0.0000
   sum over m      0.000000000           90.0000    0.0000

   23   Si         Orbital Moment(muB)    Angles (Deg)
            multiple
  s           0    0.000000000           90.0000    0.0000
   sum over m      0.000000000           90.0000    0.0000
  s           1    0.000000000           90.0000    0.0000
   sum over m      0.000000000           90.0000    0.0000
  px          0    0.000000000           90.0000    0.0000
  py          0    0.000000000           90.0000    0.0000
  pz          0    0.000000000           90.0000    0.0000
   sum over m      0.000000000           90.0000    0.0000
  px          1    0.000000000           90.0000    0.0000
  py          1    0.000000000           90.0000    0.0000
  pz          1    0.000000000           90.0000    0.0000
   sum over m      0.000000000           90.0000    0.0000
  d3z^2-r^2   0    0.000000000           90.0000    0.0000
  dx^2-y^2    0    0.000000000           90.0000    0.0000
  dxy         0    0.000000000           90.0000    0.0000
  dxz         0    0.000000000           90.0000    0.0000
  dyz         0    0.000000000           90.0000    0.0000
   sum over m      0.000000000           90.0000    0.0000

   24   Si         Orbital Moment(muB)    Angles (Deg)
            multiple
  s           0    0.000000000           90.0000    0.0000
   sum over m      0.000000000           90.0000    0.0000
  s           1    0.000000000           90.0000    0.0000
   sum over m      0.000000000           90.0000    0.0000
  px          0    0.000000000           90.0000    0.0000
  py          0    0.000000000           90.0000    0.0000
  pz          0    0.000000000           90.0000    0.0000
   sum over m      0.000000000           90.0000    0.0000
  px          1    0.000000000           90.0000    0.0000
  py          1    0.000000000           90.0000    0.0000
  pz          1    0.000000000           90.0000    0.0000
   sum over m      0.000000000           90.0000    0.0000
  d3z^2-r^2   0    0.000000000           90.0000    0.0000
  dx^2-y^2    0    0.000000000           90.0000    0.0000
  dxy         0    0.000000000           90.0000    0.0000
  dxz         0    0.000000000           90.0000    0.0000
  dyz         0    0.000000000           90.0000    0.0000
   sum over m      0.000000000           90.0000    0.0000

   25   Si         Orbital Moment(muB)    Angles (Deg)
            multiple
  s           0    0.000000000           90.0000    0.0000
   sum over m      0.000000000           90.0000    0.0000
  s           1    0.000000000           90.0000    0.0000
   sum over m      0.000000000           90.0000    0.0000
  px          0    0.000000000           90.0000    0.0000
  py          0    0.000000000           90.0000    0.0000
  pz          0    0.000000000           90.0000    0.0000
   sum over m      0.000000000           90.0000    0.0000
  px          1    0.000000000           90.0000    0.0000
  py          1    0.000000000           90.0000    0.0000
  pz          1    0.000000000           90.0000    0.0000
   sum over m      0.000000000           90.0000    0.0000
  d3z^2-r^2   0    0.000000000           90.0000    0.0000
  dx^2-y^2    0    0.000000000           90.0000    0.0000
  dxy         0    0.000000000           90.0000    0.0000
  dxz         0    0.000000000           90.0000    0.0000
  dyz         0    0.000000000           90.0000    0.0000
   sum over m      0.000000000           90.0000    0.0000

   26   Si         Orbital Moment(muB)    Angles (Deg)
            multiple
  s           0    0.000000000           90.0000    0.0000
   sum over m      0.000000000           90.0000    0.0000
  s           1    0.000000000           90.0000    0.0000
   sum over m      0.000000000           90.0000    0.0000
  px          0    0.000000000           90.0000    0.0000
  py          0    0.000000000           90.0000    0.0000
  pz          0    0.000000000           90.0000    0.0000
   sum over m      0.000000000           90.0000    0.0000
  px          1    0.000000000           90.0000    0.0000
  py          1    0.000000000           90.0000    0.0000
  pz          1    0.000000000           90.0000    0.0000
   sum over m      0.000000000           90.0000    0.0000
  d3z^2-r^2   0    0.000000000           90.0000    0.0000
  dx^2-y^2    0    0.000000000           90.0000    0.0000
  dxy         0    0.000000000           90.0000    0.0000
  dxz         0    0.000000000           90.0000    0.0000
  dyz         0    0.000000000           90.0000    0.0000
   sum over m      0.000000000           90.0000    0.0000

   27   Si         Orbital Moment(muB)    Angles (Deg)
            multiple
  s           0    0.000000000           90.0000    0.0000
   sum over m      0.000000000           90.0000    0.0000
  s           1    0.000000000           90.0000    0.0000
   sum over m      0.000000000           90.0000    0.0000
  px          0    0.000000000           90.0000    0.0000
  py          0    0.000000000           90.0000    0.0000
  pz          0    0.000000000           90.0000    0.0000
   sum over m      0.000000000           90.0000    0.0000
  px          1    0.000000000           90.0000    0.0000
  py          1    0.000000000           90.0000    0.0000
  pz          1    0.000000000           90.0000    0.0000
   sum over m      0.000000000           90.0000    0.0000
  d3z^2-r^2   0    0.000000000           90.0000    0.0000
  dx^2-y^2    0    0.000000000           90.0000    0.0000
  dxy         0    0.000000000           90.0000    0.0000
  dxz         0    0.000000000           90.0000    0.0000
  dyz         0    0.000000000           90.0000    0.0000
   sum over m      0.000000000           90.0000    0.0000

   28   Si         Orbital Moment(muB)    Angles (Deg)
            multiple
  s           0    0.000000000           90.0000    0.0000
   sum over m      0.000000000           90.0000    0.0000
  s           1    0.000000000           90.0000    0.0000
   sum over m      0.000000000           90.0000    0.0000
  px          0    0.000000000           90.0000    0.0000
  py          0    0.000000000           90.0000    0.0000
  pz          0    0.000000000           90.0000    0.0000
   sum over m      0.000000000           90.0000    0.0000
  px          1    0.000000000           90.0000    0.0000
  py          1    0.000000000           90.0000    0.0000
  pz          1    0.000000000           90.0000    0.0000
   sum over m      0.000000000           90.0000    0.0000
  d3z^2-r^2   0    0.000000000           90.0000    0.0000
  dx^2-y^2    0    0.000000000           90.0000    0.0000
  dxy         0    0.000000000           90.0000    0.0000
  dxz         0    0.000000000           90.0000    0.0000
  dyz         0    0.000000000           90.0000    0.0000
   sum over m      0.000000000           90.0000    0.0000

   29   Si         Orbital Moment(muB)    Angles (Deg)
            multiple
  s           0    0.000000000           90.0000    0.0000
   sum over m      0.000000000           90.0000    0.0000
  s           1    0.000000000           90.0000    0.0000
   sum over m      0.000000000           90.0000    0.0000
  px          0    0.000000000           90.0000    0.0000
  py          0    0.000000000           90.0000    0.0000
  pz          0    0.000000000           90.0000    0.0000
   sum over m      0.000000000           90.0000    0.0000
  px          1    0.000000000           90.0000    0.0000
  py          1    0.000000000           90.0000    0.0000
  pz          1    0.000000000           90.0000    0.0000
   sum over m      0.000000000           90.0000    0.0000
  d3z^2-r^2   0    0.000000000           90.0000    0.0000
  dx^2-y^2    0    0.000000000           90.0000    0.0000
  dxy         0    0.000000000           90.0000    0.0000
  dxz         0    0.000000000           90.0000    0.0000
  dyz         0    0.000000000           90.0000    0.0000
   sum over m      0.000000000           90.0000    0.0000

   30   Si         Orbital Moment(muB)    Angles (Deg)
            multiple
  s           0    0.000000000           90.0000    0.0000
   sum over m      0.000000000           90.0000    0.0000
  s           1    0.000000000           90.0000    0.0000
   sum over m      0.000000000           90.0000    0.0000
  px          0    0.000000000           90.0000    0.0000
  py          0    0.000000000           90.0000    0.0000
  pz          0    0.000000000           90.0000    0.0000
   sum over m      0.000000000           90.0000    0.0000
  px          1    0.000000000           90.0000    0.0000
  py          1    0.000000000           90.0000    0.0000
  pz          1    0.000000000           90.0000    0.0000
   sum over m      0.000000000           90.0000    0.0000
  d3z^2-r^2   0    0.000000000           90.0000    0.0000
  dx^2-y^2    0    0.000000000           90.0000    0.0000
  dxy         0    0.000000000           90.0000    0.0000
  dxz         0    0.000000000           90.0000    0.0000
  dyz         0    0.000000000           90.0000    0.0000
   sum over m      0.000000000           90.0000    0.0000

   31   Si         Orbital Moment(muB)    Angles (Deg)
            multiple
  s           0    0.000000000           90.0000    0.0000
   sum over m      0.000000000           90.0000    0.0000
  s           1    0.000000000           90.0000    0.0000
   sum over m      0.000000000           90.0000    0.0000
  px          0    0.000000000           90.0000    0.0000
  py          0    0.000000000           90.0000    0.0000
  pz          0    0.000000000           90.0000    0.0000
   sum over m      0.000000000           90.0000    0.0000
  px          1    0.000000000           90.0000    0.0000
  py          1    0.000000000           90.0000    0.0000
  pz          1    0.000000000           90.0000    0.0000
   sum over m      0.000000000           90.0000    0.0000
  d3z^2-r^2   0    0.000000000           90.0000    0.0000
  dx^2-y^2    0    0.000000000           90.0000    0.0000
  dxy         0    0.000000000           90.0000    0.0000
  dxz         0    0.000000000           90.0000    0.0000
  dyz         0    0.000000000           90.0000    0.0000
   sum over m      0.000000000           90.0000    0.0000

   32   Si         Orbital Moment(muB)    Angles (Deg)
            multiple
  s           0    0.000000000           90.0000    0.0000
   sum over m      0.000000000           90.0000    0.0000
  s           1    0.000000000           90.0000    0.0000
   sum over m      0.000000000           90.0000    0.0000
  px          0    0.000000000           90.0000    0.0000
  py          0    0.000000000           90.0000    0.0000
  pz          0    0.000000000           90.0000    0.0000
   sum over m      0.000000000           90.0000    0.0000
  px          1    0.000000000           90.0000    0.0000
  py          1    0.000000000           90.0000    0.0000
  pz          1    0.000000000           90.0000    0.0000
   sum over m      0.000000000           90.0000    0.0000
  d3z^2-r^2   0    0.000000000           90.0000    0.0000
  dx^2-y^2    0    0.000000000           90.0000    0.0000
  dxy         0    0.000000000           90.0000    0.0000
  dxz         0    0.000000000           90.0000    0.0000
  dyz         0    0.000000000           90.0000    0.0000
   sum over m      0.000000000           90.0000    0.0000

   33   Si         Orbital Moment(muB)    Angles (Deg)
            multiple
  s           0    0.000000000           90.0000    0.0000
   sum over m      0.000000000           90.0000    0.0000
  s           1    0.000000000           90.0000    0.0000
   sum over m      0.000000000           90.0000    0.0000
  px          0    0.000000000           90.0000    0.0000
  py          0    0.000000000           90.0000    0.0000
  pz          0    0.000000000           90.0000    0.0000
   sum over m      0.000000000           90.0000    0.0000
  px          1    0.000000000           90.0000    0.0000
  py          1    0.000000000           90.0000    0.0000
  pz          1    0.000000000           90.0000    0.0000
   sum over m      0.000000000           90.0000    0.0000
  d3z^2-r^2   0    0.000000000           90.0000    0.0000
  dx^2-y^2    0    0.000000000           90.0000    0.0000
  dxy         0    0.000000000           90.0000    0.0000
  dxz         0    0.000000000           90.0000    0.0000
  dyz         0    0.000000000           90.0000    0.0000
   sum over m      0.000000000           90.0000    0.0000

   34   Si         Orbital Moment(muB)    Angles (Deg)
            multiple
  s           0    0.000000000           90.0000    0.0000
   sum over m      0.000000000           90.0000    0.0000
  s           1    0.000000000           90.0000    0.0000
   sum over m      0.000000000           90.0000    0.0000
  px          0    0.000000000           90.0000    0.0000
  py          0    0.000000000           90.0000    0.0000
  pz          0    0.000000000           90.0000    0.0000
   sum over m      0.000000000           90.0000    0.0000
  px          1    0.000000000           90.0000    0.0000
  py          1    0.000000000           90.0000    0.0000
  pz          1    0.000000000           90.0000    0.0000
   sum over m      0.000000000           90.0000    0.0000
  d3z^2-r^2   0    0.000000000           90.0000    0.0000
  dx^2-y^2    0    0.000000000           90.0000    0.0000
  dxy         0    0.000000000           90.0000    0.0000
  dxz         0    0.000000000           90.0000    0.0000
  dyz         0    0.000000000           90.0000    0.0000
   sum over m      0.000000000           90.0000    0.0000

   35   Si         Orbital Moment(muB)    Angles (Deg)
            multiple
  s           0    0.000000000           90.0000    0.0000
   sum over m      0.000000000           90.0000    0.0000
  s           1    0.000000000           90.0000    0.0000
   sum over m      0.000000000           90.0000    0.0000
  px          0    0.000000000           90.0000    0.0000
  py          0    0.000000000           90.0000    0.0000
  pz          0    0.000000000           90.0000    0.0000
   sum over m      0.000000000           90.0000    0.0000
  px          1    0.000000000           90.0000    0.0000
  py          1    0.000000000           90.0000    0.0000
  pz          1    0.000000000           90.0000    0.0000
   sum over m      0.000000000           90.0000    0.0000
  d3z^2-r^2   0    0.000000000           90.0000    0.0000
  dx^2-y^2    0    0.000000000           90.0000    0.0000
  dxy         0    0.000000000           90.0000    0.0000
  dxz         0    0.000000000           90.0000    0.0000
  dyz         0    0.000000000           90.0000    0.0000
   sum over m      0.000000000           90.0000    0.0000

   36   Si         Orbital Moment(muB)    Angles (Deg)
            multiple
  s           0    0.000000000           90.0000    0.0000
   sum over m      0.000000000           90.0000    0.0000
  s           1    0.000000000           90.0000    0.0000
   sum over m      0.000000000           90.0000    0.0000
  px          0    0.000000000           90.0000    0.0000
  py          0    0.000000000           90.0000    0.0000
  pz          0    0.000000000           90.0000    0.0000
   sum over m      0.000000000           90.0000    0.0000
  px          1    0.000000000           90.0000    0.0000
  py          1    0.000000000           90.0000    0.0000
  pz          1    0.000000000           90.0000    0.0000
   sum over m      0.000000000           90.0000    0.0000
  d3z^2-r^2   0    0.000000000           90.0000    0.0000
  dx^2-y^2    0    0.000000000           90.0000    0.0000
  dxy         0    0.000000000           90.0000    0.0000
  dxz         0    0.000000000           90.0000    0.0000
  dyz         0    0.000000000           90.0000    0.0000
   sum over m      0.000000000           90.0000    0.0000

   37   Si         Orbital Moment(muB)    Angles (Deg)
            multiple
  s           0    0.000000000           90.0000    0.0000
   sum over m      0.000000000           90.0000    0.0000
  s           1    0.000000000           90.0000    0.0000
   sum over m      0.000000000           90.0000    0.0000
  px          0    0.000000000           90.0000    0.0000
  py          0    0.000000000           90.0000    0.0000
  pz          0    0.000000000           90.0000    0.0000
   sum over m      0.000000000           90.0000    0.0000
  px          1    0.000000000           90.0000    0.0000
  py          1    0.000000000           90.0000    0.0000
  pz          1    0.000000000           90.0000    0.0000
   sum over m      0.000000000           90.0000    0.0000
  d3z^2-r^2   0    0.000000000           90.0000    0.0000
  dx^2-y^2    0    0.000000000           90.0000    0.0000
  dxy         0    0.000000000           90.0000    0.0000
  dxz         0    0.000000000           90.0000    0.0000
  dyz         0    0.000000000           90.0000    0.0000
   sum over m      0.000000000           90.0000    0.0000

   38   Si         Orbital Moment(muB)    Angles (Deg)
            multiple
  s           0    0.000000000           90.0000    0.0000
   sum over m      0.000000000           90.0000    0.0000
  s           1    0.000000000           90.0000    0.0000
   sum over m      0.000000000           90.0000    0.0000
  px          0    0.000000000           90.0000    0.0000
  py          0    0.000000000           90.0000    0.0000
  pz          0    0.000000000           90.0000    0.0000
   sum over m      0.000000000           90.0000    0.0000
  px          1    0.000000000           90.0000    0.0000
  py          1    0.000000000           90.0000    0.0000
  pz          1    0.000000000           90.0000    0.0000
   sum over m      0.000000000           90.0000    0.0000
  d3z^2-r^2   0    0.000000000           90.0000    0.0000
  dx^2-y^2    0    0.000000000           90.0000    0.0000
  dxy         0    0.000000000           90.0000    0.0000
  dxz         0    0.000000000           90.0000    0.0000
  dyz         0    0.000000000           90.0000    0.0000
   sum over m      0.000000000           90.0000    0.0000

   39   Si         Orbital Moment(muB)    Angles (Deg)
            multiple
  s           0    0.000000000           90.0000    0.0000
   sum over m      0.000000000           90.0000    0.0000
  s           1    0.000000000           90.0000    0.0000
   sum over m      0.000000000           90.0000    0.0000
  px          0    0.000000000           90.0000    0.0000
  py          0    0.000000000           90.0000    0.0000
  pz          0    0.000000000           90.0000    0.0000
   sum over m      0.000000000           90.0000    0.0000
  px          1    0.000000000           90.0000    0.0000
  py          1    0.000000000           90.0000    0.0000
  pz          1    0.000000000           90.0000    0.0000
   sum over m      0.000000000           90.0000    0.0000
  d3z^2-r^2   0    0.000000000           90.0000    0.0000
  dx^2-y^2    0    0.000000000           90.0000    0.0000
  dxy         0    0.000000000           90.0000    0.0000
  dxz         0    0.000000000           90.0000    0.0000
  dyz         0    0.000000000           90.0000    0.0000
   sum over m      0.000000000           90.0000    0.0000

   40   Si         Orbital Moment(muB)    Angles (Deg)
            multiple
  s           0    0.000000000           90.0000    0.0000
   sum over m      0.000000000           90.0000    0.0000
  s           1    0.000000000           90.0000    0.0000
   sum over m      0.000000000           90.0000    0.0000
  px          0    0.000000000           90.0000    0.0000
  py          0    0.000000000           90.0000    0.0000
  pz          0    0.000000000           90.0000    0.0000
   sum over m      0.000000000           90.0000    0.0000
  px          1    0.000000000           90.0000    0.0000
  py          1    0.000000000           90.0000    0.0000
  pz          1    0.000000000           90.0000    0.0000
   sum over m      0.000000000           90.0000    0.0000
  d3z^2-r^2   0    0.000000000           90.0000    0.0000
  dx^2-y^2    0    0.000000000           90.0000    0.0000
  dxy         0    0.000000000           90.0000    0.0000
  dxz         0    0.000000000           90.0000    0.0000
  dyz         0    0.000000000           90.0000    0.0000
   sum over m      0.000000000           90.0000    0.0000

   41   Si         Orbital Moment(muB)    Angles (Deg)
            multiple
  s           0    0.000000000           90.0000    0.0000
   sum over m      0.000000000           90.0000    0.0000
  s           1    0.000000000           90.0000    0.0000
   sum over m      0.000000000           90.0000    0.0000
  px          0    0.000000000           90.0000    0.0000
  py          0    0.000000000           90.0000    0.0000
  pz          0    0.000000000           90.0000    0.0000
   sum over m      0.000000000           90.0000    0.0000
  px          1    0.000000000           90.0000    0.0000
  py          1    0.000000000           90.0000    0.0000
  pz          1    0.000000000           90.0000    0.0000
   sum over m      0.000000000           90.0000    0.0000
  d3z^2-r^2   0    0.000000000           90.0000    0.0000
  dx^2-y^2    0    0.000000000           90.0000    0.0000
  dxy         0    0.000000000           90.0000    0.0000
  dxz         0    0.000000000           90.0000    0.0000
  dyz         0    0.000000000           90.0000    0.0000
   sum over m      0.000000000           90.0000    0.0000

   42   Si         Orbital Moment(muB)    Angles (Deg)
            multiple
  s           0    0.000000000           90.0000    0.0000
   sum over m      0.000000000           90.0000    0.0000
  s           1    0.000000000           90.0000    0.0000
   sum over m      0.000000000           90.0000    0.0000
  px          0    0.000000000           90.0000    0.0000
  py          0    0.000000000           90.0000    0.0000
  pz          0    0.000000000           90.0000    0.0000
   sum over m      0.000000000           90.0000    0.0000
  px          1    0.000000000           90.0000    0.0000
  py          1    0.000000000           90.0000    0.0000
  pz          1    0.000000000           90.0000    0.0000
   sum over m      0.000000000           90.0000    0.0000
  d3z^2-r^2   0    0.000000000           90.0000    0.0000
  dx^2-y^2    0    0.000000000           90.0000    0.0000
  dxy         0    0.000000000           90.0000    0.0000
  dxz         0    0.000000000           90.0000    0.0000
  dyz         0    0.000000000           90.0000    0.0000
   sum over m      0.000000000           90.0000    0.0000

   43   Si         Orbital Moment(muB)    Angles (Deg)
            multiple
  s           0    0.000000000           90.0000    0.0000
   sum over m      0.000000000           90.0000    0.0000
  s           1    0.000000000           90.0000    0.0000
   sum over m      0.000000000           90.0000    0.0000
  px          0    0.000000000           90.0000    0.0000
  py          0    0.000000000           90.0000    0.0000
  pz          0    0.000000000           90.0000    0.0000
   sum over m      0.000000000           90.0000    0.0000
  px          1    0.000000000           90.0000    0.0000
  py          1    0.000000000           90.0000    0.0000
  pz          1    0.000000000           90.0000    0.0000
   sum over m      0.000000000           90.0000    0.0000
  d3z^2-r^2   0    0.000000000           90.0000    0.0000
  dx^2-y^2    0    0.000000000           90.0000    0.0000
  dxy         0    0.000000000           90.0000    0.0000
  dxz         0    0.000000000           90.0000    0.0000
  dyz         0    0.000000000           90.0000    0.0000
   sum over m      0.000000000           90.0000    0.0000

   44   Si         Orbital Moment(muB)    Angles (Deg)
            multiple
  s           0    0.000000000           90.0000    0.0000
   sum over m      0.000000000           90.0000    0.0000
  s           1    0.000000000           90.0000    0.0000
   sum over m      0.000000000           90.0000    0.0000
  px          0    0.000000000           90.0000    0.0000
  py          0    0.000000000           90.0000    0.0000
  pz          0    0.000000000           90.0000    0.0000
   sum over m      0.000000000           90.0000    0.0000
  px          1    0.000000000           90.0000    0.0000
  py          1    0.000000000           90.0000    0.0000
  pz          1    0.000000000           90.0000    0.0000
   sum over m      0.000000000           90.0000    0.0000
  d3z^2-r^2   0    0.000000000           90.0000    0.0000
  dx^2-y^2    0    0.000000000           90.0000    0.0000
  dxy         0    0.000000000           90.0000    0.0000
  dxz         0    0.000000000           90.0000    0.0000
  dyz         0    0.000000000           90.0000    0.0000
   sum over m      0.000000000           90.0000    0.0000

   45   Si         Orbital Moment(muB)    Angles (Deg)
            multiple
  s           0    0.000000000           90.0000    0.0000
   sum over m      0.000000000           90.0000    0.0000
  s           1    0.000000000           90.0000    0.0000
   sum over m      0.000000000           90.0000    0.0000
  px          0    0.000000000           90.0000    0.0000
  py          0    0.000000000           90.0000    0.0000
  pz          0    0.000000000           90.0000    0.0000
   sum over m      0.000000000           90.0000    0.0000
  px          1    0.000000000           90.0000    0.0000
  py          1    0.000000000           90.0000    0.0000
  pz          1    0.000000000           90.0000    0.0000
   sum over m      0.000000000           90.0000    0.0000
  d3z^2-r^2   0    0.000000000           90.0000    0.0000
  dx^2-y^2    0    0.000000000           90.0000    0.0000
  dxy         0    0.000000000           90.0000    0.0000
  dxz         0    0.000000000           90.0000    0.0000
  dyz         0    0.000000000           90.0000    0.0000
   sum over m      0.000000000           90.0000    0.0000

   46   Si         Orbital Moment(muB)    Angles (Deg)
            multiple
  s           0    0.000000000           90.0000    0.0000
   sum over m      0.000000000           90.0000    0.0000
  s           1    0.000000000           90.0000    0.0000
   sum over m      0.000000000           90.0000    0.0000
  px          0    0.000000000           90.0000    0.0000
  py          0    0.000000000           90.0000    0.0000
  pz          0    0.000000000           90.0000    0.0000
   sum over m      0.000000000           90.0000    0.0000
  px          1    0.000000000           90.0000    0.0000
  py          1    0.000000000           90.0000    0.0000
  pz          1    0.000000000           90.0000    0.0000
   sum over m      0.000000000           90.0000    0.0000
  d3z^2-r^2   0    0.000000000           90.0000    0.0000
  dx^2-y^2    0    0.000000000           90.0000    0.0000
  dxy         0    0.000000000           90.0000    0.0000
  dxz         0    0.000000000           90.0000    0.0000
  dyz         0    0.000000000           90.0000    0.0000
   sum over m      0.000000000           90.0000    0.0000

   47   Si         Orbital Moment(muB)    Angles (Deg)
            multiple
  s           0    0.000000000           90.0000    0.0000
   sum over m      0.000000000           90.0000    0.0000
  s           1    0.000000000           90.0000    0.0000
   sum over m      0.000000000           90.0000    0.0000
  px          0    0.000000000           90.0000    0.0000
  py          0    0.000000000           90.0000    0.0000
  pz          0    0.000000000           90.0000    0.0000
   sum over m      0.000000000           90.0000    0.0000
  px          1    0.000000000           90.0000    0.0000
  py          1    0.000000000           90.0000    0.0000
  pz          1    0.000000000           90.0000    0.0000
   sum over m      0.000000000           90.0000    0.0000
  d3z^2-r^2   0    0.000000000           90.0000    0.0000
  dx^2-y^2    0    0.000000000           90.0000    0.0000
  dxy         0    0.000000000           90.0000    0.0000
  dxz         0    0.000000000           90.0000    0.0000
  dyz         0    0.000000000           90.0000    0.0000
   sum over m      0.000000000           90.0000    0.0000

   48   Si         Orbital Moment(muB)    Angles (Deg)
            multiple
  s           0    0.000000000           90.0000    0.0000
   sum over m      0.000000000           90.0000    0.0000
  s           1    0.000000000           90.0000    0.0000
   sum over m      0.000000000           90.0000    0.0000
  px          0    0.000000000           90.0000    0.0000
  py          0    0.000000000           90.0000    0.0000
  pz          0    0.000000000           90.0000    0.0000
   sum over m      0.000000000           90.0000    0.0000
  px          1    0.000000000           90.0000    0.0000
  py          1    0.000000000           90.0000    0.0000
  pz          1    0.000000000           90.0000    0.0000
   sum over m      0.000000000           90.0000    0.0000
  d3z^2-r^2   0    0.000000000           90.0000    0.0000
  dx^2-y^2    0    0.000000000           90.0000    0.0000
  dxy         0    0.000000000           90.0000    0.0000
  dxz         0    0.000000000           90.0000    0.0000
  dyz         0    0.000000000           90.0000    0.0000
   sum over m      0.000000000           90.0000    0.0000

   49   Si         Orbital Moment(muB)    Angles (Deg)
            multiple
  s           0    0.000000000           90.0000    0.0000
   sum over m      0.000000000           90.0000    0.0000
  s           1    0.000000000           90.0000    0.0000
   sum over m      0.000000000           90.0000    0.0000
  px          0    0.000000000           90.0000    0.0000
  py          0    0.000000000           90.0000    0.0000
  pz          0    0.000000000           90.0000    0.0000
   sum over m      0.000000000           90.0000    0.0000
  px          1    0.000000000           90.0000    0.0000
  py          1    0.000000000           90.0000    0.0000
  pz          1    0.000000000           90.0000    0.0000
   sum over m      0.000000000           90.0000    0.0000
  d3z^2-r^2   0    0.000000000           90.0000    0.0000
  dx^2-y^2    0    0.000000000           90.0000    0.0000
  dxy         0    0.000000000           90.0000    0.0000
  dxz         0    0.000000000           90.0000    0.0000
  dyz         0    0.000000000           90.0000    0.0000
   sum over m      0.000000000           90.0000    0.0000

   50   Si         Orbital Moment(muB)    Angles (Deg)
            multiple
  s           0    0.000000000           90.0000    0.0000
   sum over m      0.000000000           90.0000    0.0000
  s           1    0.000000000           90.0000    0.0000
   sum over m      0.000000000           90.0000    0.0000
  px          0    0.000000000           90.0000    0.0000
  py          0    0.000000000           90.0000    0.0000
  pz          0    0.000000000           90.0000    0.0000
   sum over m      0.000000000           90.0000    0.0000
  px          1    0.000000000           90.0000    0.0000
  py          1    0.000000000           90.0000    0.0000
  pz          1    0.000000000           90.0000    0.0000
   sum over m      0.000000000           90.0000    0.0000
  d3z^2-r^2   0    0.000000000           90.0000    0.0000
  dx^2-y^2    0    0.000000000           90.0000    0.0000
  dxy         0    0.000000000           90.0000    0.0000
  dxz         0    0.000000000           90.0000    0.0000
  dyz         0    0.000000000           90.0000    0.0000
   sum over m      0.000000000           90.0000    0.0000

   51   Si         Orbital Moment(muB)    Angles (Deg)
            multiple
  s           0    0.000000000           90.0000    0.0000
   sum over m      0.000000000           90.0000    0.0000
  s           1    0.000000000           90.0000    0.0000
   sum over m      0.000000000           90.0000    0.0000
  px          0    0.000000000           90.0000    0.0000
  py          0    0.000000000           90.0000    0.0000
  pz          0    0.000000000           90.0000    0.0000
   sum over m      0.000000000           90.0000    0.0000
  px          1    0.000000000           90.0000    0.0000
  py          1    0.000000000           90.0000    0.0000
  pz          1    0.000000000           90.0000    0.0000
   sum over m      0.000000000           90.0000    0.0000
  d3z^2-r^2   0    0.000000000           90.0000    0.0000
  dx^2-y^2    0    0.000000000           90.0000    0.0000
  dxy         0    0.000000000           90.0000    0.0000
  dxz         0    0.000000000           90.0000    0.0000
  dyz         0    0.000000000           90.0000    0.0000
   sum over m      0.000000000           90.0000    0.0000

   52   Si         Orbital Moment(muB)    Angles (Deg)
            multiple
  s           0    0.000000000           90.0000    0.0000
   sum over m      0.000000000           90.0000    0.0000
  s           1    0.000000000           90.0000    0.0000
   sum over m      0.000000000           90.0000    0.0000
  px          0    0.000000000           90.0000    0.0000
  py          0    0.000000000           90.0000    0.0000
  pz          0    0.000000000           90.0000    0.0000
   sum over m      0.000000000           90.0000    0.0000
  px          1    0.000000000           90.0000    0.0000
  py          1    0.000000000           90.0000    0.0000
  pz          1    0.000000000           90.0000    0.0000
   sum over m      0.000000000           90.0000    0.0000
  d3z^2-r^2   0    0.000000000           90.0000    0.0000
  dx^2-y^2    0    0.000000000           90.0000    0.0000
  dxy         0    0.000000000           90.0000    0.0000
  dxz         0    0.000000000           90.0000    0.0000
  dyz         0    0.000000000           90.0000    0.0000
   sum over m      0.000000000           90.0000    0.0000

   53   Si         Orbital Moment(muB)    Angles (Deg)
            multiple
  s           0    0.000000000           90.0000    0.0000
   sum over m      0.000000000           90.0000    0.0000
  s           1    0.000000000           90.0000    0.0000
   sum over m      0.000000000           90.0000    0.0000
  px          0    0.000000000           90.0000    0.0000
  py          0    0.000000000           90.0000    0.0000
  pz          0    0.000000000           90.0000    0.0000
   sum over m      0.000000000           90.0000    0.0000
  px          1    0.000000000           90.0000    0.0000
  py          1    0.000000000           90.0000    0.0000
  pz          1    0.000000000           90.0000    0.0000
   sum over m      0.000000000           90.0000    0.0000
  d3z^2-r^2   0    0.000000000           90.0000    0.0000
  dx^2-y^2    0    0.000000000           90.0000    0.0000
  dxy         0    0.000000000           90.0000    0.0000
  dxz         0    0.000000000           90.0000    0.0000
  dyz         0    0.000000000           90.0000    0.0000
   sum over m      0.000000000           90.0000    0.0000

   54   Si         Orbital Moment(muB)    Angles (Deg)
            multiple
  s           0    0.000000000           90.0000    0.0000
   sum over m      0.000000000           90.0000    0.0000
  s           1    0.000000000           90.0000    0.0000
   sum over m      0.000000000           90.0000    0.0000
  px          0    0.000000000           90.0000    0.0000
  py          0    0.000000000           90.0000    0.0000
  pz          0    0.000000000           90.0000    0.0000
   sum over m      0.000000000           90.0000    0.0000
  px          1    0.000000000           90.0000    0.0000
  py          1    0.000000000           90.0000    0.0000
  pz          1    0.000000000           90.0000    0.0000
   sum over m      0.000000000           90.0000    0.0000
  d3z^2-r^2   0    0.000000000           90.0000    0.0000
  dx^2-y^2    0    0.000000000           90.0000    0.0000
  dxy         0    0.000000000           90.0000    0.0000
  dxz         0    0.000000000           90.0000    0.0000
  dyz         0    0.000000000           90.0000    0.0000
   sum over m      0.000000000           90.0000    0.0000

   55   Si         Orbital Moment(muB)    Angles (Deg)
            multiple
  s           0    0.000000000           90.0000    0.0000
   sum over m      0.000000000           90.0000    0.0000
  s           1    0.000000000           90.0000    0.0000
   sum over m      0.000000000           90.0000    0.0000
  px          0    0.000000000           90.0000    0.0000
  py          0    0.000000000           90.0000    0.0000
  pz          0    0.000000000           90.0000    0.0000
   sum over m      0.000000000           90.0000    0.0000
  px          1    0.000000000           90.0000    0.0000
  py          1    0.000000000           90.0000    0.0000
  pz          1    0.000000000           90.0000    0.0000
   sum over m      0.000000000           90.0000    0.0000
  d3z^2-r^2   0    0.000000000           90.0000    0.0000
  dx^2-y^2    0    0.000000000           90.0000    0.0000
  dxy         0    0.000000000           90.0000    0.0000
  dxz         0    0.000000000           90.0000    0.0000
  dyz         0    0.000000000           90.0000    0.0000
   sum over m      0.000000000           90.0000    0.0000

   56   Si         Orbital Moment(muB)    Angles (Deg)
            multiple
  s           0    0.000000000           90.0000    0.0000
   sum over m      0.000000000           90.0000    0.0000
  s           1    0.000000000           90.0000    0.0000
   sum over m      0.000000000           90.0000    0.0000
  px          0    0.000000000           90.0000    0.0000
  py          0    0.000000000           90.0000    0.0000
  pz          0    0.000000000           90.0000    0.0000
   sum over m      0.000000000           90.0000    0.0000
  px          1    0.000000000           90.0000    0.0000
  py          1    0.000000000           90.0000    0.0000
  pz          1    0.000000000           90.0000    0.0000
   sum over m      0.000000000           90.0000    0.0000
  d3z^2-r^2   0    0.000000000           90.0000    0.0000
  dx^2-y^2    0    0.000000000           90.0000    0.0000
  dxy         0    0.000000000           90.0000    0.0000
  dxz         0    0.000000000           90.0000    0.0000
  dyz         0    0.000000000           90.0000    0.0000
   sum over m      0.000000000           90.0000    0.0000

   57   Si         Orbital Moment(muB)    Angles (Deg)
            multiple
  s           0    0.000000000           90.0000    0.0000
   sum over m      0.000000000           90.0000    0.0000
  s           1    0.000000000           90.0000    0.0000
   sum over m      0.000000000           90.0000    0.0000
  px          0    0.000000000           90.0000    0.0000
  py          0    0.000000000           90.0000    0.0000
  pz          0    0.000000000           90.0000    0.0000
   sum over m      0.000000000           90.0000    0.0000
  px          1    0.000000000           90.0000    0.0000
  py          1    0.000000000           90.0000    0.0000
  pz          1    0.000000000           90.0000    0.0000
   sum over m      0.000000000           90.0000    0.0000
  d3z^2-r^2   0    0.000000000           90.0000    0.0000
  dx^2-y^2    0    0.000000000           90.0000    0.0000
  dxy         0    0.000000000           90.0000    0.0000
  dxz         0    0.000000000           90.0000    0.0000
  dyz         0    0.000000000           90.0000    0.0000
   sum over m      0.000000000           90.0000    0.0000

   58   Si         Orbital Moment(muB)    Angles (Deg)
            multiple
  s           0    0.000000000           90.0000    0.0000
   sum over m      0.000000000           90.0000    0.0000
  s           1    0.000000000           90.0000    0.0000
   sum over m      0.000000000           90.0000    0.0000
  px          0    0.000000000           90.0000    0.0000
  py          0    0.000000000           90.0000    0.0000
  pz          0    0.000000000           90.0000    0.0000
   sum over m      0.000000000           90.0000    0.0000
  px          1    0.000000000           90.0000    0.0000
  py          1    0.000000000           90.0000    0.0000
  pz          1    0.000000000           90.0000    0.0000
   sum over m      0.000000000           90.0000    0.0000
  d3z^2-r^2   0    0.000000000           90.0000    0.0000
  dx^2-y^2    0    0.000000000           90.0000    0.0000
  dxy         0    0.000000000           90.0000    0.0000
  dxz         0    0.000000000           90.0000    0.0000
  dyz         0    0.000000000           90.0000    0.0000
   sum over m      0.000000000           90.0000    0.0000

   59   Si         Orbital Moment(muB)    Angles (Deg)
            multiple
  s           0    0.000000000           90.0000    0.0000
   sum over m      0.000000000           90.0000    0.0000
  s           1    0.000000000           90.0000    0.0000
   sum over m      0.000000000           90.0000    0.0000
  px          0    0.000000000           90.0000    0.0000
  py          0    0.000000000           90.0000    0.0000
  pz          0    0.000000000           90.0000    0.0000
   sum over m      0.000000000           90.0000    0.0000
  px          1    0.000000000           90.0000    0.0000
  py          1    0.000000000           90.0000    0.0000
  pz          1    0.000000000           90.0000    0.0000
   sum over m      0.000000000           90.0000    0.0000
  d3z^2-r^2   0    0.000000000           90.0000    0.0000
  dx^2-y^2    0    0.000000000           90.0000    0.0000
  dxy         0    0.000000000           90.0000    0.0000
  dxz         0    0.000000000           90.0000    0.0000
  dyz         0    0.000000000           90.0000    0.0000
   sum over m      0.000000000           90.0000    0.0000

   60   Si         Orbital Moment(muB)    Angles (Deg)
            multiple
  s           0    0.000000000           90.0000    0.0000
   sum over m      0.000000000           90.0000    0.0000
  s           1    0.000000000           90.0000    0.0000
   sum over m      0.000000000           90.0000    0.0000
  px          0    0.000000000           90.0000    0.0000
  py          0    0.000000000           90.0000    0.0000
  pz          0    0.000000000           90.0000    0.0000
   sum over m      0.000000000           90.0000    0.0000
  px          1    0.000000000           90.0000    0.0000
  py          1    0.000000000           90.0000    0.0000
  pz          1    0.000000000           90.0000    0.0000
   sum over m      0.000000000           90.0000    0.0000
  d3z^2-r^2   0    0.000000000           90.0000    0.0000
  dx^2-y^2    0    0.000000000           90.0000    0.0000
  dxy         0    0.000000000           90.0000    0.0000
  dxz         0    0.000000000           90.0000    0.0000
  dyz         0    0.000000000           90.0000    0.0000
   sum over m      0.000000000           90.0000    0.0000

   61   Si         Orbital Moment(muB)    Angles (Deg)
            multiple
  s           0    0.000000000           90.0000    0.0000
   sum over m      0.000000000           90.0000    0.0000
  s           1    0.000000000           90.0000    0.0000
   sum over m      0.000000000           90.0000    0.0000
  px          0    0.000000000           90.0000    0.0000
  py          0    0.000000000           90.0000    0.0000
  pz          0    0.000000000           90.0000    0.0000
   sum over m      0.000000000           90.0000    0.0000
  px          1    0.000000000           90.0000    0.0000
  py          1    0.000000000           90.0000    0.0000
  pz          1    0.000000000           90.0000    0.0000
   sum over m      0.000000000           90.0000    0.0000
  d3z^2-r^2   0    0.000000000           90.0000    0.0000
  dx^2-y^2    0    0.000000000           90.0000    0.0000
  dxy         0    0.000000000           90.0000    0.0000
  dxz         0    0.000000000           90.0000    0.0000
  dyz         0    0.000000000           90.0000    0.0000
   sum over m      0.000000000           90.0000    0.0000

   62   Si         Orbital Moment(muB)    Angles (Deg)
            multiple
  s           0    0.000000000           90.0000    0.0000
   sum over m      0.000000000           90.0000    0.0000
  s           1    0.000000000           90.0000    0.0000
   sum over m      0.000000000           90.0000    0.0000
  px          0    0.000000000           90.0000    0.0000
  py          0    0.000000000           90.0000    0.0000
  pz          0    0.000000000           90.0000    0.0000
   sum over m      0.000000000           90.0000    0.0000
  px          1    0.000000000           90.0000    0.0000
  py          1    0.000000000           90.0000    0.0000
  pz          1    0.000000000           90.0000    0.0000
   sum over m      0.000000000           90.0000    0.0000
  d3z^2-r^2   0    0.000000000           90.0000    0.0000
  dx^2-y^2    0    0.000000000           90.0000    0.0000
  dxy         0    0.000000000           90.0000    0.0000
  dxz         0    0.000000000           90.0000    0.0000
  dyz         0    0.000000000           90.0000    0.0000
   sum over m      0.000000000           90.0000    0.0000

   63   Si         Orbital Moment(muB)    Angles (Deg)
            multiple
  s           0    0.000000000           90.0000    0.0000
   sum over m      0.000000000           90.0000    0.0000
  s           1    0.000000000           90.0000    0.0000
   sum over m      0.000000000           90.0000    0.0000
  px          0    0.000000000           90.0000    0.0000
  py          0    0.000000000           90.0000    0.0000
  pz          0    0.000000000           90.0000    0.0000
   sum over m      0.000000000           90.0000    0.0000
  px          1    0.000000000           90.0000    0.0000
  py          1    0.000000000           90.0000    0.0000
  pz          1    0.000000000           90.0000    0.0000
   sum over m      0.000000000           90.0000    0.0000
  d3z^2-r^2   0    0.000000000           90.0000    0.0000
  dx^2-y^2    0    0.000000000           90.0000    0.0000
  dxy         0    0.000000000           90.0000    0.0000
  dxz         0    0.000000000           90.0000    0.0000
  dyz         0    0.000000000           90.0000    0.0000
   sum over m      0.000000000           90.0000    0.0000

   64   Si         Orbital Moment(muB)    Angles (Deg)
            multiple
  s           0    0.000000000           90.0000    0.0000
   sum over m      0.000000000           90.0000    0.0000
  s           1    0.000000000           90.0000    0.0000
   sum over m      0.000000000           90.0000    0.0000
  px          0    0.000000000           90.0000    0.0000
  py          0    0.000000000           90.0000    0.0000
  pz          0    0.000000000           90.0000    0.0000
   sum over m      0.000000000           90.0000    0.0000
  px          1    0.000000000           90.0000    0.0000
  py          1    0.000000000           90.0000    0.0000
  pz          1    0.000000000           90.0000    0.0000
   sum over m      0.000000000           90.0000    0.0000
  d3z^2-r^2   0    0.000000000           90.0000    0.0000
  dx^2-y^2    0    0.000000000           90.0000    0.0000
  dxy         0    0.000000000           90.0000    0.0000
  dxz         0    0.000000000           90.0000    0.0000
  dyz         0    0.000000000           90.0000    0.0000
   sum over m      0.000000000           90.0000    0.0000

   65   Si         Orbital Moment(muB)    Angles (Deg)
            multiple
  s           0    0.000000000           90.0000    0.0000
   sum over m      0.000000000           90.0000    0.0000
  s           1    0.000000000           90.0000    0.0000
   sum over m      0.000000000           90.0000    0.0000
  px          0    0.000000000           90.0000    0.0000
  py          0    0.000000000           90.0000    0.0000
  pz          0    0.000000000           90.0000    0.0000
   sum over m      0.000000000           90.0000    0.0000
  px          1    0.000000000           90.0000    0.0000
  py          1    0.000000000           90.0000    0.0000
  pz          1    0.000000000           90.0000    0.0000
   sum over m      0.000000000           90.0000    0.0000
  d3z^2-r^2   0    0.000000000           90.0000    0.0000
  dx^2-y^2    0    0.000000000           90.0000    0.0000
  dxy         0    0.000000000           90.0000    0.0000
  dxz         0    0.000000000           90.0000    0.0000
  dyz         0    0.000000000           90.0000    0.0000
   sum over m      0.000000000           90.0000    0.0000

   66   Si         Orbital Moment(muB)    Angles (Deg)
            multiple
  s           0    0.000000000           90.0000    0.0000
   sum over m      0.000000000           90.0000    0.0000
  s           1    0.000000000           90.0000    0.0000
   sum over m      0.000000000           90.0000    0.0000
  px          0    0.000000000           90.0000    0.0000
  py          0    0.000000000           90.0000    0.0000
  pz          0    0.000000000           90.0000    0.0000
   sum over m      0.000000000           90.0000    0.0000
  px          1    0.000000000           90.0000    0.0000
  py          1    0.000000000           90.0000    0.0000
  pz          1    0.000000000           90.0000    0.0000
   sum over m      0.000000000           90.0000    0.0000
  d3z^2-r^2   0    0.000000000           90.0000    0.0000
  dx^2-y^2    0    0.000000000           90.0000    0.0000
  dxy         0    0.000000000           90.0000    0.0000
  dxz         0    0.000000000           90.0000    0.0000
  dyz         0    0.000000000           90.0000    0.0000
   sum over m      0.000000000           90.0000    0.0000

   67   Si         Orbital Moment(muB)    Angles (Deg)
            multiple
  s           0    0.000000000           90.0000    0.0000
   sum over m      0.000000000           90.0000    0.0000
  s           1    0.000000000           90.0000    0.0000
   sum over m      0.000000000           90.0000    0.0000
  px          0    0.000000000           90.0000    0.0000
  py          0    0.000000000           90.0000    0.0000
  pz          0    0.000000000           90.0000    0.0000
   sum over m      0.000000000           90.0000    0.0000
  px          1    0.000000000           90.0000    0.0000
  py          1    0.000000000           90.0000    0.0000
  pz          1    0.000000000           90.0000    0.0000
   sum over m      0.000000000           90.0000    0.0000
  d3z^2-r^2   0    0.000000000           90.0000    0.0000
  dx^2-y^2    0    0.000000000           90.0000    0.0000
  dxy         0    0.000000000           90.0000    0.0000
  dxz         0    0.000000000           90.0000    0.0000
  dyz         0    0.000000000           90.0000    0.0000
   sum over m      0.000000000           90.0000    0.0000

   68   Si         Orbital Moment(muB)    Angles (Deg)
            multiple
  s           0    0.000000000           90.0000    0.0000
   sum over m      0.000000000           90.0000    0.0000
  s           1    0.000000000           90.0000    0.0000
   sum over m      0.000000000           90.0000    0.0000
  px          0    0.000000000           90.0000    0.0000
  py          0    0.000000000           90.0000    0.0000
  pz          0    0.000000000           90.0000    0.0000
   sum over m      0.000000000           90.0000    0.0000
  px          1    0.000000000           90.0000    0.0000
  py          1    0.000000000           90.0000    0.0000
  pz          1    0.000000000           90.0000    0.0000
   sum over m      0.000000000           90.0000    0.0000
  d3z^2-r^2   0    0.000000000           90.0000    0.0000
  dx^2-y^2    0    0.000000000           90.0000    0.0000
  dxy         0    0.000000000           90.0000    0.0000
  dxz         0    0.000000000           90.0000    0.0000
  dyz         0    0.000000000           90.0000    0.0000
   sum over m      0.000000000           90.0000    0.0000

   69   Si         Orbital Moment(muB)    Angles (Deg)
            multiple
  s           0    0.000000000           90.0000    0.0000
   sum over m      0.000000000           90.0000    0.0000
  s           1    0.000000000           90.0000    0.0000
   sum over m      0.000000000           90.0000    0.0000
  px          0    0.000000000           90.0000    0.0000
  py          0    0.000000000           90.0000    0.0000
  pz          0    0.000000000           90.0000    0.0000
   sum over m      0.000000000           90.0000    0.0000
  px          1    0.000000000           90.0000    0.0000
  py          1    0.000000000           90.0000    0.0000
  pz          1    0.000000000           90.0000    0.0000
   sum over m      0.000000000           90.0000    0.0000
  d3z^2-r^2   0    0.000000000           90.0000    0.0000
  dx^2-y^2    0    0.000000000           90.0000    0.0000
  dxy         0    0.000000000           90.0000    0.0000
  dxz         0    0.000000000           90.0000    0.0000
  dyz         0    0.000000000           90.0000    0.0000
   sum over m      0.000000000           90.0000    0.0000

   70   Si         Orbital Moment(muB)    Angles (Deg)
            multiple
  s           0    0.000000000           90.0000    0.0000
   sum over m      0.000000000           90.0000    0.0000
  s           1    0.000000000           90.0000    0.0000
   sum over m      0.000000000           90.0000    0.0000
  px          0    0.000000000           90.0000    0.0000
  py          0    0.000000000           90.0000    0.0000
  pz          0    0.000000000           90.0000    0.0000
   sum over m      0.000000000           90.0000    0.0000
  px          1    0.000000000           90.0000    0.0000
  py          1    0.000000000           90.0000    0.0000
  pz          1    0.000000000           90.0000    0.0000
   sum over m      0.000000000           90.0000    0.0000
  d3z^2-r^2   0    0.000000000           90.0000    0.0000
  dx^2-y^2    0    0.000000000           90.0000    0.0000
  dxy         0    0.000000000           90.0000    0.0000
  dxz         0    0.000000000           90.0000    0.0000
  dyz         0    0.000000000           90.0000    0.0000
   sum over m      0.000000000           90.0000    0.0000

   71   Si         Orbital Moment(muB)    Angles (Deg)
            multiple
  s           0    0.000000000           90.0000    0.0000
   sum over m      0.000000000           90.0000    0.0000
  s           1    0.000000000           90.0000    0.0000
   sum over m      0.000000000           90.0000    0.0000
  px          0    0.000000000           90.0000    0.0000
  py          0    0.000000000           90.0000    0.0000
  pz          0    0.000000000           90.0000    0.0000
   sum over m      0.000000000           90.0000    0.0000
  px          1    0.000000000           90.0000    0.0000
  py          1    0.000000000           90.0000    0.0000
  pz          1    0.000000000           90.0000    0.0000
   sum over m      0.000000000           90.0000    0.0000
  d3z^2-r^2   0    0.000000000           90.0000    0.0000
  dx^2-y^2    0    0.000000000           90.0000    0.0000
  dxy         0    0.000000000           90.0000    0.0000
  dxz         0    0.000000000           90.0000    0.0000
  dyz         0    0.000000000           90.0000    0.0000
   sum over m      0.000000000           90.0000    0.0000

   72   Si         Orbital Moment(muB)    Angles (Deg)
            multiple
  s           0    0.000000000           90.0000    0.0000
   sum over m      0.000000000           90.0000    0.0000
  s           1    0.000000000           90.0000    0.0000
   sum over m      0.000000000           90.0000    0.0000
  px          0    0.000000000           90.0000    0.0000
  py          0    0.000000000           90.0000    0.0000
  pz          0    0.000000000           90.0000    0.0000
   sum over m      0.000000000           90.0000    0.0000
  px          1    0.000000000           90.0000    0.0000
  py          1    0.000000000           90.0000    0.0000
  pz          1    0.000000000           90.0000    0.0000
   sum over m      0.000000000           90.0000    0.0000
  d3z^2-r^2   0    0.000000000           90.0000    0.0000
  dx^2-y^2    0    0.000000000           90.0000    0.0000
  dxy         0    0.000000000           90.0000    0.0000
  dxz         0    0.000000000           90.0000    0.0000
  dyz         0    0.000000000           90.0000    0.0000
   sum over m      0.000000000           90.0000    0.0000

   73   Si         Orbital Moment(muB)    Angles (Deg)
            multiple
  s           0    0.000000000           90.0000    0.0000
   sum over m      0.000000000           90.0000    0.0000
  s           1    0.000000000           90.0000    0.0000
   sum over m      0.000000000           90.0000    0.0000
  px          0    0.000000000           90.0000    0.0000
  py          0    0.000000000           90.0000    0.0000
  pz          0    0.000000000           90.0000    0.0000
   sum over m      0.000000000           90.0000    0.0000
  px          1    0.000000000           90.0000    0.0000
  py          1    0.000000000           90.0000    0.0000
  pz          1    0.000000000           90.0000    0.0000
   sum over m      0.000000000           90.0000    0.0000
  d3z^2-r^2   0    0.000000000           90.0000    0.0000
  dx^2-y^2    0    0.000000000           90.0000    0.0000
  dxy         0    0.000000000           90.0000    0.0000
  dxz         0    0.000000000           90.0000    0.0000
  dyz         0    0.000000000           90.0000    0.0000
   sum over m      0.000000000           90.0000    0.0000

   74   Si         Orbital Moment(muB)    Angles (Deg)
            multiple
  s           0    0.000000000           90.0000    0.0000
   sum over m      0.000000000           90.0000    0.0000
  s           1    0.000000000           90.0000    0.0000
   sum over m      0.000000000           90.0000    0.0000
  px          0    0.000000000           90.0000    0.0000
  py          0    0.000000000           90.0000    0.0000
  pz          0    0.000000000           90.0000    0.0000
   sum over m      0.000000000           90.0000    0.0000
  px          1    0.000000000           90.0000    0.0000
  py          1    0.000000000           90.0000    0.0000
  pz          1    0.000000000           90.0000    0.0000
   sum over m      0.000000000           90.0000    0.0000
  d3z^2-r^2   0    0.000000000           90.0000    0.0000
  dx^2-y^2    0    0.000000000           90.0000    0.0000
  dxy         0    0.000000000           90.0000    0.0000
  dxz         0    0.000000000           90.0000    0.0000
  dyz         0    0.000000000           90.0000    0.0000
   sum over m      0.000000000           90.0000    0.0000

   75   Si         Orbital Moment(muB)    Angles (Deg)
            multiple
  s           0    0.000000000           90.0000    0.0000
   sum over m      0.000000000           90.0000    0.0000
  s           1    0.000000000           90.0000    0.0000
   sum over m      0.000000000           90.0000    0.0000
  px          0    0.000000000           90.0000    0.0000
  py          0    0.000000000           90.0000    0.0000
  pz          0    0.000000000           90.0000    0.0000
   sum over m      0.000000000           90.0000    0.0000
  px          1    0.000000000           90.0000    0.0000
  py          1    0.000000000           90.0000    0.0000
  pz          1    0.000000000           90.0000    0.0000
   sum over m      0.000000000           90.0000    0.0000
  d3z^2-r^2   0    0.000000000           90.0000    0.0000
  dx^2-y^2    0    0.000000000           90.0000    0.0000
  dxy         0    0.000000000           90.0000    0.0000
  dxz         0    0.000000000           90.0000    0.0000
  dyz         0    0.000000000           90.0000    0.0000
   sum over m      0.000000000           90.0000    0.0000

   76   Si         Orbital Moment(muB)    Angles (Deg)
            multiple
  s           0    0.000000000           90.0000    0.0000
   sum over m      0.000000000           90.0000    0.0000
  s           1    0.000000000           90.0000    0.0000
   sum over m      0.000000000           90.0000    0.0000
  px          0    0.000000000           90.0000    0.0000
  py          0    0.000000000           90.0000    0.0000
  pz          0    0.000000000           90.0000    0.0000
   sum over m      0.000000000           90.0000    0.0000
  px          1    0.000000000           90.0000    0.0000
  py          1    0.000000000           90.0000    0.0000
  pz          1    0.000000000           90.0000    0.0000
   sum over m      0.000000000           90.0000    0.0000
  d3z^2-r^2   0    0.000000000           90.0000    0.0000
  dx^2-y^2    0    0.000000000           90.0000    0.0000
  dxy         0    0.000000000           90.0000    0.0000
  dxz         0    0.000000000           90.0000    0.0000
  dyz         0    0.000000000           90.0000    0.0000
   sum over m      0.000000000           90.0000    0.0000

   77   Si         Orbital Moment(muB)    Angles (Deg)
            multiple
  s           0    0.000000000           90.0000    0.0000
   sum over m      0.000000000           90.0000    0.0000
  s           1    0.000000000           90.0000    0.0000
   sum over m      0.000000000           90.0000    0.0000
  px          0    0.000000000           90.0000    0.0000
  py          0    0.000000000           90.0000    0.0000
  pz          0    0.000000000           90.0000    0.0000
   sum over m      0.000000000           90.0000    0.0000
  px          1    0.000000000           90.0000    0.0000
  py          1    0.000000000           90.0000    0.0000
  pz          1    0.000000000           90.0000    0.0000
   sum over m      0.000000000           90.0000    0.0000
  d3z^2-r^2   0    0.000000000           90.0000    0.0000
  dx^2-y^2    0    0.000000000           90.0000    0.0000
  dxy         0    0.000000000           90.0000    0.0000
  dxz         0    0.000000000           90.0000    0.0000
  dyz         0    0.000000000           90.0000    0.0000
   sum over m      0.000000000           90.0000    0.0000

   78   Si         Orbital Moment(muB)    Angles (Deg)
            multiple
  s           0    0.000000000           90.0000    0.0000
   sum over m      0.000000000           90.0000    0.0000
  s           1    0.000000000           90.0000    0.0000
   sum over m      0.000000000           90.0000    0.0000
  px          0    0.000000000           90.0000    0.0000
  py          0    0.000000000           90.0000    0.0000
  pz          0    0.000000000           90.0000    0.0000
   sum over m      0.000000000           90.0000    0.0000
  px          1    0.000000000           90.0000    0.0000
  py          1    0.000000000           90.0000    0.0000
  pz          1    0.000000000           90.0000    0.0000
   sum over m      0.000000000           90.0000    0.0000
  d3z^2-r^2   0    0.000000000           90.0000    0.0000
  dx^2-y^2    0    0.000000000           90.0000    0.0000
  dxy         0    0.000000000           90.0000    0.0000
  dxz         0    0.000000000           90.0000    0.0000
  dyz         0    0.000000000           90.0000    0.0000
   sum over m      0.000000000           90.0000    0.0000

   79   Si         Orbital Moment(muB)    Angles (Deg)
            multiple
  s           0    0.000000000           90.0000    0.0000
   sum over m      0.000000000           90.0000    0.0000
  s           1    0.000000000           90.0000    0.0000
   sum over m      0.000000000           90.0000    0.0000
  px          0    0.000000000           90.0000    0.0000
  py          0    0.000000000           90.0000    0.0000
  pz          0    0.000000000           90.0000    0.0000
   sum over m      0.000000000           90.0000    0.0000
  px          1    0.000000000           90.0000    0.0000
  py          1    0.000000000           90.0000    0.0000
  pz          1    0.000000000           90.0000    0.0000
   sum over m      0.000000000           90.0000    0.0000
  d3z^2-r^2   0    0.000000000           90.0000    0.0000
  dx^2-y^2    0    0.000000000           90.0000    0.0000
  dxy         0    0.000000000           90.0000    0.0000
  dxz         0    0.000000000           90.0000    0.0000
  dyz         0    0.000000000           90.0000    0.0000
   sum over m      0.000000000           90.0000    0.0000

   80   Si         Orbital Moment(muB)    Angles (Deg)
            multiple
  s           0    0.000000000           90.0000    0.0000
   sum over m      0.000000000           90.0000    0.0000
  s           1    0.000000000           90.0000    0.0000
   sum over m      0.000000000           90.0000    0.0000
  px          0    0.000000000           90.0000    0.0000
  py          0    0.000000000           90.0000    0.0000
  pz          0    0.000000000           90.0000    0.0000
   sum over m      0.000000000           90.0000    0.0000
  px          1    0.000000000           90.0000    0.0000
  py          1    0.000000000           90.0000    0.0000
  pz          1    0.000000000           90.0000    0.0000
   sum over m      0.000000000           90.0000    0.0000
  d3z^2-r^2   0    0.000000000           90.0000    0.0000
  dx^2-y^2    0    0.000000000           90.0000    0.0000
  dxy         0    0.000000000           90.0000    0.0000
  dxz         0    0.000000000           90.0000    0.0000
  dyz         0    0.000000000           90.0000    0.0000
   sum over m      0.000000000           90.0000    0.0000

   81   Si         Orbital Moment(muB)    Angles (Deg)
            multiple
  s           0    0.000000000           90.0000    0.0000
   sum over m      0.000000000           90.0000    0.0000
  s           1    0.000000000           90.0000    0.0000
   sum over m      0.000000000           90.0000    0.0000
  px          0    0.000000000           90.0000    0.0000
  py          0    0.000000000           90.0000    0.0000
  pz          0    0.000000000           90.0000    0.0000
   sum over m      0.000000000           90.0000    0.0000
  px          1    0.000000000           90.0000    0.0000
  py          1    0.000000000           90.0000    0.0000
  pz          1    0.000000000           90.0000    0.0000
   sum over m      0.000000000           90.0000    0.0000
  d3z^2-r^2   0    0.000000000           90.0000    0.0000
  dx^2-y^2    0    0.000000000           90.0000    0.0000
  dxy         0    0.000000000           90.0000    0.0000
  dxz         0    0.000000000           90.0000    0.0000
  dyz         0    0.000000000           90.0000    0.0000
   sum over m      0.000000000           90.0000    0.0000

   82   Si         Orbital Moment(muB)    Angles (Deg)
            multiple
  s           0    0.000000000           90.0000    0.0000
   sum over m      0.000000000           90.0000    0.0000
  s           1    0.000000000           90.0000    0.0000
   sum over m      0.000000000           90.0000    0.0000
  px          0    0.000000000           90.0000    0.0000
  py          0    0.000000000           90.0000    0.0000
  pz          0    0.000000000           90.0000    0.0000
   sum over m      0.000000000           90.0000    0.0000
  px          1    0.000000000           90.0000    0.0000
  py          1    0.000000000           90.0000    0.0000
  pz          1    0.000000000           90.0000    0.0000
   sum over m      0.000000000           90.0000    0.0000
  d3z^2-r^2   0    0.000000000           90.0000    0.0000
  dx^2-y^2    0    0.000000000           90.0000    0.0000
  dxy         0    0.000000000           90.0000    0.0000
  dxz         0    0.000000000           90.0000    0.0000
  dyz         0    0.000000000           90.0000    0.0000
   sum over m      0.000000000           90.0000    0.0000

   83   Si         Orbital Moment(muB)    Angles (Deg)
            multiple
  s           0    0.000000000           90.0000    0.0000
   sum over m      0.000000000           90.0000    0.0000
  s           1    0.000000000           90.0000    0.0000
   sum over m      0.000000000           90.0000    0.0000
  px          0    0.000000000           90.0000    0.0000
  py          0    0.000000000           90.0000    0.0000
  pz          0    0.000000000           90.0000    0.0000
   sum over m      0.000000000           90.0000    0.0000
  px          1    0.000000000           90.0000    0.0000
  py          1    0.000000000           90.0000    0.0000
  pz          1    0.000000000           90.0000    0.0000
   sum over m      0.000000000           90.0000    0.0000
  d3z^2-r^2   0    0.000000000           90.0000    0.0000
  dx^2-y^2    0    0.000000000           90.0000    0.0000
  dxy         0    0.000000000           90.0000    0.0000
  dxz         0    0.000000000           90.0000    0.0000
  dyz         0    0.000000000           90.0000    0.0000
   sum over m      0.000000000           90.0000    0.0000

   84   Si         Orbital Moment(muB)    Angles (Deg)
            multiple
  s           0    0.000000000           90.0000    0.0000
   sum over m      0.000000000           90.0000    0.0000
  s           1    0.000000000           90.0000    0.0000
   sum over m      0.000000000           90.0000    0.0000
  px          0    0.000000000           90.0000    0.0000
  py          0    0.000000000           90.0000    0.0000
  pz          0    0.000000000           90.0000    0.0000
   sum over m      0.000000000           90.0000    0.0000
  px          1    0.000000000           90.0000    0.0000
  py          1    0.000000000           90.0000    0.0000
  pz          1    0.000000000           90.0000    0.0000
   sum over m      0.000000000           90.0000    0.0000
  d3z^2-r^2   0    0.000000000           90.0000    0.0000
  dx^2-y^2    0    0.000000000           90.0000    0.0000
  dxy         0    0.000000000           90.0000    0.0000
  dxz         0    0.000000000           90.0000    0.0000
  dyz         0    0.000000000           90.0000    0.0000
   sum over m      0.000000000           90.0000    0.0000

   85   Si         Orbital Moment(muB)    Angles (Deg)
            multiple
  s           0    0.000000000           90.0000    0.0000
   sum over m      0.000000000           90.0000    0.0000
  s           1    0.000000000           90.0000    0.0000
   sum over m      0.000000000           90.0000    0.0000
  px          0    0.000000000           90.0000    0.0000
  py          0    0.000000000           90.0000    0.0000
  pz          0    0.000000000           90.0000    0.0000
   sum over m      0.000000000           90.0000    0.0000
  px          1    0.000000000           90.0000    0.0000
  py          1    0.000000000           90.0000    0.0000
  pz          1    0.000000000           90.0000    0.0000
   sum over m      0.000000000           90.0000    0.0000
  d3z^2-r^2   0    0.000000000           90.0000    0.0000
  dx^2-y^2    0    0.000000000           90.0000    0.0000
  dxy         0    0.000000000           90.0000    0.0000
  dxz         0    0.000000000           90.0000    0.0000
  dyz         0    0.000000000           90.0000    0.0000
   sum over m      0.000000000           90.0000    0.0000

   86   Si         Orbital Moment(muB)    Angles (Deg)
            multiple
  s           0    0.000000000           90.0000    0.0000
   sum over m      0.000000000           90.0000    0.0000
  s           1    0.000000000           90.0000    0.0000
   sum over m      0.000000000           90.0000    0.0000
  px          0    0.000000000           90.0000    0.0000
  py          0    0.000000000           90.0000    0.0000
  pz          0    0.000000000           90.0000    0.0000
   sum over m      0.000000000           90.0000    0.0000
  px          1    0.000000000           90.0000    0.0000
  py          1    0.000000000           90.0000    0.0000
  pz          1    0.000000000           90.0000    0.0000
   sum over m      0.000000000           90.0000    0.0000
  d3z^2-r^2   0    0.000000000           90.0000    0.0000
  dx^2-y^2    0    0.000000000           90.0000    0.0000
  dxy         0    0.000000000           90.0000    0.0000
  dxz         0    0.000000000           90.0000    0.0000
  dyz         0    0.000000000           90.0000    0.0000
   sum over m      0.000000000           90.0000    0.0000

   87   Si         Orbital Moment(muB)    Angles (Deg)
            multiple
  s           0    0.000000000           90.0000    0.0000
   sum over m      0.000000000           90.0000    0.0000
  s           1    0.000000000           90.0000    0.0000
   sum over m      0.000000000           90.0000    0.0000
  px          0    0.000000000           90.0000    0.0000
  py          0    0.000000000           90.0000    0.0000
  pz          0    0.000000000           90.0000    0.0000
   sum over m      0.000000000           90.0000    0.0000
  px          1    0.000000000           90.0000    0.0000
  py          1    0.000000000           90.0000    0.0000
  pz          1    0.000000000           90.0000    0.0000
   sum over m      0.000000000           90.0000    0.0000
  d3z^2-r^2   0    0.000000000           90.0000    0.0000
  dx^2-y^2    0    0.000000000           90.0000    0.0000
  dxy         0    0.000000000           90.0000    0.0000
  dxz         0    0.000000000           90.0000    0.0000
  dyz         0    0.000000000           90.0000    0.0000
   sum over m      0.000000000           90.0000    0.0000

   88   Si         Orbital Moment(muB)    Angles (Deg)
            multiple
  s           0    0.000000000           90.0000    0.0000
   sum over m      0.000000000           90.0000    0.0000
  s           1    0.000000000           90.0000    0.0000
   sum over m      0.000000000           90.0000    0.0000
  px          0    0.000000000           90.0000    0.0000
  py          0    0.000000000           90.0000    0.0000
  pz          0    0.000000000           90.0000    0.0000
   sum over m      0.000000000           90.0000    0.0000
  px          1    0.000000000           90.0000    0.0000
  py          1    0.000000000           90.0000    0.0000
  pz          1    0.000000000           90.0000    0.0000
   sum over m      0.000000000           90.0000    0.0000
  d3z^2-r^2   0    0.000000000           90.0000    0.0000
  dx^2-y^2    0    0.000000000           90.0000    0.0000
  dxy         0    0.000000000           90.0000    0.0000
  dxz         0    0.000000000           90.0000    0.0000
  dyz         0    0.000000000           90.0000    0.0000
   sum over m      0.000000000           90.0000    0.0000

   89   Si         Orbital Moment(muB)    Angles (Deg)
            multiple
  s           0    0.000000000           90.0000    0.0000
   sum over m      0.000000000           90.0000    0.0000
  s           1    0.000000000           90.0000    0.0000
   sum over m      0.000000000           90.0000    0.0000
  px          0    0.000000000           90.0000    0.0000
  py          0    0.000000000           90.0000    0.0000
  pz          0    0.000000000           90.0000    0.0000
   sum over m      0.000000000           90.0000    0.0000
  px          1    0.000000000           90.0000    0.0000
  py          1    0.000000000           90.0000    0.0000
  pz          1    0.000000000           90.0000    0.0000
   sum over m      0.000000000           90.0000    0.0000
  d3z^2-r^2   0    0.000000000           90.0000    0.0000
  dx^2-y^2    0    0.000000000           90.0000    0.0000
  dxy         0    0.000000000           90.0000    0.0000
  dxz         0    0.000000000           90.0000    0.0000
  dyz         0    0.000000000           90.0000    0.0000
   sum over m      0.000000000           90.0000    0.0000

   90   Si         Orbital Moment(muB)    Angles (Deg)
            multiple
  s           0    0.000000000           90.0000    0.0000
   sum over m      0.000000000           90.0000    0.0000
  s           1    0.000000000           90.0000    0.0000
   sum over m      0.000000000           90.0000    0.0000
  px          0    0.000000000           90.0000    0.0000
  py          0    0.000000000           90.0000    0.0000
  pz          0    0.000000000           90.0000    0.0000
   sum over m      0.000000000           90.0000    0.0000
  px          1    0.000000000           90.0000    0.0000
  py          1    0.000000000           90.0000    0.0000
  pz          1    0.000000000           90.0000    0.0000
   sum over m      0.000000000           90.0000    0.0000
  d3z^2-r^2   0    0.000000000           90.0000    0.0000
  dx^2-y^2    0    0.000000000           90.0000    0.0000
  dxy         0    0.000000000           90.0000    0.0000
  dxz         0    0.000000000           90.0000    0.0000
  dyz         0    0.000000000           90.0000    0.0000
   sum over m      0.000000000           90.0000    0.0000

   91   Si         Orbital Moment(muB)    Angles (Deg)
            multiple
  s           0    0.000000000           90.0000    0.0000
   sum over m      0.000000000           90.0000    0.0000
  s           1    0.000000000           90.0000    0.0000
   sum over m      0.000000000           90.0000    0.0000
  px          0    0.000000000           90.0000    0.0000
  py          0    0.000000000           90.0000    0.0000
  pz          0    0.000000000           90.0000    0.0000
   sum over m      0.000000000           90.0000    0.0000
  px          1    0.000000000           90.0000    0.0000
  py          1    0.000000000           90.0000    0.0000
  pz          1    0.000000000           90.0000    0.0000
   sum over m      0.000000000           90.0000    0.0000
  d3z^2-r^2   0    0.000000000           90.0000    0.0000
  dx^2-y^2    0    0.000000000           90.0000    0.0000
  dxy         0    0.000000000           90.0000    0.0000
  dxz         0    0.000000000           90.0000    0.0000
  dyz         0    0.000000000           90.0000    0.0000
   sum over m      0.000000000           90.0000    0.0000

   92   Si         Orbital Moment(muB)    Angles (Deg)
            multiple
  s           0    0.000000000           90.0000    0.0000
   sum over m      0.000000000           90.0000    0.0000
  s           1    0.000000000           90.0000    0.0000
   sum over m      0.000000000           90.0000    0.0000
  px          0    0.000000000           90.0000    0.0000
  py          0    0.000000000           90.0000    0.0000
  pz          0    0.000000000           90.0000    0.0000
   sum over m      0.000000000           90.0000    0.0000
  px          1    0.000000000           90.0000    0.0000
  py          1    0.000000000           90.0000    0.0000
  pz          1    0.000000000           90.0000    0.0000
   sum over m      0.000000000           90.0000    0.0000
  d3z^2-r^2   0    0.000000000           90.0000    0.0000
  dx^2-y^2    0    0.000000000           90.0000    0.0000
  dxy         0    0.000000000           90.0000    0.0000
  dxz         0    0.000000000           90.0000    0.0000
  dyz         0    0.000000000           90.0000    0.0000
   sum over m      0.000000000           90.0000    0.0000

   93   Si         Orbital Moment(muB)    Angles (Deg)
            multiple
  s           0    0.000000000           90.0000    0.0000
   sum over m      0.000000000           90.0000    0.0000
  s           1    0.000000000           90.0000    0.0000
   sum over m      0.000000000           90.0000    0.0000
  px          0    0.000000000           90.0000    0.0000
  py          0    0.000000000           90.0000    0.0000
  pz          0    0.000000000           90.0000    0.0000
   sum over m      0.000000000           90.0000    0.0000
  px          1    0.000000000           90.0000    0.0000
  py          1    0.000000000           90.0000    0.0000
  pz          1    0.000000000           90.0000    0.0000
   sum over m      0.000000000           90.0000    0.0000
  d3z^2-r^2   0    0.000000000           90.0000    0.0000
  dx^2-y^2    0    0.000000000           90.0000    0.0000
  dxy         0    0.000000000           90.0000    0.0000
  dxz         0    0.000000000           90.0000    0.0000
  dyz         0    0.000000000           90.0000    0.0000
   sum over m      0.000000000           90.0000    0.0000

   94   Si         Orbital Moment(muB)    Angles (Deg)
            multiple
  s           0    0.000000000           90.0000    0.0000
   sum over m      0.000000000           90.0000    0.0000
  s           1    0.000000000           90.0000    0.0000
   sum over m      0.000000000           90.0000    0.0000
  px          0    0.000000000           90.0000    0.0000
  py          0    0.000000000           90.0000    0.0000
  pz          0    0.000000000           90.0000    0.0000
   sum over m      0.000000000           90.0000    0.0000
  px          1    0.000000000           90.0000    0.0000
  py          1    0.000000000           90.0000    0.0000
  pz          1    0.000000000           90.0000    0.0000
   sum over m      0.000000000           90.0000    0.0000
  d3z^2-r^2   0    0.000000000           90.0000    0.0000
  dx^2-y^2    0    0.000000000           90.0000    0.0000
  dxy         0    0.000000000           90.0000    0.0000
  dxz         0    0.000000000           90.0000    0.0000
  dyz         0    0.000000000           90.0000    0.0000
   sum over m      0.000000000           90.0000    0.0000

   95   Si         Orbital Moment(muB)    Angles (Deg)
            multiple
  s           0    0.000000000           90.0000    0.0000
   sum over m      0.000000000           90.0000    0.0000
  s           1    0.000000000           90.0000    0.0000
   sum over m      0.000000000           90.0000    0.0000
  px          0    0.000000000           90.0000    0.0000
  py          0    0.000000000           90.0000    0.0000
  pz          0    0.000000000           90.0000    0.0000
   sum over m      0.000000000           90.0000    0.0000
  px          1    0.000000000           90.0000    0.0000
  py          1    0.000000000           90.0000    0.0000
  pz          1    0.000000000           90.0000    0.0000
   sum over m      0.000000000           90.0000    0.0000
  d3z^2-r^2   0    0.000000000           90.0000    0.0000
  dx^2-y^2    0    0.000000000           90.0000    0.0000
  dxy         0    0.000000000           90.0000    0.0000
  dxz         0    0.000000000           90.0000    0.0000
  dyz         0    0.000000000           90.0000    0.0000
   sum over m      0.000000000           90.0000    0.0000

   96   Si         Orbital Moment(muB)    Angles (Deg)
            multiple
  s           0    0.000000000           90.0000    0.0000
   sum over m      0.000000000           90.0000    0.0000
  s           1    0.000000000           90.0000    0.0000
   sum over m      0.000000000           90.0000    0.0000
  px          0    0.000000000           90.0000    0.0000
  py          0    0.000000000           90.0000    0.0000
  pz          0    0.000000000           90.0000    0.0000
   sum over m      0.000000000           90.0000    0.0000
  px          1    0.000000000           90.0000    0.0000
  py          1    0.000000000           90.0000    0.0000
  pz          1    0.000000000           90.0000    0.0000
   sum over m      0.000000000           90.0000    0.0000
  d3z^2-r^2   0    0.000000000           90.0000    0.0000
  dx^2-y^2    0    0.000000000           90.0000    0.0000
  dxy         0    0.000000000           90.0000    0.0000
  dxz         0    0.000000000           90.0000    0.0000
  dyz         0    0.000000000           90.0000    0.0000
   sum over m      0.000000000           90.0000    0.0000

   97   Si         Orbital Moment(muB)    Angles (Deg)
            multiple
  s           0    0.000000000           90.0000    0.0000
   sum over m      0.000000000           90.0000    0.0000
  s           1    0.000000000           90.0000    0.0000
   sum over m      0.000000000           90.0000    0.0000
  px          0    0.000000000           90.0000    0.0000
  py          0    0.000000000           90.0000    0.0000
  pz          0    0.000000000           90.0000    0.0000
   sum over m      0.000000000           90.0000    0.0000
  px          1    0.000000000           90.0000    0.0000
  py          1    0.000000000           90.0000    0.0000
  pz          1    0.000000000           90.0000    0.0000
   sum over m      0.000000000           90.0000    0.0000
  d3z^2-r^2   0    0.000000000           90.0000    0.0000
  dx^2-y^2    0    0.000000000           90.0000    0.0000
  dxy         0    0.000000000           90.0000    0.0000
  dxz         0    0.000000000           90.0000    0.0000
  dyz         0    0.000000000           90.0000    0.0000
   sum over m      0.000000000           90.0000    0.0000

   98   Si         Orbital Moment(muB)    Angles (Deg)
            multiple
  s           0    0.000000000           90.0000    0.0000
   sum over m      0.000000000           90.0000    0.0000
  s           1    0.000000000           90.0000    0.0000
   sum over m      0.000000000           90.0000    0.0000
  px          0    0.000000000           90.0000    0.0000
  py          0    0.000000000           90.0000    0.0000
  pz          0    0.000000000           90.0000    0.0000
   sum over m      0.000000000           90.0000    0.0000
  px          1    0.000000000           90.0000    0.0000
  py          1    0.000000000           90.0000    0.0000
  pz          1    0.000000000           90.0000    0.0000
   sum over m      0.000000000           90.0000    0.0000
  d3z^2-r^2   0    0.000000000           90.0000    0.0000
  dx^2-y^2    0    0.000000000           90.0000    0.0000
  dxy         0    0.000000000           90.0000    0.0000
  dxz         0    0.000000000           90.0000    0.0000
  dyz         0    0.000000000           90.0000    0.0000
   sum over m      0.000000000           90.0000    0.0000

   99   Si         Orbital Moment(muB)    Angles (Deg)
            multiple
  s           0    0.000000000           90.0000    0.0000
   sum over m      0.000000000           90.0000    0.0000
  s           1    0.000000000           90.0000    0.0000
   sum over m      0.000000000           90.0000    0.0000
  px          0    0.000000000           90.0000    0.0000
  py          0    0.000000000           90.0000    0.0000
  pz          0    0.000000000           90.0000    0.0000
   sum over m      0.000000000           90.0000    0.0000
  px          1    0.000000000           90.0000    0.0000
  py          1    0.000000000           90.0000    0.0000
  pz          1    0.000000000           90.0000    0.0000
   sum over m      0.000000000           90.0000    0.0000
  d3z^2-r^2   0    0.000000000           90.0000    0.0000
  dx^2-y^2    0    0.000000000           90.0000    0.0000
  dxy         0    0.000000000           90.0000    0.0000
  dxz         0    0.000000000           90.0000    0.0000
  dyz         0    0.000000000           90.0000    0.0000
   sum over m      0.000000000           90.0000    0.0000

  100   Si         Orbital Moment(muB)    Angles (Deg)
            multiple
  s           0    0.000000000           90.0000    0.0000
   sum over m      0.000000000           90.0000    0.0000
  s           1    0.000000000           90.0000    0.0000
   sum over m      0.000000000           90.0000    0.0000
  px          0    0.000000000           90.0000    0.0000
  py          0    0.000000000           90.0000    0.0000
  pz          0    0.000000000           90.0000    0.0000
   sum over m      0.000000000           90.0000    0.0000
  px          1    0.000000000           90.0000    0.0000
  py          1    0.000000000           90.0000    0.0000
  pz          1    0.000000000           90.0000    0.0000
   sum over m      0.000000000           90.0000    0.0000
  d3z^2-r^2   0    0.000000000           90.0000    0.0000
  dx^2-y^2    0    0.000000000           90.0000    0.0000
  dxy         0    0.000000000           90.0000    0.0000
  dxz         0    0.000000000           90.0000    0.0000
  dyz         0    0.000000000           90.0000    0.0000
   sum over m      0.000000000           90.0000    0.0000

  101   Si         Orbital Moment(muB)    Angles (Deg)
            multiple
  s           0    0.000000000           90.0000    0.0000
   sum over m      0.000000000           90.0000    0.0000
  s           1    0.000000000           90.0000    0.0000
   sum over m      0.000000000           90.0000    0.0000
  px          0    0.000000000           90.0000    0.0000
  py          0    0.000000000           90.0000    0.0000
  pz          0    0.000000000           90.0000    0.0000
   sum over m      0.000000000           90.0000    0.0000
  px          1    0.000000000           90.0000    0.0000
  py          1    0.000000000           90.0000    0.0000
  pz          1    0.000000000           90.0000    0.0000
   sum over m      0.000000000           90.0000    0.0000
  d3z^2-r^2   0    0.000000000           90.0000    0.0000
  dx^2-y^2    0    0.000000000           90.0000    0.0000
  dxy         0    0.000000000           90.0000    0.0000
  dxz         0    0.000000000           90.0000    0.0000
  dyz         0    0.000000000           90.0000    0.0000
   sum over m      0.000000000           90.0000    0.0000

  102   Si         Orbital Moment(muB)    Angles (Deg)
            multiple
  s           0    0.000000000           90.0000    0.0000
   sum over m      0.000000000           90.0000    0.0000
  s           1    0.000000000           90.0000    0.0000
   sum over m      0.000000000           90.0000    0.0000
  px          0    0.000000000           90.0000    0.0000
  py          0    0.000000000           90.0000    0.0000
  pz          0    0.000000000           90.0000    0.0000
   sum over m      0.000000000           90.0000    0.0000
  px          1    0.000000000           90.0000    0.0000
  py          1    0.000000000           90.0000    0.0000
  pz          1    0.000000000           90.0000    0.0000
   sum over m      0.000000000           90.0000    0.0000
  d3z^2-r^2   0    0.000000000           90.0000    0.0000
  dx^2-y^2    0    0.000000000           90.0000    0.0000
  dxy         0    0.000000000           90.0000    0.0000
  dxz         0    0.000000000           90.0000    0.0000
  dyz         0    0.000000000           90.0000    0.0000
   sum over m      0.000000000           90.0000    0.0000

  103   Si         Orbital Moment(muB)    Angles (Deg)
            multiple
  s           0    0.000000000           90.0000    0.0000
   sum over m      0.000000000           90.0000    0.0000
  s           1    0.000000000           90.0000    0.0000
   sum over m      0.000000000           90.0000    0.0000
  px          0    0.000000000           90.0000    0.0000
  py          0    0.000000000           90.0000    0.0000
  pz          0    0.000000000           90.0000    0.0000
   sum over m      0.000000000           90.0000    0.0000
  px          1    0.000000000           90.0000    0.0000
  py          1    0.000000000           90.0000    0.0000
  pz          1    0.000000000           90.0000    0.0000
   sum over m      0.000000000           90.0000    0.0000
  d3z^2-r^2   0    0.000000000           90.0000    0.0000
  dx^2-y^2    0    0.000000000           90.0000    0.0000
  dxy         0    0.000000000           90.0000    0.0000
  dxz         0    0.000000000           90.0000    0.0000
  dyz         0    0.000000000           90.0000    0.0000
   sum over m      0.000000000           90.0000    0.0000

  104   Si         Orbital Moment(muB)    Angles (Deg)
            multiple
  s           0    0.000000000           90.0000    0.0000
   sum over m      0.000000000           90.0000    0.0000
  s           1    0.000000000           90.0000    0.0000
   sum over m      0.000000000           90.0000    0.0000
  px          0    0.000000000           90.0000    0.0000
  py          0    0.000000000           90.0000    0.0000
  pz          0    0.000000000           90.0000    0.0000
   sum over m      0.000000000           90.0000    0.0000
  px          1    0.000000000           90.0000    0.0000
  py          1    0.000000000           90.0000    0.0000
  pz          1    0.000000000           90.0000    0.0000
   sum over m      0.000000000           90.0000    0.0000
  d3z^2-r^2   0    0.000000000           90.0000    0.0000
  dx^2-y^2    0    0.000000000           90.0000    0.0000
  dxy         0    0.000000000           90.0000    0.0000
  dxz         0    0.000000000           90.0000    0.0000
  dyz         0    0.000000000           90.0000    0.0000
   sum over m      0.000000000           90.0000    0.0000

  105   Si         Orbital Moment(muB)    Angles (Deg)
            multiple
  s           0    0.000000000           90.0000    0.0000
   sum over m      0.000000000           90.0000    0.0000
  s           1    0.000000000           90.0000    0.0000
   sum over m      0.000000000           90.0000    0.0000
  px          0    0.000000000           90.0000    0.0000
  py          0    0.000000000           90.0000    0.0000
  pz          0    0.000000000           90.0000    0.0000
   sum over m      0.000000000           90.0000    0.0000
  px          1    0.000000000           90.0000    0.0000
  py          1    0.000000000           90.0000    0.0000
  pz          1    0.000000000           90.0000    0.0000
   sum over m      0.000000000           90.0000    0.0000
  d3z^2-r^2   0    0.000000000           90.0000    0.0000
  dx^2-y^2    0    0.000000000           90.0000    0.0000
  dxy         0    0.000000000           90.0000    0.0000
  dxz         0    0.000000000           90.0000    0.0000
  dyz         0    0.000000000           90.0000    0.0000
   sum over m      0.000000000           90.0000    0.0000

  106   Si         Orbital Moment(muB)    Angles (Deg)
            multiple
  s           0    0.000000000           90.0000    0.0000
   sum over m      0.000000000           90.0000    0.0000
  s           1    0.000000000           90.0000    0.0000
   sum over m      0.000000000           90.0000    0.0000
  px          0    0.000000000           90.0000    0.0000
  py          0    0.000000000           90.0000    0.0000
  pz          0    0.000000000           90.0000    0.0000
   sum over m      0.000000000           90.0000    0.0000
  px          1    0.000000000           90.0000    0.0000
  py          1    0.000000000           90.0000    0.0000
  pz          1    0.000000000           90.0000    0.0000
   sum over m      0.000000000           90.0000    0.0000
  d3z^2-r^2   0    0.000000000           90.0000    0.0000
  dx^2-y^2    0    0.000000000           90.0000    0.0000
  dxy         0    0.000000000           90.0000    0.0000
  dxz         0    0.000000000           90.0000    0.0000
  dyz         0    0.000000000           90.0000    0.0000
   sum over m      0.000000000           90.0000    0.0000

  107   Si         Orbital Moment(muB)    Angles (Deg)
            multiple
  s           0    0.000000000           90.0000    0.0000
   sum over m      0.000000000           90.0000    0.0000
  s           1    0.000000000           90.0000    0.0000
   sum over m      0.000000000           90.0000    0.0000
  px          0    0.000000000           90.0000    0.0000
  py          0    0.000000000           90.0000    0.0000
  pz          0    0.000000000           90.0000    0.0000
   sum over m      0.000000000           90.0000    0.0000
  px          1    0.000000000           90.0000    0.0000
  py          1    0.000000000           90.0000    0.0000
  pz          1    0.000000000           90.0000    0.0000
   sum over m      0.000000000           90.0000    0.0000
  d3z^2-r^2   0    0.000000000           90.0000    0.0000
  dx^2-y^2    0    0.000000000           90.0000    0.0000
  dxy         0    0.000000000           90.0000    0.0000
  dxz         0    0.000000000           90.0000    0.0000
  dyz         0    0.000000000           90.0000    0.0000
   sum over m      0.000000000           90.0000    0.0000

  108   Si         Orbital Moment(muB)    Angles (Deg)
            multiple
  s           0    0.000000000           90.0000    0.0000
   sum over m      0.000000000           90.0000    0.0000
  s           1    0.000000000           90.0000    0.0000
   sum over m      0.000000000           90.0000    0.0000
  px          0    0.000000000           90.0000    0.0000
  py          0    0.000000000           90.0000    0.0000
  pz          0    0.000000000           90.0000    0.0000
   sum over m      0.000000000           90.0000    0.0000
  px          1    0.000000000           90.0000    0.0000
  py          1    0.000000000           90.0000    0.0000
  pz          1    0.000000000           90.0000    0.0000
   sum over m      0.000000000           90.0000    0.0000
  d3z^2-r^2   0    0.000000000           90.0000    0.0000
  dx^2-y^2    0    0.000000000           90.0000    0.0000
  dxy         0    0.000000000           90.0000    0.0000
  dxz         0    0.000000000           90.0000    0.0000
  dyz         0    0.000000000           90.0000    0.0000
   sum over m      0.000000000           90.0000    0.0000

  109   Si         Orbital Moment(muB)    Angles (Deg)
            multiple
  s           0    0.000000000           90.0000    0.0000
   sum over m      0.000000000           90.0000    0.0000
  s           1    0.000000000           90.0000    0.0000
   sum over m      0.000000000           90.0000    0.0000
  px          0    0.000000000           90.0000    0.0000
  py          0    0.000000000           90.0000    0.0000
  pz          0    0.000000000           90.0000    0.0000
   sum over m      0.000000000           90.0000    0.0000
  px          1    0.000000000           90.0000    0.0000
  py          1    0.000000000           90.0000    0.0000
  pz          1    0.000000000           90.0000    0.0000
   sum over m      0.000000000           90.0000    0.0000
  d3z^2-r^2   0    0.000000000           90.0000    0.0000
  dx^2-y^2    0    0.000000000           90.0000    0.0000
  dxy         0    0.000000000           90.0000    0.0000
  dxz         0    0.000000000           90.0000    0.0000
  dyz         0    0.000000000           90.0000    0.0000
   sum over m      0.000000000           90.0000    0.0000

  110   Si         Orbital Moment(muB)    Angles (Deg)
            multiple
  s           0    0.000000000           90.0000    0.0000
   sum over m      0.000000000           90.0000    0.0000
  s           1    0.000000000           90.0000    0.0000
   sum over m      0.000000000           90.0000    0.0000
  px          0    0.000000000           90.0000    0.0000
  py          0    0.000000000           90.0000    0.0000
  pz          0    0.000000000           90.0000    0.0000
   sum over m      0.000000000           90.0000    0.0000
  px          1    0.000000000           90.0000    0.0000
  py          1    0.000000000           90.0000    0.0000
  pz          1    0.000000000           90.0000    0.0000
   sum over m      0.000000000           90.0000    0.0000
  d3z^2-r^2   0    0.000000000           90.0000    0.0000
  dx^2-y^2    0    0.000000000           90.0000    0.0000
  dxy         0    0.000000000           90.0000    0.0000
  dxz         0    0.000000000           90.0000    0.0000
  dyz         0    0.000000000           90.0000    0.0000
   sum over m      0.000000000           90.0000    0.0000

  111   Si         Orbital Moment(muB)    Angles (Deg)
            multiple
  s           0    0.000000000           90.0000    0.0000
   sum over m      0.000000000           90.0000    0.0000
  s           1    0.000000000           90.0000    0.0000
   sum over m      0.000000000           90.0000    0.0000
  px          0    0.000000000           90.0000    0.0000
  py          0    0.000000000           90.0000    0.0000
  pz          0    0.000000000           90.0000    0.0000
   sum over m      0.000000000           90.0000    0.0000
  px          1    0.000000000           90.0000    0.0000
  py          1    0.000000000           90.0000    0.0000
  pz          1    0.000000000           90.0000    0.0000
   sum over m      0.000000000           90.0000    0.0000
  d3z^2-r^2   0    0.000000000           90.0000    0.0000
  dx^2-y^2    0    0.000000000           90.0000    0.0000
  dxy         0    0.000000000           90.0000    0.0000
  dxz         0    0.000000000           90.0000    0.0000
  dyz         0    0.000000000           90.0000    0.0000
   sum over m      0.000000000           90.0000    0.0000

  112   Si         Orbital Moment(muB)    Angles (Deg)
            multiple
  s           0    0.000000000           90.0000    0.0000
   sum over m      0.000000000           90.0000    0.0000
  s           1    0.000000000           90.0000    0.0000
   sum over m      0.000000000           90.0000    0.0000
  px          0    0.000000000           90.0000    0.0000
  py          0    0.000000000           90.0000    0.0000
  pz          0    0.000000000           90.0000    0.0000
   sum over m      0.000000000           90.0000    0.0000
  px          1    0.000000000           90.0000    0.0000
  py          1    0.000000000           90.0000    0.0000
  pz          1    0.000000000           90.0000    0.0000
   sum over m      0.000000000           90.0000    0.0000
  d3z^2-r^2   0    0.000000000           90.0000    0.0000
  dx^2-y^2    0    0.000000000           90.0000    0.0000
  dxy         0    0.000000000           90.0000    0.0000
  dxz         0    0.000000000           90.0000    0.0000
  dyz         0    0.000000000           90.0000    0.0000
   sum over m      0.000000000           90.0000    0.0000

  113   Si         Orbital Moment(muB)    Angles (Deg)
            multiple
  s           0    0.000000000           90.0000    0.0000
   sum over m      0.000000000           90.0000    0.0000
  s           1    0.000000000           90.0000    0.0000
   sum over m      0.000000000           90.0000    0.0000
  px          0    0.000000000           90.0000    0.0000
  py          0    0.000000000           90.0000    0.0000
  pz          0    0.000000000           90.0000    0.0000
   sum over m      0.000000000           90.0000    0.0000
  px          1    0.000000000           90.0000    0.0000
  py          1    0.000000000           90.0000    0.0000
  pz          1    0.000000000           90.0000    0.0000
   sum over m      0.000000000           90.0000    0.0000
  d3z^2-r^2   0    0.000000000           90.0000    0.0000
  dx^2-y^2    0    0.000000000           90.0000    0.0000
  dxy         0    0.000000000           90.0000    0.0000
  dxz         0    0.000000000           90.0000    0.0000
  dyz         0    0.000000000           90.0000    0.0000
   sum over m      0.000000000           90.0000    0.0000

  114   Si         Orbital Moment(muB)    Angles (Deg)
            multiple
  s           0    0.000000000           90.0000    0.0000
   sum over m      0.000000000           90.0000    0.0000
  s           1    0.000000000           90.0000    0.0000
   sum over m      0.000000000           90.0000    0.0000
  px          0    0.000000000           90.0000    0.0000
  py          0    0.000000000           90.0000    0.0000
  pz          0    0.000000000           90.0000    0.0000
   sum over m      0.000000000           90.0000    0.0000
  px          1    0.000000000           90.0000    0.0000
  py          1    0.000000000           90.0000    0.0000
  pz          1    0.000000000           90.0000    0.0000
   sum over m      0.000000000           90.0000    0.0000
  d3z^2-r^2   0    0.000000000           90.0000    0.0000
  dx^2-y^2    0    0.000000000           90.0000    0.0000
  dxy         0    0.000000000           90.0000    0.0000
  dxz         0    0.000000000           90.0000    0.0000
  dyz         0    0.000000000           90.0000    0.0000
   sum over m      0.000000000           90.0000    0.0000

  115   Si         Orbital Moment(muB)    Angles (Deg)
            multiple
  s           0    0.000000000           90.0000    0.0000
   sum over m      0.000000000           90.0000    0.0000
  s           1    0.000000000           90.0000    0.0000
   sum over m      0.000000000           90.0000    0.0000
  px          0    0.000000000           90.0000    0.0000
  py          0    0.000000000           90.0000    0.0000
  pz          0    0.000000000           90.0000    0.0000
   sum over m      0.000000000           90.0000    0.0000
  px          1    0.000000000           90.0000    0.0000
  py          1    0.000000000           90.0000    0.0000
  pz          1    0.000000000           90.0000    0.0000
   sum over m      0.000000000           90.0000    0.0000
  d3z^2-r^2   0    0.000000000           90.0000    0.0000
  dx^2-y^2    0    0.000000000           90.0000    0.0000
  dxy         0    0.000000000           90.0000    0.0000
  dxz         0    0.000000000           90.0000    0.0000
  dyz         0    0.000000000           90.0000    0.0000
   sum over m      0.000000000           90.0000    0.0000

  116   Si         Orbital Moment(muB)    Angles (Deg)
            multiple
  s           0    0.000000000           90.0000    0.0000
   sum over m      0.000000000           90.0000    0.0000
  s           1    0.000000000           90.0000    0.0000
   sum over m      0.000000000           90.0000    0.0000
  px          0    0.000000000           90.0000    0.0000
  py          0    0.000000000           90.0000    0.0000
  pz          0    0.000000000           90.0000    0.0000
   sum over m      0.000000000           90.0000    0.0000
  px          1    0.000000000           90.0000    0.0000
  py          1    0.000000000           90.0000    0.0000
  pz          1    0.000000000           90.0000    0.0000
   sum over m      0.000000000           90.0000    0.0000
  d3z^2-r^2   0    0.000000000           90.0000    0.0000
  dx^2-y^2    0    0.000000000           90.0000    0.0000
  dxy         0    0.000000000           90.0000    0.0000
  dxz         0    0.000000000           90.0000    0.0000
  dyz         0    0.000000000           90.0000    0.0000
   sum over m      0.000000000           90.0000    0.0000

  117   Si         Orbital Moment(muB)    Angles (Deg)
            multiple
  s           0    0.000000000           90.0000    0.0000
   sum over m      0.000000000           90.0000    0.0000
  s           1    0.000000000           90.0000    0.0000
   sum over m      0.000000000           90.0000    0.0000
  px          0    0.000000000           90.0000    0.0000
  py          0    0.000000000           90.0000    0.0000
  pz          0    0.000000000           90.0000    0.0000
   sum over m      0.000000000           90.0000    0.0000
  px          1    0.000000000           90.0000    0.0000
  py          1    0.000000000           90.0000    0.0000
  pz          1    0.000000000           90.0000    0.0000
   sum over m      0.000000000           90.0000    0.0000
  d3z^2-r^2   0    0.000000000           90.0000    0.0000
  dx^2-y^2    0    0.000000000           90.0000    0.0000
  dxy         0    0.000000000           90.0000    0.0000
  dxz         0    0.000000000           90.0000    0.0000
  dyz         0    0.000000000           90.0000    0.0000
   sum over m      0.000000000           90.0000    0.0000

  118   Si         Orbital Moment(muB)    Angles (Deg)
            multiple
  s           0    0.000000000           90.0000    0.0000
   sum over m      0.000000000           90.0000    0.0000
  s           1    0.000000000           90.0000    0.0000
   sum over m      0.000000000           90.0000    0.0000
  px          0    0.000000000           90.0000    0.0000
  py          0    0.000000000           90.0000    0.0000
  pz          0    0.000000000           90.0000    0.0000
   sum over m      0.000000000           90.0000    0.0000
  px          1    0.000000000           90.0000    0.0000
  py          1    0.000000000           90.0000    0.0000
  pz          1    0.000000000           90.0000    0.0000
   sum over m      0.000000000           90.0000    0.0000
  d3z^2-r^2   0    0.000000000           90.0000    0.0000
  dx^2-y^2    0    0.000000000           90.0000    0.0000
  dxy         0    0.000000000           90.0000    0.0000
  dxz         0    0.000000000           90.0000    0.0000
  dyz         0    0.000000000           90.0000    0.0000
   sum over m      0.000000000           90.0000    0.0000

  119   Si         Orbital Moment(muB)    Angles (Deg)
            multiple
  s           0    0.000000000           90.0000    0.0000
   sum over m      0.000000000           90.0000    0.0000
  s           1    0.000000000           90.0000    0.0000
   sum over m      0.000000000           90.0000    0.0000
  px          0    0.000000000           90.0000    0.0000
  py          0    0.000000000           90.0000    0.0000
  pz          0    0.000000000           90.0000    0.0000
   sum over m      0.000000000           90.0000    0.0000
  px          1    0.000000000           90.0000    0.0000
  py          1    0.000000000           90.0000    0.0000
  pz          1    0.000000000           90.0000    0.0000
   sum over m      0.000000000           90.0000    0.0000
  d3z^2-r^2   0    0.000000000           90.0000    0.0000
  dx^2-y^2    0    0.000000000           90.0000    0.0000
  dxy         0    0.000000000           90.0000    0.0000
  dxz         0    0.000000000           90.0000    0.0000
  dyz         0    0.000000000           90.0000    0.0000
   sum over m      0.000000000           90.0000    0.0000

  120   Si         Orbital Moment(muB)    Angles (Deg)
            multiple
  s           0    0.000000000           90.0000    0.0000
   sum over m      0.000000000           90.0000    0.0000
  s           1    0.000000000           90.0000    0.0000
   sum over m      0.000000000           90.0000    0.0000
  px          0    0.000000000           90.0000    0.0000
  py          0    0.000000000           90.0000    0.0000
  pz          0    0.000000000           90.0000    0.0000
   sum over m      0.000000000           90.0000    0.0000
  px          1    0.000000000           90.0000    0.0000
  py          1    0.000000000           90.0000    0.0000
  pz          1    0.000000000           90.0000    0.0000
   sum over m      0.000000000           90.0000    0.0000
  d3z^2-r^2   0    0.000000000           90.0000    0.0000
  dx^2-y^2    0    0.000000000           90.0000    0.0000
  dxy         0    0.000000000           90.0000    0.0000
  dxz         0    0.000000000           90.0000    0.0000
  dyz         0    0.000000000           90.0000    0.0000
   sum over m      0.000000000           90.0000    0.0000

  121   Si         Orbital Moment(muB)    Angles (Deg)
            multiple
  s           0    0.000000000           90.0000    0.0000
   sum over m      0.000000000           90.0000    0.0000
  s           1    0.000000000           90.0000    0.0000
   sum over m      0.000000000           90.0000    0.0000
  px          0    0.000000000           90.0000    0.0000
  py          0    0.000000000           90.0000    0.0000
  pz          0    0.000000000           90.0000    0.0000
   sum over m      0.000000000           90.0000    0.0000
  px          1    0.000000000           90.0000    0.0000
  py          1    0.000000000           90.0000    0.0000
  pz          1    0.000000000           90.0000    0.0000
   sum over m      0.000000000           90.0000    0.0000
  d3z^2-r^2   0    0.000000000           90.0000    0.0000
  dx^2-y^2    0    0.000000000           90.0000    0.0000
  dxy         0    0.000000000           90.0000    0.0000
  dxz         0    0.000000000           90.0000    0.0000
  dyz         0    0.000000000           90.0000    0.0000
   sum over m      0.000000000           90.0000    0.0000

  122   Si         Orbital Moment(muB)    Angles (Deg)
            multiple
  s           0    0.000000000           90.0000    0.0000
   sum over m      0.000000000           90.0000    0.0000
  s           1    0.000000000           90.0000    0.0000
   sum over m      0.000000000           90.0000    0.0000
  px          0    0.000000000           90.0000    0.0000
  py          0    0.000000000           90.0000    0.0000
  pz          0    0.000000000           90.0000    0.0000
   sum over m      0.000000000           90.0000    0.0000
  px          1    0.000000000           90.0000    0.0000
  py          1    0.000000000           90.0000    0.0000
  pz          1    0.000000000           90.0000    0.0000
   sum over m      0.000000000           90.0000    0.0000
  d3z^2-r^2   0    0.000000000           90.0000    0.0000
  dx^2-y^2    0    0.000000000           90.0000    0.0000
  dxy         0    0.000000000           90.0000    0.0000
  dxz         0    0.000000000           90.0000    0.0000
  dyz         0    0.000000000           90.0000    0.0000
   sum over m      0.000000000           90.0000    0.0000

  123   Si         Orbital Moment(muB)    Angles (Deg)
            multiple
  s           0    0.000000000           90.0000    0.0000
   sum over m      0.000000000           90.0000    0.0000
  s           1    0.000000000           90.0000    0.0000
   sum over m      0.000000000           90.0000    0.0000
  px          0    0.000000000           90.0000    0.0000
  py          0    0.000000000           90.0000    0.0000
  pz          0    0.000000000           90.0000    0.0000
   sum over m      0.000000000           90.0000    0.0000
  px          1    0.000000000           90.0000    0.0000
  py          1    0.000000000           90.0000    0.0000
  pz          1    0.000000000           90.0000    0.0000
   sum over m      0.000000000           90.0000    0.0000
  d3z^2-r^2   0    0.000000000           90.0000    0.0000
  dx^2-y^2    0    0.000000000           90.0000    0.0000
  dxy         0    0.000000000           90.0000    0.0000
  dxz         0    0.000000000           90.0000    0.0000
  dyz         0    0.000000000           90.0000    0.0000
   sum over m      0.000000000           90.0000    0.0000

  124   Si         Orbital Moment(muB)    Angles (Deg)
            multiple
  s           0    0.000000000           90.0000    0.0000
   sum over m      0.000000000           90.0000    0.0000
  s           1    0.000000000           90.0000    0.0000
   sum over m      0.000000000           90.0000    0.0000
  px          0    0.000000000           90.0000    0.0000
  py          0    0.000000000           90.0000    0.0000
  pz          0    0.000000000           90.0000    0.0000
   sum over m      0.000000000           90.0000    0.0000
  px          1    0.000000000           90.0000    0.0000
  py          1    0.000000000           90.0000    0.0000
  pz          1    0.000000000           90.0000    0.0000
   sum over m      0.000000000           90.0000    0.0000
  d3z^2-r^2   0    0.000000000           90.0000    0.0000
  dx^2-y^2    0    0.000000000           90.0000    0.0000
  dxy         0    0.000000000           90.0000    0.0000
  dxz         0    0.000000000           90.0000    0.0000
  dyz         0    0.000000000           90.0000    0.0000
   sum over m      0.000000000           90.0000    0.0000

  125   Si         Orbital Moment(muB)    Angles (Deg)
            multiple
  s           0    0.000000000           90.0000    0.0000
   sum over m      0.000000000           90.0000    0.0000
  s           1    0.000000000           90.0000    0.0000
   sum over m      0.000000000           90.0000    0.0000
  px          0    0.000000000           90.0000    0.0000
  py          0    0.000000000           90.0000    0.0000
  pz          0    0.000000000           90.0000    0.0000
   sum over m      0.000000000           90.0000    0.0000
  px          1    0.000000000           90.0000    0.0000
  py          1    0.000000000           90.0000    0.0000
  pz          1    0.000000000           90.0000    0.0000
   sum over m      0.000000000           90.0000    0.0000
  d3z^2-r^2   0    0.000000000           90.0000    0.0000
  dx^2-y^2    0    0.000000000           90.0000    0.0000
  dxy         0    0.000000000           90.0000    0.0000
  dxz         0    0.000000000           90.0000    0.0000
  dyz         0    0.000000000           90.0000    0.0000
   sum over m      0.000000000           90.0000    0.0000

  126   Si         Orbital Moment(muB)    Angles (Deg)
            multiple
  s           0    0.000000000           90.0000    0.0000
   sum over m      0.000000000           90.0000    0.0000
  s           1    0.000000000           90.0000    0.0000
   sum over m      0.000000000           90.0000    0.0000
  px          0    0.000000000           90.0000    0.0000
  py          0    0.000000000           90.0000    0.0000
  pz          0    0.000000000           90.0000    0.0000
   sum over m      0.000000000           90.0000    0.0000
  px          1    0.000000000           90.0000    0.0000
  py          1    0.000000000           90.0000    0.0000
  pz          1    0.000000000           90.0000    0.0000
   sum over m      0.000000000           90.0000    0.0000
  d3z^2-r^2   0    0.000000000           90.0000    0.0000
  dx^2-y^2    0    0.000000000           90.0000    0.0000
  dxy         0    0.000000000           90.0000    0.0000
  dxz         0    0.000000000           90.0000    0.0000
  dyz         0    0.000000000           90.0000    0.0000
   sum over m      0.000000000           90.0000    0.0000

  127   Si         Orbital Moment(muB)    Angles (Deg)
            multiple
  s           0    0.000000000           90.0000    0.0000
   sum over m      0.000000000           90.0000    0.0000
  s           1    0.000000000           90.0000    0.0000
   sum over m      0.000000000           90.0000    0.0000
  px          0    0.000000000           90.0000    0.0000
  py          0    0.000000000           90.0000    0.0000
  pz          0    0.000000000           90.0000    0.0000
   sum over m      0.000000000           90.0000    0.0000
  px          1    0.000000000           90.0000    0.0000
  py          1    0.000000000           90.0000    0.0000
  pz          1    0.000000000           90.0000    0.0000
   sum over m      0.000000000           90.0000    0.0000
  d3z^2-r^2   0    0.000000000           90.0000    0.0000
  dx^2-y^2    0    0.000000000           90.0000    0.0000
  dxy         0    0.000000000           90.0000    0.0000
  dxz         0    0.000000000           90.0000    0.0000
  dyz         0    0.000000000           90.0000    0.0000
   sum over m      0.000000000           90.0000    0.0000

  128   Si         Orbital Moment(muB)    Angles (Deg)
            multiple
  s           0    0.000000000           90.0000    0.0000
   sum over m      0.000000000           90.0000    0.0000
  s           1    0.000000000           90.0000    0.0000
   sum over m      0.000000000           90.0000    0.0000
  px          0    0.000000000           90.0000    0.0000
  py          0    0.000000000           90.0000    0.0000
  pz          0    0.000000000           90.0000    0.0000
   sum over m      0.000000000           90.0000    0.0000
  px          1    0.000000000           90.0000    0.0000
  py          1    0.000000000           90.0000    0.0000
  pz          1    0.000000000           90.0000    0.0000
   sum over m      0.000000000           90.0000    0.0000
  d3z^2-r^2   0    0.000000000           90.0000    0.0000
  dx^2-y^2    0    0.000000000           90.0000    0.0000
  dxy         0    0.000000000           90.0000    0.0000
  dxz         0    0.000000000           90.0000    0.0000
  dyz         0    0.000000000           90.0000    0.0000
   sum over m      0.000000000           90.0000    0.0000

  129   Si         Orbital Moment(muB)    Angles (Deg)
            multiple
  s           0    0.000000000           90.0000    0.0000
   sum over m      0.000000000           90.0000    0.0000
  s           1    0.000000000           90.0000    0.0000
   sum over m      0.000000000           90.0000    0.0000
  px          0    0.000000000           90.0000    0.0000
  py          0    0.000000000           90.0000    0.0000
  pz          0    0.000000000           90.0000    0.0000
   sum over m      0.000000000           90.0000    0.0000
  px          1    0.000000000           90.0000    0.0000
  py          1    0.000000000           90.0000    0.0000
  pz          1    0.000000000           90.0000    0.0000
   sum over m      0.000000000           90.0000    0.0000
  d3z^2-r^2   0    0.000000000           90.0000    0.0000
  dx^2-y^2    0    0.000000000           90.0000    0.0000
  dxy         0    0.000000000           90.0000    0.0000
  dxz         0    0.000000000           90.0000    0.0000
  dyz         0    0.000000000           90.0000    0.0000
   sum over m      0.000000000           90.0000    0.0000

  130   Si         Orbital Moment(muB)    Angles (Deg)
            multiple
  s           0    0.000000000           90.0000    0.0000
   sum over m      0.000000000           90.0000    0.0000
  s           1    0.000000000           90.0000    0.0000
   sum over m      0.000000000           90.0000    0.0000
  px          0    0.000000000           90.0000    0.0000
  py          0    0.000000000           90.0000    0.0000
  pz          0    0.000000000           90.0000    0.0000
   sum over m      0.000000000           90.0000    0.0000
  px          1    0.000000000           90.0000    0.0000
  py          1    0.000000000           90.0000    0.0000
  pz          1    0.000000000           90.0000    0.0000
   sum over m      0.000000000           90.0000    0.0000
  d3z^2-r^2   0    0.000000000           90.0000    0.0000
  dx^2-y^2    0    0.000000000           90.0000    0.0000
  dxy         0    0.000000000           90.0000    0.0000
  dxz         0    0.000000000           90.0000    0.0000
  dyz         0    0.000000000           90.0000    0.0000
   sum over m      0.000000000           90.0000    0.0000

  131   Si         Orbital Moment(muB)    Angles (Deg)
            multiple
  s           0    0.000000000           90.0000    0.0000
   sum over m      0.000000000           90.0000    0.0000
  s           1    0.000000000           90.0000    0.0000
   sum over m      0.000000000           90.0000    0.0000
  px          0    0.000000000           90.0000    0.0000
  py          0    0.000000000           90.0000    0.0000
  pz          0    0.000000000           90.0000    0.0000
   sum over m      0.000000000           90.0000    0.0000
  px          1    0.000000000           90.0000    0.0000
  py          1    0.000000000           90.0000    0.0000
  pz          1    0.000000000           90.0000    0.0000
   sum over m      0.000000000           90.0000    0.0000
  d3z^2-r^2   0    0.000000000           90.0000    0.0000
  dx^2-y^2    0    0.000000000           90.0000    0.0000
  dxy         0    0.000000000           90.0000    0.0000
  dxz         0    0.000000000           90.0000    0.0000
  dyz         0    0.000000000           90.0000    0.0000
   sum over m      0.000000000           90.0000    0.0000

  132   Si         Orbital Moment(muB)    Angles (Deg)
            multiple
  s           0    0.000000000           90.0000    0.0000
   sum over m      0.000000000           90.0000    0.0000
  s           1    0.000000000           90.0000    0.0000
   sum over m      0.000000000           90.0000    0.0000
  px          0    0.000000000           90.0000    0.0000
  py          0    0.000000000           90.0000    0.0000
  pz          0    0.000000000           90.0000    0.0000
   sum over m      0.000000000           90.0000    0.0000
  px          1    0.000000000           90.0000    0.0000
  py          1    0.000000000           90.0000    0.0000
  pz          1    0.000000000           90.0000    0.0000
   sum over m      0.000000000           90.0000    0.0000
  d3z^2-r^2   0    0.000000000           90.0000    0.0000
  dx^2-y^2    0    0.000000000           90.0000    0.0000
  dxy         0    0.000000000           90.0000    0.0000
  dxz         0    0.000000000           90.0000    0.0000
  dyz         0    0.000000000           90.0000    0.0000
   sum over m      0.000000000           90.0000    0.0000

  133   Si         Orbital Moment(muB)    Angles (Deg)
            multiple
  s           0    0.000000000           90.0000    0.0000
   sum over m      0.000000000           90.0000    0.0000
  s           1    0.000000000           90.0000    0.0000
   sum over m      0.000000000           90.0000    0.0000
  px          0    0.000000000           90.0000    0.0000
  py          0    0.000000000           90.0000    0.0000
  pz          0    0.000000000           90.0000    0.0000
   sum over m      0.000000000           90.0000    0.0000
  px          1    0.000000000           90.0000    0.0000
  py          1    0.000000000           90.0000    0.0000
  pz          1    0.000000000           90.0000    0.0000
   sum over m      0.000000000           90.0000    0.0000
  d3z^2-r^2   0    0.000000000           90.0000    0.0000
  dx^2-y^2    0    0.000000000           90.0000    0.0000
  dxy         0    0.000000000           90.0000    0.0000
  dxz         0    0.000000000           90.0000    0.0000
  dyz         0    0.000000000           90.0000    0.0000
   sum over m      0.000000000           90.0000    0.0000

  134   Si         Orbital Moment(muB)    Angles (Deg)
            multiple
  s           0    0.000000000           90.0000    0.0000
   sum over m      0.000000000           90.0000    0.0000
  s           1    0.000000000           90.0000    0.0000
   sum over m      0.000000000           90.0000    0.0000
  px          0    0.000000000           90.0000    0.0000
  py          0    0.000000000           90.0000    0.0000
  pz          0    0.000000000           90.0000    0.0000
   sum over m      0.000000000           90.0000    0.0000
  px          1    0.000000000           90.0000    0.0000
  py          1    0.000000000           90.0000    0.0000
  pz          1    0.000000000           90.0000    0.0000
   sum over m      0.000000000           90.0000    0.0000
  d3z^2-r^2   0    0.000000000           90.0000    0.0000
  dx^2-y^2    0    0.000000000           90.0000    0.0000
  dxy         0    0.000000000           90.0000    0.0000
  dxz         0    0.000000000           90.0000    0.0000
  dyz         0    0.000000000           90.0000    0.0000
   sum over m      0.000000000           90.0000    0.0000

  135   Si         Orbital Moment(muB)    Angles (Deg)
            multiple
  s           0    0.000000000           90.0000    0.0000
   sum over m      0.000000000           90.0000    0.0000
  s           1    0.000000000           90.0000    0.0000
   sum over m      0.000000000           90.0000    0.0000
  px          0    0.000000000           90.0000    0.0000
  py          0    0.000000000           90.0000    0.0000
  pz          0    0.000000000           90.0000    0.0000
   sum over m      0.000000000           90.0000    0.0000
  px          1    0.000000000           90.0000    0.0000
  py          1    0.000000000           90.0000    0.0000
  pz          1    0.000000000           90.0000    0.0000
   sum over m      0.000000000           90.0000    0.0000
  d3z^2-r^2   0    0.000000000           90.0000    0.0000
  dx^2-y^2    0    0.000000000           90.0000    0.0000
  dxy         0    0.000000000           90.0000    0.0000
  dxz         0    0.000000000           90.0000    0.0000
  dyz         0    0.000000000           90.0000    0.0000
   sum over m      0.000000000           90.0000    0.0000

  136   Si         Orbital Moment(muB)    Angles (Deg)
            multiple
  s           0    0.000000000           90.0000    0.0000
   sum over m      0.000000000           90.0000    0.0000
  s           1    0.000000000           90.0000    0.0000
   sum over m      0.000000000           90.0000    0.0000
  px          0    0.000000000           90.0000    0.0000
  py          0    0.000000000           90.0000    0.0000
  pz          0    0.000000000           90.0000    0.0000
   sum over m      0.000000000           90.0000    0.0000
  px          1    0.000000000           90.0000    0.0000
  py          1    0.000000000           90.0000    0.0000
  pz          1    0.000000000           90.0000    0.0000
   sum over m      0.000000000           90.0000    0.0000
  d3z^2-r^2   0    0.000000000           90.0000    0.0000
  dx^2-y^2    0    0.000000000           90.0000    0.0000
  dxy         0    0.000000000           90.0000    0.0000
  dxz         0    0.000000000           90.0000    0.0000
  dyz         0    0.000000000           90.0000    0.0000
   sum over m      0.000000000           90.0000    0.0000

  137   Si         Orbital Moment(muB)    Angles (Deg)
            multiple
  s           0    0.000000000           90.0000    0.0000
   sum over m      0.000000000           90.0000    0.0000
  s           1    0.000000000           90.0000    0.0000
   sum over m      0.000000000           90.0000    0.0000
  px          0    0.000000000           90.0000    0.0000
  py          0    0.000000000           90.0000    0.0000
  pz          0    0.000000000           90.0000    0.0000
   sum over m      0.000000000           90.0000    0.0000
  px          1    0.000000000           90.0000    0.0000
  py          1    0.000000000           90.0000    0.0000
  pz          1    0.000000000           90.0000    0.0000
   sum over m      0.000000000           90.0000    0.0000
  d3z^2-r^2   0    0.000000000           90.0000    0.0000
  dx^2-y^2    0    0.000000000           90.0000    0.0000
  dxy         0    0.000000000           90.0000    0.0000
  dxz         0    0.000000000           90.0000    0.0000
  dyz         0    0.000000000           90.0000    0.0000
   sum over m      0.000000000           90.0000    0.0000

  138   Si         Orbital Moment(muB)    Angles (Deg)
            multiple
  s           0    0.000000000           90.0000    0.0000
   sum over m      0.000000000           90.0000    0.0000
  s           1    0.000000000           90.0000    0.0000
   sum over m      0.000000000           90.0000    0.0000
  px          0    0.000000000           90.0000    0.0000
  py          0    0.000000000           90.0000    0.0000
  pz          0    0.000000000           90.0000    0.0000
   sum over m      0.000000000           90.0000    0.0000
  px          1    0.000000000           90.0000    0.0000
  py          1    0.000000000           90.0000    0.0000
  pz          1    0.000000000           90.0000    0.0000
   sum over m      0.000000000           90.0000    0.0000
  d3z^2-r^2   0    0.000000000           90.0000    0.0000
  dx^2-y^2    0    0.000000000           90.0000    0.0000
  dxy         0    0.000000000           90.0000    0.0000
  dxz         0    0.000000000           90.0000    0.0000
  dyz         0    0.000000000           90.0000    0.0000
   sum over m      0.000000000           90.0000    0.0000

  139   Si         Orbital Moment(muB)    Angles (Deg)
            multiple
  s           0    0.000000000           90.0000    0.0000
   sum over m      0.000000000           90.0000    0.0000
  s           1    0.000000000           90.0000    0.0000
   sum over m      0.000000000           90.0000    0.0000
  px          0    0.000000000           90.0000    0.0000
  py          0    0.000000000           90.0000    0.0000
  pz          0    0.000000000           90.0000    0.0000
   sum over m      0.000000000           90.0000    0.0000
  px          1    0.000000000           90.0000    0.0000
  py          1    0.000000000           90.0000    0.0000
  pz          1    0.000000000           90.0000    0.0000
   sum over m      0.000000000           90.0000    0.0000
  d3z^2-r^2   0    0.000000000           90.0000    0.0000
  dx^2-y^2    0    0.000000000           90.0000    0.0000
  dxy         0    0.000000000           90.0000    0.0000
  dxz         0    0.000000000           90.0000    0.0000
  dyz         0    0.000000000           90.0000    0.0000
   sum over m      0.000000000           90.0000    0.0000

  140   Si         Orbital Moment(muB)    Angles (Deg)
            multiple
  s           0    0.000000000           90.0000    0.0000
   sum over m      0.000000000           90.0000    0.0000
  s           1    0.000000000           90.0000    0.0000
   sum over m      0.000000000           90.0000    0.0000
  px          0    0.000000000           90.0000    0.0000
  py          0    0.000000000           90.0000    0.0000
  pz          0    0.000000000           90.0000    0.0000
   sum over m      0.000000000           90.0000    0.0000
  px          1    0.000000000           90.0000    0.0000
  py          1    0.000000000           90.0000    0.0000
  pz          1    0.000000000           90.0000    0.0000
   sum over m      0.000000000           90.0000    0.0000
  d3z^2-r^2   0    0.000000000           90.0000    0.0000
  dx^2-y^2    0    0.000000000           90.0000    0.0000
  dxy         0    0.000000000           90.0000    0.0000
  dxz         0    0.000000000           90.0000    0.0000
  dyz         0    0.000000000           90.0000    0.0000
   sum over m      0.000000000           90.0000    0.0000

  141   Si         Orbital Moment(muB)    Angles (Deg)
            multiple
  s           0    0.000000000           90.0000    0.0000
   sum over m      0.000000000           90.0000    0.0000
  s           1    0.000000000           90.0000    0.0000
   sum over m      0.000000000           90.0000    0.0000
  px          0    0.000000000           90.0000    0.0000
  py          0    0.000000000           90.0000    0.0000
  pz          0    0.000000000           90.0000    0.0000
   sum over m      0.000000000           90.0000    0.0000
  px          1    0.000000000           90.0000    0.0000
  py          1    0.000000000           90.0000    0.0000
  pz          1    0.000000000           90.0000    0.0000
   sum over m      0.000000000           90.0000    0.0000
  d3z^2-r^2   0    0.000000000           90.0000    0.0000
  dx^2-y^2    0    0.000000000           90.0000    0.0000
  dxy         0    0.000000000           90.0000    0.0000
  dxz         0    0.000000000           90.0000    0.0000
  dyz         0    0.000000000           90.0000    0.0000
   sum over m      0.000000000           90.0000    0.0000

  142   Si         Orbital Moment(muB)    Angles (Deg)
            multiple
  s           0    0.000000000           90.0000    0.0000
   sum over m      0.000000000           90.0000    0.0000
  s           1    0.000000000           90.0000    0.0000
   sum over m      0.000000000           90.0000    0.0000
  px          0    0.000000000           90.0000    0.0000
  py          0    0.000000000           90.0000    0.0000
  pz          0    0.000000000           90.0000    0.0000
   sum over m      0.000000000           90.0000    0.0000
  px          1    0.000000000           90.0000    0.0000
  py          1    0.000000000           90.0000    0.0000
  pz          1    0.000000000           90.0000    0.0000
   sum over m      0.000000000           90.0000    0.0000
  d3z^2-r^2   0    0.000000000           90.0000    0.0000
  dx^2-y^2    0    0.000000000           90.0000    0.0000
  dxy         0    0.000000000           90.0000    0.0000
  dxz         0    0.000000000           90.0000    0.0000
  dyz         0    0.000000000           90.0000    0.0000
   sum over m      0.000000000           90.0000    0.0000

  143   Si         Orbital Moment(muB)    Angles (Deg)
            multiple
  s           0    0.000000000           90.0000    0.0000
   sum over m      0.000000000           90.0000    0.0000
  s           1    0.000000000           90.0000    0.0000
   sum over m      0.000000000           90.0000    0.0000
  px          0    0.000000000           90.0000    0.0000
  py          0    0.000000000           90.0000    0.0000
  pz          0    0.000000000           90.0000    0.0000
   sum over m      0.000000000           90.0000    0.0000
  px          1    0.000000000           90.0000    0.0000
  py          1    0.000000000           90.0000    0.0000
  pz          1    0.000000000           90.0000    0.0000
   sum over m      0.000000000           90.0000    0.0000
  d3z^2-r^2   0    0.000000000           90.0000    0.0000
  dx^2-y^2    0    0.000000000           90.0000    0.0000
  dxy         0    0.000000000           90.0000    0.0000
  dxz         0    0.000000000           90.0000    0.0000
  dyz         0    0.000000000           90.0000    0.0000
   sum over m      0.000000000           90.0000    0.0000

  144   Si         Orbital Moment(muB)    Angles (Deg)
            multiple
  s           0    0.000000000           90.0000    0.0000
   sum over m      0.000000000           90.0000    0.0000
  s           1    0.000000000           90.0000    0.0000
   sum over m      0.000000000           90.0000    0.0000
  px          0    0.000000000           90.0000    0.0000
  py          0    0.000000000           90.0000    0.0000
  pz          0    0.000000000           90.0000    0.0000
   sum over m      0.000000000           90.0000    0.0000
  px          1    0.000000000           90.0000    0.0000
  py          1    0.000000000           90.0000    0.0000
  pz          1    0.000000000           90.0000    0.0000
   sum over m      0.000000000           90.0000    0.0000
  d3z^2-r^2   0    0.000000000           90.0000    0.0000
  dx^2-y^2    0    0.000000000           90.0000    0.0000
  dxy         0    0.000000000           90.0000    0.0000
  dxz         0    0.000000000           90.0000    0.0000
  dyz         0    0.000000000           90.0000    0.0000
   sum over m      0.000000000           90.0000    0.0000

  145   Si         Orbital Moment(muB)    Angles (Deg)
            multiple
  s           0    0.000000000           90.0000    0.0000
   sum over m      0.000000000           90.0000    0.0000
  s           1    0.000000000           90.0000    0.0000
   sum over m      0.000000000           90.0000    0.0000
  px          0    0.000000000           90.0000    0.0000
  py          0    0.000000000           90.0000    0.0000
  pz          0    0.000000000           90.0000    0.0000
   sum over m      0.000000000           90.0000    0.0000
  px          1    0.000000000           90.0000    0.0000
  py          1    0.000000000           90.0000    0.0000
  pz          1    0.000000000           90.0000    0.0000
   sum over m      0.000000000           90.0000    0.0000
  d3z^2-r^2   0    0.000000000           90.0000    0.0000
  dx^2-y^2    0    0.000000000           90.0000    0.0000
  dxy         0    0.000000000           90.0000    0.0000
  dxz         0    0.000000000           90.0000    0.0000
  dyz         0    0.000000000           90.0000    0.0000
   sum over m      0.000000000           90.0000    0.0000

  146   Si         Orbital Moment(muB)    Angles (Deg)
            multiple
  s           0    0.000000000           90.0000    0.0000
   sum over m      0.000000000           90.0000    0.0000
  s           1    0.000000000           90.0000    0.0000
   sum over m      0.000000000           90.0000    0.0000
  px          0    0.000000000           90.0000    0.0000
  py          0    0.000000000           90.0000    0.0000
  pz          0    0.000000000           90.0000    0.0000
   sum over m      0.000000000           90.0000    0.0000
  px          1    0.000000000           90.0000    0.0000
  py          1    0.000000000           90.0000    0.0000
  pz          1    0.000000000           90.0000    0.0000
   sum over m      0.000000000           90.0000    0.0000
  d3z^2-r^2   0    0.000000000           90.0000    0.0000
  dx^2-y^2    0    0.000000000           90.0000    0.0000
  dxy         0    0.000000000           90.0000    0.0000
  dxz         0    0.000000000           90.0000    0.0000
  dyz         0    0.000000000           90.0000    0.0000
   sum over m      0.000000000           90.0000    0.0000

  147   Si         Orbital Moment(muB)    Angles (Deg)
            multiple
  s           0    0.000000000           90.0000    0.0000
   sum over m      0.000000000           90.0000    0.0000
  s           1    0.000000000           90.0000    0.0000
   sum over m      0.000000000           90.0000    0.0000
  px          0    0.000000000           90.0000    0.0000
  py          0    0.000000000           90.0000    0.0000
  pz          0    0.000000000           90.0000    0.0000
   sum over m      0.000000000           90.0000    0.0000
  px          1    0.000000000           90.0000    0.0000
  py          1    0.000000000           90.0000    0.0000
  pz          1    0.000000000           90.0000    0.0000
   sum over m      0.000000000           90.0000    0.0000
  d3z^2-r^2   0    0.000000000           90.0000    0.0000
  dx^2-y^2    0    0.000000000           90.0000    0.0000
  dxy         0    0.000000000           90.0000    0.0000
  dxz         0    0.000000000           90.0000    0.0000
  dyz         0    0.000000000           90.0000    0.0000
   sum over m      0.000000000           90.0000    0.0000

  148   Si         Orbital Moment(muB)    Angles (Deg)
            multiple
  s           0    0.000000000           90.0000    0.0000
   sum over m      0.000000000           90.0000    0.0000
  s           1    0.000000000           90.0000    0.0000
   sum over m      0.000000000           90.0000    0.0000
  px          0    0.000000000           90.0000    0.0000
  py          0    0.000000000           90.0000    0.0000
  pz          0    0.000000000           90.0000    0.0000
   sum over m      0.000000000           90.0000    0.0000
  px          1    0.000000000           90.0000    0.0000
  py          1    0.000000000           90.0000    0.0000
  pz          1    0.000000000           90.0000    0.0000
   sum over m      0.000000000           90.0000    0.0000
  d3z^2-r^2   0    0.000000000           90.0000    0.0000
  dx^2-y^2    0    0.000000000           90.0000    0.0000
  dxy         0    0.000000000           90.0000    0.0000
  dxz         0    0.000000000           90.0000    0.0000
  dyz         0    0.000000000           90.0000    0.0000
   sum over m      0.000000000           90.0000    0.0000

  149   Si         Orbital Moment(muB)    Angles (Deg)
            multiple
  s           0    0.000000000           90.0000    0.0000
   sum over m      0.000000000           90.0000    0.0000
  s           1    0.000000000           90.0000    0.0000
   sum over m      0.000000000           90.0000    0.0000
  px          0    0.000000000           90.0000    0.0000
  py          0    0.000000000           90.0000    0.0000
  pz          0    0.000000000           90.0000    0.0000
   sum over m      0.000000000           90.0000    0.0000
  px          1    0.000000000           90.0000    0.0000
  py          1    0.000000000           90.0000    0.0000
  pz          1    0.000000000           90.0000    0.0000
   sum over m      0.000000000           90.0000    0.0000
  d3z^2-r^2   0    0.000000000           90.0000    0.0000
  dx^2-y^2    0    0.000000000           90.0000    0.0000
  dxy         0    0.000000000           90.0000    0.0000
  dxz         0    0.000000000           90.0000    0.0000
  dyz         0    0.000000000           90.0000    0.0000
   sum over m      0.000000000           90.0000    0.0000

  150   Si         Orbital Moment(muB)    Angles (Deg)
            multiple
  s           0    0.000000000           90.0000    0.0000
   sum over m      0.000000000           90.0000    0.0000
  s           1    0.000000000           90.0000    0.0000
   sum over m      0.000000000           90.0000    0.0000
  px          0    0.000000000           90.0000    0.0000
  py          0    0.000000000           90.0000    0.0000
  pz          0    0.000000000           90.0000    0.0000
   sum over m      0.000000000           90.0000    0.0000
  px          1    0.000000000           90.0000    0.0000
  py          1    0.000000000           90.0000    0.0000
  pz          1    0.000000000           90.0000    0.0000
   sum over m      0.000000000           90.0000    0.0000
  d3z^2-r^2   0    0.000000000           90.0000    0.0000
  dx^2-y^2    0    0.000000000           90.0000    0.0000
  dxy         0    0.000000000           90.0000    0.0000
  dxz         0    0.000000000           90.0000    0.0000
  dyz         0    0.000000000           90.0000    0.0000
   sum over m      0.000000000           90.0000    0.0000

  151   Si         Orbital Moment(muB)    Angles (Deg)
            multiple
  s           0    0.000000000           90.0000    0.0000
   sum over m      0.000000000           90.0000    0.0000
  s           1    0.000000000           90.0000    0.0000
   sum over m      0.000000000           90.0000    0.0000
  px          0    0.000000000           90.0000    0.0000
  py          0    0.000000000           90.0000    0.0000
  pz          0    0.000000000           90.0000    0.0000
   sum over m      0.000000000           90.0000    0.0000
  px          1    0.000000000           90.0000    0.0000
  py          1    0.000000000           90.0000    0.0000
  pz          1    0.000000000           90.0000    0.0000
   sum over m      0.000000000           90.0000    0.0000
  d3z^2-r^2   0    0.000000000           90.0000    0.0000
  dx^2-y^2    0    0.000000000           90.0000    0.0000
  dxy         0    0.000000000           90.0000    0.0000
  dxz         0    0.000000000           90.0000    0.0000
  dyz         0    0.000000000           90.0000    0.0000
   sum over m      0.000000000           90.0000    0.0000

  152   Si         Orbital Moment(muB)    Angles (Deg)
            multiple
  s           0    0.000000000           90.0000    0.0000
   sum over m      0.000000000           90.0000    0.0000
  s           1    0.000000000           90.0000    0.0000
   sum over m      0.000000000           90.0000    0.0000
  px          0    0.000000000           90.0000    0.0000
  py          0    0.000000000           90.0000    0.0000
  pz          0    0.000000000           90.0000    0.0000
   sum over m      0.000000000           90.0000    0.0000
  px          1    0.000000000           90.0000    0.0000
  py          1    0.000000000           90.0000    0.0000
  pz          1    0.000000000           90.0000    0.0000
   sum over m      0.000000000           90.0000    0.0000
  d3z^2-r^2   0    0.000000000           90.0000    0.0000
  dx^2-y^2    0    0.000000000           90.0000    0.0000
  dxy         0    0.000000000           90.0000    0.0000
  dxz         0    0.000000000           90.0000    0.0000
  dyz         0    0.000000000           90.0000    0.0000
   sum over m      0.000000000           90.0000    0.0000

  153   Si         Orbital Moment(muB)    Angles (Deg)
            multiple
  s           0    0.000000000           90.0000    0.0000
   sum over m      0.000000000           90.0000    0.0000
  s           1    0.000000000           90.0000    0.0000
   sum over m      0.000000000           90.0000    0.0000
  px          0    0.000000000           90.0000    0.0000
  py          0    0.000000000           90.0000    0.0000
  pz          0    0.000000000           90.0000    0.0000
   sum over m      0.000000000           90.0000    0.0000
  px          1    0.000000000           90.0000    0.0000
  py          1    0.000000000           90.0000    0.0000
  pz          1    0.000000000           90.0000    0.0000
   sum over m      0.000000000           90.0000    0.0000
  d3z^2-r^2   0    0.000000000           90.0000    0.0000
  dx^2-y^2    0    0.000000000           90.0000    0.0000
  dxy         0    0.000000000           90.0000    0.0000
  dxz         0    0.000000000           90.0000    0.0000
  dyz         0    0.000000000           90.0000    0.0000
   sum over m      0.000000000           90.0000    0.0000

  154   Si         Orbital Moment(muB)    Angles (Deg)
            multiple
  s           0    0.000000000           90.0000    0.0000
   sum over m      0.000000000           90.0000    0.0000
  s           1    0.000000000           90.0000    0.0000
   sum over m      0.000000000           90.0000    0.0000
  px          0    0.000000000           90.0000    0.0000
  py          0    0.000000000           90.0000    0.0000
  pz          0    0.000000000           90.0000    0.0000
   sum over m      0.000000000           90.0000    0.0000
  px          1    0.000000000           90.0000    0.0000
  py          1    0.000000000           90.0000    0.0000
  pz          1    0.000000000           90.0000    0.0000
   sum over m      0.000000000           90.0000    0.0000
  d3z^2-r^2   0    0.000000000           90.0000    0.0000
  dx^2-y^2    0    0.000000000           90.0000    0.0000
  dxy         0    0.000000000           90.0000    0.0000
  dxz         0    0.000000000           90.0000    0.0000
  dyz         0    0.000000000           90.0000    0.0000
   sum over m      0.000000000           90.0000    0.0000

  155   Si         Orbital Moment(muB)    Angles (Deg)
            multiple
  s           0    0.000000000           90.0000    0.0000
   sum over m      0.000000000           90.0000    0.0000
  s           1    0.000000000           90.0000    0.0000
   sum over m      0.000000000           90.0000    0.0000
  px          0    0.000000000           90.0000    0.0000
  py          0    0.000000000           90.0000    0.0000
  pz          0    0.000000000           90.0000    0.0000
   sum over m      0.000000000           90.0000    0.0000
  px          1    0.000000000           90.0000    0.0000
  py          1    0.000000000           90.0000    0.0000
  pz          1    0.000000000           90.0000    0.0000
   sum over m      0.000000000           90.0000    0.0000
  d3z^2-r^2   0    0.000000000           90.0000    0.0000
  dx^2-y^2    0    0.000000000           90.0000    0.0000
  dxy         0    0.000000000           90.0000    0.0000
  dxz         0    0.000000000           90.0000    0.0000
  dyz         0    0.000000000           90.0000    0.0000
   sum over m      0.000000000           90.0000    0.0000

  156   Si         Orbital Moment(muB)    Angles (Deg)
            multiple
  s           0    0.000000000           90.0000    0.0000
   sum over m      0.000000000           90.0000    0.0000
  s           1    0.000000000           90.0000    0.0000
   sum over m      0.000000000           90.0000    0.0000
  px          0    0.000000000           90.0000    0.0000
  py          0    0.000000000           90.0000    0.0000
  pz          0    0.000000000           90.0000    0.0000
   sum over m      0.000000000           90.0000    0.0000
  px          1    0.000000000           90.0000    0.0000
  py          1    0.000000000           90.0000    0.0000
  pz          1    0.000000000           90.0000    0.0000
   sum over m      0.000000000           90.0000    0.0000
  d3z^2-r^2   0    0.000000000           90.0000    0.0000
  dx^2-y^2    0    0.000000000           90.0000    0.0000
  dxy         0    0.000000000           90.0000    0.0000
  dxz         0    0.000000000           90.0000    0.0000
  dyz         0    0.000000000           90.0000    0.0000
   sum over m      0.000000000           90.0000    0.0000

  157   Si         Orbital Moment(muB)    Angles (Deg)
            multiple
  s           0    0.000000000           90.0000    0.0000
   sum over m      0.000000000           90.0000    0.0000
  s           1    0.000000000           90.0000    0.0000
   sum over m      0.000000000           90.0000    0.0000
  px          0    0.000000000           90.0000    0.0000
  py          0    0.000000000           90.0000    0.0000
  pz          0    0.000000000           90.0000    0.0000
   sum over m      0.000000000           90.0000    0.0000
  px          1    0.000000000           90.0000    0.0000
  py          1    0.000000000           90.0000    0.0000
  pz          1    0.000000000           90.0000    0.0000
   sum over m      0.000000000           90.0000    0.0000
  d3z^2-r^2   0    0.000000000           90.0000    0.0000
  dx^2-y^2    0    0.000000000           90.0000    0.0000
  dxy         0    0.000000000           90.0000    0.0000
  dxz         0    0.000000000           90.0000    0.0000
  dyz         0    0.000000000           90.0000    0.0000
   sum over m      0.000000000           90.0000    0.0000

  158   Si         Orbital Moment(muB)    Angles (Deg)
            multiple
  s           0    0.000000000           90.0000    0.0000
   sum over m      0.000000000           90.0000    0.0000
  s           1    0.000000000           90.0000    0.0000
   sum over m      0.000000000           90.0000    0.0000
  px          0    0.000000000           90.0000    0.0000
  py          0    0.000000000           90.0000    0.0000
  pz          0    0.000000000           90.0000    0.0000
   sum over m      0.000000000           90.0000    0.0000
  px          1    0.000000000           90.0000    0.0000
  py          1    0.000000000           90.0000    0.0000
  pz          1    0.000000000           90.0000    0.0000
   sum over m      0.000000000           90.0000    0.0000
  d3z^2-r^2   0    0.000000000           90.0000    0.0000
  dx^2-y^2    0    0.000000000           90.0000    0.0000
  dxy         0    0.000000000           90.0000    0.0000
  dxz         0    0.000000000           90.0000    0.0000
  dyz         0    0.000000000           90.0000    0.0000
   sum over m      0.000000000           90.0000    0.0000

  159   Si         Orbital Moment(muB)    Angles (Deg)
            multiple
  s           0    0.000000000           90.0000    0.0000
   sum over m      0.000000000           90.0000    0.0000
  s           1    0.000000000           90.0000    0.0000
   sum over m      0.000000000           90.0000    0.0000
  px          0    0.000000000           90.0000    0.0000
  py          0    0.000000000           90.0000    0.0000
  pz          0    0.000000000           90.0000    0.0000
   sum over m      0.000000000           90.0000    0.0000
  px          1    0.000000000           90.0000    0.0000
  py          1    0.000000000           90.0000    0.0000
  pz          1    0.000000000           90.0000    0.0000
   sum over m      0.000000000           90.0000    0.0000
  d3z^2-r^2   0    0.000000000           90.0000    0.0000
  dx^2-y^2    0    0.000000000           90.0000    0.0000
  dxy         0    0.000000000           90.0000    0.0000
  dxz         0    0.000000000           90.0000    0.0000
  dyz         0    0.000000000           90.0000    0.0000
   sum over m      0.000000000           90.0000    0.0000

  160   Si         Orbital Moment(muB)    Angles (Deg)
            multiple
  s           0    0.000000000           90.0000    0.0000
   sum over m      0.000000000           90.0000    0.0000
  s           1    0.000000000           90.0000    0.0000
   sum over m      0.000000000           90.0000    0.0000
  px          0    0.000000000           90.0000    0.0000
  py          0    0.000000000           90.0000    0.0000
  pz          0    0.000000000           90.0000    0.0000
   sum over m      0.000000000           90.0000    0.0000
  px          1    0.000000000           90.0000    0.0000
  py          1    0.000000000           90.0000    0.0000
  pz          1    0.000000000           90.0000    0.0000
   sum over m      0.000000000           90.0000    0.0000
  d3z^2-r^2   0    0.000000000           90.0000    0.0000
  dx^2-y^2    0    0.000000000           90.0000    0.0000
  dxy         0    0.000000000           90.0000    0.0000
  dxz         0    0.000000000           90.0000    0.0000
  dyz         0    0.000000000           90.0000    0.0000
   sum over m      0.000000000           90.0000    0.0000

  161   Si         Orbital Moment(muB)    Angles (Deg)
            multiple
  s           0    0.000000000           90.0000    0.0000
   sum over m      0.000000000           90.0000    0.0000
  s           1    0.000000000           90.0000    0.0000
   sum over m      0.000000000           90.0000    0.0000
  px          0    0.000000000           90.0000    0.0000
  py          0    0.000000000           90.0000    0.0000
  pz          0    0.000000000           90.0000    0.0000
   sum over m      0.000000000           90.0000    0.0000
  px          1    0.000000000           90.0000    0.0000
  py          1    0.000000000           90.0000    0.0000
  pz          1    0.000000000           90.0000    0.0000
   sum over m      0.000000000           90.0000    0.0000
  d3z^2-r^2   0    0.000000000           90.0000    0.0000
  dx^2-y^2    0    0.000000000           90.0000    0.0000
  dxy         0    0.000000000           90.0000    0.0000
  dxz         0    0.000000000           90.0000    0.0000
  dyz         0    0.000000000           90.0000    0.0000
   sum over m      0.000000000           90.0000    0.0000

  162   Si         Orbital Moment(muB)    Angles (Deg)
            multiple
  s           0    0.000000000           90.0000    0.0000
   sum over m      0.000000000           90.0000    0.0000
  s           1    0.000000000           90.0000    0.0000
   sum over m      0.000000000           90.0000    0.0000
  px          0    0.000000000           90.0000    0.0000
  py          0    0.000000000           90.0000    0.0000
  pz          0    0.000000000           90.0000    0.0000
   sum over m      0.000000000           90.0000    0.0000
  px          1    0.000000000           90.0000    0.0000
  py          1    0.000000000           90.0000    0.0000
  pz          1    0.000000000           90.0000    0.0000
   sum over m      0.000000000           90.0000    0.0000
  d3z^2-r^2   0    0.000000000           90.0000    0.0000
  dx^2-y^2    0    0.000000000           90.0000    0.0000
  dxy         0    0.000000000           90.0000    0.0000
  dxz         0    0.000000000           90.0000    0.0000
  dyz         0    0.000000000           90.0000    0.0000
   sum over m      0.000000000           90.0000    0.0000

  163   Si         Orbital Moment(muB)    Angles (Deg)
            multiple
  s           0    0.000000000           90.0000    0.0000
   sum over m      0.000000000           90.0000    0.0000
  s           1    0.000000000           90.0000    0.0000
   sum over m      0.000000000           90.0000    0.0000
  px          0    0.000000000           90.0000    0.0000
  py          0    0.000000000           90.0000    0.0000
  pz          0    0.000000000           90.0000    0.0000
   sum over m      0.000000000           90.0000    0.0000
  px          1    0.000000000           90.0000    0.0000
  py          1    0.000000000           90.0000    0.0000
  pz          1    0.000000000           90.0000    0.0000
   sum over m      0.000000000           90.0000    0.0000
  d3z^2-r^2   0    0.000000000           90.0000    0.0000
  dx^2-y^2    0    0.000000000           90.0000    0.0000
  dxy         0    0.000000000           90.0000    0.0000
  dxz         0    0.000000000           90.0000    0.0000
  dyz         0    0.000000000           90.0000    0.0000
   sum over m      0.000000000           90.0000    0.0000

  164   Si         Orbital Moment(muB)    Angles (Deg)
            multiple
  s           0    0.000000000           90.0000    0.0000
   sum over m      0.000000000           90.0000    0.0000
  s           1    0.000000000           90.0000    0.0000
   sum over m      0.000000000           90.0000    0.0000
  px          0    0.000000000           90.0000    0.0000
  py          0    0.000000000           90.0000    0.0000
  pz          0    0.000000000           90.0000    0.0000
   sum over m      0.000000000           90.0000    0.0000
  px          1    0.000000000           90.0000    0.0000
  py          1    0.000000000           90.0000    0.0000
  pz          1    0.000000000           90.0000    0.0000
   sum over m      0.000000000           90.0000    0.0000
  d3z^2-r^2   0    0.000000000           90.0000    0.0000
  dx^2-y^2    0    0.000000000           90.0000    0.0000
  dxy         0    0.000000000           90.0000    0.0000
  dxz         0    0.000000000           90.0000    0.0000
  dyz         0    0.000000000           90.0000    0.0000
   sum over m      0.000000000           90.0000    0.0000

  165   Si         Orbital Moment(muB)    Angles (Deg)
            multiple
  s           0    0.000000000           90.0000    0.0000
   sum over m      0.000000000           90.0000    0.0000
  s           1    0.000000000           90.0000    0.0000
   sum over m      0.000000000           90.0000    0.0000
  px          0    0.000000000           90.0000    0.0000
  py          0    0.000000000           90.0000    0.0000
  pz          0    0.000000000           90.0000    0.0000
   sum over m      0.000000000           90.0000    0.0000
  px          1    0.000000000           90.0000    0.0000
  py          1    0.000000000           90.0000    0.0000
  pz          1    0.000000000           90.0000    0.0000
   sum over m      0.000000000           90.0000    0.0000
  d3z^2-r^2   0    0.000000000           90.0000    0.0000
  dx^2-y^2    0    0.000000000           90.0000    0.0000
  dxy         0    0.000000000           90.0000    0.0000
  dxz         0    0.000000000           90.0000    0.0000
  dyz         0    0.000000000           90.0000    0.0000
   sum over m      0.000000000           90.0000    0.0000

  166   Si         Orbital Moment(muB)    Angles (Deg)
            multiple
  s           0    0.000000000           90.0000    0.0000
   sum over m      0.000000000           90.0000    0.0000
  s           1    0.000000000           90.0000    0.0000
   sum over m      0.000000000           90.0000    0.0000
  px          0    0.000000000           90.0000    0.0000
  py          0    0.000000000           90.0000    0.0000
  pz          0    0.000000000           90.0000    0.0000
   sum over m      0.000000000           90.0000    0.0000
  px          1    0.000000000           90.0000    0.0000
  py          1    0.000000000           90.0000    0.0000
  pz          1    0.000000000           90.0000    0.0000
   sum over m      0.000000000           90.0000    0.0000
  d3z^2-r^2   0    0.000000000           90.0000    0.0000
  dx^2-y^2    0    0.000000000           90.0000    0.0000
  dxy         0    0.000000000           90.0000    0.0000
  dxz         0    0.000000000           90.0000    0.0000
  dyz         0    0.000000000           90.0000    0.0000
   sum over m      0.000000000           90.0000    0.0000

  167   Si         Orbital Moment(muB)    Angles (Deg)
            multiple
  s           0    0.000000000           90.0000    0.0000
   sum over m      0.000000000           90.0000    0.0000
  s           1    0.000000000           90.0000    0.0000
   sum over m      0.000000000           90.0000    0.0000
  px          0    0.000000000           90.0000    0.0000
  py          0    0.000000000           90.0000    0.0000
  pz          0    0.000000000           90.0000    0.0000
   sum over m      0.000000000           90.0000    0.0000
  px          1    0.000000000           90.0000    0.0000
  py          1    0.000000000           90.0000    0.0000
  pz          1    0.000000000           90.0000    0.0000
   sum over m      0.000000000           90.0000    0.0000
  d3z^2-r^2   0    0.000000000           90.0000    0.0000
  dx^2-y^2    0    0.000000000           90.0000    0.0000
  dxy         0    0.000000000           90.0000    0.0000
  dxz         0    0.000000000           90.0000    0.0000
  dyz         0    0.000000000           90.0000    0.0000
   sum over m      0.000000000           90.0000    0.0000

  168   Si         Orbital Moment(muB)    Angles (Deg)
            multiple
  s           0    0.000000000           90.0000    0.0000
   sum over m      0.000000000           90.0000    0.0000
  s           1    0.000000000           90.0000    0.0000
   sum over m      0.000000000           90.0000    0.0000
  px          0    0.000000000           90.0000    0.0000
  py          0    0.000000000           90.0000    0.0000
  pz          0    0.000000000           90.0000    0.0000
   sum over m      0.000000000           90.0000    0.0000
  px          1    0.000000000           90.0000    0.0000
  py          1    0.000000000           90.0000    0.0000
  pz          1    0.000000000           90.0000    0.0000
   sum over m      0.000000000           90.0000    0.0000
  d3z^2-r^2   0    0.000000000           90.0000    0.0000
  dx^2-y^2    0    0.000000000           90.0000    0.0000
  dxy         0    0.000000000           90.0000    0.0000
  dxz         0    0.000000000           90.0000    0.0000
  dyz         0    0.000000000           90.0000    0.0000
   sum over m      0.000000000           90.0000    0.0000

  169   Si         Orbital Moment(muB)    Angles (Deg)
            multiple
  s           0    0.000000000           90.0000    0.0000
   sum over m      0.000000000           90.0000    0.0000
  s           1    0.000000000           90.0000    0.0000
   sum over m      0.000000000           90.0000    0.0000
  px          0    0.000000000           90.0000    0.0000
  py          0    0.000000000           90.0000    0.0000
  pz          0    0.000000000           90.0000    0.0000
   sum over m      0.000000000           90.0000    0.0000
  px          1    0.000000000           90.0000    0.0000
  py          1    0.000000000           90.0000    0.0000
  pz          1    0.000000000           90.0000    0.0000
   sum over m      0.000000000           90.0000    0.0000
  d3z^2-r^2   0    0.000000000           90.0000    0.0000
  dx^2-y^2    0    0.000000000           90.0000    0.0000
  dxy         0    0.000000000           90.0000    0.0000
  dxz         0    0.000000000           90.0000    0.0000
  dyz         0    0.000000000           90.0000    0.0000
   sum over m      0.000000000           90.0000    0.0000

  170   Si         Orbital Moment(muB)    Angles (Deg)
            multiple
  s           0    0.000000000           90.0000    0.0000
   sum over m      0.000000000           90.0000    0.0000
  s           1    0.000000000           90.0000    0.0000
   sum over m      0.000000000           90.0000    0.0000
  px          0    0.000000000           90.0000    0.0000
  py          0    0.000000000           90.0000    0.0000
  pz          0    0.000000000           90.0000    0.0000
   sum over m      0.000000000           90.0000    0.0000
  px          1    0.000000000           90.0000    0.0000
  py          1    0.000000000           90.0000    0.0000
  pz          1    0.000000000           90.0000    0.0000
   sum over m      0.000000000           90.0000    0.0000
  d3z^2-r^2   0    0.000000000           90.0000    0.0000
  dx^2-y^2    0    0.000000000           90.0000    0.0000
  dxy         0    0.000000000           90.0000    0.0000
  dxz         0    0.000000000           90.0000    0.0000
  dyz         0    0.000000000           90.0000    0.0000
   sum over m      0.000000000           90.0000    0.0000

  171   Si         Orbital Moment(muB)    Angles (Deg)
            multiple
  s           0    0.000000000           90.0000    0.0000
   sum over m      0.000000000           90.0000    0.0000
  s           1    0.000000000           90.0000    0.0000
   sum over m      0.000000000           90.0000    0.0000
  px          0    0.000000000           90.0000    0.0000
  py          0    0.000000000           90.0000    0.0000
  pz          0    0.000000000           90.0000    0.0000
   sum over m      0.000000000           90.0000    0.0000
  px          1    0.000000000           90.0000    0.0000
  py          1    0.000000000           90.0000    0.0000
  pz          1    0.000000000           90.0000    0.0000
   sum over m      0.000000000           90.0000    0.0000
  d3z^2-r^2   0    0.000000000           90.0000    0.0000
  dx^2-y^2    0    0.000000000           90.0000    0.0000
  dxy         0    0.000000000           90.0000    0.0000
  dxz         0    0.000000000           90.0000    0.0000
  dyz         0    0.000000000           90.0000    0.0000
   sum over m      0.000000000           90.0000    0.0000

  172   Si         Orbital Moment(muB)    Angles (Deg)
            multiple
  s           0    0.000000000           90.0000    0.0000
   sum over m      0.000000000           90.0000    0.0000
  s           1    0.000000000           90.0000    0.0000
   sum over m      0.000000000           90.0000    0.0000
  px          0    0.000000000           90.0000    0.0000
  py          0    0.000000000           90.0000    0.0000
  pz          0    0.000000000           90.0000    0.0000
   sum over m      0.000000000           90.0000    0.0000
  px          1    0.000000000           90.0000    0.0000
  py          1    0.000000000           90.0000    0.0000
  pz          1    0.000000000           90.0000    0.0000
   sum over m      0.000000000           90.0000    0.0000
  d3z^2-r^2   0    0.000000000           90.0000    0.0000
  dx^2-y^2    0    0.000000000           90.0000    0.0000
  dxy         0    0.000000000           90.0000    0.0000
  dxz         0    0.000000000           90.0000    0.0000
  dyz         0    0.000000000           90.0000    0.0000
   sum over m      0.000000000           90.0000    0.0000

  173   Si         Orbital Moment(muB)    Angles (Deg)
            multiple
  s           0    0.000000000           90.0000    0.0000
   sum over m      0.000000000           90.0000    0.0000
  s           1    0.000000000           90.0000    0.0000
   sum over m      0.000000000           90.0000    0.0000
  px          0    0.000000000           90.0000    0.0000
  py          0    0.000000000           90.0000    0.0000
  pz          0    0.000000000           90.0000    0.0000
   sum over m      0.000000000           90.0000    0.0000
  px          1    0.000000000           90.0000    0.0000
  py          1    0.000000000           90.0000    0.0000
  pz          1    0.000000000           90.0000    0.0000
   sum over m      0.000000000           90.0000    0.0000
  d3z^2-r^2   0    0.000000000           90.0000    0.0000
  dx^2-y^2    0    0.000000000           90.0000    0.0000
  dxy         0    0.000000000           90.0000    0.0000
  dxz         0    0.000000000           90.0000    0.0000
  dyz         0    0.000000000           90.0000    0.0000
   sum over m      0.000000000           90.0000    0.0000

  174   Si         Orbital Moment(muB)    Angles (Deg)
            multiple
  s           0    0.000000000           90.0000    0.0000
   sum over m      0.000000000           90.0000    0.0000
  s           1    0.000000000           90.0000    0.0000
   sum over m      0.000000000           90.0000    0.0000
  px          0    0.000000000           90.0000    0.0000
  py          0    0.000000000           90.0000    0.0000
  pz          0    0.000000000           90.0000    0.0000
   sum over m      0.000000000           90.0000    0.0000
  px          1    0.000000000           90.0000    0.0000
  py          1    0.000000000           90.0000    0.0000
  pz          1    0.000000000           90.0000    0.0000
   sum over m      0.000000000           90.0000    0.0000
  d3z^2-r^2   0    0.000000000           90.0000    0.0000
  dx^2-y^2    0    0.000000000           90.0000    0.0000
  dxy         0    0.000000000           90.0000    0.0000
  dxz         0    0.000000000           90.0000    0.0000
  dyz         0    0.000000000           90.0000    0.0000
   sum over m      0.000000000           90.0000    0.0000

  175   Si         Orbital Moment(muB)    Angles (Deg)
            multiple
  s           0    0.000000000           90.0000    0.0000
   sum over m      0.000000000           90.0000    0.0000
  s           1    0.000000000           90.0000    0.0000
   sum over m      0.000000000           90.0000    0.0000
  px          0    0.000000000           90.0000    0.0000
  py          0    0.000000000           90.0000    0.0000
  pz          0    0.000000000           90.0000    0.0000
   sum over m      0.000000000           90.0000    0.0000
  px          1    0.000000000           90.0000    0.0000
  py          1    0.000000000           90.0000    0.0000
  pz          1    0.000000000           90.0000    0.0000
   sum over m      0.000000000           90.0000    0.0000
  d3z^2-r^2   0    0.000000000           90.0000    0.0000
  dx^2-y^2    0    0.000000000           90.0000    0.0000
  dxy         0    0.000000000           90.0000    0.0000
  dxz         0    0.000000000           90.0000    0.0000
  dyz         0    0.000000000           90.0000    0.0000
   sum over m      0.000000000           90.0000    0.0000

  176   Si         Orbital Moment(muB)    Angles (Deg)
            multiple
  s           0    0.000000000           90.0000    0.0000
   sum over m      0.000000000           90.0000    0.0000
  s           1    0.000000000           90.0000    0.0000
   sum over m      0.000000000           90.0000    0.0000
  px          0    0.000000000           90.0000    0.0000
  py          0    0.000000000           90.0000    0.0000
  pz          0    0.000000000           90.0000    0.0000
   sum over m      0.000000000           90.0000    0.0000
  px          1    0.000000000           90.0000    0.0000
  py          1    0.000000000           90.0000    0.0000
  pz          1    0.000000000           90.0000    0.0000
   sum over m      0.000000000           90.0000    0.0000
  d3z^2-r^2   0    0.000000000           90.0000    0.0000
  dx^2-y^2    0    0.000000000           90.0000    0.0000
  dxy         0    0.000000000           90.0000    0.0000
  dxz         0    0.000000000           90.0000    0.0000
  dyz         0    0.000000000           90.0000    0.0000
   sum over m      0.000000000           90.0000    0.0000

  177   Si         Orbital Moment(muB)    Angles (Deg)
            multiple
  s           0    0.000000000           90.0000    0.0000
   sum over m      0.000000000           90.0000    0.0000
  s           1    0.000000000           90.0000    0.0000
   sum over m      0.000000000           90.0000    0.0000
  px          0    0.000000000           90.0000    0.0000
  py          0    0.000000000           90.0000    0.0000
  pz          0    0.000000000           90.0000    0.0000
   sum over m      0.000000000           90.0000    0.0000
  px          1    0.000000000           90.0000    0.0000
  py          1    0.000000000           90.0000    0.0000
  pz          1    0.000000000           90.0000    0.0000
   sum over m      0.000000000           90.0000    0.0000
  d3z^2-r^2   0    0.000000000           90.0000    0.0000
  dx^2-y^2    0    0.000000000           90.0000    0.0000
  dxy         0    0.000000000           90.0000    0.0000
  dxz         0    0.000000000           90.0000    0.0000
  dyz         0    0.000000000           90.0000    0.0000
   sum over m      0.000000000           90.0000    0.0000

  178   Si         Orbital Moment(muB)    Angles (Deg)
            multiple
  s           0    0.000000000           90.0000    0.0000
   sum over m      0.000000000           90.0000    0.0000
  s           1    0.000000000           90.0000    0.0000
   sum over m      0.000000000           90.0000    0.0000
  px          0    0.000000000           90.0000    0.0000
  py          0    0.000000000           90.0000    0.0000
  pz          0    0.000000000           90.0000    0.0000
   sum over m      0.000000000           90.0000    0.0000
  px          1    0.000000000           90.0000    0.0000
  py          1    0.000000000           90.0000    0.0000
  pz          1    0.000000000           90.0000    0.0000
   sum over m      0.000000000           90.0000    0.0000
  d3z^2-r^2   0    0.000000000           90.0000    0.0000
  dx^2-y^2    0    0.000000000           90.0000    0.0000
  dxy         0    0.000000000           90.0000    0.0000
  dxz         0    0.000000000           90.0000    0.0000
  dyz         0    0.000000000           90.0000    0.0000
   sum over m      0.000000000           90.0000    0.0000

  179   Si         Orbital Moment(muB)    Angles (Deg)
            multiple
  s           0    0.000000000           90.0000    0.0000
   sum over m      0.000000000           90.0000    0.0000
  s           1    0.000000000           90.0000    0.0000
   sum over m      0.000000000           90.0000    0.0000
  px          0    0.000000000           90.0000    0.0000
  py          0    0.000000000           90.0000    0.0000
  pz          0    0.000000000           90.0000    0.0000
   sum over m      0.000000000           90.0000    0.0000
  px          1    0.000000000           90.0000    0.0000
  py          1    0.000000000           90.0000    0.0000
  pz          1    0.000000000           90.0000    0.0000
   sum over m      0.000000000           90.0000    0.0000
  d3z^2-r^2   0    0.000000000           90.0000    0.0000
  dx^2-y^2    0    0.000000000           90.0000    0.0000
  dxy         0    0.000000000           90.0000    0.0000
  dxz         0    0.000000000           90.0000    0.0000
  dyz         0    0.000000000           90.0000    0.0000
   sum over m      0.000000000           90.0000    0.0000

  180   Si         Orbital Moment(muB)    Angles (Deg)
            multiple
  s           0    0.000000000           90.0000    0.0000
   sum over m      0.000000000           90.0000    0.0000
  s           1    0.000000000           90.0000    0.0000
   sum over m      0.000000000           90.0000    0.0000
  px          0    0.000000000           90.0000    0.0000
  py          0    0.000000000           90.0000    0.0000
  pz          0    0.000000000           90.0000    0.0000
   sum over m      0.000000000           90.0000    0.0000
  px          1    0.000000000           90.0000    0.0000
  py          1    0.000000000           90.0000    0.0000
  pz          1    0.000000000           90.0000    0.0000
   sum over m      0.000000000           90.0000    0.0000
  d3z^2-r^2   0    0.000000000           90.0000    0.0000
  dx^2-y^2    0    0.000000000           90.0000    0.0000
  dxy         0    0.000000000           90.0000    0.0000
  dxz         0    0.000000000           90.0000    0.0000
  dyz         0    0.000000000           90.0000    0.0000
   sum over m      0.000000000           90.0000    0.0000

  181   Si         Orbital Moment(muB)    Angles (Deg)
            multiple
  s           0    0.000000000           90.0000    0.0000
   sum over m      0.000000000           90.0000    0.0000
  s           1    0.000000000           90.0000    0.0000
   sum over m      0.000000000           90.0000    0.0000
  px          0    0.000000000           90.0000    0.0000
  py          0    0.000000000           90.0000    0.0000
  pz          0    0.000000000           90.0000    0.0000
   sum over m      0.000000000           90.0000    0.0000
  px          1    0.000000000           90.0000    0.0000
  py          1    0.000000000           90.0000    0.0000
  pz          1    0.000000000           90.0000    0.0000
   sum over m      0.000000000           90.0000    0.0000
  d3z^2-r^2   0    0.000000000           90.0000    0.0000
  dx^2-y^2    0    0.000000000           90.0000    0.0000
  dxy         0    0.000000000           90.0000    0.0000
  dxz         0    0.000000000           90.0000    0.0000
  dyz         0    0.000000000           90.0000    0.0000
   sum over m      0.000000000           90.0000    0.0000

  182   Si         Orbital Moment(muB)    Angles (Deg)
            multiple
  s           0    0.000000000           90.0000    0.0000
   sum over m      0.000000000           90.0000    0.0000
  s           1    0.000000000           90.0000    0.0000
   sum over m      0.000000000           90.0000    0.0000
  px          0    0.000000000           90.0000    0.0000
  py          0    0.000000000           90.0000    0.0000
  pz          0    0.000000000           90.0000    0.0000
   sum over m      0.000000000           90.0000    0.0000
  px          1    0.000000000           90.0000    0.0000
  py          1    0.000000000           90.0000    0.0000
  pz          1    0.000000000           90.0000    0.0000
   sum over m      0.000000000           90.0000    0.0000
  d3z^2-r^2   0    0.000000000           90.0000    0.0000
  dx^2-y^2    0    0.000000000           90.0000    0.0000
  dxy         0    0.000000000           90.0000    0.0000
  dxz         0    0.000000000           90.0000    0.0000
  dyz         0    0.000000000           90.0000    0.0000
   sum over m      0.000000000           90.0000    0.0000

  183   Si         Orbital Moment(muB)    Angles (Deg)
            multiple
  s           0    0.000000000           90.0000    0.0000
   sum over m      0.000000000           90.0000    0.0000
  s           1    0.000000000           90.0000    0.0000
   sum over m      0.000000000           90.0000    0.0000
  px          0    0.000000000           90.0000    0.0000
  py          0    0.000000000           90.0000    0.0000
  pz          0    0.000000000           90.0000    0.0000
   sum over m      0.000000000           90.0000    0.0000
  px          1    0.000000000           90.0000    0.0000
  py          1    0.000000000           90.0000    0.0000
  pz          1    0.000000000           90.0000    0.0000
   sum over m      0.000000000           90.0000    0.0000
  d3z^2-r^2   0    0.000000000           90.0000    0.0000
  dx^2-y^2    0    0.000000000           90.0000    0.0000
  dxy         0    0.000000000           90.0000    0.0000
  dxz         0    0.000000000           90.0000    0.0000
  dyz         0    0.000000000           90.0000    0.0000
   sum over m      0.000000000           90.0000    0.0000

  184   Si         Orbital Moment(muB)    Angles (Deg)
            multiple
  s           0    0.000000000           90.0000    0.0000
   sum over m      0.000000000           90.0000    0.0000
  s           1    0.000000000           90.0000    0.0000
   sum over m      0.000000000           90.0000    0.0000
  px          0    0.000000000           90.0000    0.0000
  py          0    0.000000000           90.0000    0.0000
  pz          0    0.000000000           90.0000    0.0000
   sum over m      0.000000000           90.0000    0.0000
  px          1    0.000000000           90.0000    0.0000
  py          1    0.000000000           90.0000    0.0000
  pz          1    0.000000000           90.0000    0.0000
   sum over m      0.000000000           90.0000    0.0000
  d3z^2-r^2   0    0.000000000           90.0000    0.0000
  dx^2-y^2    0    0.000000000           90.0000    0.0000
  dxy         0    0.000000000           90.0000    0.0000
  dxz         0    0.000000000           90.0000    0.0000
  dyz         0    0.000000000           90.0000    0.0000
   sum over m      0.000000000           90.0000    0.0000

  185   Si         Orbital Moment(muB)    Angles (Deg)
            multiple
  s           0    0.000000000           90.0000    0.0000
   sum over m      0.000000000           90.0000    0.0000
  s           1    0.000000000           90.0000    0.0000
   sum over m      0.000000000           90.0000    0.0000
  px          0    0.000000000           90.0000    0.0000
  py          0    0.000000000           90.0000    0.0000
  pz          0    0.000000000           90.0000    0.0000
   sum over m      0.000000000           90.0000    0.0000
  px          1    0.000000000           90.0000    0.0000
  py          1    0.000000000           90.0000    0.0000
  pz          1    0.000000000           90.0000    0.0000
   sum over m      0.000000000           90.0000    0.0000
  d3z^2-r^2   0    0.000000000           90.0000    0.0000
  dx^2-y^2    0    0.000000000           90.0000    0.0000
  dxy         0    0.000000000           90.0000    0.0000
  dxz         0    0.000000000           90.0000    0.0000
  dyz         0    0.000000000           90.0000    0.0000
   sum over m      0.000000000           90.0000    0.0000

  186   Si         Orbital Moment(muB)    Angles (Deg)
            multiple
  s           0    0.000000000           90.0000    0.0000
   sum over m      0.000000000           90.0000    0.0000
  s           1    0.000000000           90.0000    0.0000
   sum over m      0.000000000           90.0000    0.0000
  px          0    0.000000000           90.0000    0.0000
  py          0    0.000000000           90.0000    0.0000
  pz          0    0.000000000           90.0000    0.0000
   sum over m      0.000000000           90.0000    0.0000
  px          1    0.000000000           90.0000    0.0000
  py          1    0.000000000           90.0000    0.0000
  pz          1    0.000000000           90.0000    0.0000
   sum over m      0.000000000           90.0000    0.0000
  d3z^2-r^2   0    0.000000000           90.0000    0.0000
  dx^2-y^2    0    0.000000000           90.0000    0.0000
  dxy         0    0.000000000           90.0000    0.0000
  dxz         0    0.000000000           90.0000    0.0000
  dyz         0    0.000000000           90.0000    0.0000
   sum over m      0.000000000           90.0000    0.0000

  187   Si         Orbital Moment(muB)    Angles (Deg)
            multiple
  s           0    0.000000000           90.0000    0.0000
   sum over m      0.000000000           90.0000    0.0000
  s           1    0.000000000           90.0000    0.0000
   sum over m      0.000000000           90.0000    0.0000
  px          0    0.000000000           90.0000    0.0000
  py          0    0.000000000           90.0000    0.0000
  pz          0    0.000000000           90.0000    0.0000
   sum over m      0.000000000           90.0000    0.0000
  px          1    0.000000000           90.0000    0.0000
  py          1    0.000000000           90.0000    0.0000
  pz          1    0.000000000           90.0000    0.0000
   sum over m      0.000000000           90.0000    0.0000
  d3z^2-r^2   0    0.000000000           90.0000    0.0000
  dx^2-y^2    0    0.000000000           90.0000    0.0000
  dxy         0    0.000000000           90.0000    0.0000
  dxz         0    0.000000000           90.0000    0.0000
  dyz         0    0.000000000           90.0000    0.0000
   sum over m      0.000000000           90.0000    0.0000

  188   Si         Orbital Moment(muB)    Angles (Deg)
            multiple
  s           0    0.000000000           90.0000    0.0000
   sum over m      0.000000000           90.0000    0.0000
  s           1    0.000000000           90.0000    0.0000
   sum over m      0.000000000           90.0000    0.0000
  px          0    0.000000000           90.0000    0.0000
  py          0    0.000000000           90.0000    0.0000
  pz          0    0.000000000           90.0000    0.0000
   sum over m      0.000000000           90.0000    0.0000
  px          1    0.000000000           90.0000    0.0000
  py          1    0.000000000           90.0000    0.0000
  pz          1    0.000000000           90.0000    0.0000
   sum over m      0.000000000           90.0000    0.0000
  d3z^2-r^2   0    0.000000000           90.0000    0.0000
  dx^2-y^2    0    0.000000000           90.0000    0.0000
  dxy         0    0.000000000           90.0000    0.0000
  dxz         0    0.000000000           90.0000    0.0000
  dyz         0    0.000000000           90.0000    0.0000
   sum over m      0.000000000           90.0000    0.0000

  189   Si         Orbital Moment(muB)    Angles (Deg)
            multiple
  s           0    0.000000000           90.0000    0.0000
   sum over m      0.000000000           90.0000    0.0000
  s           1    0.000000000           90.0000    0.0000
   sum over m      0.000000000           90.0000    0.0000
  px          0    0.000000000           90.0000    0.0000
  py          0    0.000000000           90.0000    0.0000
  pz          0    0.000000000           90.0000    0.0000
   sum over m      0.000000000           90.0000    0.0000
  px          1    0.000000000           90.0000    0.0000
  py          1    0.000000000           90.0000    0.0000
  pz          1    0.000000000           90.0000    0.0000
   sum over m      0.000000000           90.0000    0.0000
  d3z^2-r^2   0    0.000000000           90.0000    0.0000
  dx^2-y^2    0    0.000000000           90.0000    0.0000
  dxy         0    0.000000000           90.0000    0.0000
  dxz         0    0.000000000           90.0000    0.0000
  dyz         0    0.000000000           90.0000    0.0000
   sum over m      0.000000000           90.0000    0.0000

  190   Si         Orbital Moment(muB)    Angles (Deg)
            multiple
  s           0    0.000000000           90.0000    0.0000
   sum over m      0.000000000           90.0000    0.0000
  s           1    0.000000000           90.0000    0.0000
   sum over m      0.000000000           90.0000    0.0000
  px          0    0.000000000           90.0000    0.0000
  py          0    0.000000000           90.0000    0.0000
  pz          0    0.000000000           90.0000    0.0000
   sum over m      0.000000000           90.0000    0.0000
  px          1    0.000000000           90.0000    0.0000
  py          1    0.000000000           90.0000    0.0000
  pz          1    0.000000000           90.0000    0.0000
   sum over m      0.000000000           90.0000    0.0000
  d3z^2-r^2   0    0.000000000           90.0000    0.0000
  dx^2-y^2    0    0.000000000           90.0000    0.0000
  dxy         0    0.000000000           90.0000    0.0000
  dxz         0    0.000000000           90.0000    0.0000
  dyz         0    0.000000000           90.0000    0.0000
   sum over m      0.000000000           90.0000    0.0000

  191   Si         Orbital Moment(muB)    Angles (Deg)
            multiple
  s           0    0.000000000           90.0000    0.0000
   sum over m      0.000000000           90.0000    0.0000
  s           1    0.000000000           90.0000    0.0000
   sum over m      0.000000000           90.0000    0.0000
  px          0    0.000000000           90.0000    0.0000
  py          0    0.000000000           90.0000    0.0000
  pz          0    0.000000000           90.0000    0.0000
   sum over m      0.000000000           90.0000    0.0000
  px          1    0.000000000           90.0000    0.0000
  py          1    0.000000000           90.0000    0.0000
  pz          1    0.000000000           90.0000    0.0000
   sum over m      0.000000000           90.0000    0.0000
  d3z^2-r^2   0    0.000000000           90.0000    0.0000
  dx^2-y^2    0    0.000000000           90.0000    0.0000
  dxy         0    0.000000000           90.0000    0.0000
  dxz         0    0.000000000           90.0000    0.0000
  dyz         0    0.000000000           90.0000    0.0000
   sum over m      0.000000000           90.0000    0.0000

  192   Si         Orbital Moment(muB)    Angles (Deg)
            multiple
  s           0    0.000000000           90.0000    0.0000
   sum over m      0.000000000           90.0000    0.0000
  s           1    0.000000000           90.0000    0.0000
   sum over m      0.000000000           90.0000    0.0000
  px          0    0.000000000           90.0000    0.0000
  py          0    0.000000000           90.0000    0.0000
  pz          0    0.000000000           90.0000    0.0000
   sum over m      0.000000000           90.0000    0.0000
  px          1    0.000000000           90.0000    0.0000
  py          1    0.000000000           90.0000    0.0000
  pz          1    0.000000000           90.0000    0.0000
   sum over m      0.000000000           90.0000    0.0000
  d3z^2-r^2   0    0.000000000           90.0000    0.0000
  dx^2-y^2    0    0.000000000           90.0000    0.0000
  dxy         0    0.000000000           90.0000    0.0000
  dxz         0    0.000000000           90.0000    0.0000
  dyz         0    0.000000000           90.0000    0.0000
   sum over m      0.000000000           90.0000    0.0000

  193   Si         Orbital Moment(muB)    Angles (Deg)
            multiple
  s           0    0.000000000           90.0000    0.0000
   sum over m      0.000000000           90.0000    0.0000
  s           1    0.000000000           90.0000    0.0000
   sum over m      0.000000000           90.0000    0.0000
  px          0    0.000000000           90.0000    0.0000
  py          0    0.000000000           90.0000    0.0000
  pz          0    0.000000000           90.0000    0.0000
   sum over m      0.000000000           90.0000    0.0000
  px          1    0.000000000           90.0000    0.0000
  py          1    0.000000000           90.0000    0.0000
  pz          1    0.000000000           90.0000    0.0000
   sum over m      0.000000000           90.0000    0.0000
  d3z^2-r^2   0    0.000000000           90.0000    0.0000
  dx^2-y^2    0    0.000000000           90.0000    0.0000
  dxy         0    0.000000000           90.0000    0.0000
  dxz         0    0.000000000           90.0000    0.0000
  dyz         0    0.000000000           90.0000    0.0000
   sum over m      0.000000000           90.0000    0.0000

  194   Si         Orbital Moment(muB)    Angles (Deg)
            multiple
  s           0    0.000000000           90.0000    0.0000
   sum over m      0.000000000           90.0000    0.0000
  s           1    0.000000000           90.0000    0.0000
   sum over m      0.000000000           90.0000    0.0000
  px          0    0.000000000           90.0000    0.0000
  py          0    0.000000000           90.0000    0.0000
  pz          0    0.000000000           90.0000    0.0000
   sum over m      0.000000000           90.0000    0.0000
  px          1    0.000000000           90.0000    0.0000
  py          1    0.000000000           90.0000    0.0000
  pz          1    0.000000000           90.0000    0.0000
   sum over m      0.000000000           90.0000    0.0000
  d3z^2-r^2   0    0.000000000           90.0000    0.0000
  dx^2-y^2    0    0.000000000           90.0000    0.0000
  dxy         0    0.000000000           90.0000    0.0000
  dxz         0    0.000000000           90.0000    0.0000
  dyz         0    0.000000000           90.0000    0.0000
   sum over m      0.000000000           90.0000    0.0000

  195   Si         Orbital Moment(muB)    Angles (Deg)
            multiple
  s           0    0.000000000           90.0000    0.0000
   sum over m      0.000000000           90.0000    0.0000
  s           1    0.000000000           90.0000    0.0000
   sum over m      0.000000000           90.0000    0.0000
  px          0    0.000000000           90.0000    0.0000
  py          0    0.000000000           90.0000    0.0000
  pz          0    0.000000000           90.0000    0.0000
   sum over m      0.000000000           90.0000    0.0000
  px          1    0.000000000           90.0000    0.0000
  py          1    0.000000000           90.0000    0.0000
  pz          1    0.000000000           90.0000    0.0000
   sum over m      0.000000000           90.0000    0.0000
  d3z^2-r^2   0    0.000000000           90.0000    0.0000
  dx^2-y^2    0    0.000000000           90.0000    0.0000
  dxy         0    0.000000000           90.0000    0.0000
  dxz         0    0.000000000           90.0000    0.0000
  dyz         0    0.000000000           90.0000    0.0000
   sum over m      0.000000000           90.0000    0.0000

  196   Si         Orbital Moment(muB)    Angles (Deg)
            multiple
  s           0    0.000000000           90.0000    0.0000
   sum over m      0.000000000           90.0000    0.0000
  s           1    0.000000000           90.0000    0.0000
   sum over m      0.000000000           90.0000    0.0000
  px          0    0.000000000           90.0000    0.0000
  py          0    0.000000000           90.0000    0.0000
  pz          0    0.000000000           90.0000    0.0000
   sum over m      0.000000000           90.0000    0.0000
  px          1    0.000000000           90.0000    0.0000
  py          1    0.000000000           90.0000    0.0000
  pz          1    0.000000000           90.0000    0.0000
   sum over m      0.000000000           90.0000    0.0000
  d3z^2-r^2   0    0.000000000           90.0000    0.0000
  dx^2-y^2    0    0.000000000           90.0000    0.0000
  dxy         0    0.000000000           90.0000    0.0000
  dxz         0    0.000000000           90.0000    0.0000
  dyz         0    0.000000000           90.0000    0.0000
   sum over m      0.000000000           90.0000    0.0000

  197   Si         Orbital Moment(muB)    Angles (Deg)
            multiple
  s           0    0.000000000           90.0000    0.0000
   sum over m      0.000000000           90.0000    0.0000
  s           1    0.000000000           90.0000    0.0000
   sum over m      0.000000000           90.0000    0.0000
  px          0    0.000000000           90.0000    0.0000
  py          0    0.000000000           90.0000    0.0000
  pz          0    0.000000000           90.0000    0.0000
   sum over m      0.000000000           90.0000    0.0000
  px          1    0.000000000           90.0000    0.0000
  py          1    0.000000000           90.0000    0.0000
  pz          1    0.000000000           90.0000    0.0000
   sum over m      0.000000000           90.0000    0.0000
  d3z^2-r^2   0    0.000000000           90.0000    0.0000
  dx^2-y^2    0    0.000000000           90.0000    0.0000
  dxy         0    0.000000000           90.0000    0.0000
  dxz         0    0.000000000           90.0000    0.0000
  dyz         0    0.000000000           90.0000    0.0000
   sum over m      0.000000000           90.0000    0.0000

  198   Si         Orbital Moment(muB)    Angles (Deg)
            multiple
  s           0    0.000000000           90.0000    0.0000
   sum over m      0.000000000           90.0000    0.0000
  s           1    0.000000000           90.0000    0.0000
   sum over m      0.000000000           90.0000    0.0000
  px          0    0.000000000           90.0000    0.0000
  py          0    0.000000000           90.0000    0.0000
  pz          0    0.000000000           90.0000    0.0000
   sum over m      0.000000000           90.0000    0.0000
  px          1    0.000000000           90.0000    0.0000
  py          1    0.000000000           90.0000    0.0000
  pz          1    0.000000000           90.0000    0.0000
   sum over m      0.000000000           90.0000    0.0000
  d3z^2-r^2   0    0.000000000           90.0000    0.0000
  dx^2-y^2    0    0.000000000           90.0000    0.0000
  dxy         0    0.000000000           90.0000    0.0000
  dxz         0    0.000000000           90.0000    0.0000
  dyz         0    0.000000000           90.0000    0.0000
   sum over m      0.000000000           90.0000    0.0000

  199   Si         Orbital Moment(muB)    Angles (Deg)
            multiple
  s           0    0.000000000           90.0000    0.0000
   sum over m      0.000000000           90.0000    0.0000
  s           1    0.000000000           90.0000    0.0000
   sum over m      0.000000000           90.0000    0.0000
  px          0    0.000000000           90.0000    0.0000
  py          0    0.000000000           90.0000    0.0000
  pz          0    0.000000000           90.0000    0.0000
   sum over m      0.000000000           90.0000    0.0000
  px          1    0.000000000           90.0000    0.0000
  py          1    0.000000000           90.0000    0.0000
  pz          1    0.000000000           90.0000    0.0000
   sum over m      0.000000000           90.0000    0.0000
  d3z^2-r^2   0    0.000000000           90.0000    0.0000
  dx^2-y^2    0    0.000000000           90.0000    0.0000
  dxy         0    0.000000000           90.0000    0.0000
  dxz         0    0.000000000           90.0000    0.0000
  dyz         0    0.000000000           90.0000    0.0000
   sum over m      0.000000000           90.0000    0.0000

  200   Si         Orbital Moment(muB)    Angles (Deg)
            multiple
  s           0    0.000000000           90.0000    0.0000
   sum over m      0.000000000           90.0000    0.0000
  s           1    0.000000000           90.0000    0.0000
   sum over m      0.000000000           90.0000    0.0000
  px          0    0.000000000           90.0000    0.0000
  py          0    0.000000000           90.0000    0.0000
  pz          0    0.000000000           90.0000    0.0000
   sum over m      0.000000000           90.0000    0.0000
  px          1    0.000000000           90.0000    0.0000
  py          1    0.000000000           90.0000    0.0000
  pz          1    0.000000000           90.0000    0.0000
   sum over m      0.000000000           90.0000    0.0000
  d3z^2-r^2   0    0.000000000           90.0000    0.0000
  dx^2-y^2    0    0.000000000           90.0000    0.0000
  dxy         0    0.000000000           90.0000    0.0000
  dxz         0    0.000000000           90.0000    0.0000
  dyz         0    0.000000000           90.0000    0.0000
   sum over m      0.000000000           90.0000    0.0000

  201   Si         Orbital Moment(muB)    Angles (Deg)
            multiple
  s           0    0.000000000           90.0000    0.0000
   sum over m      0.000000000           90.0000    0.0000
  s           1    0.000000000           90.0000    0.0000
   sum over m      0.000000000           90.0000    0.0000
  px          0    0.000000000           90.0000    0.0000
  py          0    0.000000000           90.0000    0.0000
  pz          0    0.000000000           90.0000    0.0000
   sum over m      0.000000000           90.0000    0.0000
  px          1    0.000000000           90.0000    0.0000
  py          1    0.000000000           90.0000    0.0000
  pz          1    0.000000000           90.0000    0.0000
   sum over m      0.000000000           90.0000    0.0000
  d3z^2-r^2   0    0.000000000           90.0000    0.0000
  dx^2-y^2    0    0.000000000           90.0000    0.0000
  dxy         0    0.000000000           90.0000    0.0000
  dxz         0    0.000000000           90.0000    0.0000
  dyz         0    0.000000000           90.0000    0.0000
   sum over m      0.000000000           90.0000    0.0000

  202   Si         Orbital Moment(muB)    Angles (Deg)
            multiple
  s           0    0.000000000           90.0000    0.0000
   sum over m      0.000000000           90.0000    0.0000
  s           1    0.000000000           90.0000    0.0000
   sum over m      0.000000000           90.0000    0.0000
  px          0    0.000000000           90.0000    0.0000
  py          0    0.000000000           90.0000    0.0000
  pz          0    0.000000000           90.0000    0.0000
   sum over m      0.000000000           90.0000    0.0000
  px          1    0.000000000           90.0000    0.0000
  py          1    0.000000000           90.0000    0.0000
  pz          1    0.000000000           90.0000    0.0000
   sum over m      0.000000000           90.0000    0.0000
  d3z^2-r^2   0    0.000000000           90.0000    0.0000
  dx^2-y^2    0    0.000000000           90.0000    0.0000
  dxy         0    0.000000000           90.0000    0.0000
  dxz         0    0.000000000           90.0000    0.0000
  dyz         0    0.000000000           90.0000    0.0000
   sum over m      0.000000000           90.0000    0.0000

  203   Si         Orbital Moment(muB)    Angles (Deg)
            multiple
  s           0    0.000000000           90.0000    0.0000
   sum over m      0.000000000           90.0000    0.0000
  s           1    0.000000000           90.0000    0.0000
   sum over m      0.000000000           90.0000    0.0000
  px          0    0.000000000           90.0000    0.0000
  py          0    0.000000000           90.0000    0.0000
  pz          0    0.000000000           90.0000    0.0000
   sum over m      0.000000000           90.0000    0.0000
  px          1    0.000000000           90.0000    0.0000
  py          1    0.000000000           90.0000    0.0000
  pz          1    0.000000000           90.0000    0.0000
   sum over m      0.000000000           90.0000    0.0000
  d3z^2-r^2   0    0.000000000           90.0000    0.0000
  dx^2-y^2    0    0.000000000           90.0000    0.0000
  dxy         0    0.000000000           90.0000    0.0000
  dxz         0    0.000000000           90.0000    0.0000
  dyz         0    0.000000000           90.0000    0.0000
   sum over m      0.000000000           90.0000    0.0000

  204   Si         Orbital Moment(muB)    Angles (Deg)
            multiple
  s           0    0.000000000           90.0000    0.0000
   sum over m      0.000000000           90.0000    0.0000
  s           1    0.000000000           90.0000    0.0000
   sum over m      0.000000000           90.0000    0.0000
  px          0    0.000000000           90.0000    0.0000
  py          0    0.000000000           90.0000    0.0000
  pz          0    0.000000000           90.0000    0.0000
   sum over m      0.000000000           90.0000    0.0000
  px          1    0.000000000           90.0000    0.0000
  py          1    0.000000000           90.0000    0.0000
  pz          1    0.000000000           90.0000    0.0000
   sum over m      0.000000000           90.0000    0.0000
  d3z^2-r^2   0    0.000000000           90.0000    0.0000
  dx^2-y^2    0    0.000000000           90.0000    0.0000
  dxy         0    0.000000000           90.0000    0.0000
  dxz         0    0.000000000           90.0000    0.0000
  dyz         0    0.000000000           90.0000    0.0000
   sum over m      0.000000000           90.0000    0.0000

  205   Si         Orbital Moment(muB)    Angles (Deg)
            multiple
  s           0    0.000000000           90.0000    0.0000
   sum over m      0.000000000           90.0000    0.0000
  s           1    0.000000000           90.0000    0.0000
   sum over m      0.000000000           90.0000    0.0000
  px          0    0.000000000           90.0000    0.0000
  py          0    0.000000000           90.0000    0.0000
  pz          0    0.000000000           90.0000    0.0000
   sum over m      0.000000000           90.0000    0.0000
  px          1    0.000000000           90.0000    0.0000
  py          1    0.000000000           90.0000    0.0000
  pz          1    0.000000000           90.0000    0.0000
   sum over m      0.000000000           90.0000    0.0000
  d3z^2-r^2   0    0.000000000           90.0000    0.0000
  dx^2-y^2    0    0.000000000           90.0000    0.0000
  dxy         0    0.000000000           90.0000    0.0000
  dxz         0    0.000000000           90.0000    0.0000
  dyz         0    0.000000000           90.0000    0.0000
   sum over m      0.000000000           90.0000    0.0000

  206   Si         Orbital Moment(muB)    Angles (Deg)
            multiple
  s           0    0.000000000           90.0000    0.0000
   sum over m      0.000000000           90.0000    0.0000
  s           1    0.000000000           90.0000    0.0000
   sum over m      0.000000000           90.0000    0.0000
  px          0    0.000000000           90.0000    0.0000
  py          0    0.000000000           90.0000    0.0000
  pz          0    0.000000000           90.0000    0.0000
   sum over m      0.000000000           90.0000    0.0000
  px          1    0.000000000           90.0000    0.0000
  py          1    0.000000000           90.0000    0.0000
  pz          1    0.000000000           90.0000    0.0000
   sum over m      0.000000000           90.0000    0.0000
  d3z^2-r^2   0    0.000000000           90.0000    0.0000
  dx^2-y^2    0    0.000000000           90.0000    0.0000
  dxy         0    0.000000000           90.0000    0.0000
  dxz         0    0.000000000           90.0000    0.0000
  dyz         0    0.000000000           90.0000    0.0000
   sum over m      0.000000000           90.0000    0.0000

  207   Si         Orbital Moment(muB)    Angles (Deg)
            multiple
  s           0    0.000000000           90.0000    0.0000
   sum over m      0.000000000           90.0000    0.0000
  s           1    0.000000000           90.0000    0.0000
   sum over m      0.000000000           90.0000    0.0000
  px          0    0.000000000           90.0000    0.0000
  py          0    0.000000000           90.0000    0.0000
  pz          0    0.000000000           90.0000    0.0000
   sum over m      0.000000000           90.0000    0.0000
  px          1    0.000000000           90.0000    0.0000
  py          1    0.000000000           90.0000    0.0000
  pz          1    0.000000000           90.0000    0.0000
   sum over m      0.000000000           90.0000    0.0000
  d3z^2-r^2   0    0.000000000           90.0000    0.0000
  dx^2-y^2    0    0.000000000           90.0000    0.0000
  dxy         0    0.000000000           90.0000    0.0000
  dxz         0    0.000000000           90.0000    0.0000
  dyz         0    0.000000000           90.0000    0.0000
   sum over m      0.000000000           90.0000    0.0000

  208   Si         Orbital Moment(muB)    Angles (Deg)
            multiple
  s           0    0.000000000           90.0000    0.0000
   sum over m      0.000000000           90.0000    0.0000
  s           1    0.000000000           90.0000    0.0000
   sum over m      0.000000000           90.0000    0.0000
  px          0    0.000000000           90.0000    0.0000
  py          0    0.000000000           90.0000    0.0000
  pz          0    0.000000000           90.0000    0.0000
   sum over m      0.000000000           90.0000    0.0000
  px          1    0.000000000           90.0000    0.0000
  py          1    0.000000000           90.0000    0.0000
  pz          1    0.000000000           90.0000    0.0000
   sum over m      0.000000000           90.0000    0.0000
  d3z^2-r^2   0    0.000000000           90.0000    0.0000
  dx^2-y^2    0    0.000000000           90.0000    0.0000
  dxy         0    0.000000000           90.0000    0.0000
  dxz         0    0.000000000           90.0000    0.0000
  dyz         0    0.000000000           90.0000    0.0000
   sum over m      0.000000000           90.0000    0.0000

  209   Si         Orbital Moment(muB)    Angles (Deg)
            multiple
  s           0    0.000000000           90.0000    0.0000
   sum over m      0.000000000           90.0000    0.0000
  s           1    0.000000000           90.0000    0.0000
   sum over m      0.000000000           90.0000    0.0000
  px          0    0.000000000           90.0000    0.0000
  py          0    0.000000000           90.0000    0.0000
  pz          0    0.000000000           90.0000    0.0000
   sum over m      0.000000000           90.0000    0.0000
  px          1    0.000000000           90.0000    0.0000
  py          1    0.000000000           90.0000    0.0000
  pz          1    0.000000000           90.0000    0.0000
   sum over m      0.000000000           90.0000    0.0000
  d3z^2-r^2   0    0.000000000           90.0000    0.0000
  dx^2-y^2    0    0.000000000           90.0000    0.0000
  dxy         0    0.000000000           90.0000    0.0000
  dxz         0    0.000000000           90.0000    0.0000
  dyz         0    0.000000000           90.0000    0.0000
   sum over m      0.000000000           90.0000    0.0000

  210   Si         Orbital Moment(muB)    Angles (Deg)
            multiple
  s           0    0.000000000           90.0000    0.0000
   sum over m      0.000000000           90.0000    0.0000
  s           1    0.000000000           90.0000    0.0000
   sum over m      0.000000000           90.0000    0.0000
  px          0    0.000000000           90.0000    0.0000
  py          0    0.000000000           90.0000    0.0000
  pz          0    0.000000000           90.0000    0.0000
   sum over m      0.000000000           90.0000    0.0000
  px          1    0.000000000           90.0000    0.0000
  py          1    0.000000000           90.0000    0.0000
  pz          1    0.000000000           90.0000    0.0000
   sum over m      0.000000000           90.0000    0.0000
  d3z^2-r^2   0    0.000000000           90.0000    0.0000
  dx^2-y^2    0    0.000000000           90.0000    0.0000
  dxy         0    0.000000000           90.0000    0.0000
  dxz         0    0.000000000           90.0000    0.0000
  dyz         0    0.000000000           90.0000    0.0000
   sum over m      0.000000000           90.0000    0.0000

  211   Si         Orbital Moment(muB)    Angles (Deg)
            multiple
  s           0    0.000000000           90.0000    0.0000
   sum over m      0.000000000           90.0000    0.0000
  s           1    0.000000000           90.0000    0.0000
   sum over m      0.000000000           90.0000    0.0000
  px          0    0.000000000           90.0000    0.0000
  py          0    0.000000000           90.0000    0.0000
  pz          0    0.000000000           90.0000    0.0000
   sum over m      0.000000000           90.0000    0.0000
  px          1    0.000000000           90.0000    0.0000
  py          1    0.000000000           90.0000    0.0000
  pz          1    0.000000000           90.0000    0.0000
   sum over m      0.000000000           90.0000    0.0000
  d3z^2-r^2   0    0.000000000           90.0000    0.0000
  dx^2-y^2    0    0.000000000           90.0000    0.0000
  dxy         0    0.000000000           90.0000    0.0000
  dxz         0    0.000000000           90.0000    0.0000
  dyz         0    0.000000000           90.0000    0.0000
   sum over m      0.000000000           90.0000    0.0000

  212   Si         Orbital Moment(muB)    Angles (Deg)
            multiple
  s           0    0.000000000           90.0000    0.0000
   sum over m      0.000000000           90.0000    0.0000
  s           1    0.000000000           90.0000    0.0000
   sum over m      0.000000000           90.0000    0.0000
  px          0    0.000000000           90.0000    0.0000
  py          0    0.000000000           90.0000    0.0000
  pz          0    0.000000000           90.0000    0.0000
   sum over m      0.000000000           90.0000    0.0000
  px          1    0.000000000           90.0000    0.0000
  py          1    0.000000000           90.0000    0.0000
  pz          1    0.000000000           90.0000    0.0000
   sum over m      0.000000000           90.0000    0.0000
  d3z^2-r^2   0    0.000000000           90.0000    0.0000
  dx^2-y^2    0    0.000000000           90.0000    0.0000
  dxy         0    0.000000000           90.0000    0.0000
  dxz         0    0.000000000           90.0000    0.0000
  dyz         0    0.000000000           90.0000    0.0000
   sum over m      0.000000000           90.0000    0.0000

  213   Si         Orbital Moment(muB)    Angles (Deg)
            multiple
  s           0    0.000000000           90.0000    0.0000
   sum over m      0.000000000           90.0000    0.0000
  s           1    0.000000000           90.0000    0.0000
   sum over m      0.000000000           90.0000    0.0000
  px          0    0.000000000           90.0000    0.0000
  py          0    0.000000000           90.0000    0.0000
  pz          0    0.000000000           90.0000    0.0000
   sum over m      0.000000000           90.0000    0.0000
  px          1    0.000000000           90.0000    0.0000
  py          1    0.000000000           90.0000    0.0000
  pz          1    0.000000000           90.0000    0.0000
   sum over m      0.000000000           90.0000    0.0000
  d3z^2-r^2   0    0.000000000           90.0000    0.0000
  dx^2-y^2    0    0.000000000           90.0000    0.0000
  dxy         0    0.000000000           90.0000    0.0000
  dxz         0    0.000000000           90.0000    0.0000
  dyz         0    0.000000000           90.0000    0.0000
   sum over m      0.000000000           90.0000    0.0000

  214   Si         Orbital Moment(muB)    Angles (Deg)
            multiple
  s           0    0.000000000           90.0000    0.0000
   sum over m      0.000000000           90.0000    0.0000
  s           1    0.000000000           90.0000    0.0000
   sum over m      0.000000000           90.0000    0.0000
  px          0    0.000000000           90.0000    0.0000
  py          0    0.000000000           90.0000    0.0000
  pz          0    0.000000000           90.0000    0.0000
   sum over m      0.000000000           90.0000    0.0000
  px          1    0.000000000           90.0000    0.0000
  py          1    0.000000000           90.0000    0.0000
  pz          1    0.000000000           90.0000    0.0000
   sum over m      0.000000000           90.0000    0.0000
  d3z^2-r^2   0    0.000000000           90.0000    0.0000
  dx^2-y^2    0    0.000000000           90.0000    0.0000
  dxy         0    0.000000000           90.0000    0.0000
  dxz         0    0.000000000           90.0000    0.0000
  dyz         0    0.000000000           90.0000    0.0000
   sum over m      0.000000000           90.0000    0.0000

  215   Si         Orbital Moment(muB)    Angles (Deg)
            multiple
  s           0    0.000000000           90.0000    0.0000
   sum over m      0.000000000           90.0000    0.0000
  s           1    0.000000000           90.0000    0.0000
   sum over m      0.000000000           90.0000    0.0000
  px          0    0.000000000           90.0000    0.0000
  py          0    0.000000000           90.0000    0.0000
  pz          0    0.000000000           90.0000    0.0000
   sum over m      0.000000000           90.0000    0.0000
  px          1    0.000000000           90.0000    0.0000
  py          1    0.000000000           90.0000    0.0000
  pz          1    0.000000000           90.0000    0.0000
   sum over m      0.000000000           90.0000    0.0000
  d3z^2-r^2   0    0.000000000           90.0000    0.0000
  dx^2-y^2    0    0.000000000           90.0000    0.0000
  dxy         0    0.000000000           90.0000    0.0000
  dxz         0    0.000000000           90.0000    0.0000
  dyz         0    0.000000000           90.0000    0.0000
   sum over m      0.000000000           90.0000    0.0000

  216   Si         Orbital Moment(muB)    Angles (Deg)
            multiple
  s           0    0.000000000           90.0000    0.0000
   sum over m      0.000000000           90.0000    0.0000
  s           1    0.000000000           90.0000    0.0000
   sum over m      0.000000000           90.0000    0.0000
  px          0    0.000000000           90.0000    0.0000
  py          0    0.000000000           90.0000    0.0000
  pz          0    0.000000000           90.0000    0.0000
   sum over m      0.000000000           90.0000    0.0000
  px          1    0.000000000           90.0000    0.0000
  py          1    0.000000000           90.0000    0.0000
  pz          1    0.000000000           90.0000    0.0000
   sum over m      0.000000000           90.0000    0.0000
  d3z^2-r^2   0    0.000000000           90.0000    0.0000
  dx^2-y^2    0    0.000000000           90.0000    0.0000
  dxy         0    0.000000000           90.0000    0.0000
  dxz         0    0.000000000           90.0000    0.0000
  dyz         0    0.000000000           90.0000    0.0000
   sum over m      0.000000000           90.0000    0.0000

***********************************************************
***********************************************************
                    Dipole moment (Debye)                  
***********************************************************
***********************************************************

 Absolute D      457.47410980

                      Dx                Dy                Dz
 Total            264.12280043      264.12280042      264.12280047
 Core           33807.73609485    33807.73609485    33807.73609485
 Electron      -33543.61329442   -33543.61329443   -33543.61329438
 Back ground       -0.00000000       -0.00000000       -0.00000000

***********************************************************
***********************************************************
       xyz-coordinates (Ang) and forces (Hartree/Bohr)  
***********************************************************
***********************************************************

<coordinates.forces
  216
    1    Si     0.67888   0.67888   0.67888  -0.000008999707 -0.000008999707 -0.000008981272
    2    Si     3.39437   0.67888   3.39437   0.000008999707 -0.000008999707  0.000008981272
    3    Si     0.67888   3.39437   3.39437  -0.000008999707  0.000008999707  0.000008981272
    4    Si     3.39437   3.39437   0.67888   0.000008999707  0.000008999707 -0.000008981272
    5    Si     4.75213   2.03662   2.03662  -0.000007115123 -0.000000000000  0.000000000000
    6    Si     4.75213   4.75213   4.75213  -0.000008153982 -0.000008153982 -0.000008157474
    7    Si     2.03662   2.03662   4.75213   0.000000000000 -0.000000000000 -0.000007121902
    8    Si     2.03662   4.75213   2.03662   0.000000000000 -0.000007115123 -0.000000000000
    9    Si     0.67888   0.67888   6.10987  -0.000002866729 -0.000002866729 -0.000000874881
   10    Si     3.39437   0.67888   8.82538   0.000008153982 -0.000008153982 -0.000008157474
   11    Si     0.67888   3.39437   8.82538  -0.000008153982  0.000008153982 -0.000008157474
   12    Si     3.39437   3.39437   6.10987   0.000002866729  0.000002866729 -0.000000874881
   13    Si     4.75213   2.03662   7.46762  -0.000002884640 -0.000000879958  0.000002880199
   14    Si     4.75213   4.75213  10.18313  -0.000002866729 -0.000002866729  0.000000874881
   15    Si     2.03662   2.03662  10.18313   0.000000000000 -0.000000000000 -0.000000000000
   16    Si     2.03662   4.75213   7.46762  -0.000000879958 -0.000002884640  0.000002880199
   17    Si     0.67888   0.67888  11.54087  -0.000008153982 -0.000008153982  0.000008157474
   18    Si     3.39437   0.67888  14.25638   0.000002866729 -0.000002866729  0.000000874881
   19    Si     0.67888   3.39437  14.25638  -0.000002866729  0.000002866729  0.000000874881
   20    Si     3.39437   3.39437  11.54087   0.000008153982  0.000008153982  0.000008157474
   21    Si     4.75213   2.03662  12.89863  -0.000002884640  0.000000879958 -0.000002880199
   22    Si     4.75213   4.75213  15.61412  -0.000008999707 -0.000008999707  0.000008981272
   23    Si     2.03662   2.03662  15.61412   0.000000000000  0.000000000000  0.000007121902
   24    Si     2.03662   4.75213  12.89863   0.000000879958 -0.000002884640 -0.000002880199
   25    Si     0.67888   6.10987   0.67888  -0.000002884640 -0.000000879958 -0.000002880199
   26    Si     3.39437   6.10987   3.39437   0.000002884640 -0.000000879958  0.000002880199
   27    Si     0.67888   8.82538   3.39437  -0.000008153982 -0.000008153982  0.000008157474
   28    Si     3.39437   8.82538   0.67888   0.000008153982 -0.000008153982 -0.000008157474
   29    Si     4.75213   7.46762   2.03662  -0.000002866729  0.000002866729 -0.000000874881
   30    Si     4.75213  10.18313   4.75213  -0.000002884640  0.000000879958 -0.000002880199
   31    Si     2.03662   7.46762   4.75213  -0.000000879958  0.000002884640 -0.000002880199
   32    Si     2.03662  10.18313   2.03662   0.000000000000  0.000000000000 -0.000000000000
   33    Si     0.67888   6.10987   6.10987  -0.000007115123 -0.000000000000 -0.000000000000
   34    Si     3.39437   6.10987   8.82538   0.000002884640  0.000000879958 -0.000002880199
   35    Si     0.67888   8.82538   8.82538  -0.000008999707 -0.000008999707 -0.000008981272
   36    Si     3.39437   8.82538   6.10987   0.000002866729 -0.000002866729  0.000000874881
   37    Si     4.75213   7.46762   7.46762  -0.000008153982  0.000008153982  0.000008157474
   38    Si     4.75213  10.18313  10.18313  -0.000007115123  0.000000000000 -0.000000000000
   39    Si     2.03662   7.46762  10.18313   0.000000000000  0.000007115123  0.000000000000
   40    Si     2.03662  10.18313   7.46762   0.000000000000  0.000000000000  0.000007121902
   41    Si     0.67888   6.10987  11.54087  -0.000002884640  0.000000879958  0.000002880199
   42    Si     3.39437   6.10987  14.25638   0.000007115123 -0.000000000000  0.000000000000
   43    Si     0.67888   8.82538  14.25638  -0.000002866729 -0.000002866729 -0.000000874881
   44    Si     3.39437   8.82538  11.54087   0.000008999707 -0.000008999707  0.000008981272
   45    Si     4.75213   7.46762  12.89863  -0.000008999707  0.000008999707 -0.000008981272
   46    Si     4.75213  10.18313  15.61412  -0.000002884640 -0.000000879958  0.000002880199
   47    Si     2.03662   7.46762  15.61412   0.000000879958  0.000002884640  0.000002880199
   48    Si     2.03662  10.18313  12.89863   0.000000000000 -0.000000000000 -0.000007121902
   49    Si     0.67888  11.54087   0.67888  -0.000008153982  0.000008153982 -0.000008157474
   50    Si     3.39437  11.54087   3.39437   0.000008153982  0.000008153982  0.000008157474
   51    Si     0.67888  14.25638   3.39437  -0.000002884640  0.000000879958  0.000002880199
   52    Si     3.39437  14.25638   0.67888   0.000002884640  0.000000879958 -0.000002880199
   53    Si     4.75213  12.89863   2.03662  -0.000002866729 -0.000002866729  0.000000874881
   54    Si     4.75213  15.61412   4.75213  -0.000008999707  0.000008999707 -0.000008981272
   55    Si     2.03662  12.89863   4.75213   0.000000879958 -0.000002884640 -0.000002880199
   56    Si     2.03662  15.61412   2.03662   0.000000000000  0.000007115123  0.000000000000
   57    Si     0.67888  11.54087   6.10987  -0.000002866729  0.000002866729  0.000000874881
   58    Si     3.39437  11.54087   8.82538   0.000008999707  0.000008999707 -0.000008981272
   59    Si     0.67888  14.25638   8.82538  -0.000002884640 -0.000000879958 -0.000002880199
   60    Si     3.39437  14.25638   6.10987   0.000007115123  0.000000000000 -0.000000000000
   61    Si     4.75213  12.89863   7.46762  -0.000008999707 -0.000008999707  0.000008981272
   62    Si     4.75213  15.61412  10.18313  -0.000002866729  0.000002866729 -0.000000874881
   63    Si     2.03662  12.89863  10.18313   0.000000000000 -0.000007115123 -0.000000000000
   64    Si     2.03662  15.61412   7.46762   0.000000879958  0.000002884640  0.000002880199
   65    Si     0.67888  11.54087  11.54087  -0.000008999707  0.000008999707  0.000008981272
   66    Si     3.39437  11.54087  14.25638   0.000002866729  0.000002866729 -0.000000874881
   67    Si     0.67888  14.25638  14.25638  -0.000007115123  0.000000000000  0.000000000000
   68    Si     3.39437  14.25638  11.54087   0.000002884640 -0.000000879958  0.000002880199
   69    Si     4.75213  12.89863  12.89863  -0.000008153982 -0.000008153982 -0.000008157474
   70    Si     4.75213  15.61412  15.61412  -0.000008153982  0.000008153982  0.000008157474
   71    Si     2.03662  12.89863  15.61412  -0.000000879958 -0.000002884640  0.000002880199
   72    Si     2.03662  15.61412  12.89863  -0.000000879958  0.000002884640 -0.000002880199
   73    Si     6.10987   0.67888   0.67888  -0.000000879958 -0.000002884640 -0.000002880199
   74    Si     8.82538   0.67888   3.39437  -0.000008153982 -0.000008153982  0.000008157474
   75    Si     6.10987   3.39437   3.39437  -0.000000879958  0.000002884640  0.000002880199
   76    Si     8.82538   3.39437   0.67888  -0.000008153982  0.000008153982 -0.000008157474
   77    Si    10.18313   2.03662   2.03662   0.000000000000  0.000000000000 -0.000000000000
   78    Si    10.18313   4.75213   4.75213   0.000000879958 -0.000002884640 -0.000002880199
   79    Si     7.46762   2.03662   4.75213   0.000002884640 -0.000000879958 -0.000002880199
   80    Si     7.46762   4.75213   2.03662   0.000002866729 -0.000002866729 -0.000000874881
   81    Si     6.10987   0.67888   6.10987   0.000000000000 -0.000007115123 -0.000000000000
   82    Si     8.82538   0.67888   8.82538  -0.000008999707 -0.000008999707 -0.000008981272
   83    Si     6.10987   3.39437   8.82538   0.000000879958  0.000002884640 -0.000002880199
   84    Si     8.82538   3.39437   6.10987  -0.000002866729  0.000002866729  0.000000874881
   85    Si    10.18313   2.03662   7.46762   0.000000000000 -0.000000000000  0.000007121902
   86    Si    10.18313   4.75213  10.18313   0.000000000000 -0.000007115123  0.000000000000
   87    Si     7.46762   2.03662  10.18313   0.000007115123 -0.000000000000 -0.000000000000
   88    Si     7.46762   4.75213   7.46762   0.000008153982 -0.000008153982  0.000008157474
   89    Si     6.10987   0.67888  11.54087   0.000000879958 -0.000002884640  0.000002880199
   90    Si     8.82538   0.67888  14.25638  -0.000002866729 -0.000002866729 -0.000000874881
   91    Si     6.10987   3.39437  14.25638   0.000000000000  0.000007115123  0.000000000000
   92    Si     8.82538   3.39437  11.54087  -0.000008999707  0.000008999707  0.000008981272
   93    Si    10.18313   2.03662  12.89863   0.000000000000  0.000000000000 -0.000007121902
   94    Si    10.18313   4.75213  15.61412  -0.000000879958 -0.000002884640  0.000002880199
   95    Si     7.46762   2.03662  15.61412   0.000002884640  0.000000879958  0.000002880199
   96    Si     7.46762   4.75213  12.89863   0.000008999707 -0.000008999707 -0.000008981272
   97    Si     6.10987   6.10987   0.67888   0.000000000000 -0.000000000000 -0.000007121902
   98    Si     8.82538   6.10987   3.39437  -0.000002884640  0.000000879958  0.000002880199
   99    Si     6.10987   8.82538   3.39437   0.000000879958 -0.000002884640  0.000002880199
  100    Si     8.82538   8.82538   0.67888  -0.000008999707 -0.000008999707 -0.000008981272
  101    Si    10.18313   7.46762   2.03662   0.000000000000  0.000007115123 -0.000000000000
  102    Si    10.18313  10.18313   4.75213   0.000000000000  0.000000000000 -0.000007121902
  103    Si     7.46762   7.46762   4.75213   0.000008153982  0.000008153982 -0.000008157474
  104    Si     7.46762  10.18313   2.03662   0.000007115123  0.000000000000  0.000000000000
  105    Si     6.10987   6.10987   6.10987   0.000000000000 -0.000000000000 -0.000000000000
  106    Si     8.82538   6.10987   8.82538  -0.000002884640 -0.000000879958 -0.000002880199
  107    Si     6.10987   8.82538   8.82538  -0.000000879958 -0.000002884640 -0.000002880199
  108    Si     8.82538   8.82538   6.10987  -0.000002866729 -0.000002866729 -0.000000874881
  109    Si    10.18313   7.46762   7.46762   0.000000879958  0.000002884640  0.000002880199
  110    Si    10.18313  10.18313  10.18313   0.000000000000  0.000000000000 -0.000000000000
  111    Si     7.46762   7.46762  10.18313   0.000002866729  0.000002866729  0.000000874881
  112    Si     7.46762  10.18313   7.46762   0.000002884640  0.000000879958  0.000002880199
  113    Si     6.10987   6.10987  11.54087   0.000000000000 -0.000000000000  0.000007121902
  114    Si     8.82538   6.10987  14.25638  -0.000007115123 -0.000000000000  0.000000000000
  115    Si     6.10987   8.82538  14.25638   0.000000000000 -0.000007115123  0.000000000000
  116    Si     8.82538   8.82538  11.54087  -0.000008153982 -0.000008153982  0.000008157474
  117    Si    10.18313   7.46762  12.89863  -0.000000879958  0.000002884640 -0.000002880199
  118    Si    10.18313  10.18313  15.61412   0.000000000000 -0.000000000000  0.000007121902
  119    Si     7.46762   7.46762  15.61412   0.000008999707  0.000008999707  0.000008981272
  120    Si     7.46762  10.18313  12.89863   0.000002884640 -0.000000879958 -0.000002880199
  121    Si     6.10987  11.54087   0.67888   0.000000879958  0.000002884640 -0.000002880199
  122    Si     8.82538  11.54087   3.39437  -0.000008999707  0.000008999707  0.000008981272
  123    Si     6.10987  14.25638   3.39437   0.000000000000  0.000000000000  0.000007121902
  124    Si     8.82538  14.25638   0.67888  -0.000002884640 -0.000000879958 -0.000002880199
  125    Si    10.18313  12.89863   2.03662   0.000000000000 -0.000007115123  0.000000000000
  126    Si    10.18313  15.61412   4.75213  -0.000000879958  0.000002884640 -0.000002880199
  127    Si     7.46762  12.89863   4.75213   0.000008999707 -0.000008999707 -0.000008981272
  128    Si     7.46762  15.61412   2.03662   0.000002866729  0.000002866729  0.000000874881
  129    Si     6.10987  11.54087   6.10987   0.000000000000  0.000007115123 -0.000000000000
  130    Si     8.82538  11.54087   8.82538  -0.000008153982  0.000008153982 -0.000008157474
  131    Si     6.10987  14.25638   8.82538   0.000000000000  0.000000000000 -0.000007121902
  132    Si     8.82538  14.25638   6.10987  -0.000007115123  0.000000000000 -0.000000000000
  133    Si    10.18313  12.89863   7.46762  -0.000000879958 -0.000002884640  0.000002880199
  134    Si    10.18313  15.61412  10.18313   0.000000000000  0.000007115123 -0.000000000000
  135    Si     7.46762  12.89863  10.18313   0.000002866729 -0.000002866729 -0.000000874881
  136    Si     7.46762  15.61412   7.46762   0.000008999707  0.000008999707  0.000008981272
  137    Si     6.10987  11.54087  11.54087  -0.000000879958  0.000002884640  0.000002880199
  138    Si     8.82538  11.54087  14.25638  -0.000002866729  0.000002866729  0.000000874881
  139    Si     6.10987  14.25638  14.25638   0.000000000000  0.000000000000  0.000000000000
  140    Si     8.82538  14.25638  11.54087  -0.000002884640  0.000000879958  0.000002880199
  141    Si    10.18313  12.89863  12.89863   0.000000879958 -0.000002884640 -0.000002880199
  142    Si    10.18313  15.61412  15.61412   0.000000879958  0.000002884640  0.000002880199
  143    Si     7.46762  12.89863  15.61412   0.000008153982 -0.000008153982  0.000008157474
  144    Si     7.46762  15.61412  12.89863   0.000008153982  0.000008153982 -0.000008157474
  145    Si    11.54087   0.67888   0.67888   0.000008153982 -0.000008153982 -0.000008157474
  146    Si    14.25638   0.67888   3.39437   0.000000879958 -0.000002884640  0.000002880199
  147    Si    11.54087   3.39437   3.39437   0.000008153982  0.000008153982  0.000008157474
  148    Si    14.25638   3.39437   0.67888   0.000000879958  0.000002884640 -0.000002880199
  149    Si    15.61412   2.03662   2.03662   0.000007115123 -0.000000000000 -0.000000000000
  150    Si    15.61412   4.75213   4.75213   0.000008999707 -0.000008999707 -0.000008981272
  151    Si    12.89863   2.03662   4.75213  -0.000002884640  0.000000879958 -0.000002880199
  152    Si    12.89863   4.75213   2.03662  -0.000002866729 -0.000002866729  0.000000874881
  153    Si    11.54087   0.67888   6.10987   0.000002866729 -0.000002866729  0.000000874881
  154    Si    14.25638   0.67888   8.82538  -0.000000879958 -0.000002884640 -0.000002880199
  155    Si    11.54087   3.39437   8.82538   0.000008999707  0.000008999707 -0.000008981272
  156    Si    14.25638   3.39437   6.10987   0.000000000000  0.000007115123 -0.000000000000
  157    Si    15.61412   2.03662   7.46762   0.000002884640  0.000000879958  0.000002880199
  158    Si    15.61412   4.75213  10.18313   0.000002866729 -0.000002866729 -0.000000874881
  159    Si    12.89863   2.03662  10.18313  -0.000007115123 -0.000000000000  0.000000000000
  160    Si    12.89863   4.75213   7.46762  -0.000008999707 -0.000008999707  0.000008981272
  161    Si    11.54087   0.67888  11.54087   0.000008999707 -0.000008999707  0.000008981272
  162    Si    14.25638   0.67888  14.25638   0.000000000000 -0.000007115123  0.000000000000
  163    Si    11.54087   3.39437  14.25638   0.000002866729  0.000002866729 -0.000000874881
  164    Si    14.25638   3.39437  11.54087  -0.000000879958  0.000002884640  0.000002880199
  165    Si    15.61412   2.03662  12.89863   0.000002884640 -0.000000879958 -0.000002880199
  166    Si    15.61412   4.75213  15.61412   0.000008153982 -0.000008153982  0.000008157474
  167    Si    12.89863   2.03662  15.61412  -0.000002884640 -0.000000879958  0.000002880199
  168    Si    12.89863   4.75213  12.89863  -0.000008153982 -0.000008153982 -0.000008157474
  169    Si    11.54087   6.10987   0.67888   0.000002884640  0.000000879958 -0.000002880199
  170    Si    14.25638   6.10987   3.39437   0.000000000000 -0.000000000000  0.000007121902
  171    Si    11.54087   8.82538   3.39437   0.000008999707 -0.000008999707  0.000008981272
  172    Si    14.25638   8.82538   0.67888  -0.000000879958 -0.000002884640 -0.000002880199
  173    Si    15.61412   7.46762   2.03662   0.000002866729  0.000002866729  0.000000874881
  174    Si    15.61412  10.18313   4.75213   0.000002884640 -0.000000879958 -0.000002880199
  175    Si    12.89863   7.46762   4.75213  -0.000008999707  0.000008999707 -0.000008981272
  176    Si    12.89863  10.18313   2.03662  -0.000007115123 -0.000000000000 -0.000000000000
  177    Si    11.54087   6.10987   6.10987   0.000007115123 -0.000000000000 -0.000000000000
  178    Si    14.25638   6.10987   8.82538   0.000000000000 -0.000000000000 -0.000007121902
  179    Si    11.54087   8.82538   8.82538   0.000008153982 -0.000008153982 -0.000008157474
  180    Si    14.25638   8.82538   6.10987   0.000000000000 -0.000007115123 -0.000000000000
  181    Si    15.61412   7.46762   7.46762   0.000008999707  0.000008999707  0.000008981272
  182    Si    15.61412  10.18313  10.18313   0.000007115123  0.000000000000 -0.000000000000
  183    Si    12.89863   7.46762  10.18313  -0.000002866729  0.000002866729 -0.000000874881
  184    Si    12.89863  10.18313   7.46762  -0.000002884640 -0.000000879958  0.000002880199
  185    Si    11.54087   6.10987  11.54087   0.000002884640 -0.000000879958  0.000002880199
  186    Si    14.25638   6.10987  14.25638   0.000000000000 -0.000000000000  0.000000000000
  187    Si    11.54087   8.82538  14.25638   0.000002866729 -0.000002866729  0.000000874881
  188    Si    14.25638   8.82538  11.54087   0.000000879958 -0.000002884640  0.000002880199
  189    Si    15.61412   7.46762  12.89863   0.000008153982  0.000008153982 -0.000008157474
  190    Si    15.61412  10.18313  15.61412   0.000002884640  0.000000879958  0.000002880199
  191    Si    12.89863   7.46762  15.61412  -0.000008153982  0.000008153982  0.000008157474
  192    Si    12.89863  10.18313  12.89863  -0.000002884640  0.000000879958 -0.000002880199
  193    Si    11.54087  11.54087   0.67888   0.000008999707  0.000008999707 -0.000008981272
  194    Si    14.25638  11.54087   3.39437  -0.000000879958  0.000002884640  0.000002880199
  195    Si    11.54087  14.25638   3.39437   0.000002884640 -0.000000879958  0.000002880199
  196    Si    14.25638  14.25638   0.67888   0.000000000000  0.000000000000 -0.000007121902
  197    Si    15.61412  12.89863   2.03662   0.000002866729 -0.000002866729 -0.000000874881
  198    Si    15.61412  15.61412   4.75213   0.000008153982  0.000008153982 -0.000008157474
  199    Si    12.89863  12.89863   4.75213  -0.000008153982 -0.000008153982 -0.000008157474
  200    Si    12.89863  15.61412   2.03662  -0.000002866729  0.000002866729 -0.000000874881
  201    Si    11.54087  11.54087   6.10987   0.000002866729  0.000002866729 -0.000000874881
  202    Si    14.25638  11.54087   8.82538   0.000000879958  0.000002884640 -0.000002880199
  203    Si    11.54087  14.25638   8.82538   0.000002884640  0.000000879958 -0.000002880199
  204    Si    14.25638  14.25638   6.10987   0.000000000000  0.000000000000 -0.000000000000
  205    Si    15.61412  12.89863   7.46762   0.000008153982 -0.000008153982  0.000008157474
  206    Si    15.61412  15.61412  10.18313   0.000002866729  0.000002866729  0.000000874881
  207    Si    12.89863  12.89863  10.18313  -0.000002866729 -0.000002866729  0.000000874881
  208    Si    12.89863  15.61412   7.46762  -0.000008153982  0.000008153982  0.000008157474
  209    Si    11.54087  11.54087  11.54087   0.000008153982  0.000008153982  0.000008157474
  210    Si    14.25638  11.54087  14.25638   0.000000000000  0.000007115123  0.000000000000
  211    Si    11.54087  14.25638  14.25638   0.000007115123  0.000000000000  0.000000000000
  212    Si    14.25638  14.25638  11.54087   0.000000000000  0.000000000000  0.000007121902
  213    Si    15.61412  12.89863  12.89863   0.000008999707 -0.000008999707 -0.000008981272
  214    Si    15.61412  15.61412  15.61412   0.000008999707  0.000008999707  0.000008981272
  215    Si    12.89863  12.89863  15.61412  -0.000008999707 -0.000008999707  0.000008981272
  216    Si    12.89863  15.61412  12.89863  -0.000008999707  0.000008999707 -0.000008981272
coordinates.forces>

***********************************************************
***********************************************************
       Fractional coordinates of the final structure       
***********************************************************
***********************************************************

     1     Si     0.04166667000000   0.04166667000000   0.04166667000000
     2     Si     0.20833333000000   0.04166667000000   0.20833333000000
     3     Si     0.04166667000000   0.20833333000000   0.20833333000000
     4     Si     0.20833333000000   0.20833333000000   0.04166667000000
     5     Si     0.29166667000000   0.12500000000000   0.12500000000000
     6     Si     0.29166667000000   0.29166667000000   0.29166667000000
     7     Si     0.12500000000000   0.12500000000000   0.29166667000000
     8     Si     0.12500000000000   0.29166667000000   0.12500000000000
     9     Si     0.04166667000000   0.04166667000000   0.37500000000000
    10     Si     0.20833333000000   0.04166667000000   0.54166667000000
    11     Si     0.04166667000000   0.20833333000000   0.54166667000000
    12     Si     0.20833333000000   0.20833333000000   0.37500000000000
    13     Si     0.29166667000000   0.12500000000000   0.45833333000000
    14     Si     0.29166667000000   0.29166667000000   0.62500000000000
    15     Si     0.12500000000000   0.12500000000000   0.62500000000000
    16     Si     0.12500000000000   0.29166667000000   0.45833333000000
    17     Si     0.04166667000000   0.04166667000000   0.70833333000000
    18     Si     0.20833333000000   0.04166667000000   0.87500000000000
    19     Si     0.04166667000000   0.20833333000000   0.87500000000000
    20     Si     0.20833333000000   0.20833333000000   0.70833333000000
    21     Si     0.29166667000000   0.12500000000000   0.79166667000000
    22     Si     0.29166667000000   0.29166667000000   0.95833333000000
    23     Si     0.12500000000000   0.12500000000000   0.95833333000000
    24     Si     0.12500000000000   0.29166667000000   0.79166667000000
    25     Si     0.04166667000000   0.37500000000000   0.04166667000000
    26     Si     0.20833333000000   0.37500000000000   0.20833333000000
    27     Si     0.04166667000000   0.54166667000000   0.20833333000000
    28     Si     0.20833333000000   0.54166667000000   0.04166667000000
    29     Si     0.29166667000000   0.45833333000000   0.12500000000000
    30     Si     0.29166667000000   0.62500000000000   0.29166667000000
    31     Si     0.12500000000000   0.45833333000000   0.29166667000000
    32     Si     0.12500000000000   0.62500000000000   0.12500000000000
    33     Si     0.04166667000000   0.37500000000000   0.37500000000000
    34     Si     0.20833333000000   0.37500000000000   0.54166667000000
    35     Si     0.04166667000000   0.54166667000000   0.54166667000000
    36     Si     0.20833333000000   0.54166667000000   0.37500000000000
    37     Si     0.29166667000000   0.45833333000000   0.45833333000000
    38     Si     0.29166667000000   0.62500000000000   0.62500000000000
    39     Si     0.12500000000000   0.45833333000000   0.62500000000000
    40     Si     0.12500000000000   0.62500000000000   0.45833333000000
    41     Si     0.04166667000000   0.37500000000000   0.70833333000000
    42     Si     0.20833333000000   0.37500000000000   0.87500000000000
    43     Si     0.04166667000000   0.54166667000000   0.87500000000000
    44     Si     0.20833333000000   0.54166667000000   0.70833333000000
    45     Si     0.29166667000000   0.45833333000000   0.79166667000000
    46     Si     0.29166667000000   0.62500000000000   0.95833333000000
    47     Si     0.12500000000000   0.45833333000000   0.95833333000000
    48     Si     0.12500000000000   0.62500000000000   0.79166667000000
    49     Si     0.04166667000000   0.70833333000000   0.04166667000000
    50     Si     0.20833333000000   0.70833333000000   0.20833333000000
    51     Si     0.04166667000000   0.87500000000000   0.20833333000000
    52     Si     0.20833333000000   0.87500000000000   0.04166667000000
    53     Si     0.29166667000000   0.79166667000000   0.12500000000000
    54     Si     0.29166667000000   0.95833333000000   0.29166667000000
    55     Si     0.12500000000000   0.79166667000000   0.29166667000000
    56     Si     0.12500000000000   0.95833333000000   0.12500000000000
    57     Si     0.04166667000000   0.70833333000000   0.37500000000000
    58     Si     0.20833333000000   0.70833333000000   0.54166667000000
    59     Si     0.04166667000000   0.87500000000000   0.54166667000000
    60     Si     0.20833333000000   0.87500000000000   0.37500000000000
    61     Si     0.29166667000000   0.79166667000000   0.45833333000000
    62     Si     0.29166667000000   0.95833333000000   0.62500000000000
    63     Si     0.12500000000000   0.79166667000000   0.62500000000000
    64     Si     0.12500000000000   0.95833333000000   0.45833333000000
    65     Si     0.04166667000000   0.70833333000000   0.70833333000000
    66     Si     0.20833333000000   0.70833333000000   0.87500000000000
    67     Si     0.04166667000000   0.87500000000000   0.87500000000000
    68     Si     0.20833333000000   0.87500000000000   0.70833333000000
    69     Si     0.29166667000000   0.79166667000000   0.79166667000000
    70     Si     0.29166667000000   0.95833333000000   0.95833333000000
    71     Si     0.12500000000000   0.79166667000000   0.95833333000000
    72     Si     0.12500000000000   0.95833333000000   0.79166667000000
    73     Si     0.37500000000000   0.04166667000000   0.04166667000000
    74     Si     0.54166667000000   0.04166667000000   0.20833333000000
    75     Si     0.37500000000000   0.20833333000000   0.20833333000000
    76     Si     0.54166667000000   0.20833333000000   0.04166667000000
    77     Si     0.62500000000000   0.12500000000000   0.12500000000000
    78     Si     0.62500000000000   0.29166667000000   0.29166667000000
    79     Si     0.45833333000000   0.12500000000000   0.29166667000000
    80     Si     0.45833333000000   0.29166667000000   0.12500000000000
    81     Si     0.37500000000000   0.04166667000000   0.37500000000000
    82     Si     0.54166667000000   0.04166667000000   0.54166667000000
    83     Si     0.37500000000000   0.20833333000000   0.54166667000000
    84     Si     0.54166667000000   0.20833333000000   0.37500000000000
    85     Si     0.62500000000000   0.12500000000000   0.45833333000000
    86     Si     0.62500000000000   0.29166667000000   0.62500000000000
    87     Si     0.45833333000000   0.12500000000000   0.62500000000000
    88     Si     0.45833333000000   0.29166667000000   0.45833333000000
    89     Si     0.37500000000000   0.04166667000000   0.70833333000000
    90     Si     0.54166667000000   0.04166667000000   0.87500000000000
    91     Si     0.37500000000000   0.20833333000000   0.87500000000000
    92     Si     0.54166667000000   0.20833333000000   0.70833333000000
    93     Si     0.62500000000000   0.12500000000000   0.79166667000000
    94     Si     0.62500000000000   0.29166667000000   0.95833333000000
    95     Si     0.45833333000000   0.12500000000000   0.95833333000000
    96     Si     0.45833333000000   0.29166667000000   0.79166667000000
    97     Si     0.37500000000000   0.37500000000000   0.04166667000000
    98     Si     0.54166667000000   0.37500000000000   0.20833333000000
    99     Si     0.37500000000000   0.54166667000000   0.20833333000000
   100     Si     0.54166667000000   0.54166667000000   0.04166667000000
   101     Si     0.62500000000000   0.45833333000000   0.12500000000000
   102     Si     0.62500000000000   0.62500000000000   0.29166667000000
   103     Si     0.45833333000000   0.45833333000000   0.29166667000000
   104     Si     0.45833333000000   0.62500000000000   0.12500000000000
   105     Si     0.37500000000000   0.37500000000000   0.37500000000000
   106     Si     0.54166667000000   0.37500000000000   0.54166667000000
   107     Si     0.37500000000000   0.54166667000000   0.54166667000000
   108     Si     0.54166667000000   0.54166667000000   0.37500000000000
   109     Si     0.62500000000000   0.45833333000000   0.45833333000000
   110     Si     0.62500000000000   0.62500000000000   0.62500000000000
   111     Si     0.45833333000000   0.45833333000000   0.62500000000000
   112     Si     0.45833333000000   0.62500000000000   0.45833333000000
   113     Si     0.37500000000000   0.37500000000000   0.70833333000000
   114     Si     0.54166667000000   0.37500000000000   0.87500000000000
   115     Si     0.37500000000000   0.54166667000000   0.87500000000000
   116     Si     0.54166667000000   0.54166667000000   0.70833333000000
   117     Si     0.62500000000000   0.45833333000000   0.79166667000000
   118     Si     0.62500000000000   0.62500000000000   0.95833333000000
   119     Si     0.45833333000000   0.45833333000000   0.95833333000000
   120     Si     0.45833333000000   0.62500000000000   0.79166667000000
   121     Si     0.37500000000000   0.70833333000000   0.04166667000000
   122     Si     0.54166667000000   0.70833333000000   0.20833333000000
   123     Si     0.37500000000000   0.87500000000000   0.20833333000000
   124     Si     0.54166667000000   0.87500000000000   0.04166667000000
   125     Si     0.62500000000000   0.79166667000000   0.12500000000000
   126     Si     0.62500000000000   0.95833333000000   0.29166667000000
   127     Si     0.45833333000000   0.79166667000000   0.29166667000000
   128     Si     0.45833333000000   0.95833333000000   0.12500000000000
   129     Si     0.37500000000000   0.70833333000000   0.37500000000000
   130     Si     0.54166667000000   0.70833333000000   0.54166667000000
   131     Si     0.37500000000000   0.87500000000000   0.54166667000000
   132     Si     0.54166667000000   0.87500000000000   0.37500000000000
   133     Si     0.62500000000000   0.79166667000000   0.45833333000000
   134     Si     0.62500000000000   0.95833333000000   0.62500000000000
   135     Si     0.45833333000000   0.79166667000000   0.62500000000000
   136     Si     0.45833333000000   0.95833333000000   0.45833333000000
   137     Si     0.37500000000000   0.70833333000000   0.70833333000000
   138     Si     0.54166667000000   0.70833333000000   0.87500000000000
   139     Si     0.37500000000000   0.87500000000000   0.87500000000000
   140     Si     0.54166667000000   0.87500000000000   0.70833333000000
   141     Si     0.62500000000000   0.79166667000000   0.79166667000000
   142     Si     0.62500000000000   0.95833333000000   0.95833333000000
   143     Si     0.45833333000000   0.79166667000000   0.95833333000000
   144     Si     0.45833333000000   0.95833333000000   0.79166667000000
   145     Si     0.70833333000000   0.04166667000000   0.04166667000000
   146     Si     0.87500000000000   0.04166667000000   0.20833333000000
   147     Si     0.70833333000000   0.20833333000000   0.20833333000000
   148     Si     0.87500000000000   0.20833333000000   0.04166667000000
   149     Si     0.95833333000000   0.12500000000000   0.12500000000000
   150     Si     0.95833333000000   0.29166667000000   0.29166667000000
   151     Si     0.79166667000000   0.12500000000000   0.29166667000000
   152     Si     0.79166667000000   0.29166667000000   0.12500000000000
   153     Si     0.70833333000000   0.04166667000000   0.37500000000000
   154     Si     0.87500000000000   0.04166667000000   0.54166667000000
   155     Si     0.70833333000000   0.20833333000000   0.54166667000000
   156     Si     0.87500000000000   0.20833333000000   0.37500000000000
   157     Si     0.95833333000000   0.12500000000000   0.45833333000000
   158     Si     0.95833333000000   0.29166667000000   0.62500000000000
   159     Si     0.79166667000000   0.12500000000000   0.62500000000000
   160     Si     0.79166667000000   0.29166667000000   0.45833333000000
   161     Si     0.70833333000000   0.04166667000000   0.70833333000000
   162     Si     0.87500000000000   0.04166667000000   0.87500000000000
   163     Si     0.70833333000000   0.20833333000000   0.87500000000000
   164     Si     0.87500000000000   0.20833333000000   0.70833333000000
   165     Si     0.95833333000000   0.12500000000000   0.79166667000000
   166     Si     0.95833333000000   0.29166667000000   0.95833333000000
   167     Si     0.79166667000000   0.12500000000000   0.95833333000000
   168     Si     0.79166667000000   0.29166667000000   0.79166667000000
   169     Si     0.70833333000000   0.37500000000000   0.04166667000000
   170     Si     0.87500000000000   0.37500000000000   0.20833333000000
   171     Si     0.70833333000000   0.54166667000000   0.20833333000000
   172     Si     0.87500000000000   0.54166667000000   0.04166667000000
   173     Si     0.95833333000000   0.45833333000000   0.12500000000000
   174     Si     0.95833333000000   0.62500000000000   0.29166667000000
   175     Si     0.79166667000000   0.45833333000000   0.29166667000000
   176     Si     0.79166667000000   0.62500000000000   0.12500000000000
   177     Si     0.70833333000000   0.37500000000000   0.37500000000000
   178     Si     0.87500000000000   0.37500000000000   0.54166667000000
   179     Si     0.70833333000000   0.54166667000000   0.54166667000000
   180     Si     0.87500000000000   0.54166667000000   0.37500000000000
   181     Si     0.95833333000000   0.45833333000000   0.45833333000000
   182     Si     0.95833333000000   0.62500000000000   0.62500000000000
   183     Si     0.79166667000000   0.45833333000000   0.62500000000000
   184     Si     0.79166667000000   0.62500000000000   0.45833333000000
   185     Si     0.70833333000000   0.37500000000000   0.70833333000000
   186     Si     0.87500000000000   0.37500000000000   0.87500000000000
   187     Si     0.70833333000000   0.54166667000000   0.87500000000000
   188     Si     0.87500000000000   0.54166667000000   0.70833333000000
   189     Si     0.95833333000000   0.45833333000000   0.79166667000000
   190     Si     0.95833333000000   0.62500000000000   0.95833333000000
   191     Si     0.79166667000000   0.45833333000000   0.95833333000000
   192     Si     0.79166667000000   0.62500000000000   0.79166667000000
   193     Si     0.70833333000000   0.70833333000000   0.04166667000000
   194     Si     0.87500000000000   0.70833333000000   0.20833333000000
   195     Si     0.70833333000000   0.87500000000000   0.20833333000000
   196     Si     0.87500000000000   0.87500000000000   0.04166667000000
   197     Si     0.95833333000000   0.79166667000000   0.12500000000000
   198     Si     0.95833333000000   0.95833333000000   0.29166667000000
   199     Si     0.79166667000000   0.79166667000000   0.29166667000000
   200     Si     0.79166667000000   0.95833333000000   0.12500000000000
   201     Si     0.70833333000000   0.70833333000000   0.37500000000000
   202     Si     0.87500000000000   0.70833333000000   0.54166667000000
   203     Si     0.70833333000000   0.87500000000000   0.54166667000000
   204     Si     0.87500000000000   0.87500000000000   0.37500000000000
   205     Si     0.95833333000000   0.79166667000000   0.45833333000000
   206     Si     0.95833333000000   0.95833333000000   0.62500000000000
   207     Si     0.79166667000000   0.79166667000000   0.62500000000000
   208     Si     0.79166667000000   0.95833333000000   0.45833333000000
   209     Si     0.70833333000000   0.70833333000000   0.70833333000000
   210     Si     0.87500000000000   0.70833333000000   0.87500000000000
   211     Si     0.70833333000000   0.87500000000000   0.87500000000000
   212     Si     0.87500000000000   0.87500000000000   0.70833333000000
   213     Si     0.95833333000000   0.79166667000000   0.79166667000000
   214     Si     0.95833333000000   0.95833333000000   0.95833333000000
   215     Si     0.79166667000000   0.79166667000000   0.95833333000000
   216     Si     0.79166667000000   0.95833333000000   0.79166667000000

***********************************************************
***********************************************************
               Computational Time (second)                 
***********************************************************
***********************************************************

   Elapsed.Time.       257.916

                               Min_ID   Min_Time       Max_ID   Max_Time
   Total Computational Time =     7      256.569          0      257.916
   readfile                 =    21        3.088          2        3.102
   truncation               =     8        8.506         15        8.546
   MD_pac                   =     0        0.009          2        0.011
   OutData                  =    31        9.742          0       11.088
   HWF                      =     0        0.000          0        0.000
   DFT                      =    15      235.130          8      235.169

*** In DFT ***

   Set_OLP_Kin              =    44        0.407          4        0.629
   Set_Nonlocal             =     4        0.286         44        0.507
   Set_ProExpn_VNA          =     8        3.878          4        4.121
   Set_Hamiltonian          =    15       23.987          1       23.987
   Poisson                  =    27        0.149         17        0.149
   Diagonalization          =    24      158.570          2      158.989
   Mixing_DM                =    28        1.560         13        1.560
   Force                    =    30        5.192         18        5.192
   Total_Energy             =    20        0.251          0        0.252
   Set_Aden_Grid            =     9        0.202         26        0.247
   Set_Orbitals_Grid        =     9        0.612         15        0.689
   Set_Density_Grid         =    12       31.946         46       31.992
   RestartFileDFT           =     7        0.204         13        0.233
   Mulliken_Charge          =    35        0.669          0        0.669
   FFT(2D)_Density          =    20        0.358         35        0.358
   Others                   =     2        5.918         12        6.584
