***********************************************************
***********************************************************

  This calculation was performed by OpenMX Ver. 4.0
  using 28 MPI processes and 1 OpenMP threads.

  Sun Apr  5 00:04:37 2026

***********************************************************
***********************************************************

#
#  graphene fragment with dangling bonds
#
  
#
#      File Name      
#

System.CurrrentDirectory         ./    # default=./
System.Name                     GFRAG
level.of.stdout                   1    # default=1 (1-3)
level.of.fileout                  0    # default=1 (0-2)

#
# Definition of Atomic Species
#

Species.Number       1
<Definition.of.Atomic.Species
 C   C6.0-s2p2d1   C_PBE19
Definition.of.Atomic.Species>

#
# Atoms
#

Atoms.Number        54
Atoms.SpeciesAndCoordinates.Unit   Ang # Ang|AU
<Atoms.SpeciesAndCoordinates           # Unit=Ang.
   1    C   -5.07145226522256   -4.92127972753753    0.00000576602806     2.10000     1.90000
   2    C   -3.66523621932928   -4.93663730027291    0.00001372677209     2.10000     1.90000
   3    C   -0.69392774464340   -4.93461507272905    0.00000637865725     2.10000     1.90000
   4    C    0.69354141268443   -4.93464485137733    0.00001444252461     2.10000     1.90000
   5    C    3.66478133156000   -4.93664520369497   -0.00000193163854     2.10000     1.90000
   6    C    5.07106135993404   -4.92134350531849   -0.00000234737041     2.10000     1.90000
   7    C   -5.76360884403473   -3.71451357651145    0.00000782600392     2.10000     1.90000
   8    C   -2.90987584065691   -3.73854731906668    0.00000240654235     2.10000     1.90000
   9    C   -1.44527042577302   -3.73396269802586   -0.00000145489061     2.10000     1.90000
  10    C    1.44484285926647   -3.73396238599787    0.00000209696003     2.10000     1.90000
  11    C    2.90941969750591   -3.73851017690183    0.00000433735480     2.10000     1.90000
  12    C    5.76317445997731   -3.71452707309344   -0.00000232921748     2.10000     1.90000
  13    C   -5.05717552449516   -2.47310277179303    0.00000056584455     2.10000     1.90000
  14    C   -3.60775853951407   -2.48603004459426   -0.00000289826709     2.10000     1.90000
  15    C   -0.72275302521262   -2.49284941282195    0.00001521923825     2.10000     1.90000
  16    C    0.72226614301775   -2.49287831644461    0.00000724909858     2.10000     1.90000
  17    C    3.60734424704158   -2.48599950421575    0.00001069084697     2.10000     1.90000
  18    C    5.05671092029486   -2.47318326215105   -0.00000687780229     2.10000     1.90000
  19    C   -5.73912627394630   -1.23397832031477   -0.00000401768223     2.10000     1.90000
  20    C   -2.88347618045556   -1.24133346752800    0.00000485721656     2.10000     1.90000
  21    C   -1.44233071251967   -1.24113797743099    0.00001481655683     2.10000     1.90000
  22    C    1.44190478545442   -1.24115459401587   -0.00000405806144     2.10000     1.90000
  23    C    2.88307576996321   -1.24129861642639   -0.00000326793772     2.10000     1.90000
  24    C    5.73877825975750   -1.23398922271569   -0.00002576918619     2.10000     1.90000
  25    C   -5.04801341931888   -0.00000637924834   -0.00001295116836     2.10000     1.90000
  26    C   -3.59452713620389   -0.00000025827918   -0.00002823744419     2.10000     1.90000
  27    C   -0.72477026781030   -0.00000161250312    0.00000168480945     2.10000     1.90000
  28    C    0.72429643328136   -0.00000416992727    0.00000492191626     2.10000     1.90000
  29    C    3.59412460597995    0.00000691017022   -0.00001485113503     2.10000     1.90000
  30    C    5.04752118715326    0.00000608676544   -0.00001592614679     2.10000     1.90000
  31    C   -5.73913129966127    1.23398232443110    0.00000373176802     2.10000     1.90000
  32    C   -2.88345912943748    1.24132440391418   -0.00000250775620     2.10000     1.90000
  33    C   -1.44231611743002    1.24113731248514   -0.00000086668908     2.10000     1.90000
  34    C    1.44190533063876    1.24114287947962   -0.00000881394895     2.10000     1.90000
  35    C    2.88308018072221    1.24130657175966   -0.00001293924093     2.10000     1.90000
  36    C    5.73877176928407    1.23399635811494   -0.00003618751598     2.10000     1.90000
  37    C   -5.05716137304537    2.47310930034711   -0.00000066268674     2.10000     1.90000
  38    C   -3.60775371413164    2.48602064890619    0.00000920141198     2.10000     1.90000
  39    C   -0.72275191695537    2.49285382294718   -0.00000525162367     2.10000     1.90000
  40    C    0.72226756562813    2.49287222030019    0.00000114121104     2.10000     1.90000
  41    C    3.60734750596937    2.48600679208922   -0.00001356132762     2.10000     1.90000
  42    C    5.05671205251502    2.47319377593004   -0.00001680466690     2.10000     1.90000
  43    C   -5.76361165571024    3.71450609824880   -0.00001209716415     2.10000     1.90000
  44    C   -2.90989281298144    3.73854244861901    0.00000469925973     2.10000     1.90000
  45    C   -1.44528080467448    3.73397254044508   -0.00000996678443     2.10000     1.90000
  46    C    1.44483721111405    3.73396407139176    0.00000402521517     2.10000     1.90000
  47    C    2.90940822255564    3.73849941308094   -0.00001537484806     2.10000     1.90000
  48    C    5.76317428045683    3.71453902088715    0.00000908310627     2.10000     1.90000
  49    C   -5.07146233629536    4.92128448222124   -0.00000177845770     2.10000     1.90000
  50    C   -3.66524725692705    4.93662015058160   -0.00000535272107     2.10000     1.90000
  51    C   -0.69392004514494    4.93462314141551   -0.00001167354594     2.10000     1.90000
  52    C    0.69354983912712    4.93463690722943   -0.00001711178227     2.10000     1.90000
  53    C    3.66477775277634    4.93662596357426   -0.00001220123762     2.10000     1.90000
  54    C    5.07106604983130    4.92135429205163   -0.00000647995027     2.10000     1.90000 
Atoms.SpeciesAndCoordinates>
Atoms.UnitVectors.Unit             Ang #  Ang|AU
<Atoms.UnitVectors                     # unit=Ang.
24.00000000000000  0.00000000000000  0.00000000000000
 0.00000000000000 24.00000000000000  0.00000000000000
 0.00000000000000  0.00000000000000 12.00000000000000
Atoms.UnitVectors>

#
# SCF or Electronic System
#

scf.XcType                 GGA-PBE     # LDA|LSDA-CA|LSDA-PW|GGA-PBE
scf.SpinPolarization       off         # On|Off|NC
scf.ElectronicTemperature  900.0       # default=300 (K)
scf.energycutoff           150.0       # default=150 (Ry)
scf.maxIter                300         # default=40
scf.EigenvalueSolver      Cluster      # DC|GDC|Cluster|Band
scf.Kgrid                 1 1 1        # means 4x4x4
scf.Mixing.Type           rmm-diisk    # Simple|Rmm-Diis|Gr-Pulay|Kerker|Rmm-Diisk
scf.Init.Mixing.Weight     0.020       # default=0.30 
scf.Min.Mixing.Weight      0.020       # default=0.001 
scf.Max.Mixing.Weight      0.100       # default=0.40 
scf.Mixing.History          40         # default=5
scf.Mixing.StartPulay       20         # default=6
scf.Kerker.factor           4.0       # default=1.0
scf.criterion             1.0e-10      # default=1.0e-6 (Hartree) 

#
# MD or Geometry Optimization
#
MD.Type                     nomd       # Opt|DIIS|BFGS|RF|EF
MD.Opt.DIIS.History          3         # default=3
MD.Opt.StartDIIS             5         # default=5
MD.Opt.EveryDIIS            200        # default=200
MD.maxIter                  1          # default=1
MD.Opt.criterion          1.0e-4       # default=0.0003 (Hartree/bohr)


***********************************************************
***********************************************************

  Required cutoff energy (Ryd) for 3D-grids = 150.0000
      Used cutoff energy (Ryd) for 3D-grids = 146.9453, 146.9453, 155.4621
  Num. of grids of a-, b-, and c-axes = 175, 175, 90

  Num.Grid1.   175
  Num.Grid2.   175
  Num.Grid3.    90


  Cell_Volume =  46644.477952463887 (Bohr^3)
  GridVol     =      0.016923166604 (Bohr^3)
  Cell vectors (bohr) of the grid cell (gtv)
    gtv_a =  0.259162421291,  0.000000000000,  0.000000000000
    gtv_b =  0.000000000000,  0.259162421291,  0.000000000000
    gtv_c =  0.000000000000,  0.000000000000,  0.251963465144
    |gtv_a| =  0.259162421291
    |gtv_b| =  0.259162421291
    |gtv_c| =  0.251963465144

***********************************************************
***********************************************************


***********************************************************
***********************************************************
                  SCF history at MD= 1                    
***********************************************************
***********************************************************

   SCF=   1  NormRD=  1.000000000000  Uele= -82.123759794287
   SCF=   2  NormRD=  4.639438553371  Uele= -82.123759794287
   SCF=   3  NormRD=  4.493712481010  Uele= -82.625816244737
   SCF=   4  NormRD=  3.856096009006  Uele= -85.136486533971
   SCF=   5  NormRD=  3.443537671983  Uele= -87.517949708795
   SCF=   6  NormRD=  3.021637801723  Uele= -89.418491953880
   SCF=   7  NormRD=  2.731560529470  Uele= -91.207403102683
   SCF=   8  NormRD=  2.419306464426  Uele= -92.597107052808
   SCF=   9  NormRD=  2.231469112258  Uele= -93.973715245808
   SCF=  10  NormRD=  2.009816495249  Uele= -94.980645245906
   SCF=  11  NormRD=  1.897251160151  Uele= -96.068081210762
   SCF=  12  NormRD=  1.736981904314  Uele= -96.787014535081
   SCF=  13  NormRD=  1.666351666414  Uele= -97.663476687438
   SCF=  14  NormRD=  1.534911823316  Uele= -98.170706953147
   SCF=  15  NormRD=  1.492461132855  Uele= -98.886148557056
   SCF=  16  NormRD=  1.386577221909  Uele= -99.241451751099
   SCF=  17  NormRD=  1.365917718729  Uele= -99.833588595498
   SCF=  18  NormRD=  1.286099403633  Uele= -100.077178971879
   SCF=  19  NormRD=  1.279581376258  Uele= -100.575483589331
   SCF=  20  NormRD=  1.231360505472  Uele= -100.734660630073
   SCF=  21  NormRD=  0.658225768259  Uele= -102.065880713945
   SCF=  22  NormRD=  1.566491080064  Uele= -103.830523225766
   SCF=  23  NormRD=  0.330810656294  Uele= -103.301462199136
   SCF=  24  NormRD=  0.463022521525  Uele= -103.685009501377
   SCF=  25  NormRD=  0.318362170159  Uele= -103.627498555118
   SCF=  26  NormRD=  0.474962170446  Uele= -103.663766609814
   SCF=  27  NormRD=  0.093905144647  Uele= -103.721618778134
   SCF=  28  NormRD=  0.331700486526  Uele= -103.887997248266
   SCF=  29  NormRD=  0.135400826837  Uele= -103.954700956375
   SCF=  30  NormRD=  0.102913692850  Uele= -103.978297110228
   SCF=  31  NormRD=  0.044491957572  Uele= -103.993087318188
   SCF=  32  NormRD=  0.025337928570  Uele= -104.011072643694
   SCF=  33  NormRD=  0.018183781790  Uele= -104.017242473905
   SCF=  34  NormRD=  0.010380792676  Uele= -104.024922038718
   SCF=  35  NormRD=  0.004381751461  Uele= -104.041287459693
   SCF=  36  NormRD=  0.005056156170  Uele= -104.041653524339
   SCF=  37  NormRD=  0.001398773466  Uele= -104.040126948983
   SCF=  38  NormRD=  0.001795197606  Uele= -104.041730182431
   SCF=  39  NormRD=  0.000864802480  Uele= -104.041444649495
   SCF=  40  NormRD=  0.000841340443  Uele= -104.041236281824
   SCF=  41  NormRD=  0.000426613437  Uele= -104.041156861492
   SCF=  42  NormRD=  0.000164861775  Uele= -104.041139141114
   SCF=  43  NormRD=  0.000084403094  Uele= -104.041133764331
   SCF=  44  NormRD=  0.000053032531  Uele= -104.041083719535
   SCF=  45  NormRD=  0.000015518054  Uele= -104.041077743137
   SCF=  46  NormRD=  0.000009728979  Uele= -104.041083654096
   SCF=  47  NormRD=  0.000005724410  Uele= -104.041080375382
   SCF=  48  NormRD=  0.000005448678  Uele= -104.041081825946
   SCF=  49  NormRD=  0.000001130240  Uele= -104.041079519263
   SCF=  50  NormRD=  0.000001260986  Uele= -104.041078516545
   SCF=  51  NormRD=  0.000001549768  Uele= -104.041078521034
   SCF=  52  NormRD=  0.000000653490  Uele= -104.041078354581
   SCF=  53  NormRD=  0.000000430635  Uele= -104.041078388641
   SCF=  54  NormRD=  0.000000172874  Uele= -104.041078350133
   SCF=  55  NormRD=  0.000000078991  Uele= -104.041078344211
   SCF=  56  NormRD=  0.000000031460  Uele= -104.041078352316
   SCF=  57  NormRD=  0.000000019814  Uele= -104.041078359893
   SCF=  58  NormRD=  0.000000008140  Uele= -104.041078365434
   SCF=  59  NormRD=  0.000000001573  Uele= -104.041078366564
   SCF=  60  NormRD=  0.000000001962  Uele= -104.041078366623

*******************************************************
        Total energy (Hartree) at MD = 1        
*******************************************************

  Uele.       -104.041078366623

  Ukin.        217.763580543267
  UH0.       -2106.995686975123
  UH1.           1.038253582593
  Una.        -151.168501023013
  Unl.         -26.344398994214
  Uxc0.        -51.013319441989
  Uxc1.        -51.013319441989
  Ucore.      1854.266978537325
  Uhub.          0.000000000000
  Ucs.           0.000000000000
  Uzs.           0.000000000000
  Uzo.           0.000000000000
  Uef.           0.000000000000
  UvdW.          0.000000000000
  Uch.           0.000000000000
  Utot.       -313.466413213144

  UpV.           0.000000000000
  Enpy.       -313.466413213144
  Note:

  Utot = Ukin+UH0+UH1+Una+Unl+Uxc0+Uxc1+Ucore+Uhub+Ucs+Uzs+Uzo+Uef+UvdW+Uch

  Uele:   band energy
  Ukin:   kinetic energy
  UH0:    electric part of screened Coulomb energy
  UH1:    difference electron-electron Coulomb energy
  Una:    neutral atom potential energy
  Unl:    non-local potential energy
  Uxc0:   exchange-correlation energy for alpha spin
  Uxc1:   exchange-correlation energy for beta spin
  Ucore:  core-core Coulomb energy
  Uhub:   LDA+U energy
  Ucs:    constraint energy for spin orientation
  Uzs:    Zeeman term for spin magnetic moment
  Uzo:    Zeeman term for orbital magnetic moment
  Uef:    electric energy by electric field
  UvdW:   semi-empirical vdW energy
  Uch:    penalty term to create a core hole

  UpV:    pressure times volume
  Enpy:   Enthalpy = Utot + UpV
  (see also PRB 72, 045121(2005) for the energy contributions)



  Chemical potential (Hartree)      -0.192136208480

***********************************************************
***********************************************************
            Eigenvalues (Hartree) for SCF KS-eq.           
***********************************************************
***********************************************************

   Chemical Potential (Hartree) =  -0.19213620847975
   Number of States             = 215.99999999999989
   HOMO = 109
   Eigenvalues
                Up-spin            Down-spin
          1  -0.87070067931780  -0.87070067931780
          2  -0.85658792955144  -0.85658792955144
          3  -0.84826151934023  -0.84826151934023
          4  -0.83641551808268  -0.83641551808268
          5  -0.83007166079635  -0.83007166079635
          6  -0.81235512651356  -0.81235512651356
          7  -0.81129864695694  -0.81129864695694
          8  -0.80263032270017  -0.80263032270017
          9  -0.79123894247770  -0.79123894247770
         10  -0.77723359493087  -0.77723359493087
         11  -0.77325271901383  -0.77325271901383
         12  -0.76465783133587  -0.76465783133587
         13  -0.75319687538916  -0.75319687538916
         14  -0.74810313573245  -0.74810313573245
         15  -0.73796720278909  -0.73796720278909
         16  -0.73026751558624  -0.73026751558624
         17  -0.72948847229218  -0.72948847229218
         18  -0.70778900955041  -0.70778900955041
         19  -0.70491765470958  -0.70491765470958
         20  -0.70197744755175  -0.70197744755175
         21  -0.69729928565170  -0.69729928565170
         22  -0.69655530148276  -0.69655530148276
         23  -0.68751028233423  -0.68751028233423
         24  -0.68701028284002  -0.68701028284002
         25  -0.66287937028194  -0.66287937028194
         26  -0.65451193573428  -0.65451193573428
         27  -0.62524107695570  -0.62524107695570
         28  -0.62192513879888  -0.62192513879888
         29  -0.61551078362381  -0.61551078362381
         30  -0.60986215525027  -0.60986215525027
         31  -0.60457438901033  -0.60457438901033
         32  -0.60367819736205  -0.60367819736205
         33  -0.59678470386097  -0.59678470386097
         34  -0.59661924715754  -0.59661924715754
         35  -0.58085930295691  -0.58085930295691
         36  -0.56202830787735  -0.56202830787735
         37  -0.55307182500683  -0.55307182500683
         38  -0.54793446100466  -0.54793446100466
         39  -0.54360460155898  -0.54360460155898
         40  -0.53749737762262  -0.53749737762262
         41  -0.53292603592451  -0.53292603592451
         42  -0.51800702885795  -0.51800702885795
         43  -0.51177110479071  -0.51177110479071
         44  -0.50872270987563  -0.50872270987563
         45  -0.48768193908172  -0.48768193908172
         46  -0.48678236824992  -0.48678236824992
         47  -0.48013196317590  -0.48013196317590
         48  -0.47071069832974  -0.47071069832974
         49  -0.47034952840654  -0.47034952840654
         50  -0.46792340704947  -0.46792340704947
         51  -0.46722616751741  -0.46722616751741
         52  -0.45471799686502  -0.45471799686502
         53  -0.44464352784243  -0.44464352784243
         54  -0.44184664578996  -0.44184664578996
         55  -0.43400016497688  -0.43400016497688
         56  -0.43290856737125  -0.43290856737125
         57  -0.42979729311086  -0.42979729311086
         58  -0.42707959678322  -0.42707959678322
         59  -0.41798724930015  -0.41798724930015
         60  -0.41565615874612  -0.41565615874612
         61  -0.41522314230431  -0.41522314230431
         62  -0.41334984196033  -0.41334984196033
         63  -0.41010238491963  -0.41010238491963
         64  -0.40488140139667  -0.40488140139667
         65  -0.40251351745830  -0.40251351745830
         66  -0.40022875296402  -0.40022875296402
         67  -0.39072935320658  -0.39072935320658
         68  -0.39010198515624  -0.39010198515624
         69  -0.38789214561740  -0.38789214561740
         70  -0.38684863611150  -0.38684863611150
         71  -0.38435554058276  -0.38435554058276
         72  -0.37344099602668  -0.37344099602668
         73  -0.37180383261473  -0.37180383261473
         74  -0.36674906994345  -0.36674906994345
         75  -0.36271757225891  -0.36271757225891
         76  -0.35447608123728  -0.35447608123728
         77  -0.34496636103318  -0.34496636103318
         78  -0.34452743147372  -0.34452743147372
         79  -0.33472290119795  -0.33472290119795
         80  -0.33401392086211  -0.33401392086211
         81  -0.32640268887881  -0.32640268887881
         82  -0.32408986609735  -0.32408986609735
         83  -0.31777751039746  -0.31777751039746
         84  -0.30643611423356  -0.30643611423356
         85  -0.30379574558712  -0.30379574558712
         86  -0.29360026794493  -0.29360026794493
         87  -0.29294782614590  -0.29294782614590
         88  -0.29050126241300  -0.29050126241300
         89  -0.29007500332299  -0.29007500332299
         90  -0.28873204335293  -0.28873204335293
         91  -0.28354618606497  -0.28354618606497
         92  -0.28060179392157  -0.28060179392157
         93  -0.26631856325965  -0.26631856325965
         94  -0.26277636491420  -0.26277636491420
         95  -0.26097142099206  -0.26097142099206
         96  -0.25498888088209  -0.25498888088209
         97  -0.25298975570356  -0.25298975570356
         98  -0.24595912728437  -0.24595912728437
         99  -0.24280798466287  -0.24280798466287
        100  -0.24121168295076  -0.24121168295076
        101  -0.23975733253745  -0.23975733253745
        102  -0.22056970886717  -0.22056970886717
        103  -0.20497828049810  -0.20497828049810
        104  -0.20108095207554  -0.20108095207554
        105  -0.20022985811034  -0.20022985811034
        106  -0.19602977216128  -0.19602977216128
        107  -0.19392215908154  -0.19392215908154
        108  -0.19365340697975  -0.19365340697975
        109  -0.19320189646271  -0.19320189646271
        110  -0.18888792331607  -0.18888792331607
        111  -0.18780800818355  -0.18780800818355
        112  -0.17812859945419  -0.17812859945419
        113  -0.17642695452103  -0.17642695452103
        114  -0.17474604357349  -0.17474604357349
        115  -0.17290636419249  -0.17290636419249
        116  -0.16415441162762  -0.16415441162762
        117  -0.16084212593547  -0.16084212593547
        118  -0.15433031405933  -0.15433031405933
        119  -0.15166663451284  -0.15166663451284
        120  -0.12881571778069  -0.12881571778069
        121  -0.11229372190799  -0.11229372190799
        122  -0.09989011841051  -0.09989011841051
        123  -0.09377908529809  -0.09377908529809
        124  -0.09003249542616  -0.09003249542616
        125  -0.08609985045737  -0.08609985045737
        126  -0.08198936360062  -0.08198936360062
        127  -0.08107427648641  -0.08107427648641
        128  -0.06187237176741  -0.06187237176741
        129  -0.05143763429519  -0.05143763429519
        130  -0.03814366046271  -0.03814366046271
        131  -0.03658218594321  -0.03658218594321
        132  -0.02795194013694  -0.02795194013694
        133  -0.01753118804166  -0.01753118804166
        134   0.01033256516878   0.01033256516878
        135   0.01049510689662   0.01049510689662
        136   0.02431282611388   0.02431282611388
        137   0.04081159784161   0.04081159784161
        138   0.05744927074496   0.05744927074496
        139   0.07727259821466   0.07727259821466
        140   0.08907366426252   0.08907366426252
        141   0.11119498714050   0.11119498714050
        142   0.12034162046741   0.12034162046741
        143   0.12067921270004   0.12067921270004
        144   0.12364333699055   0.12364333699055
        145   0.13295842613532   0.13295842613532
        146   0.14010915307969   0.14010915307969
        147   0.14598093470034   0.14598093470034
        148   0.14679816576680   0.14679816576680
        149   0.14766474608352   0.14766474608352
        150   0.15152060306063   0.15152060306063
        151   0.15763929482274   0.15763929482274
        152   0.15949412626701   0.15949412626701
        153   0.16652296775082   0.16652296775082
        154   0.17049154643913   0.17049154643913
        155   0.17593530961380   0.17593530961380
        156   0.18078602679858   0.18078602679858
        157   0.18737881077216   0.18737881077216
        158   0.18753242562051   0.18753242562051
        159   0.19086590284772   0.19086590284772
        160   0.19196606454941   0.19196606454941
        161   0.19288964923286   0.19288964923286
        162   0.20664835133184   0.20664835133184
        163   0.20780525672830   0.20780525672830
        164   0.21407008134242   0.21407008134242
        165   0.22307179163470   0.22307179163470
        166   0.22330775362943   0.22330775362943
        167   0.23004056684270   0.23004056684270
        168   0.24536476427498   0.24536476427498
        169   0.24631690904975   0.24631690904975
        170   0.24763413371290   0.24763413371290
        171   0.25640506317503   0.25640506317503
        172   0.26007472811150   0.26007472811150
        173   0.27275269598265   0.27275269598265
        174   0.27276810741467   0.27276810741467
        175   0.27814447986815   0.27814447986815
        176   0.27877142032062   0.27877142032062
        177   0.28431609251772   0.28431609251772
        178   0.28541192015712   0.28541192015712
        179   0.28744702865333   0.28744702865333
        180   0.29019278532394   0.29019278532394
        181   0.29647334610159   0.29647334610159
        182   0.29748201102774   0.29748201102774
        183   0.30184798020725   0.30184798020725
        184   0.30589241151651   0.30589241151651
        185   0.30873276232684   0.30873276232684
        186   0.31324960340596   0.31324960340596
        187   0.31425102849744   0.31425102849744
        188   0.32009433371596   0.32009433371596
        189   0.32097066100117   0.32097066100117
        190   0.32266913022151   0.32266913022151
        191   0.32581227416904   0.32581227416904
        192   0.32608725754104   0.32608725754104
        193   0.32886095617539   0.32886095617539
        194   0.33251060056359   0.33251060056359
        195   0.33659277344864   0.33659277344864
        196   0.33779699096618   0.33779699096618
        197   0.33964109814757   0.33964109814757
        198   0.34213822543694   0.34213822543694
        199   0.34286520407475   0.34286520407475
        200   0.34324519747516   0.34324519747516
        201   0.34544192696911   0.34544192696911
        202   0.34970126243417   0.34970126243417
        203   0.35328969288588   0.35328969288588
        204   0.35671400240566   0.35671400240566
        205   0.35698205038040   0.35698205038040
        206   0.35842526684662   0.35842526684662
        207   0.36244834153795   0.36244834153795
        208   0.36447791938973   0.36447791938973
        209   0.36565921929070   0.36565921929070
        210   0.36660671963794   0.36660671963794
        211   0.36677779743930   0.36677779743930
        212   0.36875114770489   0.36875114770489
        213   0.37012380803529   0.37012380803529
        214   0.37034775296306   0.37034775296306
        215   0.37277228779673   0.37277228779673
        216   0.37529536701258   0.37529536701258
        217   0.38263429620915   0.38263429620915
        218   0.38366862133577   0.38366862133577
        219   0.38415836829885   0.38415836829885
        220   0.38421054596977   0.38421054596977
        221   0.38435669841851   0.38435669841851
        222   0.38768063553109   0.38768063553109
        223   0.38779970261070   0.38779970261070
        224   0.39617382455442   0.39617382455442
        225   0.39695459632276   0.39695459632276
        226   0.39736659229515   0.39736659229515
        227   0.39823693524456   0.39823693524456
        228   0.40311080691545   0.40311080691545
        229   0.40662542064070   0.40662542064070
        230   0.40736502354430   0.40736502354430
        231   0.40756207246821   0.40756207246821
        232   0.41110384593124   0.41110384593124
        233   0.41134585198165   0.41134585198165
        234   0.41272663480309   0.41272663480309
        235   0.41442897779189   0.41442897779189
        236   0.41683313989030   0.41683313989030
        237   0.41940987428102   0.41940987428102
        238   0.41967115976280   0.41967115976280
        239   0.41986906738401   0.41986906738401
        240   0.42166749857941   0.42166749857941
        241   0.42338053120420   0.42338053120420
        242   0.42380651750455   0.42380651750455
        243   0.42483407130409   0.42483407130409
        244   0.43110557603759   0.43110557603759
        245   0.43265478030412   0.43265478030412
        246   0.43341446530761   0.43341446530761
        247   0.44030155796665   0.44030155796665
        248   0.44075651208463   0.44075651208463
        249   0.44143766236564   0.44143766236564
        250   0.44252143808514   0.44252143808514
        251   0.44328001570024   0.44328001570024
        252   0.44752236654715   0.44752236654715
        253   0.45008036306573   0.45008036306573
        254   0.45283546477411   0.45283546477411
        255   0.45310293864532   0.45310293864532
        256   0.45715579463016   0.45715579463016
        257   0.46260396965566   0.46260396965566
        258   0.46602487846652   0.46602487846652
        259   0.46647485868138   0.46647485868138
        260   0.47044387347072   0.47044387347072
        261   0.47507717236185   0.47507717236185
        262   0.47550457200670   0.47550457200670
        263   0.48446342690877   0.48446342690877
        264   0.48973079140619   0.48973079140619
        265   0.49091579980714   0.49091579980714
        266   0.49552381856928   0.49552381856928
        267   0.49794538792436   0.49794538792436
        268   0.50483992937443   0.50483992937443
        269   0.50602971667117   0.50602971667117
        270   0.50782794093251   0.50782794093251
        271   0.51336639112386   0.51336639112386
        272   0.51349610292895   0.51349610292895
        273   0.51546071162312   0.51546071162312
        274   0.52063945721105   0.52063945721105
        275   0.52925286446520   0.52925286446520
        276   0.53175250827764   0.53175250827764
        277   0.53378671712855   0.53378671712855
        278   0.53496055005528   0.53496055005528
        279   0.53608503581117   0.53608503581117
        280   0.53740287223481   0.53740287223481
        281   0.53951450244628   0.53951450244628
        282   0.54507069827383   0.54507069827383
        283   0.54627421058825   0.54627421058825
        284   0.56115558223232   0.56115558223232
        285   0.56195421912235   0.56195421912235
        286   0.56338195914627   0.56338195914627
        287   0.56764012290719   0.56764012290719
        288   0.57368105108671   0.57368105108671
        289   0.57615398852197   0.57615398852197
        290   0.58373070287632   0.58373070287632
        291   0.58543407151841   0.58543407151841
        292   0.58627851519411   0.58627851519411
        293   0.59259173269345   0.59259173269345
        294   0.59559278167564   0.59559278167564
        295   0.59856133276501   0.59856133276501
        296   0.59965440679861   0.59965440679861
        297   0.59977632580400   0.59977632580400
        298   0.60726005252028   0.60726005252028
        299   0.61180816113637   0.61180816113637
        300   0.61225769489364   0.61225769489364
        301   0.61665803323372   0.61665803323372
        302   0.62100001471525   0.62100001471525
        303   0.62125424816364   0.62125424816364
        304   0.62222648349235   0.62222648349235
        305   0.62578373690523   0.62578373690523
        306   0.62754497595022   0.62754497595022
        307   0.63142605829371   0.63142605829371
        308   0.63165885624401   0.63165885624401
        309   0.64059058694330   0.64059058694330
        310   0.64688471854602   0.64688471854602
        311   0.64710813114470   0.64710813114470
        312   0.65547226645657   0.65547226645657
        313   0.65604315316854   0.65604315316854
        314   0.65989745767871   0.65989745767871
        315   0.67398528361885   0.67398528361885
        316   0.67499328118212   0.67499328118212
        317   0.67573022818174   0.67573022818174
        318   0.68532548328950   0.68532548328950
        319   0.68693055723453   0.68693055723453
        320   0.68798580541919   0.68798580541919
        321   0.69838331212588   0.69838331212588
        322   0.69909030653375   0.69909030653375
        323   0.70181980852637   0.70181980852637
        324   0.70901831451606   0.70901831451606
        325   0.71818243955812   0.71818243955812
        326   0.72592784995972   0.72592784995972
        327   0.73314008607234   0.73314008607234
        328   0.74214654947581   0.74214654947581
        329   0.74276675540298   0.74276675540298
        330   0.74982561240499   0.74982561240499
        331   0.75114973575741   0.75114973575741
        332   0.76439611557388   0.76439611557388
        333   0.77007438209561   0.77007438209561
        334   0.77259035902597   0.77259035902597
        335   0.78124753310754   0.78124753310754
        336   0.78356492530028   0.78356492530028
        337   0.79251589606148   0.79251589606148
        338   0.79823636826861   0.79823636826861
        339   0.80144024542480   0.80144024542480
        340   0.80778254604581   0.80778254604581
        341   0.81082209302876   0.81082209302876
        342   0.81186101584477   0.81186101584477
        343   0.81236622299443   0.81236622299443
        344   0.81351521532289   0.81351521532289
        345   0.81443927477417   0.81443927477417
        346   0.81932250295789   0.81932250295789
        347   0.83688700669463   0.83688700669463
        348   0.83868446543124   0.83868446543124
        349   0.83918241686424   0.83918241686424
        350   0.84119705246160   0.84119705246160
        351   0.84164882144068   0.84164882144068
        352   0.84587302494778   0.84587302494778
        353   0.84823579557374   0.84823579557374
        354   0.84967681989139   0.84967681989139
        355   0.85634056414515   0.85634056414515
        356   0.85701262043172   0.85701262043172
        357   0.86000093275541   0.86000093275541
        358   0.86187802739554   0.86187802739554
        359   0.86748092414553   0.86748092414553
        360   0.86780192924933   0.86780192924933
        361   0.88032430617220   0.88032430617220
        362   0.88531722144368   0.88531722144368
        363   0.88595048748479   0.88595048748479
        364   0.89425041036517   0.89425041036517
        365   0.89822808840896   0.89822808840896
        366   0.90176614181711   0.90176614181711
        367   0.90677398551535   0.90677398551535
        368   0.91228299242520   0.91228299242520
        369   0.91617517615129   0.91617517615129
        370   0.92027423957986   0.92027423957986
        371   0.92062451865634   0.92062451865634
        372   0.92224532210107   0.92224532210107
        373   0.92550587766514   0.92550587766514
        374   0.92680317557893   0.92680317557893
        375   0.92921512826114   0.92921512826114
        376   0.92951602247284   0.92951602247284
        377   0.93496403899664   0.93496403899664
        378   0.93904816513627   0.93904816513627
        379   0.94582620848999   0.94582620848999
        380   0.95117534553638   0.95117534553638
        381   0.95509795355351   0.95509795355351
        382   0.96230784491596   0.96230784491596
        383   0.96819159827606   0.96819159827606
        384   0.96925867406828   0.96925867406828
        385   0.97042917761295   0.97042917761295
        386   0.97211645312637   0.97211645312637
        387   0.97408528179710   0.97408528179710
        388   0.97726818817737   0.97726818817737
        389   0.98663436353311   0.98663436353311
        390   0.98704577541163   0.98704577541163
        391   0.98984887015355   0.98984887015355
        392   1.00950655209513   1.00950655209513
        393   1.01263803487799   1.01263803487799
        394   1.02779066053351   1.02779066053351
        395   1.04872977312169   1.04872977312169
        396   1.07157528385785   1.07157528385785
        397   1.07855504678848   1.07855504678848
        398   1.09423482552140   1.09423482552140
        399   1.11057004791407   1.11057004791407
        400   1.12082772376201   1.12082772376201
        401   1.13348656726129   1.13348656726129
        402   1.13783955793229   1.13783955793229
        403   1.14061691851927   1.14061691851927
        404   1.14951174837150   1.14951174837150
        405   1.15544134218065   1.15544134218065
        406   1.16213738992848   1.16213738992848
        407   1.16653896478130   1.16653896478130
        408   1.17505917182215   1.17505917182215
        409   1.19181486275466   1.19181486275466
        410   1.20330818348503   1.20330818348503
        411   1.20919407646956   1.20919407646956
        412   1.21193360639347   1.21193360639347
        413   1.21355866762916   1.21355866762916
        414   1.21409915874701   1.21409915874701
        415   1.22945811970605   1.22945811970605
        416   1.22954042239526   1.22954042239526
        417   1.24106099410591   1.24106099410591
        418   1.25430742100857   1.25430742100857
        419   1.25585413512616   1.25585413512616
        420   1.25665793618305   1.25665793618305
        421   1.26190854356480   1.26190854356480
        422   1.27091420215212   1.27091420215212
        423   1.27526300665705   1.27526300665705
        424   1.27565863749149   1.27565863749149
        425   1.28215193530315   1.28215193530315
        426   1.29019782150669   1.29019782150669
        427   1.29109185330926   1.29109185330926
        428   1.29273403786710   1.29273403786710
        429   1.29398749238368   1.29398749238368
        430   1.29772949749014   1.29772949749014
        431   1.32301082705546   1.32301082705546
        432   1.33404937947312   1.33404937947312
        433   1.33516564586100   1.33516564586100
        434   1.33828380946045   1.33828380946045
        435   1.33921558830565   1.33921558830565
        436   1.33948467045800   1.33948467045800
        437   1.34880523154952   1.34880523154952
        438   1.35231595721216   1.35231595721216
        439   1.35392833684203   1.35392833684203
        440   1.37611958226637   1.37611958226637
        441   1.37968765892106   1.37968765892106
        442   1.38866633771743   1.38866633771743
        443   1.40277178216359   1.40277178216359
        444   1.41323031831368   1.41323031831368
        445   1.41440549205338   1.41440549205338
        446   1.41495281340227   1.41495281340227
        447   1.42216163056956   1.42216163056956
        448   1.42446814974054   1.42446814974054
        449   1.43650382071543   1.43650382071543
        450   1.44395412826890   1.44395412826890
        451   1.44472368837249   1.44472368837249
        452   1.44595852695743   1.44595852695743
        453   1.45363647409172   1.45363647409172
        454   1.45583466895919   1.45583466895919
        455   1.45974322555851   1.45974322555851
        456   1.46421700427885   1.46421700427885
        457   1.46473887767053   1.46473887767053
        458   1.46633834347613   1.46633834347613
        459   1.47139539760077   1.47139539760077
        460   1.47186906007018   1.47186906007018
        461   1.47397897150381   1.47397897150381
        462   1.47810906643117   1.47810906643117
        463   1.49967286338880   1.49967286338880
        464   1.50033119177095   1.50033119177095
        465   1.50128937853358   1.50128937853358
        466   1.50391753523581   1.50391753523581
        467   1.51022662562681   1.51022662562681
        468   1.51343884137097   1.51343884137097
        469   1.51643011746512   1.51643011746512
        470   1.51986315892468   1.51986315892468
        471   1.52270868351022   1.52270868351022
        472   1.52631455251104   1.52631455251104
        473   1.52951355500827   1.52951355500827
        474   1.53283725686931   1.53283725686931
        475   1.53694467696730   1.53694467696730
        476   1.54659953678910   1.54659953678910
        477   1.54722051298023   1.54722051298023
        478   1.55255109786056   1.55255109786056
        479   1.55607863920385   1.55607863920385
        480   1.56311181846724   1.56311181846724
        481   1.56420440674471   1.56420440674471
        482   1.56932351352185   1.56932351352185
        483   1.57612138238534   1.57612138238534
        484   1.57904739557371   1.57904739557371
        485   1.58190928594583   1.58190928594583
        486   1.58393488258693   1.58393488258693
        487   1.58696148824628   1.58696148824628
        488   1.58716203034306   1.58716203034306
        489   1.58734544353397   1.58734544353397
        490   1.59190907041314   1.59190907041314
        491   1.59455192559731   1.59455192559731
        492   1.59712102889109   1.59712102889109
        493   1.60212248817107   1.60212248817107
        494   1.60570675073462   1.60570675073462
        495   1.60855151161145   1.60855151161145
        496   1.61451276660870   1.61451276660870
        497   1.62039565152406   1.62039565152406
        498   1.62210662371772   1.62210662371772
        499   1.62353529806283   1.62353529806283
        500   1.62561503479261   1.62561503479261
        501   1.62822152528602   1.62822152528602
        502   1.62833493276385   1.62833493276385
        503   1.63817981165194   1.63817981165194
        504   1.63898801962453   1.63898801962453
        505   1.64602026901787   1.64602026901787
        506   1.65226771651810   1.65226771651810
        507   1.65409217669411   1.65409217669411
        508   1.65549166630292   1.65549166630292

***********************************************************
***********************************************************
                   Mulliken populations                    
***********************************************************
***********************************************************

  Total spin moment (muB)   0.000000000

                    Up spin      Down spin     Sum           Diff
      1    C      2.001148935  2.001148935   4.002297870   0.000000000
      2    C      2.026311889  2.026311889   4.052623778   0.000000000
      3    C      2.037648988  2.037648988   4.075297975   0.000000000
      4    C      2.037657004  2.037657004   4.075314007   0.000000000
      5    C      2.026312798  2.026312798   4.052625597   0.000000000
      6    C      2.001164302  2.001164302   4.002328604   0.000000000
      7    C      2.013956670  2.013956670   4.027913340   0.000000000
      8    C      1.973088904  1.973088904   3.946177809   0.000000000
      9    C      1.982713137  1.982713137   3.965426274   0.000000000
     10    C      1.982706764  1.982706764   3.965413529   0.000000000
     11    C      1.973090199  1.973090199   3.946180398   0.000000000
     12    C      2.013934506  2.013934506   4.027869012   0.000000000
     13    C      1.974029718  1.974029718   3.948059436   0.000000000
     14    C      1.986576368  1.986576368   3.973152737   0.000000000
     15    C      1.992114165  1.992114165   3.984228330   0.000000000
     16    C      1.992117855  1.992117855   3.984235710   0.000000000
     17    C      1.986569238  1.986569238   3.973138477   0.000000000
     18    C      1.974026039  1.974026039   3.948052078   0.000000000
     19    C      2.037877464  2.037877464   4.075754929   0.000000000
     20    C      1.992786768  1.992786768   3.985573536   0.000000000
     21    C      1.994799556  1.994799556   3.989599112   0.000000000
     22    C      1.994812782  1.994812782   3.989625565   0.000000000
     23    C      1.992788814  1.992788814   3.985577627   0.000000000
     24    C      2.037908588  2.037908588   4.075817176   0.000000000
     25    C      1.980117939  1.980117939   3.960235879   0.000000000
     26    C      1.995813054  1.995813054   3.991626107   0.000000000
     27    C      1.997935957  1.997935957   3.995871914   0.000000000
     28    C      1.997943418  1.997943418   3.995886836   0.000000000
     29    C      1.995787331  1.995787331   3.991574663   0.000000000
     30    C      1.980122317  1.980122317   3.960244633   0.000000000
     31    C      2.037880652  2.037880652   4.075761303   0.000000000
     32    C      1.992788537  1.992788537   3.985577074   0.000000000
     33    C      1.994797804  1.994797804   3.989595608   0.000000000
     34    C      1.994813632  1.994813632   3.989627264   0.000000000
     35    C      1.992788470  1.992788470   3.985576940   0.000000000
     36    C      2.037907062  2.037907062   4.075814124   0.000000000
     37    C      1.974028117  1.974028117   3.948056233   0.000000000
     38    C      1.986575411  1.986575411   3.973150822   0.000000000
     39    C      1.992114238  1.992114238   3.984228475   0.000000000
     40    C      1.992119579  1.992119579   3.984239159   0.000000000
     41    C      1.986568476  1.986568476   3.973136953   0.000000000
     42    C      1.974026786  1.974026786   3.948053572   0.000000000
     43    C      2.013956222  2.013956222   4.027912445   0.000000000
     44    C      1.973086520  1.973086520   3.946173040   0.000000000
     45    C      1.982717165  1.982717165   3.965434329   0.000000000
     46    C      1.982705136  1.982705136   3.965410273   0.000000000
     47    C      1.973088064  1.973088064   3.946176128   0.000000000
     48    C      2.013931983  2.013931983   4.027863967   0.000000000
     49    C      2.001152294  2.001152294   4.002304587   0.000000000
     50    C      2.026307295  2.026307295   4.052614591   0.000000000
     51    C      2.037650729  2.037650729   4.075301458   0.000000000
     52    C      2.037655707  2.037655707   4.075311415   0.000000000
     53    C      2.026309767  2.026309767   4.052619535   0.000000000
     54    C      2.001168883  2.001168883   4.002337766   0.000000000

 Sum of MulP: up   =   108.00000 down          =   108.00000
              total=   216.00000 ideal(neutral)=   216.00000


  Decomposed Mulliken populations

    1    C          Up spin      Down spin     Sum           Diff
            multiple
  s           0    0.600318680  0.600318680   1.200637359   0.000000000
   sum over m      0.600318680  0.600318680   1.200637359   0.000000000
  s           1    0.013842126  0.013842126   0.027684251   0.000000000
   sum over m      0.013842126  0.013842126   0.027684251   0.000000000
   sum over m+mul  0.614160805  0.614160805   1.228321611   0.000000000
  px          0    0.419271413  0.419271413   0.838542826   0.000000000
  py          0    0.433699529  0.433699529   0.867399058   0.000000000
  pz          0    0.487414209  0.487414209   0.974828418   0.000000000
   sum over m      1.340385151  1.340385151   2.680770302   0.000000000
  px          1    0.012039971  0.012039971   0.024079941   0.000000000
  py          1    0.010264156  0.010264156   0.020528312   0.000000000
  pz          1   -0.008849988 -0.008849988  -0.017699977   0.000000000
   sum over m      0.013454138  0.013454138   0.026908277   0.000000000
   sum over m+mul  1.353839290  1.353839290   2.707678579   0.000000000
  d3z^2-r^2   0    0.002027312  0.002027312   0.004054624   0.000000000
  dx^2-y^2    0    0.010411088  0.010411088   0.020822176   0.000000000
  dxy         0    0.010019027  0.010019027   0.020038054   0.000000000
  dxz         0    0.006393337  0.006393337   0.012786674   0.000000000
  dyz         0    0.004298076  0.004298076   0.008596153   0.000000000
   sum over m      0.033148840  0.033148840   0.066297681   0.000000000
   sum over m+mul  0.033148840  0.033148840   0.066297681   0.000000000

    2    C          Up spin      Down spin     Sum           Diff
            multiple
  s           0    0.640248909  0.640248909   1.280497818   0.000000000
   sum over m      0.640248909  0.640248909   1.280497818   0.000000000
  s           1    0.011884550  0.011884550   0.023769099   0.000000000
   sum over m      0.011884550  0.011884550   0.023769099   0.000000000
   sum over m+mul  0.652133459  0.652133459   1.304266918   0.000000000
  px          0    0.436133685  0.436133685   0.872267370   0.000000000
  py          0    0.443273381  0.443273381   0.886546762   0.000000000
  pz          0    0.443213542  0.443213542   0.886427084   0.000000000
   sum over m      1.322620608  1.322620608   2.645241217   0.000000000
  px          1    0.017092050  0.017092050   0.034184101   0.000000000
  py          1    0.004187052  0.004187052   0.008374104   0.000000000
  pz          1   -0.008836922 -0.008836922  -0.017673843   0.000000000
   sum over m      0.012442181  0.012442181   0.024884362   0.000000000
   sum over m+mul  1.335062789  1.335062789   2.670125578   0.000000000
  d3z^2-r^2   0    0.002385607  0.002385607   0.004771214   0.000000000
  dx^2-y^2    0    0.011953969  0.011953969   0.023907938   0.000000000
  dxy         0    0.011658703  0.011658703   0.023317406   0.000000000
  dxz         0    0.008227141  0.008227141   0.016454281   0.000000000
  dyz         0    0.004890221  0.004890221   0.009780443   0.000000000
   sum over m      0.039115641  0.039115641   0.078231282   0.000000000
   sum over m+mul  0.039115641  0.039115641   0.078231282   0.000000000

    3    C          Up spin      Down spin     Sum           Diff
            multiple
  s           0    0.614970272  0.614970272   1.229940545   0.000000000
   sum over m      0.614970272  0.614970272   1.229940545   0.000000000
  s           1    0.014442208  0.014442208   0.028884416   0.000000000
   sum over m      0.014442208  0.014442208   0.028884416   0.000000000
   sum over m+mul  0.629412481  0.629412481   1.258824961   0.000000000
  px          0    0.459983762  0.459983762   0.919967525   0.000000000
  py          0    0.434164837  0.434164837   0.868329675   0.000000000
  pz          0    0.459441037  0.459441037   0.918882073   0.000000000
   sum over m      1.353589636  1.353589636   2.707179273   0.000000000
  px          1    0.025240057  0.025240057   0.050480113   0.000000000
  py          1    0.003087668  0.003087668   0.006175336   0.000000000
  pz          1   -0.008573574 -0.008573574  -0.017147148   0.000000000
   sum over m      0.019754150  0.019754150   0.039508301   0.000000000
   sum over m+mul  1.373343787  1.373343787   2.746687573   0.000000000
  d3z^2-r^2   0    0.002059136  0.002059136   0.004118273   0.000000000
  dx^2-y^2    0    0.011071087  0.011071087   0.022142174   0.000000000
  dxy         0    0.009781577  0.009781577   0.019563154   0.000000000
  dxz         0    0.007371483  0.007371483   0.014742967   0.000000000
  dyz         0    0.004609437  0.004609437   0.009218873   0.000000000
   sum over m      0.034892720  0.034892720   0.069785441   0.000000000
   sum over m+mul  0.034892720  0.034892720   0.069785441   0.000000000

    4    C          Up spin      Down spin     Sum           Diff
            multiple
  s           0    0.614977068  0.614977068   1.229954136   0.000000000
   sum over m      0.614977068  0.614977068   1.229954136   0.000000000
  s           1    0.014441568  0.014441568   0.028883137   0.000000000
   sum over m      0.014441568  0.014441568   0.028883137   0.000000000
   sum over m+mul  0.629418636  0.629418636   1.258837273   0.000000000
  px          0    0.459990750  0.459990750   0.919981499   0.000000000
  py          0    0.434171888  0.434171888   0.868343775   0.000000000
  pz          0    0.459429629  0.459429629   0.918859257   0.000000000
   sum over m      1.353592266  1.353592266   2.707184532   0.000000000
  px          1    0.025238205  0.025238205   0.050476410   0.000000000
  py          1    0.003087736  0.003087736   0.006175472   0.000000000
  pz          1   -0.008573601 -0.008573601  -0.017147201   0.000000000
   sum over m      0.019752341  0.019752341   0.039504681   0.000000000
   sum over m+mul  1.373344606  1.373344606   2.746689213   0.000000000
  d3z^2-r^2   0    0.002059203  0.002059203   0.004118405   0.000000000
  dx^2-y^2    0    0.011071595  0.011071595   0.022143191   0.000000000
  dxy         0    0.009781824  0.009781824   0.019563649   0.000000000
  dxz         0    0.007371419  0.007371419   0.014742837   0.000000000
  dyz         0    0.004609720  0.004609720   0.009219440   0.000000000
   sum over m      0.034893761  0.034893761   0.069787521   0.000000000
   sum over m+mul  0.034893761  0.034893761   0.069787521   0.000000000

    5    C          Up spin      Down spin     Sum           Diff
            multiple
  s           0    0.640278054  0.640278054   1.280556109   0.000000000
   sum over m      0.640278054  0.640278054   1.280556109   0.000000000
  s           1    0.011881240  0.011881240   0.023762480   0.000000000
   sum over m      0.011881240  0.011881240   0.023762480   0.000000000
   sum over m+mul  0.652159295  0.652159295   1.304318589   0.000000000
  px          0    0.436115953  0.436115953   0.872231905   0.000000000
  py          0    0.443262064  0.443262064   0.886524127   0.000000000
  pz          0    0.443227122  0.443227122   0.886454244   0.000000000
   sum over m      1.322605138  1.322605138   2.645210276   0.000000000
  px          1    0.017087105  0.017087105   0.034174211   0.000000000
  py          1    0.004185049  0.004185049   0.008370097   0.000000000
  pz          1   -0.008836422 -0.008836422  -0.017672844   0.000000000
   sum over m      0.012435732  0.012435732   0.024871464   0.000000000
   sum over m+mul  1.335040870  1.335040870   2.670081741   0.000000000
  d3z^2-r^2   0    0.002385817  0.002385817   0.004771633   0.000000000
  dx^2-y^2    0    0.011953257  0.011953257   0.023906514   0.000000000
  dxy         0    0.011657816  0.011657816   0.023315633   0.000000000
  dxz         0    0.008225913  0.008225913   0.016451825   0.000000000
  dyz         0    0.004889831  0.004889831   0.009779662   0.000000000
   sum over m      0.039112634  0.039112634   0.078225267   0.000000000
   sum over m+mul  0.039112634  0.039112634   0.078225267   0.000000000

    6    C          Up spin      Down spin     Sum           Diff
            multiple
  s           0    0.600345192  0.600345192   1.200690385   0.000000000
   sum over m      0.600345192  0.600345192   1.200690385   0.000000000
  s           1    0.013838265  0.013838265   0.027676531   0.000000000
   sum over m      0.013838265  0.013838265   0.027676531   0.000000000
   sum over m+mul  0.614183458  0.614183458   1.228366915   0.000000000
  px          0    0.419267234  0.419267234   0.838534468   0.000000000
  py          0    0.433713261  0.433713261   0.867426521   0.000000000
  pz          0    0.487410081  0.487410081   0.974820161   0.000000000
   sum over m      1.340390575  1.340390575   2.680781151   0.000000000
  px          1    0.012029434  0.012029434   0.024058868   0.000000000
  py          1    0.010262186  0.010262186   0.020524372   0.000000000
  pz          1   -0.008849929 -0.008849929  -0.017699858   0.000000000
   sum over m      0.013441691  0.013441691   0.026883382   0.000000000
   sum over m+mul  1.353832266  1.353832266   2.707664533   0.000000000
  d3z^2-r^2   0    0.002027476  0.002027476   0.004054953   0.000000000
  dx^2-y^2    0    0.010410807  0.010410807   0.020821613   0.000000000
  dxy         0    0.010019165  0.010019165   0.020038330   0.000000000
  dxz         0    0.006392576  0.006392576   0.012785153   0.000000000
  dyz         0    0.004298554  0.004298554   0.008597108   0.000000000
   sum over m      0.033148578  0.033148578   0.066297156   0.000000000
   sum over m+mul  0.033148578  0.033148578   0.066297156   0.000000000

    7    C          Up spin      Down spin     Sum           Diff
            multiple
  s           0    0.642725968  0.642725968   1.285451936   0.000000000
   sum over m      0.642725968  0.642725968   1.285451936   0.000000000
  s           1    0.010660700  0.010660700   0.021321400   0.000000000
   sum over m      0.010660700  0.010660700   0.021321400   0.000000000
   sum over m+mul  0.653386668  0.653386668   1.306773336   0.000000000
  px          0    0.453761775  0.453761775   0.907523551   0.000000000
  py          0    0.412078270  0.412078270   0.824156540   0.000000000
  pz          0    0.445496427  0.445496427   0.890992854   0.000000000
   sum over m      1.311336472  1.311336472   2.622672944   0.000000000
  px          1    0.005617876  0.005617876   0.011235752   0.000000000
  py          1    0.014443784  0.014443784   0.028887568   0.000000000
  pz          1   -0.009141759 -0.009141759  -0.018283517   0.000000000
   sum over m      0.010919901  0.010919901   0.021839802   0.000000000
   sum over m+mul  1.322256373  1.322256373   2.644512747   0.000000000
  d3z^2-r^2   0    0.002644773  0.002644773   0.005289546   0.000000000
  dx^2-y^2    0    0.009735341  0.009735341   0.019470683   0.000000000
  dxy         0    0.012795576  0.012795576   0.025591152   0.000000000
  dxz         0    0.003806480  0.003806480   0.007612960   0.000000000
  dyz         0    0.009331458  0.009331458   0.018662917   0.000000000
   sum over m      0.038313629  0.038313629   0.076627257   0.000000000
   sum over m+mul  0.038313629  0.038313629   0.076627257   0.000000000

    8    C          Up spin      Down spin     Sum           Diff
            multiple
  s           0    0.554921006  0.554921006   1.109842013   0.000000000
   sum over m      0.554921006  0.554921006   1.109842013   0.000000000
  s           1    0.010153609  0.010153609   0.020307218   0.000000000
   sum over m      0.010153609  0.010153609   0.020307218   0.000000000
   sum over m+mul  0.565074615  0.565074615   1.130149231   0.000000000
  px          0    0.413807759  0.413807759   0.827615518   0.000000000
  py          0    0.406085658  0.406085658   0.812171317   0.000000000
  pz          0    0.498460624  0.498460624   0.996921248   0.000000000
   sum over m      1.318354041  1.318354041   2.636708083   0.000000000
  px          1    0.023533779  0.023533779   0.047067558   0.000000000
  py          1    0.017081151  0.017081151   0.034162302   0.000000000
  pz          1   -0.010056475 -0.010056475  -0.020112951   0.000000000
   sum over m      0.030558455  0.030558455   0.061116909   0.000000000
   sum over m+mul  1.348912496  1.348912496   2.697824992   0.000000000
  d3z^2-r^2   0    0.002992544  0.002992544   0.005985088   0.000000000
  dx^2-y^2    0    0.020583879  0.020583879   0.041167759   0.000000000
  dxy         0    0.017866359  0.017866359   0.035732717   0.000000000
  dxz         0    0.009540269  0.009540269   0.019080538   0.000000000
  dyz         0    0.008118742  0.008118742   0.016237484   0.000000000
   sum over m      0.059101793  0.059101793   0.118203586   0.000000000
   sum over m+mul  0.059101793  0.059101793   0.118203586   0.000000000

    9    C          Up spin      Down spin     Sum           Diff
            multiple
  s           0    0.561616781  0.561616781   1.123233562   0.000000000
   sum over m      0.561616781  0.561616781   1.123233562   0.000000000
  s           1    0.010625720  0.010625720   0.021251441   0.000000000
   sum over m      0.010625720  0.010625720   0.021251441   0.000000000
   sum over m+mul  0.572242501  0.572242501   1.144485002   0.000000000
  px          0    0.410871094  0.410871094   0.821742188   0.000000000
  py          0    0.412257851  0.412257851   0.824515702   0.000000000
  pz          0    0.496505034  0.496505034   0.993010068   0.000000000
   sum over m      1.319633979  1.319633979   2.639267957   0.000000000
  px          1    0.022870714  0.022870714   0.045741428   0.000000000
  py          1    0.016053130  0.016053130   0.032106260   0.000000000
  pz          1   -0.010296569 -0.010296569  -0.020593137   0.000000000
   sum over m      0.028627275  0.028627275   0.057254550   0.000000000
   sum over m+mul  1.348261254  1.348261254   2.696522508   0.000000000
  d3z^2-r^2   0    0.002955184  0.002955184   0.005910368   0.000000000
  dx^2-y^2    0    0.023185634  0.023185634   0.046371268   0.000000000
  dxy         0    0.017748361  0.017748361   0.035496721   0.000000000
  dxz         0    0.009344774  0.009344774   0.018689549   0.000000000
  dyz         0    0.008975430  0.008975430   0.017950859   0.000000000
   sum over m      0.062209382  0.062209382   0.124418765   0.000000000
   sum over m+mul  0.062209382  0.062209382   0.124418765   0.000000000

   10    C          Up spin      Down spin     Sum           Diff
            multiple
  s           0    0.561612899  0.561612899   1.123225797   0.000000000
   sum over m      0.561612899  0.561612899   1.123225797   0.000000000
  s           1    0.010626588  0.010626588   0.021253177   0.000000000
   sum over m      0.010626588  0.010626588   0.021253177   0.000000000
   sum over m+mul  0.572239487  0.572239487   1.144478974   0.000000000
  px          0    0.410868435  0.410868435   0.821736870   0.000000000
  py          0    0.412255480  0.412255480   0.824510960   0.000000000
  pz          0    0.496503709  0.496503709   0.993007417   0.000000000
   sum over m      1.319627624  1.319627624   2.639255248   0.000000000
  px          1    0.022872503  0.022872503   0.045745005   0.000000000
  py          1    0.016053312  0.016053312   0.032106625   0.000000000
  pz          1   -0.010296964 -0.010296964  -0.020593929   0.000000000
   sum over m      0.028628851  0.028628851   0.057257701   0.000000000
   sum over m+mul  1.348256475  1.348256475   2.696512949   0.000000000
  d3z^2-r^2   0    0.002955163  0.002955163   0.005910326   0.000000000
  dx^2-y^2    0    0.023186110  0.023186110   0.046372220   0.000000000
  dxy         0    0.017749095  0.017749095   0.035498190   0.000000000
  dxz         0    0.009345300  0.009345300   0.018690600   0.000000000
  dyz         0    0.008975135  0.008975135   0.017950269   0.000000000
   sum over m      0.062210803  0.062210803   0.124421606   0.000000000
   sum over m+mul  0.062210803  0.062210803   0.124421606   0.000000000

   11    C          Up spin      Down spin     Sum           Diff
            multiple
  s           0    0.554925446  0.554925446   1.109850892   0.000000000
   sum over m      0.554925446  0.554925446   1.109850892   0.000000000
  s           1    0.010152875  0.010152875   0.020305749   0.000000000
   sum over m      0.010152875  0.010152875   0.020305749   0.000000000
   sum over m+mul  0.565078321  0.565078321   1.130156642   0.000000000
  px          0    0.413807312  0.413807312   0.827614625   0.000000000
  py          0    0.406086605  0.406086605   0.812173211   0.000000000
  pz          0    0.498461633  0.498461633   0.996923265   0.000000000
   sum over m      1.318355551  1.318355551   2.636711101   0.000000000
  px          1    0.023534456  0.023534456   0.047068911   0.000000000
  py          1    0.017078772  0.017078772   0.034157543   0.000000000
  pz          1   -0.010056486 -0.010056486  -0.020112972   0.000000000
   sum over m      0.030556741  0.030556741   0.061113482   0.000000000
   sum over m+mul  1.348912292  1.348912292   2.697824583   0.000000000
  d3z^2-r^2   0    0.002992587  0.002992587   0.005985173   0.000000000
  dx^2-y^2    0    0.020581958  0.020581958   0.041163917   0.000000000
  dxy         0    0.017866081  0.017866081   0.035732163   0.000000000
  dxz         0    0.009540451  0.009540451   0.019080901   0.000000000
  dyz         0    0.008118510  0.008118510   0.016237020   0.000000000
   sum over m      0.059099587  0.059099587   0.118199173   0.000000000
   sum over m+mul  0.059099587  0.059099587   0.118199173   0.000000000

   12    C          Up spin      Down spin     Sum           Diff
            multiple
  s           0    0.642715379  0.642715379   1.285430758   0.000000000
   sum over m      0.642715379  0.642715379   1.285430758   0.000000000
  s           1    0.010661229  0.010661229   0.021322458   0.000000000
   sum over m      0.010661229  0.010661229   0.021322458   0.000000000
   sum over m+mul  0.653376608  0.653376608   1.306753216   0.000000000
  px          0    0.453729728  0.453729728   0.907459455   0.000000000
  py          0    0.412076469  0.412076469   0.824152939   0.000000000
  pz          0    0.445516557  0.445516557   0.891033114   0.000000000
   sum over m      1.311322754  1.311322754   2.622645508   0.000000000
  px          1    0.005617300  0.005617300   0.011234600   0.000000000
  py          1    0.014446195  0.014446195   0.028892391   0.000000000
  pz          1   -0.009142085 -0.009142085  -0.018284169   0.000000000
   sum over m      0.010921411  0.010921411   0.021842821   0.000000000
   sum over m+mul  1.322244165  1.322244165   2.644488329   0.000000000
  d3z^2-r^2   0    0.002644739  0.002644739   0.005289478   0.000000000
  dx^2-y^2    0    0.009735346  0.009735346   0.019470692   0.000000000
  dxy         0    0.012795392  0.012795392   0.025590785   0.000000000
  dxz         0    0.003806208  0.003806208   0.007612415   0.000000000
  dyz         0    0.009332048  0.009332048   0.018664097   0.000000000
   sum over m      0.038313734  0.038313734   0.076627468   0.000000000
   sum over m+mul  0.038313734  0.038313734   0.076627468   0.000000000

   13    C          Up spin      Down spin     Sum           Diff
            multiple
  s           0    0.545450736  0.545450736   1.090901473   0.000000000
   sum over m      0.545450736  0.545450736   1.090901473   0.000000000
  s           1    0.010933256  0.010933256   0.021866513   0.000000000
   sum over m      0.010933256  0.010933256   0.021866513   0.000000000
   sum over m+mul  0.556383993  0.556383993   1.112767986   0.000000000
  px          0    0.407634991  0.407634991   0.815269981   0.000000000
  py          0    0.411300000  0.411300000   0.822600000   0.000000000
  pz          0    0.505598274  0.505598274   1.011196548   0.000000000
   sum over m      1.324533264  1.324533264   2.649066529   0.000000000
  px          1    0.008529789  0.008529789   0.017059578   0.000000000
  py          1    0.034433615  0.034433615   0.068867229   0.000000000
  pz          1   -0.010188754 -0.010188754  -0.020377507   0.000000000
   sum over m      0.032774650  0.032774650   0.065549301   0.000000000
   sum over m+mul  1.357307915  1.357307915   2.714615829   0.000000000
  d3z^2-r^2   0    0.002823589  0.002823589   0.005647179   0.000000000
  dx^2-y^2    0    0.019211091  0.019211091   0.038422181   0.000000000
  dxy         0    0.023077399  0.023077399   0.046154799   0.000000000
  dxz         0    0.008181024  0.008181024   0.016362047   0.000000000
  dyz         0    0.007044708  0.007044708   0.014089415   0.000000000
   sum over m      0.060337811  0.060337811   0.120675622   0.000000000
   sum over m+mul  0.060337811  0.060337811   0.120675622   0.000000000

   14    C          Up spin      Down spin     Sum           Diff
            multiple
  s           0    0.562800976  0.562800976   1.125601953   0.000000000
   sum over m      0.562800976  0.562800976   1.125601953   0.000000000
  s           1    0.011346266  0.011346266   0.022692531   0.000000000
   sum over m      0.011346266  0.011346266   0.022692531   0.000000000
   sum over m+mul  0.574147242  0.574147242   1.148294484   0.000000000
  px          0    0.407879809  0.407879809   0.815759617   0.000000000
  py          0    0.417243313  0.417243313   0.834486625   0.000000000
  pz          0    0.488409191  0.488409191   0.976818382   0.000000000
   sum over m      1.313532312  1.313532312   2.627064625   0.000000000
  px          1    0.020847199  0.020847199   0.041694399   0.000000000
  py          1    0.027222935  0.027222935   0.054445870   0.000000000
  pz          1   -0.009431369 -0.009431369  -0.018862737   0.000000000
   sum over m      0.038638766  0.038638766   0.077277531   0.000000000
   sum over m+mul  1.352171078  1.352171078   2.704342156   0.000000000
  d3z^2-r^2   0    0.003144177  0.003144177   0.006288353   0.000000000
  dx^2-y^2    0    0.018905318  0.018905318   0.037810636   0.000000000
  dxy         0    0.019262311  0.019262311   0.038524621   0.000000000
  dxz         0    0.009319714  0.009319714   0.018639428   0.000000000
  dyz         0    0.009626529  0.009626529   0.019253058   0.000000000
   sum over m      0.060258048  0.060258048   0.120516096   0.000000000
   sum over m+mul  0.060258048  0.060258048   0.120516096   0.000000000

   15    C          Up spin      Down spin     Sum           Diff
            multiple
  s           0    0.555106087  0.555106087   1.110212174   0.000000000
   sum over m      0.555106087  0.555106087   1.110212174   0.000000000
  s           1    0.011703883  0.011703883   0.023407766   0.000000000
   sum over m      0.011703883  0.011703883   0.023407766   0.000000000
   sum over m+mul  0.566809970  0.566809970   1.133619940   0.000000000
  px          0    0.419831478  0.419831478   0.839662956   0.000000000
  py          0    0.413104924  0.413104924   0.826209848   0.000000000
  pz          0    0.495523583  0.495523583   0.991047167   0.000000000
   sum over m      1.328459985  1.328459985   2.656919971   0.000000000
  px          1    0.024515048  0.024515048   0.049030096   0.000000000
  py          1    0.025223301  0.025223301   0.050446602   0.000000000
  pz          1   -0.009465843 -0.009465843  -0.018931686   0.000000000
   sum over m      0.040272506  0.040272506   0.080545012   0.000000000
   sum over m+mul  1.368732491  1.368732491   2.737464982   0.000000000
  d3z^2-r^2   0    0.002976673  0.002976673   0.005953346   0.000000000
  dx^2-y^2    0    0.017915681  0.017915681   0.035831361   0.000000000
  dxy         0    0.017543754  0.017543754   0.035087509   0.000000000
  dxz         0    0.009116443  0.009116443   0.018232887   0.000000000
  dyz         0    0.009019153  0.009019153   0.018038306   0.000000000
   sum over m      0.056571704  0.056571704   0.113143408   0.000000000
   sum over m+mul  0.056571704  0.056571704   0.113143408   0.000000000

   16    C          Up spin      Down spin     Sum           Diff
            multiple
  s           0    0.555114318  0.555114318   1.110228636   0.000000000
   sum over m      0.555114318  0.555114318   1.110228636   0.000000000
  s           1    0.011702822  0.011702822   0.023405644   0.000000000
   sum over m      0.011702822  0.011702822   0.023405644   0.000000000
   sum over m+mul  0.566817140  0.566817140   1.133634279   0.000000000
  px          0    0.419829831  0.419829831   0.839659663   0.000000000
  py          0    0.413110871  0.413110871   0.826221741   0.000000000
  pz          0    0.495520954  0.495520954   0.991041909   0.000000000
   sum over m      1.328461656  1.328461656   2.656923313   0.000000000
  px          1    0.024514815  0.024514815   0.049029631   0.000000000
  py          1    0.025219807  0.025219807   0.050439614   0.000000000
  pz          1   -0.009465726 -0.009465726  -0.018931451   0.000000000
   sum over m      0.040268897  0.040268897   0.080537793   0.000000000
   sum over m+mul  1.368730553  1.368730553   2.737461106   0.000000000
  d3z^2-r^2   0    0.002976679  0.002976679   0.005953358   0.000000000
  dx^2-y^2    0    0.017914705  0.017914705   0.035829410   0.000000000
  dxy         0    0.017543976  0.017543976   0.035087952   0.000000000
  dxz         0    0.009116584  0.009116584   0.018233168   0.000000000
  dyz         0    0.009018218  0.009018218   0.018036435   0.000000000
   sum over m      0.056570162  0.056570162   0.113140324   0.000000000
   sum over m+mul  0.056570162  0.056570162   0.113140324   0.000000000

   17    C          Up spin      Down spin     Sum           Diff
            multiple
  s           0    0.562792324  0.562792324   1.125584648   0.000000000
   sum over m      0.562792324  0.562792324   1.125584648   0.000000000
  s           1    0.011346691  0.011346691   0.022693382   0.000000000
   sum over m      0.011346691  0.011346691   0.022693382   0.000000000
   sum over m+mul  0.574139015  0.574139015   1.148278029   0.000000000
  px          0    0.407877691  0.407877691   0.815755382   0.000000000
  py          0    0.417241185  0.417241185   0.834482370   0.000000000
  pz          0    0.488411085  0.488411085   0.976822169   0.000000000
   sum over m      1.313529961  1.313529961   2.627059922   0.000000000
  px          1    0.020850797  0.020850797   0.041701593   0.000000000
  py          1    0.027221455  0.027221455   0.054442910   0.000000000
  pz          1   -0.009431804 -0.009431804  -0.018863608   0.000000000
   sum over m      0.038640448  0.038640448   0.077280896   0.000000000
   sum over m+mul  1.352170409  1.352170409   2.704340818   0.000000000
  d3z^2-r^2   0    0.003144101  0.003144101   0.006288202   0.000000000
  dx^2-y^2    0    0.018905118  0.018905118   0.037810236   0.000000000
  dxy         0    0.019263610  0.019263610   0.038527220   0.000000000
  dxz         0    0.009320638  0.009320638   0.018641276   0.000000000
  dyz         0    0.009626347  0.009626347   0.019252694   0.000000000
   sum over m      0.060259815  0.060259815   0.120519629   0.000000000
   sum over m+mul  0.060259815  0.060259815   0.120519629   0.000000000

   18    C          Up spin      Down spin     Sum           Diff
            multiple
  s           0    0.545452353  0.545452353   1.090904706   0.000000000
   sum over m      0.545452353  0.545452353   1.090904706   0.000000000
  s           1    0.010931413  0.010931413   0.021862827   0.000000000
   sum over m      0.010931413  0.010931413   0.021862827   0.000000000
   sum over m+mul  0.556383767  0.556383767   1.112767533   0.000000000
  px          0    0.407630730  0.407630730   0.815261461   0.000000000
  py          0    0.411307917  0.411307917   0.822615835   0.000000000
  pz          0    0.505596446  0.505596446   1.011192892   0.000000000
   sum over m      1.324535094  1.324535094   2.649070188   0.000000000
  px          1    0.008533279  0.008533279   0.017066558   0.000000000
  py          1    0.034426416  0.034426416   0.068852831   0.000000000
  pz          1   -0.010188999 -0.010188999  -0.020377998   0.000000000
   sum over m      0.032770696  0.032770696   0.065541391   0.000000000
   sum over m+mul  1.357305790  1.357305790   2.714611579   0.000000000
  d3z^2-r^2   0    0.002823619  0.002823619   0.005647239   0.000000000
  dx^2-y^2    0    0.019210191  0.019210191   0.038420383   0.000000000
  dxy         0    0.023076736  0.023076736   0.046153473   0.000000000
  dxz         0    0.008182062  0.008182062   0.016364125   0.000000000
  dyz         0    0.007043874  0.007043874   0.014087747   0.000000000
   sum over m      0.060336483  0.060336483   0.120672966   0.000000000
   sum over m+mul  0.060336483  0.060336483   0.120672966   0.000000000

   19    C          Up spin      Down spin     Sum           Diff
            multiple
  s           0    0.674017396  0.674017396   1.348034792   0.000000000
   sum over m      0.674017396  0.674017396   1.348034792   0.000000000
  s           1    0.009029614  0.009029614   0.018059229   0.000000000
   sum over m      0.009029614  0.009029614   0.018059229   0.000000000
   sum over m+mul  0.683047011  0.683047011   1.366094021   0.000000000
  px          0    0.517297780  0.517297780   1.034595561   0.000000000
  py          0    0.415750403  0.415750403   0.831500806   0.000000000
  pz          0    0.361896430  0.361896430   0.723792860   0.000000000
   sum over m      1.294944613  1.294944613   2.589889227   0.000000000
  px          1    0.004855115  0.004855115   0.009710230   0.000000000
  py          1    0.025191509  0.025191509   0.050383017   0.000000000
  pz          1   -0.009935976 -0.009935976  -0.019871952   0.000000000
   sum over m      0.020110648  0.020110648   0.040221296   0.000000000
   sum over m+mul  1.315055262  1.315055262   2.630110523   0.000000000
  d3z^2-r^2   0    0.003298539  0.003298539   0.006597078   0.000000000
  dx^2-y^2    0    0.008792502  0.008792502   0.017585003   0.000000000
  dxy         0    0.013917827  0.013917827   0.027835654   0.000000000
  dxz         0    0.004309048  0.004309048   0.008618096   0.000000000
  dyz         0    0.009457277  0.009457277   0.018914554   0.000000000
   sum over m      0.039775192  0.039775192   0.079550385   0.000000000
   sum over m+mul  0.039775192  0.039775192   0.079550385   0.000000000

   20    C          Up spin      Down spin     Sum           Diff
            multiple
  s           0    0.551399852  0.551399852   1.102799703   0.000000000
   sum over m      0.551399852  0.551399852   1.102799703   0.000000000
  s           1    0.011930567  0.011930567   0.023861134   0.000000000
   sum over m      0.011930567  0.011930567   0.023861134   0.000000000
   sum over m+mul  0.563330419  0.563330419   1.126660837   0.000000000
  px          0    0.416951074  0.416951074   0.833902147   0.000000000
  py          0    0.416556775  0.416556775   0.833113551   0.000000000
  pz          0    0.497957052  0.497957052   0.995914104   0.000000000
   sum over m      1.331464901  1.331464901   2.662929802   0.000000000
  px          1    0.025401281  0.025401281   0.050802561   0.000000000
  py          1    0.024951037  0.024951037   0.049902074   0.000000000
  pz          1   -0.009558100 -0.009558100  -0.019116200   0.000000000
   sum over m      0.040794217  0.040794217   0.081588435   0.000000000
   sum over m+mul  1.372259118  1.372259118   2.744518237   0.000000000
  d3z^2-r^2   0    0.002920219  0.002920219   0.005840437   0.000000000
  dx^2-y^2    0    0.017616733  0.017616733   0.035233465   0.000000000
  dxy         0    0.018120293  0.018120293   0.036240585   0.000000000
  dxz         0    0.008981901  0.008981901   0.017963802   0.000000000
  dyz         0    0.009558086  0.009558086   0.019116171   0.000000000
   sum over m      0.057197231  0.057197231   0.114394461   0.000000000
   sum over m+mul  0.057197231  0.057197231   0.114394461   0.000000000

   21    C          Up spin      Down spin     Sum           Diff
            multiple
  s           0    0.557197982  0.557197982   1.114395965   0.000000000
   sum over m      0.557197982  0.557197982   1.114395965   0.000000000
  s           1    0.012107903  0.012107903   0.024215807   0.000000000
   sum over m      0.012107903  0.012107903   0.024215807   0.000000000
   sum over m+mul  0.569305886  0.569305886   1.138611772   0.000000000
  px          0    0.420071132  0.420071132   0.840142264   0.000000000
  py          0    0.421249731  0.421249731   0.842499462   0.000000000
  pz          0    0.485233408  0.485233408   0.970466816   0.000000000
   sum over m      1.326554271  1.326554271   2.653108542   0.000000000
  px          1    0.025024847  0.025024847   0.050049693   0.000000000
  py          1    0.025562957  0.025562957   0.051125914   0.000000000
  pz          1   -0.009949866 -0.009949866  -0.019899733   0.000000000
   sum over m      0.040637937  0.040637937   0.081275874   0.000000000
   sum over m+mul  1.367192208  1.367192208   2.734384417   0.000000000
  d3z^2-r^2   0    0.002869039  0.002869039   0.005738078   0.000000000
  dx^2-y^2    0    0.018250435  0.018250435   0.036500871   0.000000000
  dxy         0    0.017940754  0.017940754   0.035881508   0.000000000
  dxz         0    0.009534865  0.009534865   0.019069731   0.000000000
  dyz         0    0.009706368  0.009706368   0.019412736   0.000000000
   sum over m      0.058301462  0.058301462   0.116602923   0.000000000
   sum over m+mul  0.058301462  0.058301462   0.116602923   0.000000000

   22    C          Up spin      Down spin     Sum           Diff
            multiple
  s           0    0.557214562  0.557214562   1.114429124   0.000000000
   sum over m      0.557214562  0.557214562   1.114429124   0.000000000
  s           1    0.012105644  0.012105644   0.024211288   0.000000000
   sum over m      0.012105644  0.012105644   0.024211288   0.000000000
   sum over m+mul  0.569320206  0.569320206   1.138640412   0.000000000
  px          0    0.420075047  0.420075047   0.840150093   0.000000000
  py          0    0.421257646  0.421257646   0.842515292   0.000000000
  pz          0    0.485233864  0.485233864   0.970467728   0.000000000
   sum over m      1.326566557  1.326566557   2.653133113   0.000000000
  px          1    0.025021009  0.025021009   0.050042018   0.000000000
  py          1    0.025557970  0.025557970   0.051115939   0.000000000
  pz          1   -0.009949597 -0.009949597  -0.019899194   0.000000000
   sum over m      0.040629381  0.040629381   0.081258763   0.000000000
   sum over m+mul  1.367195938  1.367195938   2.734391876   0.000000000
  d3z^2-r^2   0    0.002869030  0.002869030   0.005738059   0.000000000
  dx^2-y^2    0    0.018248769  0.018248769   0.036497538   0.000000000
  dxy         0    0.017939667  0.017939667   0.035879334   0.000000000
  dxz         0    0.009534276  0.009534276   0.019068552   0.000000000
  dyz         0    0.009704897  0.009704897   0.019409794   0.000000000
   sum over m      0.058296638  0.058296638   0.116593277   0.000000000
   sum over m+mul  0.058296638  0.058296638   0.116593277   0.000000000

   23    C          Up spin      Down spin     Sum           Diff
            multiple
  s           0    0.551400878  0.551400878   1.102801756   0.000000000
   sum over m      0.551400878  0.551400878   1.102801756   0.000000000
  s           1    0.011930450  0.011930450   0.023860900   0.000000000
   sum over m      0.011930450  0.011930450   0.023860900   0.000000000
   sum over m+mul  0.563331328  0.563331328   1.126662655   0.000000000
  px          0    0.416950896  0.416950896   0.833901792   0.000000000
  py          0    0.416557014  0.416557014   0.833114028   0.000000000
  pz          0    0.497959092  0.497959092   0.995918184   0.000000000
   sum over m      1.331467002  1.331467002   2.662934004   0.000000000
  px          1    0.025399550  0.025399550   0.050799099   0.000000000
  py          1    0.024951347  0.024951347   0.049902694   0.000000000
  pz          1   -0.009557860 -0.009557860  -0.019115721   0.000000000
   sum over m      0.040793036  0.040793036   0.081586073   0.000000000
   sum over m+mul  1.372260038  1.372260038   2.744520077   0.000000000
  d3z^2-r^2   0    0.002920212  0.002920212   0.005840423   0.000000000
  dx^2-y^2    0    0.017617602  0.017617602   0.035235205   0.000000000
  dxy         0    0.018119795  0.018119795   0.036239591   0.000000000
  dxz         0    0.008981444  0.008981444   0.017962889   0.000000000
  dyz         0    0.009558394  0.009558394   0.019116788   0.000000000
   sum over m      0.057197447  0.057197447   0.114394895   0.000000000
   sum over m+mul  0.057197447  0.057197447   0.114394895   0.000000000

   24    C          Up spin      Down spin     Sum           Diff
            multiple
  s           0    0.674086858  0.674086858   1.348173716   0.000000000
   sum over m      0.674086858  0.674086858   1.348173716   0.000000000
  s           1    0.009025215  0.009025215   0.018050430   0.000000000
   sum over m      0.009025215  0.009025215   0.018050430   0.000000000
   sum over m+mul  0.683112073  0.683112073   1.366224146   0.000000000
  px          0    0.517320699  0.517320699   1.034641397   0.000000000
  py          0    0.415755946  0.415755946   0.831511892   0.000000000
  pz          0    0.361853885  0.361853885   0.723707770   0.000000000
   sum over m      1.294930530  1.294930530   2.589861059   0.000000000
  px          1    0.004854069  0.004854069   0.009708139   0.000000000
  py          1    0.025177015  0.025177015   0.050354030   0.000000000
  pz          1   -0.009934905 -0.009934905  -0.019869809   0.000000000
   sum over m      0.020096180  0.020096180   0.040192359   0.000000000
   sum over m+mul  1.315026709  1.315026709   2.630053419   0.000000000
  d3z^2-r^2   0    0.003298978  0.003298978   0.006597955   0.000000000
  dx^2-y^2    0    0.008790543  0.008790543   0.017581085   0.000000000
  dxy         0    0.013917603  0.013917603   0.027835207   0.000000000
  dxz         0    0.004308965  0.004308965   0.008617930   0.000000000
  dyz         0    0.009453717  0.009453717   0.018907435   0.000000000
   sum over m      0.039769806  0.039769806   0.079539612   0.000000000
   sum over m+mul  0.039769806  0.039769806   0.079539612   0.000000000

   25    C          Up spin      Down spin     Sum           Diff
            multiple
  s           0    0.540388069  0.540388069   1.080776137   0.000000000
   sum over m      0.540388069  0.540388069   1.080776137   0.000000000
  s           1    0.012826036  0.012826036   0.025652072   0.000000000
   sum over m      0.012826036  0.012826036   0.025652072   0.000000000
   sum over m+mul  0.553214105  0.553214105   1.106428209   0.000000000
  px          0    0.410125442  0.410125442   0.820250883   0.000000000
  py          0    0.417595412  0.417595412   0.835190824   0.000000000
  pz          0    0.502932140  0.502932140   1.005864280   0.000000000
   sum over m      1.330652994  1.330652994   2.661305987   0.000000000
  px          1    0.011388410  0.011388410   0.022776819   0.000000000
  py          1    0.036479436  0.036479436   0.072958873   0.000000000
  pz          1   -0.010435982 -0.010435982  -0.020871964   0.000000000
   sum over m      0.037431864  0.037431864   0.074863728   0.000000000
   sum over m+mul  1.368084858  1.368084858   2.736169715   0.000000000
  d3z^2-r^2   0    0.002709300  0.002709300   0.005418601   0.000000000
  dx^2-y^2    0    0.019160533  0.019160533   0.038321067   0.000000000
  dxy         0    0.023497753  0.023497753   0.046995507   0.000000000
  dxz         0    0.008294511  0.008294511   0.016589022   0.000000000
  dyz         0    0.005156879  0.005156879   0.010313758   0.000000000
   sum over m      0.058818977  0.058818977   0.117637955   0.000000000
   sum over m+mul  0.058818977  0.058818977   0.117637955   0.000000000

   26    C          Up spin      Down spin     Sum           Diff
            multiple
  s           0    0.557665407  0.557665407   1.115330814   0.000000000
   sum over m      0.557665407  0.557665407   1.115330814   0.000000000
  s           1    0.011926127  0.011926127   0.023852255   0.000000000
   sum over m      0.011926127  0.011926127   0.023852255   0.000000000
   sum over m+mul  0.569591535  0.569591535   1.139183069   0.000000000
  px          0    0.411443082  0.411443082   0.822886165   0.000000000
  py          0    0.419796819  0.419796819   0.839593638   0.000000000
  pz          0    0.494578002  0.494578002   0.989156004   0.000000000
   sum over m      1.325817903  1.325817903   2.651635807   0.000000000
  px          1    0.021597123  0.021597123   0.043194247   0.000000000
  py          1    0.027988827  0.027988827   0.055977654   0.000000000
  pz          1   -0.009469850 -0.009469850  -0.018939701   0.000000000
   sum over m      0.040116100  0.040116100   0.080232200   0.000000000
   sum over m+mul  1.365934003  1.365934003   2.731868007   0.000000000
  d3z^2-r^2   0    0.003089898  0.003089898   0.006179796   0.000000000
  dx^2-y^2    0    0.018453716  0.018453716   0.036907431   0.000000000
  dxy         0    0.019852846  0.019852846   0.039705691   0.000000000
  dxz         0    0.009410253  0.009410253   0.018820506   0.000000000
  dyz         0    0.009480803  0.009480803   0.018961607   0.000000000
   sum over m      0.060287515  0.060287515   0.120575031   0.000000000
   sum over m+mul  0.060287515  0.060287515   0.120575031   0.000000000

   27    C          Up spin      Down spin     Sum           Diff
            multiple
  s           0    0.552397720  0.552397720   1.104795441   0.000000000
   sum over m      0.552397720  0.552397720   1.104795441   0.000000000
  s           1    0.012360381  0.012360381   0.024720763   0.000000000
   sum over m      0.012360381  0.012360381   0.024720763   0.000000000
   sum over m+mul  0.564758102  0.564758102   1.129516204   0.000000000
  px          0    0.419907021  0.419907021   0.839814042   0.000000000
  py          0    0.417988576  0.417988576   0.835977152   0.000000000
  pz          0    0.496970585  0.496970585   0.993941169   0.000000000
   sum over m      1.334866182  1.334866182   2.669732363   0.000000000
  px          1    0.024936004  0.024936004   0.049872008   0.000000000
  py          1    0.026157377  0.026157377   0.052314754   0.000000000
  pz          1   -0.009721824 -0.009721824  -0.019443649   0.000000000
   sum over m      0.041371556  0.041371556   0.082743113   0.000000000
   sum over m+mul  1.376237738  1.376237738   2.752475476   0.000000000
  d3z^2-r^2   0    0.002856785  0.002856785   0.005713569   0.000000000
  dx^2-y^2    0    0.018146108  0.018146108   0.036292216   0.000000000
  dxy         0    0.017800546  0.017800546   0.035601091   0.000000000
  dxz         0    0.009322061  0.009322061   0.018644121   0.000000000
  dyz         0    0.008814618  0.008814618   0.017629237   0.000000000
   sum over m      0.056940117  0.056940117   0.113880235   0.000000000
   sum over m+mul  0.056940117  0.056940117   0.113880235   0.000000000

   28    C          Up spin      Down spin     Sum           Diff
            multiple
  s           0    0.552409293  0.552409293   1.104818586   0.000000000
   sum over m      0.552409293  0.552409293   1.104818586   0.000000000
  s           1    0.012358714  0.012358714   0.024717428   0.000000000
   sum over m      0.012358714  0.012358714   0.024717428   0.000000000
   sum over m+mul  0.564768007  0.564768007   1.129536014   0.000000000
  px          0    0.419907251  0.419907251   0.839814502   0.000000000
  py          0    0.417995870  0.417995870   0.835991739   0.000000000
  pz          0    0.496969993  0.496969993   0.993939987   0.000000000
   sum over m      1.334873114  1.334873114   2.669746228   0.000000000
  px          1    0.024934348  0.024934348   0.049868696   0.000000000
  py          1    0.026152875  0.026152875   0.052305751   0.000000000
  pz          1   -0.009722012 -0.009722012  -0.019444025   0.000000000
   sum over m      0.041365211  0.041365211   0.082730422   0.000000000
   sum over m+mul  1.376238325  1.376238325   2.752476650   0.000000000
  d3z^2-r^2   0    0.002856788  0.002856788   0.005713576   0.000000000
  dx^2-y^2    0    0.018144925  0.018144925   0.036289850   0.000000000
  dxy         0    0.017800010  0.017800010   0.035600020   0.000000000
  dxz         0    0.009321768  0.009321768   0.018643537   0.000000000
  dyz         0    0.008813595  0.008813595   0.017627189   0.000000000
   sum over m      0.056937086  0.056937086   0.113874171   0.000000000
   sum over m+mul  0.056937086  0.056937086   0.113874171   0.000000000

   29    C          Up spin      Down spin     Sum           Diff
            multiple
  s           0    0.557635389  0.557635389   1.115270779   0.000000000
   sum over m      0.557635389  0.557635389   1.115270779   0.000000000
  s           1    0.011928303  0.011928303   0.023856606   0.000000000
   sum over m      0.011928303  0.011928303   0.023856606   0.000000000
   sum over m+mul  0.569563692  0.569563692   1.139127385   0.000000000
  px          0    0.411447032  0.411447032   0.822894064   0.000000000
  py          0    0.419786934  0.419786934   0.839573867   0.000000000
  pz          0    0.494568485  0.494568485   0.989136969   0.000000000
   sum over m      1.325802450  1.325802450   2.651604901   0.000000000
  px          1    0.021606550  0.021606550   0.043213099   0.000000000
  py          1    0.027992249  0.027992249   0.055984498   0.000000000
  pz          1   -0.009470952 -0.009470952  -0.018941904   0.000000000
   sum over m      0.040127847  0.040127847   0.080255694   0.000000000
   sum over m+mul  1.365930297  1.365930297   2.731860595   0.000000000
  d3z^2-r^2   0    0.003089779  0.003089779   0.006179559   0.000000000
  dx^2-y^2    0    0.018454891  0.018454891   0.036909782   0.000000000
  dxy         0    0.019855020  0.019855020   0.039710039   0.000000000
  dxz         0    0.009412028  0.009412028   0.018824055   0.000000000
  dyz         0    0.009481624  0.009481624   0.018963249   0.000000000
   sum over m      0.060293342  0.060293342   0.120586684   0.000000000
   sum over m+mul  0.060293342  0.060293342   0.120586684   0.000000000

   30    C          Up spin      Down spin     Sum           Diff
            multiple
  s           0    0.540397788  0.540397788   1.080795576   0.000000000
   sum over m      0.540397788  0.540397788   1.080795576   0.000000000
  s           1    0.012824482  0.012824482   0.025648965   0.000000000
   sum over m      0.012824482  0.012824482   0.025648965   0.000000000
   sum over m+mul  0.553222270  0.553222270   1.106444541   0.000000000
  px          0    0.410120638  0.410120638   0.820241276   0.000000000
  py          0    0.417606033  0.417606033   0.835212066   0.000000000
  pz          0    0.502929295  0.502929295   1.005858590   0.000000000
   sum over m      1.330655966  1.330655966   2.661311932   0.000000000
  px          1    0.011399417  0.011399417   0.022798833   0.000000000
  py          1    0.036465179  0.036465179   0.072930357   0.000000000
  pz          1   -0.010436299 -0.010436299  -0.020872598   0.000000000
   sum over m      0.037428297  0.037428297   0.074856593   0.000000000
   sum over m+mul  1.368084263  1.368084263   2.736168525   0.000000000
  d3z^2-r^2   0    0.002709292  0.002709292   0.005418583   0.000000000
  dx^2-y^2    0    0.019161495  0.019161495   0.038322989   0.000000000
  dxy         0    0.023495087  0.023495087   0.046990174   0.000000000
  dxz         0    0.008295914  0.008295914   0.016591829   0.000000000
  dyz         0    0.005153996  0.005153996   0.010307992   0.000000000
   sum over m      0.058815783  0.058815783   0.117631567   0.000000000
   sum over m+mul  0.058815783  0.058815783   0.117631567   0.000000000

   31    C          Up spin      Down spin     Sum           Diff
            multiple
  s           0    0.674027980  0.674027980   1.348055961   0.000000000
   sum over m      0.674027980  0.674027980   1.348055961   0.000000000
  s           1    0.009028941  0.009028941   0.018057881   0.000000000
   sum over m      0.009028941  0.009028941   0.018057881   0.000000000
   sum over m+mul  0.683056921  0.683056921   1.366113842   0.000000000
  px          0    0.517299324  0.517299324   1.034598649   0.000000000
  py          0    0.415750664  0.415750664   0.831501328   0.000000000
  pz          0    0.361890509  0.361890509   0.723781017   0.000000000
   sum over m      1.294940497  1.294940497   2.589880994   0.000000000
  px          1    0.004854713  0.004854713   0.009709425   0.000000000
  py          1    0.025189851  0.025189851   0.050379703   0.000000000
  pz          1   -0.009935800 -0.009935800  -0.019871600   0.000000000
   sum over m      0.020108764  0.020108764   0.040217528   0.000000000
   sum over m+mul  1.315049261  1.315049261   2.630098522   0.000000000
  d3z^2-r^2   0    0.003298623  0.003298623   0.006597246   0.000000000
  dx^2-y^2    0    0.008792226  0.008792226   0.017584452   0.000000000
  dxy         0    0.013917765  0.013917765   0.027835530   0.000000000
  dxz         0    0.004308983  0.004308983   0.008617966   0.000000000
  dyz         0    0.009456873  0.009456873   0.018913746   0.000000000
   sum over m      0.039774470  0.039774470   0.079548940   0.000000000
   sum over m+mul  0.039774470  0.039774470   0.079548940   0.000000000

   32    C          Up spin      Down spin     Sum           Diff
            multiple
  s           0    0.551400945  0.551400945   1.102801890   0.000000000
   sum over m      0.551400945  0.551400945   1.102801890   0.000000000
  s           1    0.011930509  0.011930509   0.023861017   0.000000000
   sum over m      0.011930509  0.011930509   0.023861017   0.000000000
   sum over m+mul  0.563331454  0.563331454   1.126662907   0.000000000
  px          0    0.416950578  0.416950578   0.833901157   0.000000000
  py          0    0.416557908  0.416557908   0.833115816   0.000000000
  pz          0    0.497957878  0.497957878   0.995915756   0.000000000
   sum over m      1.331466365  1.331466365   2.662932729   0.000000000
  px          1    0.025401692  0.025401692   0.050803385   0.000000000
  py          1    0.024950092  0.024950092   0.049900184   0.000000000
  pz          1   -0.009558016 -0.009558016  -0.019116032   0.000000000
   sum over m      0.040793768  0.040793768   0.081587537   0.000000000
   sum over m+mul  1.372260133  1.372260133   2.744520266   0.000000000
  d3z^2-r^2   0    0.002920214  0.002920214   0.005840428   0.000000000
  dx^2-y^2    0    0.017616414  0.017616414   0.035232828   0.000000000
  dxy         0    0.018120430  0.018120430   0.036240860   0.000000000
  dxz         0    0.008982054  0.008982054   0.017964109   0.000000000
  dyz         0    0.009557838  0.009557838   0.019115676   0.000000000
   sum over m      0.057196951  0.057196951   0.114393901   0.000000000
   sum over m+mul  0.057196951  0.057196951   0.114393901   0.000000000

   33    C          Up spin      Down spin     Sum           Diff
            multiple
  s           0    0.557195932  0.557195932   1.114391865   0.000000000
   sum over m      0.557195932  0.557195932   1.114391865   0.000000000
  s           1    0.012108162  0.012108162   0.024216324   0.000000000
   sum over m      0.012108162  0.012108162   0.024216324   0.000000000
   sum over m+mul  0.569304094  0.569304094   1.138608189   0.000000000
  px          0    0.420071694  0.420071694   0.840143388   0.000000000
  py          0    0.421247990  0.421247990   0.842495981   0.000000000
  pz          0    0.485233375  0.485233375   0.970466750   0.000000000
   sum over m      1.326553059  1.326553059   2.653106118   0.000000000
  px          1    0.025025087  0.025025087   0.050050173   0.000000000
  py          1    0.025563587  0.025563587   0.051127175   0.000000000
  pz          1   -0.009949953 -0.009949953  -0.019899906   0.000000000
   sum over m      0.040638721  0.040638721   0.081277442   0.000000000
   sum over m+mul  1.367191780  1.367191780   2.734383560   0.000000000
  d3z^2-r^2   0    0.002869040  0.002869040   0.005738080   0.000000000
  dx^2-y^2    0    0.018250776  0.018250776   0.036501552   0.000000000
  dxy         0    0.017940696  0.017940696   0.035881391   0.000000000
  dxz         0    0.009534848  0.009534848   0.019069696   0.000000000
  dyz         0    0.009706571  0.009706571   0.019413141   0.000000000
   sum over m      0.058301930  0.058301930   0.116603860   0.000000000
   sum over m+mul  0.058301930  0.058301930   0.116603860   0.000000000

   34    C          Up spin      Down spin     Sum           Diff
            multiple
  s           0    0.557215399  0.557215399   1.114430798   0.000000000
   sum over m      0.557215399  0.557215399   1.114430798   0.000000000
  s           1    0.012105530  0.012105530   0.024211060   0.000000000
   sum over m      0.012105530  0.012105530   0.024211060   0.000000000
   sum over m+mul  0.569320929  0.569320929   1.138641858   0.000000000
  px          0    0.420075200  0.420075200   0.840150401   0.000000000
  py          0    0.421257601  0.421257601   0.842515202   0.000000000
  pz          0    0.485234968  0.485234968   0.970469937   0.000000000
   sum over m      1.326567770  1.326567770   2.653135539   0.000000000
  px          1    0.025020549  0.025020549   0.050041098   0.000000000
  py          1    0.025557614  0.025557614   0.051115227   0.000000000
  pz          1   -0.009949529 -0.009949529  -0.019899057   0.000000000
   sum over m      0.040628634  0.040628634   0.081257268   0.000000000
   sum over m+mul  1.367196404  1.367196404   2.734392807   0.000000000
  d3z^2-r^2   0    0.002869026  0.002869026   0.005738052   0.000000000
  dx^2-y^2    0    0.018248686  0.018248686   0.036497373   0.000000000
  dxy         0    0.017939548  0.017939548   0.035879096   0.000000000
  dxz         0    0.009534199  0.009534199   0.019068397   0.000000000
  dyz         0    0.009704840  0.009704840   0.019409679   0.000000000
   sum over m      0.058296299  0.058296299   0.116592598   0.000000000
   sum over m+mul  0.058296299  0.058296299   0.116592598   0.000000000

   35    C          Up spin      Down spin     Sum           Diff
            multiple
  s           0    0.551399845  0.551399845   1.102799691   0.000000000
   sum over m      0.551399845  0.551399845   1.102799691   0.000000000
  s           1    0.011930647  0.011930647   0.023861294   0.000000000
   sum over m      0.011930647  0.011930647   0.023861294   0.000000000
   sum over m+mul  0.563330492  0.563330492   1.126660985   0.000000000
  px          0    0.416950993  0.416950993   0.833901986   0.000000000
  py          0    0.416556761  0.416556761   0.833113523   0.000000000
  pz          0    0.497958818  0.497958818   0.995917636   0.000000000
   sum over m      1.331466573  1.331466573   2.662933145   0.000000000
  px          1    0.025399418  0.025399418   0.050798835   0.000000000
  py          1    0.024952206  0.024952206   0.049904413   0.000000000
  pz          1   -0.009557887 -0.009557887  -0.019115774   0.000000000
   sum over m      0.040793737  0.040793737   0.081587474   0.000000000
   sum over m+mul  1.372260310  1.372260310   2.744520620   0.000000000
  d3z^2-r^2   0    0.002920221  0.002920221   0.005840443   0.000000000
  dx^2-y^2    0    0.017617732  0.017617732   0.035235464   0.000000000
  dxy         0    0.018119750  0.018119750   0.036239500   0.000000000
  dxz         0    0.008981443  0.008981443   0.017962886   0.000000000
  dyz         0    0.009558522  0.009558522   0.019117044   0.000000000
   sum over m      0.057197668  0.057197668   0.114395336   0.000000000
   sum over m+mul  0.057197668  0.057197668   0.114395336   0.000000000

   36    C          Up spin      Down spin     Sum           Diff
            multiple
  s           0    0.674082551  0.674082551   1.348165102   0.000000000
   sum over m      0.674082551  0.674082551   1.348165102   0.000000000
  s           1    0.009025492  0.009025492   0.018050984   0.000000000
   sum over m      0.009025492  0.009025492   0.018050984   0.000000000
   sum over m+mul  0.683108043  0.683108043   1.366216085   0.000000000
  px          0    0.517319185  0.517319185   1.034638369   0.000000000
  py          0    0.415755462  0.415755462   0.831510923   0.000000000
  pz          0    0.361857685  0.361857685   0.723715370   0.000000000
   sum over m      1.294932331  1.294932331   2.589864663   0.000000000
  px          1    0.004854257  0.004854257   0.009708515   0.000000000
  py          1    0.025177456  0.025177456   0.050354911   0.000000000
  pz          1   -0.009934920 -0.009934920  -0.019869841   0.000000000
   sum over m      0.020096793  0.020096793   0.040193585   0.000000000
   sum over m+mul  1.315029124  1.315029124   2.630058248   0.000000000
  d3z^2-r^2   0    0.003298928  0.003298928   0.006597856   0.000000000
  dx^2-y^2    0    0.008790620  0.008790620   0.017581240   0.000000000
  dxy         0    0.013917536  0.013917536   0.027835072   0.000000000
  dxz         0    0.004308942  0.004308942   0.008617884   0.000000000
  dyz         0    0.009453869  0.009453869   0.018907739   0.000000000
   sum over m      0.039769896  0.039769896   0.079539791   0.000000000
   sum over m+mul  0.039769896  0.039769896   0.079539791   0.000000000

   37    C          Up spin      Down spin     Sum           Diff
            multiple
  s           0    0.545449020  0.545449020   1.090898041   0.000000000
   sum over m      0.545449020  0.545449020   1.090898041   0.000000000
  s           1    0.010933276  0.010933276   0.021866552   0.000000000
   sum over m      0.010933276  0.010933276   0.021866552   0.000000000
   sum over m+mul  0.556382296  0.556382296   1.112764593   0.000000000
  px          0    0.407633904  0.407633904   0.815267808   0.000000000
  py          0    0.411301576  0.411301576   0.822603153   0.000000000
  pz          0    0.505597489  0.505597489   1.011194978   0.000000000
   sum over m      1.324532969  1.324532969   2.649065939   0.000000000
  px          1    0.008531023  0.008531023   0.017062046   0.000000000
  py          1    0.034433017  0.034433017   0.068866033   0.000000000
  pz          1   -0.010188777 -0.010188777  -0.020377553   0.000000000
   sum over m      0.032775263  0.032775263   0.065550526   0.000000000
   sum over m+mul  1.357308232  1.357308232   2.714616465   0.000000000
  d3z^2-r^2   0    0.002823598  0.002823598   0.005647196   0.000000000
  dx^2-y^2    0    0.019211038  0.019211038   0.038422076   0.000000000
  dxy         0    0.023077173  0.023077173   0.046154347   0.000000000
  dxz         0    0.008181306  0.008181306   0.016362612   0.000000000
  dyz         0    0.007044473  0.007044473   0.014088945   0.000000000
   sum over m      0.060337588  0.060337588   0.120675175   0.000000000
   sum over m+mul  0.060337588  0.060337588   0.120675175   0.000000000

   38    C          Up spin      Down spin     Sum           Diff
            multiple
  s           0    0.562799060  0.562799060   1.125598120   0.000000000
   sum over m      0.562799060  0.562799060   1.125598120   0.000000000
  s           1    0.011346488  0.011346488   0.022692975   0.000000000
   sum over m      0.011346488  0.011346488   0.022692975   0.000000000
   sum over m+mul  0.574145547  0.574145547   1.148291095   0.000000000
  px          0    0.407880661  0.407880661   0.815761322   0.000000000
  py          0    0.417242075  0.417242075   0.834484149   0.000000000
  pz          0    0.488409109  0.488409109   0.976818217   0.000000000
   sum over m      1.313531844  1.313531844   2.627063688   0.000000000
  px          1    0.020847924  0.020847924   0.041695849   0.000000000
  py          1    0.027222948  0.027222948   0.054445896   0.000000000
  pz          1   -0.009431420 -0.009431420  -0.018862840   0.000000000
   sum over m      0.038639453  0.038639453   0.077278906   0.000000000
   sum over m+mul  1.352171297  1.352171297   2.704342594   0.000000000
  d3z^2-r^2   0    0.003144163  0.003144163   0.006288325   0.000000000
  dx^2-y^2    0    0.018905393  0.018905393   0.037810786   0.000000000
  dxy         0    0.019262553  0.019262553   0.038525106   0.000000000
  dxz         0    0.009319806  0.009319806   0.018639611   0.000000000
  dyz         0    0.009626652  0.009626652   0.019253304   0.000000000
   sum over m      0.060258567  0.060258567   0.120517133   0.000000000
   sum over m+mul  0.060258567  0.060258567   0.120517133   0.000000000

   39    C          Up spin      Down spin     Sum           Diff
            multiple
  s           0    0.555107555  0.555107555   1.110215110   0.000000000
   sum over m      0.555107555  0.555107555   1.110215110   0.000000000
  s           1    0.011703649  0.011703649   0.023407298   0.000000000
   sum over m      0.011703649  0.011703649   0.023407298   0.000000000
   sum over m+mul  0.566811204  0.566811204   1.133622408   0.000000000
  px          0    0.419832296  0.419832296   0.839664593   0.000000000
  py          0    0.413104594  0.413104594   0.826209188   0.000000000
  pz          0    0.495523167  0.495523167   0.991046335   0.000000000
   sum over m      1.328460057  1.328460057   2.656920115   0.000000000
  px          1    0.024514824  0.024514824   0.049029648   0.000000000
  py          1    0.025222654  0.025222654   0.050445309   0.000000000
  pz          1   -0.009465883 -0.009465883  -0.018931766   0.000000000
   sum over m      0.040271596  0.040271596   0.080543191   0.000000000
   sum over m+mul  1.368731653  1.368731653   2.737463306   0.000000000
  d3z^2-r^2   0    0.002976673  0.002976673   0.005953345   0.000000000
  dx^2-y^2    0    0.017915563  0.017915563   0.035831126   0.000000000
  dxy         0    0.017543706  0.017543706   0.035087411   0.000000000
  dxz         0    0.009116356  0.009116356   0.018232712   0.000000000
  dyz         0    0.009019084  0.009019084   0.018038167   0.000000000
   sum over m      0.056571380  0.056571380   0.113142761   0.000000000
   sum over m+mul  0.056571380  0.056571380   0.113142761   0.000000000

   40    C          Up spin      Down spin     Sum           Diff
            multiple
  s           0    0.555116062  0.555116062   1.110232124   0.000000000
   sum over m      0.555116062  0.555116062   1.110232124   0.000000000
  s           1    0.011702842  0.011702842   0.023405684   0.000000000
   sum over m      0.011702842  0.011702842   0.023405684   0.000000000
   sum over m+mul  0.566818904  0.566818904   1.133637807   0.000000000
  px          0    0.419830650  0.419830650   0.839661300   0.000000000
  py          0    0.413111447  0.413111447   0.826222893   0.000000000
  pz          0    0.495520376  0.495520376   0.991040753   0.000000000
   sum over m      1.328462473  1.328462473   2.656924946   0.000000000
  px          1    0.024514563  0.024514563   0.049029127   0.000000000
  py          1    0.025219480  0.025219480   0.050438961   0.000000000
  pz          1   -0.009465713 -0.009465713  -0.018931425   0.000000000
   sum over m      0.040268331  0.040268331   0.080536662   0.000000000
   sum over m+mul  1.368730804  1.368730804   2.737461608   0.000000000
  d3z^2-r^2   0    0.002976686  0.002976686   0.005953373   0.000000000
  dx^2-y^2    0    0.017914643  0.017914643   0.035829285   0.000000000
  dxy         0    0.017543853  0.017543853   0.035087705   0.000000000
  dxz         0    0.009116489  0.009116489   0.018232978   0.000000000
  dyz         0    0.009018201  0.009018201   0.018036402   0.000000000
   sum over m      0.056569872  0.056569872   0.113139743   0.000000000
   sum over m+mul  0.056569872  0.056569872   0.113139743   0.000000000

   41    C          Up spin      Down spin     Sum           Diff
            multiple
  s           0    0.562790463  0.562790463   1.125580926   0.000000000
   sum over m      0.562790463  0.562790463   1.125580926   0.000000000
  s           1    0.011347098  0.011347098   0.022694197   0.000000000
   sum over m      0.011347098  0.011347098   0.022694197   0.000000000
   sum over m+mul  0.574137562  0.574137562   1.148275123   0.000000000
  px          0    0.407875931  0.407875931   0.815751861   0.000000000
  py          0    0.417241346  0.417241346   0.834482692   0.000000000
  pz          0    0.488411547  0.488411547   0.976823093   0.000000000
   sum over m      1.313528823  1.313528823   2.627057646   0.000000000
  px          1    0.020851283  0.020851283   0.041702565   0.000000000
  py          1    0.027222033  0.027222033   0.054444066   0.000000000
  pz          1   -0.009431805 -0.009431805  -0.018863610   0.000000000
   sum over m      0.038641510  0.038641510   0.077283021   0.000000000
   sum over m+mul  1.352170334  1.352170334   2.704340667   0.000000000
  d3z^2-r^2   0    0.003144107  0.003144107   0.006288215   0.000000000
  dx^2-y^2    0    0.018905211  0.018905211   0.037810422   0.000000000
  dxy         0    0.019264005  0.019264005   0.038528010   0.000000000
  dxz         0    0.009320792  0.009320792   0.018641583   0.000000000
  dyz         0    0.009626466  0.009626466   0.019252933   0.000000000
   sum over m      0.060260581  0.060260581   0.120521163   0.000000000
   sum over m+mul  0.060260581  0.060260581   0.120521163   0.000000000

   42    C          Up spin      Down spin     Sum           Diff
            multiple
  s           0    0.545452111  0.545452111   1.090904222   0.000000000
   sum over m      0.545452111  0.545452111   1.090904222   0.000000000
  s           1    0.010931289  0.010931289   0.021862579   0.000000000
   sum over m      0.010931289  0.010931289   0.021862579   0.000000000
   sum over m+mul  0.556383400  0.556383400   1.112766800   0.000000000
  px          0    0.407630925  0.407630925   0.815261850   0.000000000
  py          0    0.411308209  0.411308209   0.822616418   0.000000000
  pz          0    0.505596780  0.505596780   1.011193560   0.000000000
   sum over m      1.324535915  1.324535915   2.649071829   0.000000000
  px          1    0.008532946  0.008532946   0.017065893   0.000000000
  py          1    0.034427017  0.034427017   0.068854034   0.000000000
  pz          1   -0.010188929 -0.010188929  -0.020377858   0.000000000
   sum over m      0.032771035  0.032771035   0.065542069   0.000000000
   sum over m+mul  1.357306949  1.357306949   2.714613898   0.000000000
  d3z^2-r^2   0    0.002823626  0.002823626   0.005647251   0.000000000
  dx^2-y^2    0    0.019209993  0.019209993   0.038419985   0.000000000
  dxy         0    0.023076686  0.023076686   0.046153373   0.000000000
  dxz         0    0.008182065  0.008182065   0.016364129   0.000000000
  dyz         0    0.007044068  0.007044068   0.014088135   0.000000000
   sum over m      0.060336437  0.060336437   0.120672874   0.000000000
   sum over m+mul  0.060336437  0.060336437   0.120672874   0.000000000

   43    C          Up spin      Down spin     Sum           Diff
            multiple
  s           0    0.642728618  0.642728618   1.285457237   0.000000000
   sum over m      0.642728618  0.642728618   1.285457237   0.000000000
  s           1    0.010660650  0.010660650   0.021321300   0.000000000
   sum over m      0.010660650  0.010660650   0.021321300   0.000000000
   sum over m+mul  0.653389268  0.653389268   1.306778537   0.000000000
  px          0    0.453758978  0.453758978   0.907517956   0.000000000
  py          0    0.412077663  0.412077663   0.824155327   0.000000000
  pz          0    0.445496926  0.445496926   0.890993853   0.000000000
   sum over m      1.311333568  1.311333568   2.622667136   0.000000000
  px          1    0.005617765  0.005617765   0.011235530   0.000000000
  py          1    0.014443527  0.014443527   0.028887054   0.000000000
  pz          1   -0.009141780 -0.009141780  -0.018283560   0.000000000
   sum over m      0.010919512  0.010919512   0.021839024   0.000000000
   sum over m+mul  1.322253080  1.322253080   2.644506160   0.000000000
  d3z^2-r^2   0    0.002644836  0.002644836   0.005289672   0.000000000
  dx^2-y^2    0    0.009735505  0.009735505   0.019471011   0.000000000
  dxy         0    0.012795614  0.012795614   0.025591228   0.000000000
  dxz         0    0.003806520  0.003806520   0.007613041   0.000000000
  dyz         0    0.009331399  0.009331399   0.018662798   0.000000000
   sum over m      0.038313874  0.038313874   0.076627749   0.000000000
   sum over m+mul  0.038313874  0.038313874   0.076627749   0.000000000

   44    C          Up spin      Down spin     Sum           Diff
            multiple
  s           0    0.554917338  0.554917338   1.109834676   0.000000000
   sum over m      0.554917338  0.554917338   1.109834676   0.000000000
  s           1    0.010153802  0.010153802   0.020307605   0.000000000
   sum over m      0.010153802  0.010153802   0.020307605   0.000000000
   sum over m+mul  0.565071140  0.565071140   1.130142281   0.000000000
  px          0    0.413807607  0.413807607   0.827615213   0.000000000
  py          0    0.406085526  0.406085526   0.812171052   0.000000000
  pz          0    0.498460562  0.498460562   0.996921125   0.000000000
   sum over m      1.318353695  1.318353695   2.636707390   0.000000000
  px          1    0.023533599  0.023533599   0.047067199   0.000000000
  py          1    0.017082213  0.017082213   0.034164426   0.000000000
  pz          1   -0.010056451 -0.010056451  -0.020112903   0.000000000
   sum over m      0.030559361  0.030559361   0.061118722   0.000000000
   sum over m+mul  1.348913056  1.348913056   2.697826112   0.000000000
  d3z^2-r^2   0    0.002992531  0.002992531   0.005985063   0.000000000
  dx^2-y^2    0    0.020584260  0.020584260   0.041168520   0.000000000
  dxy         0    0.017866222  0.017866222   0.035732444   0.000000000
  dxz         0    0.009540214  0.009540214   0.019080429   0.000000000
  dyz         0    0.008119095  0.008119095   0.016238191   0.000000000
   sum over m      0.059102324  0.059102324   0.118204647   0.000000000
   sum over m+mul  0.059102324  0.059102324   0.118204647   0.000000000

   45    C          Up spin      Down spin     Sum           Diff
            multiple
  s           0    0.561621989  0.561621989   1.123243978   0.000000000
   sum over m      0.561621989  0.561621989   1.123243978   0.000000000
  s           1    0.010625044  0.010625044   0.021250088   0.000000000
   sum over m      0.010625044  0.010625044   0.021250088   0.000000000
   sum over m+mul  0.572247033  0.572247033   1.144494066   0.000000000
  px          0    0.410871635  0.410871635   0.821743270   0.000000000
  py          0    0.412258791  0.412258791   0.824517583   0.000000000
  pz          0    0.496506392  0.496506392   0.993012785   0.000000000
   sum over m      1.319636819  1.319636819   2.639273638   0.000000000
  px          1    0.022869922  0.022869922   0.045739845   0.000000000
  py          1    0.016051581  0.016051581   0.032103162   0.000000000
  pz          1   -0.010296462 -0.010296462  -0.020592925   0.000000000
   sum over m      0.028625041  0.028625041   0.057250081   0.000000000
   sum over m+mul  1.348261859  1.348261859   2.696523719   0.000000000
  d3z^2-r^2   0    0.002955194  0.002955194   0.005910389   0.000000000
  dx^2-y^2    0    0.023185144  0.023185144   0.046370288   0.000000000
  dxy         0    0.017748209  0.017748209   0.035496418   0.000000000
  dxz         0    0.009344674  0.009344674   0.018689348   0.000000000
  dyz         0    0.008975050  0.008975050   0.017950101   0.000000000
   sum over m      0.062208272  0.062208272   0.124416544   0.000000000
   sum over m+mul  0.062208272  0.062208272   0.124416544   0.000000000

   46    C          Up spin      Down spin     Sum           Diff
            multiple
  s           0    0.561608999  0.561608999   1.123217999   0.000000000
   sum over m      0.561608999  0.561608999   1.123217999   0.000000000
  s           1    0.010626885  0.010626885   0.021253769   0.000000000
   sum over m      0.010626885  0.010626885   0.021253769   0.000000000
   sum over m+mul  0.572235884  0.572235884   1.144471768   0.000000000
  px          0    0.410867848  0.410867848   0.821735697   0.000000000
  py          0    0.412255057  0.412255057   0.824510115   0.000000000
  pz          0    0.496504371  0.496504371   0.993008742   0.000000000
   sum over m      1.319627277  1.319627277   2.639254553   0.000000000
  px          1    0.022873000  0.022873000   0.045746001   0.000000000
  py          1    0.016054296  0.016054296   0.032108592   0.000000000
  pz          1   -0.010296976 -0.010296976  -0.020593951   0.000000000
   sum over m      0.028630321  0.028630321   0.057260641   0.000000000
   sum over m+mul  1.348257597  1.348257597   2.696515194   0.000000000
  d3z^2-r^2   0    0.002955157  0.002955157   0.005910314   0.000000000
  dx^2-y^2    0    0.023186577  0.023186577   0.046373153   0.000000000
  dxy         0    0.017749225  0.017749225   0.035498449   0.000000000
  dxz         0    0.009345348  0.009345348   0.018690696   0.000000000
  dyz         0    0.008975349  0.008975349   0.017950697   0.000000000
   sum over m      0.062211655  0.062211655   0.124423310   0.000000000
   sum over m+mul  0.062211655  0.062211655   0.124423310   0.000000000

   47    C          Up spin      Down spin     Sum           Diff
            multiple
  s           0    0.554922492  0.554922492   1.109844985   0.000000000
   sum over m      0.554922492  0.554922492   1.109844985   0.000000000
  s           1    0.010153007  0.010153007   0.020306014   0.000000000
   sum over m      0.010153007  0.010153007   0.020306014   0.000000000
   sum over m+mul  0.565075499  0.565075499   1.130150999   0.000000000
  px          0    0.413806038  0.413806038   0.827612077   0.000000000
  py          0    0.406086915  0.406086915   0.812173830   0.000000000
  pz          0    0.498461270  0.498461270   0.996922540   0.000000000
   sum over m      1.318354223  1.318354223   2.636708446   0.000000000
  px          1    0.023535385  0.023535385   0.047070770   0.000000000
  py          1    0.017079366  0.017079366   0.034158731   0.000000000
  pz          1   -0.010056505 -0.010056505  -0.020113010   0.000000000
   sum over m      0.030558246  0.030558246   0.061116491   0.000000000
   sum over m+mul  1.348912469  1.348912469   2.697824937   0.000000000
  d3z^2-r^2   0    0.002992605  0.002992605   0.005985211   0.000000000
  dx^2-y^2    0    0.020581636  0.020581636   0.041163273   0.000000000
  dxy         0    0.017866396  0.017866396   0.035732792   0.000000000
  dxz         0    0.009540817  0.009540817   0.019081633   0.000000000
  dyz         0    0.008118641  0.008118641   0.016237282   0.000000000
   sum over m      0.059100096  0.059100096   0.118200192   0.000000000
   sum over m+mul  0.059100096  0.059100096   0.118200192   0.000000000

   48    C          Up spin      Down spin     Sum           Diff
            multiple
  s           0    0.642715893  0.642715893   1.285431786   0.000000000
   sum over m      0.642715893  0.642715893   1.285431786   0.000000000
  s           1    0.010661239  0.010661239   0.021322478   0.000000000
   sum over m      0.010661239  0.010661239   0.021322478   0.000000000
   sum over m+mul  0.653377132  0.653377132   1.306754264   0.000000000
  px          0    0.453722462  0.453722462   0.907444925   0.000000000
  py          0    0.412076891  0.412076891   0.824153783   0.000000000
  pz          0    0.445519901  0.445519901   0.891039802   0.000000000
   sum over m      1.311319255  1.311319255   2.622638509   0.000000000
  px          1    0.005617105  0.005617105   0.011234210   0.000000000
  py          1    0.014446650  0.014446650   0.028893301   0.000000000
  pz          1   -0.009142061 -0.009142061  -0.018284122   0.000000000
   sum over m      0.010921695  0.010921695   0.021843390   0.000000000
   sum over m+mul  1.322240949  1.322240949   2.644481899   0.000000000
  d3z^2-r^2   0    0.002644765  0.002644765   0.005289531   0.000000000
  dx^2-y^2    0    0.009735451  0.009735451   0.019470902   0.000000000
  dxy         0    0.012795399  0.012795399   0.025590798   0.000000000
  dxz         0    0.003806203  0.003806203   0.007612405   0.000000000
  dyz         0    0.009332084  0.009332084   0.018664168   0.000000000
   sum over m      0.038313902  0.038313902   0.076627804   0.000000000
   sum over m+mul  0.038313902  0.038313902   0.076627804   0.000000000

   49    C          Up spin      Down spin     Sum           Diff
            multiple
  s           0    0.600322669  0.600322669   1.200645337   0.000000000
   sum over m      0.600322669  0.600322669   1.200645337   0.000000000
  s           1    0.013841829  0.013841829   0.027683658   0.000000000
   sum over m      0.013841829  0.013841829   0.027683658   0.000000000
   sum over m+mul  0.614164498  0.614164498   1.228328996   0.000000000
  px          0    0.419273343  0.419273343   0.838546686   0.000000000
  py          0    0.433700010  0.433700010   0.867400020   0.000000000
  pz          0    0.487412474  0.487412474   0.974824948   0.000000000
   sum over m      1.340385827  1.340385827   2.680771655   0.000000000
  px          1    0.012039011  0.012039011   0.024078023   0.000000000
  py          1    0.010263578  0.010263578   0.020527155   0.000000000
  pz          1   -0.008849991 -0.008849991  -0.017699982   0.000000000
   sum over m      0.013452598  0.013452598   0.026905196   0.000000000
   sum over m+mul  1.353838425  1.353838425   2.707676851   0.000000000
  d3z^2-r^2   0    0.002027355  0.002027355   0.004054710   0.000000000
  dx^2-y^2    0    0.010411217  0.010411217   0.020822434   0.000000000
  dxy         0    0.010019301  0.010019301   0.020038602   0.000000000
  dxz         0    0.006393353  0.006393353   0.012786706   0.000000000
  dyz         0    0.004298145  0.004298145   0.008596289   0.000000000
   sum over m      0.033149370  0.033149370   0.066298741   0.000000000
   sum over m+mul  0.033149370  0.033149370   0.066298741   0.000000000

   50    C          Up spin      Down spin     Sum           Diff
            multiple
  s           0    0.640244913  0.640244913   1.280489826   0.000000000
   sum over m      0.640244913  0.640244913   1.280489826   0.000000000
  s           1    0.011885063  0.011885063   0.023770125   0.000000000
   sum over m      0.011885063  0.011885063   0.023770125   0.000000000
   sum over m+mul  0.652129976  0.652129976   1.304259951   0.000000000
  px          0    0.436130179  0.436130179   0.872260359   0.000000000
  py          0    0.443269047  0.443269047   0.886538094   0.000000000
  pz          0    0.443218190  0.443218190   0.886436381   0.000000000
   sum over m      1.322617417  1.322617417   2.645234834   0.000000000
  px          1    0.017093126  0.017093126   0.034186251   0.000000000
  py          1    0.004187658  0.004187658   0.008375316   0.000000000
  pz          1   -0.008836898 -0.008836898  -0.017673795   0.000000000
   sum over m      0.012443886  0.012443886   0.024887772   0.000000000
   sum over m+mul  1.335061303  1.335061303   2.670122606   0.000000000
  d3z^2-r^2   0    0.002385616  0.002385616   0.004771232   0.000000000
  dx^2-y^2    0    0.011954115  0.011954115   0.023908231   0.000000000
  dxy         0    0.011658676  0.011658676   0.023317352   0.000000000
  dxz         0    0.008227280  0.008227280   0.016454560   0.000000000
  dyz         0    0.004890330  0.004890330   0.009780660   0.000000000
   sum over m      0.039116017  0.039116017   0.078232034   0.000000000
   sum over m+mul  0.039116017  0.039116017   0.078232034   0.000000000

   51    C          Up spin      Down spin     Sum           Diff
            multiple
  s           0    0.614972587  0.614972587   1.229945174   0.000000000
   sum over m      0.614972587  0.614972587   1.229945174   0.000000000
  s           1    0.014441904  0.014441904   0.028883809   0.000000000
   sum over m      0.014441904  0.014441904   0.028883809   0.000000000
   sum over m+mul  0.629414491  0.629414491   1.258828983   0.000000000
  px          0    0.459984252  0.459984252   0.919968504   0.000000000
  py          0    0.434165793  0.434165793   0.868331586   0.000000000
  pz          0    0.459440890  0.459440890   0.918881781   0.000000000
   sum over m      1.353590935  1.353590935   2.707181871   0.000000000
  px          1    0.025239318  0.025239318   0.050478636   0.000000000
  py          1    0.003087149  0.003087149   0.006174299   0.000000000
  pz          1   -0.008573571 -0.008573571  -0.017147143   0.000000000
   sum over m      0.019752896  0.019752896   0.039505792   0.000000000
   sum over m+mul  1.373343831  1.373343831   2.746687663   0.000000000
  d3z^2-r^2   0    0.002059134  0.002059134   0.004118267   0.000000000
  dx^2-y^2    0    0.011070877  0.011070877   0.022141755   0.000000000
  dxy         0    0.009781582  0.009781582   0.019563164   0.000000000
  dxz         0    0.007371490  0.007371490   0.014742981   0.000000000
  dyz         0    0.004609323  0.004609323   0.009218647   0.000000000
   sum over m      0.034892407  0.034892407   0.069784813   0.000000000
   sum over m+mul  0.034892407  0.034892407   0.069784813   0.000000000

   52    C          Up spin      Down spin     Sum           Diff
            multiple
  s           0    0.614973139  0.614973139   1.229946278   0.000000000
   sum over m      0.614973139  0.614973139   1.229946278   0.000000000
  s           1    0.014441818  0.014441818   0.028883636   0.000000000
   sum over m      0.014441818  0.014441818   0.028883636   0.000000000
   sum over m+mul  0.629414957  0.629414957   1.258829914   0.000000000
  px          0    0.459989858  0.459989858   0.919979715   0.000000000
  py          0    0.434172492  0.434172492   0.868344984   0.000000000
  pz          0    0.459430813  0.459430813   0.918861627   0.000000000
   sum over m      1.353593163  1.353593163   2.707186326   0.000000000
  px          1    0.025238673  0.025238673   0.050477347   0.000000000
  py          1    0.003088307  0.003088307   0.006176613   0.000000000
  pz          1   -0.008573625 -0.008573625  -0.017147251   0.000000000
   sum over m      0.019753355  0.019753355   0.039506709   0.000000000
   sum over m+mul  1.373346518  1.373346518   2.746693035   0.000000000
  d3z^2-r^2   0    0.002059196  0.002059196   0.004118393   0.000000000
  dx^2-y^2    0    0.011071817  0.011071817   0.022143634   0.000000000
  dxy         0    0.009781818  0.009781818   0.019563636   0.000000000
  dxz         0    0.007371494  0.007371494   0.014742988   0.000000000
  dyz         0    0.004609908  0.004609908   0.009219815   0.000000000
   sum over m      0.034894233  0.034894233   0.069788465   0.000000000
   sum over m+mul  0.034894233  0.034894233   0.069788465   0.000000000

   53    C          Up spin      Down spin     Sum           Diff
            multiple
  s           0    0.640279566  0.640279566   1.280559133   0.000000000
   sum over m      0.640279566  0.640279566   1.280559133   0.000000000
  s           1    0.011881378  0.011881378   0.023762756   0.000000000
   sum over m      0.011881378  0.011881378   0.023762756   0.000000000
   sum over m+mul  0.652160945  0.652160945   1.304321889   0.000000000
  px          0    0.436111273  0.436111273   0.872222546   0.000000000
  py          0    0.443256954  0.443256954   0.886513908   0.000000000
  pz          0    0.443231904  0.443231904   0.886463808   0.000000000
   sum over m      1.322600131  1.322600131   2.645200262   0.000000000
  px          1    0.017087392  0.017087392   0.034174784   0.000000000
  py          1    0.004185167  0.004185167   0.008370334   0.000000000
  pz          1   -0.008836293 -0.008836293  -0.017672587   0.000000000
   sum over m      0.012436266  0.012436266   0.024872531   0.000000000
   sum over m+mul  1.335036397  1.335036397   2.670072793   0.000000000
  d3z^2-r^2   0    0.002385831  0.002385831   0.004771662   0.000000000
  dx^2-y^2    0    0.011953195  0.011953195   0.023906390   0.000000000
  dxy         0    0.011657741  0.011657741   0.023315483   0.000000000
  dxz         0    0.008225850  0.008225850   0.016451700   0.000000000
  dyz         0    0.004889809  0.004889809   0.009779618   0.000000000
   sum over m      0.039112426  0.039112426   0.078224852   0.000000000
   sum over m+mul  0.039112426  0.039112426   0.078224852   0.000000000

   54    C          Up spin      Down spin     Sum           Diff
            multiple
  s           0    0.600348109  0.600348109   1.200696219   0.000000000
   sum over m      0.600348109  0.600348109   1.200696219   0.000000000
  s           1    0.013837869  0.013837869   0.027675739   0.000000000
   sum over m      0.013837869  0.013837869   0.027675739   0.000000000
   sum over m+mul  0.614185979  0.614185979   1.228371958   0.000000000
  px          0    0.419268420  0.419268420   0.838536840   0.000000000
  py          0    0.433718703  0.433718703   0.867437405   0.000000000
  pz          0    0.487406641  0.487406641   0.974813282   0.000000000
   sum over m      1.340393764  1.340393764   2.680787527   0.000000000
  px          1    0.012027669  0.012027669   0.024055338   0.000000000
  py          1    0.010262340  0.010262340   0.020524681   0.000000000
  pz          1   -0.008849970 -0.008849970  -0.017699940   0.000000000
   sum over m      0.013440039  0.013440039   0.026880078   0.000000000
   sum over m+mul  1.353833803  1.353833803   2.707667605   0.000000000
  d3z^2-r^2   0    0.002027515  0.002027515   0.004055030   0.000000000
  dx^2-y^2    0    0.010410917  0.010410917   0.020821834   0.000000000
  dxy         0    0.010019391  0.010019391   0.020038783   0.000000000
  dxz         0    0.006392527  0.006392527   0.012785055   0.000000000
  dyz         0    0.004298751  0.004298751   0.008597501   0.000000000
   sum over m      0.033149102  0.033149102   0.066298203   0.000000000
   sum over m+mul  0.033149102  0.033149102   0.066298203   0.000000000

***********************************************************
***********************************************************
                    Dipole moment (Debye)                  
***********************************************************
***********************************************************

 Absolute D        0.00141630

                      Dx                Dy                Dz
 Total             -0.00140889        0.00014373        0.00001657
 Core              -0.22190139       -0.00017068       -0.00322164
 Electron           0.22049250        0.00031441        0.00323821
 Back ground        0.00000000        0.00000000        0.00000000

***********************************************************
***********************************************************
       xyz-coordinates (Ang) and forces (Hartree/Bohr)  
***********************************************************
***********************************************************

<coordinates.forces
  54
    1     C    -5.07145  -4.92128   0.00001   0.045055103216  0.079587428307  0.000000404922
    2     C    -3.66524  -4.93664   0.00001  -0.071316455610  0.006658406362 -0.000000539038
    3     C    -0.69393  -4.93462   0.00001   0.112396230627  0.017768268979  0.000000242146
    4     C     0.69354  -4.93464   0.00001  -0.112402091063  0.017773901185 -0.000001889085
    5     C     3.66478  -4.93665  -0.00000   0.071330675071  0.006681397681  0.000000274114
    6     C     5.07106  -4.92134  -0.00000  -0.045075874721  0.079591262279  0.000000245846
    7     C    -5.76361  -3.71451   0.00001   0.055695799526 -0.083663911456  0.000000134902
    8     C    -2.90988  -3.73855   0.00000   0.010796207054 -0.002385567224 -0.000000454220
    9     C    -1.44527  -3.73396  -0.00000  -0.018026498331 -0.015987886924  0.000002472671
   10     C     1.44484  -3.73396   0.00000   0.018004733544 -0.015983092356  0.000001469763
   11     C     2.90942  -3.73851   0.00000  -0.010761133603 -0.002406438799  0.000000067154
   12     C     5.76317  -3.71453  -0.00000  -0.055715275443 -0.083690852581 -0.000000373989
   13     C    -5.05718  -2.47310   0.00000  -0.038227763770  0.022987531769 -0.000000668364
   14     C    -3.60776  -2.48603  -0.00000   0.002741002278 -0.006527631825  0.000001457456
   15     C    -0.72275  -2.49285   0.00002   0.009401181701  0.001205008756 -0.000001377143
   16     C     0.72227  -2.49288   0.00001  -0.009360915071  0.001234459759 -0.000000196398
   17     C     3.60734  -2.48600   0.00001  -0.002764295040 -0.006550642129 -0.000002772065
   18     C     5.05671  -2.47318  -0.00001   0.038287855599  0.023074042171  0.000000476877
   19     C    -5.73913  -1.23398  -0.00000   0.029960954620 -0.005795531202 -0.000000089798
   20     C    -2.88348  -1.24133   0.00000   0.000097297216  0.002766085163 -0.000003427699
   21     C    -1.44233  -1.24114   0.00001  -0.001210363603 -0.001320452143 -0.000001423185
   22     C     1.44190  -1.24115  -0.00000   0.001190983819 -0.001310532363  0.000002173238
   23     C     2.88308  -1.24130  -0.00000  -0.000133956921  0.002742088308  0.000000122206
   24     C     5.73878  -1.23399  -0.00003  -0.030016940312 -0.005793305263  0.000001646300
   25     C    -5.04801  -0.00001  -0.00001  -0.030330444211  0.000009061828 -0.000000132469
   26     C    -3.59453  -0.00000  -0.00003   0.013007102506 -0.000000756269  0.000006073072
   27     C    -0.72477  -0.00000   0.00000   0.000460737428 -0.000001239994  0.000001765709
   28     C     0.72430  -0.00000   0.00000  -0.000414866329 -0.000001041532 -0.000002575188
   29     C     3.59412   0.00001  -0.00001  -0.013030368688 -0.000003622203  0.000001571408
   30     C     5.04752   0.00001  -0.00002   0.030419932780 -0.000002698942 -0.000002997194
   31     C    -5.73913   1.23398   0.00000   0.029967045968  0.005793199975 -0.000001354153
   32     C    -2.88346   1.24132  -0.00000   0.000087677306 -0.002762605199 -0.000001490787
   33     C    -1.44232   1.24114  -0.00000  -0.001217140366  0.001320282619 -0.000000182570
   34     C     1.44191   1.24114  -0.00001   0.001191314890  0.001318378319  0.000001943725
   35     C     2.88308   1.24131  -0.00001  -0.000137894556 -0.002745567466 -0.000000093598
   36     C     5.73877   1.23400  -0.00004  -0.030015138594  0.005796963207  0.000002535541
   37     C    -5.05716   2.47311  -0.00000  -0.038236198833 -0.023000638610  0.000000855602
   38     C    -3.60775   2.48602   0.00001   0.002744012914  0.006527173397 -0.000001568067
   39     C    -0.72275   2.49285  -0.00001   0.009400849535 -0.001202360008  0.000000882195
   40     C     0.72227   2.49287   0.00000  -0.009363684638 -0.001232595129 -0.000000866240
   41     C     3.60735   2.48601  -0.00001  -0.002766574565  0.006545499801 -0.000000642704
   42     C     5.05671   2.47319  -0.00002   0.038288957921 -0.023076103277 -0.000000041657
   43     C    -5.76361   3.71451  -0.00001   0.055695824496  0.083665936100  0.000000940121
   44     C    -2.90989   3.73854   0.00000   0.010812540384  0.002385363919 -0.000001064524
   45     C    -1.44528   3.73397  -0.00001  -0.018018495732  0.015984916946  0.000001179061
   46     C     1.44484   3.73396   0.00000   0.018008617529  0.015971631272 -0.000003383249
   47     C     2.90941   3.73850  -0.00002  -0.010754757084  0.002414076620  0.000002450671
   48     C     5.76317   3.71454   0.00001  -0.055716231027  0.083686940082 -0.000002121674
   49     C    -5.07146   4.92128  -0.00000   0.045054740533 -0.079586046025 -0.000000568488
   50     C    -3.66525   4.93662  -0.00001  -0.071322417060 -0.006653022594 -0.000000005052
   51     C    -0.69392   4.93462  -0.00001   0.112389387985 -0.017774539213 -0.000000269409
   52     C     0.69355   4.93464  -0.00002  -0.112407582916 -0.017765710084  0.000001582743
   53     C     3.66478   4.93663  -0.00001   0.071333932826 -0.006678642661  0.000000826742
   54     C     5.07107   4.92135  -0.00001  -0.045079913362 -0.079586159592  0.000000404810
coordinates.forces>

***********************************************************
***********************************************************
       Fractional coordinates of the final structure       
***********************************************************
***********************************************************

     1      C     0.78868948894906   0.79494667801927   0.00000048050234
     2      C     0.84728182419461   0.79430677915530   0.00000114389767
     3      C     0.97108634397319   0.79439103863629   0.00000053155477
     4      C     0.02889755886185   0.79438979785928   0.00000120354372
     5      C     0.15269922214833   0.79430644984604   0.99999983903012
     6      C     0.21129422333059   0.79494402061173   0.99999980438580
     7      C     0.75984963149855   0.84522860097869   0.00000065216699
     8      C     0.87875517330596   0.84422719503889   0.00000020054520
     9      C     0.93978039892612   0.84441822091559   0.99999987875912
    10      C     0.06020178580277   0.84441823391676   0.00000017474667
    11      C     0.12122582072941   0.84422874262909   0.00000036144623
    12      C     0.24013226916572   0.84522803862111   0.99999980589854
    13      C     0.78928435314603   0.89695405117529   0.00000004715371
    14      C     0.84967672752025   0.89641541480857   0.99999975847774
    15      C     0.96988529061614   0.89613127446575   0.00000126826985
    16      C     0.03009442262574   0.89613007014814   0.00000060409155
    17      C     0.15030601029340   0.89641668732434   0.00000089090391
    18      C     0.21069628834562   0.89695069741037   0.99999942684981
    19      C     0.76086973858557   0.94858423665355   0.99999966519315
    20      C     0.87985515914768   0.94827777218633   0.00000040476805
    21      C     0.93990288697835   0.94828591760704   0.00000123471307
    22      C     0.06007936606060   0.94828522524934   0.99999966182821
    23      C     0.12012815708180   0.94827922431557   0.99999972767186
    24      C     0.23911576082323   0.94858378238685   0.99999785256782
    25      C     0.78966610752838   0.99999973419799   0.99999892073597
    26      C     0.85022803599150   0.99999998923837   0.99999764687965
    27      C     0.96980123884124   0.99999993281237   0.00000014040079
    28      C     0.03017901805339   0.99999982625303   0.00000041015969
    29      C     0.14975519191583   0.00000028792376   0.99999876240541
    30      C     0.21031338279805   0.00000025361523   0.99999867282110
    31      C     0.76086952918078   0.05141593018463   0.00000031098067
    32      C     0.87985586960677   0.05172185016309   0.99999979102032
    33      C     0.93990349510708   0.05171405468688   0.99999992777591
    34      C     0.06007938877662   0.05171428664498   0.99999926550425
    35      C     0.12012834086343   0.05172110715665   0.99999892172992
    36      C     0.23911549038684   0.05141651492146   0.99999698437367
    37      C     0.78928494278978   0.10304622084780   0.99999994477610
    38      C     0.84967692857785   0.10358419370442   0.00000076678433
    39      C     0.96988533679353   0.10386890928947   0.99999956236469
    40      C     0.03009448190117   0.10386967584584   0.00000009510092
    41      C     0.15030614608206   0.10358361633705   0.99999886988937
    42      C     0.21069633552146   0.10304974066375   0.99999859961109
    43      C     0.75984951434541   0.15477108742703   0.99999899190299
    44      C     0.87875446612577   0.15577260202579   0.00000039160498
    45      C     0.93977996647190   0.15558218918521   0.99999916943463
    46      C     0.06020155046309   0.15558183630799   0.00000033543460
    47      C     0.12122534260649   0.15577080887837   0.99999871876266
    48      C     0.24013226168570   0.15477245920363   0.00000075692552
    49      C     0.78868906932103   0.20505352009255   0.99999985179519
    50      C     0.84728136429471   0.20569250627423   0.99999955393991
    51      C     0.97108666478563   0.20560929755898   0.99999902720450
    52      C     0.02889790996363   0.20560987113456   0.99999857401814
    53      C     0.15269907303235   0.20569274848226   0.99999898323020
    54      C     0.21129441874297   0.20505642883548   0.99999946000414

***********************************************************
***********************************************************
               Computational Time (second)                 
***********************************************************
***********************************************************

   Elapsed.Time.        35.029

                               Min_ID   Min_Time       Max_ID   Max_Time
   Total Computational Time =     2       35.028          0       35.029
   readfile                 =     2        1.069          0        1.069
   truncation               =     9        0.281         24        0.308
   MD_pac                   =     0        0.003         15        0.005
   OutData                  =     3        0.000          0        0.001
   HWF                      =     0        0.000          0        0.000
   DFT                      =    24       33.643          9       33.670

*** In DFT ***

   Set_OLP_Kin              =     9        0.292          4        0.781
   Set_Nonlocal             =     4        0.980          9        1.487
   Set_ProExpn_VNA          =     9        1.642         14        1.791
   Set_Hamiltonian          =    14        9.635          7        9.635
   Poisson                  =    24        0.775          4        0.778
   Diagonalization          =    24        4.282          3        4.291
   Mixing_DM                =    15        8.292          2        8.292
   Force                    =    14        0.863          1        0.863
   Total_Energy             =     9        0.684          0        0.685
   Set_Aden_Grid            =    14        0.030          9        0.179
   Set_Orbitals_Grid        =     9        0.079          4        0.228
   Set_Density_Grid         =    25        3.433         14        3.954
   RestartFileDFT           =    13        0.105          8        0.484
   Mulliken_Charge          =    25        0.023          7        0.026
   FFT(2D)_Density          =    18        0.710         13        0.710
   Others                   =    12        0.209         25        1.055
