***********************************************************
***********************************************************

  This calculation was performed by OpenMX Ver. 4.0
  using 192 MPI processes and 1 OpenMP threads.

  Sun Apr 12 12:59:37 2026

***********************************************************
***********************************************************

#
# File Name
#

System.CurrrentDirectory         ./
System.Name                     ZrB2_2x2
level.of.stdout                   1    # default=1 (1-3)
level.of.fileout                  0    # default=1 (1-3)

#
# Definition of Atomic Species
#

Species.Number       2
<Definition.of.Atomic.Species
  Zr   Zr7.0-s3p2d2  Zr_PBE19
  B     B7.0-s2p2d1   B_PBE19
Definition.of.Atomic.Species>

#
# Atoms
#

Atoms.Number         76
Atoms.SpeciesAndCoordinates.Unit   ang # Ang|AU
<Atoms.SpeciesAndCoordinates
   1   Zr   -0.03584839346326    0.02179410719895    0.03241366237319     6.0     6.0     
   2    B    1.55801238767547    0.94186764170074    1.72974564121979     1.5     1.5
   3    B    1.55798921725867   -0.89816142888360    1.72995730725837     1.5     1.5
   4   Zr    1.55781849162576   -2.73812070790027    0.03239282226718     6.0     6.0
   5    B    3.15157125944647   -1.81820257615595    1.72972627134953     1.5     1.5
   6    B    3.15153387495385   -3.65817795973613    1.72973413138079     1.5     1.5
   7   Zr    1.55768611389759    2.78181142017803    0.03205270052487     6.0     6.0
   8    B    3.15148390097458    3.70183450574524    1.72978894447664     1.5     1.5
   9    B    3.15145803467639    1.86186283279637    1.72976126417824     1.5     1.5
  10   Zr    3.15113315357902    0.02189734779890    0.03235941180937     6.0     6.0
  11    B    4.74499282060350    0.94183073051657    1.72993696187616     1.5     1.5
  12    B    4.74495024164168   -0.89821636631735    1.72973797447262     1.5     1.5
  13   Zr   -0.03539831632820    0.02184032645703    3.50752832389801     6.0     6.0
  14    B    1.55797646935517    0.94181149498856    5.26946162267786     1.5     1.5
  15    B    1.55794887288264   -0.89830082804630    5.26954407941052     1.5     1.5
  16   Zr    1.55811805551360   -2.73818022869478    3.50752329634685     6.0     6.0
  17    B    3.15146822609532   -1.81820187318658    5.26946368648110     1.5     1.5
  18    B    3.15143343295989   -3.65833033350563    5.26948169636130     1.5     1.5
  19   Zr    1.55809810767792    2.78185693345330    3.50749774529715     6.0     6.0
  20    B    3.15146532105634    3.70184115048246    5.26947162863354     1.5     1.5
  21    B    3.15144278955450    1.86171722480380    5.26947140885304     1.5     1.5
  22   Zr    3.15158652556933    0.02184193398034    3.50751360432161     6.0     6.0
  23    B    4.74495004269186    0.94182361319355    5.26953825576960     1.5     1.5
  24    B    4.74492026103607   -0.89830993310854    5.26947750278910     1.5     1.5
  25   Zr   -0.03575488575843    0.02168978036135    7.03619696705604     6.0     6.0
  26    B    1.55762322025875    0.94170544313122    8.80289410521073     1.5     1.5
  27    B    1.55760861054334   -0.89842274890958    8.80292196265592     1.5     1.5
  28   Zr    1.55774598696694   -2.73832850198005    7.03619222752765     6.0     6.0
  29    B    3.15111490555479   -1.81831779575122    8.80289311672051     1.5     1.5
  30    B    3.15109499611538   -3.65844665107731    8.80290988615915     1.5     1.5
  31   Zr    1.55773783666148    2.78171048300510    7.03618034273190     6.0     6.0
  32    B    3.15110518269876    3.70172664518029    8.80289464659806     1.5     1.5
  33    B    3.15109506874455    1.86159767668239    8.80290925671970     1.5     1.5
  34   Zr    3.15123615392030    0.02168732330810    7.03619365207256     6.0     6.0
  35    B    4.74459510443430    0.94170853997825    8.80290778829773     1.5     1.5
  36    B    4.74457957483311   -0.89843159503030    8.80290884958008     1.5     1.5
  37   Zr   -0.03612869844874    0.02166807488447   10.57179313347269     6.0     6.0
  38    B    1.55762783038251    0.94169208766424   12.34069401497726     1.5     1.5
  39    B    1.55761325699088   -0.89843592237685   12.34066621208495     1.5     1.5
  40   Zr    1.55736669430398   -2.73835032147998   10.57179314474105     6.0     6.0
  41    B    3.15111944517770   -1.81833106667514   12.34069487534646     1.5     1.5
  42    B    3.15109958057423   -3.65845997581658   12.34067813613601     1.5     1.5
  43   Zr    1.55736528722867    2.78168974649255   10.57179298681419     6.0     6.0
  44    B    3.15110972758778    3.70171332455081   12.34069318091190     1.5     1.5
  45    B    3.15109955632505    1.86158431131161   12.34067886378661     1.5     1.5
  46   Zr    3.15085989607818    0.02166921040119   10.57179287379798     6.0     6.0
  47    B    4.74459967658554    0.94169524138660   12.34068021813172     1.5     1.5
  48    B    4.74458407031922   -0.89844482384908   12.34067914547778     1.5     1.5
  49   Zr   -0.03574594139313    0.02166696444041   14.10739082385633     6.0     6.0
  50    B    1.55798298908305    0.94178020632750   15.87412584469032     1.5     1.5
  51    B    1.55795536025786   -0.89833220033721   15.87404367151927     1.5     1.5
  52   Zr    1.55775432766991   -2.73835131132385   14.10739529503419     6.0     6.0
  53    B    3.15147465354752   -1.81823345936032   15.87412417318288     1.5     1.5
  54    B    3.15144016452323   -3.65836171834999   15.87410605448153     1.5     1.5
  55   Zr    1.55774522159272    2.78168656645115   14.10740675616752     6.0     6.0
  56    B    3.15147210893178    3.70180979549011   15.87411613223564     1.5     1.5
  57    B    3.15144923012899    1.86168576803633   15.87411645230893     1.5     1.5
  58   Zr    3.15124394292326    0.02166418155639   14.10739348977556     6.0     6.0
  59    B    4.74495665640535    0.94179222945177   15.87404951408929     1.5     1.5
  60    B    4.74492689256966   -0.89834120650653   15.87411011508498     1.5     1.5
  61   Zr   -0.03539605977411    0.02180614446531   17.63605842847559     6.0     6.0
  62    B    1.55801331530282    0.94182565176574   19.41383949963673     1.5     1.5
  63    B    1.55799097277292   -0.89820487889153   19.41362842026205     1.5     1.5
  64   Zr    1.55811967548656   -2.73821495924029   17.63606368717376     6.0     6.0
  65    B    3.15157287132010   -1.81824509361833   19.41386103907908     1.5     1.5
  66    B    3.15153555106256   -3.65822047688458   19.41385323877312     1.5     1.5
  67   Zr    1.55809884817525    2.78182180532543   17.63608890309510     6.0     6.0
  68    B    3.15148619790498    3.70179153023300   19.41379634459278     1.5     1.5
  69    B    3.15145995485324    1.86182152360079   19.41382398060340     1.5     1.5
  70   Zr    3.15158750813495    0.02180773206479   17.63607296265479     6.0     6.0
  71    B    4.74499521742148    0.94178844562662   19.41364908330539     1.5     1.5
  72    B    4.74495172198500   -0.89825904838163   19.41384744919989     1.5     1.5
  73   Zr   -0.03584776508631    0.02175065794002   21.11116899405735     6.0     6.0
  74   Zr    1.55781952080441   -2.73816490079581   21.11119103941784     6.0     6.0
  75   Zr    1.55768790605986    2.78176444353099   21.11153256651687     6.0     6.0
  76   Zr    3.15113359279487    0.02185273814608   21.11122335727506     6.0     6.0
Atoms.SpeciesAndCoordinates>

Atoms.UnitVectors.Unit             Ang # Ang|AU
<Atoms.UnitVectors
   0.0000000   0.000000   37.6837
   3.1869869  -5.520054    0.0000
   3.1869869   5.520054    0.0000
Atoms.UnitVectors>

#
# SCF or Electronic System
#

scf.XcType                GGA-PBE      # LDA|LSDA-CA|LSDA-PW|GGA-PBE
scf.SpinPolarization       Off         # On|Off
scf.ElectronicTemperature  300.0       # default=300 (K)
scf.energycutoff           240.0       # default=150 (Ry)
scf.maxIter                3           # default=40
scf.EigenvalueSolver      band         # Recursion|Cluster|Band
scf.Kgrid                  1 3 3       # means n1 x n2 x n3
scf.Mixing.Type            rmm-diisk   # Simple|Rmm-Diis|Gr-Pulay
scf.Init.Mixing.Weight     0.04        # default=0.30 
scf.Min.Mixing.Weight      0.001       # default=0.001 
scf.Max.Mixing.Weight      0.100       # default=0.40 
scf.Mixing.History         20          # default=5
scf.Mixing.StartPulay      10          # default=6
scf.criterion             1.0e-9       # default=1.0e-6 (Hartree) 

#
# MD or Geometry Optimization
#

MD.Type                      nomd      # Nomd|Opt|DIIS|NVE|NVT_VS|NVT_NH
MD.Opt.DIIS.History           5        # default=3
MD.Opt.StartDIIS             30        # default=5
MD.Opt.EveryDIIS            200        # default=200
MD.maxIter                  500        # default=1
MD.Opt.criterion          0.0003       # default=0.0003 (Hartree/bohr)


***********************************************************
***********************************************************

  Required cutoff energy (Ryd) for 3D-grids = 240.0000
      Used cutoff energy (Ryd) for 3D-grids = 238.4136, 226.7561, 226.7561
  Num. of grids of a-, b-, and c-axes = 350, 50, 50

  Num.Grid1.   350
  Num.Grid2.    50
  Num.Grid3.    50


  Cell_Volume =   8947.539931738702 (Bohr^3)
  GridVol     =      0.010225759922 (Bohr^3)
  Cell vectors (bohr) of the grid cell (gtv)
    gtv_a =  0.000000000000,  0.000000000000,  0.203462477817
    gtv_b =  0.120450639404, -0.208627790043,  0.000000000000
    gtv_c =  0.120450639404,  0.208627790043,  0.000000000000
    |gtv_a| =  0.203462477817
    |gtv_b| =  0.240902285815
    |gtv_c| =  0.240902285815

***********************************************************
***********************************************************


***********************************************************
***********************************************************
                  SCF history at MD= 1                    
***********************************************************
***********************************************************

   SCF=   1  NormRD=  1.000000000000  Uele= -425.931878792260
   SCF=   2  NormRD=  7.720055223239  Uele= -425.931878792261
   SCF=   3  NormRD=  7.680532272903  Uele= -425.803105162183

*******************************************************
        Total energy (Hartree) at MD = 1        
*******************************************************

  Uele.       -425.803105162183

  Ukin.        505.863008461631
  UH0.      -23696.146701934613
  UH1.           0.000450523480
  Una.        -865.907760024539
  Unl.         232.232771750368
  Uxc0.       -136.992057780579
  Uxc1.       -136.992057780579
  Ucore.     22598.725152883795
  Uhub.          0.000000000000
  Ucs.           0.000000000000
  Uzs.           0.000000000000
  Uzo.           0.000000000000
  Uef.           0.000000000000
  UvdW.          0.000000000000
  Uch.           0.000000000000
  Utot.      -1499.217193901036

  UpV.           0.000000000000
  Enpy.      -1499.217193901036
  Note:

  Utot = Ukin+UH0+UH1+Una+Unl+Uxc0+Uxc1+Ucore+Uhub+Ucs+Uzs+Uzo+Uef+UvdW+Uch

  Uele:   band energy
  Ukin:   kinetic energy
  UH0:    electric part of screened Coulomb energy
  UH1:    difference electron-electron Coulomb energy
  Una:    neutral atom potential energy
  Unl:    non-local potential energy
  Uxc0:   exchange-correlation energy for alpha spin
  Uxc1:   exchange-correlation energy for beta spin
  Ucore:  core-core Coulomb energy
  Uhub:   LDA+U energy
  Ucs:    constraint energy for spin orientation
  Uzs:    Zeeman term for spin magnetic moment
  Uzo:    Zeeman term for orbital magnetic moment
  Uef:    electric energy by electric field
  UvdW:   semi-empirical vdW energy
  Uch:    penalty term to create a core hole

  UpV:    pressure times volume
  Enpy:   Enthalpy = Utot + UpV
  (see also PRB 72, 045121(2005) for the energy contributions)



  Chemical potential (Hartree)      -0.215238462168

***********************************************************
***********************************************************
           Eigenvalues (Hartree) of SCF KS-eq.           
***********************************************************
***********************************************************

   Chemical Potential (Hartree) =  -0.21523846216818
   Number of States             = 479.99999999999915
   Eigenvalues
              Up-spin           Down-spin

   kloop=0
   k1=   0.00000 k2=  -0.00000 k3=   0.00000

    1   -1.98493730506326  -1.98493730506326
    2   -1.98486035654129  -1.98486035654129
    3   -1.98455054486407  -1.98455054486407
    4   -1.98435137662630  -1.98435137662630
    5   -1.98403557236374  -1.98403557236374
    6   -1.98057429471704  -1.98057429471704
    7   -1.98057307108939  -1.98057307108939
    8   -1.98057293454756  -1.98057293454756
    9   -1.98053796713753  -1.98053796713753
   10   -1.98053677134701  -1.98053677134701
   11   -1.98053664141812  -1.98053664141812
   12   -1.98029299558721  -1.98029299558721
   13   -1.98029180201266  -1.98029180201266
   14   -1.98029169875580  -1.98029169875580
   15   -1.98016533703060  -1.98016533703060
   16   -1.98016415988494  -1.98016415988494
   17   -1.98016397546230  -1.98016397546230
   18   -1.97989486434375  -1.97989486434375
   19   -1.97989360122607  -1.97989360122607
   20   -1.97989354306376  -1.97989354306376
   21   -1.97648514339654  -1.97648514339654
   22   -1.97648507141117  -1.97648507141117
   23   -1.97239636160337  -1.97239636160337
   24   -1.97239627382627  -1.97239627382627
   25   -1.97239532929516  -1.97239532929516
   26   -1.97239524919204  -1.97239524919204
   27   -1.97239025633532  -1.97239025633532
   28   -1.97239022019475  -1.97239022019475
   29   -1.20712067240739  -1.20712067240739
   30   -1.20711338711972  -1.20711338711972
   31   -1.20711265066970  -1.20711265066970
   32   -1.20672025856693  -1.20672025856693
   33   -1.20671282401809  -1.20671282401809
   34   -1.20671190432581  -1.20671190432581
   35   -1.20609820269411  -1.20609820269411
   36   -1.20589703083008  -1.20589703083008
   37   -1.20588882308077  -1.20588882308077
   38   -1.20588798880302  -1.20588798880302
   39   -1.20521722252809  -1.20521722252809
   40   -1.20520772965015  -1.20520772965015
   41   -1.20520684884757  -1.20520684884757
   42   -1.20452223596944  -1.20452223596944
   43   -1.20451144566300  -1.20451144566300
   44   -1.20451084443539  -1.20451084443539
   45   -1.20385236118478  -1.20385236118478
   46   -1.20004144514571  -1.20004144514571
   47   -1.19589984896759  -1.19589984896759
   48   -1.19528098589015  -1.19528098589015
   49   -1.19528023177948  -1.19528023177948
   50   -1.19527990575695  -1.19527990575695
   51   -1.19391826680458  -1.19391826680458
   52   -1.19391813921360  -1.19391813921360
   53   -1.19391518677247  -1.19391518677247
   54   -1.19391507672060  -1.19391507672060
   55   -1.19391399138331  -1.19391399138331
   56   -1.19391388209519  -1.19391388209519
   57   -1.19351517753432  -1.19351517753432
   58   -1.19351453018057  -1.19351453018057
   59   -1.19351389541915  -1.19351389541915
   60   -1.19225320667513  -1.19225320667513
   61   -1.19047663936410  -1.19047663936410
   62   -1.19047594521384  -1.19047594521384
   63   -1.19047538301081  -1.19047538301081
   64   -1.18723454821962  -1.18723454821962
   65   -1.18723386242617  -1.18723386242617
   66   -1.18723315561760  -1.18723315561760
   67   -1.18440884002527  -1.18440884002527
   68   -1.18440832927395  -1.18440832927395
   69   -1.18440773845649  -1.18440773845649
   70   -1.18018612624306  -1.18018612624306
   71   -1.18017758635761  -1.18017758635761
   72   -1.17903755227810  -1.17903755227810
   73   -1.17903719400201  -1.17903719400201
   74   -1.17901508945177  -1.17901508945177
   75   -1.17874468505562  -1.17874468505562
   76   -1.17874422395697  -1.17874422395697
   77   -1.17872268113145  -1.17872268113145
   78   -1.17809923991165  -1.17809923991165
   79   -1.17809879081076  -1.17809879081076
   80   -1.17807778351100  -1.17807778351100
   81   -1.17757309038315  -1.17757309038315
   82   -1.17757265931925  -1.17757265931925
   83   -1.17755185496395  -1.17755185496395
   84   -1.17700714791395  -1.17700714791395
   85   -1.17700683680127  -1.17700683680127
   86   -1.17698610216725  -1.17698610216725
   87   -1.17321027245979  -1.17321027245979
   88   -1.17320952896001  -1.17320952896001
   89   -1.17320678921912  -1.17320678921912
   90   -1.17320604719724  -1.17320604719724
   91   -1.17320383455025  -1.17320383455025
   92   -1.17320036337360  -1.17320036337360
   93   -1.17050587072171  -1.17050587072171
   94   -1.17046717356880  -1.17046717356880
   95   -1.17045509086888  -1.17045509086888
   96   -1.17041653492743  -1.17041653492743
   97   -1.17020902226171  -1.17020902226171
   98   -1.17015851122275  -1.17015851122275
   99   -1.17007328327496  -1.17007328327496
  100   -1.17002294163181  -1.17002294163181
  101   -1.16977580226381  -1.16977580226381
  102   -1.16972559110797  -1.16972559110797
  103   -1.16841931446210  -1.16841931446210
  104   -1.16841920334139  -1.16841920334139
  105   -1.16841505480146  -1.16841505480146
  106   -1.16841498398560  -1.16841498398560
  107   -1.16840102120921  -1.16840102120921
  108   -1.16840093473731  -1.16840093473731
  109   -1.16113803971528  -1.16113803971528
  110   -1.16113795370021  -1.16113795370021
  111   -1.16109701526006  -1.16109701526006
  112   -1.16109693006430  -1.16109693006430
  113   -0.74757648298338  -0.74757648298338
  114   -0.73979009538452  -0.73979009538452
  115   -0.72716348084244  -0.72716348084244
  116   -0.71185244758063  -0.71185244758063
  117   -0.69602032516340  -0.69602032516340
  118   -0.68314887546469  -0.68314887546469
  119   -0.64860368516263  -0.64860368516263
  120   -0.64859928488670  -0.64859928488670
  121   -0.64859602825284  -0.64859602825284
  122   -0.64392977189241  -0.64392977189241
  123   -0.64392394072910  -0.64392394072910
  124   -0.64391537119635  -0.64391537119635
  125   -0.63547067958277  -0.63547067958277
  126   -0.63546511269824  -0.63546511269824
  127   -0.63545187181828  -0.63545187181828
  128   -0.62492814906762  -0.62492814906762
  129   -0.62492261040166  -0.62492261040166
  130   -0.62490792080116  -0.62490792080116
  131   -0.61389318762649  -0.61389318762649
  132   -0.61388780017220  -0.61388780017220
  133   -0.61387366237087  -0.61387366237087
  134   -0.60840966646397  -0.60840966646397
  135   -0.60838467427198  -0.60838467427198
  136   -0.60837753924412  -0.60837753924412
  137   -0.60480302264237  -0.60480302264237
  138   -0.60479909441590  -0.60479909441590
  139   -0.60478507381273  -0.60478507381273
  140   -0.60190198857101  -0.60190198857101
  141   -0.60186801812629  -0.60186801812629
  142   -0.60185855817425  -0.60185855817425
  143   -0.59083284864338  -0.59083284864338
  144   -0.59079187635354  -0.59079187635354
  145   -0.59078300713487  -0.59078300713487
  146   -0.57710942728514  -0.57710942728514
  147   -0.57706648340266  -0.57706648340266
  148   -0.57705729476167  -0.57705729476167
  149   -0.56258016681399  -0.56258016681399
  150   -0.56253932332250  -0.56253932332250
  151   -0.56252935205204  -0.56252935205204
  152   -0.55042269914609  -0.55042269914609
  153   -0.55038409285133  -0.55038409285133
  154   -0.55037637939278  -0.55037637939278
  155   -0.51095239339376  -0.51095239339376
  156   -0.49551992111025  -0.49551992111025
  157   -0.47187752997561  -0.47187752997561
  158   -0.45390461817213  -0.45390461817213
  159   -0.45390140579825  -0.45390140579825
  160   -0.45385070271849  -0.45385070271849
  161   -0.45001202092769  -0.45001202092769
  162   -0.45000698859964  -0.45000698859964
  163   -0.44995379884425  -0.44995379884425
  164   -0.44360048704602  -0.44360048704602
  165   -0.44206827137175  -0.44206827137175
  166   -0.44206229519849  -0.44206229519849
  167   -0.44200872947291  -0.44200872947291
  168   -0.43181791039304  -0.43181791039304
  169   -0.43181168716743  -0.43181168716743
  170   -0.43175996834247  -0.43175996834247
  171   -0.42074407451902  -0.42074407451902
  172   -0.42073816925234  -0.42073816925234
  173   -0.42069048184646  -0.42069048184646
  174   -0.41268029863922  -0.41268029863922
  175   -0.41138037441497  -0.41138037441497
  176   -0.41137590042983  -0.41137590042983
  177   -0.41133230359540  -0.41133230359540
  178   -0.40209655723116  -0.40209655723116
  179   -0.40206424494285  -0.40206424494285
  180   -0.40205978934289  -0.40205978934289
  181   -0.39682334738715  -0.39682334738715
  182   -0.39681824367481  -0.39681824367481
  183   -0.39673930666234  -0.39673930666234
  184   -0.39324994091416  -0.39324994091416
  185   -0.39323304307358  -0.39323304307358
  186   -0.39322734458452  -0.39322734458452
  187   -0.38469804091348  -0.38469804091348
  188   -0.38469129709302  -0.38469129709302
  189   -0.38461844942488  -0.38461844942488
  190   -0.38174555106637  -0.38174555106637
  191   -0.38032545298697  -0.38032545298697
  192   -0.38032043119133  -0.38032043119133
  193   -0.38031652273096  -0.38031652273096
  194   -0.37888239096475  -0.37888239096475
  195   -0.37867449989300  -0.37867449989300
  196   -0.37592974800817  -0.37592974800817
  197   -0.37575474263229  -0.37575474263229
  198   -0.36912666173617  -0.36912666173617
  199   -0.36898459061627  -0.36898459061627
  200   -0.36721126537740  -0.36721126537740
  201   -0.36720605707652  -0.36720605707652
  202   -0.36713406676452  -0.36713406676452
  203   -0.36660512646839  -0.36660512646839
  204   -0.36659945725102  -0.36659945725102
  205   -0.36658546817413  -0.36658546817413
  206   -0.35996349471392  -0.35996349471392
  207   -0.35986293984640  -0.35986293984640
  208   -0.35490817925876  -0.35490817925876
  209   -0.35490277611482  -0.35490277611482
  210   -0.35487427812726  -0.35487427812726
  211   -0.35115619656168  -0.35115619656168
  212   -0.35115271880139  -0.35115271880139
  213   -0.35108202951830  -0.35108202951830
  214   -0.34932561909773  -0.34932561909773
  215   -0.34927831896695  -0.34927831896695
  216   -0.34688329288318  -0.34688329288318
  217   -0.34687938485836  -0.34687938485836
  218   -0.34684055660261  -0.34684055660261
  219   -0.34239455826115  -0.34239455826115
  220   -0.34239226391319  -0.34239226391319
  221   -0.34233041909601  -0.34233041909601
  222   -0.33958951154958  -0.33958951154958
  223   -0.33957047043806  -0.33957047043806
  224   -0.32306155899330  -0.32306155899330
  225   -0.32305529581233  -0.32305529581233
  226   -0.32301791285580  -0.32301791285580
  227   -0.32301154461497  -0.32301154461497
  228   -0.32297549425713  -0.32297549425713
  229   -0.32293071169199  -0.32293071169199
  230   -0.32269632944794  -0.32269632944794
  231   -0.29870345352348  -0.29870345352348
  232   -0.26546247546429  -0.26546247546429
  233   -0.24061813321825  -0.24061813321825
  234   -0.24044787295144  -0.24044787295144
  235   -0.23204894029275  -0.23204894029275
  236   -0.23189067092655  -0.23189067092655
  237   -0.23185373681475  -0.23185373681475
  238   -0.21618406278165  -0.21618406278165
  239   -0.21603241247692  -0.21603241247692
  240   -0.20453344744984  -0.20453344744984
  241   -0.20452675648498  -0.20452675648498
  242   -0.20452027351578  -0.20452027351578
  243   -0.20202327564864  -0.20202327564864
  244   -0.20055152369014  -0.20055152369014
  245   -0.20054833661458  -0.20054833661458
  246   -0.20054382076177  -0.20054382076177
  247   -0.19463965154089  -0.19463965154089
  248   -0.19458842053517  -0.19458842053517
  249   -0.19457485468257  -0.19457485468257
  250   -0.19456775231557  -0.19456775231557
  251   -0.19394976918857  -0.19394976918857
  252   -0.19379800951915  -0.19379800951915
  253   -0.19344253912596  -0.19344253912596
  254   -0.18281883808059  -0.18281883808059
  255   -0.18172461800142  -0.18172461800142
  256   -0.18096560689685  -0.18096560689685
  257   -0.17454838712310  -0.17454838712310
  258   -0.17452744231342  -0.17452744231342
  259   -0.17452131144136  -0.17452131144136
  260   -0.16830700531031  -0.16830700531031
  261   -0.16499897926319  -0.16499897926319
  262   -0.16484107083381  -0.16484107083381
  263   -0.16348542402855  -0.16348542402855
  264   -0.16234789465298  -0.16234789465298
  265   -0.15425083789499  -0.15425083789499
  266   -0.15228500359440  -0.15228500359440
  267   -0.15065302219287  -0.15065302219287
  268   -0.15065292197995  -0.15065292197995
  269   -0.15064619020014  -0.15064619020014
  270   -0.15064609669151  -0.15064609669151
  271   -0.15064458376185  -0.15064458376185
  272   -0.15064449841883  -0.15064449841883
  273   -0.14413790950396  -0.14413790950396
  274   -0.14411764499869  -0.14411764499869
  275   -0.14411200523625  -0.14411200523625
  276   -0.14112487565624  -0.14112487565624
  277   -0.14047391171365  -0.14047391171365
  278   -0.14047291832129  -0.14047291832129
  279   -0.14033699760557  -0.14033699760557
  280   -0.14001863103955  -0.14001863103955
  281   -0.12944551194566  -0.12944551194566
  282   -0.12928295341837  -0.12928295341837
  283   -0.12708475513192  -0.12708475513192
  284   -0.12708403703168  -0.12708403703168
  285   -0.12694888748430  -0.12694888748430
  286   -0.11999971698678  -0.11999971698678
  287   -0.11891354214386  -0.11891354214386
  288   -0.10543153540348  -0.10543153540348
  289   -0.10543032024410  -0.10543032024410
  290   -0.10529319670680  -0.10529319670680
  291   -0.10369540722033  -0.10369540722033
  292   -0.10263206761981  -0.10263206761981
  293   -0.09459242227779  -0.09459242227779
  294   -0.09356060718201  -0.09356060718201
  295   -0.09270438886046  -0.09270438886046
  296   -0.09270075169745  -0.09270075169745
  297   -0.09253622380388  -0.09253622380388
  298   -0.09225317075669  -0.09225317075669
  299   -0.09198611440810  -0.09198611440810
  300   -0.08745186983256  -0.08745186983256
  301   -0.08744212457813  -0.08744212457813
  302   -0.08713812562709  -0.08713812562709
  303   -0.08267796866192  -0.08267796866192
  304   -0.08267574589530  -0.08267574589530
  305   -0.08257475370716  -0.08257475370716
  306   -0.07894971488714  -0.07894971488714
  307   -0.07894768718888  -0.07894768718888
  308   -0.07880242463061  -0.07880242463061
  309   -0.07233788959634  -0.07233788959634
  310   -0.07190214631143  -0.07190214631143
  311   -0.07093947005690  -0.07093947005690
  312   -0.06851505965077  -0.06851505965077
  313   -0.06530227178156  -0.06530227178156
  314   -0.06260099113925  -0.06260099113925
  315   -0.06256607865996  -0.06256607865996
  316   -0.06255907073627  -0.06255907073627
  317   -0.05740714526900  -0.05740714526900
  318   -0.05735220457627  -0.05735220457627
  319   -0.05172053726929  -0.05172053726929
  320   -0.05171831865198  -0.05171831865198
  321   -0.05155697989817  -0.05155697989817
  322   -0.04414845835531  -0.04414845835531
  323   -0.04396348043730  -0.04396348043730
  324   -0.04396156075282  -0.04396156075282
  325   -0.04304827890106  -0.04304827890106
  326   -0.04304708409370  -0.04304708409370
  327   -0.04126052251603  -0.04126052251603
  328   -0.04031782142019  -0.04031782142019
  329   -0.04031657204750  -0.04031657204750
  330   -0.03909349560540  -0.03909349560540
  331   -0.03908844829514  -0.03908844829514
  332   -0.03854745005887  -0.03854745005887
  333   -0.03657478757424  -0.03657478757424
  334   -0.03560780635172  -0.03560780635172
  335   -0.03560685965324  -0.03560685965324
  336   -0.03277663113303  -0.03277663113303

   kloop=1
   k1=   0.00000 k2=  -0.00000 k3=   0.33333

    1   -1.98380279334783  -1.98380279334783
    2   -1.98373751945324  -1.98373751945324
    3   -1.98344543107244  -1.98344543107244
    4   -1.98326479922033  -1.98326479922033
    5   -1.98296100599077  -1.98296100599077
    6   -1.98161918734752  -1.98161918734752
    7   -1.98157474873877  -1.98157474873877
    8   -1.98131525292981  -1.98131525292981
    9   -1.98116961070316  -1.98116961070316
   10   -1.98088832778291  -1.98088832778291
   11   -1.98047790716101  -1.98047790716101
   12   -1.98047729247444  -1.98047729247444
   13   -1.98044287873016  -1.98044287873016
   14   -1.98044224673417  -1.98044224673417
   15   -1.98019901652132  -1.98019901652132
   16   -1.98019838987147  -1.98019838987147
   17   -1.98007156581690  -1.98007156581690
   18   -1.98007096860806  -1.98007096860806
   19   -1.97980045780130  -1.97980045780130
   20   -1.97979982881195  -1.97979982881195
   21   -1.97541813997195  -1.97541813997195
   22   -1.97541807173860  -1.97541807173860
   23   -1.97337139058526  -1.97337139058526
   24   -1.97337132315390  -1.97337132315390
   25   -1.97229964654170  -1.97229964654170
   26   -1.97229955563088  -1.97229955563088
   27   -1.97229545834102  -1.97229545834102
   28   -1.97229540657740  -1.97229540657740
   29   -1.20358270070636  -1.20358270070636
   30   -1.20280472476955  -1.20280472476955
   31   -1.20279678197101  -1.20279678197101
   32   -1.20242487339288  -1.20242487339288
   33   -1.20241696562961  -1.20241696562961
   34   -1.20163172867322  -1.20163172867322
   35   -1.20162353837618  -1.20162353837618
   36   -1.20146376122028  -1.20146376122028
   37   -1.20097395740508  -1.20097395740508
   38   -1.20096506909899  -1.20096506909899
   39   -1.20029144811629  -1.20029144811629
   40   -1.20028182321969  -1.20028182321969
   41   -1.19860758254110  -1.19860758254110
   42   -1.19837645308498  -1.19837645308498
   43   -1.19816214639006  -1.19816214639006
   44   -1.19785255796272  -1.19785255796272
   45   -1.19768563845165  -1.19768563845165
   46   -1.19703976588079  -1.19703976588079
   47   -1.19669791851329  -1.19669791851329
   48   -1.19593084830698  -1.19593084830698
   49   -1.19539934948177  -1.19539934948177
   50   -1.19539911069086  -1.19539911069086
   51   -1.19393295280196  -1.19393295280196
   52   -1.19364443764216  -1.19364443764216
   53   -1.19364430751889  -1.19364430751889
   54   -1.19298382636910  -1.19298382636910
   55   -1.19073698373339  -1.19073698373339
   56   -1.19073601562393  -1.19073601562393
   57   -1.19046799428137  -1.19046799428137
   58   -1.19001986241693  -1.19001986241693
   59   -1.19001474676680  -1.19001474676680
   60   -1.18985273179874  -1.18985273179874
   61   -1.18984839671756  -1.18984839671756
   62   -1.18959095634610  -1.18959095634610
   63   -1.18731022907896  -1.18731022907896
   64   -1.18731013641792  -1.18731013641792
   65   -1.18674562145713  -1.18674562145713
   66   -1.18626025200359  -1.18626025200359
   67   -1.18607261450741  -1.18607261450741
   68   -1.18453275133418  -1.18453275133418
   69   -1.18453224914778  -1.18453224914778
   70   -1.18429085013862  -1.18429085013862
   71   -1.18427539398387  -1.18427539398387
   72   -1.18395858264299  -1.18395858264299
   73   -1.18394364552709  -1.18394364552709
   74   -1.18328340389106  -1.18328340389106
   75   -1.18326857664740  -1.18326857664740
   76   -1.18272437522971  -1.18272437522971
   77   -1.18270971797699  -1.18270971797699
   78   -1.18213135664484  -1.18213135664484
   79   -1.18211669945268  -1.18211669945268
   80   -1.18041648948340  -1.18041648948340
   81   -1.18028893161375  -1.18028893161375
   82   -1.17979852861584  -1.17979852861584
   83   -1.17948795099243  -1.17948795099243
   84   -1.17906130024385  -1.17906130024385
   85   -1.17858723355928  -1.17858723355928
   86   -1.17858518846384  -1.17858518846384
   87   -1.17700408301811  -1.17700408301811
   88   -1.17677094752860  -1.17677094752860
   89   -1.17621753142705  -1.17621753142705
   90   -1.17578744730842  -1.17578744730842
   91   -1.17529275910149  -1.17529275910149
   92   -1.17491595635661  -1.17491595635661
   93   -1.17491202418316  -1.17491202418316
   94   -1.17351357545340  -1.17351357545340
   95   -1.17351138653505  -1.17351138653505
   96   -1.17350743131989  -1.17350743131989
   97   -1.17350522703904  -1.17350522703904
   98   -1.17294266752664  -1.17294266752664
   99   -1.17294151184434  -1.17294151184434
  100   -1.17293399487662  -1.17293399487662
  101   -1.17293286618464  -1.17293286618464
  102   -1.17273091268834  -1.17273091268834
  103   -1.17262838064085  -1.17262838064085
  104   -1.17226977668974  -1.17226977668974
  105   -1.17203376362790  -1.17203376362790
  106   -1.17167344592687  -1.17167344592687
  107   -1.16959549566715  -1.16959549566715
  108   -1.16959540952955  -1.16959540952955
  109   -1.16669298413609  -1.16669298413609
  110   -1.16669289343733  -1.16669289343733
  111   -1.16304887113642  -1.16304887113642
  112   -1.16304878326577  -1.16304878326577
  113   -0.72848223617268  -0.72848223617268
  114   -0.72211327047370  -0.72211327047370
  115   -0.71179658525764  -0.71179658525764
  116   -0.69959035635243  -0.69959035635243
  117   -0.68742332492766  -0.68742332492766
  118   -0.67813587281138  -0.67813587281138
  119   -0.67786938399389  -0.67786938399389
  120   -0.67556712438990  -0.67556712438990
  121   -0.67144278039741  -0.67144278039741
  122   -0.66747254088666  -0.66747254088666
  123   -0.66438069943798  -0.66438069943798
  124   -0.66228957498233  -0.66228957498233
  125   -0.64480622551161  -0.64480622551161
  126   -0.64480013263759  -0.64480013263759
  127   -0.64286134912784  -0.64286134912784
  128   -0.64285208678496  -0.64285208678496
  129   -0.63918114603662  -0.63918114603662
  130   -0.63917301368447  -0.63917301368447
  131   -0.63579780903063  -0.63579780903063
  132   -0.63579388797914  -0.63579388797914
  133   -0.63355124400918  -0.63355124400918
  134   -0.63354922046203  -0.63354922046203
  135   -0.63258950249676  -0.63258950249676
  136   -0.63258706585438  -0.63258706585438
  137   -0.56087092907378  -0.56087092907378
  138   -0.56083416373936  -0.56083416373936
  139   -0.56065914749616  -0.56065914749616
  140   -0.56062318766553  -0.56062318766553
  141   -0.55727124348524  -0.55727124348524
  142   -0.55724920583975  -0.55724920583975
  143   -0.55615576783042  -0.55615576783042
  144   -0.55614450884945  -0.55614450884945
  145   -0.55543341817913  -0.55543341817913
  146   -0.55540674071458  -0.55540674071458
  147   -0.55312348239601  -0.55312348239601
  148   -0.55310006334321  -0.55310006334321
  149   -0.52544575459012  -0.52544575459012
  150   -0.52473530238123  -0.52473530238123
  151   -0.52205257289099  -0.52205257289099
  152   -0.52092330393208  -0.52092330393208
  153   -0.51631296866176  -0.51631296866176
  154   -0.50845683082799  -0.50845683082799
  155   -0.48481099932107  -0.48481099932107
  156   -0.47341635947300  -0.47341635947300
  157   -0.47194065976586  -0.47194065976586
  158   -0.47189889280000  -0.47189889280000
  159   -0.47171170224018  -0.47171170224018
  160   -0.47166916439835  -0.47166916439835
  161   -0.46856762567974  -0.46856762567974
  162   -0.46853737094113  -0.46853737094113
  163   -0.46668716671659  -0.46668716671659
  164   -0.46665543963083  -0.46665543963083
  165   -0.46642454089162  -0.46642454089162
  166   -0.46639893899945  -0.46639893899945
  167   -0.46194646057978  -0.46194646057978
  168   -0.46191959856928  -0.46191959856928
  169   -0.45620361074235  -0.45620361074235
  170   -0.43810042737375  -0.43810042737375
  171   -0.43687517681874  -0.43687517681874
  172   -0.43398692358637  -0.43398692358637
  173   -0.43121441900163  -0.43121441900163
  174   -0.43094961318247  -0.43094961318247
  175   -0.43009762324612  -0.43009762324612
  176   -0.42748613680864  -0.42748613680864
  177   -0.42578163347598  -0.42578163347598
  178   -0.41918708280849  -0.41918708280849
  179   -0.41634517123984  -0.41634517123984
  180   -0.41632032183594  -0.41632032183594
  181   -0.41626428093556  -0.41626428093556
  182   -0.41418823454545  -0.41418823454545
  183   -0.41038321310927  -0.41038321310927
  184   -0.40546668708717  -0.40546668708717
  185   -0.40412874417539  -0.40412874417539
  186   -0.40303347611799  -0.40303347611799
  187   -0.39880994613866  -0.39880994613866
  188   -0.39630274783168  -0.39630274783168
  189   -0.39627216777794  -0.39627216777794
  190   -0.39202365399361  -0.39202365399361
  191   -0.39201573094807  -0.39201573094807
  192   -0.39041347366545  -0.39041347366545
  193   -0.39039181289658  -0.39039181289658
  194   -0.38712594776989  -0.38712594776989
  195   -0.38676013875485  -0.38676013875485
  196   -0.38672244657957  -0.38672244657957
  197   -0.38665316466241  -0.38665316466241
  198   -0.38567884125100  -0.38567884125100
  199   -0.38547010571012  -0.38547010571012
  200   -0.38532453555258  -0.38532453555258
  201   -0.38531924935769  -0.38531924935769
  202   -0.38527375438638  -0.38527375438638
  203   -0.38174324580458  -0.38174324580458
  204   -0.38171607909265  -0.38171607909265
  205   -0.37897486784993  -0.37897486784993
  206   -0.37896379589001  -0.37896379589001
  207   -0.37712368234637  -0.37712368234637
  208   -0.37710551820454  -0.37710551820454
  209   -0.34860643696338  -0.34860643696338
  210   -0.34859369131626  -0.34859369131626
  211   -0.34809013923668  -0.34809013923668
  212   -0.34806984289418  -0.34806984289418
  213   -0.34291793325196  -0.34291793325196
  214   -0.34288501013904  -0.34288501013904
  215   -0.33082035063824  -0.33082035063824
  216   -0.33077644367468  -0.33077644367468
  217   -0.33027678534784  -0.33027678534784
  218   -0.33019437067708  -0.33019437067708
  219   -0.32860869611492  -0.32860869611492
  220   -0.32581324628328  -0.32581324628328
  221   -0.32347464668224  -0.32347464668224
  222   -0.31295538186088  -0.31295538186088
  223   -0.31290349810663  -0.31290349810663
  224   -0.30872774469211  -0.30872774469211
  225   -0.30035355067769  -0.30035355067769
  226   -0.30032056435178  -0.30032056435178
  227   -0.29566125965928  -0.29566125965928
  228   -0.29097565872044  -0.29097565872044
  229   -0.29091475084114  -0.29091475084114
  230   -0.27816639899143  -0.27816639899143
  231   -0.26685099664697  -0.26685099664697
  232   -0.26672922621759  -0.26672922621759
  233   -0.26664697933301  -0.26664697933301
  234   -0.26512591033895  -0.26512591033895
  235   -0.25321165107518  -0.25321165107518
  236   -0.25270377298238  -0.25270377298238
  237   -0.23852256710907  -0.23852256710907
  238   -0.23843411421624  -0.23843411421624
  239   -0.21522765624521  -0.21522765624521
  240   -0.21515824840142  -0.21515824840142
  241   -0.20997303671384  -0.20997303671384
  242   -0.20988459407402  -0.20988459407402
  243   -0.19340814112107  -0.19340814112107
  244   -0.19339002042081  -0.19339002042081
  245   -0.19330278376984  -0.19330278376984
  246   -0.19225600341524  -0.19225600341524
  247   -0.18821746564024  -0.18821746564024
  248   -0.18648102120315  -0.18648102120315
  249   -0.18622164794697  -0.18622164794697
  250   -0.18493721027959  -0.18493721027959
  251   -0.18282690511931  -0.18282690511931
  252   -0.18274948180026  -0.18274948180026
  253   -0.18213273340350  -0.18213273340350
  254   -0.17762119937932  -0.17762119937932
  255   -0.17661182687714  -0.17661182687714
  256   -0.17642691153034  -0.17642691153034
  257   -0.17587687436187  -0.17587687436187
  258   -0.17572933056150  -0.17572933056150
  259   -0.17548414211998  -0.17548414211998
  260   -0.17532763437360  -0.17532763437360
  261   -0.17196111945321  -0.17196111945321
  262   -0.16971555843863  -0.16971555843863
  263   -0.16150085972566  -0.16150085972566
  264   -0.16061875279090  -0.16061875279090
  265   -0.15853697157829  -0.15853697157829
  266   -0.15851525795864  -0.15851525795864
  267   -0.15661355864409  -0.15661355864409
  268   -0.15541699953942  -0.15541699953942
  269   -0.15051498096999  -0.15051498096999
  270   -0.14401269101735  -0.14401269101735
  271   -0.14378874904312  -0.14378874904312
  272   -0.14030997410817  -0.14030997410817
  273   -0.14028637693807  -0.14028637693807
  274   -0.13939621333106  -0.13939621333106
  275   -0.13919949381722  -0.13919949381722
  276   -0.13731593747304  -0.13731593747304
  277   -0.13596927189775  -0.13596927189775
  278   -0.13407595968309  -0.13407595968309
  279   -0.13100286405008  -0.13100286405008
  280   -0.13028959100995  -0.13028959100995
  281   -0.12640753835669  -0.12640753835669
  282   -0.12461274370992  -0.12461274370992
  283   -0.12219700047491  -0.12219700047491
  284   -0.12218665263751  -0.12218665263751
  285   -0.11865901437462  -0.11865901437462
  286   -0.11846239701741  -0.11846239701741
  287   -0.11630058556405  -0.11630058556405
  288   -0.11620644517811  -0.11620644517811
  289   -0.11544206955969  -0.11544206955969
  290   -0.11052301633257  -0.11052301633257
  291   -0.10792030194559  -0.10792030194559
  292   -0.10437183250233  -0.10437183250233
  293   -0.10272326649651  -0.10272326649651
  294   -0.10271540875012  -0.10271540875012
  295   -0.10225180864395  -0.10225180864395
  296   -0.09894216455772  -0.09894216455772
  297   -0.09447279128288  -0.09447279128288
  298   -0.09358592221027  -0.09358592221027
  299   -0.08951165161757  -0.08951165161757
  300   -0.08909453061126  -0.08909453061126
  301   -0.08800901998841  -0.08800901998841
  302   -0.08772072248477  -0.08772072248477
  303   -0.08678829400779  -0.08678829400779
  304   -0.08376377898025  -0.08376377898025
  305   -0.08371852231200  -0.08371852231200
  306   -0.08266645607465  -0.08266645607465
  307   -0.08210412719406  -0.08210412719406
  308   -0.07925514450216  -0.07925514450216
  309   -0.07609511474401  -0.07609511474401
  310   -0.07607747800673  -0.07607747800673
  311   -0.07418339947476  -0.07418339947476
  312   -0.07395482124594  -0.07395482124594
  313   -0.07299088764959  -0.07299088764959
  314   -0.07118367355659  -0.07118367355659
  315   -0.07088387619920  -0.07088387619920
  316   -0.07021072507018  -0.07021072507018
  317   -0.06769097072597  -0.06769097072597
  318   -0.06756375468404  -0.06756375468404
  319   -0.06747857968638  -0.06747857968638
  320   -0.06723844597375  -0.06723844597375
  321   -0.06637081429921  -0.06637081429921
  322   -0.06296056257108  -0.06296056257108
  323   -0.06290738954478  -0.06290738954478
  324   -0.05920946733859  -0.05920946733859
  325   -0.05915960614345  -0.05915960614345
  326   -0.05543853075139  -0.05543853075139
  327   -0.05340931587871  -0.05340931587871
  328   -0.05328958766010  -0.05328958766010
  329   -0.04922370990626  -0.04922370990626
  330   -0.04870145298683  -0.04870145298683
  331   -0.04726405086892  -0.04726405086892
  332   -0.04703984862570  -0.04703984862570
  333   -0.04680654832440  -0.04680654832440
  334   -0.04194976024161  -0.04194976024161
  335   -0.04189815250817  -0.04189815250817
  336   -0.04151544620308  -0.04151544620308

   kloop=2
   k1=   0.00000 k2=   0.33333 k3=   0.00000

    1   -1.98380279126812  -1.98380279126812
    2   -1.98373751698305  -1.98373751698305
    3   -1.98344542881341  -1.98344542881341
    4   -1.98326479596859  -1.98326479596859
    5   -1.98296100358964  -1.98296100358964
    6   -1.98161917916855  -1.98161917916855
    7   -1.98157473991516  -1.98157473991516
    8   -1.98131524539712  -1.98131524539712
    9   -1.98116960119582  -1.98116960119582
   10   -1.98088832091934  -1.98088832091934
   11   -1.98047794690098  -1.98047794690098
   12   -1.98047726087130  -1.98047726087130
   13   -1.98044290182165  -1.98044290182165
   14   -1.98044223347175  -1.98044223347175
   15   -1.98019905171059  -1.98019905171059
   16   -1.98019836458466  -1.98019836458466
   17   -1.98007164653597  -1.98007164653597
   18   -1.98007090035743  -1.98007090035743
   19   -1.97980050661160  -1.97980050661160
   20   -1.97979979069513  -1.97979979069513
   21   -1.97541813743151  -1.97541813743151
   22   -1.97541806893397  -1.97541806893397
   23   -1.97337138700149  -1.97337138700149
   24   -1.97337131934730  -1.97337131934730
   25   -1.97229915186262  -1.97229915186262
   26   -1.97229906952035  -1.97229906952035
   27   -1.97229595903624  -1.97229595903624
   28   -1.97229589936090  -1.97229589936090
   29   -1.20358267905099  -1.20358267905099
   30   -1.20280456149301  -1.20280456149301
   31   -1.20279625158691  -1.20279625158691
   32   -1.20242468161930  -1.20242468161930
   33   -1.20241634687832  -1.20241634687832
   34   -1.20163155123493  -1.20163155123493
   35   -1.20162296721155  -1.20162296721155
   36   -1.20146373635715  -1.20146373635715
   37   -1.20097378064292  -1.20097378064292
   38   -1.20096450162631  -1.20096450162631
   39   -1.20029130970686  -1.20029130970686
   40   -1.20028138391785  -1.20028138391785
   41   -1.19860800722317  -1.19860800722317
   42   -1.19837678846213  -1.19837678846213
   43   -1.19816224404122  -1.19816224404122
   44   -1.19785253755205  -1.19785253755205
   45   -1.19768604977041  -1.19768604977041
   46   -1.19704019647042  -1.19704019647042
   47   -1.19669814901013  -1.19669814901013
   48   -1.19593092315274  -1.19593092315274
   49   -1.19539975529299  -1.19539975529299
   50   -1.19539879998591  -1.19539879998591
   51   -1.19393293448107  -1.19393293448107
   52   -1.19364492888043  -1.19364492888043
   53   -1.19364392332192  -1.19364392332192
   54   -1.19298377096626  -1.19298377096626
   55   -1.19073687139426  -1.19073687139426
   56   -1.19073609477181  -1.19073609477181
   57   -1.19046798129167  -1.19046798129167
   58   -1.19001946518868  -1.19001946518868
   59   -1.19001452133955  -1.19001452133955
   60   -1.18985242452956  -1.18985242452956
   61   -1.18984819660528  -1.18984819660528
   62   -1.18959091288062  -1.18959091288062
   63   -1.18731076788930  -1.18731076788930
   64   -1.18730967126917  -1.18730967126917
   65   -1.18674573623345  -1.18674573623345
   66   -1.18626061876946  -1.18626061876946
   67   -1.18607283246339  -1.18607283246339
   68   -1.18453300861083  -1.18453300861083
   69   -1.18453206104696  -1.18453206104696
   70   -1.18429124793978  -1.18429124793978
   71   -1.18427554972620  -1.18427554972620
   72   -1.18395903225217  -1.18395903225217
   73   -1.18394382559634  -1.18394382559634
   74   -1.18328382535090  -1.18328382535090
   75   -1.18326874372932  -1.18326874372932
   76   -1.18272481100930  -1.18272481100930
   77   -1.18270988450233  -1.18270988450233
   78   -1.18213169888617  -1.18213169888617
   79   -1.18211682811460  -1.18211682811460
   80   -1.18041687032600  -1.18041687032600
   81   -1.18028933271337  -1.18028933271337
   82   -1.17979886058201  -1.17979886058201
   83   -1.17948829298274  -1.17948829298274
   84   -1.17906156790190  -1.17906156790190
   85   -1.17858730077457  -1.17858730077457
   86   -1.17858525247856  -1.17858525247856
   87   -1.17700377964225  -1.17700377964225
   88   -1.17677059830157  -1.17677059830157
   89   -1.17621720982448  -1.17621720982448
   90   -1.17578711243418  -1.17578711243418
   91   -1.17529249751749  -1.17529249751749
   92   -1.17491590363015  -1.17491590363015
   93   -1.17491197160874  -1.17491197160874
   94   -1.17351344917045  -1.17351344917045
   95   -1.17351126539298  -1.17351126539298
   96   -1.17350784039932  -1.17350784039932
   97   -1.17350563215166  -1.17350563215166
   98   -1.17294270237898  -1.17294270237898
   99   -1.17294154336186  -1.17294154336186
  100   -1.17293423187752  -1.17293423187752
  101   -1.17293310501590  -1.17293310501590
  102   -1.17273057589344  -1.17273057589344
  103   -1.17262800721949  -1.17262800721949
  104   -1.17226944572928  -1.17226944572928
  105   -1.17203342359883  -1.17203342359883
  106   -1.17167318918865  -1.17167318918865
  107   -1.16959579513104  -1.16959579513104
  108   -1.16959570298627  -1.16959570298627
  109   -1.16669271232325  -1.16669271232325
  110   -1.16669262687208  -1.16669262687208
  111   -1.16304859114221  -1.16304859114221
  112   -1.16304850825224  -1.16304850825224
  113   -0.72848203849748  -0.72848203849748
  114   -0.72211309030562  -0.72211309030562
  115   -0.71179653895039  -0.71179653895039
  116   -0.69959046634274  -0.69959046634274
  117   -0.68742364118825  -0.68742364118825
  118   -0.67813509243477  -0.67813509243477
  119   -0.67786975147847  -0.67786975147847
  120   -0.67556662558236  -0.67556662558236
  121   -0.67144306488395  -0.67144306488395
  122   -0.66747362305041  -0.66747362305041
  123   -0.66438246929935  -0.66438246929935
  124   -0.66229124451611  -0.66229124451611
  125   -0.64480199235277  -0.64480199235277
  126   -0.64479920529079  -0.64479920529079
  127   -0.64285643488261  -0.64285643488261
  128   -0.64285139336053  -0.64285139336053
  129   -0.63917757978725  -0.63917757978725
  130   -0.63917317367751  -0.63917317367751
  131   -0.63579574061309  -0.63579574061309
  132   -0.63579410066459  -0.63579410066459
  133   -0.63355109236074  -0.63355109236074
  134   -0.63354912489797  -0.63354912489797
  135   -0.63258963222145  -0.63258963222145
  136   -0.63258776467954  -0.63258776467954
  137   -0.56087373918662  -0.56087373918662
  138   -0.56084202735160  -0.56084202735160
  139   -0.56066199275191  -0.56066199275191
  140   -0.56063101111220  -0.56063101111220
  141   -0.55727341912356  -0.55727341912356
  142   -0.55725532215729  -0.55725532215729
  143   -0.55615698162140  -0.55615698162140
  144   -0.55614744125512  -0.55614744125512
  145   -0.55543631620712  -0.55543631620712
  146   -0.55541469645295  -0.55541469645295
  147   -0.55312585767690  -0.55312585767690
  148   -0.55310621412149  -0.55310621412149
  149   -0.52544065289647  -0.52544065289647
  150   -0.52473006420937  -0.52473006420937
  151   -0.52204810196244  -0.52204810196244
  152   -0.52092077787791  -0.52092077787791
  153   -0.51630635087368  -0.51630635087368
  154   -0.50845106594662  -0.50845106594662
  155   -0.48481081142420  -0.48481081142420
  156   -0.47341624825313  -0.47341624825313
  157   -0.47193466116482  -0.47193466116482
  158   -0.47189686881348  -0.47189686881348
  159   -0.47170568126581  -0.47170568126581
  160   -0.47166706507254  -0.47166706507254
  161   -0.46856288428699  -0.46856288428699
  162   -0.46853578574655  -0.46853578574655
  163   -0.46668356657713  -0.46668356657713
  164   -0.46665404936362  -0.46665404936362
  165   -0.46641984371639  -0.46641984371639
  166   -0.46639720326388  -0.46639720326388
  167   -0.46194380052523  -0.46194380052523
  168   -0.46191835555005  -0.46191835555005
  169   -0.45620364952901  -0.45620364952901
  170   -0.43809925902180  -0.43809925902180
  171   -0.43687869875125  -0.43687869875125
  172   -0.43399156724878  -0.43399156724878
  173   -0.43120734531761  -0.43120734531761
  174   -0.43094188211229  -0.43094188211229
  175   -0.43009301427888  -0.43009301427888
  176   -0.42749040563295  -0.42749040563295
  177   -0.42578003529980  -0.42578003529980
  178   -0.41919205941187  -0.41919205941187
  179   -0.41633828307076  -0.41633828307076
  180   -0.41631910092010  -0.41631910092010
  181   -0.41625882993853  -0.41625882993853
  182   -0.41418333204699  -0.41418333204699
  183   -0.41038902833429  -0.41038902833429
  184   -0.40546693004959  -0.40546693004959
  185   -0.40412842755132  -0.40412842755132
  186   -0.40303819129375  -0.40303819129375
  187   -0.39881233795214  -0.39881233795214
  188   -0.39630584370713  -0.39630584370713
  189   -0.39627447170408  -0.39627447170408
  190   -0.39203228232500  -0.39203228232500
  191   -0.39202438678994  -0.39202438678994
  192   -0.39041148822421  -0.39041148822421
  193   -0.39038762205149  -0.39038762205149
  194   -0.38713195476083  -0.38713195476083
  195   -0.38676057479446  -0.38676057479446
  196   -0.38672133014545  -0.38672133014545
  197   -0.38666087355645  -0.38666087355645
  198   -0.38568446266709  -0.38568446266709
  199   -0.38547076350826  -0.38547076350826
  200   -0.38531988985744  -0.38531988985744
  201   -0.38531799381639  -0.38531799381639
  202   -0.38527826955464  -0.38527826955464
  203   -0.38174244755673  -0.38174244755673
  204   -0.38171443208818  -0.38171443208818
  205   -0.37897236529520  -0.37897236529520
  206   -0.37896260276610  -0.37896260276610
  207   -0.37712164922463  -0.37712164922463
  208   -0.37710423395444  -0.37710423395444
  209   -0.34860559657988  -0.34860559657988
  210   -0.34859533760973  -0.34859533760973
  211   -0.34809008168117  -0.34809008168117
  212   -0.34807214622486  -0.34807214622486
  213   -0.34291974642290  -0.34291974642290
  214   -0.34288720681120  -0.34288720681120
  215   -0.33082345194028  -0.33082345194028
  216   -0.33077845203086  -0.33077845203086
  217   -0.33027798146641  -0.33027798146641
  218   -0.33019568387284  -0.33019568387284
  219   -0.32860939631710  -0.32860939631710
  220   -0.32581394344026  -0.32581394344026
  221   -0.32347540779506  -0.32347540779506
  222   -0.31295941836438  -0.31295941836438
  223   -0.31290537295119  -0.31290537295119
  224   -0.30872829189365  -0.30872829189365
  225   -0.30035395093447  -0.30035395093447
  226   -0.30032095789819  -0.30032095789819
  227   -0.29566243679777  -0.29566243679777
  228   -0.29097893585832  -0.29097893585832
  229   -0.29091613032672  -0.29091613032672
  230   -0.27816830960475  -0.27816830960475
  231   -0.26684966286028  -0.26684966286028
  232   -0.26672903240759  -0.26672903240759
  233   -0.26664866762237  -0.26664866762237
  234   -0.26512632647719  -0.26512632647719
  235   -0.25321291612698  -0.25321291612698
  236   -0.25270523665784  -0.25270523665784
  237   -0.23852323584149  -0.23852323584149
  238   -0.23843424337637  -0.23843424337637
  239   -0.21522987079106  -0.21522987079106
  240   -0.21516040457748  -0.21516040457748
  241   -0.20997384089172  -0.20997384089172
  242   -0.20988418510059  -0.20988418510059
  243   -0.19340764563059  -0.19340764563059
  244   -0.19339040821690  -0.19339040821690
  245   -0.19330217136013  -0.19330217136013
  246   -0.19225443798522  -0.19225443798522
  247   -0.18821710246641  -0.18821710246641
  248   -0.18647829433178  -0.18647829433178
  249   -0.18621916026552  -0.18621916026552
  250   -0.18493598985050  -0.18493598985050
  251   -0.18282582046994  -0.18282582046994
  252   -0.18274763170427  -0.18274763170427
  253   -0.18213137824178  -0.18213137824178
  254   -0.17761723859193  -0.17761723859193
  255   -0.17660972443000  -0.17660972443000
  256   -0.17642526245492  -0.17642526245492
  257   -0.17587763335903  -0.17587763335903
  258   -0.17572956164443  -0.17572956164443
  259   -0.17548489062645  -0.17548489062645
  260   -0.17532805864518  -0.17532805864518
  261   -0.17195650339967  -0.17195650339967
  262   -0.16971477916848  -0.16971477916848
  263   -0.16150080610922  -0.16150080610922
  264   -0.16061409958645  -0.16061409958645
  265   -0.15853471812041  -0.15853471812041
  266   -0.15851199412927  -0.15851199412927
  267   -0.15661311968186  -0.15661311968186
  268   -0.15541812992382  -0.15541812992382
  269   -0.15051624285647  -0.15051624285647
  270   -0.14401369824817  -0.14401369824817
  271   -0.14378974911562  -0.14378974911562
  272   -0.14030593962388  -0.14030593962388
  273   -0.14028474369657  -0.14028474369657
  274   -0.13939650810787  -0.13939650810787
  275   -0.13919953427911  -0.13919953427911
  276   -0.13731190173563  -0.13731190173563
  277   -0.13596921709649  -0.13596921709649
  278   -0.13407514746967  -0.13407514746967
  279   -0.13100217228657  -0.13100217228657
  280   -0.13029103868077  -0.13029103868077
  281   -0.12640781367073  -0.12640781367073
  282   -0.12461231440978  -0.12461231440978
  283   -0.12219350735361  -0.12219350735361
  284   -0.12218492125067  -0.12218492125067
  285   -0.11866135397637  -0.11866135397637
  286   -0.11846439491950  -0.11846439491950
  287   -0.11630012450370  -0.11630012450370
  288   -0.11620725559131  -0.11620725559131
  289   -0.11544473264322  -0.11544473264322
  290   -0.11052189043056  -0.11052189043056
  291   -0.10791979347352  -0.10791979347352
  292   -0.10437036733047  -0.10437036733047
  293   -0.10272265702834  -0.10272265702834
  294   -0.10271425609808  -0.10271425609808
  295   -0.10225049479146  -0.10225049479146
  296   -0.09894187036602  -0.09894187036602
  297   -0.09447445090941  -0.09447445090941
  298   -0.09358863482169  -0.09358863482169
  299   -0.08950954792665  -0.08950954792665
  300   -0.08909446019558  -0.08909446019558
  301   -0.08801183877644  -0.08801183877644
  302   -0.08772325167659  -0.08772325167659
  303   -0.08678448507813  -0.08678448507813
  304   -0.08376414621526  -0.08376414621526
  305   -0.08371910918690  -0.08371910918690
  306   -0.08266652770252  -0.08266652770252
  307   -0.08210405274790  -0.08210405274790
  308   -0.07925496842591  -0.07925496842591
  309   -0.07609581702402  -0.07609581702402
  310   -0.07607865990930  -0.07607865990930
  311   -0.07418513589790  -0.07418513589790
  312   -0.07395548572943  -0.07395548572943
  313   -0.07299272885700  -0.07299272885700
  314   -0.07118228404490  -0.07118228404490
  315   -0.07088263520854  -0.07088263520854
  316   -0.07021283297769  -0.07021283297769
  317   -0.06769277418286  -0.06769277418286
  318   -0.06756549889949  -0.06756549889949
  319   -0.06748068441118  -0.06748068441118
  320   -0.06724002805193  -0.06724002805193
  321   -0.06636708007068  -0.06636708007068
  322   -0.06296221662664  -0.06296221662664
  323   -0.06290895496365  -0.06290895496365
  324   -0.05921195288644  -0.05921195288644
  325   -0.05916230996851  -0.05916230996851
  326   -0.05543798957129  -0.05543798957129
  327   -0.05341216756286  -0.05341216756286
  328   -0.05329115273263  -0.05329115273263
  329   -0.04922361758325  -0.04922361758325
  330   -0.04870330131819  -0.04870330131819
  331   -0.04726597609819  -0.04726597609819
  332   -0.04704103900237  -0.04704103900237
  333   -0.04680823955930  -0.04680823955930
  334   -0.04195086296361  -0.04195086296361
  335   -0.04189642656046  -0.04189642656046
  336   -0.04151688346218  -0.04151688346218

   kloop=3
   k1=   0.00000 k2=   0.33333 k3=   0.33333

    1   -1.98213074923130  -1.98213074923130
    2   -1.98213052312340  -1.98213052312340
    3   -1.98212970449581  -1.98212970449581
    4   -1.98208194849843  -1.98208194849843
    5   -1.98208172427927  -1.98208172427927
    6   -1.98208092321122  -1.98208092321122
    7   -1.98181444859697  -1.98181444859697
    8   -1.98181425137426  -1.98181425137426
    9   -1.98181343743955  -1.98181343743955
   10   -1.98165965320241  -1.98165965320241
   11   -1.98165940146063  -1.98165940146063
   12   -1.98165859655689  -1.98165859655689
   13   -1.98137219198188  -1.98137219198188
   14   -1.98137202617669  -1.98137202617669
   15   -1.98137117634842  -1.98137117634842
   16   -1.97984269788545  -1.97984269788545
   17   -1.97981196483128  -1.97981196483128
   18   -1.97957802006850  -1.97957802006850
   19   -1.97946349547548  -1.97946349547548
   20   -1.97920086506046  -1.97920086506046
   21   -1.97385016329483  -1.97385016329483
   22   -1.97385007504493  -1.97385007504493
   23   -1.97384914121158  -1.97384914121158
   24   -1.97384906059578  -1.97384906059578
   25   -1.97384409337040  -1.97384409337040
   26   -1.97384405990011  -1.97384405990011
   27   -1.97169879617586  -1.97169879617586
   28   -1.97169872327274  -1.97169872327274
   29   -1.19961640100363  -1.19961640100363
   30   -1.19961579653192  -1.19961579653192
   31   -1.19961511247381  -1.19961511247381
   32   -1.19771558136452  -1.19771558136452
   33   -1.19771496360221  -1.19771496360221
   34   -1.19771413482891  -1.19771413482891
   35   -1.19666530716409  -1.19666530716409
   36   -1.19665145494640  -1.19665145494640
   37   -1.19627525274137  -1.19627525274137
   38   -1.19626146712850  -1.19626146712850
   39   -1.19547498593730  -1.19547498593730
   40   -1.19546093918664  -1.19546093918664
   41   -1.19480680651039  -1.19480680651039
   42   -1.19479194884055  -1.19479194884055
   43   -1.19452902873988  -1.19452902873988
   44   -1.19452830940840  -1.19452830940840
   45   -1.19452738526003  -1.19452738526003
   46   -1.19412618568080  -1.19412618568080
   47   -1.19411052353479  -1.19411052353479
   48   -1.19404644290761  -1.19404644290761
   49   -1.19251111359466  -1.19251111359466
   50   -1.19251068452009  -1.19251068452009
   51   -1.19249523103882  -1.19249523103882
   52   -1.19234424130694  -1.19234424130694
   53   -1.19220996636318  -1.19220996636318
   54   -1.19220927209640  -1.19220927209640
   55   -1.19219433983349  -1.19219433983349
   56   -1.19198012510677  -1.19198012510677
   57   -1.19197935212932  -1.19197935212932
   58   -1.19196800294062  -1.19196800294062
   59   -1.19094096997085  -1.19094096997085
   60   -1.19094047385148  -1.19094047385148
   61   -1.19092429660595  -1.19092429660595
   62   -1.19051601518071  -1.19051601518071
   63   -1.19051562801665  -1.19051562801665
   64   -1.19049836297029  -1.19049836297029
   65   -1.19029052200774  -1.19029052200774
   66   -1.19028992466791  -1.19028992466791
   67   -1.19028540599061  -1.19028540599061
   68   -1.18940781402123  -1.18940781402123
   69   -1.18753350898693  -1.18753350898693
   70   -1.18753290748467  -1.18753290748467
   71   -1.18753253800409  -1.18753253800409
   72   -1.18628752543631  -1.18628752543631
   73   -1.18436234842307  -1.18436234842307
   74   -1.18436224139492  -1.18436224139492
   75   -1.18435593294558  -1.18435593294558
   76   -1.18435582903006  -1.18435582903006
   77   -1.18357613211534  -1.18357613211534
   78   -1.18113307353239  -1.18113307353239
   79   -1.18112887632511  -1.18112887632511
   80   -1.18112777703282  -1.18112777703282
   81   -1.18112358625084  -1.18112358625084
   82   -1.18111958252454  -1.18111958252454
   83   -1.18111539632322  -1.18111539632322
   84   -1.17795115832696  -1.17795115832696
   85   -1.17792878146728  -1.17792878146728
   86   -1.17792820846834  -1.17792820846834
   87   -1.17773870868634  -1.17773870868634
   88   -1.17771587471320  -1.17771587471320
   89   -1.17771518004230  -1.17771518004230
   90   -1.17721252984805  -1.17721252984805
   91   -1.17718890507249  -1.17718890507249
   92   -1.17718829491741  -1.17718829491741
   93   -1.17680996321600  -1.17680996321600
   94   -1.17678545369487  -1.17678545369487
   95   -1.17678480034846  -1.17678480034846
   96   -1.17633445071632  -1.17633445071632
   97   -1.17630918258688  -1.17630918258688
   98   -1.17630874580420  -1.17630874580420
   99   -1.17551033799119  -1.17551033799119
  100   -1.17550895752299  -1.17550895752299
  101   -1.17550695536972  -1.17550695536972
  102   -1.17550557850749  -1.17550557850749
  103   -1.17550312165127  -1.17550312165127
  104   -1.17549975163710  -1.17549975163710
  105   -1.17247986436468  -1.17247986436468
  106   -1.17247686356804  -1.17247686356804
  107   -1.16759248499319  -1.16759248499319
  108   -1.16759239427393  -1.16759239427393
  109   -1.16757582394012  -1.16757582394012
  110   -1.16757573159234  -1.16757573159234
  111   -1.16757451904041  -1.16757451904041
  112   -1.16757443714476  -1.16757443714476
  113   -0.69376565588272  -0.69376565588272
  114   -0.69376471666177  -0.69376471666177
  115   -0.69374695514789  -0.69374695514789
  116   -0.69005950430742  -0.69005950430742
  117   -0.69005699820082  -0.69005699820082
  118   -0.69004124330362  -0.69004124330362
  119   -0.68400036073480  -0.68400036073480
  120   -0.68399619583994  -0.68399619583994
  121   -0.68398411765605  -0.68398411765605
  122   -0.67733507717742  -0.67733507717742
  123   -0.67733153008138  -0.67733153008138
  124   -0.67732373844799  -0.67732373844799
  125   -0.67125478147989  -0.67125478147989
  126   -0.67125331783362  -0.67125331783362
  127   -0.67124897273397  -0.67124897273397
  128   -0.66670683052699  -0.66670683052699
  129   -0.66670642298086  -0.66670642298086
  130   -0.66670381019918  -0.66670381019918
  131   -0.60650834557356  -0.60650834557356
  132   -0.60649915657046  -0.60649915657046
  133   -0.60350163125260  -0.60350163125260
  134   -0.60348727138818  -0.60348727138818
  135   -0.59739283752570  -0.59739283752570
  136   -0.59738126279937  -0.59738126279937
  137   -0.58982158532172  -0.58982158532172
  138   -0.58981521249666  -0.58981521249666
  139   -0.58205237301899  -0.58205237301899
  140   -0.58204177763359  -0.58204177763359
  141   -0.57572912221024  -0.57572912221024
  142   -0.57571011903706  -0.57571011903706
  143   -0.53093265746377  -0.53093265746377
  144   -0.52366454365190  -0.52366454365190
  145   -0.51173687083567  -0.51173687083567
  146   -0.49757663274222  -0.49757663274222
  147   -0.48839445388813  -0.48839445388813
  148   -0.48839264580823  -0.48839264580823
  149   -0.48838211469237  -0.48838211469237
  150   -0.48838020635022  -0.48838020635022
  151   -0.48837404110171  -0.48837404110171
  152   -0.48837214879045  -0.48837214879045
  153   -0.48376936551234  -0.48376936551234
  154   -0.48374233316300  -0.48374233316300
  155   -0.48373482968323  -0.48373482968323
  156   -0.48367163143994  -0.48367163143994
  157   -0.48365556606791  -0.48365556606791
  158   -0.48362926165390  -0.48362926165390
  159   -0.48362154580150  -0.48362154580150
  160   -0.48287239165295  -0.48287239165295
  161   -0.48283637074198  -0.48283637074198
  162   -0.48283197994083  -0.48283197994083
  163   -0.48265354967229  -0.48265354967229
  164   -0.48258124724564  -0.48258124724564
  165   -0.48257738407147  -0.48257738407147
  166   -0.47299628704369  -0.47299628704369
  167   -0.45131255999707  -0.45131255999707
  168   -0.45130860802989  -0.45130860802989
  169   -0.45125411859695  -0.45125411859695
  170   -0.44993192482870  -0.44993192482870
  171   -0.44992818689844  -0.44992818689844
  172   -0.44986030033192  -0.44986030033192
  173   -0.44727175986971  -0.44727175986971
  174   -0.44726646804563  -0.44726646804563
  175   -0.44723197048494  -0.44723197048494
  176   -0.44181360541887  -0.44181360541887
  177   -0.44180774381833  -0.44180774381833
  178   -0.44177073565833  -0.44177073565833
  179   -0.43681082286569  -0.43681082286569
  180   -0.43679938014242  -0.43679938014242
  181   -0.43679140553365  -0.43679140553365
  182   -0.43407763991975  -0.43407763991975
  183   -0.43407194950522  -0.43407194950522
  184   -0.43401927865894  -0.43401927865894
  185   -0.42971969739439  -0.42971969739439
  186   -0.42970424131358  -0.42970424131358
  187   -0.42969752919902  -0.42969752919902
  188   -0.41905724646165  -0.41905724646165
  189   -0.41905448938779  -0.41905448938779
  190   -0.41902017761787  -0.41902017761787
  191   -0.40743064984582  -0.40743064984582
  192   -0.40742833238457  -0.40742833238457
  193   -0.40740619054707  -0.40740619054707
  194   -0.39847422427990  -0.39847422427990
  195   -0.39847191121126  -0.39847191121126
  196   -0.39846207809929  -0.39846207809929
  197   -0.39254952403244  -0.39254952403244
  198   -0.39254724766651  -0.39254724766651
  199   -0.39254420542976  -0.39254420542976
  200   -0.38987849121726  -0.38987849121726
  201   -0.38987623362073  -0.38987623362073
  202   -0.38986632347408  -0.38986632347408
  203   -0.35693502304912  -0.35693502304912
  204   -0.35669740273432  -0.35669740273432
  205   -0.35665160833837  -0.35665160833837
  206   -0.35643893580592  -0.35643893580592
  207   -0.35559553328685  -0.35559553328685
  208   -0.35537704723869  -0.35537704723869
  209   -0.35420180677316  -0.35420180677316
  210   -0.35403737683425  -0.35403737683425
  211   -0.35266651893495  -0.35266651893495
  212   -0.35256109528059  -0.35256109528059
  213   -0.35114461016166  -0.35114461016166
  214   -0.35108497144420  -0.35108497144420
  215   -0.31555328463257  -0.31555328463257
  216   -0.31504115158141  -0.31504115158141
  217   -0.31503940224357  -0.31503940224357
  218   -0.30870958735861  -0.30870958735861
  219   -0.30821806294654  -0.30821806294654
  220   -0.30821558996665  -0.30821558996665
  221   -0.29648982873972  -0.29648982873972
  222   -0.29602560507839  -0.29602560507839
  223   -0.29602324558934  -0.29602324558934
  224   -0.27957663323033  -0.27957663323033
  225   -0.27914160947531  -0.27914160947531
  226   -0.27913858598873  -0.27913858598873
  227   -0.27543565693351  -0.27543565693351
  228   -0.27543288154607  -0.27543288154607
  229   -0.27494769809828  -0.27494769809828
  230   -0.26424329486895  -0.26424329486895
  231   -0.26423964318436  -0.26423964318436
  232   -0.26376352382907  -0.26376352382907
  233   -0.25811436700386  -0.25811436700386
  234   -0.25770602269192  -0.25770602269192
  235   -0.25770028371030  -0.25770028371030
  236   -0.24623347088513  -0.24623347088513
  237   -0.24623001896316  -0.24623001896316
  238   -0.24576376762525  -0.24576376762525
  239   -0.23251410257838  -0.23251410257838
  240   -0.23212057750088  -0.23212057750088
  241   -0.23211324150575  -0.23211324150575
  242   -0.22521841252796  -0.22521841252796
  243   -0.22521247768035  -0.22521247768035
  244   -0.22477523702749  -0.22477523702749
  245   -0.20651120461828  -0.20651120461828
  246   -0.20650303538673  -0.20650303538673
  247   -0.20615926207408  -0.20615926207408
  248   -0.20144129987939  -0.20144129987939
  249   -0.20083356701228  -0.20083356701228
  250   -0.20082900076826  -0.20082900076826
  251   -0.19553403841515  -0.19553403841515
  252   -0.19483632879219  -0.19483632879219
  253   -0.19473653927187  -0.19473653927187
  254   -0.19406101439799  -0.19406101439799
  255   -0.19130272586525  -0.19130272586525
  256   -0.19129690636460  -0.19129690636460
  257   -0.19103734400736  -0.19103734400736
  258   -0.17173658283344  -0.17173658283344
  259   -0.17173081483733  -0.17173081483733
  260   -0.17144301922724  -0.17144301922724
  261   -0.17128867973769  -0.17128867973769
  262   -0.17105541555739  -0.17105541555739
  263   -0.17104778218813  -0.17104778218813
  264   -0.17002927890728  -0.17002927890728
  265   -0.16924128640556  -0.16924128640556
  266   -0.14533483164751  -0.14533483164751
  267   -0.14461180323462  -0.14461180323462
  268   -0.14352898244472  -0.14352898244472
  269   -0.14352343148005  -0.14352343148005
  270   -0.14319355948898  -0.14319355948898
  271   -0.13506469962442  -0.13506469962442
  272   -0.13481196134214  -0.13481196134214
  273   -0.13480659248957  -0.13480659248957
  274   -0.12515919979819  -0.12515919979819
  275   -0.12515647404203  -0.12515647404203
  276   -0.12447612380313  -0.12447612380313
  277   -0.12389540253219  -0.12389540253219
  278   -0.12373058174709  -0.12373058174709
  279   -0.12372426589673  -0.12372426589673
  280   -0.11725221407204  -0.11725221407204
  281   -0.11311101003785  -0.11311101003785
  282   -0.11256973924412  -0.11256973924412
  283   -0.11242884335661  -0.11242884335661
  284   -0.11123763608325  -0.11123763608325
  285   -0.11104524518062  -0.11104524518062
  286   -0.11103820027012  -0.11103820027012
  287   -0.10333579782449  -0.10333579782449
  288   -0.09901650715658  -0.09901650715658
  289   -0.09880682039508  -0.09880682039508
  290   -0.09880093650101  -0.09880093650101
  291   -0.09506712641947  -0.09506712641947
  292   -0.09506586007274  -0.09506586007274
  293   -0.09498963058086  -0.09498963058086
  294   -0.09297736172913  -0.09297736172913
  295   -0.09297495890150  -0.09297495890150
  296   -0.09283162745755  -0.09283162745755
  297   -0.09151458133650  -0.09151458133650
  298   -0.09145910303280  -0.09145910303280
  299   -0.09122689816420  -0.09122689816420
  300   -0.09122305249625  -0.09122305249625
  301   -0.08890419501849  -0.08890419501849
  302   -0.08889848953947  -0.08889848953947
  303   -0.08874016384929  -0.08874016384929
  304   -0.08679819645389  -0.08679819645389
  305   -0.08678836318251  -0.08678836318251
  306   -0.08672856144512  -0.08672856144512
  307   -0.07945406839378  -0.07945406839378
  308   -0.07945134134432  -0.07945134134432
  309   -0.07938028529803  -0.07938028529803
  310   -0.07923887425813  -0.07923887425813
  311   -0.07721642731451  -0.07721642731451
  312   -0.07708796876133  -0.07708796876133
  313   -0.07708288363684  -0.07708288363684
  314   -0.07675770943990  -0.07675770943990
  315   -0.07670399821374  -0.07670399821374
  316   -0.07655740156234  -0.07655740156234
  317   -0.07639353700413  -0.07639353700413
  318   -0.07639000093721  -0.07639000093721
  319   -0.07155893962353  -0.07155893962353
  320   -0.07155568455513  -0.07155568455513
  321   -0.07139448028355  -0.07139448028355
  322   -0.07051405880335  -0.07051405880335
  323   -0.07034627951152  -0.07034627951152
  324   -0.07034277964881  -0.07034277964881
  325   -0.07001787012150  -0.07001787012150
  326   -0.06664347707956  -0.06664347707956
  327   -0.04723720988321  -0.04723720988321
  328   -0.04707817373962  -0.04707817373962
  329   -0.04707345031168  -0.04707345031168
  330   -0.04665578897935  -0.04665578897935
  331   -0.04664768071368  -0.04664768071368
  332   -0.04622097755604  -0.04622097755604
  333   -0.04170391138676  -0.04170391138676
  334   -0.04109306774027  -0.04109306774027
  335   -0.04015083219119  -0.04015083219119
  336   -0.03994563836505  -0.03994563836505

   kloop=4
   k1=   0.00000 k2=   0.33333 k3=   0.66667

    1   -1.98380302146847  -1.98380302146847
    2   -1.98373778077265  -1.98373778077265
    3   -1.98344572199786  -1.98344572199786
    4   -1.98326511789845  -1.98326511789845
    5   -1.98296133082429  -1.98296133082429
    6   -1.98162015818705  -1.98162015818705
    7   -1.98157567769870  -1.98157567769870
    8   -1.98131612499809  -1.98131612499809
    9   -1.98117043538183  -1.98117043538183
   10   -1.98088914494816  -1.98088914494816
   11   -1.98047697743440  -1.98047697743440
   12   -1.98047679722885  -1.98047679722885
   13   -1.98044194232785  -1.98044194232785
   14   -1.98044176145366  -1.98044176145366
   15   -1.98019808131045  -1.98019808131045
   16   -1.98019793156763  -1.98019793156763
   17   -1.98007069548630  -1.98007069548630
   18   -1.98007048266563  -1.98007048266563
   19   -1.97979950654898  -1.97979950654898
   20   -1.97979940947906  -1.97979940947906
   21   -1.97541840359832  -1.97541840359832
   22   -1.97541833528698  -1.97541833528698
   23   -1.97337234899422  -1.97337234899422
   24   -1.97337228102650  -1.97337228102650
   25   -1.97229878157592  -1.97229878157592
   26   -1.97229869514764  -1.97229869514764
   27   -1.97229488701332  -1.97229488701332
   28   -1.97229483203191  -1.97229483203191
   29   -1.20358297772690  -1.20358297772690
   30   -1.20279464365357  -1.20279464365357
   31   -1.20279391968605  -1.20279391968605
   32   -1.20241489811390  -1.20241489811390
   33   -1.20241397734161  -1.20241397734161
   34   -1.20162134682719  -1.20162134682719
   35   -1.20162054053457  -1.20162054053457
   36   -1.20146394100940  -1.20146394100940
   37   -1.20096274017288  -1.20096274017288
   38   -1.20096185093208  -1.20096185093208
   39   -1.20027925626555  -1.20027925626555
   40   -1.20027868000699  -1.20027868000699
   41   -1.19862294960105  -1.19862294960105
   42   -1.19838718730751  -1.19838718730751
   43   -1.19816735169612  -1.19816735169612
   44   -1.19785260713123  -1.19785260713123
   45   -1.19769999909013  -1.19769999909013
   46   -1.19705473977146  -1.19705473977146
   47   -1.19670812591718  -1.19670812591718
   48   -1.19593842891198  -1.19593842891198
   49   -1.19539926279330  -1.19539926279330
   50   -1.19539880414545  -1.19539880414545
   51   -1.19393288613208  -1.19393288613208
   52   -1.19364457342838  -1.19364457342838
   53   -1.19364389081137  -1.19364389081137
   54   -1.19298452327078  -1.19298452327078
   55   -1.19073623406970  -1.19073623406970
   56   -1.19073617381189  -1.19073617381189
   57   -1.19046784579967  -1.19046784579967
   58   -1.19001654733130  -1.19001654733130
   59   -1.19001363533015  -1.19001363533015
   60   -1.18984968351752  -1.18984968351752
   61   -1.18984748497024  -1.18984748497024
   62   -1.18959116401063  -1.18959116401063
   63   -1.18731067781219  -1.18731067781219
   64   -1.18730989612959  -1.18730989612959
   65   -1.18674870527518  -1.18674870527518
   66   -1.18626966058268  -1.18626966058268
   67   -1.18607875259788  -1.18607875259788
   68   -1.18453324796868  -1.18453324796868
   69   -1.18453293327237  -1.18453293327237
   70   -1.18429516095834  -1.18429516095834
   71   -1.18429481448086  -1.18429481448086
   72   -1.18396320257055  -1.18396320257055
   73   -1.18396269407837  -1.18396269407837
   74   -1.18328888114444  -1.18328888114444
   75   -1.18328832283156  -1.18328832283156
   76   -1.18273056087613  -1.18273056087613
   77   -1.18273010066905  -1.18273010066905
   78   -1.18213791073986  -1.18213791073986
   79   -1.18213764004480  -1.18213764004480
   80   -1.18044388435231  -1.18044388435231
   81   -1.18031520843346  -1.18031520843346
   82   -1.17982589652735  -1.17982589652735
   83   -1.17951591775025  -1.17951591775025
   84   -1.17909032276210  -1.17909032276210
   85   -1.17859267752315  -1.17859267752315
   86   -1.17859035414647  -1.17859035414647
   87   -1.17697880623134  -1.17697880623134
   88   -1.17674549555687  -1.17674549555687
   89   -1.17619181480523  -1.17619181480523
   90   -1.17576126772336  -1.17576126772336
   91   -1.17526640175424  -1.17526640175424
   92   -1.17491614795957  -1.17491614795957
   93   -1.17491221388163  -1.17491221388163
   94   -1.17351638172708  -1.17351638172708
   95   -1.17351420796593  -1.17351420796593
   96   -1.17351171121926  -1.17351171121926
   97   -1.17350953661227  -1.17350953661227
   98   -1.17294585911241  -1.17294585911241
   99   -1.17294468782765  -1.17294468782765
  100   -1.17293994002572  -1.17293994002572
  101   -1.17293878330906  -1.17293878330906
  102   -1.17269734979830  -1.17269734979830
  103   -1.17259452505720  -1.17259452505720
  104   -1.17223564413294  -1.17223564413294
  105   -1.17199933389102  -1.17199933389102
  106   -1.17163898709475  -1.17163898709475
  107   -1.16961803778003  -1.16961803778003
  108   -1.16961794816257  -1.16961794816257
  109   -1.16667413763210  -1.16667413763210
  110   -1.16667405036381  -1.16667405036381
  111   -1.16302212741140  -1.16302212741140
  112   -1.16302204266670  -1.16302204266670
  113   -0.72848950662332  -0.72848950662332
  114   -0.72212005536550  -0.72212005536550
  115   -0.71180217913436  -0.71180217913436
  116   -0.69959422935330  -0.69959422935330
  117   -0.68742541177578  -0.68742541177578
  118   -0.67815265867029  -0.67815265867029
  119   -0.67787015297061  -0.67787015297061
  120   -0.67558166037634  -0.67558166037634
  121   -0.67145245516319  -0.67145245516319
  122   -0.66747715488849  -0.66747715488849
  123   -0.66438279214385  -0.66438279214385
  124   -0.66229094791811  -0.66229094791811
  125   -0.64480349784928  -0.64480349784928
  126   -0.64480062627986  -0.64480062627986
  127   -0.64285753592691  -0.64285753592691
  128   -0.64285319916524  -0.64285319916524
  129   -0.63917277263190  -0.63917277263190
  130   -0.63916854182329  -0.63916854182329
  131   -0.63578270749565  -0.63578270749565
  132   -0.63577955650655  -0.63577955650655
  133   -0.63353014055809  -0.63353014055809
  134   -0.63352861901074  -0.63352861901074
  135   -0.63256431039193  -0.63256431039193
  136   -0.63256357796281  -0.63256357796281
  137   -0.56085836733321  -0.56085836733321
  138   -0.56085070143409  -0.56085070143409
  139   -0.56064812830011  -0.56064812830011
  140   -0.56064034092740  -0.56064034092740
  141   -0.55727790080471  -0.55727790080471
  142   -0.55727385761229  -0.55727385761229
  143   -0.55618490036884  -0.55618490036884
  144   -0.55618306332320  -0.55618306332320
  145   -0.55542340563845  -0.55542340563845
  146   -0.55541826333873  -0.55541826333873
  147   -0.55310972854834  -0.55310972854834
  148   -0.55310592454689  -0.55310592454689
  149   -0.52545066406461  -0.52545066406461
  150   -0.52473016258893  -0.52473016258893
  151   -0.52206207233189  -0.52206207233189
  152   -0.52088167845887  -0.52088167845887
  153   -0.51634869455333  -0.51634869455333
  154   -0.50849783464623  -0.50849783464623
  155   -0.48485603671283  -0.48485603671283
  156   -0.47346569064550  -0.47346569064550
  157   -0.47194935530718  -0.47194935530718
  158   -0.47194461325459  -0.47194461325459
  159   -0.47171918944753  -0.47171918944753
  160   -0.47171443202474  -0.47171443202474
  161   -0.46857257897438  -0.46857257897438
  162   -0.46856941204523  -0.46856941204523
  163   -0.46667854221411  -0.46667854221411
  164   -0.46667618185956  -0.46667618185956
  165   -0.46644483302691  -0.46644483302691
  166   -0.46644181692910  -0.46644181692910
  167   -0.46193721158704  -0.46193721158704
  168   -0.46193553770279  -0.46193553770279
  169   -0.45626489883005  -0.45626489883005
  170   -0.43817017992688  -0.43817017992688
  171   -0.43682428372696  -0.43682428372696
  172   -0.43393543467863  -0.43393543467863
  173   -0.43111661241839  -0.43111661241839
  174   -0.43089377202969  -0.43089377202969
  175   -0.43007849362332  -0.43007849362332
  176   -0.42743810491976  -0.42743810491976
  177   -0.42587943512282  -0.42587943512282
  178   -0.41914695692789  -0.41914695692789
  179   -0.41640716771471  -0.41640716771471
  180   -0.41630046257967  -0.41630046257967
  181   -0.41615277746054  -0.41615277746054
  182   -0.41420563721362  -0.41420563721362
  183   -0.41035453693166  -0.41035453693166
  184   -0.40552446844868  -0.40552446844868
  185   -0.40407434997551  -0.40407434997551
  186   -0.40301516674808  -0.40301516674808
  187   -0.39883797073912  -0.39883797073912
  188   -0.39631895025133  -0.39631895025133
  189   -0.39629475178898  -0.39629475178898
  190   -0.39201275601282  -0.39201275601282
  191   -0.39200552688308  -0.39200552688308
  192   -0.39037657626239  -0.39037657626239
  193   -0.39037233480269  -0.39037233480269
  194   -0.38710851733157  -0.38710851733157
  195   -0.38667289839913  -0.38667289839913
  196   -0.38664834586505  -0.38664834586505
  197   -0.38664535613310  -0.38664535613310
  198   -0.38570631986280  -0.38570631986280
  199   -0.38547014320952  -0.38547014320952
  200   -0.38533283392921  -0.38533283392921
  201   -0.38526830134323  -0.38526830134323
  202   -0.38526519361402  -0.38526519361402
  203   -0.38162000314290  -0.38162000314290
  204   -0.38161531736247  -0.38161531736247
  205   -0.37888186044694  -0.37888186044694
  206   -0.37888043768939  -0.37888043768939
  207   -0.37699773663997  -0.37699773663997
  208   -0.37699468352181  -0.37699468352181
  209   -0.34885838305356  -0.34885838305356
  210   -0.34885509761275  -0.34885509761275
  211   -0.34835859742209  -0.34835859742209
  212   -0.34835368169987  -0.34835368169987
  213   -0.34316877243158  -0.34316877243158
  214   -0.34316191863192  -0.34316191863192
  215   -0.33100492690637  -0.33100492690637
  216   -0.33099774636773  -0.33099774636773
  217   -0.32998101726161  -0.32998101726161
  218   -0.32983122792146  -0.32983122792146
  219   -0.32842989264876  -0.32842989264876
  220   -0.32577599632553  -0.32577599632553
  221   -0.32352278088807  -0.32352278088807
  222   -0.31307491877393  -0.31307491877393
  223   -0.31307011145745  -0.31307011145745
  224   -0.30890050457523  -0.30890050457523
  225   -0.30029387269263  -0.30029387269263
  226   -0.30026138808566  -0.30026138808566
  227   -0.29584179758663  -0.29584179758663
  228   -0.29103516369261  -0.29103516369261
  229   -0.29103046114409  -0.29103046114409
  230   -0.27832565897408  -0.27832565897408
  231   -0.26676118137652  -0.26676118137652
  232   -0.26675699753778  -0.26675699753778
  233   -0.26654833524870  -0.26654833524870
  234   -0.26463381597621  -0.26463381597621
  235   -0.25299096168723  -0.25299096168723
  236   -0.25250066160981  -0.25250066160981
  237   -0.23840209919944  -0.23840209919944
  238   -0.23840034903927  -0.23840034903927
  239   -0.21490942956734  -0.21490942956734
  240   -0.21484262093575  -0.21484262093575
  241   -0.20975076836770  -0.20975076836770
  242   -0.20974935162687  -0.20974935162687
  243   -0.19336941299993  -0.19336941299993
  244   -0.19311826980058  -0.19311826980058
  245   -0.19290191847580  -0.19290191847580
  246   -0.19222451870827  -0.19222451870827
  247   -0.18784630647669  -0.18784630647669
  248   -0.18679649039229  -0.18679649039229
  249   -0.18653002684082  -0.18653002684082
  250   -0.18481526528842  -0.18481526528842
  251   -0.18249766344997  -0.18249766344997
  252   -0.18249395728967  -0.18249395728967
  253   -0.18202954798780  -0.18202954798780
  254   -0.17792809229549  -0.17792809229549
  255   -0.17683150494125  -0.17683150494125
  256   -0.17588588068153  -0.17588588068153
  257   -0.17573787077276  -0.17573787077276
  258   -0.17573231750968  -0.17573231750968
  259   -0.17540612455487  -0.17540612455487
  260   -0.17540038635550  -0.17540038635550
  261   -0.17183985379434  -0.17183985379434
  262   -0.16959826626619  -0.16959826626619
  263   -0.16227521700733  -0.16227521700733
  264   -0.16084257769557  -0.16084257769557
  265   -0.15833023815132  -0.15833023815132
  266   -0.15832686492330  -0.15832686492330
  267   -0.15616868118656  -0.15616868118656
  268   -0.15541033589864  -0.15541033589864
  269   -0.14996382664447  -0.14996382664447
  270   -0.14401522612894  -0.14401522612894
  271   -0.14401437880834  -0.14401437880834
  272   -0.14020548450264  -0.14020548450264
  273   -0.14019634131466  -0.14019634131466
  274   -0.13989783099397  -0.13989783099397
  275   -0.13915746156518  -0.13915746156518
  276   -0.13765352713223  -0.13765352713223
  277   -0.13596611600643  -0.13596611600643
  278   -0.13401166788169  -0.13401166788169
  279   -0.13107529430478  -0.13107529430478
  280   -0.13034410666510  -0.13034410666510
  281   -0.12571856542917  -0.12571856542917
  282   -0.12479411775430  -0.12479411775430
  283   -0.12216614382025  -0.12216614382025
  284   -0.12215761440310  -0.12215761440310
  285   -0.11869971750867  -0.11869971750867
  286   -0.11869743658590  -0.11869743658590
  287   -0.11673821076801  -0.11673821076801
  288   -0.11659625501377  -0.11659625501377
  289   -0.11551255977107  -0.11551255977107
  290   -0.10999512793523  -0.10999512793523
  291   -0.10833540420739  -0.10833540420739
  292   -0.10423678524758  -0.10423678524758
  293   -0.10272108767276  -0.10272108767276
  294   -0.10271890932407  -0.10271890932407
  295   -0.10227727981495  -0.10227727981495
  296   -0.09952499064416  -0.09952499064416
  297   -0.09499549074754  -0.09499549074754
  298   -0.09360045845966  -0.09360045845966
  299   -0.08913172150021  -0.08913172150021
  300   -0.08912655123024  -0.08912655123024
  301   -0.08792458847669  -0.08792458847669
  302   -0.08791993185203  -0.08791993185203
  303   -0.08689788530893  -0.08689788530893
  304   -0.08356304801622  -0.08356304801622
  305   -0.08355890665282  -0.08355890665282
  306   -0.08297254715858  -0.08297254715858
  307   -0.08266736643219  -0.08266736643219
  308   -0.08006746317601  -0.08006746317601
  309   -0.07584931024154  -0.07584931024154
  310   -0.07584872606206  -0.07584872606206
  311   -0.07404044783462  -0.07404044783462
  312   -0.07403873062076  -0.07403873062076
  313   -0.07337971802341  -0.07337971802341
  314   -0.07185278688044  -0.07185278688044
  315   -0.07062952457680  -0.07062952457680
  316   -0.07015831493631  -0.07015831493631
  317   -0.06811226933359  -0.06811226933359
  318   -0.06746816083445  -0.06746816083445
  319   -0.06746677788016  -0.06746677788016
  320   -0.06725555375628  -0.06725555375628
  321   -0.06644153475413  -0.06644153475413
  322   -0.06277494684514  -0.06277494684514
  323   -0.06277169411629  -0.06277169411629
  324   -0.05910153825071  -0.05910153825071
  325   -0.05910116260319  -0.05910116260319
  326   -0.05597057536797  -0.05597057536797
  327   -0.05364105245725  -0.05364105245725
  328   -0.05363749104138  -0.05363749104138
  329   -0.04911578992081  -0.04911578992081
  330   -0.04863924966445  -0.04863924966445
  331   -0.04694707846159  -0.04694707846159
  332   -0.04691683005770  -0.04691683005770
  333   -0.04691497915006  -0.04691497915006
  334   -0.04235606739137  -0.04235606739137
  335   -0.04193586799803  -0.04193586799803
  336   -0.04132820977029  -0.04132820977029

***********************************************************
***********************************************************
                   Mulliken populations                    
***********************************************************
***********************************************************

  Total spin moment (muB)   0.000000000

                    Up spin      Down spin     Sum           Diff
      1   Zr      5.171384995  5.171384995  10.342769990   0.000000000
      2    B      1.802828559  1.802828559   3.605657118   0.000000000
      3    B      1.802791823  1.802791823   3.605583646   0.000000000
      4   Zr      5.171354701  5.171354701  10.342709403   0.000000000
      5    B      1.802830045  1.802830045   3.605660089   0.000000000
      6    B      1.802825373  1.802825373   3.605650747   0.000000000
      7   Zr      5.170979975  5.170979975  10.341959951   0.000000000
      8    B      1.802810787  1.802810787   3.605621574   0.000000000
      9    B      1.802815548  1.802815548   3.605631096   0.000000000
     10   Zr      5.171327788  5.171327788  10.342655575   0.000000000
     11    B      1.802785845  1.802785845   3.605571690   0.000000000
     12    B      1.802817794  1.802817794   3.605635589   0.000000000
     13   Zr      5.715854604  5.715854604  11.431709208   0.000000000
     14    B      1.749585069  1.749585069   3.499170137   0.000000000
     15    B      1.749578179  1.749578179   3.499156358   0.000000000
     16   Zr      5.715856950  5.715856950  11.431713899   0.000000000
     17    B      1.749588970  1.749588970   3.499177941   0.000000000
     18    B      1.749584799  1.749584799   3.499169597   0.000000000
     19   Zr      5.715874388  5.715874388  11.431748775   0.000000000
     20    B      1.749580264  1.749580264   3.499160528   0.000000000
     21    B      1.749584593  1.749584593   3.499169186   0.000000000
     22   Zr      5.715867018  5.715867018  11.431734036   0.000000000
     23    B      1.749578258  1.749578258   3.499156516   0.000000000
     24    B      1.749584565  1.749584565   3.499169131   0.000000000
     25   Zr      5.682931102  5.682931102  11.365862204   0.000000000
     26    B      1.746212130  1.746212130   3.492424260   0.000000000
     27    B      1.746206154  1.746206154   3.492412307   0.000000000
     28   Zr      5.682940082  5.682940082  11.365880165   0.000000000
     29    B      1.746213350  1.746213350   3.492426699   0.000000000
     30    B      1.746210297  1.746210297   3.492420593   0.000000000
     31   Zr      5.682928896  5.682928896  11.365857791   0.000000000
     32    B      1.746209797  1.746209797   3.492419594   0.000000000
     33    B      1.746212933  1.746212933   3.492425867   0.000000000
     34   Zr      5.682945274  5.682945274  11.365890548   0.000000000
     35    B      1.746205235  1.746205235   3.492410470   0.000000000
     36    B      1.746212036  1.746212036   3.492424072   0.000000000
     37   Zr      5.665434674  5.665434674  11.330869349   0.000000000
     38    B      1.746211746  1.746211746   3.492423492   0.000000000
     39    B      1.746207185  1.746207185   3.492414371   0.000000000
     40   Zr      5.665440877  5.665440877  11.330881754   0.000000000
     41    B      1.746214944  1.746214944   3.492429888   0.000000000
     42    B      1.746210939  1.746210939   3.492421877   0.000000000
     43   Zr      5.665444036  5.665444036  11.330888073   0.000000000
     44    B      1.746209893  1.746209893   3.492419786   0.000000000
     45    B      1.746214353  1.746214353   3.492428705   0.000000000
     46   Zr      5.665448313  5.665448313  11.330896626   0.000000000
     47    B      1.746204504  1.746204504   3.492409008   0.000000000
     48    B      1.746211047  1.746211047   3.492422093   0.000000000
     49   Zr      5.682931312  5.682931312  11.365862624   0.000000000
     50    B      1.749585959  1.749585959   3.499171919   0.000000000
     51    B      1.749578473  1.749578473   3.499156945   0.000000000
     52   Zr      5.682937635  5.682937635  11.365875271   0.000000000
     53    B      1.749588864  1.749588864   3.499177729   0.000000000
     54    B      1.749584717  1.749584717   3.499169434   0.000000000
     55   Zr      5.682927902  5.682927902  11.365855804   0.000000000
     56    B      1.749580636  1.749580636   3.499161271   0.000000000
     57    B      1.749584816  1.749584816   3.499169631   0.000000000
     58   Zr      5.682943362  5.682943362  11.365886723   0.000000000
     59    B      1.749577659  1.749577659   3.499155319   0.000000000
     60    B      1.749582979  1.749582979   3.499165958   0.000000000
     61   Zr      5.715855712  5.715855712  11.431711424   0.000000000
     62    B      1.802829075  1.802829075   3.605658149   0.000000000
     63    B      1.802793695  1.802793695   3.605587391   0.000000000
     64   Zr      5.715859016  5.715859016  11.431718032   0.000000000
     65    B      1.802830848  1.802830848   3.605661695   0.000000000
     66    B      1.802826286  1.802826286   3.605652572   0.000000000
     67   Zr      5.715875858  5.715875858  11.431751715   0.000000000
     68    B      1.802810619  1.802810619   3.605621237   0.000000000
     69    B      1.802816142  1.802816142   3.605632284   0.000000000
     70   Zr      5.715868373  5.715868373  11.431736746   0.000000000
     71    B      1.802786189  1.802786189   3.605572377   0.000000000
     72    B      1.802818220  1.802818220   3.605636440   0.000000000
     73   Zr      5.171393197  5.171393197  10.342786394   0.000000000
     74   Zr      5.171361267  5.171361267  10.342722534   0.000000000
     75   Zr      5.170984851  5.170984851  10.341969702   0.000000000
     76   Zr      5.171335654  5.171335654  10.342671308   0.000000000

 Sum of MulP: up   =   240.00000 down          =   240.00000
              total=   480.00000 ideal(neutral)=   480.00000


  Decomposed Mulliken populations

    1   Zr          Up spin      Down spin     Sum           Diff
            multiple
  s           0    1.005322172  1.005322172   2.010644344   0.000000000
   sum over m      1.005322172  1.005322172   2.010644344   0.000000000
  s           1    0.174127562  0.174127562   0.348255124   0.000000000
   sum over m      0.174127562  0.174127562   0.348255124   0.000000000
  s           2    0.007249275  0.007249275   0.014498549   0.000000000
   sum over m      0.007249275  0.007249275   0.014498549   0.000000000
   sum over m+mul  1.186699008  1.186699008   2.373398017   0.000000000
  px          0    1.003545395  1.003545395   2.007090789   0.000000000
  py          0    1.003316862  1.003316862   2.006633723   0.000000000
  pz          0    1.002563084  1.002563084   2.005126167   0.000000000
   sum over m      3.009425340  3.009425340   6.018850680   0.000000000
  px          1    0.033771923  0.033771923   0.067543846   0.000000000
  py          1    0.033286022  0.033286022   0.066572044   0.000000000
  pz          1    0.074396808  0.074396808   0.148793616   0.000000000
   sum over m      0.141454753  0.141454753   0.282909506   0.000000000
   sum over m+mul  3.150880093  3.150880093   6.301760185   0.000000000
  d3z^2-r^2   0    0.162110806  0.162110806   0.324221611   0.000000000
  dx^2-y^2    0    0.216805722  0.216805722   0.433611443   0.000000000
  dxy         0    0.220350080  0.220350080   0.440700160   0.000000000
  dxz         0    0.125007661  0.125007661   0.250015322   0.000000000
  dyz         0    0.124111308  0.124111308   0.248222615   0.000000000
   sum over m      0.848385576  0.848385576   1.696771152   0.000000000
  d3z^2-r^2   1   -0.002344002 -0.002344002  -0.004688004   0.000000000
  dx^2-y^2    1   -0.003598505 -0.003598505  -0.007197011   0.000000000
  dxy         1   -0.003403064 -0.003403064  -0.006806127   0.000000000
  dxz         1   -0.002612509 -0.002612509  -0.005225017   0.000000000
  dyz         1   -0.002621603 -0.002621603  -0.005243205   0.000000000
   sum over m     -0.014579682 -0.014579682  -0.029159364   0.000000000
   sum over m+mul  0.833805894  0.833805894   1.667611788   0.000000000

    2    B          Up spin      Down spin     Sum           Diff
            multiple
  s           0    0.469141372  0.469141372   0.938282745   0.000000000
   sum over m      0.469141372  0.469141372   0.938282745   0.000000000
  s           1   -0.002581338 -0.002581338  -0.005162676   0.000000000
   sum over m     -0.002581338 -0.002581338  -0.005162676   0.000000000
   sum over m+mul  0.466560034  0.466560034   0.933120069   0.000000000
  px          0    0.396933100  0.396933100   0.793866200   0.000000000
  py          0    0.396653684  0.396653684   0.793307369   0.000000000
  pz          0    0.494969140  0.494969140   0.989938280   0.000000000
   sum over m      1.288555925  1.288555925   2.577111849   0.000000000
  px          1   -0.011583871 -0.011583871  -0.023167742   0.000000000
  py          1   -0.011789315 -0.011789315  -0.023578629   0.000000000
  pz          1   -0.019080254 -0.019080254  -0.038160508   0.000000000
   sum over m     -0.042453440 -0.042453440  -0.084906879   0.000000000
   sum over m+mul  1.246102485  1.246102485   2.492204970   0.000000000
  d3z^2-r^2   0    0.020580027  0.020580027   0.041160055   0.000000000
  dx^2-y^2    0    0.020576564  0.020576564   0.041153128   0.000000000
  dxy         0    0.020640789  0.020640789   0.041281579   0.000000000
  dxz         0    0.014208243  0.014208243   0.028416487   0.000000000
  dyz         0    0.014160416  0.014160416   0.028320832   0.000000000
   sum over m      0.090166040  0.090166040   0.180332080   0.000000000
   sum over m+mul  0.090166040  0.090166040   0.180332080   0.000000000

    3    B          Up spin      Down spin     Sum           Diff
            multiple
  s           0    0.469136622  0.469136622   0.938273245   0.000000000
   sum over m      0.469136622  0.469136622   0.938273245   0.000000000
  s           1   -0.002582876 -0.002582876  -0.005165752   0.000000000
   sum over m     -0.002582876 -0.002582876  -0.005165752   0.000000000
   sum over m+mul  0.466553746  0.466553746   0.933107493   0.000000000
  px          0    0.396932620  0.396932620   0.793865239   0.000000000
  py          0    0.396643962  0.396643962   0.793287924   0.000000000
  pz          0    0.494970616  0.494970616   0.989941232   0.000000000
   sum over m      1.288547198  1.288547198   2.577094396   0.000000000
  px          1   -0.011590469 -0.011590469  -0.023180939   0.000000000
  py          1   -0.011796902 -0.011796902  -0.023593804   0.000000000
  pz          1   -0.019082671 -0.019082671  -0.038165342   0.000000000
   sum over m     -0.042470042 -0.042470042  -0.084940085   0.000000000
   sum over m+mul  1.246077156  1.246077156   2.492154311   0.000000000
  d3z^2-r^2   0    0.020582099  0.020582099   0.041164198   0.000000000
  dx^2-y^2    0    0.020573622  0.020573622   0.041147244   0.000000000
  dxy         0    0.020640066  0.020640066   0.041280132   0.000000000
  dxz         0    0.014205910  0.014205910   0.028411820   0.000000000
  dyz         0    0.014159224  0.014159224   0.028318448   0.000000000
   sum over m      0.090160921  0.090160921   0.180321842   0.000000000
   sum over m+mul  0.090160921  0.090160921   0.180321842   0.000000000

    4   Zr          Up spin      Down spin     Sum           Diff
            multiple
  s           0    1.005321491  1.005321491   2.010642981   0.000000000
   sum over m      1.005321491  1.005321491   2.010642981   0.000000000
  s           1    0.174126668  0.174126668   0.348253337   0.000000000
   sum over m      0.174126668  0.174126668   0.348253337   0.000000000
  s           2    0.007248748  0.007248748   0.014497495   0.000000000
   sum over m      0.007248748  0.007248748   0.014497495   0.000000000
   sum over m+mul  1.186696907  1.186696907   2.373393813   0.000000000
  px          0    1.003546152  1.003546152   2.007092303   0.000000000
  py          0    1.003318009  1.003318009   2.006636018   0.000000000
  pz          0    1.002562921  1.002562921   2.005125842   0.000000000
   sum over m      3.009427082  3.009427082   6.018854164   0.000000000
  px          1    0.033776699  0.033776699   0.067553398   0.000000000
  py          1    0.033277613  0.033277613   0.066555227   0.000000000
  pz          1    0.074394385  0.074394385   0.148788771   0.000000000
   sum over m      0.141448698  0.141448698   0.282897395   0.000000000
   sum over m+mul  3.150875779  3.150875779   6.301751559   0.000000000
  d3z^2-r^2   0    0.162108378  0.162108378   0.324216756   0.000000000
  dx^2-y^2    0    0.216786396  0.216786396   0.433572792   0.000000000
  dxy         0    0.220359028  0.220359028   0.440718055   0.000000000
  dxz         0    0.125020881  0.125020881   0.250041762   0.000000000
  dyz         0    0.124088252  0.124088252   0.248176505   0.000000000
   sum over m      0.848362935  0.848362935   1.696725870   0.000000000
  d3z^2-r^2   1   -0.002344139 -0.002344139  -0.004688278   0.000000000
  dx^2-y^2    1   -0.003599473 -0.003599473  -0.007198945   0.000000000
  dxy         1   -0.003402562 -0.003402562  -0.006805124   0.000000000
  dxz         1   -0.002612339 -0.002612339  -0.005224678   0.000000000
  dyz         1   -0.002622407 -0.002622407  -0.005244813   0.000000000
   sum over m     -0.014580920 -0.014580920  -0.029161839   0.000000000
   sum over m+mul  0.833782015  0.833782015   1.667564031   0.000000000

    5    B          Up spin      Down spin     Sum           Diff
            multiple
  s           0    0.469142863  0.469142863   0.938285726   0.000000000
   sum over m      0.469142863  0.469142863   0.938285726   0.000000000
  s           1   -0.002581322 -0.002581322  -0.005162643   0.000000000
   sum over m     -0.002581322 -0.002581322  -0.005162643   0.000000000
   sum over m+mul  0.466561541  0.466561541   0.933123082   0.000000000
  px          0    0.396938181  0.396938181   0.793876362   0.000000000
  py          0    0.396648654  0.396648654   0.793297309   0.000000000
  pz          0    0.494969159  0.494969159   0.989938317   0.000000000
   sum over m      1.288555994  1.288555994   2.577111988   0.000000000
  px          1   -0.011582462 -0.011582462  -0.023164923   0.000000000
  py          1   -0.011790673 -0.011790673  -0.023581346   0.000000000
  pz          1   -0.019080194 -0.019080194  -0.038160388   0.000000000
   sum over m     -0.042453328 -0.042453328  -0.084906657   0.000000000
   sum over m+mul  1.246102665  1.246102665   2.492205331   0.000000000
  d3z^2-r^2   0    0.020580020  0.020580020   0.041160040   0.000000000
  dx^2-y^2    0    0.020575591  0.020575591   0.041151183   0.000000000
  dxy         0    0.020641664  0.020641664   0.041283328   0.000000000
  dxz         0    0.014206960  0.014206960   0.028413919   0.000000000
  dyz         0    0.014161604  0.014161604   0.028323207   0.000000000
   sum over m      0.090165838  0.090165838   0.180331677   0.000000000
   sum over m+mul  0.090165838  0.090165838   0.180331677   0.000000000

    6    B          Up spin      Down spin     Sum           Diff
            multiple
  s           0    0.469144346  0.469144346   0.938288692   0.000000000
   sum over m      0.469144346  0.469144346   0.938288692   0.000000000
  s           1   -0.002581781 -0.002581781  -0.005163563   0.000000000
   sum over m     -0.002581781 -0.002581781  -0.005163563   0.000000000
   sum over m+mul  0.466562565  0.466562565   0.933125130   0.000000000
  px          0    0.396939533  0.396939533   0.793879067   0.000000000
  py          0    0.396644374  0.396644374   0.793288749   0.000000000
  pz          0    0.494969166  0.494969166   0.989938332   0.000000000
   sum over m      1.288553074  1.288553074   2.577106147   0.000000000
  px          1   -0.011583491 -0.011583491  -0.023166981   0.000000000
  py          1   -0.011791757 -0.011791757  -0.023583515   0.000000000
  pz          1   -0.019079909 -0.019079909  -0.038159819   0.000000000
   sum over m     -0.042455157 -0.042455157  -0.084910314   0.000000000
   sum over m+mul  1.246097916  1.246097916   2.492195833   0.000000000
  d3z^2-r^2   0    0.020580328  0.020580328   0.041160655   0.000000000
  dx^2-y^2    0    0.020575144  0.020575144   0.041150288   0.000000000
  dxy         0    0.020641481  0.020641481   0.041282961   0.000000000
  dxz         0    0.014206729  0.014206729   0.028413459   0.000000000
  dyz         0    0.014161211  0.014161211   0.028322421   0.000000000
   sum over m      0.090164892  0.090164892   0.180329785   0.000000000
   sum over m+mul  0.090164892  0.090164892   0.180329785   0.000000000

    7   Zr          Up spin      Down spin     Sum           Diff
            multiple
  s           0    1.005321530  1.005321530   2.010643060   0.000000000
   sum over m      1.005321530  1.005321530   2.010643060   0.000000000
  s           1    0.174114209  0.174114209   0.348228417   0.000000000
   sum over m      0.174114209  0.174114209   0.348228417   0.000000000
  s           2    0.007244814  0.007244814   0.014489628   0.000000000
   sum over m      0.007244814  0.007244814   0.014489628   0.000000000
   sum over m+mul  1.186680553  1.186680553   2.373361106   0.000000000
  px          0    1.003542675  1.003542675   2.007085351   0.000000000
  py          0    1.003314162  1.003314162   2.006628325   0.000000000
  pz          0    1.002562058  1.002562058   2.005124115   0.000000000
   sum over m      3.009418896  3.009418896   6.018837791   0.000000000
  px          1    0.033749020  0.033749020   0.067498040   0.000000000
  py          1    0.033259728  0.033259728   0.066519456   0.000000000
  pz          1    0.074370840  0.074370840   0.148741681   0.000000000
   sum over m      0.141379588  0.141379588   0.282759176   0.000000000
   sum over m+mul  3.150798484  3.150798484   6.301596968   0.000000000
  d3z^2-r^2   0    0.162073520  0.162073520   0.324147039   0.000000000
  dx^2-y^2    0    0.216733081  0.216733081   0.433466162   0.000000000
  dxy         0    0.220285229  0.220285229   0.440570457   0.000000000
  dxz         0    0.124952263  0.124952263   0.249904525   0.000000000
  dyz         0    0.124046389  0.124046389   0.248092779   0.000000000
   sum over m      0.848090481  0.848090481   1.696180962   0.000000000
  d3z^2-r^2   1   -0.002346481 -0.002346481  -0.004692963   0.000000000
  dx^2-y^2    1   -0.003600534 -0.003600534  -0.007201068   0.000000000
  dxy         1   -0.003404232 -0.003404232  -0.006808463   0.000000000
  dxz         1   -0.002614464 -0.002614464  -0.005228927   0.000000000
  dyz         1   -0.002623832 -0.002623832  -0.005247664   0.000000000
   sum over m     -0.014589543 -0.014589543  -0.029179085   0.000000000
   sum over m+mul  0.833500939  0.833500939   1.667001877   0.000000000

    8    B          Up spin      Down spin     Sum           Diff
            multiple
  s           0    0.469140349  0.469140349   0.938280698   0.000000000
   sum over m      0.469140349  0.469140349   0.938280698   0.000000000
  s           1   -0.002581569 -0.002581569  -0.005163137   0.000000000
   sum over m     -0.002581569 -0.002581569  -0.005163137   0.000000000
   sum over m+mul  0.466558780  0.466558780   0.933117560   0.000000000
  px          0    0.396929360  0.396929360   0.793858720   0.000000000
  py          0    0.396654921  0.396654921   0.793309843   0.000000000
  pz          0    0.494965324  0.494965324   0.989930647   0.000000000
   sum over m      1.288549605  1.288549605   2.577099210   0.000000000
  px          1   -0.011584732 -0.011584732  -0.023169463   0.000000000
  py          1   -0.011790660 -0.011790660  -0.023581320   0.000000000
  pz          1   -0.019081044 -0.019081044  -0.038162088   0.000000000
   sum over m     -0.042456436 -0.042456436  -0.084912872   0.000000000
   sum over m+mul  1.246093169  1.246093169   2.492186338   0.000000000
  d3z^2-r^2   0    0.020577890  0.020577890   0.041155780   0.000000000
  dx^2-y^2    0    0.020573354  0.020573354   0.041146707   0.000000000
  dxy         0    0.020640952  0.020640952   0.041281904   0.000000000
  dxz         0    0.014205997  0.014205997   0.028411993   0.000000000
  dyz         0    0.014160645  0.014160645   0.028321291   0.000000000
   sum over m      0.090158838  0.090158838   0.180317675   0.000000000
   sum over m+mul  0.090158838  0.090158838   0.180317675   0.000000000

    9    B          Up spin      Down spin     Sum           Diff
            multiple
  s           0    0.469141146  0.469141146   0.938282291   0.000000000
   sum over m      0.469141146  0.469141146   0.938282291   0.000000000
  s           1   -0.002581195 -0.002581195  -0.005162390   0.000000000
   sum over m     -0.002581195 -0.002581195  -0.005162390   0.000000000
   sum over m+mul  0.466559951  0.466559951   0.933119901   0.000000000
  px          0    0.396932570  0.396932570   0.793865140   0.000000000
  py          0    0.396652735  0.396652735   0.793305471   0.000000000
  pz          0    0.494964377  0.494964377   0.989928753   0.000000000
   sum over m      1.288549682  1.288549682   2.577099364   0.000000000
  px          1   -0.011583547 -0.011583547  -0.023167094   0.000000000
  py          1   -0.011790188 -0.011790188  -0.023580377   0.000000000
  pz          1   -0.019080977 -0.019080977  -0.038161953   0.000000000
   sum over m     -0.042454712 -0.042454712  -0.084909423   0.000000000
   sum over m+mul  1.246094970  1.246094970   2.492189940   0.000000000
  d3z^2-r^2   0    0.020577894  0.020577894   0.041155788   0.000000000
  dx^2-y^2    0    0.020574059  0.020574059   0.041148119   0.000000000
  dxy         0    0.020641274  0.020641274   0.041282547   0.000000000
  dxz         0    0.014207033  0.014207033   0.028414065   0.000000000
  dyz         0    0.014160368  0.014160368   0.028320735   0.000000000
   sum over m      0.090160627  0.090160627   0.180321254   0.000000000
   sum over m+mul  0.090160627  0.090160627   0.180321254   0.000000000

   10   Zr          Up spin      Down spin     Sum           Diff
            multiple
  s           0    1.005321476  1.005321476   2.010642952   0.000000000
   sum over m      1.005321476  1.005321476   2.010642952   0.000000000
  s           1    0.174125974  0.174125974   0.348251947   0.000000000
   sum over m      0.174125974  0.174125974   0.348251947   0.000000000
  s           2    0.007248504  0.007248504   0.014497007   0.000000000
   sum over m      0.007248504  0.007248504   0.014497007   0.000000000
   sum over m+mul  1.186695953  1.186695953   2.373391907   0.000000000
  px          0    1.003545584  1.003545584   2.007091167   0.000000000
  py          0    1.003318200  1.003318200   2.006636401   0.000000000
  pz          0    1.002562985  1.002562985   2.005125970   0.000000000
   sum over m      3.009426769  3.009426769   6.018853537   0.000000000
  px          1    0.033767503  0.033767503   0.067535005   0.000000000
  py          1    0.033282646  0.033282646   0.066565291   0.000000000
  pz          1    0.074392421  0.074392421   0.148784841   0.000000000
   sum over m      0.141442569  0.141442569   0.282885138   0.000000000
   sum over m+mul  3.150869338  3.150869338   6.301738675   0.000000000
  d3z^2-r^2   0    0.162105467  0.162105467   0.324210935   0.000000000
  dx^2-y^2    0    0.216797528  0.216797528   0.433595056   0.000000000
  dxy         0    0.220338432  0.220338432   0.440676864   0.000000000
  dxz         0    0.124997713  0.124997713   0.249995426   0.000000000
  dyz         0    0.124104472  0.124104472   0.248208945   0.000000000
   sum over m      0.848343612  0.848343612   1.696687225   0.000000000
  d3z^2-r^2   1   -0.002344344 -0.002344344  -0.004688688   0.000000000
  dx^2-y^2    1   -0.003598699 -0.003598699  -0.007197399   0.000000000
  dxy         1   -0.003403391 -0.003403391  -0.006806782   0.000000000
  dxz         1   -0.002612753 -0.002612753  -0.005225506   0.000000000
  dyz         1   -0.002621928 -0.002621928  -0.005243856   0.000000000
   sum over m     -0.014581116 -0.014581116  -0.029162232   0.000000000
   sum over m+mul  0.833762497  0.833762497   1.667524993   0.000000000

   11    B          Up spin      Down spin     Sum           Diff
            multiple
  s           0    0.469136101  0.469136101   0.938272203   0.000000000
   sum over m      0.469136101  0.469136101   0.938272203   0.000000000
  s           1   -0.002582437 -0.002582437  -0.005164874   0.000000000
   sum over m     -0.002582437 -0.002582437  -0.005164874   0.000000000
   sum over m+mul  0.466553664  0.466553664   0.933107328   0.000000000
  px          0    0.396928860  0.396928860   0.793857720   0.000000000
  py          0    0.396646868  0.396646868   0.793293735   0.000000000
  pz          0    0.494968697  0.494968697   0.989937393   0.000000000
   sum over m      1.288544424  1.288544424   2.577088848   0.000000000
  px          1   -0.011590158 -0.011590158  -0.023180317   0.000000000
  py          1   -0.011796923 -0.011796923  -0.023593846   0.000000000
  pz          1   -0.019082631 -0.019082631  -0.038165261   0.000000000
   sum over m     -0.042469712 -0.042469712  -0.084939424   0.000000000
   sum over m+mul  1.246074712  1.246074712   2.492149424   0.000000000
  d3z^2-r^2   0    0.020580340  0.020580340   0.041160680   0.000000000
  dx^2-y^2    0    0.020573527  0.020573527   0.041147055   0.000000000
  dxy         0    0.020638998  0.020638998   0.041277996   0.000000000
  dxz         0    0.014205048  0.014205048   0.028410096   0.000000000
  dyz         0    0.014159555  0.014159555   0.028319110   0.000000000
   sum over m      0.090157469  0.090157469   0.180314937   0.000000000
   sum over m+mul  0.090157469  0.090157469   0.180314937   0.000000000

   12    B          Up spin      Down spin     Sum           Diff
            multiple
  s           0    0.469141343  0.469141343   0.938282686   0.000000000
   sum over m      0.469141343  0.469141343   0.938282686   0.000000000
  s           1   -0.002581024 -0.002581024  -0.005162048   0.000000000
   sum over m     -0.002581024 -0.002581024  -0.005162048   0.000000000
   sum over m+mul  0.466560319  0.466560319   0.933120638   0.000000000
  px          0    0.396935027  0.396935027   0.793870054   0.000000000
  py          0    0.396649309  0.396649309   0.793298618   0.000000000
  pz          0    0.494965606  0.494965606   0.989931212   0.000000000
   sum over m      1.288549942  1.288549942   2.577099884   0.000000000
  px          1   -0.011583665 -0.011583665  -0.023167330   0.000000000
  py          1   -0.011790103 -0.011790103  -0.023580206   0.000000000
  pz          1   -0.019080619 -0.019080619  -0.038161238   0.000000000
   sum over m     -0.042454387 -0.042454387  -0.084908774   0.000000000
   sum over m+mul  1.246095555  1.246095555   2.492191110   0.000000000
  d3z^2-r^2   0    0.020578141  0.020578141   0.041156283   0.000000000
  dx^2-y^2    0    0.020576258  0.020576258   0.041152515   0.000000000
  dxy         0    0.020639648  0.020639648   0.041279296   0.000000000
  dxz         0    0.014207955  0.014207955   0.028415910   0.000000000
  dyz         0    0.014159919  0.014159919   0.028319837   0.000000000
   sum over m      0.090161920  0.090161920   0.180323841   0.000000000
   sum over m+mul  0.090161920  0.090161920   0.180323841   0.000000000

   13   Zr          Up spin      Down spin     Sum           Diff
            multiple
  s           0    1.006844528  1.006844528   2.013689056   0.000000000
   sum over m      1.006844528  1.006844528   2.013689056   0.000000000
  s           1    0.199204823  0.199204823   0.398409646   0.000000000
   sum over m      0.199204823  0.199204823   0.398409646   0.000000000
  s           2    0.007978399  0.007978399   0.015956797   0.000000000
   sum over m      0.007978399  0.007978399   0.015956797   0.000000000
   sum over m+mul  1.214027750  1.214027750   2.428055499   0.000000000
  px          0    1.011307120  1.011307120   2.022614240   0.000000000
  py          0    1.011000092  1.011000092   2.022000184   0.000000000
  pz          0    1.015505401  1.015505401   2.031010802   0.000000000
   sum over m      3.037812613  3.037812613   6.075625225   0.000000000
  px          1    0.068205512  0.068205512   0.136411025   0.000000000
  py          1    0.067205827  0.067205827   0.134411653   0.000000000
  pz          1    0.099534072  0.099534072   0.199068145   0.000000000
   sum over m      0.234945411  0.234945411   0.469890822   0.000000000
   sum over m+mul  3.272758024  3.272758024   6.545516048   0.000000000
  d3z^2-r^2   0    0.253657264  0.253657264   0.507314527   0.000000000
  dx^2-y^2    0    0.256174362  0.256174362   0.512348723   0.000000000
  dxy         0    0.259000055  0.259000055   0.518000111   0.000000000
  dxz         0    0.233809784  0.233809784   0.467619569   0.000000000
  dyz         0    0.234119445  0.234119445   0.468238890   0.000000000
   sum over m      1.236760910  1.236760910   2.473521819   0.000000000
  d3z^2-r^2   1   -0.001441147 -0.001441147  -0.002882294   0.000000000
  dx^2-y^2    1   -0.001815515 -0.001815515  -0.003631031   0.000000000
  dxy         1   -0.001607029 -0.001607029  -0.003214059   0.000000000
  dxz         1   -0.001399399 -0.001399399  -0.002798798   0.000000000
  dyz         1   -0.001428988 -0.001428988  -0.002857976   0.000000000
   sum over m     -0.007692079 -0.007692079  -0.015384158   0.000000000
   sum over m+mul  1.229068830  1.229068830   2.458137661   0.000000000

   14    B          Up spin      Down spin     Sum           Diff
            multiple
  s           0    0.470808606  0.470808606   0.941617211   0.000000000
   sum over m      0.470808606  0.470808606   0.941617211   0.000000000
  s           1   -0.002357214 -0.002357214  -0.004714429   0.000000000
   sum over m     -0.002357214 -0.002357214  -0.004714429   0.000000000
   sum over m+mul  0.468451391  0.468451391   0.936902783   0.000000000
  px          0    0.395639958  0.395639958   0.791279915   0.000000000
  py          0    0.395586285  0.395586285   0.791172570   0.000000000
  pz          0    0.464862039  0.464862039   0.929724078   0.000000000
   sum over m      1.256088282  1.256088282   2.512176563   0.000000000
  px          1   -0.013767722 -0.013767722  -0.027535444   0.000000000
  py          1   -0.014000721 -0.014000721  -0.028001442   0.000000000
  pz          1   -0.025398873 -0.025398873  -0.050797746   0.000000000
   sum over m     -0.053167316 -0.053167316  -0.106334633   0.000000000
   sum over m+mul  1.202920965  1.202920965   2.405841930   0.000000000
  d3z^2-r^2   0    0.015023648  0.015023648   0.030047297   0.000000000
  dx^2-y^2    0    0.018638116  0.018638116   0.037276233   0.000000000
  dxy         0    0.018626382  0.018626382   0.037252764   0.000000000
  dxz         0    0.012983063  0.012983063   0.025966126   0.000000000
  dyz         0    0.012941502  0.012941502   0.025883005   0.000000000
   sum over m      0.078212712  0.078212712   0.156425424   0.000000000
   sum over m+mul  0.078212712  0.078212712   0.156425424   0.000000000

   15    B          Up spin      Down spin     Sum           Diff
            multiple
  s           0    0.470804364  0.470804364   0.941608728   0.000000000
   sum over m      0.470804364  0.470804364   0.941608728   0.000000000
  s           1   -0.002357069 -0.002357069  -0.004714139   0.000000000
   sum over m     -0.002357069 -0.002357069  -0.004714139   0.000000000
   sum over m+mul  0.468447295  0.468447295   0.936894589   0.000000000
  px          0    0.395641310  0.395641310   0.791282619   0.000000000
  py          0    0.395583800  0.395583800   0.791167601   0.000000000
  pz          0    0.464859471  0.464859471   0.929718941   0.000000000
   sum over m      1.256084581  1.256084581   2.512169161   0.000000000
  px          1   -0.013766896 -0.013766896  -0.027533793   0.000000000
  py          1   -0.014000139 -0.014000139  -0.028000277   0.000000000
  pz          1   -0.025399685 -0.025399685  -0.050799370   0.000000000
   sum over m     -0.053166720 -0.053166720  -0.106333441   0.000000000
   sum over m+mul  1.202917860  1.202917860   2.405835721   0.000000000
  d3z^2-r^2   0    0.015022730  0.015022730   0.030045460   0.000000000
  dx^2-y^2    0    0.018638748  0.018638748   0.037277496   0.000000000
  dxy         0    0.018626610  0.018626610   0.037253219   0.000000000
  dxz         0    0.012983456  0.012983456   0.025966912   0.000000000
  dyz         0    0.012941480  0.012941480   0.025882960   0.000000000
   sum over m      0.078213024  0.078213024   0.156426048   0.000000000
   sum over m+mul  0.078213024  0.078213024   0.156426048   0.000000000

   16   Zr          Up spin      Down spin     Sum           Diff
            multiple
  s           0    1.006844601  1.006844601   2.013689202   0.000000000
   sum over m      1.006844601  1.006844601   2.013689202   0.000000000
  s           1    0.199204942  0.199204942   0.398409884   0.000000000
   sum over m      0.199204942  0.199204942   0.398409884   0.000000000
  s           2    0.007978360  0.007978360   0.015956720   0.000000000
   sum over m      0.007978360  0.007978360   0.015956720   0.000000000
   sum over m+mul  1.214027903  1.214027903   2.428055806   0.000000000
  px          0    1.011306690  1.011306690   2.022613380   0.000000000
  py          0    1.011000698  1.011000698   2.022001397   0.000000000
  pz          0    1.015505466  1.015505466   2.031010932   0.000000000
   sum over m      3.037812854  3.037812854   6.075625708   0.000000000
  px          1    0.068201809  0.068201809   0.136403618   0.000000000
  py          1    0.067210193  0.067210193   0.134420386   0.000000000
  pz          1    0.099534138  0.099534138   0.199068277   0.000000000
   sum over m      0.234946140  0.234946140   0.469892280   0.000000000
   sum over m+mul  3.272758994  3.272758994   6.545517989   0.000000000
  d3z^2-r^2   0    0.253656957  0.253656957   0.507313914   0.000000000
  dx^2-y^2    0    0.256175295  0.256175295   0.512350590   0.000000000
  dxy         0    0.258999828  0.258999828   0.517999656   0.000000000
  dxz         0    0.233801260  0.233801260   0.467602519   0.000000000
  dyz         0    0.234129266  0.234129266   0.468258532   0.000000000
   sum over m      1.236762605  1.236762605   2.473525210   0.000000000
  d3z^2-r^2   1   -0.001441410 -0.001441410  -0.002882819   0.000000000
  dx^2-y^2    1   -0.001815926 -0.001815926  -0.003631852   0.000000000
  dxy         1   -0.001606935 -0.001606935  -0.003213870   0.000000000
  dxz         1   -0.001401435 -0.001401435  -0.002802871   0.000000000
  dyz         1   -0.001426847 -0.001426847  -0.002853693   0.000000000
   sum over m     -0.007692553 -0.007692553  -0.015385106   0.000000000
   sum over m+mul  1.229070052  1.229070052   2.458140104   0.000000000

   17    B          Up spin      Down spin     Sum           Diff
            multiple
  s           0    0.470808270  0.470808270   0.941616539   0.000000000
   sum over m      0.470808270  0.470808270   0.941616539   0.000000000
  s           1   -0.002357096 -0.002357096  -0.004714192   0.000000000
   sum over m     -0.002357096 -0.002357096  -0.004714192   0.000000000
   sum over m+mul  0.468451173  0.468451173   0.936902347   0.000000000
  px          0    0.395640452  0.395640452   0.791280905   0.000000000
  py          0    0.395586994  0.395586994   0.791173988   0.000000000
  pz          0    0.464862588  0.464862588   0.929725176   0.000000000
   sum over m      1.256090034  1.256090034   2.512180069   0.000000000
  px          1   -0.013766833 -0.013766833  -0.027533666   0.000000000
  py          1   -0.014000584 -0.014000584  -0.028001169   0.000000000
  pz          1   -0.025398572 -0.025398572  -0.050797144   0.000000000
   sum over m     -0.053165990 -0.053165990  -0.106331979   0.000000000
   sum over m+mul  1.202924045  1.202924045   2.405848090   0.000000000
  d3z^2-r^2   0    0.015023769  0.015023769   0.030047537   0.000000000
  dx^2-y^2    0    0.018638777  0.018638777   0.037277554   0.000000000
  dxy         0    0.018626246  0.018626246   0.037252492   0.000000000
  dxz         0    0.012983449  0.012983449   0.025966897   0.000000000
  dyz         0    0.012941512  0.012941512   0.025883023   0.000000000
   sum over m      0.078213752  0.078213752   0.156427504   0.000000000
   sum over m+mul  0.078213752  0.078213752   0.156427504   0.000000000

   18    B          Up spin      Down spin     Sum           Diff
            multiple
  s           0    0.470808407  0.470808407   0.941616813   0.000000000
   sum over m      0.470808407  0.470808407   0.941616813   0.000000000
  s           1   -0.002357262 -0.002357262  -0.004714524   0.000000000
   sum over m     -0.002357262 -0.002357262  -0.004714524   0.000000000
   sum over m+mul  0.468451145  0.468451145   0.936902289   0.000000000
  px          0    0.395641126  0.395641126   0.791282251   0.000000000
  py          0    0.395583862  0.395583862   0.791167725   0.000000000
  pz          0    0.464862525  0.464862525   0.929725050   0.000000000
   sum over m      1.256087513  1.256087513   2.512175026   0.000000000
  px          1   -0.013767221 -0.013767221  -0.027534443   0.000000000
  py          1   -0.014000959 -0.014000959  -0.028001918   0.000000000
  pz          1   -0.025398390 -0.025398390  -0.050796779   0.000000000
   sum over m     -0.053166570 -0.053166570  -0.106333139   0.000000000
   sum over m+mul  1.202920943  1.202920943   2.405841887   0.000000000
  d3z^2-r^2   0    0.015023674  0.015023674   0.030047348   0.000000000
  dx^2-y^2    0    0.018638541  0.018638541   0.037277083   0.000000000
  dxy         0    0.018625990  0.018625990   0.037251980   0.000000000
  dxz         0    0.012983282  0.012983282   0.025966565   0.000000000
  dyz         0    0.012941223  0.012941223   0.025882447   0.000000000
   sum over m      0.078212711  0.078212711   0.156425422   0.000000000
   sum over m+mul  0.078212711  0.078212711   0.156425422   0.000000000

   19   Zr          Up spin      Down spin     Sum           Diff
            multiple
  s           0    1.006844898  1.006844898   2.013689795   0.000000000
   sum over m      1.006844898  1.006844898   2.013689795   0.000000000
  s           1    0.199210816  0.199210816   0.398421632   0.000000000
   sum over m      0.199210816  0.199210816   0.398421632   0.000000000
  s           2    0.007978011  0.007978011   0.015956023   0.000000000
   sum over m      0.007978011  0.007978011   0.015956023   0.000000000
   sum over m+mul  1.214033725  1.214033725   2.428067450   0.000000000
  px          0    1.011306753  1.011306753   2.022613507   0.000000000
  py          0    1.011000119  1.011000119   2.022000238   0.000000000
  pz          0    1.015505015  1.015505015   2.031010029   0.000000000
   sum over m      3.037811887  3.037811887   6.075623774   0.000000000
  px          1    0.068206065  0.068206065   0.136412131   0.000000000
  py          1    0.067208118  0.067208118   0.134416235   0.000000000
  pz          1    0.099540457  0.099540457   0.199080915   0.000000000
   sum over m      0.234954640  0.234954640   0.469909281   0.000000000
   sum over m+mul  3.272766527  3.272766527   6.545533055   0.000000000
  d3z^2-r^2   0    0.253641775  0.253641775   0.507283550   0.000000000
  dx^2-y^2    0    0.256179253  0.256179253   0.512358506   0.000000000
  dxy         0    0.259004568  0.259004568   0.518009136   0.000000000
  dxz         0    0.233813521  0.233813521   0.467627042   0.000000000
  dyz         0    0.234126089  0.234126089   0.468252178   0.000000000
   sum over m      1.236765206  1.236765206   2.473530413   0.000000000
  d3z^2-r^2   1   -0.001444681 -0.001444681  -0.002889362   0.000000000
  dx^2-y^2    1   -0.001815290 -0.001815290  -0.003630580   0.000000000
  dxy         1   -0.001606631 -0.001606631  -0.003213263   0.000000000
  dxz         1   -0.001397979 -0.001397979  -0.002795957   0.000000000
  dyz         1   -0.001426491 -0.001426491  -0.002852981   0.000000000
   sum over m     -0.007691071 -0.007691071  -0.015382142   0.000000000
   sum over m+mul  1.229074135  1.229074135   2.458148270   0.000000000

   20    B          Up spin      Down spin     Sum           Diff
            multiple
  s           0    0.470807560  0.470807560   0.941615119   0.000000000
   sum over m      0.470807560  0.470807560   0.941615119   0.000000000
  s           1   -0.002357378 -0.002357378  -0.004714756   0.000000000
   sum over m     -0.002357378 -0.002357378  -0.004714756   0.000000000
   sum over m+mul  0.468450182  0.468450182   0.936900364   0.000000000
  px          0    0.395639115  0.395639115   0.791278230   0.000000000
  py          0    0.395586743  0.395586743   0.791173486   0.000000000
  pz          0    0.464859593  0.464859593   0.929719186   0.000000000
   sum over m      1.256085451  1.256085451   2.512170902   0.000000000
  px          1   -0.013767589 -0.013767589  -0.027535178   0.000000000
  py          1   -0.014000519 -0.014000519  -0.028001038   0.000000000
  pz          1   -0.025398726 -0.025398726  -0.050797452   0.000000000
   sum over m     -0.053166834 -0.053166834  -0.106333668   0.000000000
   sum over m+mul  1.202918617  1.202918617   2.405837234   0.000000000
  d3z^2-r^2   0    0.015023266  0.015023266   0.030046532   0.000000000
  dx^2-y^2    0    0.018638148  0.018638148   0.037276297   0.000000000
  dxy         0    0.018625825  0.018625825   0.037251650   0.000000000
  dxz         0    0.012982881  0.012982881   0.025965763   0.000000000
  dyz         0    0.012941345  0.012941345   0.025882690   0.000000000
   sum over m      0.078211465  0.078211465   0.156422931   0.000000000
   sum over m+mul  0.078211465  0.078211465   0.156422931   0.000000000

   21    B          Up spin      Down spin     Sum           Diff
            multiple
  s           0    0.470807333  0.470807333   0.941614666   0.000000000
   sum over m      0.470807333  0.470807333   0.941614666   0.000000000
  s           1   -0.002356888 -0.002356888  -0.004713776   0.000000000
   sum over m     -0.002356888 -0.002356888  -0.004713776   0.000000000
   sum over m+mul  0.468450445  0.468450445   0.936900889   0.000000000
  px          0    0.395641390  0.395641390   0.791282780   0.000000000
  py          0    0.395585303  0.395585303   0.791170606   0.000000000
  pz          0    0.464860599  0.464860599   0.929721198   0.000000000
   sum over m      1.256087292  1.256087292   2.512174584   0.000000000
  px          1   -0.013766896 -0.013766896  -0.027533791   0.000000000
  py          1   -0.014000271 -0.014000271  -0.028000541   0.000000000
  pz          1   -0.025398717 -0.025398717  -0.050797435   0.000000000
   sum over m     -0.053165883 -0.053165883  -0.106331767   0.000000000
   sum over m+mul  1.202921409  1.202921409   2.405842817   0.000000000
  d3z^2-r^2   0    0.015023494  0.015023494   0.030046987   0.000000000
  dx^2-y^2    0    0.018638477  0.018638477   0.037276954   0.000000000
  dxy         0    0.018626027  0.018626027   0.037252055   0.000000000
  dxz         0    0.012983496  0.012983496   0.025966992   0.000000000
  dyz         0    0.012941246  0.012941246   0.025882491   0.000000000
   sum over m      0.078212740  0.078212740   0.156425479   0.000000000
   sum over m+mul  0.078212740  0.078212740   0.156425479   0.000000000

   22   Zr          Up spin      Down spin     Sum           Diff
            multiple
  s           0    1.006844506  1.006844506   2.013689012   0.000000000
   sum over m      1.006844506  1.006844506   2.013689012   0.000000000
  s           1    0.199206460  0.199206460   0.398412919   0.000000000
   sum over m      0.199206460  0.199206460   0.398412919   0.000000000
  s           2    0.007978670  0.007978670   0.015957341   0.000000000
   sum over m      0.007978670  0.007978670   0.015957341   0.000000000
   sum over m+mul  1.214029636  1.214029636   2.428059272   0.000000000
  px          0    1.011307006  1.011307006   2.022614013   0.000000000
  py          0    1.011000097  1.011000097   2.022000194   0.000000000
  pz          0    1.015505904  1.015505904   2.031011809   0.000000000
   sum over m      3.037813008  3.037813008   6.075626016   0.000000000
  px          1    0.068206757  0.068206757   0.136413514   0.000000000
  py          1    0.067206097  0.067206097   0.134412193   0.000000000
  pz          1    0.099535928  0.099535928   0.199071856   0.000000000
   sum over m      0.234948782  0.234948782   0.469897563   0.000000000
   sum over m+mul  3.272761790  3.272761790   6.545523579   0.000000000
  d3z^2-r^2   0    0.253655053  0.253655053   0.507310106   0.000000000
  dx^2-y^2    0    0.256177042  0.256177042   0.512354085   0.000000000
  dxy         0    0.259001502  0.259001502   0.518003003   0.000000000
  dxz         0    0.233813396  0.233813396   0.467626793   0.000000000
  dyz         0    0.234120194  0.234120194   0.468240388   0.000000000
   sum over m      1.236767187  1.236767187   2.473534374   0.000000000
  d3z^2-r^2   1   -0.001441725 -0.001441725  -0.002883450   0.000000000
  dx^2-y^2    1   -0.001815387 -0.001815387  -0.003630775   0.000000000
  dxy         1   -0.001607095 -0.001607095  -0.003214190   0.000000000
  dxz         1   -0.001398704 -0.001398704  -0.002797408   0.000000000
  dyz         1   -0.001428684 -0.001428684  -0.002857368   0.000000000
   sum over m     -0.007691595 -0.007691595  -0.015383189   0.000000000
   sum over m+mul  1.229075592  1.229075592   2.458151185   0.000000000

   23    B          Up spin      Down spin     Sum           Diff
            multiple
  s           0    0.470805098  0.470805098   0.941610195   0.000000000
   sum over m      0.470805098  0.470805098   0.941610195   0.000000000
  s           1   -0.002357024 -0.002357024  -0.004714047   0.000000000
   sum over m     -0.002357024 -0.002357024  -0.004714047   0.000000000
   sum over m+mul  0.468448074  0.468448074   0.936896148   0.000000000
  px          0    0.395638674  0.395638674   0.791277347   0.000000000
  py          0    0.395586888  0.395586888   0.791173776   0.000000000
  pz          0    0.464859289  0.464859289   0.929718578   0.000000000
   sum over m      1.256084851  1.256084851   2.512169701   0.000000000
  px          1   -0.013766620 -0.013766620  -0.027533240   0.000000000
  py          1   -0.014000826 -0.014000826  -0.028001653   0.000000000
  pz          1   -0.025399564 -0.025399564  -0.050799128   0.000000000
   sum over m     -0.053167010 -0.053167010  -0.106334021   0.000000000
   sum over m+mul  1.202917840  1.202917840   2.405835681   0.000000000
  d3z^2-r^2   0    0.015022476  0.015022476   0.030044952   0.000000000
  dx^2-y^2    0    0.018638818  0.018638818   0.037277637   0.000000000
  dxy         0    0.018626313  0.018626313   0.037252626   0.000000000
  dxz         0    0.012983354  0.012983354   0.025966708   0.000000000
  dyz         0    0.012941382  0.012941382   0.025882764   0.000000000
   sum over m      0.078212344  0.078212344   0.156424687   0.000000000
   sum over m+mul  0.078212344  0.078212344   0.156424687   0.000000000

   24    B          Up spin      Down spin     Sum           Diff
            multiple
  s           0    0.470807850  0.470807850   0.941615700   0.000000000
   sum over m      0.470807850  0.470807850   0.941615700   0.000000000
  s           1   -0.002357074 -0.002357074  -0.004714148   0.000000000
   sum over m     -0.002357074 -0.002357074  -0.004714148   0.000000000
   sum over m+mul  0.468450776  0.468450776   0.936901552   0.000000000
  px          0    0.395640990  0.395640990   0.791281980   0.000000000
  py          0    0.395584822  0.395584822   0.791169644   0.000000000
  pz          0    0.464861681  0.464861681   0.929723361   0.000000000
   sum over m      1.256087492  1.256087492   2.512174985   0.000000000
  px          1   -0.013766681 -0.013766681  -0.027533363   0.000000000
  py          1   -0.014000819 -0.014000819  -0.028001638   0.000000000
  pz          1   -0.025398478 -0.025398478  -0.050796956   0.000000000
   sum over m     -0.053165978 -0.053165978  -0.106331956   0.000000000
   sum over m+mul  1.202921514  1.202921514   2.405843028   0.000000000
  d3z^2-r^2   0    0.015023530  0.015023530   0.030047060   0.000000000
  dx^2-y^2    0    0.018638220  0.018638220   0.037276440   0.000000000
  dxy         0    0.018626043  0.018626043   0.037252087   0.000000000
  dxz         0    0.012983448  0.012983448   0.025966896   0.000000000
  dyz         0    0.012941034  0.012941034   0.025882067   0.000000000
   sum over m      0.078212275  0.078212275   0.156424550   0.000000000
   sum over m+mul  0.078212275  0.078212275   0.156424550   0.000000000

   25   Zr          Up spin      Down spin     Sum           Diff
            multiple
  s           0    1.006984231  1.006984231   2.013968463   0.000000000
   sum over m      1.006984231  1.006984231   2.013968463   0.000000000
  s           1    0.199679468  0.199679468   0.399358936   0.000000000
   sum over m      0.199679468  0.199679468   0.399358936   0.000000000
  s           2    0.008144965  0.008144965   0.016289931   0.000000000
   sum over m      0.008144965  0.008144965   0.016289931   0.000000000
   sum over m+mul  1.214808664  1.214808664   2.429617329   0.000000000
  px          0    1.011394981  1.011394981   2.022789963   0.000000000
  py          0    1.011092715  1.011092715   2.022185430   0.000000000
  pz          0    1.015270809  1.015270809   2.030541619   0.000000000
   sum over m      3.037758506  3.037758506   6.075517011   0.000000000
  px          1    0.068593943  0.068593943   0.137187887   0.000000000
  py          1    0.067581421  0.067581421   0.135162842   0.000000000
  pz          1    0.100550731  0.100550731   0.201101462   0.000000000
   sum over m      0.236726095  0.236726095   0.473452191   0.000000000
   sum over m+mul  3.274484601  3.274484601   6.548969202   0.000000000
  d3z^2-r^2   0    0.237310267  0.237310267   0.474620534   0.000000000
  dx^2-y^2    0    0.250636571  0.250636571   0.501273143   0.000000000
  dxy         0    0.253341580  0.253341580   0.506683159   0.000000000
  dxz         0    0.230394961  0.230394961   0.460789922   0.000000000
  dyz         0    0.230651402  0.230651402   0.461302803   0.000000000
   sum over m      1.202334780  1.202334780   2.404669561   0.000000000
  d3z^2-r^2   1   -0.002497428 -0.002497428  -0.004994857   0.000000000
  dx^2-y^2    1   -0.001461941 -0.001461941  -0.002923881   0.000000000
  dxy         1   -0.001256774 -0.001256774  -0.002513548   0.000000000
  dxz         1   -0.001727302 -0.001727302  -0.003454603   0.000000000
  dyz         1   -0.001753499 -0.001753499  -0.003506998   0.000000000
   sum over m     -0.008696944 -0.008696944  -0.017393888   0.000000000
   sum over m+mul  1.193637837  1.193637837   2.387275673   0.000000000

   26    B          Up spin      Down spin     Sum           Diff
            multiple
  s           0    0.469208528  0.469208528   0.938417055   0.000000000
   sum over m      0.469208528  0.469208528   0.938417055   0.000000000
  s           1   -0.002161518 -0.002161518  -0.004323037   0.000000000
   sum over m     -0.002161518 -0.002161518  -0.004323037   0.000000000
   sum over m+mul  0.467047009  0.467047009   0.934094019   0.000000000
  px          0    0.393782529  0.393782529   0.787565058   0.000000000
  py          0    0.393752795  0.393752795   0.787505590   0.000000000
  pz          0    0.467179140  0.467179140   0.934358279   0.000000000
   sum over m      1.254714464  1.254714464   2.509428927   0.000000000
  px          1   -0.013354037 -0.013354037  -0.026708074   0.000000000
  py          1   -0.013585571 -0.013585571  -0.027171142   0.000000000
  pz          1   -0.025497610 -0.025497610  -0.050995221   0.000000000
   sum over m     -0.052437218 -0.052437218  -0.104874437   0.000000000
   sum over m+mul  1.202277245  1.202277245   2.404554491   0.000000000
  d3z^2-r^2   0    0.014469571  0.014469571   0.028939142   0.000000000
  dx^2-y^2    0    0.018038279  0.018038279   0.036076558   0.000000000
  dxy         0    0.018024014  0.018024014   0.036048028   0.000000000
  dxz         0    0.013198621  0.013198621   0.026397243   0.000000000
  dyz         0    0.013157390  0.013157390   0.026314780   0.000000000
   sum over m      0.076887875  0.076887875   0.153775751   0.000000000
   sum over m+mul  0.076887875  0.076887875   0.153775751   0.000000000

   27    B          Up spin      Down spin     Sum           Diff
            multiple
  s           0    0.469207026  0.469207026   0.938414051   0.000000000
   sum over m      0.469207026  0.469207026   0.938414051   0.000000000
  s           1   -0.002161706 -0.002161706  -0.004323411   0.000000000
   sum over m     -0.002161706 -0.002161706  -0.004323411   0.000000000
   sum over m+mul  0.467045320  0.467045320   0.934090640   0.000000000
  px          0    0.393787811  0.393787811   0.787575623   0.000000000
  py          0    0.393745196  0.393745196   0.787490391   0.000000000
  pz          0    0.467177884  0.467177884   0.934355768   0.000000000
   sum over m      1.254710891  1.254710891   2.509421782   0.000000000
  px          1   -0.013354088 -0.013354088  -0.026708177   0.000000000
  py          1   -0.013585487 -0.013585487  -0.027170973   0.000000000
  pz          1   -0.025498153 -0.025498153  -0.050996306   0.000000000
   sum over m     -0.052437728 -0.052437728  -0.104875456   0.000000000
   sum over m+mul  1.202273163  1.202273163   2.404546326   0.000000000
  d3z^2-r^2   0    0.014469158  0.014469158   0.028938316   0.000000000
  dx^2-y^2    0    0.018038533  0.018038533   0.036077066   0.000000000
  dxy         0    0.018024020  0.018024020   0.036048040   0.000000000
  dxz         0    0.013199102  0.013199102   0.026398204   0.000000000
  dyz         0    0.013156857  0.013156857   0.026313714   0.000000000
   sum over m      0.076887670  0.076887670   0.153775341   0.000000000
   sum over m+mul  0.076887670  0.076887670   0.153775341   0.000000000

   28   Zr          Up spin      Down spin     Sum           Diff
            multiple
  s           0    1.006983643  1.006983643   2.013967287   0.000000000
   sum over m      1.006983643  1.006983643   2.013967287   0.000000000
  s           1    0.199680547  0.199680547   0.399361093   0.000000000
   sum over m      0.199680547  0.199680547   0.399361093   0.000000000
  s           2    0.008145156  0.008145156   0.016290313   0.000000000
   sum over m      0.008145156  0.008145156   0.016290313   0.000000000
   sum over m+mul  1.214809346  1.214809346   2.429618693   0.000000000
  px          0    1.011395388  1.011395388   2.022790776   0.000000000
  py          0    1.011094685  1.011094685   2.022189371   0.000000000
  pz          0    1.015271170  1.015271170   2.030542339   0.000000000
   sum over m      3.037761243  3.037761243   6.075522485   0.000000000
  px          1    0.068592428  0.068592428   0.137184857   0.000000000
  py          1    0.067582814  0.067582814   0.135165627   0.000000000
  pz          1    0.100551660  0.100551660   0.201103320   0.000000000
   sum over m      0.236726902  0.236726902   0.473453804   0.000000000
   sum over m+mul  3.274488145  3.274488145   6.548976290   0.000000000
  d3z^2-r^2   0    0.237310631  0.237310631   0.474621262   0.000000000
  dx^2-y^2    0    0.250639167  0.250639167   0.501278335   0.000000000
  dxy         0    0.253341099  0.253341099   0.506682198   0.000000000
  dxz         0    0.230393593  0.230393593   0.460787186   0.000000000
  dyz         0    0.230654484  0.230654484   0.461308967   0.000000000
   sum over m      1.202338974  1.202338974   2.404677948   0.000000000
  d3z^2-r^2   1   -0.002497470 -0.002497470  -0.004994940   0.000000000
  dx^2-y^2    1   -0.001461672 -0.001461672  -0.002923345   0.000000000
  dxy         1   -0.001256779 -0.001256779  -0.002513557   0.000000000
  dxz         1   -0.001727194 -0.001727194  -0.003454388   0.000000000
  dyz         1   -0.001753268 -0.001753268  -0.003506536   0.000000000
   sum over m     -0.008696383 -0.008696383  -0.017392766   0.000000000
   sum over m+mul  1.193642591  1.193642591   2.387285182   0.000000000

   29    B          Up spin      Down spin     Sum           Diff
            multiple
  s           0    0.469208214  0.469208214   0.938416428   0.000000000
   sum over m      0.469208214  0.469208214   0.938416428   0.000000000
  s           1   -0.002161410 -0.002161410  -0.004322821   0.000000000
   sum over m     -0.002161410 -0.002161410  -0.004322821   0.000000000
   sum over m+mul  0.467046804  0.467046804   0.934093608   0.000000000
  px          0    0.393782613  0.393782613   0.787565225   0.000000000
  py          0    0.393753138  0.393753138   0.787506275   0.000000000
  pz          0    0.467179101  0.467179101   0.934358201   0.000000000
   sum over m      1.254714851  1.254714851   2.509429702   0.000000000
  px          1   -0.013353859 -0.013353859  -0.026707719   0.000000000
  py          1   -0.013585599 -0.013585599  -0.027171198   0.000000000
  pz          1   -0.025497560 -0.025497560  -0.050995120   0.000000000
   sum over m     -0.052437018 -0.052437018  -0.104874036   0.000000000
   sum over m+mul  1.202277833  1.202277833   2.404555665   0.000000000
  d3z^2-r^2   0    0.014469674  0.014469674   0.028939348   0.000000000
  dx^2-y^2    0    0.018038645  0.018038645   0.036077290   0.000000000
  dxy         0    0.018024033  0.018024033   0.036048066   0.000000000
  dxz         0    0.013198827  0.013198827   0.026397654   0.000000000
  dyz         0    0.013157534  0.013157534   0.026315068   0.000000000
   sum over m      0.076888713  0.076888713   0.153777426   0.000000000
   sum over m+mul  0.076888713  0.076888713   0.153777426   0.000000000

   30    B          Up spin      Down spin     Sum           Diff
            multiple
  s           0    0.469208192  0.469208192   0.938416383   0.000000000
   sum over m      0.469208192  0.469208192   0.938416383   0.000000000
  s           1   -0.002161746 -0.002161746  -0.004323493   0.000000000
   sum over m     -0.002161746 -0.002161746  -0.004323493   0.000000000
   sum over m+mul  0.467046445  0.467046445   0.934092890   0.000000000
  px          0    0.393789529  0.393789529   0.787579058   0.000000000
  py          0    0.393745576  0.393745576   0.787491152   0.000000000
  pz          0    0.467178905  0.467178905   0.934357810   0.000000000
   sum over m      1.254714010  1.254714010   2.509428020   0.000000000
  px          1   -0.013353983 -0.013353983  -0.026707967   0.000000000
  py          1   -0.013585576 -0.013585576  -0.027171153   0.000000000
  pz          1   -0.025497667 -0.025497667  -0.050995334   0.000000000
   sum over m     -0.052437227 -0.052437227  -0.104874454   0.000000000
   sum over m+mul  1.202276783  1.202276783   2.404553566   0.000000000
  d3z^2-r^2   0    0.014469341  0.014469341   0.028938683   0.000000000
  dx^2-y^2    0    0.018038324  0.018038324   0.036076648   0.000000000
  dxy         0    0.018023672  0.018023672   0.036047345   0.000000000
  dxz         0    0.013198935  0.013198935   0.026397869   0.000000000
  dyz         0    0.013156796  0.013156796   0.026313592   0.000000000
   sum over m      0.076887068  0.076887068   0.153774137   0.000000000
   sum over m+mul  0.076887068  0.076887068   0.153774137   0.000000000

   31   Zr          Up spin      Down spin     Sum           Diff
            multiple
  s           0    1.006983689  1.006983689   2.013967378   0.000000000
   sum over m      1.006983689  1.006983689   2.013967378   0.000000000
  s           1    0.199679527  0.199679527   0.399359055   0.000000000
   sum over m      0.199679527  0.199679527   0.399359055   0.000000000
  s           2    0.008145176  0.008145176   0.016290352   0.000000000
   sum over m      0.008145176  0.008145176   0.016290352   0.000000000
   sum over m+mul  1.214808392  1.214808392   2.429616785   0.000000000
  px          0    1.011395309  1.011395309   2.022790618   0.000000000
  py          0    1.011094359  1.011094359   2.022188719   0.000000000
  pz          0    1.015270682  1.015270682   2.030541363   0.000000000
   sum over m      3.037760350  3.037760350   6.075520700   0.000000000
  px          1    0.068592545  0.068592545   0.137185090   0.000000000
  py          1    0.067580467  0.067580467   0.135160935   0.000000000
  pz          1    0.100551898  0.100551898   0.201103797   0.000000000
   sum over m      0.236724911  0.236724911   0.473449822   0.000000000
   sum over m+mul  3.274485261  3.274485261   6.548970522   0.000000000
  d3z^2-r^2   0    0.237304117  0.237304117   0.474608233   0.000000000
  dx^2-y^2    0    0.250639431  0.250639431   0.501278862   0.000000000
  dxy         0    0.253343082  0.253343082   0.506686164   0.000000000
  dxz         0    0.230393864  0.230393864   0.460787728   0.000000000
  dyz         0    0.230650511  0.230650511   0.461301023   0.000000000
   sum over m      1.202331005  1.202331005   2.404662009   0.000000000
  d3z^2-r^2   1   -0.002497556 -0.002497556  -0.004995112   0.000000000
  dx^2-y^2    1   -0.001461527 -0.001461527  -0.002923055   0.000000000
  dxy         1   -0.001256335 -0.001256335  -0.002512670   0.000000000
  dxz         1   -0.001727065 -0.001727065  -0.003454129   0.000000000
  dyz         1   -0.001753279 -0.001753279  -0.003506558   0.000000000
   sum over m     -0.008695762 -0.008695762  -0.017391525   0.000000000
   sum over m+mul  1.193635242  1.193635242   2.387270485   0.000000000

   32    B          Up spin      Down spin     Sum           Diff
            multiple
  s           0    0.469208187  0.469208187   0.938416374   0.000000000
   sum over m      0.469208187  0.469208187   0.938416374   0.000000000
  s           1   -0.002161717 -0.002161717  -0.004323434   0.000000000
   sum over m     -0.002161717 -0.002161717  -0.004323434   0.000000000
   sum over m+mul  0.467046470  0.467046470   0.934092939   0.000000000
  px          0    0.393782089  0.393782089   0.787564178   0.000000000
  py          0    0.393752738  0.393752738   0.787505476   0.000000000
  pz          0    0.467178406  0.467178406   0.934356812   0.000000000
   sum over m      1.254713233  1.254713233   2.509426466   0.000000000
  px          1   -0.013354251 -0.013354251  -0.026708501   0.000000000
  py          1   -0.013585237 -0.013585237  -0.027170474   0.000000000
  pz          1   -0.025497384 -0.025497384  -0.050994767   0.000000000
   sum over m     -0.052436871 -0.052436871  -0.104873742   0.000000000
   sum over m+mul  1.202276362  1.202276362   2.404552724   0.000000000
  d3z^2-r^2   0    0.014469421  0.014469421   0.028938842   0.000000000
  dx^2-y^2    0    0.018038236  0.018038236   0.036076472   0.000000000
  dxy         0    0.018023633  0.018023633   0.036047266   0.000000000
  dxz         0    0.013198312  0.013198312   0.026396625   0.000000000
  dyz         0    0.013157363  0.013157363   0.026314727   0.000000000
   sum over m      0.076886966  0.076886966   0.153773931   0.000000000
   sum over m+mul  0.076886966  0.076886966   0.153773931   0.000000000

   33    B          Up spin      Down spin     Sum           Diff
            multiple
  s           0    0.469207475  0.469207475   0.938414950   0.000000000
   sum over m      0.469207475  0.469207475   0.938414950   0.000000000
  s           1   -0.002161345 -0.002161345  -0.004322691   0.000000000
   sum over m     -0.002161345 -0.002161345  -0.004322691   0.000000000
   sum over m+mul  0.467046130  0.467046130   0.934092259   0.000000000
  px          0    0.393789629  0.393789629   0.787579259   0.000000000
  py          0    0.393747219  0.393747219   0.787494439   0.000000000
  pz          0    0.467178743  0.467178743   0.934357487   0.000000000
   sum over m      1.254715592  1.254715592   2.509431185   0.000000000
  px          1   -0.013353714 -0.013353714  -0.026707428   0.000000000
  py          1   -0.013585471 -0.013585471  -0.027170941   0.000000000
  pz          1   -0.025497764 -0.025497764  -0.050995529   0.000000000
   sum over m     -0.052436949 -0.052436949  -0.104873898   0.000000000
   sum over m+mul  1.202278643  1.202278643   2.404557286   0.000000000
  d3z^2-r^2   0    0.014469500  0.014469500   0.028939000   0.000000000
  dx^2-y^2    0    0.018038587  0.018038587   0.036077174   0.000000000
  dxy         0    0.018023834  0.018023834   0.036047669   0.000000000
  dxz         0    0.013199360  0.013199360   0.026398719   0.000000000
  dyz         0    0.013156879  0.013156879   0.026313759   0.000000000
   sum over m      0.076888160  0.076888160   0.153776321   0.000000000
   sum over m+mul  0.076888160  0.076888160   0.153776321   0.000000000

   34   Zr          Up spin      Down spin     Sum           Diff
            multiple
  s           0    1.006983574  1.006983574   2.013967148   0.000000000
   sum over m      1.006983574  1.006983574   2.013967148   0.000000000
  s           1    0.199681017  0.199681017   0.399362035   0.000000000
   sum over m      0.199681017  0.199681017   0.399362035   0.000000000
  s           2    0.008145300  0.008145300   0.016290599   0.000000000
   sum over m      0.008145300  0.008145300   0.016290599   0.000000000
   sum over m+mul  1.214809891  1.214809891   2.429619782   0.000000000
  px          0    1.011395528  1.011395528   2.022791057   0.000000000
  py          0    1.011094465  1.011094465   2.022188929   0.000000000
  pz          0    1.015271375  1.015271375   2.030542749   0.000000000
   sum over m      3.037761368  3.037761368   6.075522735   0.000000000
  px          1    0.068594557  0.068594557   0.137189115   0.000000000
  py          1    0.067581035  0.067581035   0.135162070   0.000000000
  pz          1    0.100552874  0.100552874   0.201105749   0.000000000
   sum over m      0.236728467  0.236728467   0.473456934   0.000000000
   sum over m+mul  3.274489834  3.274489834   6.548979669   0.000000000
  d3z^2-r^2   0    0.237309968  0.237309968   0.474619936   0.000000000
  dx^2-y^2    0    0.250638824  0.250638824   0.501277648   0.000000000
  dxy         0    0.253343412  0.253343412   0.506686823   0.000000000
  dxz         0    0.230398021  0.230398021   0.460796042   0.000000000
  dyz         0    0.230651475  0.230651475   0.461302949   0.000000000
   sum over m      1.202341700  1.202341700   2.404683399   0.000000000
  d3z^2-r^2   1   -0.002497547 -0.002497547  -0.004995094   0.000000000
  dx^2-y^2    1   -0.001461660 -0.001461660  -0.002923321   0.000000000
  dxy         1   -0.001256639 -0.001256639  -0.002513277   0.000000000
  dxz         1   -0.001726960 -0.001726960  -0.003453920   0.000000000
  dyz         1   -0.001753345 -0.001753345  -0.003506690   0.000000000
   sum over m     -0.008696151 -0.008696151  -0.017392302   0.000000000
   sum over m+mul  1.193645549  1.193645549   2.387291098   0.000000000

   35    B          Up spin      Down spin     Sum           Diff
            multiple
  s           0    0.469207062  0.469207062   0.938414124   0.000000000
   sum over m      0.469207062  0.469207062   0.938414124   0.000000000
  s           1   -0.002161547 -0.002161547  -0.004323093   0.000000000
   sum over m     -0.002161547 -0.002161547  -0.004323093   0.000000000
   sum over m+mul  0.467045515  0.467045515   0.934091031   0.000000000
  px          0    0.393781313  0.393781313   0.787562626   0.000000000
  py          0    0.393751149  0.393751149   0.787502298   0.000000000
  pz          0    0.467177264  0.467177264   0.934354527   0.000000000
   sum over m      1.254709725  1.254709725   2.509419450   0.000000000
  px          1   -0.013353793 -0.013353793  -0.026707586   0.000000000
  py          1   -0.013585541 -0.013585541  -0.027171082   0.000000000
  pz          1   -0.025498057 -0.025498057  -0.050996114   0.000000000
   sum over m     -0.052437391 -0.052437391  -0.104874782   0.000000000
   sum over m+mul  1.202272334  1.202272334   2.404544668   0.000000000
  d3z^2-r^2   0    0.014469127  0.014469127   0.028938253   0.000000000
  dx^2-y^2    0    0.018038545  0.018038545   0.036077090   0.000000000
  dxy         0    0.018023838  0.018023838   0.036047676   0.000000000
  dxz         0    0.013198576  0.013198576   0.026397152   0.000000000
  dyz         0    0.013157300  0.013157300   0.026314600   0.000000000
   sum over m      0.076887385  0.076887385   0.153774771   0.000000000
   sum over m+mul  0.076887385  0.076887385   0.153774771   0.000000000

   36    B          Up spin      Down spin     Sum           Diff
            multiple
  s           0    0.469208396  0.469208396   0.938416792   0.000000000
   sum over m      0.469208396  0.469208396   0.938416792   0.000000000
  s           1   -0.002161375 -0.002161375  -0.004322751   0.000000000
   sum over m     -0.002161375 -0.002161375  -0.004322751   0.000000000
   sum over m+mul  0.467047021  0.467047021   0.934094042   0.000000000
  px          0    0.393788881  0.393788881   0.787577763   0.000000000
  py          0    0.393746645  0.393746645   0.787493290   0.000000000
  pz          0    0.467178939  0.467178939   0.934357877   0.000000000
   sum over m      1.254714465  1.254714465   2.509428930   0.000000000
  px          1   -0.013353598 -0.013353598  -0.026707196   0.000000000
  py          1   -0.013585919 -0.013585919  -0.027171838   0.000000000
  pz          1   -0.025497646 -0.025497646  -0.050995293   0.000000000
   sum over m     -0.052437163 -0.052437163  -0.104874327   0.000000000
   sum over m+mul  1.202277302  1.202277302   2.404554604   0.000000000
  d3z^2-r^2   0    0.014469508  0.014469508   0.028939016   0.000000000
  dx^2-y^2    0    0.018038408  0.018038408   0.036076815   0.000000000
  dxy         0    0.018023784  0.018023784   0.036047567   0.000000000
  dxz         0    0.013199288  0.013199288   0.026398576   0.000000000
  dyz         0    0.013156726  0.013156726   0.026313452   0.000000000
   sum over m      0.076887713  0.076887713   0.153775427   0.000000000
   sum over m+mul  0.076887713  0.076887713   0.153775427   0.000000000

   37   Zr          Up spin      Down spin     Sum           Diff
            multiple
  s           0    1.006992926  1.006992926   2.013985851   0.000000000
   sum over m      1.006992926  1.006992926   2.013985851   0.000000000
  s           1    0.199238652  0.199238652   0.398477303   0.000000000
   sum over m      0.199238652  0.199238652   0.398477303   0.000000000
  s           2    0.008046489  0.008046489   0.016092979   0.000000000
   sum over m      0.008046489  0.008046489   0.016092979   0.000000000
   sum over m+mul  1.214278067  1.214278067   2.428556133   0.000000000
  px          0    1.011327112  1.011327112   2.022654225   0.000000000
  py          0    1.011023740  1.011023740   2.022047481   0.000000000
  pz          0    1.015188456  1.015188456   2.030376912   0.000000000
   sum over m      3.037539309  3.037539309   6.075078617   0.000000000
  px          1    0.068088447  0.068088447   0.136176894   0.000000000
  py          1    0.067080981  0.067080981   0.134161962   0.000000000
  pz          1    0.100616404  0.100616404   0.201232807   0.000000000
   sum over m      0.235785831  0.235785831   0.471571663   0.000000000
   sum over m+mul  3.273325140  3.273325140   6.546650280   0.000000000
  d3z^2-r^2   0    0.222677887  0.222677887   0.445355774   0.000000000
  dx^2-y^2    0    0.247241794  0.247241794   0.494483588   0.000000000
  dxy         0    0.249915668  0.249915668   0.499831336   0.000000000
  dxz         0    0.233413825  0.233413825   0.466827649   0.000000000
  dyz         0    0.233806441  0.233806441   0.467612883   0.000000000
   sum over m      1.187055615  1.187055615   2.374111230   0.000000000
  d3z^2-r^2   1   -0.003000231 -0.003000231  -0.006000462   0.000000000
  dx^2-y^2    1   -0.001523407 -0.001523407  -0.003046814   0.000000000
  dxy         1   -0.001317366 -0.001317366  -0.002634733   0.000000000
  dxz         1   -0.001677723 -0.001677723  -0.003355445   0.000000000
  dyz         1   -0.001705421 -0.001705421  -0.003410841   0.000000000
   sum over m     -0.009224147 -0.009224147  -0.018448295   0.000000000
   sum over m+mul  1.177831468  1.177831468   2.355662935   0.000000000

   38    B          Up spin      Down spin     Sum           Diff
            multiple
  s           0    0.469208861  0.469208861   0.938417721   0.000000000
   sum over m      0.469208861  0.469208861   0.938417721   0.000000000
  s           1   -0.002161437 -0.002161437  -0.004322873   0.000000000
   sum over m     -0.002161437 -0.002161437  -0.004322873   0.000000000
   sum over m+mul  0.467047424  0.467047424   0.934094848   0.000000000
  px          0    0.393781901  0.393781901   0.787563802   0.000000000
  py          0    0.393753093  0.393753093   0.787506185   0.000000000
  pz          0    0.467179011  0.467179011   0.934358021   0.000000000
   sum over m      1.254714004  1.254714004   2.509428008   0.000000000
  px          1   -0.013354223 -0.013354223  -0.026708446   0.000000000
  py          1   -0.013585624 -0.013585624  -0.027171249   0.000000000
  pz          1   -0.025497674 -0.025497674  -0.050995349   0.000000000
   sum over m     -0.052437522 -0.052437522  -0.104875043   0.000000000
   sum over m+mul  1.202276483  1.202276483   2.404552965   0.000000000
  d3z^2-r^2   0    0.014469557  0.014469557   0.028939113   0.000000000
  dx^2-y^2    0    0.018038279  0.018038279   0.036076559   0.000000000
  dxy         0    0.018024000  0.018024000   0.036048000   0.000000000
  dxz         0    0.013198599  0.013198599   0.026397197   0.000000000
  dyz         0    0.013157405  0.013157405   0.026314810   0.000000000
   sum over m      0.076887840  0.076887840   0.153775679   0.000000000
   sum over m+mul  0.076887840  0.076887840   0.153775679   0.000000000

   39    B          Up spin      Down spin     Sum           Diff
            multiple
  s           0    0.469207185  0.469207185   0.938414371   0.000000000
   sum over m      0.469207185  0.469207185   0.938414371   0.000000000
  s           1   -0.002161669 -0.002161669  -0.004323338   0.000000000
   sum over m     -0.002161669 -0.002161669  -0.004323338   0.000000000
   sum over m+mul  0.467045516  0.467045516   0.934091033   0.000000000
  px          0    0.393787982  0.393787982   0.787575964   0.000000000
  py          0    0.393745288  0.393745288   0.787490576   0.000000000
  pz          0    0.467178062  0.467178062   0.934356124   0.000000000
   sum over m      1.254711332  1.254711332   2.509422664   0.000000000
  px          1   -0.013354034 -0.013354034  -0.026708067   0.000000000
  py          1   -0.013585392 -0.013585392  -0.027170783   0.000000000
  pz          1   -0.025497857 -0.025497857  -0.050995713   0.000000000
   sum over m     -0.052437282 -0.052437282  -0.104874564   0.000000000
   sum over m+mul  1.202274050  1.202274050   2.404548101   0.000000000
  d3z^2-r^2   0    0.014469142  0.014469142   0.028938284   0.000000000
  dx^2-y^2    0    0.018038515  0.018038515   0.036077030   0.000000000
  dxy         0    0.018024005  0.018024005   0.036048010   0.000000000
  dxz         0    0.013199110  0.013199110   0.026398220   0.000000000
  dyz         0    0.013156847  0.013156847   0.026313694   0.000000000
   sum over m      0.076887619  0.076887619   0.153775237   0.000000000
   sum over m+mul  0.076887619  0.076887619   0.153775237   0.000000000

   40   Zr          Up spin      Down spin     Sum           Diff
            multiple
  s           0    1.006992815  1.006992815   2.013985631   0.000000000
   sum over m      1.006992815  1.006992815   2.013985631   0.000000000
  s           1    0.199239335  0.199239335   0.398478670   0.000000000
   sum over m      0.199239335  0.199239335   0.398478670   0.000000000
  s           2    0.008046617  0.008046617   0.016093234   0.000000000
   sum over m      0.008046617  0.008046617   0.016093234   0.000000000
   sum over m+mul  1.214278768  1.214278768   2.428557535   0.000000000
  px          0    1.011327018  1.011327018   2.022654037   0.000000000
  py          0    1.011023859  1.011023859   2.022047718   0.000000000
  pz          0    1.015188754  1.015188754   2.030377508   0.000000000
   sum over m      3.037539631  3.037539631   6.075079262   0.000000000
  px          1    0.068087753  0.068087753   0.136175505   0.000000000
  py          1    0.067082260  0.067082260   0.134164519   0.000000000
  pz          1    0.100617047  0.100617047   0.201234094   0.000000000
   sum over m      0.235787060  0.235787060   0.471574119   0.000000000
   sum over m+mul  3.273326691  3.273326691   6.546653381   0.000000000
  d3z^2-r^2   0    0.222677435  0.222677435   0.445354869   0.000000000
  dx^2-y^2    0    0.247244336  0.247244336   0.494488671   0.000000000
  dxy         0    0.249915426  0.249915426   0.499830852   0.000000000
  dxz         0    0.233413212  0.233413212   0.466826425   0.000000000
  dyz         0    0.233809035  0.233809035   0.467618069   0.000000000
   sum over m      1.187059444  1.187059444   2.374118887   0.000000000
  d3z^2-r^2   1   -0.003000430 -0.003000430  -0.006000860   0.000000000
  dx^2-y^2    1   -0.001523350 -0.001523350  -0.003046701   0.000000000
  dxy         1   -0.001317373 -0.001317373  -0.002634747   0.000000000
  dxz         1   -0.001677735 -0.001677735  -0.003355469   0.000000000
  dyz         1   -0.001705136 -0.001705136  -0.003410272   0.000000000
   sum over m     -0.009224025 -0.009224025  -0.018448050   0.000000000
   sum over m+mul  1.177835419  1.177835419   2.355670837   0.000000000

   41    B          Up spin      Down spin     Sum           Diff
            multiple
  s           0    0.469208023  0.469208023   0.938416047   0.000000000
   sum over m      0.469208023  0.469208023   0.938416047   0.000000000
  s           1   -0.002161393 -0.002161393  -0.004322786   0.000000000
   sum over m     -0.002161393 -0.002161393  -0.004322786   0.000000000
   sum over m+mul  0.467046631  0.467046631   0.934093261   0.000000000
  px          0    0.393783060  0.393783060   0.787566120   0.000000000
  py          0    0.393753984  0.393753984   0.787507969   0.000000000
  pz          0    0.467179336  0.467179336   0.934358673   0.000000000
   sum over m      1.254716381  1.254716381   2.509432762   0.000000000
  px          1   -0.013353844 -0.013353844  -0.026707689   0.000000000
  py          1   -0.013585157 -0.013585157  -0.027170313   0.000000000
  pz          1   -0.025497724 -0.025497724  -0.050995447   0.000000000
   sum over m     -0.052436725 -0.052436725  -0.104873449   0.000000000
   sum over m+mul  1.202279656  1.202279656   2.404559313   0.000000000
  d3z^2-r^2   0    0.014469649  0.014469649   0.028939299   0.000000000
  dx^2-y^2    0    0.018038650  0.018038650   0.036077300   0.000000000
  dxy         0    0.018024015  0.018024015   0.036048030   0.000000000
  dxz         0    0.013198806  0.013198806   0.026397612   0.000000000
  dyz         0    0.013157537  0.013157537   0.026315074   0.000000000
   sum over m      0.076888657  0.076888657   0.153777314   0.000000000
   sum over m+mul  0.076888657  0.076888657   0.153777314   0.000000000

   42    B          Up spin      Down spin     Sum           Diff
            multiple
  s           0    0.469208506  0.469208506   0.938417012   0.000000000
   sum over m      0.469208506  0.469208506   0.938417012   0.000000000
  s           1   -0.002161674 -0.002161674  -0.004323349   0.000000000
   sum over m     -0.002161674 -0.002161674  -0.004323349   0.000000000
   sum over m+mul  0.467046832  0.467046832   0.934093664   0.000000000
  px          0    0.393789271  0.393789271   0.787578542   0.000000000
  py          0    0.393746070  0.393746070   0.787492139   0.000000000
  pz          0    0.467178966  0.467178966   0.934357932   0.000000000
   sum over m      1.254714307  1.254714307   2.509428613   0.000000000
  px          1   -0.013354139 -0.013354139  -0.026708278   0.000000000
  py          1   -0.013585477 -0.013585477  -0.027170955   0.000000000
  pz          1   -0.025497602 -0.025497602  -0.050995204   0.000000000
   sum over m     -0.052437218 -0.052437218  -0.104874436   0.000000000
   sum over m+mul  1.202277089  1.202277089   2.404554177   0.000000000
  d3z^2-r^2   0    0.014469324  0.014469324   0.028938648   0.000000000
  dx^2-y^2    0    0.018038333  0.018038333   0.036076666   0.000000000
  dxy         0    0.018023643  0.018023643   0.036047285   0.000000000
  dxz         0    0.013198942  0.013198942   0.026397885   0.000000000
  dyz         0    0.013156776  0.013156776   0.026313552   0.000000000
   sum over m      0.076887018  0.076887018   0.153774036   0.000000000
   sum over m+mul  0.076887018  0.076887018   0.153774036   0.000000000

   43   Zr          Up spin      Down spin     Sum           Diff
            multiple
  s           0    1.006992942  1.006992942   2.013985884   0.000000000
   sum over m      1.006992942  1.006992942   2.013985884   0.000000000
  s           1    0.199239664  0.199239664   0.398479328   0.000000000
   sum over m      0.199239664  0.199239664   0.398479328   0.000000000
  s           2    0.008046648  0.008046648   0.016093296   0.000000000
   sum over m      0.008046648  0.008046648   0.016093296   0.000000000
   sum over m+mul  1.214279254  1.214279254   2.428558508   0.000000000
  px          0    1.011327008  1.011327008   2.022654015   0.000000000
  py          0    1.011023676  1.011023676   2.022047351   0.000000000
  pz          0    1.015188819  1.015188819   2.030377637   0.000000000
   sum over m      3.037539502  3.037539502   6.075079004   0.000000000
  px          1    0.068088351  0.068088351   0.136176702   0.000000000
  py          1    0.067081672  0.067081672   0.134163344   0.000000000
  pz          1    0.100618012  0.100618012   0.201236025   0.000000000
   sum over m      0.235788035  0.235788035   0.471576071   0.000000000
   sum over m+mul  3.273327537  3.273327537   6.546655075   0.000000000
  d3z^2-r^2   0    0.222672677  0.222672677   0.445345355   0.000000000
  dx^2-y^2    0    0.247245869  0.247245869   0.494491738   0.000000000
  dxy         0    0.249918824  0.249918824   0.499837648   0.000000000
  dxz         0    0.233415475  0.233415475   0.466830950   0.000000000
  dyz         0    0.233808259  0.233808259   0.467616519   0.000000000
   sum over m      1.187061105  1.187061105   2.374122209   0.000000000
  d3z^2-r^2   1   -0.003000571 -0.003000571  -0.006001142   0.000000000
  dx^2-y^2    1   -0.001523311 -0.001523311  -0.003046622   0.000000000
  dxy         1   -0.001317364 -0.001317364  -0.002634728   0.000000000
  dxz         1   -0.001677452 -0.001677452  -0.003354905   0.000000000
  dyz         1   -0.001705161 -0.001705161  -0.003410322   0.000000000
   sum over m     -0.009223860 -0.009223860  -0.018447719   0.000000000
   sum over m+mul  1.177837245  1.177837245   2.355674490   0.000000000

   44    B          Up spin      Down spin     Sum           Diff
            multiple
  s           0    0.469208901  0.469208901   0.938417803   0.000000000
   sum over m      0.469208901  0.469208901   0.938417803   0.000000000
  s           1   -0.002161558 -0.002161558  -0.004323116   0.000000000
   sum over m     -0.002161558 -0.002161558  -0.004323116   0.000000000
   sum over m+mul  0.467047343  0.467047343   0.934094687   0.000000000
  px          0    0.393781780  0.393781780   0.787563560   0.000000000
  py          0    0.393752809  0.393752809   0.787505618   0.000000000
  pz          0    0.467178310  0.467178310   0.934356620   0.000000000
   sum over m      1.254712899  1.254712899   2.509425798   0.000000000
  px          1   -0.013354317 -0.013354317  -0.026708634   0.000000000
  py          1   -0.013585176 -0.013585176  -0.027170353   0.000000000
  pz          1   -0.025497652 -0.025497652  -0.050995305   0.000000000
   sum over m     -0.052437146 -0.052437146  -0.104874291   0.000000000
   sum over m+mul  1.202275753  1.202275753   2.404551506   0.000000000
  d3z^2-r^2   0    0.014469380  0.014469380   0.028938759   0.000000000
  dx^2-y^2    0    0.018038199  0.018038199   0.036076398   0.000000000
  dxy         0    0.018023587  0.018023587   0.036047174   0.000000000
  dxz         0    0.013198281  0.013198281   0.026396562   0.000000000
  dyz         0    0.013157350  0.013157350   0.026314700   0.000000000
   sum over m      0.076886797  0.076886797   0.153773593   0.000000000
   sum over m+mul  0.076886797  0.076886797   0.153773593   0.000000000

   45    B          Up spin      Down spin     Sum           Diff
            multiple
  s           0    0.469208388  0.469208388   0.938416777   0.000000000
   sum over m      0.469208388  0.469208388   0.938416777   0.000000000
  s           1   -0.002161363 -0.002161363  -0.004322726   0.000000000
   sum over m     -0.002161363 -0.002161363  -0.004322726   0.000000000
   sum over m+mul  0.467047026  0.467047026   0.934094051   0.000000000
  px          0    0.393789766  0.393789766   0.787579532   0.000000000
  py          0    0.393747180  0.393747180   0.787494360   0.000000000
  pz          0    0.467178951  0.467178951   0.934357902   0.000000000
   sum over m      1.254715897  1.254715897   2.509431794   0.000000000
  px          1   -0.013353610 -0.013353610  -0.026707220   0.000000000
  py          1   -0.013585413 -0.013585413  -0.027170826   0.000000000
  pz          1   -0.025497585 -0.025497585  -0.050995171   0.000000000
   sum over m     -0.052436608 -0.052436608  -0.104873217   0.000000000
   sum over m+mul  1.202279289  1.202279289   2.404558578   0.000000000
  d3z^2-r^2   0    0.014469479  0.014469479   0.028938958   0.000000000
  dx^2-y^2    0    0.018038549  0.018038549   0.036077099   0.000000000
  dxy         0    0.018023798  0.018023798   0.036047595   0.000000000
  dxz         0    0.013199359  0.013199359   0.026398717   0.000000000
  dyz         0    0.013156854  0.013156854   0.026313707   0.000000000
   sum over m      0.076888038  0.076888038   0.153776076   0.000000000
   sum over m+mul  0.076888038  0.076888038   0.153776076   0.000000000

   46   Zr          Up spin      Down spin     Sum           Diff
            multiple
  s           0    1.006992857  1.006992857   2.013985714   0.000000000
   sum over m      1.006992857  1.006992857   2.013985714   0.000000000
  s           1    0.199239964  0.199239964   0.398479928   0.000000000
   sum over m      0.199239964  0.199239964   0.398479928   0.000000000
  s           2    0.008046818  0.008046818   0.016093637   0.000000000
   sum over m      0.008046818  0.008046818   0.016093637   0.000000000
   sum over m+mul  1.214279640  1.214279640   2.428559279   0.000000000
  px          0    1.011327025  1.011327025   2.022654049   0.000000000
  py          0    1.011023713  1.011023713   2.022047425   0.000000000
  pz          0    1.015189133  1.015189133   2.030378267   0.000000000
   sum over m      3.037539871  3.037539871   6.075079741   0.000000000
  px          1    0.068089193  0.068089193   0.136178385   0.000000000
  py          1    0.067081327  0.067081327   0.134162655   0.000000000
  pz          1    0.100618366  0.100618366   0.201236732   0.000000000
   sum over m      0.235788886  0.235788886   0.471577771   0.000000000
   sum over m+mul  3.273328756  3.273328756   6.546657513   0.000000000
  d3z^2-r^2   0    0.222677468  0.222677468   0.445354937   0.000000000
  dx^2-y^2    0    0.247244349  0.247244349   0.494488697   0.000000000
  dxy         0    0.249917849  0.249917849   0.499835699   0.000000000
  dxz         0    0.233416944  0.233416944   0.466833887   0.000000000
  dyz         0    0.233807022  0.233807022   0.467614043   0.000000000
   sum over m      1.187063632  1.187063632   2.374127263   0.000000000
  d3z^2-r^2   1   -0.003000377 -0.003000377  -0.006000754   0.000000000
  dx^2-y^2    1   -0.001523316 -0.001523316  -0.003046632   0.000000000
  dxy         1   -0.001317321 -0.001317321  -0.002634642   0.000000000
  dxz         1   -0.001677438 -0.001677438  -0.003354877   0.000000000
  dyz         1   -0.001705262 -0.001705262  -0.003410525   0.000000000
   sum over m     -0.009223714 -0.009223714  -0.018447429   0.000000000
   sum over m+mul  1.177839917  1.177839917   2.355679834   0.000000000

   47    B          Up spin      Down spin     Sum           Diff
            multiple
  s           0    0.469207556  0.469207556   0.938415112   0.000000000
   sum over m      0.469207556  0.469207556   0.938415112   0.000000000
  s           1   -0.002161668 -0.002161668  -0.004323336   0.000000000
   sum over m     -0.002161668 -0.002161668  -0.004323336   0.000000000
   sum over m+mul  0.467045888  0.467045888   0.934091776   0.000000000
  px          0    0.393780683  0.393780683   0.787561366   0.000000000
  py          0    0.393751040  0.393751040   0.787502080   0.000000000
  pz          0    0.467177362  0.467177362   0.934354724   0.000000000
   sum over m      1.254709085  1.254709085   2.509418170   0.000000000
  px          1   -0.013353929 -0.013353929  -0.026707858   0.000000000
  py          1   -0.013585730 -0.013585730  -0.027171459   0.000000000
  pz          1   -0.025498052 -0.025498052  -0.050996104   0.000000000
   sum over m     -0.052437710 -0.052437710  -0.104875420   0.000000000
   sum over m+mul  1.202271375  1.202271375   2.404542749   0.000000000
  d3z^2-r^2   0    0.014469092  0.014469092   0.028938185   0.000000000
  dx^2-y^2    0    0.018038511  0.018038511   0.036077021   0.000000000
  dxy         0    0.018023797  0.018023797   0.036047595   0.000000000
  dxz         0    0.013198542  0.013198542   0.026397083   0.000000000
  dyz         0    0.013157299  0.013157299   0.026314598   0.000000000
   sum over m      0.076887241  0.076887241   0.153774483   0.000000000
   sum over m+mul  0.076887241  0.076887241   0.153774483   0.000000000

   48    B          Up spin      Down spin     Sum           Diff
            multiple
  s           0    0.469208727  0.469208727   0.938417454   0.000000000
   sum over m      0.469208727  0.469208727   0.938417454   0.000000000
  s           1   -0.002161515 -0.002161515  -0.004323031   0.000000000
   sum over m     -0.002161515 -0.002161515  -0.004323031   0.000000000
   sum over m+mul  0.467047212  0.467047212   0.934094423   0.000000000
  px          0    0.393788658  0.393788658   0.787577316   0.000000000
  py          0    0.393746448  0.393746448   0.787492896   0.000000000
  pz          0    0.467179009  0.467179009   0.934358019   0.000000000
   sum over m      1.254714115  1.254714115   2.509428230   0.000000000
  px          1   -0.013353912 -0.013353912  -0.026707823   0.000000000
  py          1   -0.013586100 -0.013586100  -0.027172200   0.000000000
  pz          1   -0.025497841 -0.025497841  -0.050995682   0.000000000
   sum over m     -0.052437853 -0.052437853  -0.104875706   0.000000000
   sum over m+mul  1.202276262  1.202276262   2.404552525   0.000000000
  d3z^2-r^2   0    0.014469460  0.014469460   0.028938920   0.000000000
  dx^2-y^2    0    0.018038374  0.018038374   0.036076748   0.000000000
  dxy         0    0.018023756  0.018023756   0.036047511   0.000000000
  dxz         0    0.013199287  0.013199287   0.026398575   0.000000000
  dyz         0    0.013156696  0.013156696   0.026313392   0.000000000
   sum over m      0.076887573  0.076887573   0.153775145   0.000000000
   sum over m+mul  0.076887573  0.076887573   0.153775145   0.000000000

   49   Zr          Up spin      Down spin     Sum           Diff
            multiple
  s           0    1.006983907  1.006983907   2.013967814   0.000000000
   sum over m      1.006983907  1.006983907   2.013967814   0.000000000
  s           1    0.199679200  0.199679200   0.399358399   0.000000000
   sum over m      0.199679200  0.199679200   0.399358399   0.000000000
  s           2    0.008145254  0.008145254   0.016290507   0.000000000
   sum over m      0.008145254  0.008145254   0.016290507   0.000000000
   sum over m+mul  1.214808360  1.214808360   2.429616720   0.000000000
  px          0    1.011395072  1.011395072   2.022790145   0.000000000
  py          0    1.011092806  1.011092806   2.022185611   0.000000000
  pz          0    1.015270943  1.015270943   2.030541885   0.000000000
   sum over m      3.037758821  3.037758821   6.075517641   0.000000000
  px          1    0.068593908  0.068593908   0.137187816   0.000000000
  py          1    0.067581410  0.067581410   0.135162821   0.000000000
  pz          1    0.100550687  0.100550687   0.201101374   0.000000000
   sum over m      0.236726005  0.236726005   0.473452010   0.000000000
   sum over m+mul  3.274484826  3.274484826   6.548969652   0.000000000
  d3z^2-r^2   0    0.237310029  0.237310029   0.474620059   0.000000000
  dx^2-y^2    0    0.250636467  0.250636467   0.501272934   0.000000000
  dxy         0    0.253341373  0.253341373   0.506682745   0.000000000
  dxz         0    0.230394967  0.230394967   0.460789935   0.000000000
  dyz         0    0.230651423  0.230651423   0.461302845   0.000000000
   sum over m      1.202334259  1.202334259   2.404668517   0.000000000
  d3z^2-r^2   1   -0.002497190 -0.002497190  -0.004994381   0.000000000
  dx^2-y^2    1   -0.001461704 -0.001461704  -0.002923408   0.000000000
  dxy         1   -0.001256411 -0.001256411  -0.002512822   0.000000000
  dxz         1   -0.001727311 -0.001727311  -0.003454621   0.000000000
  dyz         1   -0.001753517 -0.001753517  -0.003507033   0.000000000
   sum over m     -0.008696133 -0.008696133  -0.017392266   0.000000000
   sum over m+mul  1.193638126  1.193638126   2.387276251   0.000000000

   50    B          Up spin      Down spin     Sum           Diff
            multiple
  s           0    0.470808009  0.470808009   0.941616019   0.000000000
   sum over m      0.470808009  0.470808009   0.941616019   0.000000000
  s           1   -0.002357326 -0.002357326  -0.004714653   0.000000000
   sum over m     -0.002357326 -0.002357326  -0.004714653   0.000000000
   sum over m+mul  0.468450683  0.468450683   0.936901366   0.000000000
  px          0    0.395640058  0.395640058   0.791280117   0.000000000
  py          0    0.395586630  0.395586630   0.791173260   0.000000000
  pz          0    0.464862176  0.464862176   0.929724352   0.000000000
   sum over m      1.256088865  1.256088865   2.512177729   0.000000000
  px          1   -0.013767364 -0.013767364  -0.027534728   0.000000000
  py          1   -0.014000292 -0.014000292  -0.028000583   0.000000000
  pz          1   -0.025398726 -0.025398726  -0.050797453   0.000000000
   sum over m     -0.053166382 -0.053166382  -0.106332764   0.000000000
   sum over m+mul  1.202922483  1.202922483   2.405844965   0.000000000
  d3z^2-r^2   0    0.015023677  0.015023677   0.030047353   0.000000000
  dx^2-y^2    0    0.018638119  0.018638119   0.037276239   0.000000000
  dxy         0    0.018626407  0.018626407   0.037252813   0.000000000
  dxz         0    0.012983062  0.012983062   0.025966124   0.000000000
  dyz         0    0.012941529  0.012941529   0.025883059   0.000000000
   sum over m      0.078212794  0.078212794   0.156425588   0.000000000
   sum over m+mul  0.078212794  0.078212794   0.156425588   0.000000000

   51    B          Up spin      Down spin     Sum           Diff
            multiple
  s           0    0.470804137  0.470804137   0.941608274   0.000000000
   sum over m      0.470804137  0.470804137   0.941608274   0.000000000
  s           1   -0.002357030 -0.002357030  -0.004714060   0.000000000
   sum over m     -0.002357030 -0.002357030  -0.004714060   0.000000000
   sum over m+mul  0.468447107  0.468447107   0.936894214   0.000000000
  px          0    0.395641622  0.395641622   0.791283245   0.000000000
  py          0    0.395583693  0.395583693   0.791167385   0.000000000
  pz          0    0.464859560  0.464859560   0.929719120   0.000000000
   sum over m      1.256084875  1.256084875   2.512169750   0.000000000
  px          1   -0.013766711 -0.013766711  -0.027533423   0.000000000
  py          1   -0.014000293 -0.014000293  -0.028000585   0.000000000
  pz          1   -0.025399572 -0.025399572  -0.050799144   0.000000000
   sum over m     -0.053166576 -0.053166576  -0.106333153   0.000000000
   sum over m+mul  1.202918299  1.202918299   2.405836598   0.000000000
  d3z^2-r^2   0    0.015022748  0.015022748   0.030045496   0.000000000
  dx^2-y^2    0    0.018638767  0.018638767   0.037277534   0.000000000
  dxy         0    0.018626612  0.018626612   0.037253224   0.000000000
  dxz         0    0.012983478  0.012983478   0.025966956   0.000000000
  dyz         0    0.012941462  0.012941462   0.025882924   0.000000000
   sum over m      0.078213067  0.078213067   0.156426134   0.000000000
   sum over m+mul  0.078213067  0.078213067   0.156426134   0.000000000

   52   Zr          Up spin      Down spin     Sum           Diff
            multiple
  s           0    1.006984070  1.006984070   2.013968140   0.000000000
   sum over m      1.006984070  1.006984070   2.013968140   0.000000000
  s           1    0.199679604  0.199679604   0.399359207   0.000000000
   sum over m      0.199679604  0.199679604   0.399359207   0.000000000
  s           2    0.008145371  0.008145371   0.016290743   0.000000000
   sum over m      0.008145371  0.008145371   0.016290743   0.000000000
   sum over m+mul  1.214809045  1.214809045   2.429618090   0.000000000
  px          0    1.011394671  1.011394671   2.022789342   0.000000000
  py          0    1.011092943  1.011092943   2.022185886   0.000000000
  pz          0    1.015271057  1.015271057   2.030542114   0.000000000
   sum over m      3.037758671  3.037758671   6.075517342   0.000000000
  px          1    0.068592556  0.068592556   0.137185111   0.000000000
  py          1    0.067583281  0.067583281   0.135166562   0.000000000
  pz          1    0.100551776  0.100551776   0.201103552   0.000000000
   sum over m      0.236727613  0.236727613   0.473455225   0.000000000
   sum over m+mul  3.274486283  3.274486283   6.548972567   0.000000000
  d3z^2-r^2   0    0.237310361  0.237310361   0.474620722   0.000000000
  dx^2-y^2    0    0.250639064  0.250639064   0.501278128   0.000000000
  dxy         0    0.253340878  0.253340878   0.506681755   0.000000000
  dxz         0    0.230393547  0.230393547   0.460787094   0.000000000
  dyz         0    0.230654493  0.230654493   0.461308987   0.000000000
   sum over m      1.202338343  1.202338343   2.404676686   0.000000000
  d3z^2-r^2   1   -0.002497316 -0.002497316  -0.004994631   0.000000000
  dx^2-y^2    1   -0.001461520 -0.001461520  -0.002923040   0.000000000
  dxy         1   -0.001256610 -0.001256610  -0.002513220   0.000000000
  dxz         1   -0.001727323 -0.001727323  -0.003454647   0.000000000
  dyz         1   -0.001753267 -0.001753267  -0.003506533   0.000000000
   sum over m     -0.008696036 -0.008696036  -0.017392072   0.000000000
   sum over m+mul  1.193642307  1.193642307   2.387284615   0.000000000

   53    B          Up spin      Down spin     Sum           Diff
            multiple
  s           0    0.470808297  0.470808297   0.941616594   0.000000000
   sum over m      0.470808297  0.470808297   0.941616594   0.000000000
  s           1   -0.002357019 -0.002357019  -0.004714038   0.000000000
   sum over m     -0.002357019 -0.002357019  -0.004714038   0.000000000
   sum over m+mul  0.468451278  0.468451278   0.936902555   0.000000000
  px          0    0.395640310  0.395640310   0.791280619   0.000000000
  py          0    0.395587194  0.395587194   0.791174387   0.000000000
  pz          0    0.464862795  0.464862795   0.929725589   0.000000000
   sum over m      1.256090298  1.256090298   2.512180596   0.000000000
  px          1   -0.013767077 -0.013767077  -0.027534155   0.000000000
  py          1   -0.014000706 -0.014000706  -0.028001411   0.000000000
  pz          1   -0.025398680 -0.025398680  -0.050797360   0.000000000
   sum over m     -0.053166463 -0.053166463  -0.106332926   0.000000000
   sum over m+mul  1.202923835  1.202923835   2.405847670   0.000000000
  d3z^2-r^2   0    0.015023777  0.015023777   0.030047554   0.000000000
  dx^2-y^2    0    0.018638789  0.018638789   0.037277578   0.000000000
  dxy         0    0.018626241  0.018626241   0.037252483   0.000000000
  dxz         0    0.012983420  0.012983420   0.025966840   0.000000000
  dyz         0    0.012941524  0.012941524   0.025883047   0.000000000
   sum over m      0.078213752  0.078213752   0.156427503   0.000000000
   sum over m+mul  0.078213752  0.078213752   0.156427503   0.000000000

   54    B          Up spin      Down spin     Sum           Diff
            multiple
  s           0    0.470808056  0.470808056   0.941616111   0.000000000
   sum over m      0.470808056  0.470808056   0.941616111   0.000000000
  s           1   -0.002357456 -0.002357456  -0.004714911   0.000000000
   sum over m     -0.002357456 -0.002357456  -0.004714911   0.000000000
   sum over m+mul  0.468450600  0.468450600   0.936901200   0.000000000
  px          0    0.395641569  0.395641569   0.791283138   0.000000000
  py          0    0.395583701  0.395583701   0.791167402   0.000000000
  pz          0    0.464862475  0.464862475   0.929724951   0.000000000
   sum over m      1.256087745  1.256087745   2.512175491   0.000000000
  px          1   -0.013767082 -0.013767082  -0.027534165   0.000000000
  py          1   -0.014000844 -0.014000844  -0.028001688   0.000000000
  pz          1   -0.025398469 -0.025398469  -0.050796937   0.000000000
   sum over m     -0.053166395 -0.053166395  -0.106332790   0.000000000
   sum over m+mul  1.202921351  1.202921351   2.405842701   0.000000000
  d3z^2-r^2   0    0.015023705  0.015023705   0.030047410   0.000000000
  dx^2-y^2    0    0.018638549  0.018638549   0.037277097   0.000000000
  dxy         0    0.018626002  0.018626002   0.037252004   0.000000000
  dxz         0    0.012983302  0.012983302   0.025966604   0.000000000
  dyz         0    0.012941209  0.012941209   0.025882419   0.000000000
   sum over m      0.078212767  0.078212767   0.156425533   0.000000000
   sum over m+mul  0.078212767  0.078212767   0.156425533   0.000000000

   55   Zr          Up spin      Down spin     Sum           Diff
            multiple
  s           0    1.006984007  1.006984007   2.013968014   0.000000000
   sum over m      1.006984007  1.006984007   2.013968014   0.000000000
  s           1    0.199679533  0.199679533   0.399359066   0.000000000
   sum over m      0.199679533  0.199679533   0.399359066   0.000000000
  s           2    0.008145275  0.008145275   0.016290550   0.000000000
   sum over m      0.008145275  0.008145275   0.016290550   0.000000000
   sum over m+mul  1.214808815  1.214808815   2.429617630   0.000000000
  px          0    1.011394700  1.011394700   2.022789400   0.000000000
  py          0    1.011092683  1.011092683   2.022185366   0.000000000
  pz          0    1.015270890  1.015270890   2.030541781   0.000000000
   sum over m      3.037758273  3.037758273   6.075516547   0.000000000
  px          1    0.068592622  0.068592622   0.137185245   0.000000000
  py          1    0.067581057  0.067581057   0.135162114   0.000000000
  pz          1    0.100551790  0.100551790   0.201103579   0.000000000
   sum over m      0.236725469  0.236725469   0.473450939   0.000000000
   sum over m+mul  3.274483743  3.274483743   6.548967486   0.000000000
  d3z^2-r^2   0    0.237304040  0.237304040   0.474608079   0.000000000
  dx^2-y^2    0    0.250639435  0.250639435   0.501278870   0.000000000
  dxy         0    0.253343128  0.253343128   0.506686255   0.000000000
  dxz         0    0.230393836  0.230393836   0.460787673   0.000000000
  dyz         0    0.230650489  0.230650489   0.461300978   0.000000000
   sum over m      1.202330928  1.202330928   2.404661856   0.000000000
  d3z^2-r^2   1   -0.002497466 -0.002497466  -0.004994931   0.000000000
  dx^2-y^2    1   -0.001461424 -0.001461424  -0.002922847   0.000000000
  dxy         1   -0.001256264 -0.001256264  -0.002512529   0.000000000
  dxz         1   -0.001727091 -0.001727091  -0.003454182   0.000000000
  dyz         1   -0.001753339 -0.001753339  -0.003506678   0.000000000
   sum over m     -0.008695584 -0.008695584  -0.017391168   0.000000000
   sum over m+mul  1.193635344  1.193635344   2.387270688   0.000000000

   56    B          Up spin      Down spin     Sum           Diff
            multiple
  s           0    0.470807299  0.470807299   0.941614598   0.000000000
   sum over m      0.470807299  0.470807299   0.941614598   0.000000000
  s           1   -0.002357265 -0.002357265  -0.004714529   0.000000000
   sum over m     -0.002357265 -0.002357265  -0.004714529   0.000000000
   sum over m+mul  0.468450034  0.468450034   0.936900068   0.000000000
  px          0    0.395639097  0.395639097   0.791278194   0.000000000
  py          0    0.395586938  0.395586938   0.791173877   0.000000000
  pz          0    0.464859740  0.464859740   0.929719479   0.000000000
   sum over m      1.256085775  1.256085775   2.512171550   0.000000000
  px          1   -0.013767331 -0.013767331  -0.027534663   0.000000000
  py          1   -0.014000551 -0.014000551  -0.028001102   0.000000000
  pz          1   -0.025398697 -0.025398697  -0.050797394   0.000000000
   sum over m     -0.053166579 -0.053166579  -0.106333158   0.000000000
   sum over m+mul  1.202919196  1.202919196   2.405838392   0.000000000
  d3z^2-r^2   0    0.015023251  0.015023251   0.030046502   0.000000000
  dx^2-y^2    0    0.018638128  0.018638128   0.037276256   0.000000000
  dxy         0    0.018625812  0.018625812   0.037251623   0.000000000
  dxz         0    0.012982864  0.012982864   0.025965728   0.000000000
  dyz         0    0.012941351  0.012941351   0.025882701   0.000000000
   sum over m      0.078211406  0.078211406   0.156422811   0.000000000
   sum over m+mul  0.078211406  0.078211406   0.156422811   0.000000000

   57    B          Up spin      Down spin     Sum           Diff
            multiple
  s           0    0.470807229  0.470807229   0.941614457   0.000000000
   sum over m      0.470807229  0.470807229   0.941614457   0.000000000
  s           1   -0.002356904 -0.002356904  -0.004713809   0.000000000
   sum over m     -0.002356904 -0.002356904  -0.004713809   0.000000000
   sum over m+mul  0.468450324  0.468450324   0.936900648   0.000000000
  px          0    0.395641649  0.395641649   0.791283299   0.000000000
  py          0    0.395585230  0.395585230   0.791170461   0.000000000
  pz          0    0.464860697  0.464860697   0.929721395   0.000000000
   sum over m      1.256087577  1.256087577   2.512175154   0.000000000
  px          1   -0.013766841 -0.013766841  -0.027533682   0.000000000
  py          1   -0.014000192 -0.014000192  -0.028000385   0.000000000
  pz          1   -0.025398753 -0.025398753  -0.050797506   0.000000000
   sum over m     -0.053165786 -0.053165786  -0.106331572   0.000000000
   sum over m+mul  1.202921791  1.202921791   2.405843582   0.000000000
  d3z^2-r^2   0    0.015023493  0.015023493   0.030046986   0.000000000
  dx^2-y^2    0    0.018638456  0.018638456   0.037276912   0.000000000
  dxy         0    0.018626023  0.018626023   0.037252045   0.000000000
  dxz         0    0.012983503  0.012983503   0.025967006   0.000000000
  dyz         0    0.012941226  0.012941226   0.025882451   0.000000000
   sum over m      0.078212700  0.078212700   0.156425401   0.000000000
   sum over m+mul  0.078212700  0.078212700   0.156425401   0.000000000

   58   Zr          Up spin      Down spin     Sum           Diff
            multiple
  s           0    1.006984045  1.006984045   2.013968089   0.000000000
   sum over m      1.006984045  1.006984045   2.013968089   0.000000000
  s           1    0.199680023  0.199680023   0.399360047   0.000000000
   sum over m      0.199680023  0.199680023   0.399360047   0.000000000
  s           2    0.008145538  0.008145538   0.016291077   0.000000000
   sum over m      0.008145538  0.008145538   0.016291077   0.000000000
   sum over m+mul  1.214809606  1.214809606   2.429619212   0.000000000
  px          0    1.011394954  1.011394954   2.022789909   0.000000000
  py          0    1.011092610  1.011092610   2.022185221   0.000000000
  pz          0    1.015271424  1.015271424   2.030542848   0.000000000
   sum over m      3.037758989  3.037758989   6.075517978   0.000000000
  px          1    0.068594868  0.068594868   0.137189736   0.000000000
  py          1    0.067581644  0.067581644   0.135163288   0.000000000
  pz          1    0.100552892  0.100552892   0.201105784   0.000000000
   sum over m      0.236729404  0.236729404   0.473458808   0.000000000
   sum over m+mul  3.274488393  3.274488393   6.548976786   0.000000000
  d3z^2-r^2   0    0.237309719  0.237309719   0.474619438   0.000000000
  dx^2-y^2    0    0.250638724  0.250638724   0.501277447   0.000000000
  dxy         0    0.253343190  0.253343190   0.506686380   0.000000000
  dxz         0    0.230398042  0.230398042   0.460796083   0.000000000
  dyz         0    0.230651461  0.230651461   0.461302922   0.000000000
   sum over m      1.202341135  1.202341135   2.404682271   0.000000000
  d3z^2-r^2   1   -0.002497370 -0.002497370  -0.004994741   0.000000000
  dx^2-y^2    1   -0.001461658 -0.001461658  -0.002923317   0.000000000
  dxy         1   -0.001256419 -0.001256419  -0.002512837   0.000000000
  dxz         1   -0.001726920 -0.001726920  -0.003453840   0.000000000
  dyz         1   -0.001753406 -0.001753406  -0.003506812   0.000000000
   sum over m     -0.008695773 -0.008695773  -0.017391546   0.000000000
   sum over m+mul  1.193645363  1.193645363   2.387290725   0.000000000

   59    B          Up spin      Down spin     Sum           Diff
            multiple
  s           0    0.470805015  0.470805015   0.941610030   0.000000000
   sum over m      0.470805015  0.470805015   0.941610030   0.000000000
  s           1   -0.002357155 -0.002357155  -0.004714310   0.000000000
   sum over m     -0.002357155 -0.002357155  -0.004714310   0.000000000
   sum over m+mul  0.468447860  0.468447860   0.936895720   0.000000000
  px          0    0.395638291  0.395638291   0.791276582   0.000000000
  py          0    0.395586978  0.395586978   0.791173955   0.000000000
  pz          0    0.464859341  0.464859341   0.929718683   0.000000000
   sum over m      1.256084610  1.256084610   2.512169220   0.000000000
  px          1   -0.013766770 -0.013766770  -0.027533540   0.000000000
  py          1   -0.014000866 -0.014000866  -0.028001732   0.000000000
  pz          1   -0.025399468 -0.025399468  -0.050798936   0.000000000
   sum over m     -0.053167105 -0.053167105  -0.106334209   0.000000000
   sum over m+mul  1.202917506  1.202917506   2.405835011   0.000000000
  d3z^2-r^2   0    0.015022464  0.015022464   0.030044928   0.000000000
  dx^2-y^2    0    0.018638794  0.018638794   0.037277588   0.000000000
  dxy         0    0.018626311  0.018626311   0.037252622   0.000000000
  dxz         0    0.012983327  0.012983327   0.025966655   0.000000000
  dyz         0    0.012941397  0.012941397   0.025882794   0.000000000
   sum over m      0.078212293  0.078212293   0.156424587   0.000000000
   sum over m+mul  0.078212293  0.078212293   0.156424587   0.000000000

   60    B          Up spin      Down spin     Sum           Diff
            multiple
  s           0    0.470807953  0.470807953   0.941615907   0.000000000
   sum over m      0.470807953  0.470807953   0.941615907   0.000000000
  s           1   -0.002357137 -0.002357137  -0.004714274   0.000000000
   sum over m     -0.002357137 -0.002357137  -0.004714274   0.000000000
   sum over m+mul  0.468450816  0.468450816   0.936901632   0.000000000
  px          0    0.395640902  0.395640902   0.791281804   0.000000000
  py          0    0.395583972  0.395583972   0.791167943   0.000000000
  pz          0    0.464861553  0.464861553   0.929723107   0.000000000
   sum over m      1.256086427  1.256086427   2.512172854   0.000000000
  px          1   -0.013766911 -0.013766911  -0.027533822   0.000000000
  py          1   -0.014001023 -0.014001023  -0.028002045   0.000000000
  pz          1   -0.025398471 -0.025398471  -0.050796942   0.000000000
   sum over m     -0.053166404 -0.053166404  -0.106332809   0.000000000
   sum over m+mul  1.202920023  1.202920023   2.405840045   0.000000000
  d3z^2-r^2   0    0.015023488  0.015023488   0.030046977   0.000000000
  dx^2-y^2    0    0.018638189  0.018638189   0.037276378   0.000000000
  dxy         0    0.018626014  0.018626014   0.037252029   0.000000000
  dxz         0    0.012983443  0.012983443   0.025966887   0.000000000
  dyz         0    0.012941005  0.012941005   0.025882010   0.000000000
   sum over m      0.078212140  0.078212140   0.156424280   0.000000000
   sum over m+mul  0.078212140  0.078212140   0.156424280   0.000000000

   61   Zr          Up spin      Down spin     Sum           Diff
            multiple
  s           0    1.006844542  1.006844542   2.013689084   0.000000000
   sum over m      1.006844542  1.006844542   2.013689084   0.000000000
  s           1    0.199204640  0.199204640   0.398409281   0.000000000
   sum over m      0.199204640  0.199204640   0.398409281   0.000000000
  s           2    0.007978500  0.007978500   0.015957000   0.000000000
   sum over m      0.007978500  0.007978500   0.015957000   0.000000000
   sum over m+mul  1.214027682  1.214027682   2.428055365   0.000000000
  px          0    1.011306986  1.011306986   2.022613972   0.000000000
  py          0    1.011000175  1.011000175   2.022000350   0.000000000
  pz          0    1.015505527  1.015505527   2.031011055   0.000000000
   sum over m      3.037812688  3.037812688   6.075625376   0.000000000
  px          1    0.068205878  0.068205878   0.136411756   0.000000000
  py          1    0.067205867  0.067205867   0.134411734   0.000000000
  pz          1    0.099533833  0.099533833   0.199067665   0.000000000
   sum over m      0.234945577  0.234945577   0.469891154   0.000000000
   sum over m+mul  3.272758265  3.272758265   6.545516531   0.000000000
  d3z^2-r^2   0    0.253657619  0.253657619   0.507315238   0.000000000
  dx^2-y^2    0    0.256174402  0.256174402   0.512348805   0.000000000
  dxy         0    0.259000061  0.259000061   0.518000123   0.000000000
  dxz         0    0.233810086  0.233810086   0.467620172   0.000000000
  dyz         0    0.234119581  0.234119581   0.468239162   0.000000000
   sum over m      1.236761750  1.236761750   2.473523500   0.000000000
  d3z^2-r^2   1   -0.001441098 -0.001441098  -0.002882196   0.000000000
  dx^2-y^2    1   -0.001815499 -0.001815499  -0.003630997   0.000000000
  dxy         1   -0.001607004 -0.001607004  -0.003214008   0.000000000
  dxz         1   -0.001399386 -0.001399386  -0.002798772   0.000000000
  dyz         1   -0.001428999 -0.001428999  -0.002857998   0.000000000
   sum over m     -0.007691986 -0.007691986  -0.015383972   0.000000000
   sum over m+mul  1.229069764  1.229069764   2.458139528   0.000000000

   62    B          Up spin      Down spin     Sum           Diff
            multiple
  s           0    0.469141140  0.469141140   0.938282280   0.000000000
   sum over m      0.469141140  0.469141140   0.938282280   0.000000000
  s           1   -0.002581461 -0.002581461  -0.005162923   0.000000000
   sum over m     -0.002581461 -0.002581461  -0.005162923   0.000000000
   sum over m+mul  0.466559679  0.466559679   0.933119357   0.000000000
  px          0    0.396933051  0.396933051   0.793866102   0.000000000
  py          0    0.396654200  0.396654200   0.793308400   0.000000000
  pz          0    0.494969541  0.494969541   0.989939083   0.000000000
   sum over m      1.288556792  1.288556792   2.577113585   0.000000000
  px          1   -0.011584069 -0.011584069  -0.023168138   0.000000000
  py          1   -0.011789526 -0.011789526  -0.023579053   0.000000000
  pz          1   -0.019080275 -0.019080275  -0.038160551   0.000000000
   sum over m     -0.042453871 -0.042453871  -0.084907742   0.000000000
   sum over m+mul  1.246102922  1.246102922   2.492205843   0.000000000
  d3z^2-r^2   0    0.020580164  0.020580164   0.041160329   0.000000000
  dx^2-y^2    0    0.020576697  0.020576697   0.041153394   0.000000000
  dxy         0    0.020640933  0.020640933   0.041281867   0.000000000
  dxz         0    0.014208259  0.014208259   0.028416518   0.000000000
  dyz         0    0.014160421  0.014160421   0.028320842   0.000000000
   sum over m      0.090166474  0.090166474   0.180332949   0.000000000
   sum over m+mul  0.090166474  0.090166474   0.180332949   0.000000000

   63    B          Up spin      Down spin     Sum           Diff
            multiple
  s           0    0.469136560  0.469136560   0.938273120   0.000000000
   sum over m      0.469136560  0.469136560   0.938273120   0.000000000
  s           1   -0.002582994 -0.002582994  -0.005165987   0.000000000
   sum over m     -0.002582994 -0.002582994  -0.005165987   0.000000000
   sum over m+mul  0.466553566  0.466553566   0.933107133   0.000000000
  px          0    0.396933351  0.396933351   0.793866703   0.000000000
  py          0    0.396643886  0.396643886   0.793287772   0.000000000
  pz          0    0.494971043  0.494971043   0.989942087   0.000000000
   sum over m      1.288548280  1.288548280   2.577096561   0.000000000
  px          1   -0.011590296 -0.011590296  -0.023180591   0.000000000
  py          1   -0.011796485 -0.011796485  -0.023592971   0.000000000
  pz          1   -0.019082698 -0.019082698  -0.038165396   0.000000000
   sum over m     -0.042469479 -0.042469479  -0.084938958   0.000000000
   sum over m+mul  1.246078802  1.246078802   2.492157603   0.000000000
  d3z^2-r^2   0    0.020582200  0.020582200   0.041164400   0.000000000
  dx^2-y^2    0    0.020573764  0.020573764   0.041147527   0.000000000
  dxy         0    0.020640187  0.020640187   0.041280375   0.000000000
  dxz         0    0.014205983  0.014205983   0.028411965   0.000000000
  dyz         0    0.014159194  0.014159194   0.028318387   0.000000000
   sum over m      0.090161327  0.090161327   0.180322655   0.000000000
   sum over m+mul  0.090161327  0.090161327   0.180322655   0.000000000

   64   Zr          Up spin      Down spin     Sum           Diff
            multiple
  s           0    1.006844494  1.006844494   2.013688987   0.000000000
   sum over m      1.006844494  1.006844494   2.013688987   0.000000000
  s           1    0.199205085  0.199205085   0.398410169   0.000000000
   sum over m      0.199205085  0.199205085   0.398410169   0.000000000
  s           2    0.007978499  0.007978499   0.015956998   0.000000000
   sum over m      0.007978499  0.007978499   0.015956998   0.000000000
   sum over m+mul  1.214028077  1.214028077   2.428056155   0.000000000
  px          0    1.011306646  1.011306646   2.022613291   0.000000000
  py          0    1.011000672  1.011000672   2.022001344   0.000000000
  pz          0    1.015505545  1.015505545   2.031011090   0.000000000
   sum over m      3.037812863  3.037812863   6.075625725   0.000000000
  px          1    0.068201875  0.068201875   0.136403750   0.000000000
  py          1    0.067210253  0.067210253   0.134420505   0.000000000
  pz          1    0.099534198  0.099534198   0.199068396   0.000000000
   sum over m      0.234946326  0.234946326   0.469892652   0.000000000
   sum over m+mul  3.272759189  3.272759189   6.545518377   0.000000000
  d3z^2-r^2   0    0.253657242  0.253657242   0.507314484   0.000000000
  dx^2-y^2    0    0.256175361  0.256175361   0.512350722   0.000000000
  dxy         0    0.258999917  0.258999917   0.517999835   0.000000000
  dxz         0    0.233801536  0.233801536   0.467603072   0.000000000
  dyz         0    0.234129557  0.234129557   0.468259114   0.000000000
   sum over m      1.236763614  1.236763614   2.473527227   0.000000000
  d3z^2-r^2   1   -0.001441339 -0.001441339  -0.002882678   0.000000000
  dx^2-y^2    1   -0.001815731 -0.001815731  -0.003631461   0.000000000
  dxy         1   -0.001606735 -0.001606735  -0.003213469   0.000000000
  dxz         1   -0.001401308 -0.001401308  -0.002802617   0.000000000
  dyz         1   -0.001426752 -0.001426752  -0.002853503   0.000000000
   sum over m     -0.007691864 -0.007691864  -0.015383728   0.000000000
   sum over m+mul  1.229071750  1.229071750   2.458143500   0.000000000

   65    B          Up spin      Down spin     Sum           Diff
            multiple
  s           0    0.469142757  0.469142757   0.938285513   0.000000000
   sum over m      0.469142757  0.469142757   0.938285513   0.000000000
  s           1   -0.002581435 -0.002581435  -0.005162870   0.000000000
   sum over m     -0.002581435 -0.002581435  -0.005162870   0.000000000
   sum over m+mul  0.466561321  0.466561321   0.933122643   0.000000000
  px          0    0.396938589  0.396938589   0.793877179   0.000000000
  py          0    0.396648641  0.396648641   0.793297281   0.000000000
  pz          0    0.494969445  0.494969445   0.989938890   0.000000000
   sum over m      1.288556675  1.288556675   2.577113351   0.000000000
  px          1   -0.011582429 -0.011582429  -0.023164859   0.000000000
  py          1   -0.011790731 -0.011790731  -0.023581462   0.000000000
  pz          1   -0.019080192 -0.019080192  -0.038160384   0.000000000
   sum over m     -0.042453353 -0.042453353  -0.084906706   0.000000000
   sum over m+mul  1.246103322  1.246103322   2.492206645   0.000000000
  d3z^2-r^2   0    0.020580083  0.020580083   0.041160166   0.000000000
  dx^2-y^2    0    0.020575716  0.020575716   0.041151432   0.000000000
  dxy         0    0.020641803  0.020641803   0.041283606   0.000000000
  dxz         0    0.014206977  0.014206977   0.028413953   0.000000000
  dyz         0    0.014161625  0.014161625   0.028323251   0.000000000
   sum over m      0.090166204  0.090166204   0.180332408   0.000000000
   sum over m+mul  0.090166204  0.090166204   0.180332408   0.000000000

   66    B          Up spin      Down spin     Sum           Diff
            multiple
  s           0    0.469144033  0.469144033   0.938288066   0.000000000
   sum over m      0.469144033  0.469144033   0.938288066   0.000000000
  s           1   -0.002581916 -0.002581916  -0.005163833   0.000000000
   sum over m     -0.002581916 -0.002581916  -0.005163833   0.000000000
   sum over m+mul  0.466562117  0.466562117   0.933124234   0.000000000
  px          0    0.396939907  0.396939907   0.793879813   0.000000000
  py          0    0.396644629  0.396644629   0.793289259   0.000000000
  pz          0    0.494969271  0.494969271   0.989938541   0.000000000
   sum over m      1.288553807  1.288553807   2.577107613   0.000000000
  px          1   -0.011583486 -0.011583486  -0.023166972   0.000000000
  py          1   -0.011791775 -0.011791775  -0.023583550   0.000000000
  pz          1   -0.019079820 -0.019079820  -0.038159640   0.000000000
   sum over m     -0.042455081 -0.042455081  -0.084910162   0.000000000
   sum over m+mul  1.246098726  1.246098726   2.492197451   0.000000000
  d3z^2-r^2   0    0.020580453  0.020580453   0.041160906   0.000000000
  dx^2-y^2    0    0.020575297  0.020575297   0.041150595   0.000000000
  dxy         0    0.020641668  0.020641668   0.041283335   0.000000000
  dxz         0    0.014206786  0.014206786   0.028413572   0.000000000
  dyz         0    0.014161239  0.014161239   0.028322478   0.000000000
   sum over m      0.090165443  0.090165443   0.180330886   0.000000000
   sum over m+mul  0.090165443  0.090165443   0.180330886   0.000000000

   67   Zr          Up spin      Down spin     Sum           Diff
            multiple
  s           0    1.006844490  1.006844490   2.013688981   0.000000000
   sum over m      1.006844490  1.006844490   2.013688981   0.000000000
  s           1    0.199210961  0.199210961   0.398421921   0.000000000
   sum over m      0.199210961  0.199210961   0.398421921   0.000000000
  s           2    0.007978162  0.007978162   0.015956324   0.000000000
   sum over m      0.007978162  0.007978162   0.015956324   0.000000000
   sum over m+mul  1.214033613  1.214033613   2.428067226   0.000000000
  px          0    1.011306759  1.011306759   2.022613518   0.000000000
  py          0    1.011000188  1.011000188   2.022000377   0.000000000
  pz          0    1.015504993  1.015504993   2.031009987   0.000000000
   sum over m      3.037811941  3.037811941   6.075623881   0.000000000
  px          1    0.068206043  0.068206043   0.136412086   0.000000000
  py          1    0.067208080  0.067208080   0.134416160   0.000000000
  pz          1    0.099540633  0.099540633   0.199081266   0.000000000
   sum over m      0.234954756  0.234954756   0.469909512   0.000000000
   sum over m+mul  3.272766697  3.272766697   6.545533394   0.000000000
  d3z^2-r^2   0    0.253641980  0.253641980   0.507283959   0.000000000
  dx^2-y^2    0    0.256179339  0.256179339   0.512358679   0.000000000
  dxy         0    0.259004567  0.259004567   0.518009135   0.000000000
  dxz         0    0.233813693  0.233813693   0.467627386   0.000000000
  dyz         0    0.234126417  0.234126417   0.468252834   0.000000000
   sum over m      1.236765996  1.236765996   2.473531992   0.000000000
  d3z^2-r^2   1   -0.001444675 -0.001444675  -0.002889350   0.000000000
  dx^2-y^2    1   -0.001815153 -0.001815153  -0.003630307   0.000000000
  dxy         1   -0.001606471 -0.001606471  -0.003212943   0.000000000
  dxz         1   -0.001397907 -0.001397907  -0.002795813   0.000000000
  dyz         1   -0.001426242 -0.001426242  -0.002852484   0.000000000
   sum over m     -0.007690449 -0.007690449  -0.015380897   0.000000000
   sum over m+mul  1.229075548  1.229075548   2.458151095   0.000000000

   68    B          Up spin      Down spin     Sum           Diff
            multiple
  s           0    0.469140193  0.469140193   0.938280386   0.000000000
   sum over m      0.469140193  0.469140193   0.938280386   0.000000000
  s           1   -0.002581577 -0.002581577  -0.005163155   0.000000000
   sum over m     -0.002581577 -0.002581577  -0.005163155   0.000000000
   sum over m+mul  0.466558615  0.466558615   0.933117231   0.000000000
  px          0    0.396929709  0.396929709   0.793859418   0.000000000
  py          0    0.396654754  0.396654754   0.793309508   0.000000000
  pz          0    0.494965285  0.494965285   0.989930570   0.000000000
   sum over m      1.288549748  1.288549748   2.577099497   0.000000000
  px          1   -0.011584933 -0.011584933  -0.023169866   0.000000000
  py          1   -0.011790966 -0.011790966  -0.023581932   0.000000000
  pz          1   -0.019081019 -0.019081019  -0.038162038   0.000000000
   sum over m     -0.042456918 -0.042456918  -0.084913835   0.000000000
   sum over m+mul  1.246092831  1.246092831   2.492185662   0.000000000
  d3z^2-r^2   0    0.020577935  0.020577935   0.041155870   0.000000000
  dx^2-y^2    0    0.020573462  0.020573462   0.041146924   0.000000000
  dxy         0    0.020641097  0.020641097   0.041282194   0.000000000
  dxz         0    0.014205985  0.014205985   0.028411969   0.000000000
  dyz         0    0.014160694  0.014160694   0.028321387   0.000000000
   sum over m      0.090159172  0.090159172   0.180318345   0.000000000
   sum over m+mul  0.090159172  0.090159172   0.180318345   0.000000000

   69    B          Up spin      Down spin     Sum           Diff
            multiple
  s           0    0.469141230  0.469141230   0.938282460   0.000000000
   sum over m      0.469141230  0.469141230   0.938282460   0.000000000
  s           1   -0.002581304 -0.002581304  -0.005162608   0.000000000
   sum over m     -0.002581304 -0.002581304  -0.005162608   0.000000000
   sum over m+mul  0.466559926  0.466559926   0.933119852   0.000000000
  px          0    0.396932722  0.396932722   0.793865445   0.000000000
  py          0    0.396652326  0.396652326   0.793304653   0.000000000
  pz          0    0.494964847  0.494964847   0.989929694   0.000000000
   sum over m      1.288549896  1.288549896   2.577099792   0.000000000
  px          1   -0.011583596 -0.011583596  -0.023167191   0.000000000
  py          1   -0.011790260 -0.011790260  -0.023580520   0.000000000
  pz          1   -0.019080799 -0.019080799  -0.038161598   0.000000000
   sum over m     -0.042454655 -0.042454655  -0.084909309   0.000000000
   sum over m+mul  1.246095241  1.246095241   2.492190482   0.000000000
  d3z^2-r^2   0    0.020577990  0.020577990   0.041155980   0.000000000
  dx^2-y^2    0    0.020574142  0.020574142   0.041148284   0.000000000
  dxy         0    0.020641400  0.020641400   0.041282801   0.000000000
  dxz         0    0.014207032  0.014207032   0.028414063   0.000000000
  dyz         0    0.014160411  0.014160411   0.028320822   0.000000000
   sum over m      0.090160975  0.090160975   0.180321949   0.000000000
   sum over m+mul  0.090160975  0.090160975   0.180321949   0.000000000

   70   Zr          Up spin      Down spin     Sum           Diff
            multiple
  s           0    1.006844594  1.006844594   2.013689188   0.000000000
   sum over m      1.006844594  1.006844594   2.013689188   0.000000000
  s           1    0.199206605  0.199206605   0.398413209   0.000000000
   sum over m      0.199206605  0.199206605   0.398413209   0.000000000
  s           2    0.007978677  0.007978677   0.015957354   0.000000000
   sum over m      0.007978677  0.007978677   0.015957354   0.000000000
   sum over m+mul  1.214029876  1.214029876   2.428059751   0.000000000
  px          0    1.011307050  1.011307050   2.022614099   0.000000000
  py          0    1.011000159  1.011000159   2.022000319   0.000000000
  pz          0    1.015505895  1.015505895   2.031011790   0.000000000
   sum over m      3.037813104  3.037813104   6.075626209   0.000000000
  px          1    0.068206766  0.068206766   0.136413532   0.000000000
  py          1    0.067206163  0.067206163   0.134412326   0.000000000
  pz          1    0.099536052  0.099536052   0.199072104   0.000000000
   sum over m      0.234948981  0.234948981   0.469897963   0.000000000
   sum over m+mul  3.272762086  3.272762086   6.545524171   0.000000000
  d3z^2-r^2   0    0.253655394  0.253655394   0.507310788   0.000000000
  dx^2-y^2    0    0.256177084  0.256177084   0.512354169   0.000000000
  dxy         0    0.259001482  0.259001482   0.518002963   0.000000000
  dxz         0    0.233813697  0.233813697   0.467627395   0.000000000
  dyz         0    0.234120354  0.234120354   0.468240707   0.000000000
   sum over m      1.236768011  1.236768011   2.473536022   0.000000000
  d3z^2-r^2   1   -0.001441623 -0.001441623  -0.002883246   0.000000000
  dx^2-y^2    1   -0.001815417 -0.001815417  -0.003630834   0.000000000
  dxy         1   -0.001607062 -0.001607062  -0.003214124   0.000000000
  dxz         1   -0.001398791 -0.001398791  -0.002797581   0.000000000
  dyz         1   -0.001428707 -0.001428707  -0.002857414   0.000000000
   sum over m     -0.007691599 -0.007691599  -0.015383199   0.000000000
   sum over m+mul  1.229076411  1.229076411   2.458152823   0.000000000

   71    B          Up spin      Down spin     Sum           Diff
            multiple
  s           0    0.469136041  0.469136041   0.938272083   0.000000000
   sum over m      0.469136041  0.469136041   0.938272083   0.000000000
  s           1   -0.002582592 -0.002582592  -0.005165184   0.000000000
   sum over m     -0.002582592 -0.002582592  -0.005165184   0.000000000
   sum over m+mul  0.466553450  0.466553450   0.933106899   0.000000000
  px          0    0.396928815  0.396928815   0.793857629   0.000000000
  py          0    0.396646845  0.396646845   0.793293690   0.000000000
  pz          0    0.494968916  0.494968916   0.989937832   0.000000000
   sum over m      1.288544576  1.288544576   2.577089152   0.000000000
  px          1   -0.011590091 -0.011590091  -0.023180183   0.000000000
  py          1   -0.011796975 -0.011796975  -0.023593951   0.000000000
  pz          1   -0.019082582 -0.019082582  -0.038165163   0.000000000
   sum over m     -0.042469649 -0.042469649  -0.084939297   0.000000000
   sum over m+mul  1.246074927  1.246074927   2.492149854   0.000000000
  d3z^2-r^2   0    0.020580430  0.020580430   0.041160861   0.000000000
  dx^2-y^2    0    0.020573625  0.020573625   0.041147249   0.000000000
  dxy         0    0.020639115  0.020639115   0.041278230   0.000000000
  dxz         0    0.014205035  0.014205035   0.028410070   0.000000000
  dyz         0    0.014159607  0.014159607   0.028319214   0.000000000
   sum over m      0.090157812  0.090157812   0.180315624   0.000000000
   sum over m+mul  0.090157812  0.090157812   0.180315624   0.000000000

   72    B          Up spin      Down spin     Sum           Diff
            multiple
  s           0    0.469141602  0.469141602   0.938283205   0.000000000
   sum over m      0.469141602  0.469141602   0.938283205   0.000000000
  s           1   -0.002581170 -0.002581170  -0.005162340   0.000000000
   sum over m     -0.002581170 -0.002581170  -0.005162340   0.000000000
   sum over m+mul  0.466560433  0.466560433   0.933120865   0.000000000
  px          0    0.396935501  0.396935501   0.793871001   0.000000000
  py          0    0.396649028  0.396649028   0.793298057   0.000000000
  pz          0    0.494965559  0.494965559   0.989931117   0.000000000
   sum over m      1.288550088  1.288550088   2.577100175   0.000000000
  px          1   -0.011583721 -0.011583721  -0.023167442   0.000000000
  py          1   -0.011790134 -0.011790134  -0.023580267   0.000000000
  pz          1   -0.019080551 -0.019080551  -0.038161101   0.000000000
   sum over m     -0.042454405 -0.042454405  -0.084908810   0.000000000
   sum over m+mul  1.246095682  1.246095682   2.492191365   0.000000000
  d3z^2-r^2   0    0.020578163  0.020578163   0.041156327   0.000000000
  dx^2-y^2    0    0.020576352  0.020576352   0.041152704   0.000000000
  dxy         0    0.020639732  0.020639732   0.041279463   0.000000000
  dxz         0    0.014207962  0.014207962   0.028415924   0.000000000
  dyz         0    0.014159896  0.014159896   0.028319791   0.000000000
   sum over m      0.090162105  0.090162105   0.180324209   0.000000000
   sum over m+mul  0.090162105  0.090162105   0.180324209   0.000000000

   73   Zr          Up spin      Down spin     Sum           Diff
            multiple
  s           0    1.005322097  1.005322097   2.010644194   0.000000000
   sum over m      1.005322097  1.005322097   2.010644194   0.000000000
  s           1    0.174129296  0.174129296   0.348258592   0.000000000
   sum over m      0.174129296  0.174129296   0.348258592   0.000000000
  s           2    0.007249345  0.007249345   0.014498690   0.000000000
   sum over m      0.007249345  0.007249345   0.014498690   0.000000000
   sum over m+mul  1.186700738  1.186700738   2.373401476   0.000000000
  px          0    1.003545367  1.003545367   2.007090734   0.000000000
  py          0    1.003316844  1.003316844   2.006633687   0.000000000
  pz          0    1.002563136  1.002563136   2.005126272   0.000000000
   sum over m      3.009425347  3.009425347   6.018850694   0.000000000
  px          1    0.033772058  0.033772058   0.067544116   0.000000000
  py          1    0.033286253  0.033286253   0.066572507   0.000000000
  pz          1    0.074397432  0.074397432   0.148794864   0.000000000
   sum over m      0.141455743  0.141455743   0.282911486   0.000000000
   sum over m+mul  3.150881090  3.150881090   6.301762180   0.000000000
  d3z^2-r^2   0    0.162111084  0.162111084   0.324222168   0.000000000
  dx^2-y^2    0    0.216806664  0.216806664   0.433613328   0.000000000
  dxy         0    0.220350901  0.220350901   0.440701802   0.000000000
  dxz         0    0.125009069  0.125009069   0.250018138   0.000000000
  dyz         0    0.124112765  0.124112765   0.248225530   0.000000000
   sum over m      0.848390483  0.848390483   1.696780965   0.000000000
  d3z^2-r^2   1   -0.002343769 -0.002343769  -0.004687537   0.000000000
  dx^2-y^2    1   -0.003598474 -0.003598474  -0.007196948   0.000000000
  dxy         1   -0.003402877 -0.003402877  -0.006805754   0.000000000
  dxz         1   -0.002612453 -0.002612453  -0.005224906   0.000000000
  dyz         1   -0.002621541 -0.002621541  -0.005243082   0.000000000
   sum over m     -0.014579114 -0.014579114  -0.029158228   0.000000000
   sum over m+mul  0.833811369  0.833811369   1.667622738   0.000000000

   74   Zr          Up spin      Down spin     Sum           Diff
            multiple
  s           0    1.005322163  1.005322163   2.010644326   0.000000000
   sum over m      1.005322163  1.005322163   2.010644326   0.000000000
  s           1    0.174128221  0.174128221   0.348256442   0.000000000
   sum over m      0.174128221  0.174128221   0.348256442   0.000000000
  s           2    0.007248752  0.007248752   0.014497504   0.000000000
   sum over m      0.007248752  0.007248752   0.014497504   0.000000000
   sum over m+mul  1.186699136  1.186699136   2.373398272   0.000000000
  px          0    1.003545596  1.003545596   2.007091191   0.000000000
  py          0    1.003316160  1.003316160   2.006632320   0.000000000
  pz          0    1.002563031  1.002563031   2.005126062   0.000000000
   sum over m      3.009424786  3.009424786   6.018849573   0.000000000
  px          1    0.033777116  0.033777116   0.067554231   0.000000000
  py          1    0.033278110  0.033278110   0.066556219   0.000000000
  pz          1    0.074395353  0.074395353   0.148790705   0.000000000
   sum over m      0.141450578  0.141450578   0.282901155   0.000000000
   sum over m+mul  3.150875364  3.150875364   6.301750728   0.000000000
  d3z^2-r^2   0    0.162108784  0.162108784   0.324217569   0.000000000
  dx^2-y^2    0    0.216787118  0.216787118   0.433574237   0.000000000
  dxy         0    0.220359843  0.220359843   0.440719685   0.000000000
  dxz         0    0.125022251  0.125022251   0.250044502   0.000000000
  dyz         0    0.124089479  0.124089479   0.248178958   0.000000000
   sum over m      0.848367475  0.848367475   1.696734951   0.000000000
  d3z^2-r^2   1   -0.002344135 -0.002344135  -0.004688270   0.000000000
  dx^2-y^2    1   -0.003599393 -0.003599393  -0.007198786   0.000000000
  dxy         1   -0.003402448 -0.003402448  -0.006804896   0.000000000
  dxz         1   -0.002612343 -0.002612343  -0.005224687   0.000000000
  dyz         1   -0.002622389 -0.002622389  -0.005244779   0.000000000
   sum over m     -0.014580708 -0.014580708  -0.029161417   0.000000000
   sum over m+mul  0.833786767  0.833786767   1.667573534   0.000000000

   75   Zr          Up spin      Down spin     Sum           Diff
            multiple
  s           0    1.005321466  1.005321466   2.010642933   0.000000000
   sum over m      1.005321466  1.005321466   2.010642933   0.000000000
  s           1    0.174115936  0.174115936   0.348231872   0.000000000
   sum over m      0.174115936  0.174115936   0.348231872   0.000000000
  s           2    0.007244807  0.007244807   0.014489614   0.000000000
   sum over m      0.007244807  0.007244807   0.014489614   0.000000000
   sum over m+mul  1.186682210  1.186682210   2.373364419   0.000000000
  px          0    1.003542534  1.003542534   2.007085068   0.000000000
  py          0    1.003314099  1.003314099   2.006628198   0.000000000
  pz          0    1.002562037  1.002562037   2.005124073   0.000000000
   sum over m      3.009418669  3.009418669   6.018837339   0.000000000
  px          1    0.033749096  0.033749096   0.067498192   0.000000000
  py          1    0.033259584  0.033259584   0.066519169   0.000000000
  pz          1    0.074371492  0.074371492   0.148742985   0.000000000
   sum over m      0.141380173  0.141380173   0.282760345   0.000000000
   sum over m+mul  3.150798842  3.150798842   6.301597684   0.000000000
  d3z^2-r^2   0    0.162073743  0.162073743   0.324147486   0.000000000
  dx^2-y^2    0    0.216733351  0.216733351   0.433466702   0.000000000
  dxy         0    0.220285595  0.220285595   0.440571189   0.000000000
  dxz         0    0.124953204  0.124953204   0.249906407   0.000000000
  dyz         0    0.124047213  0.124047213   0.248094426   0.000000000
   sum over m      0.848093105  0.848093105   1.696186210   0.000000000
  d3z^2-r^2   1   -0.002346416 -0.002346416  -0.004692832   0.000000000
  dx^2-y^2    1   -0.003600383 -0.003600383  -0.007200767   0.000000000
  dxy         1   -0.003404214 -0.003404214  -0.006808427   0.000000000
  dxz         1   -0.002614451 -0.002614451  -0.005228902   0.000000000
  dyz         1   -0.002623842 -0.002623842  -0.005247684   0.000000000
   sum over m     -0.014589306 -0.014589306  -0.029178611   0.000000000
   sum over m+mul  0.833503799  0.833503799   1.667007598   0.000000000

   76   Zr          Up spin      Down spin     Sum           Diff
            multiple
  s           0    1.005321483  1.005321483   2.010642965   0.000000000
   sum over m      1.005321483  1.005321483   2.010642965   0.000000000
  s           1    0.174127386  0.174127386   0.348254772   0.000000000
   sum over m      0.174127386  0.174127386   0.348254772   0.000000000
  s           2    0.007248720  0.007248720   0.014497441   0.000000000
   sum over m      0.007248720  0.007248720   0.014497441   0.000000000
   sum over m+mul  1.186697589  1.186697589   2.373395178   0.000000000
  px          0    1.003545584  1.003545584   2.007091167   0.000000000
  py          0    1.003318140  1.003318140   2.006636281   0.000000000
  pz          0    1.002562989  1.002562989   2.005125979   0.000000000
   sum over m      3.009426713  3.009426713   6.018853427   0.000000000
  px          1    0.033767657  0.033767657   0.067535314   0.000000000
  py          1    0.033282799  0.033282799   0.066565598   0.000000000
  pz          1    0.074393291  0.074393291   0.148786581   0.000000000
   sum over m      0.141443746  0.141443746   0.282887493   0.000000000
   sum over m+mul  3.150870460  3.150870460   6.301740920   0.000000000
  d3z^2-r^2   0    0.162105835  0.162105835   0.324211670   0.000000000
  dx^2-y^2    0    0.216798299  0.216798299   0.433596598   0.000000000
  dxy         0    0.220339041  0.220339041   0.440678083   0.000000000
  dxz         0    0.124998972  0.124998972   0.249997945   0.000000000
  dyz         0    0.124105808  0.124105808   0.248211615   0.000000000
   sum over m      0.848347955  0.848347955   1.696695911   0.000000000
  d3z^2-r^2   1   -0.002344237 -0.002344237  -0.004688475   0.000000000
  dx^2-y^2    1   -0.003598508 -0.003598508  -0.007197016   0.000000000
  dxy         1   -0.003403084 -0.003403084  -0.006806168   0.000000000
  dxz         1   -0.002612746 -0.002612746  -0.005225492   0.000000000
  dyz         1   -0.002621775 -0.002621775  -0.005243549   0.000000000
   sum over m     -0.014580350 -0.014580350  -0.029160700   0.000000000
   sum over m+mul  0.833767605  0.833767605   1.667535211   0.000000000

***********************************************************
***********************************************************
       xyz-coordinates (Ang) and forces (Hartree/Bohr)  
***********************************************************
***********************************************************

<coordinates.forces
  76
    1    Zr    -0.03585   0.02179   0.03241  -0.000014036261  0.000004125876 -0.040623755388
    2     B     1.55801   0.94187   1.72975  -0.000015914582 -0.000123725990  0.008580055947
    3     B     1.55799  -0.89816   1.72996  -0.000014647549  0.000124677756  0.008525598018
    4    Zr     1.55782  -2.73812   0.03239  -0.000053931846 -0.000017915371 -0.040615701005
    5     B     3.15157  -1.81820   1.72973  -0.000014355339 -0.000118009677  0.008583495022
    6     B     3.15153  -3.65818   1.72973  -0.000015760353  0.000120025232  0.008582719670
    7    Zr     1.55769   2.78181   0.03205  -0.000017155927  0.000016809973 -0.040601608170
    8     B     3.15148   3.70183   1.72979  -0.000012096004 -0.000122584968  0.008565625208
    9     B     3.15146   1.86186   1.72976  -0.000008745436  0.000129282976  0.008571670973
   10    Zr     3.15113   0.02190   0.03236  -0.000000978121 -0.000009076575 -0.040620205875
   11     B     4.74499   0.94183   1.72994  -0.000014329054 -0.000118433851  0.008527638667
   12     B     4.74495  -0.89822   1.72974  -0.000012967242  0.000124726230  0.008578931953
   13    Zr    -0.03540   0.02184   3.50753  -0.000009140318 -0.000014255122 -0.000768343061
   14     B     1.55798   0.94181   5.26946  -0.000002877663 -0.000010176757 -0.000956353166
   15     B     1.55795  -0.89830   5.26954   0.000006049000  0.000012283798 -0.000976391920
   16    Zr     1.55812  -2.73818   3.50752  -0.000012622999 -0.000014938628 -0.000766268355
   17     B     3.15147  -1.81820   5.26946  -0.000002094734 -0.000010953074 -0.000957410302
   18     B     3.15143  -3.65833   5.26948   0.000007518825  0.000011444293 -0.000961911760
   19    Zr     1.55810   2.78186   3.50750  -0.000006199388 -0.000009012992 -0.000766931679
   20     B     3.15147   3.70184   5.26947  -0.000000505101 -0.000009077369 -0.000959104988
   21     B     3.15144   1.86172   5.26947   0.000007997014  0.000013347547 -0.000959918794
   22    Zr     3.15159   0.02184   3.50751  -0.000004734482 -0.000011955169 -0.000765244999
   23     B     4.74495   0.94182   5.26954   0.000000106684 -0.000010652652 -0.000974435960
   24     B     4.74492  -0.89831   5.26948   0.000009312740  0.000014019922 -0.000961438062
   25    Zr    -0.03575   0.02169   7.03620   0.000051136396  0.000000128697 -0.000944970961
   26     B     1.55762   0.94171   8.80289   0.000001805012 -0.000001939893  0.000095748635
   27     B     1.55761  -0.89842   8.80292   0.000004172681  0.000011864127  0.000087704213
   28    Zr     1.55775  -2.73833   7.03619   0.000048315228 -0.000002528163 -0.000943463020
   29     B     3.15111  -1.81832   8.80289   0.000002414791 -0.000002354319  0.000096066046
   30     B     3.15109  -3.65845   8.80291   0.000005575964  0.000010623416  0.000090519163
   31    Zr     1.55774   2.78171   7.03618   0.000053006087  0.000002258133 -0.000943749869
   32     B     3.15111   3.70173   8.80289   0.000004181889 -0.000000229658  0.000095629347
   33     B     3.15110   1.86160   8.80291   0.000006065787  0.000012888972  0.000090298348
   34    Zr     3.15124   0.02169   7.03619   0.000051104150  0.000001662529 -0.000944213943
   35     B     4.74460   0.94171   8.80291   0.000005197808 -0.000001500983  0.000092711863
   36     B     4.74458  -0.89843   8.80291   0.000007897940  0.000012739834  0.000090758070
   37    Zr    -0.03613   0.02167  10.57179  -0.000109228614 -0.000009158022  0.000000219901
   38     B     1.55763   0.94169  12.34069   0.000001756308 -0.000001744036 -0.000096075855
   39     B     1.55761  -0.89844  12.34067   0.000004067975  0.000012062345 -0.000087962058
   40    Zr     1.55737  -2.73835  10.57179  -0.000109065412 -0.000011732924  0.000000228794
   41     B     3.15112  -1.81833  12.34069   0.000002355325 -0.000002149156 -0.000096342451
   42     B     3.15110  -3.65846  12.34068   0.000005465936  0.000010854845 -0.000090744466
   43    Zr     1.55737   2.78169  10.57179  -0.000107836051 -0.000007466680  0.000000266014
   44     B     3.15111   3.70171  12.34069   0.000004108168 -0.000000010074 -0.000095797369
   45     B     3.15110   1.86158  12.34068   0.000006000638  0.000013130253 -0.000090533256
   46    Zr     3.15086   0.02167  10.57179  -0.000107921565 -0.000008985043  0.000000310791
   47     B     4.74460   0.94170  12.34068   0.000005132314 -0.000001300942 -0.000092933742
   48     B     4.74458  -0.89844  12.34068   0.000007848552  0.000012942693 -0.000090944734
   49    Zr    -0.03575   0.02167  14.10739   0.000050988534 -0.000000420021  0.000944910404
   50     B     1.55798   0.94178  15.87413  -0.000003090991 -0.000009814091  0.000956247341
   51     B     1.55796  -0.89833  15.87404   0.000005830500  0.000012643951  0.000976305773
   52    Zr     1.55775  -2.73835  14.10740   0.000048394977 -0.000002986152  0.000943445565
   53     B     3.15147  -1.81823  15.87412  -0.000002301048 -0.000010478471  0.000957233225
   54     B     3.15144  -3.65836  15.87411   0.000007194955  0.000011818677  0.000961840344
   55    Zr     1.55775   2.78169  14.10741   0.000053243995  0.000001844624  0.000943900715
   56     B     3.15147   3.70181  15.87412  -0.000000853470 -0.000008716553  0.000958968777
   57     B     3.15145   1.86169  15.87412   0.000007790927  0.000013774290  0.000959782750
   58    Zr     3.15124   0.02166  14.10739   0.000051570532  0.000001372378  0.000944336458
   59     B     4.74496   0.94179  15.87405  -0.000000170698 -0.000010315041  0.000974261382
   60     B     4.74493  -0.89834  15.87411   0.000009056640  0.000014360861  0.000961366927
   61    Zr    -0.03540   0.02181  17.63606  -0.000008748975 -0.000014429396  0.000768059512
   62     B     1.55801   0.94183  19.41384  -0.000015836967 -0.000123451580 -0.008579871155
   63     B     1.55799  -0.89820  19.41363  -0.000014825009  0.000125165322 -0.008525640852
   64    Zr     1.55812  -2.73821  17.63606  -0.000011857371 -0.000014648577  0.000766073715
   65     B     3.15157  -1.81825  19.41386  -0.000014386364 -0.000117723430 -0.008583783275
   66     B     3.15154  -3.65822  19.41385  -0.000015819849  0.000120359496 -0.008583136474
   67    Zr     1.55810   2.78182  17.63609  -0.000005157938 -0.000008743135  0.000766922096
   68     B     3.15149   3.70179  19.41380  -0.000012273489 -0.000122244939 -0.008565415529
   69     B     3.15146   1.86182  19.41382  -0.000008874826  0.000129427738 -0.008571565799
   70    Zr     3.15159   0.02181  17.63607  -0.000003670291 -0.000011963486  0.000765188603
   71     B     4.74500   0.94179  19.41365  -0.000014536242 -0.000118096660 -0.008527702464
   72     B     4.74495  -0.89826  19.41385  -0.000013012787  0.000125043041 -0.008578782675
   73    Zr    -0.03585   0.02175  21.11117  -0.000013913330  0.000003940984  0.040623563329
   74    Zr     1.55782  -2.73816  21.11119  -0.000054090126 -0.000017803479  0.040615285331
   75    Zr     1.55769   2.78176  21.11153  -0.000017102741  0.000016757051  0.040600857230
   76    Zr     3.15113   0.02185  21.11122  -0.000000285647 -0.000008807937  0.040619702684
coordinates.forces>

***********************************************************
***********************************************************
       Fractional coordinates of the final structure       
***********************************************************
***********************************************************

     1     Zr     0.00086015073820   0.99240173265371   0.99634990185622
     2      B     0.04590169333743   0.15912018370870   0.32974671049644
     3      B     0.04590731024975   0.32578421797554   0.16307540590891
     4     Zr     0.00085959771114   0.49241878096153   0.99638727331681
     5      B     0.04590117932553   0.65913436222213   0.32975305976459
     6      B     0.04590138790461   0.82579130356534   0.16308438806485
     7     Zr     0.00085057201190   0.99240905149990   0.49635546582447
     8      B     0.04590284246177   0.15912218914771   0.82973782184718
     9      B     0.04590210791876   0.32578060145278   0.66307129331854
    10     Zr     0.00085871110876   0.49239154142675   0.49635841345353
    11      B     0.04590677035100   0.65912251247437   0.82974235251880
    12      B     0.04590148988747   0.82578513456989   0.66306637016698
    13     Zr     0.09307812990492   0.99246815786913   0.99642470004372
    14      B     0.13983397656488   0.15911963425844   0.32973598963985
    15      B     0.13983616469218   0.32579051503931   0.16305644974823
    16     Zr     0.09307799649044   0.49247117026427   0.99642887997240
    17      B     0.13983403133135   0.65911813385162   0.32973695874236
    18      B     0.13983450925364   0.82578934725867   0.16305482808447
    19     Zr     0.09307731845061   0.99246956584105   0.49642422524353
    20      B     0.13983424208964   0.15911867230902   0.82973550875346
    21      B     0.13983423625740   0.32579139867684   0.66305571254113
    22     Zr     0.09307773929634   0.49246768936998   0.49642452275971
    23      B     0.13983601015212   0.65911644581213   0.82973499649906
    24      B     0.13983439797019   0.82578890614256   0.66305319139982
    25     Zr     0.18671725353551   0.99242585269275   0.99635512229072
    26      B     0.23359951664011   0.15907381976681   0.32967096304317
    27      B     0.23360025588400   0.32574817540993   0.16299202322200
    28     Zr     0.18671712776420   0.49242622759403   0.99635707646252
    29      B     0.23359949040886   0.65907320222833   0.32967102685990
    30      B     0.23359993541396   0.82574678648795   0.16299119549603
    31     Zr     0.18671681238127   0.99242630895129   0.49635443773501
    32      B     0.23359953100672   0.15907254267808   0.82966863561128
    33      B     0.23359991871073   0.32574767398275   0.66299033079052
    34     Zr     0.18671716556688   0.49242672471566   0.49635554919965
    35      B     0.23359987974370   0.65907118345539   0.82966888774927
    36      B     0.23359990790660   0.82574647655944   0.66298872182908
    37     Zr     0.28054021058104   0.99236917202406   0.99629450950888
    38      B     0.32748095370086   0.15907575276240   0.32967047659377
    39      B     0.32748021590462   0.32575009761896   0.16299155895668
    40     Zr     0.28054021088006   0.49236869751146   0.99629559361066
    41      B     0.32748097653220   0.65907511650537   0.32967053700757
    42      B     0.32748053232926   0.82574871267374   0.16299070780340
    43     Zr     0.28054020668921   0.99236973870489   0.49629411091077
    44      B     0.32748093156755   0.15907446228358   0.82966814208288
    45      B     0.32748055163868   0.32574958864984   0.66298982421848
    46     Zr     0.28054020369014   0.49236933502123   0.49629487821359
    47      B     0.32748058757849   0.65907310534184   0.82966840049414
    48      B     0.32748055911383   0.82574838009811   0.66298822886606
    49     Zr     0.37436320806758   0.99242932259562   0.99635445891502
    50      B     0.42124647645243   0.15912349121563   0.32973417841679
    51      B     0.42124429584991   0.32579437449585   0.16305462587433
    52     Zr     0.37436332671776   0.49242960219377   0.99635631897519
    53      B     0.42124643209618   0.65912200328022   0.32973510609401
    54      B     0.42124595128614   0.82579324616247   0.16305304138368
    55     Zr     0.37436363085810   0.99242963389172   0.49635343000877
    56      B     0.42124621871620   0.15912257734356   0.82973373359132
    57      B     0.42124622720988   0.32579525844270   0.66305387367297
    58     Zr     0.37436327881221   0.49243004286941   0.49635467504808
    59      B     0.42124445089228   0.65912032612684   0.82973319140891
    60      B     0.42124605904104   0.82579277925821   0.66305139910024
    61     Zr     0.46800230413881   0.99247160806000   0.99642195790536
    62      B     0.51517869794199   0.15912413264124   0.32974305263110
    63      B     0.51517309659779   0.32578842904528   0.16307174567741
    64     Zr     0.46800244368716   0.49247457027056   0.99642598827475
    65      B     0.51517926952712   0.65913846628751   0.32974946146648
    66      B     0.51517906253296   0.82579541767999   0.16308079987288
    67     Zr     0.46800311283380   0.99247286388071   0.49642115955417
    68      B     0.51517755275073   0.15912644217989   0.82973428953664
    69      B     0.51517828611849   0.32578464444384   0.66306785283289
    70     Zr     0.46800268982756   0.49247094149202   0.49642157894317
    71      B     0.51517364492620   0.65912671862196   0.82973889843517
    72      B     0.51517890889695   0.82578923290918   0.66306273632389
    73     Zr     0.56022017461283   0.99240576682130   0.99634606485824
    74     Zr     0.56022075962333   0.49242294536782   0.99638343184208
    75     Zr     0.56022982261606   0.99241358775810   0.49635149190378
    76     Zr     0.56022161723172   0.49239565102434   0.49635444167133

***********************************************************
***********************************************************
               Computational Time (second)                 
***********************************************************
***********************************************************

   Elapsed.Time.        27.785

                               Min_ID   Min_Time       Max_ID   Max_Time
   Total Computational Time =    68       27.780          0       27.785
   readfile                 =     3        0.965          0        0.966
   truncation               =   143        1.025         51        1.167
   MD_pac                   =     0        0.003        128        0.005
   OutData                  =     8        0.000          0        0.004
   HWF                      =     0        0.000          0        0.000
   DFT                      =    51       25.641        143       25.783

*** In DFT ***

   Set_OLP_Kin              =    92        0.042         31        1.453
   Set_Nonlocal             =    31        2.680         92        4.092
   Set_ProExpn_VNA          =    80        2.136         24        9.358
   Set_Hamiltonian          =   128        0.915          4        0.915
   Poisson                  =   152        0.009         37        0.009
   Diagonalization          =     0        1.331        130        1.332
   Mixing_DM                =    64        0.017         61        0.017
   Force                    =   124        6.707          0        6.707
   Total_Energy             =     0        1.084        141        1.084
   Set_Aden_Grid            =    24        0.203         80        7.432
   Set_Orbitals_Grid        =    77        0.000         39        0.567
   Set_Density_Grid         =   177        0.001         97        0.748
   RestartFileDFT           =   165        0.413          0        0.531
   Mulliken_Charge          =   111        0.006        181        0.006
   FFT(2D)_Density          =     0        0.014        124        0.014
   Others                   =    25        0.122        184        1.766
