***********************************************************
***********************************************************

  This calculation was performed by OpenMX Ver. 4.0 GPU
  using 96 MPI processes and 1 OpenMP threads.

  Wed Aug 19 09:55:48 2026

***********************************************************
***********************************************************

#
#  The file was generated by the OpenMX Viewer

#  Bravais lattice type: CUB
#  Reciprocal vector b1 (1/Ang):      1.15691      0.00000      0.00000 
#  Reciprocal vector b2 (1/Ang):      0.00000      1.15691      0.00000 
#  Reciprocal vector b3 (1/Ang):      0.00000      0.00000      1.15691 

#

System.CurrrentDirectory         ./
System.Name                     sibs_nc216_2n_w
level.of.stdout                   1
level.of.fileout                  1
DATA.PATH                       ../../DFT_DATA19

Species.Number                     1
<Definition.of.Atomic.Species
  Si    Si7.0-s2p2d1      Si_PBE19
Definition.of.Atomic.Species>

Atoms.Number                     216
Atoms.SpeciesAndCoordinates.Unit   FRAC
<Atoms.SpeciesAndCoordinates
     1   Si    0.04166667   0.04166667   0.04166667   2.0  2.0
     2   Si    0.20833333   0.04166667   0.20833333   2.0  2.0
     3   Si    0.04166667   0.20833333   0.20833333   2.0  2.0
     4   Si    0.20833333   0.20833333   0.04166667   2.0  2.0
     5   Si    0.29166667   0.12500000   0.12500000   2.0  2.0
     6   Si    0.29166667   0.29166667   0.29166667   2.0  2.0
     7   Si    0.12500000   0.12500000   0.29166667   2.0  2.0
     8   Si    0.12500000   0.29166667   0.12500000   2.0  2.0
     9   Si    0.04166667   0.04166667   0.37500000   2.0  2.0
    10   Si    0.20833333   0.04166667   0.54166667   2.0  2.0
    11   Si    0.04166667   0.20833333   0.54166667   2.0  2.0
    12   Si    0.20833333   0.20833333   0.37500000   2.0  2.0
    13   Si    0.29166667   0.12500000   0.45833333   2.0  2.0
    14   Si    0.29166667   0.29166667   0.62500000   2.0  2.0
    15   Si    0.12500000   0.12500000   0.62500000   2.0  2.0
    16   Si    0.12500000   0.29166667   0.45833333   2.0  2.0
    17   Si    0.04166667   0.04166667   0.70833333   2.0  2.0
    18   Si    0.20833333   0.04166667   0.87500000   2.0  2.0
    19   Si    0.04166667   0.20833333   0.87500000   2.0  2.0
    20   Si    0.20833333   0.20833333   0.70833333   2.0  2.0
    21   Si    0.29166667   0.12500000   0.79166667   2.0  2.0
    22   Si    0.29166667   0.29166667   0.95833333   2.0  2.0
    23   Si    0.12500000   0.12500000   0.95833333   2.0  2.0
    24   Si    0.12500000   0.29166667   0.79166667   2.0  2.0
    25   Si    0.04166667   0.37500000   0.04166667   2.0  2.0
    26   Si    0.20833333   0.37500000   0.20833333   2.0  2.0
    27   Si    0.04166667   0.54166667   0.20833333   2.0  2.0
    28   Si    0.20833333   0.54166667   0.04166667   2.0  2.0
    29   Si    0.29166667   0.45833333   0.12500000   2.0  2.0
    30   Si    0.29166667   0.62500000   0.29166667   2.0  2.0
    31   Si    0.12500000   0.45833333   0.29166667   2.0  2.0
    32   Si    0.12500000   0.62500000   0.12500000   2.0  2.0
    33   Si    0.04166667   0.37500000   0.37500000   2.0  2.0
    34   Si    0.20833333   0.37500000   0.54166667   2.0  2.0
    35   Si    0.04166667   0.54166667   0.54166667   2.0  2.0
    36   Si    0.20833333   0.54166667   0.37500000   2.0  2.0
    37   Si    0.29166667   0.45833333   0.45833333   2.0  2.0
    38   Si    0.29166667   0.62500000   0.62500000   2.0  2.0
    39   Si    0.12500000   0.45833333   0.62500000   2.0  2.0
    40   Si    0.12500000   0.62500000   0.45833333   2.0  2.0
    41   Si    0.04166667   0.37500000   0.70833333   2.0  2.0
    42   Si    0.20833333   0.37500000   0.87500000   2.0  2.0
    43   Si    0.04166667   0.54166667   0.87500000   2.0  2.0
    44   Si    0.20833333   0.54166667   0.70833333   2.0  2.0
    45   Si    0.29166667   0.45833333   0.79166667   2.0  2.0
    46   Si    0.29166667   0.62500000   0.95833333   2.0  2.0
    47   Si    0.12500000   0.45833333   0.95833333   2.0  2.0
    48   Si    0.12500000   0.62500000   0.79166667   2.0  2.0
    49   Si    0.04166667   0.70833333   0.04166667   2.0  2.0
    50   Si    0.20833333   0.70833333   0.20833333   2.0  2.0
    51   Si    0.04166667   0.87500000   0.20833333   2.0  2.0
    52   Si    0.20833333   0.87500000   0.04166667   2.0  2.0
    53   Si    0.29166667   0.79166667   0.12500000   2.0  2.0
    54   Si    0.29166667   0.95833333   0.29166667   2.0  2.0
    55   Si    0.12500000   0.79166667   0.29166667   2.0  2.0
    56   Si    0.12500000   0.95833333   0.12500000   2.0  2.0
    57   Si    0.04166667   0.70833333   0.37500000   2.0  2.0
    58   Si    0.20833333   0.70833333   0.54166667   2.0  2.0
    59   Si    0.04166667   0.87500000   0.54166667   2.0  2.0
    60   Si    0.20833333   0.87500000   0.37500000   2.0  2.0
    61   Si    0.29166667   0.79166667   0.45833333   2.0  2.0
    62   Si    0.29166667   0.95833333   0.62500000   2.0  2.0
    63   Si    0.12500000   0.79166667   0.62500000   2.0  2.0
    64   Si    0.12500000   0.95833333   0.45833333   2.0  2.0
    65   Si    0.04166667   0.70833333   0.70833333   2.0  2.0
    66   Si    0.20833333   0.70833333   0.87500000   2.0  2.0
    67   Si    0.04166667   0.87500000   0.87500000   2.0  2.0
    68   Si    0.20833333   0.87500000   0.70833333   2.0  2.0
    69   Si    0.29166667   0.79166667   0.79166667   2.0  2.0
    70   Si    0.29166667   0.95833333   0.95833333   2.0  2.0
    71   Si    0.12500000   0.79166667   0.95833333   2.0  2.0
    72   Si    0.12500000   0.95833333   0.79166667   2.0  2.0
    73   Si    0.37500000   0.04166667   0.04166667   2.0  2.0
    74   Si    0.54166667   0.04166667   0.20833333   2.0  2.0
    75   Si    0.37500000   0.20833333   0.20833333   2.0  2.0
    76   Si    0.54166667   0.20833333   0.04166667   2.0  2.0
    77   Si    0.62500000   0.12500000   0.12500000   2.0  2.0
    78   Si    0.62500000   0.29166667   0.29166667   2.0  2.0
    79   Si    0.45833333   0.12500000   0.29166667   2.0  2.0
    80   Si    0.45833333   0.29166667   0.12500000   2.0  2.0
    81   Si    0.37500000   0.04166667   0.37500000   2.0  2.0
    82   Si    0.54166667   0.04166667   0.54166667   2.0  2.0
    83   Si    0.37500000   0.20833333   0.54166667   2.0  2.0
    84   Si    0.54166667   0.20833333   0.37500000   2.0  2.0
    85   Si    0.62500000   0.12500000   0.45833333   2.0  2.0
    86   Si    0.62500000   0.29166667   0.62500000   2.0  2.0
    87   Si    0.45833333   0.12500000   0.62500000   2.0  2.0
    88   Si    0.45833333   0.29166667   0.45833333   2.0  2.0
    89   Si    0.37500000   0.04166667   0.70833333   2.0  2.0
    90   Si    0.54166667   0.04166667   0.87500000   2.0  2.0
    91   Si    0.37500000   0.20833333   0.87500000   2.0  2.0
    92   Si    0.54166667   0.20833333   0.70833333   2.0  2.0
    93   Si    0.62500000   0.12500000   0.79166667   2.0  2.0
    94   Si    0.62500000   0.29166667   0.95833333   2.0  2.0
    95   Si    0.45833333   0.12500000   0.95833333   2.0  2.0
    96   Si    0.45833333   0.29166667   0.79166667   2.0  2.0
    97   Si    0.37500000   0.37500000   0.04166667   2.0  2.0
    98   Si    0.54166667   0.37500000   0.20833333   2.0  2.0
    99   Si    0.37500000   0.54166667   0.20833333   2.0  2.0
   100   Si    0.54166667   0.54166667   0.04166667   2.0  2.0
   101   Si    0.62500000   0.45833333   0.12500000   2.0  2.0
   102   Si    0.62500000   0.62500000   0.29166667   2.0  2.0
   103   Si    0.45833333   0.45833333   0.29166667   2.0  2.0
   104   Si    0.45833333   0.62500000   0.12500000   2.0  2.0
   105   Si    0.37500000   0.37500000   0.37500000   2.0  2.0
   106   Si    0.54166667   0.37500000   0.54166667   2.0  2.0
   107   Si    0.37500000   0.54166667   0.54166667   2.0  2.0
   108   Si    0.54166667   0.54166667   0.37500000   2.0  2.0
   109   Si    0.62500000   0.45833333   0.45833333   2.0  2.0
   110   Si    0.62500000   0.62500000   0.62500000   2.0  2.0
   111   Si    0.45833333   0.45833333   0.62500000   2.0  2.0
   112   Si    0.45833333   0.62500000   0.45833333   2.0  2.0
   113   Si    0.37500000   0.37500000   0.70833333   2.0  2.0
   114   Si    0.54166667   0.37500000   0.87500000   2.0  2.0
   115   Si    0.37500000   0.54166667   0.87500000   2.0  2.0
   116   Si    0.54166667   0.54166667   0.70833333   2.0  2.0
   117   Si    0.62500000   0.45833333   0.79166667   2.0  2.0
   118   Si    0.62500000   0.62500000   0.95833333   2.0  2.0
   119   Si    0.45833333   0.45833333   0.95833333   2.0  2.0
   120   Si    0.45833333   0.62500000   0.79166667   2.0  2.0
   121   Si    0.37500000   0.70833333   0.04166667   2.0  2.0
   122   Si    0.54166667   0.70833333   0.20833333   2.0  2.0
   123   Si    0.37500000   0.87500000   0.20833333   2.0  2.0
   124   Si    0.54166667   0.87500000   0.04166667   2.0  2.0
   125   Si    0.62500000   0.79166667   0.12500000   2.0  2.0
   126   Si    0.62500000   0.95833333   0.29166667   2.0  2.0
   127   Si    0.45833333   0.79166667   0.29166667   2.0  2.0
   128   Si    0.45833333   0.95833333   0.12500000   2.0  2.0
   129   Si    0.37500000   0.70833333   0.37500000   2.0  2.0
   130   Si    0.54166667   0.70833333   0.54166667   2.0  2.0
   131   Si    0.37500000   0.87500000   0.54166667   2.0  2.0
   132   Si    0.54166667   0.87500000   0.37500000   2.0  2.0
   133   Si    0.62500000   0.79166667   0.45833333   2.0  2.0
   134   Si    0.62500000   0.95833333   0.62500000   2.0  2.0
   135   Si    0.45833333   0.79166667   0.62500000   2.0  2.0
   136   Si    0.45833333   0.95833333   0.45833333   2.0  2.0
   137   Si    0.37500000   0.70833333   0.70833333   2.0  2.0
   138   Si    0.54166667   0.70833333   0.87500000   2.0  2.0
   139   Si    0.37500000   0.87500000   0.87500000   2.0  2.0
   140   Si    0.54166667   0.87500000   0.70833333   2.0  2.0
   141   Si    0.62500000   0.79166667   0.79166667   2.0  2.0
   142   Si    0.62500000   0.95833333   0.95833333   2.0  2.0
   143   Si    0.45833333   0.79166667   0.95833333   2.0  2.0
   144   Si    0.45833333   0.95833333   0.79166667   2.0  2.0
   145   Si    0.70833333   0.04166667   0.04166667   2.0  2.0
   146   Si    0.87500000   0.04166667   0.20833333   2.0  2.0
   147   Si    0.70833333   0.20833333   0.20833333   2.0  2.0
   148   Si    0.87500000   0.20833333   0.04166667   2.0  2.0
   149   Si    0.95833333   0.12500000   0.12500000   2.0  2.0
   150   Si    0.95833333   0.29166667   0.29166667   2.0  2.0
   151   Si    0.79166667   0.12500000   0.29166667   2.0  2.0
   152   Si    0.79166667   0.29166667   0.12500000   2.0  2.0
   153   Si    0.70833333   0.04166667   0.37500000   2.0  2.0
   154   Si    0.87500000   0.04166667   0.54166667   2.0  2.0
   155   Si    0.70833333   0.20833333   0.54166667   2.0  2.0
   156   Si    0.87500000   0.20833333   0.37500000   2.0  2.0
   157   Si    0.95833333   0.12500000   0.45833333   2.0  2.0
   158   Si    0.95833333   0.29166667   0.62500000   2.0  2.0
   159   Si    0.79166667   0.12500000   0.62500000   2.0  2.0
   160   Si    0.79166667   0.29166667   0.45833333   2.0  2.0
   161   Si    0.70833333   0.04166667   0.70833333   2.0  2.0
   162   Si    0.87500000   0.04166667   0.87500000   2.0  2.0
   163   Si    0.70833333   0.20833333   0.87500000   2.0  2.0
   164   Si    0.87500000   0.20833333   0.70833333   2.0  2.0
   165   Si    0.95833333   0.12500000   0.79166667   2.0  2.0
   166   Si    0.95833333   0.29166667   0.95833333   2.0  2.0
   167   Si    0.79166667   0.12500000   0.95833333   2.0  2.0
   168   Si    0.79166667   0.29166667   0.79166667   2.0  2.0
   169   Si    0.70833333   0.37500000   0.04166667   2.0  2.0
   170   Si    0.87500000   0.37500000   0.20833333   2.0  2.0
   171   Si    0.70833333   0.54166667   0.20833333   2.0  2.0
   172   Si    0.87500000   0.54166667   0.04166667   2.0  2.0
   173   Si    0.95833333   0.45833333   0.12500000   2.0  2.0
   174   Si    0.95833333   0.62500000   0.29166667   2.0  2.0
   175   Si    0.79166667   0.45833333   0.29166667   2.0  2.0
   176   Si    0.79166667   0.62500000   0.12500000   2.0  2.0
   177   Si    0.70833333   0.37500000   0.37500000   2.0  2.0
   178   Si    0.87500000   0.37500000   0.54166667   2.0  2.0
   179   Si    0.70833333   0.54166667   0.54166667   2.0  2.0
   180   Si    0.87500000   0.54166667   0.37500000   2.0  2.0
   181   Si    0.95833333   0.45833333   0.45833333   2.0  2.0
   182   Si    0.95833333   0.62500000   0.62500000   2.0  2.0
   183   Si    0.79166667   0.45833333   0.62500000   2.0  2.0
   184   Si    0.79166667   0.62500000   0.45833333   2.0  2.0
   185   Si    0.70833333   0.37500000   0.70833333   2.0  2.0
   186   Si    0.87500000   0.37500000   0.87500000   2.0  2.0
   187   Si    0.70833333   0.54166667   0.87500000   2.0  2.0
   188   Si    0.87500000   0.54166667   0.70833333   2.0  2.0
   189   Si    0.95833333   0.45833333   0.79166667   2.0  2.0
   190   Si    0.95833333   0.62500000   0.95833333   2.0  2.0
   191   Si    0.79166667   0.45833333   0.95833333   2.0  2.0
   192   Si    0.79166667   0.62500000   0.79166667   2.0  2.0
   193   Si    0.70833333   0.70833333   0.04166667   2.0  2.0
   194   Si    0.87500000   0.70833333   0.20833333   2.0  2.0
   195   Si    0.70833333   0.87500000   0.20833333   2.0  2.0
   196   Si    0.87500000   0.87500000   0.04166667   2.0  2.0
   197   Si    0.95833333   0.79166667   0.12500000   2.0  2.0
   198   Si    0.95833333   0.95833333   0.29166667   2.0  2.0
   199   Si    0.79166667   0.79166667   0.29166667   2.0  2.0
   200   Si    0.79166667   0.95833333   0.12500000   2.0  2.0
   201   Si    0.70833333   0.70833333   0.37500000   2.0  2.0
   202   Si    0.87500000   0.70833333   0.54166667   2.0  2.0
   203   Si    0.70833333   0.87500000   0.54166667   2.0  2.0
   204   Si    0.87500000   0.87500000   0.37500000   2.0  2.0
   205   Si    0.95833333   0.79166667   0.45833333   2.0  2.0
   206   Si    0.95833333   0.95833333   0.62500000   2.0  2.0
   207   Si    0.79166667   0.79166667   0.62500000   2.0  2.0
   208   Si    0.79166667   0.95833333   0.45833333   2.0  2.0
   209   Si    0.70833333   0.70833333   0.70833333   2.0  2.0
   210   Si    0.87500000   0.70833333   0.87500000   2.0  2.0
   211   Si    0.70833333   0.87500000   0.87500000   2.0  2.0
   212   Si    0.87500000   0.87500000   0.70833333   2.0  2.0
   213   Si    0.95833333   0.79166667   0.79166667   2.0  2.0
   214   Si    0.95833333   0.95833333   0.95833333   2.0  2.0
   215   Si    0.79166667   0.79166667   0.95833333   2.0  2.0
   216   Si    0.79166667   0.95833333   0.79166667   2.0  2.0
Atoms.SpeciesAndCoordinates>

Atoms.UnitVectors.Unit             Ang
<Atoms.UnitVectors
     16.2930000     0.0000000     0.0000000
      0.0000000    16.2930000     0.0000000
      0.0000000     0.0000000    16.2930000
Atoms.UnitVectors>

#
# SCF or Electronic System
#

scf.XcType                  GGA-PBE        # LDA|LSDA-CA|LSDA-PW|GGA-PBE
scf.SpinPolarization        NC        # On|Off|NC
scf.ElectronicTemperature  300.0       # default=300 (K)
scf.energycutoff           200.0       # default=150 (Ry)
scf.maxIter                 3          # fixed-iteration timing
scf.EigenvalueSolver       Band        # DC|GDC|Cluster|Band
scf.Kgrid                  2 2 2       # means n1 x n2 x n3
scf.Mixing.Type           rmm-diisk    # Simple|Rmm-Diis|Gr-Pulay|Kerker|Rmm-Diisk
scf.Init.Mixing.Weight     0.30        # default=0.30 
scf.Min.Mixing.Weight      0.001       # default=0.001 
scf.Max.Mixing.Weight      0.700       # default=0.40 
scf.Mixing.History          7          # default=5
scf.Mixing.StartPulay       5          # default=6
scf.criterion             1.0e-15      # pin the SCF count (see header)
scf.eigen.lib             gpusolver

#
# MD or Geometry Optimization
#

MD.Type                      Opt      # Nomd|Opt|NVE|NVT_VS|NVT_NH
MD.maxIter                    1        # default=1
MD.TimeStep                   1        # default=0.5 (fs)
MD.Opt.criterion         1.0e-5        # default=1.0e-4 (Hartree/bohr)

#
# Band dispersion 
#

Band.dispersion              off        # on|off, default=off
<Band.KPath.UnitCell
3.56  0.00  0.00
0.00  3.56  0.00
0.00  0.00  3.56
Band.KPath.UnitCell>

# if <Band.KPath.UnitCell does not exist,
#     the reciprical lattice vector is employed. 
Band.Nkpath                5
<Band.kpath                
   25  0.0 0.0 0.0   1.0 0.0 0.0   g X
   25  1.0 0.0 0.0   1.0 0.5 0.0   X W
   25  1.0 0.5 0.0   0.5 0.5 0.5   W L
   25  0.5 0.5 0.5   0.0 0.0 0.0   L g
   25  0.0 0.0 0.0   1.0 0.0 0.0   g X 
Band.kpath>

#
# MO output
#

MO.fileout                       off    # on|off
num.HOMOs                         1    # default=2
num.LUMOs                         1    # default=2
MO.Nkpoint                        2    # default=1 
<MO.kpoint
  0.0  0.0  0.0
  0.0  0.0  0.2
MO.kpoint>

#
# DOS and PDOS
#

Dos.fileout                   off        # on|off, default=off
#Dos.Erange              -25.0  20.0    # default = -20 20 
#Dos.Kgrid                12 12 12      # default = Kgrid1 Kgrid2 Kgrid3
#FermiSurfer.fileout          off       



***********************************************************
***********************************************************

  Required cutoff energy (Ryd) for 3D-grids = 200.0000
      Used cutoff energy (Ryd) for 3D-grids = 204.0591, 204.0591, 204.0591
  Num. of grids of a-, b-, and c-axes = 140, 140, 140

  Num.Grid1.   140
  Num.Grid2.   140
  Num.Grid3.   140


  Cell_Volume =  29187.686966108606 (Bohr^3)
  GridVol     =      0.010636912160 (Bohr^3)
  Cell vectors (bohr) of the grid cell (gtv)
    gtv_a =  0.219923610942,  0.000000000000,  0.000000000000
    gtv_b =  0.000000000000,  0.219923610942,  0.000000000000
    gtv_c =  0.000000000000,  0.000000000000,  0.219923610942
    |gtv_a| =  0.219923610942
    |gtv_b| =  0.219923610942
    |gtv_c| =  0.219923610942

***********************************************************
***********************************************************


***********************************************************
***********************************************************
                  SCF history at MD= 1                    
***********************************************************
***********************************************************

   SCF=   1  NormRD=  1.000000000000  Uele= -248.207938481020
   SCF=   2  NormRD=  9.907560720655  Uele= -248.207938481020
   SCF=   3  NormRD=  9.877882595626  Uele= -248.259601713621

*******************************************************
        Total energy (Hartree) at MD = 1        
*******************************************************

  Uele.       -248.259601713621

  Ukin.        322.576370905590
  UH0.      -15767.675193827479
  UH1.           0.009136509844
  Una.        -359.308652923119
  Unl.         131.163057176369
  Uxc0.       -153.174241786793
  Uxc1.       -153.174241786792
  Ucore.     15086.873067066355
  Uhub.          0.000000000000
  Ucs.           0.000000000000
  Uzs.           0.000000000000
  Uzo.           0.000000000000
  Uef.           0.000000000000
  UvdW.          0.000000000000
  Uch.           0.000000000000
  Utot.       -892.710698666026

  UpV.           0.000000000000
  Enpy.       -892.710698666026
  Note:

  Utot = Ukin+UH0+UH1+Una+Unl+Uxc0+Uxc1+Ucore+Uhub+Ucs+Uzs+Uzo+Uef+UvdW+Uch

  Uele:   band energy
  Ukin:   kinetic energy
  UH0:    electric part of screened Coulomb energy
  UH1:    difference electron-electron Coulomb energy
  Una:    neutral atom potential energy
  Unl:    non-local potential energy
  Uxc0:   exchange-correlation energy for alpha spin
  Uxc1:   exchange-correlation energy for beta spin
  Ucore:  core-core Coulomb energy
  Uhub:   LDA+U energy
  Ucs:    constraint energy for spin orientation
  Uzs:    Zeeman term for spin magnetic moment
  Uzo:    Zeeman term for orbital magnetic moment
  Uef:    electric energy by electric field
  UvdW:   semi-empirical vdW energy
  Uch:    penalty term to create a core hole

  UpV:    pressure times volume
  Enpy:   Enthalpy = Utot + UpV
  (see also PRB 72, 045121(2005) for the energy contributions)



  Chemical potential (Hartree)      -0.091799080492

***********************************************************
***********************************************************
           Eigenvalues (Hartree) of SCF KS-eq.           
***********************************************************
***********************************************************

   Chemical Potential (Hartree) =  -0.09179908049161
   Number of States             = 863.99999999999966
   Eigenvalues


   kloop=0
   k1=   0.00000 k2=  -0.00000 k3=   0.00000

    1   -0.54053719472250
    2   -0.54053719472250
    3   -0.52311955678762
    4   -0.52311955678762
    5   -0.52311955678762
    6   -0.52311955678762
    7   -0.52311955678755
    8   -0.52311955678755
    9   -0.52311955678754
   10   -0.52311955678754
   11   -0.52311955677884
   12   -0.52311955677884
   13   -0.52311955677870
   14   -0.52311955677870
   15   -0.50573798248710
   16   -0.50573798248710
   17   -0.50573798248710
   18   -0.50573798248710
   19   -0.50573798248710
   20   -0.50573798248710
   21   -0.50573798248709
   22   -0.50573798248709
   23   -0.50573798248101
   24   -0.50573798248101
   25   -0.50573798248100
   26   -0.50573798248100
   27   -0.50573789052987
   28   -0.50573789052987
   29   -0.50573789052987
   30   -0.50573789052987
   31   -0.50573789052602
   32   -0.50573789052602
   33   -0.50573789052602
   34   -0.50573789052602
   35   -0.50573789052602
   36   -0.50573789052602
   37   -0.50573789052602
   38   -0.50573789052601
   39   -0.48963628901705
   40   -0.48963628901705
   41   -0.48963628900671
   42   -0.48963628900671
   43   -0.48963628900671
   44   -0.48963628900670
   45   -0.48963628579125
   46   -0.48963628579125
   47   -0.48963613558704
   48   -0.48963613558704
   49   -0.48963613558703
   50   -0.48963613558703
   51   -0.48963613557578
   52   -0.48963613557578
   53   -0.48963600106054
   54   -0.48963600106054
   55   -0.47061803884040
   56   -0.47061803884040
   57   -0.47061803884040
   58   -0.47061803884040
   59   -0.47061803880691
   60   -0.47061803880691
   61   -0.47061785134865
   62   -0.47061785134865
   63   -0.47061785134005
   64   -0.47061785134005
   65   -0.47061766054362
   66   -0.47061766054362
   67   -0.45589682628038
   68   -0.45589682628038
   69   -0.45589682628038
   70   -0.45589682628038
   71   -0.45589682626684
   72   -0.45589682626684
   73   -0.45589682626683
   74   -0.45589682626683
   75   -0.45589682626683
   76   -0.45589682626683
   77   -0.45589682626683
   78   -0.45589682626682
   79   -0.45589681109151
   80   -0.45589681109151
   81   -0.45589681109151
   82   -0.45589681109151
   83   -0.45589681108293
   84   -0.45589681108293
   85   -0.45589681108293
   86   -0.45589681108293
   87   -0.45589681108293
   88   -0.45589681108293
   89   -0.45589681108293
   90   -0.45589681108292
   91   -0.45589666160801
   92   -0.45589666160801
   93   -0.45589666160789
   94   -0.45589666160789
   95   -0.45589666159276
   96   -0.45589666159276
   97   -0.45589666159276
   98   -0.45589666159276
   99   -0.45589666159270
  100   -0.45589666159270
  101   -0.45589666159270
  102   -0.45589666159270
  103   -0.45589650977958
  104   -0.45589650977958
  105   -0.45589650977947
  106   -0.45589650977947
  107   -0.45589650975018
  108   -0.45589650975018
  109   -0.45589650975017
  110   -0.45589650975017
  111   -0.45589650975012
  112   -0.45589650975012
  113   -0.45589650975012
  114   -0.45589650975012
  115   -0.44769864741924
  116   -0.44769864741924
  117   -0.44769864741924
  118   -0.44769864741924
  119   -0.44769864741920
  120   -0.44769864741920
  121   -0.44769864741920
  122   -0.44769864741920
  123   -0.44769864740670
  124   -0.44769864740670
  125   -0.44769864740662
  126   -0.44769864740662
  127   -0.44769854420805
  128   -0.44769854420805
  129   -0.44769854420804
  130   -0.44769854420804
  131   -0.44769854420804
  132   -0.44769854420803
  133   -0.44769854420803
  134   -0.44769854420803
  135   -0.44769854419403
  136   -0.44769854419403
  137   -0.44769854419402
  138   -0.44769854419402
  139   -0.44769847104481
  140   -0.44769847104481
  141   -0.44769847104481
  142   -0.44769847104481
  143   -0.44769847104477
  144   -0.44769847104477
  145   -0.44769847104477
  146   -0.44769847104477
  147   -0.44769847102497
  148   -0.44769847102497
  149   -0.44769847102489
  150   -0.44769847102489
  151   -0.44769841875605
  152   -0.44769841875605
  153   -0.44769841875605
  154   -0.44769841875605
  155   -0.44769841875604
  156   -0.44769841875604
  157   -0.44769841875603
  158   -0.44769841875603
  159   -0.44769841874589
  160   -0.44769841874589
  161   -0.44769841874588
  162   -0.44769841874588
  163   -0.41885983841882
  164   -0.41885983841882
  165   -0.41885983841130
  166   -0.41885983841130
  167   -0.41885983841130
  168   -0.41885983841130
  169   -0.41885968231599
  170   -0.41885968231599
  171   -0.41885968230014
  172   -0.41885968230014
  173   -0.41885962744280
  174   -0.41885962744280
  175   -0.41885962741451
  176   -0.41885962741451
  177   -0.41885962741451
  178   -0.41885962741451
  179   -0.41885962690737
  180   -0.41885962690737
  181   -0.41885962688586
  182   -0.41885962688586
  183   -0.41885962688586
  184   -0.41885962688586
  185   -0.41885962318134
  186   -0.41885962318134
  187   -0.38706389494132
  188   -0.38706389494132
  189   -0.38706389494132
  190   -0.38706389494132
  191   -0.38706389494113
  192   -0.38706389494113
  193   -0.38706389494112
  194   -0.38706389494112
  195   -0.38706389487837
  196   -0.38706389487837
  197   -0.38706389487799
  198   -0.38706389487799
  199   -0.38196836465408
  200   -0.38196836465407
  201   -0.38196836465407
  202   -0.38196836465407
  203   -0.38196836465208
  204   -0.38196836465208
  205   -0.38196836465207
  206   -0.38196836465207
  207   -0.38196836465207
  208   -0.38196836465207
  209   -0.38196836465207
  210   -0.38196836465207
  211   -0.38196826762669
  212   -0.38196826762669
  213   -0.38196826762656
  214   -0.38196826762656
  215   -0.38196826759031
  216   -0.38196826759031
  217   -0.38196826759031
  218   -0.38196826759031
  219   -0.38196826759025
  220   -0.38196826759025
  221   -0.38196826759025
  222   -0.38196826759025
  223   -0.38196826287321
  224   -0.38196826287321
  225   -0.38196826287321
  226   -0.38196826287321
  227   -0.38196826287231
  228   -0.38196826287230
  229   -0.38196826287230
  230   -0.38196826287230
  231   -0.38196826287229
  232   -0.38196826287229
  233   -0.38196826287229
  234   -0.38196826287229
  235   -0.38196826085205
  236   -0.38196826085204
  237   -0.38196826085192
  238   -0.38196826085192
  239   -0.38196826080939
  240   -0.38196826080939
  241   -0.38196826080939
  242   -0.38196826080939
  243   -0.38196826080933
  244   -0.38196826080933
  245   -0.38196826080932
  246   -0.38196826080932
  247   -0.34843321399225
  248   -0.34843321399225
  249   -0.34843321399126
  250   -0.34843321399126
  251   -0.34843321399125
  252   -0.34843321399125
  253   -0.34843310512448
  254   -0.34843310512448
  255   -0.34843310508157
  256   -0.34843310508157
  257   -0.34843310420186
  258   -0.34843310420186
  259   -0.34843310416377
  260   -0.34843310416377
  261   -0.34843310416376
  262   -0.34843310416376
  263   -0.34843306180848
  264   -0.34843306180848
  265   -0.34843306176524
  266   -0.34843306176524
  267   -0.34843306176523
  268   -0.34843306176523
  269   -0.34843300785575
  270   -0.34843300785575
  271   -0.34528254869719
  272   -0.34528254869719
  273   -0.34528254869719
  274   -0.34528254869719
  275   -0.34528254869714
  276   -0.34528254869714
  277   -0.34528254869714
  278   -0.34528254869714
  279   -0.34528254869326
  280   -0.34528254869326
  281   -0.34528254869316
  282   -0.34528254869316
  283   -0.34528253255738
  284   -0.34528253255738
  285   -0.34528253255738
  286   -0.34528253255738
  287   -0.34528253255409
  288   -0.34528253255409
  289   -0.34528253255409
  290   -0.34528253255409
  291   -0.34528253255409
  292   -0.34528253255408
  293   -0.34528253255408
  294   -0.34528253255408
  295   -0.34528252818030
  296   -0.34528252818030
  297   -0.34528252818030
  298   -0.34528252818030
  299   -0.34528252817965
  300   -0.34528252817965
  301   -0.34528252817965
  302   -0.34528252817965
  303   -0.34528252817965
  304   -0.34528252817964
  305   -0.34528252817964
  306   -0.34528252817964
  307   -0.34528252068622
  308   -0.34528252068622
  309   -0.34528252068612
  310   -0.34528252068612
  311   -0.34528252068313
  312   -0.34528252068313
  313   -0.34528252068313
  314   -0.34528252068313
  315   -0.34528252068308
  316   -0.34528252068308
  317   -0.34528252068308
  318   -0.34528252068308
  319   -0.30624826954943
  320   -0.30624826954943
  321   -0.30624826954943
  322   -0.30624826954943
  323   -0.30624826954943
  324   -0.30624826954943
  325   -0.30624826954943
  326   -0.30624826954942
  327   -0.30624826952368
  328   -0.30624826952367
  329   -0.30624826952367
  330   -0.30624826952367
  331   -0.30624823733261
  332   -0.30624823733261
  333   -0.30624823733261
  334   -0.30624823733261
  335   -0.30624823733261
  336   -0.30624823733260
  337   -0.30624823733260
  338   -0.30624823733260
  339   -0.30624823728181
  340   -0.30624823728181
  341   -0.30624823728179
  342   -0.30624823728179
  343   -0.30624812826122
  344   -0.30624812826122
  345   -0.30624812826106
  346   -0.30624812826106
  347   -0.30624812825364
  348   -0.30624812825364
  349   -0.30624812825364
  350   -0.30624812825364
  351   -0.30624812825356
  352   -0.30624812825356
  353   -0.30624812825356
  354   -0.30624812825356
  355   -0.30624811810879
  356   -0.30624811810879
  357   -0.30624811810879
  358   -0.30624811810879
  359   -0.30624811810871
  360   -0.30624811810871
  361   -0.30624811810871
  362   -0.30624811810871
  363   -0.30624811808725
  364   -0.30624811808725
  365   -0.30624811808708
  366   -0.30624811808708
  367   -0.29816646520313
  368   -0.29816646520313
  369   -0.29816646518907
  370   -0.29816646518907
  371   -0.29816646518907
  372   -0.29816646518906
  373   -0.29816638176171
  374   -0.29816638176171
  375   -0.29816638176171
  376   -0.29816638176171
  377   -0.29816638171705
  378   -0.29816638171705
  379   -0.29816631549607
  380   -0.29816631549607
  381   -0.29816621614412
  382   -0.29816621614412
  383   -0.28223336342024
  384   -0.28223336342023
  385   -0.28223336342023
  386   -0.28223336342023
  387   -0.28223336342001
  388   -0.28223336342001
  389   -0.28223322924207
  390   -0.28223322924206
  391   -0.28223309140043
  392   -0.28223309140043
  393   -0.28223309132183
  394   -0.28223309132183
  395   -0.26885109082249
  396   -0.26885109082249
  397   -0.26885109082144
  398   -0.26885109082144
  399   -0.26885109082144
  400   -0.26885109082144
  401   -0.26885100188642
  402   -0.26885100188642
  403   -0.26885100188642
  404   -0.26885100188642
  405   -0.26885100186224
  406   -0.26885100186224
  407   -0.26885098268111
  408   -0.26885098268111
  409   -0.26885098254069
  410   -0.26885098254069
  411   -0.26885097213176
  412   -0.26885097213176
  413   -0.26885097213176
  414   -0.26885097213176
  415   -0.26885097212996
  416   -0.26885097212996
  417   -0.26885066441705
  418   -0.26885066441705
  419   -0.23924353476015
  420   -0.23924353476014
  421   -0.23924353476014
  422   -0.23924353476014
  423   -0.23924353476002
  424   -0.23924353476002
  425   -0.23924353476002
  426   -0.23924353476002
  427   -0.23924353465500
  428   -0.23924353465500
  429   -0.23924353465475
  430   -0.23924353465475
  431   -0.23924351595949
  432   -0.23924351595949
  433   -0.23924351595948
  434   -0.23924351595948
  435   -0.23924351595948
  436   -0.23924351595948
  437   -0.23924351595947
  438   -0.23924351595947
  439   -0.23924351595741
  440   -0.23924351595740
  441   -0.23924351595740
  442   -0.23924351595740
  443   -0.23924334581177
  444   -0.23924334581177
  445   -0.23924334581176
  446   -0.23924334581176
  447   -0.23924334581164
  448   -0.23924334581164
  449   -0.23924334581164
  450   -0.23924334581164
  451   -0.23924334570718
  452   -0.23924334570718
  453   -0.23924334570693
  454   -0.23924334570693
  455   -0.23924333928759
  456   -0.23924333928758
  457   -0.23924333928758
  458   -0.23924333928758
  459   -0.23924333928758
  460   -0.23924333928758
  461   -0.23924333928758
  462   -0.23924333928757
  463   -0.23924333920985
  464   -0.23924333920985
  465   -0.23924333920984
  466   -0.23924333920984
  467   -0.23603781721760
  468   -0.23603781721760
  469   -0.23603781721760
  470   -0.23603781721760
  471   -0.23603781721760
  472   -0.23603781721760
  473   -0.23603781721759
  474   -0.23603781721759
  475   -0.23603781721069
  476   -0.23603781721068
  477   -0.23603781721068
  478   -0.23603781721068
  479   -0.23603780167471
  480   -0.23603780167471
  481   -0.23603780167449
  482   -0.23603780167449
  483   -0.23603780163417
  484   -0.23603780163417
  485   -0.23603780163417
  486   -0.23603780163416
  487   -0.23603780163406
  488   -0.23603780163406
  489   -0.23603780163406
  490   -0.23603780163406
  491   -0.23603776631047
  492   -0.23603776631047
  493   -0.23603776631047
  494   -0.23603776631047
  495   -0.23603776631047
  496   -0.23603776631047
  497   -0.23603776631047
  498   -0.23603776631046
  499   -0.23603776628139
  500   -0.23603776628139
  501   -0.23603776628138
  502   -0.23603776628138
  503   -0.23603761352067
  504   -0.23603761352067
  505   -0.23603761352046
  506   -0.23603761352046
  507   -0.23603761349214
  508   -0.23603761349214
  509   -0.23603761349214
  510   -0.23603761349214
  511   -0.23603761349203
  512   -0.23603761349203
  513   -0.23603761349203
  514   -0.23603761349203
  515   -0.23585463214309
  516   -0.23585463214309
  517   -0.23585463214309
  518   -0.23585463214309
  519   -0.23585463214309
  520   -0.23585463214309
  521   -0.23585463214309
  522   -0.23585463214308
  523   -0.23585463213446
  524   -0.23585463213446
  525   -0.23585463213446
  526   -0.23585463213446
  527   -0.23585452461545
  528   -0.23585452461545
  529   -0.23585452461545
  530   -0.23585452461545
  531   -0.23585452461545
  532   -0.23585452461545
  533   -0.23585452461545
  534   -0.23585452461544
  535   -0.23585452460400
  536   -0.23585452460400
  537   -0.23585452460399
  538   -0.23585452460399
  539   -0.20709960527080
  540   -0.20709960527080
  541   -0.20709960527080
  542   -0.20709960527079
  543   -0.20709960509548
  544   -0.20709960509548
  545   -0.20709960509548
  546   -0.20709960509548
  547   -0.20709960509548
  548   -0.20709960509548
  549   -0.20709960509548
  550   -0.20709960509547
  551   -0.20412282979125
  552   -0.20412282979125
  553   -0.20412282979124
  554   -0.20412282979124
  555   -0.20412282975471
  556   -0.20412282975471
  557   -0.20412282975470
  558   -0.20412282975470
  559   -0.20412282975470
  560   -0.20412282975470
  561   -0.20412282975470
  562   -0.20412282975470
  563   -0.20412272102542
  564   -0.20412272102542
  565   -0.20412272102541
  566   -0.20412272102541
  567   -0.20412272102540
  568   -0.20412272102540
  569   -0.20412272102540
  570   -0.20412272102539
  571   -0.20412272100352
  572   -0.20412272100352
  573   -0.20412272100348
  574   -0.20412272100348
  575   -0.20412257705363
  576   -0.20412257705363
  577   -0.20412257705363
  578   -0.20412257705363
  579   -0.20412257705363
  580   -0.20412257705363
  581   -0.20412257705362
  582   -0.20412257705362
  583   -0.20412257698684
  584   -0.20412257698683
  585   -0.20412257698683
  586   -0.20412257698683
  587   -0.20412240917292
  588   -0.20412240917292
  589   -0.20412240917291
  590   -0.20412240917291
  591   -0.20412240917290
  592   -0.20412240917290
  593   -0.20412240917290
  594   -0.20412240917290
  595   -0.20412240906888
  596   -0.20412240906888
  597   -0.20412240906884
  598   -0.20412240906884
  599   -0.19180598060714
  600   -0.19180598060714
  601   -0.19180598060714
  602   -0.19180598060714
  603   -0.19180598057211
  604   -0.19180598057211
  605   -0.19180598057211
  606   -0.19180598057211
  607   -0.19180598057211
  608   -0.19180598057211
  609   -0.19180598057211
  610   -0.19180598057210
  611   -0.19180581460061
  612   -0.19180581460061
  613   -0.19180581460061
  614   -0.19180581460061
  615   -0.19180581460061
  616   -0.19180581460061
  617   -0.19180581460061
  618   -0.19180581460061
  619   -0.19180581458301
  620   -0.19180581458301
  621   -0.19180581458300
  622   -0.19180581458300
  623   -0.19075370747040
  624   -0.19075370747040
  625   -0.19075370743094
  626   -0.19075370743094
  627   -0.19075370743093
  628   -0.19075370743093
  629   -0.19075369739961
  630   -0.19075369739961
  631   -0.19075369739960
  632   -0.19075369739960
  633   -0.19075369733537
  634   -0.19075369733537
  635   -0.19075343404918
  636   -0.19075343404918
  637   -0.19075343404917
  638   -0.19075343404917
  639   -0.19075343400450
  640   -0.19075343400450
  641   -0.19075342513738
  642   -0.19075342513738
  643   -0.19075342512131
  644   -0.19075342512131
  645   -0.19075342512131
  646   -0.19075342512130
  647   -0.18680037185788
  648   -0.18680037185788
  649   -0.18680037185788
  650   -0.18680037185788
  651   -0.18680037178820
  652   -0.18680037178820
  653   -0.18680037178820
  654   -0.18680037178819
  655   -0.18680037178819
  656   -0.18680037178819
  657   -0.18680037178819
  658   -0.18680037178819
  659   -0.18680036853073
  660   -0.18680036853073
  661   -0.18680036853072
  662   -0.18680036853072
  663   -0.18680036853072
  664   -0.18680036853072
  665   -0.18680036853072
  666   -0.18680036853072
  667   -0.18680036852826
  668   -0.18680036852826
  669   -0.18680036852826
  670   -0.18680036852826
  671   -0.18680011714704
  672   -0.18680011714704
  673   -0.18680011714698
  674   -0.18680011714698
  675   -0.18680011701505
  676   -0.18680011701505
  677   -0.18680011701505
  678   -0.18680011701505
  679   -0.18680011701502
  680   -0.18680011701502
  681   -0.18680011701502
  682   -0.18680011701502
  683   -0.18679984155268
  684   -0.18679984155268
  685   -0.18679984155262
  686   -0.18679984155262
  687   -0.18679984151776
  688   -0.18679984151776
  689   -0.18679984151775
  690   -0.18679984151775
  691   -0.18679984151773
  692   -0.18679984151773
  693   -0.18679984151773
  694   -0.18679984151772
  695   -0.17890521342765
  696   -0.17890521342765
  697   -0.17890521335831
  698   -0.17890521335831
  699   -0.17890521335831
  700   -0.17890521335831
  701   -0.17890497306357
  702   -0.17890497306357
  703   -0.17890497306356
  704   -0.17890497306356
  705   -0.17890497298585
  706   -0.17890497298585
  707   -0.17890492005644
  708   -0.17890492005644
  709   -0.17890484378202
  710   -0.17890484378202
  711   -0.17890484378202
  712   -0.17890484378202
  713   -0.17890484365225
  714   -0.17890484365225
  715   -0.17890443038486
  716   -0.17890443038486
  717   -0.17890443025005
  718   -0.17890443025005
  719   -0.17181927640457
  720   -0.17181927640457
  721   -0.17181927640414
  722   -0.17181927640414
  723   -0.17181927629092
  724   -0.17181927629092
  725   -0.17181927629092
  726   -0.17181927629092
  727   -0.17181927629071
  728   -0.17181927629071
  729   -0.17181927629070
  730   -0.17181927629070
  731   -0.16607977294866
  732   -0.16607977294866
  733   -0.16607977294856
  734   -0.16607977294856
  735   -0.16607977293110
  736   -0.16607977293110
  737   -0.16607977293110
  738   -0.16607977293110
  739   -0.16607977293105
  740   -0.16607977293105
  741   -0.16607977293105
  742   -0.16607977293105
  743   -0.16607948228647
  744   -0.16607948228647
  745   -0.16607948228647
  746   -0.16607948228647
  747   -0.16607948221005
  748   -0.16607948221005
  749   -0.16607948221005
  750   -0.16607948221005
  751   -0.16607948221005
  752   -0.16607948221005
  753   -0.16607948221005
  754   -0.16607948221005
  755   -0.16607945305910
  756   -0.16607945305910
  757   -0.16607945305909
  758   -0.16607945305909
  759   -0.16607945300962
  760   -0.16607945300962
  761   -0.16607945300962
  762   -0.16607945300962
  763   -0.16607945300962
  764   -0.16607945300962
  765   -0.16607945300961
  766   -0.16607945300961
  767   -0.16607914574955
  768   -0.16607914574955
  769   -0.16607914574945
  770   -0.16607914574945
  771   -0.16607914559488
  772   -0.16607914559488
  773   -0.16607914559488
  774   -0.16607914559488
  775   -0.16607914559483
  776   -0.16607914559483
  777   -0.16607914559483
  778   -0.16607914559483
  779   -0.14442189597962
  780   -0.14442189597962
  781   -0.14442189597962
  782   -0.14442189597962
  783   -0.14442189597962
  784   -0.14442189597962
  785   -0.14442189597962
  786   -0.14442189597962
  787   -0.14442189591273
  788   -0.14442189591273
  789   -0.14442189591272
  790   -0.14442189591272
  791   -0.14442189411451
  792   -0.14442189411451
  793   -0.14442189411451
  794   -0.14442189411451
  795   -0.14442189410180
  796   -0.14442189410180
  797   -0.14442189410180
  798   -0.14442189410180
  799   -0.14442189410180
  800   -0.14442189410180
  801   -0.14442189410179
  802   -0.14442189410179
  803   -0.13604295504159
  804   -0.13604295504159
  805   -0.13604295504159
  806   -0.13604295504159
  807   -0.13604295498260
  808   -0.13604295498260
  809   -0.13604273466777
  810   -0.13604273466777
  811   -0.13604273465409
  812   -0.13604273465409
  813   -0.13604269348099
  814   -0.13604269348099
  815   -0.13604269331530
  816   -0.13604269331529
  817   -0.13604269331529
  818   -0.13604269331529
  819   -0.13604252121254
  820   -0.13604252121254
  821   -0.13604252120347
  822   -0.13604252120347
  823   -0.13604252120347
  824   -0.13604252120347
  825   -0.13604248669735
  826   -0.13604248669735
  827   -0.13604248669735
  828   -0.13604248669735
  829   -0.13604248651641
  830   -0.13604248651641
  831   -0.13604225506920
  832   -0.13604225506920
  833   -0.13604225498418
  834   -0.13604225498418
  835   -0.11896616558882
  836   -0.11896616558882
  837   -0.11896616558882
  838   -0.11896616558882
  839   -0.11896616558882
  840   -0.11896616558881
  841   -0.11896616558881
  842   -0.11896616558881
  843   -0.11896616552082
  844   -0.11896616552082
  845   -0.11896616552081
  846   -0.11896616552081
  847   -0.11896616203149
  848   -0.11896616203149
  849   -0.11896616203149
  850   -0.11896616203149
  851   -0.11896616200774
  852   -0.11896616200774
  853   -0.11896616200774
  854   -0.11896616200774
  855   -0.11896616200774
  856   -0.11896616200774
  857   -0.11896616200773
  858   -0.11896616200773
  859   -0.09770410745481
  860   -0.09770410745481
  861   -0.09770410727461
  862   -0.09770410727460
  863   -0.09770410727460
  864   -0.09770410727460
  865   -0.07938041925419
  866   -0.07938041925419
  867   -0.07938041925409
  868   -0.07938041925408
  869   -0.07938041890518
  870   -0.07938041890518
  871   -0.07938041890518
  872   -0.07938041890517
  873   -0.07938041890513
  874   -0.07938041890513
  875   -0.07938041890513
  876   -0.07938041890512
  877   -0.07885434978516
  878   -0.07885434978516
  879   -0.07885434956982
  880   -0.07885434956982
  881   -0.07885434956982
  882   -0.07885434956982
  883   -0.07885388422931
  884   -0.07885388422931
  885   -0.07885388418727
  886   -0.07885388418727
  887   -0.07885338204345
  888   -0.07885338204345
  889   -0.04560257684639
  890   -0.04560257684639
  891   -0.04560257684639
  892   -0.04560257684639
  893   -0.04560257671338
  894   -0.04560257671338
  895   -0.04560244140349
  896   -0.04560244140349
  897   -0.04560244133787
  898   -0.04560244133787
  899   -0.04560179303909
  900   -0.04560179303909
  901   -0.04560179286234
  902   -0.04560179286234
  903   -0.04560179286234
  904   -0.04560179286234
  905   -0.04560177759568
  906   -0.04560177759568
  907   -0.04560177759568
  908   -0.04560177759567
  909   -0.04560177755891
  910   -0.04560177755891
  911   -0.04560056513198
  912   -0.04560056513198
  913   -0.03998743353316
  914   -0.03998743353316
  915   -0.03998743353297
  916   -0.03998743353297
  917   -0.03998743322343
  918   -0.03998743322342
  919   -0.03998743322342
  920   -0.03998743322342
  921   -0.03998743322333
  922   -0.03998743322333
  923   -0.03998743322333
  924   -0.03998743322333
  925   -0.03086841819632
  926   -0.03086841819631
  927   -0.03086841812371
  928   -0.03086841812371
  929   -0.03086841812370
  930   -0.03086841812370
  931   -0.03086787281422
  932   -0.03086787281422
  933   -0.03086787277196
  934   -0.03086787277196
  935   -0.03086787277195
  936   -0.03086787277195
  937   -0.03086759678887
  938   -0.03086759678887
  939   -0.03086598279931
  940   -0.03086598279931
  941   -0.02476999827328
  942   -0.02476999827328
  943   -0.02476999827328
  944   -0.02476999827328
  945   -0.02476999827328
  946   -0.02476999827328
  947   -0.02476999827328
  948   -0.02476999827328
  949   -0.02476999796897
  950   -0.02476999796897
  951   -0.02476999796897
  952   -0.02476999796897
  953   -0.02476957791406
  954   -0.02476957791406
  955   -0.02476957791399
  956   -0.02476957791399
  957   -0.02476957788766
  958   -0.02476957788766
  959   -0.02476957788766
  960   -0.02476957788766
  961   -0.02476957788763
  962   -0.02476957788763
  963   -0.02476957788763
  964   -0.02476957788763
  965   -0.02476915259444
  966   -0.02476915259444
  967   -0.02476915259444
  968   -0.02476915259444
  969   -0.02476915221582
  970   -0.02476915221582
  971   -0.02476915221582
  972   -0.02476915221582
  973   -0.02476915221582
  974   -0.02476915221582
  975   -0.02476915221582
  976   -0.02476915221582
  977   -0.02476874131288
  978   -0.02476874131288
  979   -0.02476874131281
  980   -0.02476874131281
  981   -0.02476874091990
  982   -0.02476874091990
  983   -0.02476874091990
  984   -0.02476874091990
  985   -0.02476874091987
  986   -0.02476874091987
  987   -0.02476874091987
  988   -0.02476874091987
  989   -0.02192139165053
  990   -0.02192139165053
  991   -0.02192139102682
  992   -0.02192139102681
  993   -0.02192139102681
  994   -0.02192139102681
  995   -0.02191805736947
  996   -0.02191805736947
  997   -0.02191805679407
  998   -0.02191805679407
  999   -0.02191563591876
 1000   -0.02191563591876
 1001   -0.00790594081555
 1002   -0.00790594081555
 1003   -0.00790594034033
 1004   -0.00790594034033
 1005   -0.00790594034032
 1006   -0.00790594034032
 1007    0.00299940506900
 1008    0.00299940506900
 1009    0.00299940506900
 1010    0.00299940506900
 1011    0.00299940506920
 1012    0.00299940506920
 1013    0.00299940506920
 1014    0.00299940506921
 1015    0.00299940545428
 1016    0.00299940545428
 1017    0.00299940545468
 1018    0.00299940545468
 1019    0.00299953271071
 1020    0.00299953271071
 1021    0.00299953271072
 1022    0.00299953271072
 1023    0.00299953282503
 1024    0.00299953282503
 1025    0.00299953282503
 1026    0.00299953282503
 1027    0.00299953282503
 1028    0.00299953282503
 1029    0.00299953282503
 1030    0.00299953282503
 1031    0.00300052849791
 1032    0.00300052849791
 1033    0.00300052849791
 1034    0.00300052849791
 1035    0.00300052849791
 1036    0.00300052849791

   kloop=1
   k1=   0.00000 k2=  -0.00000 k3=   0.50000

    1   -0.53624517403282
    2   -0.53624517403282
    3   -0.53624517403275
    4   -0.53624517403275
    5   -0.51873182720056
    6   -0.51873182720056
    7   -0.51873182720056
    8   -0.51873182720056
    9   -0.51873182720052
   10   -0.51873182720051
   11   -0.51873182720051
   12   -0.51873182720051
   13   -0.51873182617923
   14   -0.51873182617923
   15   -0.51873182617923
   16   -0.51873182617922
   17   -0.51873182617918
   18   -0.51873182617918
   19   -0.51873182617918
   20   -0.51873182617917
   21   -0.50162925610902
   22   -0.50162925610902
   23   -0.50162925610902
   24   -0.50162925610902
   25   -0.50162925610895
   26   -0.50162925610895
   27   -0.50162925610895
   28   -0.50162925610895
   29   -0.50162925324316
   30   -0.50162925324316
   31   -0.50162925324309
   32   -0.50162925324309
   33   -0.50162910577064
   34   -0.50162910577064
   35   -0.50162910577058
   36   -0.50162910577058
   37   -0.50111373531414
   38   -0.50111373531414
   39   -0.50111373531393
   40   -0.50111373531393
   41   -0.48458741876076
   42   -0.48458741876076
   43   -0.48458741876076
   44   -0.48458741876075
   45   -0.48458741876072
   46   -0.48458741876072
   47   -0.48458741876071
   48   -0.48458741876071
   49   -0.48458735812237
   50   -0.48458735812237
   51   -0.48458735812237
   52   -0.48458735812237
   53   -0.48458735812232
   54   -0.48458735812232
   55   -0.48458735812232
   56   -0.48458735812232
   57   -0.47079063350720
   58   -0.47079063350720
   59   -0.47079063350703
   60   -0.47079063350702
   61   -0.47079054106673
   62   -0.47079054106673
   63   -0.47079054106673
   64   -0.47079054106673
   65   -0.47079054106656
   66   -0.47079054106656
   67   -0.47079054106656
   68   -0.47079054106656
   69   -0.47079048572674
   70   -0.47079048572674
   71   -0.47079048572656
   72   -0.47079048572656
   73   -0.46684730575600
   74   -0.46684730575600
   75   -0.46684730575600
   76   -0.46684730575600
   77   -0.46684730575594
   78   -0.46684730575594
   79   -0.46684730575594
   80   -0.46684730575593
   81   -0.46684712484438
   82   -0.46684712484438
   83   -0.46684712484432
   84   -0.46684712484432
   85   -0.46684698660658
   86   -0.46684698660658
   87   -0.46684698660652
   88   -0.46684698660652
   89   -0.45342754814948
   90   -0.45342754814948
   91   -0.45342754814947
   92   -0.45342754814947
   93   -0.45342754814943
   94   -0.45342754814943
   95   -0.45342754814943
   96   -0.45342754814943
   97   -0.45342753284030
   98   -0.45342753284030
   99   -0.45342753284030
  100   -0.45342753284030
  101   -0.45342753284026
  102   -0.45342753284026
  103   -0.45342753284026
  104   -0.45342753284025
  105   -0.45342733183159
  106   -0.45342733183158
  107   -0.45342733183158
  108   -0.45342733183158
  109   -0.45342733183154
  110   -0.45342733183154
  111   -0.45342733183154
  112   -0.45342733183154
  113   -0.45342732627619
  114   -0.45342732627619
  115   -0.45342732627618
  116   -0.45342732627618
  117   -0.45342732627615
  118   -0.45342732627614
  119   -0.45342732627614
  120   -0.45342732627614
  121   -0.44427130888721
  122   -0.44427130888721
  123   -0.44427130888721
  124   -0.44427130888721
  125   -0.44427130888717
  126   -0.44427130888717
  127   -0.44427130888717
  128   -0.44427130888717
  129   -0.44427120562848
  130   -0.44427120562848
  131   -0.44427120562847
  132   -0.44427120562847
  133   -0.44427120562844
  134   -0.44427120562844
  135   -0.44427120562844
  136   -0.44427120562844
  137   -0.43904297511967
  138   -0.43904297511967
  139   -0.43904297511967
  140   -0.43904297511967
  141   -0.43904297511952
  142   -0.43904297511952
  143   -0.43904297511952
  144   -0.43904297511952
  145   -0.43904286190636
  146   -0.43904286190636
  147   -0.43904286190621
  148   -0.43904286190621
  149   -0.43904275058153
  150   -0.43904275058153
  151   -0.43904275058138
  152   -0.43904275058138
  153   -0.43227971663824
  154   -0.43227971663824
  155   -0.43227971663790
  156   -0.43227971663790
  157   -0.42700029526425
  158   -0.42700029526425
  159   -0.42700029526412
  160   -0.42700029526412
  161   -0.42700017648162
  162   -0.42700017648162
  163   -0.42700017648149
  164   -0.42700017648149
  165   -0.42700012163489
  166   -0.42700012163489
  167   -0.42700012163489
  168   -0.42700012163489
  169   -0.42700012163477
  170   -0.42700012163477
  171   -0.42700012163476
  172   -0.42700012163476
  173   -0.42089130370054
  174   -0.42089130370054
  175   -0.42089130370054
  176   -0.42089130370054
  177   -0.42089130370051
  178   -0.42089130370051
  179   -0.42089130370051
  180   -0.42089130370051
  181   -0.42089129800558
  182   -0.42089129800558
  183   -0.42089129800558
  184   -0.42089129800558
  185   -0.42089129800555
  186   -0.42089129800555
  187   -0.42089129800555
  188   -0.42089129800555
  189   -0.39902736987377
  190   -0.39902736987377
  191   -0.39902736987377
  192   -0.39902736987377
  193   -0.39902736987363
  194   -0.39902736987363
  195   -0.39902736987362
  196   -0.39902736987362
  197   -0.39902732443960
  198   -0.39902732443960
  199   -0.39902732443946
  200   -0.39902732443946
  201   -0.39902730850184
  202   -0.39902730850184
  203   -0.39902730850169
  204   -0.39902730850169
  205   -0.38545848533951
  206   -0.38545848533950
  207   -0.38545848533950
  208   -0.38545848533950
  209   -0.38545848533939
  210   -0.38545848533939
  211   -0.38545848533939
  212   -0.38545848533939
  213   -0.38545837408262
  214   -0.38545837408262
  215   -0.38545837408262
  216   -0.38545837408262
  217   -0.38545837408251
  218   -0.38545837408251
  219   -0.38545837408251
  220   -0.38545837408250
  221   -0.38005543188735
  222   -0.38005543188735
  223   -0.38005543188735
  224   -0.38005543188735
  225   -0.38005543188719
  226   -0.38005543188719
  227   -0.38005543188719
  228   -0.38005543188719
  229   -0.36610102840742
  230   -0.36610102840742
  231   -0.36610102840742
  232   -0.36610102840742
  233   -0.36610102840729
  234   -0.36610102840729
  235   -0.36610102840729
  236   -0.36610102840729
  237   -0.36610099013092
  238   -0.36610099013092
  239   -0.36610099013079
  240   -0.36610099013079
  241   -0.36610095285513
  242   -0.36610095285513
  243   -0.36610095285500
  244   -0.36610095285500
  245   -0.35535119510340
  246   -0.35535119510340
  247   -0.35535119510340
  248   -0.35535119510340
  249   -0.35535119510338
  250   -0.35535119510338
  251   -0.35535119510338
  252   -0.35535119510338
  253   -0.35535114860594
  254   -0.35535114860593
  255   -0.35535114860593
  256   -0.35535114860593
  257   -0.35535114860592
  258   -0.35535114860592
  259   -0.35535114860592
  260   -0.35535114860591
  261   -0.35111345254561
  262   -0.35111345254561
  263   -0.35111345254560
  264   -0.35111345254560
  265   -0.35111341341294
  266   -0.35111341341294
  267   -0.35111341341292
  268   -0.35111341341292
  269   -0.35111339314448
  270   -0.35111339314447
  271   -0.35111339314447
  272   -0.35111339314447
  273   -0.35111339314447
  274   -0.35111339314447
  275   -0.35111339314447
  276   -0.35111339314446
  277   -0.34278252437105
  278   -0.34278252437105
  279   -0.34278252437104
  280   -0.34278252437104
  281   -0.34278252437103
  282   -0.34278252437102
  283   -0.34278252437102
  284   -0.34278252437102
  285   -0.34278252174221
  286   -0.34278252174221
  287   -0.34278252174220
  288   -0.34278252174220
  289   -0.34278252174219
  290   -0.34278252174218
  291   -0.34278252174218
  292   -0.34278252174218
  293   -0.33640527879167
  294   -0.33640527879167
  295   -0.33640527879125
  296   -0.33640527879125
  297   -0.32787121252875
  298   -0.32787121252875
  299   -0.32787121252874
  300   -0.32787121252874
  301   -0.32787121252857
  302   -0.32787121252857
  303   -0.32787121252857
  304   -0.32787121252857
  305   -0.32787114425585
  306   -0.32787114425585
  307   -0.32787114425568
  308   -0.32787114425568
  309   -0.32787109683656
  310   -0.32787109683656
  311   -0.32787109683639
  312   -0.32787109683639
  313   -0.32664680157988
  314   -0.32664680157988
  315   -0.32664680157988
  316   -0.32664680157988
  317   -0.32664680157969
  318   -0.32664680157969
  319   -0.32664680157969
  320   -0.32664680157968
  321   -0.32664677063214
  322   -0.32664677063214
  323   -0.32664677063195
  324   -0.32664677063195
  325   -0.32664674918198
  326   -0.32664674918198
  327   -0.32664674918179
  328   -0.32664674918179
  329   -0.32210020522753
  330   -0.32210020522753
  331   -0.32210020522753
  332   -0.32210020522753
  333   -0.32210020522749
  334   -0.32210020522749
  335   -0.32210020522749
  336   -0.32210020522749
  337   -0.32210012922060
  338   -0.32210012922060
  339   -0.32210012922059
  340   -0.32210012922059
  341   -0.32210012922057
  342   -0.32210012922057
  343   -0.32210012922057
  344   -0.32210012922057
  345   -0.32210001898891
  346   -0.32210001898891
  347   -0.32210001898890
  348   -0.32210001898890
  349   -0.32210001898888
  350   -0.32210001898888
  351   -0.32210001898888
  352   -0.32210001898888
  353   -0.32210000520926
  354   -0.32210000520926
  355   -0.32210000520925
  356   -0.32210000520925
  357   -0.32210000520922
  358   -0.32210000520922
  359   -0.32210000520922
  360   -0.32210000520921
  361   -0.28886600909323
  362   -0.28886600909323
  363   -0.28886600909322
  364   -0.28886600909322
  365   -0.28886600909313
  366   -0.28886600909313
  367   -0.28886600909312
  368   -0.28886600909312
  369   -0.28886584744735
  370   -0.28886584744735
  371   -0.28886584744725
  372   -0.28886584744725
  373   -0.28886579336883
  374   -0.28886579336883
  375   -0.28886579336872
  376   -0.28886579336872
  377   -0.27149924309729
  378   -0.27149924309729
  379   -0.27149924309729
  380   -0.27149924309729
  381   -0.27149924309721
  382   -0.27149924309721
  383   -0.27149924309720
  384   -0.27149924309720
  385   -0.27149913400838
  386   -0.27149913400838
  387   -0.27149913400838
  388   -0.27149913400838
  389   -0.27149913400830
  390   -0.27149913400830
  391   -0.27149913400829
  392   -0.27149913400829
  393   -0.26286094931873
  394   -0.26286094931873
  395   -0.26286094931872
  396   -0.26286094931872
  397   -0.26286094931844
  398   -0.26286094931844
  399   -0.26286094931843
  400   -0.26286094931843
  401   -0.26286090549477
  402   -0.26286090549477
  403   -0.26286090549448
  404   -0.26286090549448
  405   -0.26286080646427
  406   -0.26286080646427
  407   -0.26286080646398
  408   -0.26286080646398
  409   -0.26278493395189
  410   -0.26278493395189
  411   -0.26278493395177
  412   -0.26278493395177
  413   -0.26278485667418
  414   -0.26278485667418
  415   -0.26278485667418
  416   -0.26278485667418
  417   -0.26278485667406
  418   -0.26278485667406
  419   -0.26278485667406
  420   -0.26278485667406
  421   -0.26278476819804
  422   -0.26278476819804
  423   -0.26278476819792
  424   -0.26278476819792
  425   -0.25852833460141
  426   -0.25852833460141
  427   -0.25852833460127
  428   -0.25852833460127
  429   -0.25852833190283
  430   -0.25852833190283
  431   -0.25852833190283
  432   -0.25852833190283
  433   -0.25852833190270
  434   -0.25852833190270
  435   -0.25852833190270
  436   -0.25852833190269
  437   -0.25852817725252
  438   -0.25852817725252
  439   -0.25852817725238
  440   -0.25852817725238
  441   -0.24791209439399
  442   -0.24791209439399
  443   -0.24791209439399
  444   -0.24791209439398
  445   -0.24791209439369
  446   -0.24791209439369
  447   -0.24791209439369
  448   -0.24791209439369
  449   -0.24791199898471
  450   -0.24791199898471
  451   -0.24791199898441
  452   -0.24791199898441
  453   -0.24791194956119
  454   -0.24791194956119
  455   -0.24791194956089
  456   -0.24791194956089
  457   -0.24754595209275
  458   -0.24754595209275
  459   -0.24754595209275
  460   -0.24754595209275
  461   -0.24754595209263
  462   -0.24754595209263
  463   -0.24754595209262
  464   -0.24754595209262
  465   -0.24378883519132
  466   -0.24378883519132
  467   -0.24378883519132
  468   -0.24378883519132
  469   -0.24378883519126
  470   -0.24378883519126
  471   -0.24378883519125
  472   -0.24378883519125
  473   -0.24378881576061
  474   -0.24378881576061
  475   -0.24378881576061
  476   -0.24378881576061
  477   -0.24378881576054
  478   -0.24378881576054
  479   -0.24378881576054
  480   -0.24378881576054
  481   -0.22665996357613
  482   -0.22665996357613
  483   -0.22665996357569
  484   -0.22665996357569
  485   -0.22167854577817
  486   -0.22167854577817
  487   -0.22167854577817
  488   -0.22167854577817
  489   -0.22167854577814
  490   -0.22167854577814
  491   -0.22167854577814
  492   -0.22167854577814
  493   -0.22167836567616
  494   -0.22167836567615
  495   -0.22167836567615
  496   -0.22167836567615
  497   -0.22167836567611
  498   -0.22167836567611
  499   -0.22167836567611
  500   -0.22167836567611
  501   -0.22167821004161
  502   -0.22167821004161
  503   -0.22167821004161
  504   -0.22167821004161
  505   -0.22167821004156
  506   -0.22167821004156
  507   -0.22167821004156
  508   -0.22167821004156
  509   -0.22167820918479
  510   -0.22167820918479
  511   -0.22167820918478
  512   -0.22167820918478
  513   -0.22167820918476
  514   -0.22167820918476
  515   -0.22167820918476
  516   -0.22167820918476
  517   -0.22018876945669
  518   -0.22018876945668
  519   -0.22018876945668
  520   -0.22018876945668
  521   -0.22018876945668
  522   -0.22018876945667
  523   -0.22018876945667
  524   -0.22018876945667
  525   -0.22018874726004
  526   -0.22018874726004
  527   -0.22018874726004
  528   -0.22018874726004
  529   -0.22018874726003
  530   -0.22018874726003
  531   -0.22018874726002
  532   -0.22018874726002
  533   -0.21969492677296
  534   -0.21969492677295
  535   -0.21969492677295
  536   -0.21969492677295
  537   -0.21969492677289
  538   -0.21969492677288
  539   -0.21969492677288
  540   -0.21969492677288
  541   -0.21969465193453
  542   -0.21969465193453
  543   -0.21969465193453
  544   -0.21969465193453
  545   -0.21969465193446
  546   -0.21969465193446
  547   -0.21969465193446
  548   -0.21969465193446
  549   -0.21801480979720
  550   -0.21801480979720
  551   -0.21801480979720
  552   -0.21801480979720
  553   -0.21801480979712
  554   -0.21801480979712
  555   -0.21801480979712
  556   -0.21801480979712
  557   -0.21801476261627
  558   -0.21801476261627
  559   -0.21801476261627
  560   -0.21801476261627
  561   -0.21801476261619
  562   -0.21801476261619
  563   -0.21801476261618
  564   -0.21801476261618
  565   -0.20760623397962
  566   -0.20760623397962
  567   -0.20760623397940
  568   -0.20760623397940
  569   -0.20760617460812
  570   -0.20760617460812
  571   -0.20760617460812
  572   -0.20760617460812
  573   -0.20760617460790
  574   -0.20760617460790
  575   -0.20760617460790
  576   -0.20760617460790
  577   -0.20760599727479
  578   -0.20760599727479
  579   -0.20760599727457
  580   -0.20760599727457
  581   -0.20499909531594
  582   -0.20499909531594
  583   -0.20499909531566
  584   -0.20499909531566
  585   -0.20499906248088
  586   -0.20499906248088
  587   -0.20499906248088
  588   -0.20499906248088
  589   -0.20499906248061
  590   -0.20499906248060
  591   -0.20499906248060
  592   -0.20499906248060
  593   -0.20499889117418
  594   -0.20499889117418
  595   -0.20499889117391
  596   -0.20499889117391
  597   -0.20298220969700
  598   -0.20298220969700
  599   -0.20298220969700
  600   -0.20298220969700
  601   -0.20298220969694
  602   -0.20298220969693
  603   -0.20298220969693
  604   -0.20298220969693
  605   -0.19883924506431
  606   -0.19883924506431
  607   -0.19883924506431
  608   -0.19883924506431
  609   -0.19883924506419
  610   -0.19883924506419
  611   -0.19883924506419
  612   -0.19883924506419
  613   -0.19883924151106
  614   -0.19883924151106
  615   -0.19883924151106
  616   -0.19883924151105
  617   -0.19883924151094
  618   -0.19883924151094
  619   -0.19883924151093
  620   -0.19883924151093
  621   -0.19715727149528
  622   -0.19715727149528
  623   -0.19715727149528
  624   -0.19715727149528
  625   -0.19715727149514
  626   -0.19715727149514
  627   -0.19715727149513
  628   -0.19715727149513
  629   -0.19715705590322
  630   -0.19715705590322
  631   -0.19715705590322
  632   -0.19715705590322
  633   -0.19715705590308
  634   -0.19715705590308
  635   -0.19715705590308
  636   -0.19715705590308
  637   -0.19092613129097
  638   -0.19092613129097
  639   -0.19092613129097
  640   -0.19092613129097
  641   -0.19092613129097
  642   -0.19092613129097
  643   -0.19092613129096
  644   -0.19092613129096
  645   -0.19092610079782
  646   -0.19092610079782
  647   -0.19092610079781
  648   -0.19092610079781
  649   -0.19092582536959
  650   -0.19092582536958
  651   -0.19092582536958
  652   -0.19092582536958
  653   -0.18005602188664
  654   -0.18005602188664
  655   -0.18005602188664
  656   -0.18005602188664
  657   -0.18005602188661
  658   -0.18005602188661
  659   -0.18005602188661
  660   -0.18005602188661
  661   -0.18005592109856
  662   -0.18005592109855
  663   -0.18005592109855
  664   -0.18005592109855
  665   -0.18005592109852
  666   -0.18005592109852
  667   -0.18005592109852
  668   -0.18005592109852
  669   -0.18005573226864
  670   -0.18005573226864
  671   -0.18005573226864
  672   -0.18005573226864
  673   -0.18005573226860
  674   -0.18005573226860
  675   -0.18005573226860
  676   -0.18005573226860
  677   -0.18005570904321
  678   -0.18005570904321
  679   -0.18005570904321
  680   -0.18005570904321
  681   -0.18005570904319
  682   -0.18005570904319
  683   -0.18005570904318
  684   -0.18005570904318
  685   -0.17813007466096
  686   -0.17813007466096
  687   -0.17813007466096
  688   -0.17813007466096
  689   -0.17813007466090
  690   -0.17813007466090
  691   -0.17813007466090
  692   -0.17813007466090
  693   -0.17812975892486
  694   -0.17812975892486
  695   -0.17812975892480
  696   -0.17812975892480
  697   -0.17812948106166
  698   -0.17812948106166
  699   -0.17812948106160
  700   -0.17812948106160
  701   -0.17559449685300
  702   -0.17559449685300
  703   -0.17559449685294
  704   -0.17559449685294
  705   -0.17559419045629
  706   -0.17559419045628
  707   -0.17559419045628
  708   -0.17559419045628
  709   -0.17559419045623
  710   -0.17559419045623
  711   -0.17559419045623
  712   -0.17559419045623
  713   -0.17559387226141
  714   -0.17559387226141
  715   -0.17559387226136
  716   -0.17559387226136
  717   -0.17085833972492
  718   -0.17085833972492
  719   -0.17085833972491
  720   -0.17085833972491
  721   -0.17085833972473
  722   -0.17085833972473
  723   -0.17085833972472
  724   -0.17085833972472
  725   -0.16303904688881
  726   -0.16303904688881
  727   -0.16303904688881
  728   -0.16303904688881
  729   -0.16303904688850
  730   -0.16303904688850
  731   -0.16303904688850
  732   -0.16303904688850
  733   -0.16303887326158
  734   -0.16303887326158
  735   -0.16303887326127
  736   -0.16303887326127
  737   -0.16303882269165
  738   -0.16303882269165
  739   -0.16303882269134
  740   -0.16303882269134
  741   -0.16181037254147
  742   -0.16181037254147
  743   -0.16181037254147
  744   -0.16181037254147
  745   -0.16181037254139
  746   -0.16181037254139
  747   -0.16181037254139
  748   -0.16181037254139
  749   -0.16181036341979
  750   -0.16181036341979
  751   -0.16181036341979
  752   -0.16181036341979
  753   -0.16181036341971
  754   -0.16181036341971
  755   -0.16181036341971
  756   -0.16181036341971
  757   -0.16127022862829
  758   -0.16127022862829
  759   -0.16127022862829
  760   -0.16127022862829
  761   -0.16127022862822
  762   -0.16127022862822
  763   -0.16127022862822
  764   -0.16127022862822
  765   -0.16126993414913
  766   -0.16126993414913
  767   -0.16126993414913
  768   -0.16126993414913
  769   -0.16126993414906
  770   -0.16126993414906
  771   -0.16126993414906
  772   -0.16126993414906
  773   -0.15794438388675
  774   -0.15794438388675
  775   -0.15794438388675
  776   -0.15794438388675
  777   -0.15794438388643
  778   -0.15794438388643
  779   -0.15794438388643
  780   -0.15794438388642
  781   -0.15794424123469
  782   -0.15794424123469
  783   -0.15794424123436
  784   -0.15794424123436
  785   -0.15794424069796
  786   -0.15794424069796
  787   -0.15794424069764
  788   -0.15794424069764
  789   -0.15184536633213
  790   -0.15184536633213
  791   -0.15184536633201
  792   -0.15184536633201
  793   -0.15184508569069
  794   -0.15184508569069
  795   -0.15184508569069
  796   -0.15184508569069
  797   -0.15184508569057
  798   -0.15184508569057
  799   -0.15184508569056
  800   -0.15184508569056
  801   -0.15184478364603
  802   -0.15184478364603
  803   -0.15184478364591
  804   -0.15184478364591
  805   -0.14668338890140
  806   -0.14668338890139
  807   -0.14668338890139
  808   -0.14668338890139
  809   -0.14668338890137
  810   -0.14668338890137
  811   -0.14668338890137
  812   -0.14668338890137
  813   -0.14668323116390
  814   -0.14668323116390
  815   -0.14668323116389
  816   -0.14668323116389
  817   -0.14668323116387
  818   -0.14668323116387
  819   -0.14668323116387
  820   -0.14668323116387
  821   -0.12470392577444
  822   -0.12470392577444
  823   -0.12470392577444
  824   -0.12470392577444
  825   -0.12470392577435
  826   -0.12470392577435
  827   -0.12470392577435
  828   -0.12470392577435
  829   -0.12470385683069
  830   -0.12470385683069
  831   -0.12470385683069
  832   -0.12470385683069
  833   -0.12470385683059
  834   -0.12470385683059
  835   -0.12470385683059
  836   -0.12470385683059
  837   -0.12360268390737
  838   -0.12360268390737
  839   -0.12360268390730
  840   -0.12360268390730
  841   -0.12360256930350
  842   -0.12360256930350
  843   -0.12360256930350
  844   -0.12360256930350
  845   -0.12360256930343
  846   -0.12360256930343
  847   -0.12360256930342
  848   -0.12360256930342
  849   -0.12360244179053
  850   -0.12360244179053
  851   -0.12360244179046
  852   -0.12360244179046
  853   -0.12239726129537
  854   -0.12239726129537
  855   -0.12239726129503
  856   -0.12239726129503
  857   -0.11495841107001
  858   -0.11495841107001
  859   -0.11495841107000
  860   -0.11495841107000
  861   -0.11495841106979
  862   -0.11495841106979
  863   -0.11495841106977
  864   -0.11495841106977
  865   -0.08527105777794
  866   -0.08527105777794
  867   -0.08527105777794
  868   -0.08527105777794
  869   -0.06256213611126
  870   -0.06256213611126
  871   -0.06256213611110
  872   -0.06256213611110
  873   -0.05898337945547
  874   -0.05898337945547
  875   -0.05898337945524
  876   -0.05898337945524
  877   -0.05439995114678
  878   -0.05439995114678
  879   -0.05439995114677
  880   -0.05439995114677
  881   -0.05439995114664
  882   -0.05439995114664
  883   -0.05439995114664
  884   -0.05439995114664
  885   -0.05439939031677
  886   -0.05439939031676
  887   -0.05439939031676
  888   -0.05439939031676
  889   -0.05439939031663
  890   -0.05439939031663
  891   -0.05439939031663
  892   -0.05439939031662
  893   -0.05215737745641
  894   -0.05215737745641
  895   -0.05215737745641
  896   -0.05215737745641
  897   -0.05215737745603
  898   -0.05215737745603
  899   -0.05215737745603
  900   -0.05215737745603
  901   -0.05215700534954
  902   -0.05215700534954
  903   -0.05215700534916
  904   -0.05215700534916
  905   -0.05215660063616
  906   -0.05215660063616
  907   -0.05215660063578
  908   -0.05215660063578
  909   -0.03993084252925
  910   -0.03993084252924
  911   -0.03993084252924
  912   -0.03993084252924
  913   -0.03993084252916
  914   -0.03993084252916
  915   -0.03993084252916
  916   -0.03993084252915
  917   -0.03993050389400
  918   -0.03993050389400
  919   -0.03993050389391
  920   -0.03993050389391
  921   -0.03993041910105
  922   -0.03993041910105
  923   -0.03993041910097
  924   -0.03993041910097
  925   -0.03758065159101
  926   -0.03758065159101
  927   -0.03758065159078
  928   -0.03758065159078
  929   -0.03758018232087
  930   -0.03758018232087
  931   -0.03758018232087
  932   -0.03758018232087
  933   -0.03758018232064
  934   -0.03758018232064
  935   -0.03758018232064
  936   -0.03758018232064
  937   -0.03757950720733
  938   -0.03757950720733
  939   -0.03757950720711
  940   -0.03757950720711
  941   -0.01787631657157
  942   -0.01787631657157
  943   -0.01787631657143
  944   -0.01787631657143
  945   -0.01710426131049
  946   -0.01710426131049
  947   -0.01710426131049
  948   -0.01710426131049
  949   -0.01710426131038
  950   -0.01710426131038
  951   -0.01710426131038
  952   -0.01710426131038
  953   -0.01710418250301
  954   -0.01710418250301
  955   -0.01710418250290
  956   -0.01710418250290
  957   -0.01710295527486
  958   -0.01710295527486
  959   -0.01710295527475
  960   -0.01710295527475
  961   -0.01693982262317
  962   -0.01693982262317
  963   -0.01693982262317
  964   -0.01693982262317
  965   -0.01693982262302
  966   -0.01693982262302
  967   -0.01693982262302
  968   -0.01693982262302
  969   -0.01693943908279
  970   -0.01693943908279
  971   -0.01693943908279
  972   -0.01693943908279
  973   -0.01693943908265
  974   -0.01693943908265
  975   -0.01693943908265
  976   -0.01693943908265
  977   -0.01693904465324
  978   -0.01693904465324
  979   -0.01693904465324
  980   -0.01693904465324
  981   -0.01693904465309
  982   -0.01693904465309
  983   -0.01693904465309
  984   -0.01693904465309
  985   -0.01693902174079
  986   -0.01693902174079
  987   -0.01693902174079
  988   -0.01693902174079
  989   -0.01693902174065
  990   -0.01693902174065
  991   -0.01693902174065
  992   -0.01693902174065
  993   -0.01474122579927
  994   -0.01474122579927
  995   -0.01474122579927
  996   -0.01474122579927
  997   -0.01474122579921
  998   -0.01474122579921
  999   -0.01474122579921
 1000   -0.01474122579921
 1001   -0.01474107410188
 1002   -0.01474107410188
 1003   -0.01474107410187
 1004   -0.01474107410187
 1005   -0.01474107410181
 1006   -0.01474107410181
 1007   -0.01474107410181
 1008   -0.01474107410181
 1009   -0.00708427685369
 1010   -0.00708427685369
 1011   -0.00708427685324
 1012   -0.00708427685324
 1013   -0.00708382039675
 1014   -0.00708382039675
 1015   -0.00708382039675
 1016   -0.00708382039674
 1017   -0.00708382039629
 1018   -0.00708382039629
 1019   -0.00708382039629
 1020   -0.00708382039629
 1021   -0.00708344174196
 1022   -0.00708344174196
 1023   -0.00708344174151
 1024   -0.00708344174151
 1025   -0.00587591348394
 1026   -0.00587591348394
 1027   -0.00587591348367
 1028   -0.00587591348367
 1029   -0.00587586523247
 1030   -0.00587586523247
 1031   -0.00587586523247
 1032   -0.00587586523247
 1033   -0.00587586523221
 1034   -0.00587586523221
 1035   -0.00587586523220
 1036   -0.00587586523220

   kloop=2
   k1=   0.00000 k2=   0.50000 k3=   0.00000

    1   -0.53624517403526
    2   -0.53624517403526
    3   -0.53624517403523
    4   -0.53624517403523
    5   -0.51873182719821
    6   -0.51873182719821
    7   -0.51873182719820
    8   -0.51873182719820
    9   -0.51873182719813
   10   -0.51873182719813
   11   -0.51873182719812
   12   -0.51873182719812
   13   -0.51873182617351
   14   -0.51873182617350
   15   -0.51873182617350
   16   -0.51873182617350
   17   -0.51873182617343
   18   -0.51873182617343
   19   -0.51873182617342
   20   -0.51873182617342
   21   -0.50162925611679
   22   -0.50162925611679
   23   -0.50162925611675
   24   -0.50162925611675
   25   -0.50162925610751
   26   -0.50162925610751
   27   -0.50162925610748
   28   -0.50162925610748
   29   -0.50162925323902
   30   -0.50162925323902
   31   -0.50162925323898
   32   -0.50162925323898
   33   -0.50162910576935
   34   -0.50162910576935
   35   -0.50162910576932
   36   -0.50162910576932
   37   -0.50111373533281
   38   -0.50111373533281
   39   -0.50111373533271
   40   -0.50111373533271
   41   -0.48458741876453
   42   -0.48458741876453
   43   -0.48458741876452
   44   -0.48458741876452
   45   -0.48458741876445
   46   -0.48458741876445
   47   -0.48458741876444
   48   -0.48458741876444
   49   -0.48458735813845
   50   -0.48458735813845
   51   -0.48458735813845
   52   -0.48458735813845
   53   -0.48458735813838
   54   -0.48458735813838
   55   -0.48458735813838
   56   -0.48458735813838
   57   -0.47079063350409
   58   -0.47079063350409
   59   -0.47079063350400
   60   -0.47079063350400
   61   -0.47079054107489
   62   -0.47079054107489
   63   -0.47079054107480
   64   -0.47079054107480
   65   -0.47079054106661
   66   -0.47079054106661
   67   -0.47079054106653
   68   -0.47079054106653
   69   -0.47079048574315
   70   -0.47079048574315
   71   -0.47079048574306
   72   -0.47079048574306
   73   -0.46684730575598
   74   -0.46684730575597
   75   -0.46684730575595
   76   -0.46684730575595
   77   -0.46684730572472
   78   -0.46684730572472
   79   -0.46684730572469
   80   -0.46684730572469
   81   -0.46684712483523
   82   -0.46684712483522
   83   -0.46684712483520
   84   -0.46684712483520
   85   -0.46684698657874
   86   -0.46684698657874
   87   -0.46684698657871
   88   -0.46684698657871
   89   -0.45342754814072
   90   -0.45342754814072
   91   -0.45342754814072
   92   -0.45342754814071
   93   -0.45342754814065
   94   -0.45342754814065
   95   -0.45342754814065
   96   -0.45342754814065
   97   -0.45342753282861
   98   -0.45342753282860
   99   -0.45342753282860
  100   -0.45342753282860
  101   -0.45342753282854
  102   -0.45342753282854
  103   -0.45342753282854
  104   -0.45342753282854
  105   -0.45342733182877
  106   -0.45342733182877
  107   -0.45342733182877
  108   -0.45342733182877
  109   -0.45342733182871
  110   -0.45342733182871
  111   -0.45342733182870
  112   -0.45342733182870
  113   -0.45342732627142
  114   -0.45342732627141
  115   -0.45342732627141
  116   -0.45342732627141
  117   -0.45342732627135
  118   -0.45342732627135
  119   -0.45342732627135
  120   -0.45342732627135
  121   -0.44427130888358
  122   -0.44427130888358
  123   -0.44427130888357
  124   -0.44427130888357
  125   -0.44427130888352
  126   -0.44427130888352
  127   -0.44427130888352
  128   -0.44427130888352
  129   -0.44427120561854
  130   -0.44427120561854
  131   -0.44427120561854
  132   -0.44427120561854
  133   -0.44427120561848
  134   -0.44427120561848
  135   -0.44427120561848
  136   -0.44427120561848
  137   -0.43904297512362
  138   -0.43904297512362
  139   -0.43904297512354
  140   -0.43904297512354
  141   -0.43904297511574
  142   -0.43904297511573
  143   -0.43904297511566
  144   -0.43904297511566
  145   -0.43904286188769
  146   -0.43904286188769
  147   -0.43904286188761
  148   -0.43904286188761
  149   -0.43904275055336
  150   -0.43904275055336
  151   -0.43904275055328
  152   -0.43904275055328
  153   -0.43227971668915
  154   -0.43227971668915
  155   -0.43227971668898
  156   -0.43227971668898
  157   -0.42700029526859
  158   -0.42700029526859
  159   -0.42700029526852
  160   -0.42700029526852
  161   -0.42700017651110
  162   -0.42700017651110
  163   -0.42700017651104
  164   -0.42700017651104
  165   -0.42700012165393
  166   -0.42700012165393
  167   -0.42700012165386
  168   -0.42700012165386
  169   -0.42700012163368
  170   -0.42700012163368
  171   -0.42700012163362
  172   -0.42700012163362
  173   -0.42089130373716
  174   -0.42089130373716
  175   -0.42089130373715
  176   -0.42089130373715
  177   -0.42089130373711
  178   -0.42089130373711
  179   -0.42089130373711
  180   -0.42089130373711
  181   -0.42089129803706
  182   -0.42089129803705
  183   -0.42089129803705
  184   -0.42089129803705
  185   -0.42089129803701
  186   -0.42089129803700
  187   -0.42089129803700
  188   -0.42089129803700
  189   -0.39902736989534
  190   -0.39902736989534
  191   -0.39902736989526
  192   -0.39902736989526
  193   -0.39902736988215
  194   -0.39902736988215
  195   -0.39902736988207
  196   -0.39902736988207
  197   -0.39902732441272
  198   -0.39902732441272
  199   -0.39902732441265
  200   -0.39902732441265
  201   -0.39902730847999
  202   -0.39902730847999
  203   -0.39902730847992
  204   -0.39902730847992
  205   -0.38545848532570
  206   -0.38545848532570
  207   -0.38545848532570
  208   -0.38545848532569
  209   -0.38545848532552
  210   -0.38545848532552
  211   -0.38545848532552
  212   -0.38545848532552
  213   -0.38545837404664
  214   -0.38545837404663
  215   -0.38545837404663
  216   -0.38545837404663
  217   -0.38545837404646
  218   -0.38545837404646
  219   -0.38545837404646
  220   -0.38545837404645
  221   -0.38005543188702
  222   -0.38005543188702
  223   -0.38005543188701
  224   -0.38005543188701
  225   -0.38005543188676
  226   -0.38005543188676
  227   -0.38005543188676
  228   -0.38005543188676
  229   -0.36610102841005
  230   -0.36610102841005
  231   -0.36610102840998
  232   -0.36610102840998
  233   -0.36610102837882
  234   -0.36610102837882
  235   -0.36610102837875
  236   -0.36610102837875
  237   -0.36610099008746
  238   -0.36610099008746
  239   -0.36610099008739
  240   -0.36610099008739
  241   -0.36610095280373
  242   -0.36610095280373
  243   -0.36610095280367
  244   -0.36610095280367
  245   -0.35535119509743
  246   -0.35535119509743
  247   -0.35535119509743
  248   -0.35535119509743
  249   -0.35535119509741
  250   -0.35535119509741
  251   -0.35535119509741
  252   -0.35535119509740
  253   -0.35535114860335
  254   -0.35535114860335
  255   -0.35535114860335
  256   -0.35535114860335
  257   -0.35535114860333
  258   -0.35535114860333
  259   -0.35535114860333
  260   -0.35535114860333
  261   -0.35111345254816
  262   -0.35111345254816
  263   -0.35111345254816
  264   -0.35111345254816
  265   -0.35111341344355
  266   -0.35111341344355
  267   -0.35111341344355
  268   -0.35111341344354
  269   -0.35111339317544
  270   -0.35111339317544
  271   -0.35111339317544
  272   -0.35111339317544
  273   -0.35111339316010
  274   -0.35111339316010
  275   -0.35111339316009
  276   -0.35111339316009
  277   -0.34278252437336
  278   -0.34278252437336
  279   -0.34278252437336
  280   -0.34278252437336
  281   -0.34278252437333
  282   -0.34278252437333
  283   -0.34278252437333
  284   -0.34278252437332
  285   -0.34278252174934
  286   -0.34278252174934
  287   -0.34278252174934
  288   -0.34278252174934
  289   -0.34278252174931
  290   -0.34278252174931
  291   -0.34278252174930
  292   -0.34278252174930
  293   -0.33640527884861
  294   -0.33640527884861
  295   -0.33640527884840
  296   -0.33640527884840
  297   -0.32787121256027
  298   -0.32787121256027
  299   -0.32787121256019
  300   -0.32787121256019
  301   -0.32787121253887
  302   -0.32787121253887
  303   -0.32787121253878
  304   -0.32787121253878
  305   -0.32787114423881
  306   -0.32787114423881
  307   -0.32787114423872
  308   -0.32787114423872
  309   -0.32787109682619
  310   -0.32787109682619
  311   -0.32787109682610
  312   -0.32787109682610
  313   -0.32664680158079
  314   -0.32664680158079
  315   -0.32664680158070
  316   -0.32664680158070
  317   -0.32664680156321
  318   -0.32664680156321
  319   -0.32664680156312
  320   -0.32664680156312
  321   -0.32664677062616
  322   -0.32664677062616
  323   -0.32664677062607
  324   -0.32664677062607
  325   -0.32664674919096
  326   -0.32664674919096
  327   -0.32664674919086
  328   -0.32664674919086
  329   -0.32210020523513
  330   -0.32210020523513
  331   -0.32210020523513
  332   -0.32210020523513
  333   -0.32210020523507
  334   -0.32210020523507
  335   -0.32210020523507
  336   -0.32210020523507
  337   -0.32210012923319
  338   -0.32210012923319
  339   -0.32210012923319
  340   -0.32210012923319
  341   -0.32210012923316
  342   -0.32210012923316
  343   -0.32210012923316
  344   -0.32210012923316
  345   -0.32210001898634
  346   -0.32210001898633
  347   -0.32210001898633
  348   -0.32210001898633
  349   -0.32210001898630
  350   -0.32210001898630
  351   -0.32210001898630
  352   -0.32210001898629
  353   -0.32210000521620
  354   -0.32210000521620
  355   -0.32210000521620
  356   -0.32210000521619
  357   -0.32210000521614
  358   -0.32210000521614
  359   -0.32210000521614
  360   -0.32210000521614
  361   -0.28886600911786
  362   -0.28886600911786
  363   -0.28886600911781
  364   -0.28886600911781
  365   -0.28886600911140
  366   -0.28886600911140
  367   -0.28886600911135
  368   -0.28886600911135
  369   -0.28886584747394
  370   -0.28886584747394
  371   -0.28886584747389
  372   -0.28886584747389
  373   -0.28886579333702
  374   -0.28886579333702
  375   -0.28886579333696
  376   -0.28886579333696
  377   -0.27149924306809
  378   -0.27149924306808
  379   -0.27149924306808
  380   -0.27149924306808
  381   -0.27149924306795
  382   -0.27149924306795
  383   -0.27149924306795
  384   -0.27149924306794
  385   -0.27149913398653
  386   -0.27149913398653
  387   -0.27149913398652
  388   -0.27149913398652
  389   -0.27149913398640
  390   -0.27149913398640
  391   -0.27149913398639
  392   -0.27149913398639
  393   -0.26286094933252
  394   -0.26286094933252
  395   -0.26286094933237
  396   -0.26286094933237
  397   -0.26286094929640
  398   -0.26286094929640
  399   -0.26286094929626
  400   -0.26286094929626
  401   -0.26286090548921
  402   -0.26286090548921
  403   -0.26286090548906
  404   -0.26286090548906
  405   -0.26286080649126
  406   -0.26286080649126
  407   -0.26286080649111
  408   -0.26286080649111
  409   -0.26278493396532
  410   -0.26278493396532
  411   -0.26278493396526
  412   -0.26278493396526
  413   -0.26278485667708
  414   -0.26278485667708
  415   -0.26278485667702
  416   -0.26278485667702
  417   -0.26278485665697
  418   -0.26278485665697
  419   -0.26278485665691
  420   -0.26278485665691
  421   -0.26278476823466
  422   -0.26278476823466
  423   -0.26278476823460
  424   -0.26278476823460
  425   -0.25852833453227
  426   -0.25852833453227
  427   -0.25852833453220
  428   -0.25852833453220
  429   -0.25852833188644
  430   -0.25852833188644
  431   -0.25852833188638
  432   -0.25852833188638
  433   -0.25852833188408
  434   -0.25852833188408
  435   -0.25852833188401
  436   -0.25852833188401
  437   -0.25852817722187
  438   -0.25852817722187
  439   -0.25852817722180
  440   -0.25852817722180
  441   -0.24791209445086
  442   -0.24791209445086
  443   -0.24791209445071
  444   -0.24791209445071
  445   -0.24791209442663
  446   -0.24791209442663
  447   -0.24791209442648
  448   -0.24791209442648
  449   -0.24791199899672
  450   -0.24791199899672
  451   -0.24791199899657
  452   -0.24791199899657
  453   -0.24791194970329
  454   -0.24791194970329
  455   -0.24791194970315
  456   -0.24791194970315
  457   -0.24754595201002
  458   -0.24754595201002
  459   -0.24754595201001
  460   -0.24754595201001
  461   -0.24754595200982
  462   -0.24754595200982
  463   -0.24754595200981
  464   -0.24754595200981
  465   -0.24378883515891
  466   -0.24378883515890
  467   -0.24378883515890
  468   -0.24378883515890
  469   -0.24378883515880
  470   -0.24378883515880
  471   -0.24378883515880
  472   -0.24378883515880
  473   -0.24378881570875
  474   -0.24378881570875
  475   -0.24378881570874
  476   -0.24378881570874
  477   -0.24378881570864
  478   -0.24378881570864
  479   -0.24378881570864
  480   -0.24378881570864
  481   -0.22665996353401
  482   -0.22665996353401
  483   -0.22665996353379
  484   -0.22665996353379
  485   -0.22167854584028
  486   -0.22167854584028
  487   -0.22167854584028
  488   -0.22167854584028
  489   -0.22167854584024
  490   -0.22167854584024
  491   -0.22167854584024
  492   -0.22167854584024
  493   -0.22167836563879
  494   -0.22167836563878
  495   -0.22167836563878
  496   -0.22167836563878
  497   -0.22167836563871
  498   -0.22167836563871
  499   -0.22167836563871
  500   -0.22167836563871
  501   -0.22167821006105
  502   -0.22167821006105
  503   -0.22167821006105
  504   -0.22167821006105
  505   -0.22167821006098
  506   -0.22167821006098
  507   -0.22167821006098
  508   -0.22167821006097
  509   -0.22167820913174
  510   -0.22167820913174
  511   -0.22167820913174
  512   -0.22167820913174
  513   -0.22167820913170
  514   -0.22167820913170
  515   -0.22167820913170
  516   -0.22167820913170
  517   -0.22018876950638
  518   -0.22018876950638
  519   -0.22018876950638
  520   -0.22018876950638
  521   -0.22018876950636
  522   -0.22018876950636
  523   -0.22018876950636
  524   -0.22018876950636
  525   -0.22018874723261
  526   -0.22018874723261
  527   -0.22018874723261
  528   -0.22018874723261
  529   -0.22018874723259
  530   -0.22018874723259
  531   -0.22018874723259
  532   -0.22018874723259
  533   -0.21969492678824
  534   -0.21969492678824
  535   -0.21969492678824
  536   -0.21969492678824
  537   -0.21969492678813
  538   -0.21969492678813
  539   -0.21969492678813
  540   -0.21969492678813
  541   -0.21969465199007
  542   -0.21969465199007
  543   -0.21969465199007
  544   -0.21969465199007
  545   -0.21969465198996
  546   -0.21969465198996
  547   -0.21969465198996
  548   -0.21969465198996
  549   -0.21801480977626
  550   -0.21801480977626
  551   -0.21801480977626
  552   -0.21801480977626
  553   -0.21801480977614
  554   -0.21801480977613
  555   -0.21801480977613
  556   -0.21801480977613
  557   -0.21801476260190
  558   -0.21801476260190
  559   -0.21801476260190
  560   -0.21801476260189
  561   -0.21801476260177
  562   -0.21801476260177
  563   -0.21801476260177
  564   -0.21801476260177
  565   -0.20760623399776
  566   -0.20760623399776
  567   -0.20760623399765
  568   -0.20760623399765
  569   -0.20760617468533
  570   -0.20760617468533
  571   -0.20760617468522
  572   -0.20760617468522
  573   -0.20760617465396
  574   -0.20760617465396
  575   -0.20760617465385
  576   -0.20760617465385
  577   -0.20760599725475
  578   -0.20760599725475
  579   -0.20760599725464
  580   -0.20760599725464
  581   -0.20499909547853
  582   -0.20499909547853
  583   -0.20499909547839
  584   -0.20499909547839
  585   -0.20499906256322
  586   -0.20499906256322
  587   -0.20499906256308
  588   -0.20499906256308
  589   -0.20499906253098
  590   -0.20499906253098
  591   -0.20499906253084
  592   -0.20499906253084
  593   -0.20499889132538
  594   -0.20499889132538
  595   -0.20499889132524
  596   -0.20499889132524
  597   -0.20298220953988
  598   -0.20298220953988
  599   -0.20298220953985
  600   -0.20298220953985
  601   -0.20298220953870
  602   -0.20298220953870
  603   -0.20298220953867
  604   -0.20298220953867
  605   -0.19883924507745
  606   -0.19883924507745
  607   -0.19883924507744
  608   -0.19883924507744
  609   -0.19883924507726
  610   -0.19883924507726
  611   -0.19883924507726
  612   -0.19883924507725
  613   -0.19883924154241
  614   -0.19883924154241
  615   -0.19883924154241
  616   -0.19883924154240
  617   -0.19883924154222
  618   -0.19883924154222
  619   -0.19883924154221
  620   -0.19883924154221
  621   -0.19715727148817
  622   -0.19715727148816
  623   -0.19715727148816
  624   -0.19715727148816
  625   -0.19715727148794
  626   -0.19715727148794
  627   -0.19715727148794
  628   -0.19715727148793
  629   -0.19715705593390
  630   -0.19715705593390
  631   -0.19715705593390
  632   -0.19715705593390
  633   -0.19715705593367
  634   -0.19715705593367
  635   -0.19715705593367
  636   -0.19715705593367
  637   -0.19092613136999
  638   -0.19092613136999
  639   -0.19092613136999
  640   -0.19092613136998
  641   -0.19092613130503
  642   -0.19092613130503
  643   -0.19092613130503
  644   -0.19092613130503
  645   -0.19092610070936
  646   -0.19092610070936
  647   -0.19092610070936
  648   -0.19092610070936
  649   -0.19092582537600
  650   -0.19092582537600
  651   -0.19092582537600
  652   -0.19092582537599
  653   -0.18005602190621
  654   -0.18005602190620
  655   -0.18005602190620
  656   -0.18005602190620
  657   -0.18005602190617
  658   -0.18005602190617
  659   -0.18005602190616
  660   -0.18005602190616
  661   -0.18005592114414
  662   -0.18005592114414
  663   -0.18005592114414
  664   -0.18005592114414
  665   -0.18005592114409
  666   -0.18005592114409
  667   -0.18005592114409
  668   -0.18005592114409
  669   -0.18005573234327
  670   -0.18005573234327
  671   -0.18005573234327
  672   -0.18005573234327
  673   -0.18005573234322
  674   -0.18005573234322
  675   -0.18005573234322
  676   -0.18005573234322
  677   -0.18005570910208
  678   -0.18005570910208
  679   -0.18005570910208
  680   -0.18005570910208
  681   -0.18005570910204
  682   -0.18005570910204
  683   -0.18005570910204
  684   -0.18005570910204
  685   -0.17813007467329
  686   -0.17813007467329
  687   -0.17813007467326
  688   -0.17813007467326
  689   -0.17813007456927
  690   -0.17813007456927
  691   -0.17813007456924
  692   -0.17813007456924
  693   -0.17812975886212
  694   -0.17812975886212
  695   -0.17812975886209
  696   -0.17812975886209
  697   -0.17812948106906
  698   -0.17812948106906
  699   -0.17812948106903
  700   -0.17812948106903
  701   -0.17559449679820
  702   -0.17559449679820
  703   -0.17559449679817
  704   -0.17559449679817
  705   -0.17559419037190
  706   -0.17559419037190
  707   -0.17559419037187
  708   -0.17559419037187
  709   -0.17559419033431
  710   -0.17559419033431
  711   -0.17559419033429
  712   -0.17559419033428
  713   -0.17559387205952
  714   -0.17559387205952
  715   -0.17559387205949
  716   -0.17559387205949
  717   -0.17085833968781
  718   -0.17085833968781
  719   -0.17085833968772
  720   -0.17085833968772
  721   -0.17085833967833
  722   -0.17085833967832
  723   -0.17085833967823
  724   -0.17085833967823
  725   -0.16303904688900
  726   -0.16303904688900
  727   -0.16303904688884
  728   -0.16303904688884
  729   -0.16303904682807
  730   -0.16303904682807
  731   -0.16303904682791
  732   -0.16303904682791
  733   -0.16303887331130
  734   -0.16303887331130
  735   -0.16303887331114
  736   -0.16303887331114
  737   -0.16303882267397
  738   -0.16303882267397
  739   -0.16303882267382
  740   -0.16303882267382
  741   -0.16181037255001
  742   -0.16181037255001
  743   -0.16181037255001
  744   -0.16181037255001
  745   -0.16181037254988
  746   -0.16181037254988
  747   -0.16181037254988
  748   -0.16181037254988
  749   -0.16181036344119
  750   -0.16181036344119
  751   -0.16181036344119
  752   -0.16181036344119
  753   -0.16181036344106
  754   -0.16181036344106
  755   -0.16181036344106
  756   -0.16181036344106
  757   -0.16127022862403
  758   -0.16127022862403
  759   -0.16127022862403
  760   -0.16127022862403
  761   -0.16127022862392
  762   -0.16127022862392
  763   -0.16127022862392
  764   -0.16127022862392
  765   -0.16126993410815
  766   -0.16126993410815
  767   -0.16126993410815
  768   -0.16126993410815
  769   -0.16126993410805
  770   -0.16126993410804
  771   -0.16126993410804
  772   -0.16126993410804
  773   -0.15794438386688
  774   -0.15794438386688
  775   -0.15794438386672
  776   -0.15794438386672
  777   -0.15794438383684
  778   -0.15794438383684
  779   -0.15794438383668
  780   -0.15794438383668
  781   -0.15794424119295
  782   -0.15794424119295
  783   -0.15794424119279
  784   -0.15794424119279
  785   -0.15794424081356
  786   -0.15794424081356
  787   -0.15794424081340
  788   -0.15794424081340
  789   -0.15184536635047
  790   -0.15184536635047
  791   -0.15184536635041
  792   -0.15184536635041
  793   -0.15184508573258
  794   -0.15184508573258
  795   -0.15184508573252
  796   -0.15184508573252
  797   -0.15184508562936
  798   -0.15184508562936
  799   -0.15184508562930
  800   -0.15184508562930
  801   -0.15184478355939
  802   -0.15184478355939
  803   -0.15184478355933
  804   -0.15184478355933
  805   -0.14668338892172
  806   -0.14668338892172
  807   -0.14668338892172
  808   -0.14668338892172
  809   -0.14668338892168
  810   -0.14668338892168
  811   -0.14668338892168
  812   -0.14668338892168
  813   -0.14668323119856
  814   -0.14668323119855
  815   -0.14668323119855
  816   -0.14668323119855
  817   -0.14668323119851
  818   -0.14668323119851
  819   -0.14668323119851
  820   -0.14668323119851
  821   -0.12470392573955
  822   -0.12470392573955
  823   -0.12470392573955
  824   -0.12470392573955
  825   -0.12470392573940
  826   -0.12470392573940
  827   -0.12470392573939
  828   -0.12470392573939
  829   -0.12470385683000
  830   -0.12470385683000
  831   -0.12470385683000
  832   -0.12470385683000
  833   -0.12470385682985
  834   -0.12470385682985
  835   -0.12470385682984
  836   -0.12470385682984
  837   -0.12360268391849
  838   -0.12360268391849
  839   -0.12360268391845
  840   -0.12360268391845
  841   -0.12360256944205
  842   -0.12360256944205
  843   -0.12360256944202
  844   -0.12360256944202
  845   -0.12360256929259
  846   -0.12360256929259
  847   -0.12360256929255
  848   -0.12360256929255
  849   -0.12360244176276
  850   -0.12360244176276
  851   -0.12360244176272
  852   -0.12360244176272
  853   -0.12239726113049
  854   -0.12239726113049
  855   -0.12239726113032
  856   -0.12239726113032
  857   -0.11495841119085
  858   -0.11495841119085
  859   -0.11495841119074
  860   -0.11495841119074
  861   -0.11495841110204
  862   -0.11495841110204
  863   -0.11495841110193
  864   -0.11495841110193
  865   -0.08527105757891
  866   -0.08527105757890
  867   -0.08527105757890
  868   -0.08527105757890
  869   -0.06256213590681
  870   -0.06256213590681
  871   -0.06256213590673
  872   -0.06256213590673
  873   -0.05898337886474
  874   -0.05898337886474
  875   -0.05898337886463
  876   -0.05898337886463
  877   -0.05439995104403
  878   -0.05439995104403
  879   -0.05439995104402
  880   -0.05439995104402
  881   -0.05439995104381
  882   -0.05439995104381
  883   -0.05439995104381
  884   -0.05439995104381
  885   -0.05439939078388
  886   -0.05439939078388
  887   -0.05439939078388
  888   -0.05439939078387
  889   -0.05439939078366
  890   -0.05439939078366
  891   -0.05439939078366
  892   -0.05439939078366
  893   -0.05215737769608
  894   -0.05215737769608
  895   -0.05215737769589
  896   -0.05215737769589
  897   -0.05215737743292
  898   -0.05215737743292
  899   -0.05215737743273
  900   -0.05215737743273
  901   -0.05215700542777
  902   -0.05215700542777
  903   -0.05215700542758
  904   -0.05215700542758
  905   -0.05215660071796
  906   -0.05215660071796
  907   -0.05215660071777
  908   -0.05215660071777
  909   -0.03993084256656
  910   -0.03993084256656
  911   -0.03993084256651
  912   -0.03993084256651
  913   -0.03993084247418
  914   -0.03993084247418
  915   -0.03993084247413
  916   -0.03993084247413
  917   -0.03993050371202
  918   -0.03993050371202
  919   -0.03993050371198
  920   -0.03993050371198
  921   -0.03993041888804
  922   -0.03993041888804
  923   -0.03993041888799
  924   -0.03993041888799
  925   -0.03758065180357
  926   -0.03758065180357
  927   -0.03758065180346
  928   -0.03758065180346
  929   -0.03758018255932
  930   -0.03758018255932
  931   -0.03758018255921
  932   -0.03758018255921
  933   -0.03758018211615
  934   -0.03758018211615
  935   -0.03758018211604
  936   -0.03758018211604
  937   -0.03757950742549
  938   -0.03757950742549
  939   -0.03757950742537
  940   -0.03757950742537
  941   -0.01787631614647
  942   -0.01787631614647
  943   -0.01787631614640
  944   -0.01787631614640
  945   -0.01710426133530
  946   -0.01710426133530
  947   -0.01710426133524
  948   -0.01710426133524
  949   -0.01710426127382
  950   -0.01710426127382
  951   -0.01710426127377
  952   -0.01710426127376
  953   -0.01710418253465
  954   -0.01710418253465
  955   -0.01710418253459
  956   -0.01710418253459
  957   -0.01710295503248
  958   -0.01710295503248
  959   -0.01710295503242
  960   -0.01710295503242
  961   -0.01693982247587
  962   -0.01693982247587
  963   -0.01693982247587
  964   -0.01693982247587
  965   -0.01693982247564
  966   -0.01693982247564
  967   -0.01693982247564
  968   -0.01693982247564
  969   -0.01693943928688
  970   -0.01693943928688
  971   -0.01693943928688
  972   -0.01693943928688
  973   -0.01693943928666
  974   -0.01693943928666
  975   -0.01693943928666
  976   -0.01693943928666
  977   -0.01693904496256
  978   -0.01693904496256
  979   -0.01693904496256
  980   -0.01693904496256
  981   -0.01693904496233
  982   -0.01693904496233
  983   -0.01693904496233
  984   -0.01693904496233
  985   -0.01693902190634
  986   -0.01693902190634
  987   -0.01693902190634
  988   -0.01693902190634
  989   -0.01693902190612
  990   -0.01693902190612
  991   -0.01693902190612
  992   -0.01693902190612
  993   -0.01474122592731
  994   -0.01474122592731
  995   -0.01474122592731
  996   -0.01474122592731
  997   -0.01474122592721
  998   -0.01474122592721
  999   -0.01474122592721
 1000   -0.01474122592721
 1001   -0.01474107424650
 1002   -0.01474107424650
 1003   -0.01474107424650
 1004   -0.01474107424650
 1005   -0.01474107424640
 1006   -0.01474107424640
 1007   -0.01474107424640
 1008   -0.01474107424640
 1009   -0.00708427689023
 1010   -0.00708427689023
 1011   -0.00708427689001
 1012   -0.00708427689001
 1013   -0.00708382043559
 1014   -0.00708382043559
 1015   -0.00708382043537
 1016   -0.00708382043536
 1017   -0.00708382033920
 1018   -0.00708382033920
 1019   -0.00708382033897
 1020   -0.00708382033897
 1021   -0.00708344177150
 1022   -0.00708344177150
 1023   -0.00708344177127
 1024   -0.00708344177127
 1025   -0.00587591344125
 1026   -0.00587591344125
 1027   -0.00587591344111
 1028   -0.00587591344111
 1029   -0.00587586526700
 1030   -0.00587586526700
 1031   -0.00587586526687
 1032   -0.00587586526687
 1033   -0.00587586512209
 1034   -0.00587586512209
 1035   -0.00587586512195
 1036   -0.00587586512195

   kloop=3
   k1=   0.00000 k2=   0.50000 k3=   0.50000

    1   -0.53187157724303
    2   -0.53187157724303
    3   -0.53187157724299
    4   -0.53187157724299
    5   -0.53187157724296
    6   -0.53187157724296
    7   -0.53187157724293
    8   -0.53187157724292
    9   -0.51439965064696
   10   -0.51439965064696
   11   -0.51439965064693
   12   -0.51439965064693
   13   -0.51439965064690
   14   -0.51439965064690
   15   -0.51439965064686
   16   -0.51439965064686
   17   -0.51439960099829
   18   -0.51439960099828
   19   -0.51439960099825
   20   -0.51439960099825
   21   -0.51439960099822
   22   -0.51439960099822
   23   -0.51439960099818
   24   -0.51439960099818
   25   -0.49692802495009
   26   -0.49692802495009
   27   -0.49692802495007
   28   -0.49692802495006
   29   -0.49692802495004
   30   -0.49692802495003
   31   -0.49692802494999
   32   -0.49692802494999
   33   -0.49692795335033
   34   -0.49692795335033
   35   -0.49692795335029
   36   -0.49692795335029
   37   -0.49692795335025
   38   -0.49692795335025
   39   -0.49692795335022
   40   -0.49692795335022
   41   -0.48096905794457
   42   -0.48096905794456
   43   -0.48096905794453
   44   -0.48096905794453
   45   -0.48096905794449
   46   -0.48096905794449
   47   -0.48096905794446
   48   -0.48096905794446
   49   -0.48096899488051
   50   -0.48096899488051
   51   -0.48096899488047
   52   -0.48096899488047
   53   -0.48096899488044
   54   -0.48096899488044
   55   -0.48096899488040
   56   -0.48096899488040
   57   -0.48096898639436
   58   -0.48096898639436
   59   -0.48096898639432
   60   -0.48096898639432
   61   -0.48096898639429
   62   -0.48096898639429
   63   -0.48096898639426
   64   -0.48096898639425
   65   -0.48096896661972
   66   -0.48096896661972
   67   -0.48096896661968
   68   -0.48096896661968
   69   -0.48096896661965
   70   -0.48096896661965
   71   -0.48096896661962
   72   -0.48096896661962
   73   -0.46484035553993
   74   -0.46484035553993
   75   -0.46484035553983
   76   -0.46484035553983
   77   -0.46484035553974
   78   -0.46484035553974
   79   -0.46484035553965
   80   -0.46484035553965
   81   -0.46333895042751
   82   -0.46333895042751
   83   -0.46333895042748
   84   -0.46333895042748
   85   -0.46333895042746
   86   -0.46333895042745
   87   -0.46333895042742
   88   -0.46333895042742
   89   -0.46333870599826
   90   -0.46333870599826
   91   -0.46333870599823
   92   -0.46333870599823
   93   -0.46333870599820
   94   -0.46333870599820
   95   -0.46333870599818
   96   -0.46333870599818
   97   -0.45659016296617
   98   -0.45659016296617
   99   -0.45659016296611
  100   -0.45659016296611
  101   -0.45659016296605
  102   -0.45659016296605
  103   -0.45659016296599
  104   -0.45659016296599
  105   -0.45659009914321
  106   -0.45659009914321
  107   -0.45659009914315
  108   -0.45659009914315
  109   -0.45659009914310
  110   -0.45659009914309
  111   -0.45659009914303
  112   -0.45659009914303
  113   -0.43949774879729
  114   -0.43949774879729
  115   -0.43949774879726
  116   -0.43949774879726
  117   -0.43949774879723
  118   -0.43949774879723
  119   -0.43949774879720
  120   -0.43949774879720
  121   -0.43949767399222
  122   -0.43949767399222
  123   -0.43949767399218
  124   -0.43949767399218
  125   -0.43949767399215
  126   -0.43949767399214
  127   -0.43949767399212
  128   -0.43949767399212
  129   -0.43949759861818
  130   -0.43949759861818
  131   -0.43949759861815
  132   -0.43949759861815
  133   -0.43949759861812
  134   -0.43949759861812
  135   -0.43949759861808
  136   -0.43949759861808
  137   -0.43949754876620
  138   -0.43949754876620
  139   -0.43949754876616
  140   -0.43949754876616
  141   -0.43949754876613
  142   -0.43949754876613
  143   -0.43949754876610
  144   -0.43949754876610
  145   -0.42925638370369
  146   -0.42925638370369
  147   -0.42925638370360
  148   -0.42925638370360
  149   -0.42925638370351
  150   -0.42925638370351
  151   -0.42925638370341
  152   -0.42925638370341
  153   -0.42925631167496
  154   -0.42925631167496
  155   -0.42925631167487
  156   -0.42925631167487
  157   -0.42925631167477
  158   -0.42925631167477
  159   -0.42925631167468
  160   -0.42925631167468
  161   -0.42160193161440
  162   -0.42160193161440
  163   -0.42160193161435
  164   -0.42160193161434
  165   -0.42160193161428
  166   -0.42160193161428
  167   -0.42160193161422
  168   -0.42160193161422
  169   -0.42160191306049
  170   -0.42160191306049
  171   -0.42160191306043
  172   -0.42160191306043
  173   -0.42160191306037
  174   -0.42160191306037
  175   -0.42160191306031
  176   -0.42160191306031
  177   -0.42160184260390
  178   -0.42160184260390
  179   -0.42160184260385
  180   -0.42160184260385
  181   -0.42160184260379
  182   -0.42160184260379
  183   -0.42160184260372
  184   -0.42160184260372
  185   -0.42160182549901
  186   -0.42160182549901
  187   -0.42160182549894
  188   -0.42160182549894
  189   -0.42160182549889
  190   -0.42160182549888
  191   -0.42160182549883
  192   -0.42160182549883
  193   -0.40954414118678
  194   -0.40954414118678
  195   -0.40954414118674
  196   -0.40954414118674
  197   -0.40954414118671
  198   -0.40954414118671
  199   -0.40954414118667
  200   -0.40954414118667
  201   -0.40954405269919
  202   -0.40954405269919
  203   -0.40954405269916
  204   -0.40954405269916
  205   -0.40954405269912
  206   -0.40954405269912
  207   -0.40954405269908
  208   -0.40954405269908
  209   -0.39163953775299
  210   -0.39163953775299
  211   -0.39163953775296
  212   -0.39163953775296
  213   -0.39163953775293
  214   -0.39163953775293
  215   -0.39163953775292
  216   -0.39163953775292
  217   -0.37733800350355
  218   -0.37733800350354
  219   -0.37733800350352
  220   -0.37733800350351
  221   -0.37733800350347
  222   -0.37733800350347
  223   -0.37733800350343
  224   -0.37733800350343
  225   -0.35327427147609
  226   -0.35327427147609
  227   -0.35327427147607
  228   -0.35327427147607
  229   -0.35327427147604
  230   -0.35327427147604
  231   -0.35327427147601
  232   -0.35327427147601
  233   -0.35327424135976
  234   -0.35327424135976
  235   -0.35327424135973
  236   -0.35327424135973
  237   -0.35327424135971
  238   -0.35327424135971
  239   -0.35327424135968
  240   -0.35327424135968
  241   -0.34918909023824
  242   -0.34918909023824
  243   -0.34918909023818
  244   -0.34918909023818
  245   -0.34918909023811
  246   -0.34918909023811
  247   -0.34918909023805
  248   -0.34918909023805
  249   -0.34918906148930
  250   -0.34918906148930
  251   -0.34918906148923
  252   -0.34918906148923
  253   -0.34918906148917
  254   -0.34918906148917
  255   -0.34918906148911
  256   -0.34918906148911
  257   -0.34730107930090
  258   -0.34730107930090
  259   -0.34730107930083
  260   -0.34730107930083
  261   -0.34730107930076
  262   -0.34730107930076
  263   -0.34730107930070
  264   -0.34730107930070
  265   -0.34730106248257
  266   -0.34730106248257
  267   -0.34730106248250
  268   -0.34730106248250
  269   -0.34730106248244
  270   -0.34730106248244
  271   -0.34730106248237
  272   -0.34730106248237
  273   -0.34730103431150
  274   -0.34730103431150
  275   -0.34730103431143
  276   -0.34730103431143
  277   -0.34730103431137
  278   -0.34730103431137
  279   -0.34730103431130
  280   -0.34730103431130
  281   -0.34730101712345
  282   -0.34730101712345
  283   -0.34730101712339
  284   -0.34730101712339
  285   -0.34730101712332
  286   -0.34730101712332
  287   -0.34730101712326
  288   -0.34730101712326
  289   -0.34206033320853
  290   -0.34206033320853
  291   -0.34206033320852
  292   -0.34206033320852
  293   -0.34206033320851
  294   -0.34206033320851
  295   -0.34206033320850
  296   -0.34206033320850
  297   -0.34206029915671
  298   -0.34206029915671
  299   -0.34206029915670
  300   -0.34206029915670
  301   -0.34206029915669
  302   -0.34206029915669
  303   -0.34206029915669
  304   -0.34206029915669
  305   -0.34206029606324
  306   -0.34206029606324
  307   -0.34206029606323
  308   -0.34206029606323
  309   -0.34206029606323
  310   -0.34206029606323
  311   -0.34206029606322
  312   -0.34206029606322
  313   -0.34206027917902
  314   -0.34206027917902
  315   -0.34206027917902
  316   -0.34206027917902
  317   -0.34206027917901
  318   -0.34206027917901
  319   -0.34206027917900
  320   -0.34206027917900
  321   -0.33760414646474
  322   -0.33760414646474
  323   -0.33760414646464
  324   -0.33760414646464
  325   -0.33760414646453
  326   -0.33760414646453
  327   -0.33760414646444
  328   -0.33760414646444
  329   -0.33760409462291
  330   -0.33760409462291
  331   -0.33760409462281
  332   -0.33760409462281
  333   -0.33760409462270
  334   -0.33760409462270
  335   -0.33760409462260
  336   -0.33760409462260
  337   -0.30093341054155
  338   -0.30093341054155
  339   -0.30093341054143
  340   -0.30093341054143
  341   -0.30093341054131
  342   -0.30093341054131
  343   -0.30093341054121
  344   -0.30093341054121
  345   -0.29972440006397
  346   -0.29972440006397
  347   -0.29972440006389
  348   -0.29972440006389
  349   -0.29972440006382
  350   -0.29972440006382
  351   -0.29972440006374
  352   -0.29972440006374
  353   -0.29972426861598
  354   -0.29972426861598
  355   -0.29972426861591
  356   -0.29972426861591
  357   -0.29972426861583
  358   -0.29972426861583
  359   -0.29972426861575
  360   -0.29972426861575
  361   -0.29489234883089
  362   -0.29489234883089
  363   -0.29489234883088
  364   -0.29489234883088
  365   -0.29489234883088
  366   -0.29489234883087
  367   -0.29489234883087
  368   -0.29489234883087
  369   -0.29489228316375
  370   -0.29489228316375
  371   -0.29489228316374
  372   -0.29489228316374
  373   -0.29489228316374
  374   -0.29489228316373
  375   -0.29489228316373
  376   -0.29489228316372
  377   -0.29489224754792
  378   -0.29489224754792
  379   -0.29489224754791
  380   -0.29489224754791
  381   -0.29489224754791
  382   -0.29489224754790
  383   -0.29489224754790
  384   -0.29489224754790
  385   -0.29489224241628
  386   -0.29489224241628
  387   -0.29489224241628
  388   -0.29489224241627
  389   -0.29489224241627
  390   -0.29489224241626
  391   -0.29489224241626
  392   -0.29489224241626
  393   -0.26106087066946
  394   -0.26106087066946
  395   -0.26106087066943
  396   -0.26106087066943
  397   -0.26106087066940
  398   -0.26106087066940
  399   -0.26106087066937
  400   -0.26106087066936
  401   -0.26106072873843
  402   -0.26106072873843
  403   -0.26106072873840
  404   -0.26106072873840
  405   -0.26106072873837
  406   -0.26106072873837
  407   -0.26106072873833
  408   -0.26106072873833
  409   -0.25051100482479
  410   -0.25051100482479
  411   -0.25051100482474
  412   -0.25051100482474
  413   -0.25051100482468
  414   -0.25051100482468
  415   -0.25051100482463
  416   -0.25051100482463
  417   -0.25051099852469
  418   -0.25051099852469
  419   -0.25051099852464
  420   -0.25051099852464
  421   -0.25051099852458
  422   -0.25051099852458
  423   -0.25051099852453
  424   -0.25051099852453
  425   -0.25051090283120
  426   -0.25051090283120
  427   -0.25051090283115
  428   -0.25051090283115
  429   -0.25051090283109
  430   -0.25051090283109
  431   -0.25051090283104
  432   -0.25051090283103
  433   -0.25051087405609
  434   -0.25051087405609
  435   -0.25051087405603
  436   -0.25051087405603
  437   -0.25051087405598
  438   -0.25051087405598
  439   -0.25051087405592
  440   -0.25051087405592
  441   -0.24690448108588
  442   -0.24690448108588
  443   -0.24690448108578
  444   -0.24690448108578
  445   -0.24690448108569
  446   -0.24690448108569
  447   -0.24690448108560
  448   -0.24690448108560
  449   -0.24311674950504
  450   -0.24311674950504
  451   -0.24311674950496
  452   -0.24311674950496
  453   -0.24311674950487
  454   -0.24311674950487
  455   -0.24311674950479
  456   -0.24311674950479
  457   -0.24240100639291
  458   -0.24240100639291
  459   -0.24240100639288
  460   -0.24240100639288
  461   -0.24240100639285
  462   -0.24240100639285
  463   -0.24240100639280
  464   -0.24240100639280
  465   -0.24240094183731
  466   -0.24240094183731
  467   -0.24240094183728
  468   -0.24240094183728
  469   -0.24240094183724
  470   -0.24240094183724
  471   -0.24240094183720
  472   -0.24240094183720
  473   -0.23563522864544
  474   -0.23563522864544
  475   -0.23563522864533
  476   -0.23563522864533
  477   -0.23563522864523
  478   -0.23563522864523
  479   -0.23563522864513
  480   -0.23563522864513
  481   -0.23563522705612
  482   -0.23563522705612
  483   -0.23563522705601
  484   -0.23563522705601
  485   -0.23563522705591
  486   -0.23563522705591
  487   -0.23563522705581
  488   -0.23563522705581
  489   -0.23563516354301
  490   -0.23563516354301
  491   -0.23563516354290
  492   -0.23563516354290
  493   -0.23563516354280
  494   -0.23563516354280
  495   -0.23563516354270
  496   -0.23563516354270
  497   -0.23563514628725
  498   -0.23563514628725
  499   -0.23563514628715
  500   -0.23563514628715
  501   -0.23563514628704
  502   -0.23563514628704
  503   -0.23563514628694
  504   -0.23563514628694
  505   -0.22634274168301
  506   -0.22634274168301
  507   -0.22634274168286
  508   -0.22634274168286
  509   -0.22634274168271
  510   -0.22634274168271
  511   -0.22634274168256
  512   -0.22634274168256
  513   -0.22634270127270
  514   -0.22634270127270
  515   -0.22634270127255
  516   -0.22634270127255
  517   -0.22634270127240
  518   -0.22634270127240
  519   -0.22634270127226
  520   -0.22634270127226
  521   -0.21836646049624
  522   -0.21836646049624
  523   -0.21836646049618
  524   -0.21836646049618
  525   -0.21836646049611
  526   -0.21836646049611
  527   -0.21836646049605
  528   -0.21836646049605
  529   -0.21836642104986
  530   -0.21836642104986
  531   -0.21836642104979
  532   -0.21836642104979
  533   -0.21836642104973
  534   -0.21836642104973
  535   -0.21836642104967
  536   -0.21836642104967
  537   -0.21746511100837
  538   -0.21746511100837
  539   -0.21746511100826
  540   -0.21746511100826
  541   -0.21746511100818
  542   -0.21746511100818
  543   -0.21746511100810
  544   -0.21746511100810
  545   -0.21746510943109
  546   -0.21746510943109
  547   -0.21746510943099
  548   -0.21746510943099
  549   -0.21746510943089
  550   -0.21746510943089
  551   -0.21746510943081
  552   -0.21746510943081
  553   -0.21317454253030
  554   -0.21317454253030
  555   -0.21317454253027
  556   -0.21317454253027
  557   -0.21317454253024
  558   -0.21317454253024
  559   -0.21317454253021
  560   -0.21317454253021
  561   -0.21317439238858
  562   -0.21317439238858
  563   -0.21317439238854
  564   -0.21317439238854
  565   -0.21317439238852
  566   -0.21317439238852
  567   -0.21317439238849
  568   -0.21317439238849
  569   -0.21080509530850
  570   -0.21080509530850
  571   -0.21080509530845
  572   -0.21080509530845
  573   -0.21080509530840
  574   -0.21080509530840
  575   -0.21080509530834
  576   -0.21080509530834
  577   -0.21080491284196
  578   -0.21080491284196
  579   -0.21080491284191
  580   -0.21080491284191
  581   -0.21080491284185
  582   -0.21080491284185
  583   -0.21080491284180
  584   -0.21080491284180
  585   -0.19978825743859
  586   -0.19978825743858
  587   -0.19978825743856
  588   -0.19978825743856
  589   -0.19978825743853
  590   -0.19978825743853
  591   -0.19978825743850
  592   -0.19978825743850
  593   -0.19916819814669
  594   -0.19916819814669
  595   -0.19916819814666
  596   -0.19916819814666
  597   -0.19916819814662
  598   -0.19916819814662
  599   -0.19916819814659
  600   -0.19916819814659
  601   -0.19916813698560
  602   -0.19916813698560
  603   -0.19916813698557
  604   -0.19916813698557
  605   -0.19916813698553
  606   -0.19916813698553
  607   -0.19916813698549
  608   -0.19916813698549
  609   -0.19916807023016
  610   -0.19916807023016
  611   -0.19916807023012
  612   -0.19916807023012
  613   -0.19916807023009
  614   -0.19916807023009
  615   -0.19916807023005
  616   -0.19916807023005
  617   -0.19916796110713
  618   -0.19916796110713
  619   -0.19916796110709
  620   -0.19916796110709
  621   -0.19916796110705
  622   -0.19916796110705
  623   -0.19916796110702
  624   -0.19916796110702
  625   -0.19142558493747
  626   -0.19142558493747
  627   -0.19142558493733
  628   -0.19142558493733
  629   -0.19142558493719
  630   -0.19142558493719
  631   -0.19142558493706
  632   -0.19142558493706
  633   -0.19142558309335
  634   -0.19142558309335
  635   -0.19142558309322
  636   -0.19142558309322
  637   -0.19142558309308
  638   -0.19142558309308
  639   -0.19142558309295
  640   -0.19142558309295
  641   -0.19142557991557
  642   -0.19142557991557
  643   -0.19142557991543
  644   -0.19142557991543
  645   -0.19142557991529
  646   -0.19142557991529
  647   -0.19142557991516
  648   -0.19142557991516
  649   -0.19142552000934
  650   -0.19142552000934
  651   -0.19142552000919
  652   -0.19142552000919
  653   -0.19142552000906
  654   -0.19142552000906
  655   -0.19142552000893
  656   -0.19142552000893
  657   -0.18827463671207
  658   -0.18827463671206
  659   -0.18827463671206
  660   -0.18827463671205
  661   -0.18827463671204
  662   -0.18827463671204
  663   -0.18827463671204
  664   -0.18827463671203
  665   -0.18827445780901
  666   -0.18827445780901
  667   -0.18827445780900
  668   -0.18827445780900
  669   -0.18827445780899
  670   -0.18827445780899
  671   -0.18827445780898
  672   -0.18827445780898
  673   -0.18409674419927
  674   -0.18409674419927
  675   -0.18409674419925
  676   -0.18409674419925
  677   -0.18409674419922
  678   -0.18409674419922
  679   -0.18409674419919
  680   -0.18409674419919
  681   -0.18409673152348
  682   -0.18409673152348
  683   -0.18409673152346
  684   -0.18409673152346
  685   -0.18409673152343
  686   -0.18409673152343
  687   -0.18409673152340
  688   -0.18409673152340
  689   -0.17403910038742
  690   -0.17403910038742
  691   -0.17403910038741
  692   -0.17403910038741
  693   -0.17403910038741
  694   -0.17403910038741
  695   -0.17403910038741
  696   -0.17403910038741
  697   -0.17403909265336
  698   -0.17403909265336
  699   -0.17403909265335
  700   -0.17403909265335
  701   -0.17403909265335
  702   -0.17403909265335
  703   -0.17403909265334
  704   -0.17403909265334
  705   -0.17403875769201
  706   -0.17403875769201
  707   -0.17403875769201
  708   -0.17403875769201
  709   -0.17403875769201
  710   -0.17403875769201
  711   -0.17403875769201
  712   -0.17403875769201
  713   -0.17403861019130
  714   -0.17403861019129
  715   -0.17403861019129
  716   -0.17403861019129
  717   -0.17403861019129
  718   -0.17403861019129
  719   -0.17403861019129
  720   -0.17403861019128
  721   -0.16966178210287
  722   -0.16966178210287
  723   -0.16966178210279
  724   -0.16966178210279
  725   -0.16966178210271
  726   -0.16966178210271
  727   -0.16966178210263
  728   -0.16966178210263
  729   -0.16966144652402
  730   -0.16966144652402
  731   -0.16966144652394
  732   -0.16966144652394
  733   -0.16966144652386
  734   -0.16966144652386
  735   -0.16966144652378
  736   -0.16966144652378
  737   -0.16045441701251
  738   -0.16045441701251
  739   -0.16045441701241
  740   -0.16045441701241
  741   -0.16045441701231
  742   -0.16045441701231
  743   -0.16045441701221
  744   -0.16045441701221
  745   -0.16045437894983
  746   -0.16045437894983
  747   -0.16045437894972
  748   -0.16045437894972
  749   -0.16045437894962
  750   -0.16045437894962
  751   -0.16045437894952
  752   -0.16045437894952
  753   -0.15689402034801
  754   -0.15689402034801
  755   -0.15689402034785
  756   -0.15689402034785
  757   -0.15689402034768
  758   -0.15689402034768
  759   -0.15689402034752
  760   -0.15689402034752
  761   -0.14860675793647
  762   -0.14860675793647
  763   -0.14860675793641
  764   -0.14860675793641
  765   -0.14860675793635
  766   -0.14860675793635
  767   -0.14860675793627
  768   -0.14860675793627
  769   -0.14802295063796
  770   -0.14802295063796
  771   -0.14802295063790
  772   -0.14802295063790
  773   -0.14802295063784
  774   -0.14802295063784
  775   -0.14802295063778
  776   -0.14802295063778
  777   -0.14802280970221
  778   -0.14802280970221
  779   -0.14802280970215
  780   -0.14802280970215
  781   -0.14802280970209
  782   -0.14802280970209
  783   -0.14802280970203
  784   -0.14802280970203
  785   -0.14802280552289
  786   -0.14802280552289
  787   -0.14802280552284
  788   -0.14802280552284
  789   -0.14802280552277
  790   -0.14802280552277
  791   -0.14802280552271
  792   -0.14802280552271
  793   -0.14802266222027
  794   -0.14802266222027
  795   -0.14802266222020
  796   -0.14802266222020
  797   -0.14802266222014
  798   -0.14802266222014
  799   -0.14802266222008
  800   -0.14802266222008
  801   -0.14482322336445
  802   -0.14482322336445
  803   -0.14482322336442
  804   -0.14482322336442
  805   -0.14482322336438
  806   -0.14482322336438
  807   -0.14482322336434
  808   -0.14482322336434
  809   -0.14482320780173
  810   -0.14482320780173
  811   -0.14482320780170
  812   -0.14482320780170
  813   -0.14482320780166
  814   -0.14482320780166
  815   -0.14482320780162
  816   -0.14482320780162
  817   -0.14083803100410
  818   -0.14083803100410
  819   -0.14083803100410
  820   -0.14083803100409
  821   -0.14083803100408
  822   -0.14083803100408
  823   -0.14083803100406
  824   -0.14083803100406
  825   -0.14083802613310
  826   -0.14083802613310
  827   -0.14083802613310
  828   -0.14083802613310
  829   -0.14083802613309
  830   -0.14083802613309
  831   -0.14083802613307
  832   -0.14083802613307
  833   -0.13317267499821
  834   -0.13317267499820
  835   -0.13317267499819
  836   -0.13317267499818
  837   -0.13317267499817
  838   -0.13317267499817
  839   -0.13317267499815
  840   -0.13317267499815
  841   -0.13317254676024
  842   -0.13317254676024
  843   -0.13317254676022
  844   -0.13317254676022
  845   -0.13317254676021
  846   -0.13317254676021
  847   -0.13317254676019
  848   -0.13317254676019
  849   -0.13213465609433
  850   -0.13213465609433
  851   -0.13213465609422
  852   -0.13213465609422
  853   -0.13213465609411
  854   -0.13213465609411
  855   -0.13213465609400
  856   -0.13213465609400
  857   -0.10202541388655
  858   -0.10202541388655
  859   -0.10202541388654
  860   -0.10202541388654
  861   -0.10202541388652
  862   -0.10202541388652
  863   -0.10202541388650
  864   -0.10202541388650
  865   -0.07058429460431
  866   -0.07058429460431
  867   -0.07058429460428
  868   -0.07058429460428
  869   -0.07058429460424
  870   -0.07058429460424
  871   -0.07058429460421
  872   -0.07058429460421
  873   -0.05905868339209
  874   -0.05905868339209
  875   -0.05905868339201
  876   -0.05905868339201
  877   -0.05905868339192
  878   -0.05905868339192
  879   -0.05905868339182
  880   -0.05905868339182
  881   -0.05905808732002
  882   -0.05905808732002
  883   -0.05905808731994
  884   -0.05905808731994
  885   -0.05905808731984
  886   -0.05905808731984
  887   -0.05905808731975
  888   -0.05905808731975
  889   -0.04995258627206
  890   -0.04995258627206
  891   -0.04995258627200
  892   -0.04995258627200
  893   -0.04995258627195
  894   -0.04995258627195
  895   -0.04995258627189
  896   -0.04995258627189
  897   -0.04995224759941
  898   -0.04995224759940
  899   -0.04995224759935
  900   -0.04995224759935
  901   -0.04995224759929
  902   -0.04995224759929
  903   -0.04995224759923
  904   -0.04995224759923
  905   -0.03614674973069
  906   -0.03614674973069
  907   -0.03614674973056
  908   -0.03614674973056
  909   -0.03614674973043
  910   -0.03614674973043
  911   -0.03614674973030
  912   -0.03614674973030
  913   -0.03614673487031
  914   -0.03614673487031
  915   -0.03614673487018
  916   -0.03614673487018
  917   -0.03614673487004
  918   -0.03614673487004
  919   -0.03614673486991
  920   -0.03614673486991
  921   -0.03598761441165
  922   -0.03598761441165
  923   -0.03598761441161
  924   -0.03598761441161
  925   -0.03598761441157
  926   -0.03598761441157
  927   -0.03598761441155
  928   -0.03598761441155
  929   -0.03598712393002
  930   -0.03598712393002
  931   -0.03598712392999
  932   -0.03598712392998
  933   -0.03598712392995
  934   -0.03598712392995
  935   -0.03598712392992
  936   -0.03598712392992
  937   -0.03217840396848
  938   -0.03217840396848
  939   -0.03217840396841
  940   -0.03217840396841
  941   -0.03217840396834
  942   -0.03217840396834
  943   -0.03217840396826
  944   -0.03217840396826
  945   -0.03217830986033
  946   -0.03217830986033
  947   -0.03217830986025
  948   -0.03217830986025
  949   -0.03217830986018
  950   -0.03217830986018
  951   -0.03217830986010
  952   -0.03217830986010
  953   -0.03217803648969
  954   -0.03217803648969
  955   -0.03217803648961
  956   -0.03217803648961
  957   -0.03217803648954
  958   -0.03217803648954
  959   -0.03217803648947
  960   -0.03217803648946
  961   -0.03217781059816
  962   -0.03217781059816
  963   -0.03217781059808
  964   -0.03217781059808
  965   -0.03217781059800
  966   -0.03217781059800
  967   -0.03217781059793
  968   -0.03217781059793
  969   -0.01934037064877
  970   -0.01934037064877
  971   -0.01934037064873
  972   -0.01934037064873
  973   -0.01934037064869
  974   -0.01934037064869
  975   -0.01934037064866
  976   -0.01934037064865
  977   -0.01934002532928
  978   -0.01934002532928
  979   -0.01934002532923
  980   -0.01934002532923
  981   -0.01934002532920
  982   -0.01934002532920
  983   -0.01934002532916
  984   -0.01934002532916
  985   -0.01066040721633
  986   -0.01066040721633
  987   -0.01066040721626
  988   -0.01066040721626
  989   -0.01066040721619
  990   -0.01066040721619
  991   -0.01066040721612
  992   -0.01066040721612
  993   -0.00799958394582
  994   -0.00799958394582
  995   -0.00799958394579
  996   -0.00799958394579
  997   -0.00799958394576
  998   -0.00799958394576
  999   -0.00799958394573
 1000   -0.00799958394573
 1001   -0.00799951896577
 1002   -0.00799951896577
 1003   -0.00799951896574
 1004   -0.00799951896574
 1005   -0.00799951896571
 1006   -0.00799951896571
 1007   -0.00799951896568
 1008   -0.00799951896568
 1009   -0.00506853600854
 1010   -0.00506853600854
 1011   -0.00506853600830
 1012   -0.00506853600830
 1013   -0.00506853600807
 1014   -0.00506853600807
 1015   -0.00506853600783
 1016   -0.00506853600783
 1017   -0.00287135300560
 1018   -0.00287135300560
 1019   -0.00287135300548
 1020   -0.00287135300548
 1021   -0.00287135300535
 1022   -0.00287135300535
 1023   -0.00287135300523
 1024   -0.00287135300523
 1025   -0.00287119711925
 1026   -0.00287119711925
 1027   -0.00287119711913
 1028   -0.00287119711913
 1029   -0.00287119711900
 1030   -0.00287119711900
 1031   -0.00287119711888
 1032   -0.00287119711888
 1033   -0.00287076863120
 1034   -0.00287076863120
 1035   -0.00287076863108
 1036   -0.00287076863108

   kloop=4
   k1=   0.50000 k2=  -0.00000 k3=   0.00000

    1   -0.53624517403526
    2   -0.53624517403526
    3   -0.53624517403522
    4   -0.53624517403522
    5   -0.51873182719821
    6   -0.51873182719821
    7   -0.51873182719820
    8   -0.51873182719820
    9   -0.51873182719813
   10   -0.51873182719813
   11   -0.51873182719812
   12   -0.51873182719812
   13   -0.51873182617351
   14   -0.51873182617351
   15   -0.51873182617351
   16   -0.51873182617351
   17   -0.51873182617343
   18   -0.51873182617343
   19   -0.51873182617343
   20   -0.51873182617343
   21   -0.50162925611679
   22   -0.50162925611679
   23   -0.50162925611676
   24   -0.50162925611676
   25   -0.50162925610751
   26   -0.50162925610751
   27   -0.50162925610747
   28   -0.50162925610747
   29   -0.50162925323902
   30   -0.50162925323902
   31   -0.50162925323898
   32   -0.50162925323898
   33   -0.50162910576935
   34   -0.50162910576935
   35   -0.50162910576932
   36   -0.50162910576932
   37   -0.50111373533281
   38   -0.50111373533281
   39   -0.50111373533270
   40   -0.50111373533270
   41   -0.48458741876453
   42   -0.48458741876453
   43   -0.48458741876452
   44   -0.48458741876452
   45   -0.48458741876445
   46   -0.48458741876445
   47   -0.48458741876445
   48   -0.48458741876445
   49   -0.48458735813845
   50   -0.48458735813845
   51   -0.48458735813845
   52   -0.48458735813845
   53   -0.48458735813838
   54   -0.48458735813838
   55   -0.48458735813838
   56   -0.48458735813838
   57   -0.47079063350409
   58   -0.47079063350409
   59   -0.47079063350400
   60   -0.47079063350400
   61   -0.47079054107489
   62   -0.47079054107489
   63   -0.47079054107481
   64   -0.47079054107481
   65   -0.47079054106662
   66   -0.47079054106662
   67   -0.47079054106653
   68   -0.47079054106653
   69   -0.47079048574315
   70   -0.47079048574314
   71   -0.47079048574306
   72   -0.47079048574306
   73   -0.46684730575597
   74   -0.46684730575597
   75   -0.46684730575594
   76   -0.46684730575594
   77   -0.46684730572472
   78   -0.46684730572472
   79   -0.46684730572469
   80   -0.46684730572469
   81   -0.46684712483522
   82   -0.46684712483522
   83   -0.46684712483519
   84   -0.46684712483519
   85   -0.46684698657874
   86   -0.46684698657874
   87   -0.46684698657871
   88   -0.46684698657871
   89   -0.45342754814072
   90   -0.45342754814072
   91   -0.45342754814071
   92   -0.45342754814071
   93   -0.45342754814065
   94   -0.45342754814065
   95   -0.45342754814065
   96   -0.45342754814065
   97   -0.45342753282861
   98   -0.45342753282861
   99   -0.45342753282860
  100   -0.45342753282860
  101   -0.45342753282854
  102   -0.45342753282854
  103   -0.45342753282854
  104   -0.45342753282853
  105   -0.45342733182877
  106   -0.45342733182877
  107   -0.45342733182877
  108   -0.45342733182877
  109   -0.45342733182870
  110   -0.45342733182870
  111   -0.45342733182870
  112   -0.45342733182870
  113   -0.45342732627142
  114   -0.45342732627141
  115   -0.45342732627141
  116   -0.45342732627141
  117   -0.45342732627135
  118   -0.45342732627135
  119   -0.45342732627135
  120   -0.45342732627135
  121   -0.44427130888357
  122   -0.44427130888357
  123   -0.44427130888357
  124   -0.44427130888357
  125   -0.44427130888352
  126   -0.44427130888352
  127   -0.44427130888352
  128   -0.44427130888352
  129   -0.44427120561854
  130   -0.44427120561854
  131   -0.44427120561854
  132   -0.44427120561854
  133   -0.44427120561849
  134   -0.44427120561849
  135   -0.44427120561849
  136   -0.44427120561848
  137   -0.43904297512362
  138   -0.43904297512362
  139   -0.43904297512354
  140   -0.43904297512354
  141   -0.43904297511574
  142   -0.43904297511574
  143   -0.43904297511566
  144   -0.43904297511566
  145   -0.43904286188768
  146   -0.43904286188768
  147   -0.43904286188761
  148   -0.43904286188760
  149   -0.43904275055336
  150   -0.43904275055336
  151   -0.43904275055328
  152   -0.43904275055328
  153   -0.43227971668915
  154   -0.43227971668915
  155   -0.43227971668898
  156   -0.43227971668898
  157   -0.42700029526859
  158   -0.42700029526859
  159   -0.42700029526852
  160   -0.42700029526852
  161   -0.42700017651110
  162   -0.42700017651110
  163   -0.42700017651103
  164   -0.42700017651103
  165   -0.42700012165393
  166   -0.42700012165393
  167   -0.42700012165386
  168   -0.42700012165386
  169   -0.42700012163369
  170   -0.42700012163369
  171   -0.42700012163362
  172   -0.42700012163362
  173   -0.42089130373716
  174   -0.42089130373716
  175   -0.42089130373715
  176   -0.42089130373715
  177   -0.42089130373711
  178   -0.42089130373711
  179   -0.42089130373711
  180   -0.42089130373711
  181   -0.42089129803706
  182   -0.42089129803706
  183   -0.42089129803706
  184   -0.42089129803705
  185   -0.42089129803701
  186   -0.42089129803701
  187   -0.42089129803701
  188   -0.42089129803701
  189   -0.39902736989534
  190   -0.39902736989534
  191   -0.39902736989526
  192   -0.39902736989526
  193   -0.39902736988215
  194   -0.39902736988215
  195   -0.39902736988207
  196   -0.39902736988207
  197   -0.39902732441272
  198   -0.39902732441272
  199   -0.39902732441264
  200   -0.39902732441264
  201   -0.39902730848000
  202   -0.39902730848000
  203   -0.39902730847993
  204   -0.39902730847993
  205   -0.38545848532569
  206   -0.38545848532569
  207   -0.38545848532569
  208   -0.38545848532569
  209   -0.38545848532552
  210   -0.38545848532552
  211   -0.38545848532552
  212   -0.38545848532552
  213   -0.38545837404663
  214   -0.38545837404663
  215   -0.38545837404663
  216   -0.38545837404663
  217   -0.38545837404646
  218   -0.38545837404646
  219   -0.38545837404646
  220   -0.38545837404645
  221   -0.38005543188702
  222   -0.38005543188702
  223   -0.38005543188701
  224   -0.38005543188701
  225   -0.38005543188676
  226   -0.38005543188676
  227   -0.38005543188676
  228   -0.38005543188676
  229   -0.36610102841005
  230   -0.36610102841005
  231   -0.36610102840999
  232   -0.36610102840999
  233   -0.36610102837882
  234   -0.36610102837882
  235   -0.36610102837875
  236   -0.36610102837875
  237   -0.36610099008746
  238   -0.36610099008746
  239   -0.36610099008739
  240   -0.36610099008739
  241   -0.36610095280373
  242   -0.36610095280373
  243   -0.36610095280367
  244   -0.36610095280367
  245   -0.35535119509743
  246   -0.35535119509743
  247   -0.35535119509743
  248   -0.35535119509743
  249   -0.35535119509740
  250   -0.35535119509740
  251   -0.35535119509740
  252   -0.35535119509740
  253   -0.35535114860335
  254   -0.35535114860335
  255   -0.35535114860335
  256   -0.35535114860335
  257   -0.35535114860333
  258   -0.35535114860333
  259   -0.35535114860333
  260   -0.35535114860333
  261   -0.35111345254816
  262   -0.35111345254816
  263   -0.35111345254816
  264   -0.35111345254816
  265   -0.35111341344355
  266   -0.35111341344355
  267   -0.35111341344355
  268   -0.35111341344355
  269   -0.35111339317544
  270   -0.35111339317544
  271   -0.35111339317544
  272   -0.35111339317544
  273   -0.35111339316010
  274   -0.35111339316010
  275   -0.35111339316010
  276   -0.35111339316010
  277   -0.34278252437336
  278   -0.34278252437336
  279   -0.34278252437336
  280   -0.34278252437336
  281   -0.34278252437333
  282   -0.34278252437333
  283   -0.34278252437333
  284   -0.34278252437332
  285   -0.34278252174934
  286   -0.34278252174934
  287   -0.34278252174934
  288   -0.34278252174933
  289   -0.34278252174931
  290   -0.34278252174931
  291   -0.34278252174930
  292   -0.34278252174930
  293   -0.33640527884861
  294   -0.33640527884861
  295   -0.33640527884840
  296   -0.33640527884840
  297   -0.32787121256027
  298   -0.32787121256027
  299   -0.32787121256019
  300   -0.32787121256019
  301   -0.32787121253887
  302   -0.32787121253887
  303   -0.32787121253878
  304   -0.32787121253878
  305   -0.32787114423880
  306   -0.32787114423880
  307   -0.32787114423871
  308   -0.32787114423871
  309   -0.32787109682619
  310   -0.32787109682619
  311   -0.32787109682610
  312   -0.32787109682610
  313   -0.32664680158079
  314   -0.32664680158079
  315   -0.32664680158069
  316   -0.32664680158069
  317   -0.32664680156322
  318   -0.32664680156322
  319   -0.32664680156312
  320   -0.32664680156312
  321   -0.32664677062616
  322   -0.32664677062616
  323   -0.32664677062607
  324   -0.32664677062607
  325   -0.32664674919096
  326   -0.32664674919096
  327   -0.32664674919086
  328   -0.32664674919086
  329   -0.32210020523513
  330   -0.32210020523513
  331   -0.32210020523513
  332   -0.32210020523513
  333   -0.32210020523507
  334   -0.32210020523507
  335   -0.32210020523507
  336   -0.32210020523507
  337   -0.32210012923320
  338   -0.32210012923320
  339   -0.32210012923320
  340   -0.32210012923319
  341   -0.32210012923316
  342   -0.32210012923316
  343   -0.32210012923316
  344   -0.32210012923316
  345   -0.32210001898633
  346   -0.32210001898633
  347   -0.32210001898633
  348   -0.32210001898633
  349   -0.32210001898630
  350   -0.32210001898630
  351   -0.32210001898629
  352   -0.32210001898629
  353   -0.32210000521620
  354   -0.32210000521620
  355   -0.32210000521620
  356   -0.32210000521620
  357   -0.32210000521614
  358   -0.32210000521614
  359   -0.32210000521614
  360   -0.32210000521614
  361   -0.28886600911786
  362   -0.28886600911786
  363   -0.28886600911781
  364   -0.28886600911781
  365   -0.28886600911140
  366   -0.28886600911140
  367   -0.28886600911135
  368   -0.28886600911135
  369   -0.28886584747395
  370   -0.28886584747395
  371   -0.28886584747389
  372   -0.28886584747389
  373   -0.28886579333702
  374   -0.28886579333702
  375   -0.28886579333696
  376   -0.28886579333696
  377   -0.27149924306808
  378   -0.27149924306808
  379   -0.27149924306808
  380   -0.27149924306808
  381   -0.27149924306795
  382   -0.27149924306795
  383   -0.27149924306795
  384   -0.27149924306795
  385   -0.27149913398653
  386   -0.27149913398653
  387   -0.27149913398652
  388   -0.27149913398652
  389   -0.27149913398639
  390   -0.27149913398639
  391   -0.27149913398639
  392   -0.27149913398639
  393   -0.26286094933252
  394   -0.26286094933252
  395   -0.26286094933237
  396   -0.26286094933237
  397   -0.26286094929640
  398   -0.26286094929640
  399   -0.26286094929626
  400   -0.26286094929626
  401   -0.26286090548921
  402   -0.26286090548921
  403   -0.26286090548906
  404   -0.26286090548906
  405   -0.26286080649126
  406   -0.26286080649126
  407   -0.26286080649112
  408   -0.26286080649112
  409   -0.26278493396532
  410   -0.26278493396532
  411   -0.26278493396526
  412   -0.26278493396526
  413   -0.26278485667708
  414   -0.26278485667708
  415   -0.26278485667702
  416   -0.26278485667702
  417   -0.26278485665697
  418   -0.26278485665697
  419   -0.26278485665691
  420   -0.26278485665691
  421   -0.26278476823465
  422   -0.26278476823465
  423   -0.26278476823459
  424   -0.26278476823459
  425   -0.25852833453226
  426   -0.25852833453226
  427   -0.25852833453220
  428   -0.25852833453219
  429   -0.25852833188645
  430   -0.25852833188645
  431   -0.25852833188638
  432   -0.25852833188638
  433   -0.25852833188408
  434   -0.25852833188408
  435   -0.25852833188401
  436   -0.25852833188401
  437   -0.25852817722186
  438   -0.25852817722186
  439   -0.25852817722180
  440   -0.25852817722180
  441   -0.24791209445085
  442   -0.24791209445085
  443   -0.24791209445071
  444   -0.24791209445071
  445   -0.24791209442663
  446   -0.24791209442663
  447   -0.24791209442648
  448   -0.24791209442648
  449   -0.24791199899672
  450   -0.24791199899672
  451   -0.24791199899657
  452   -0.24791199899657
  453   -0.24791194970330
  454   -0.24791194970330
  455   -0.24791194970315
  456   -0.24791194970315
  457   -0.24754595201002
  458   -0.24754595201002
  459   -0.24754595201002
  460   -0.24754595201002
  461   -0.24754595200982
  462   -0.24754595200982
  463   -0.24754595200982
  464   -0.24754595200982
  465   -0.24378883515890
  466   -0.24378883515890
  467   -0.24378883515890
  468   -0.24378883515890
  469   -0.24378883515880
  470   -0.24378883515880
  471   -0.24378883515880
  472   -0.24378883515880
  473   -0.24378881570875
  474   -0.24378881570875
  475   -0.24378881570874
  476   -0.24378881570874
  477   -0.24378881570864
  478   -0.24378881570864
  479   -0.24378881570864
  480   -0.24378881570864
  481   -0.22665996353401
  482   -0.22665996353401
  483   -0.22665996353379
  484   -0.22665996353379
  485   -0.22167854584029
  486   -0.22167854584028
  487   -0.22167854584028
  488   -0.22167854584028
  489   -0.22167854584024
  490   -0.22167854584024
  491   -0.22167854584024
  492   -0.22167854584023
  493   -0.22167836563879
  494   -0.22167836563879
  495   -0.22167836563878
  496   -0.22167836563878
  497   -0.22167836563871
  498   -0.22167836563871
  499   -0.22167836563871
  500   -0.22167836563871
  501   -0.22167821006105
  502   -0.22167821006105
  503   -0.22167821006105
  504   -0.22167821006105
  505   -0.22167821006098
  506   -0.22167821006098
  507   -0.22167821006098
  508   -0.22167821006098
  509   -0.22167820913174
  510   -0.22167820913174
  511   -0.22167820913174
  512   -0.22167820913174
  513   -0.22167820913170
  514   -0.22167820913170
  515   -0.22167820913170
  516   -0.22167820913170
  517   -0.22018876950638
  518   -0.22018876950638
  519   -0.22018876950638
  520   -0.22018876950638
  521   -0.22018876950636
  522   -0.22018876950636
  523   -0.22018876950636
  524   -0.22018876950636
  525   -0.22018874723261
  526   -0.22018874723261
  527   -0.22018874723261
  528   -0.22018874723261
  529   -0.22018874723259
  530   -0.22018874723259
  531   -0.22018874723259
  532   -0.22018874723259
  533   -0.21969492678824
  534   -0.21969492678824
  535   -0.21969492678823
  536   -0.21969492678823
  537   -0.21969492678813
  538   -0.21969492678813
  539   -0.21969492678813
  540   -0.21969492678813
  541   -0.21969465199007
  542   -0.21969465199007
  543   -0.21969465199006
  544   -0.21969465199006
  545   -0.21969465198996
  546   -0.21969465198996
  547   -0.21969465198996
  548   -0.21969465198995
  549   -0.21801480977626
  550   -0.21801480977626
  551   -0.21801480977626
  552   -0.21801480977626
  553   -0.21801480977614
  554   -0.21801480977613
  555   -0.21801480977613
  556   -0.21801480977613
  557   -0.21801476260189
  558   -0.21801476260189
  559   -0.21801476260189
  560   -0.21801476260189
  561   -0.21801476260177
  562   -0.21801476260177
  563   -0.21801476260177
  564   -0.21801476260177
  565   -0.20760623399775
  566   -0.20760623399775
  567   -0.20760623399764
  568   -0.20760623399764
  569   -0.20760617468533
  570   -0.20760617468533
  571   -0.20760617468522
  572   -0.20760617468522
  573   -0.20760617465397
  574   -0.20760617465397
  575   -0.20760617465386
  576   -0.20760617465386
  577   -0.20760599725475
  578   -0.20760599725475
  579   -0.20760599725464
  580   -0.20760599725464
  581   -0.20499909547853
  582   -0.20499909547853
  583   -0.20499909547839
  584   -0.20499909547839
  585   -0.20499906256322
  586   -0.20499906256322
  587   -0.20499906256309
  588   -0.20499906256309
  589   -0.20499906253098
  590   -0.20499906253098
  591   -0.20499906253084
  592   -0.20499906253084
  593   -0.20499889132538
  594   -0.20499889132538
  595   -0.20499889132524
  596   -0.20499889132524
  597   -0.20298220953988
  598   -0.20298220953988
  599   -0.20298220953985
  600   -0.20298220953985
  601   -0.20298220953871
  602   -0.20298220953871
  603   -0.20298220953867
  604   -0.20298220953867
  605   -0.19883924507745
  606   -0.19883924507745
  607   -0.19883924507745
  608   -0.19883924507745
  609   -0.19883924507726
  610   -0.19883924507726
  611   -0.19883924507726
  612   -0.19883924507725
  613   -0.19883924154241
  614   -0.19883924154241
  615   -0.19883924154240
  616   -0.19883924154240
  617   -0.19883924154222
  618   -0.19883924154222
  619   -0.19883924154222
  620   -0.19883924154221
  621   -0.19715727148816
  622   -0.19715727148816
  623   -0.19715727148816
  624   -0.19715727148816
  625   -0.19715727148794
  626   -0.19715727148794
  627   -0.19715727148794
  628   -0.19715727148794
  629   -0.19715705593390
  630   -0.19715705593390
  631   -0.19715705593390
  632   -0.19715705593390
  633   -0.19715705593368
  634   -0.19715705593367
  635   -0.19715705593367
  636   -0.19715705593367
  637   -0.19092613136999
  638   -0.19092613136999
  639   -0.19092613136998
  640   -0.19092613136998
  641   -0.19092613130503
  642   -0.19092613130503
  643   -0.19092613130503
  644   -0.19092613130503
  645   -0.19092610070936
  646   -0.19092610070936
  647   -0.19092610070936
  648   -0.19092610070936
  649   -0.19092582537600
  650   -0.19092582537600
  651   -0.19092582537600
  652   -0.19092582537600
  653   -0.18005602190620
  654   -0.18005602190620
  655   -0.18005602190620
  656   -0.18005602190620
  657   -0.18005602190616
  658   -0.18005602190616
  659   -0.18005602190616
  660   -0.18005602190616
  661   -0.18005592114414
  662   -0.18005592114414
  663   -0.18005592114414
  664   -0.18005592114414
  665   -0.18005592114409
  666   -0.18005592114409
  667   -0.18005592114409
  668   -0.18005592114409
  669   -0.18005573234328
  670   -0.18005573234328
  671   -0.18005573234328
  672   -0.18005573234327
  673   -0.18005573234322
  674   -0.18005573234322
  675   -0.18005573234322
  676   -0.18005573234322
  677   -0.18005570910208
  678   -0.18005570910208
  679   -0.18005570910208
  680   -0.18005570910208
  681   -0.18005570910204
  682   -0.18005570910204
  683   -0.18005570910204
  684   -0.18005570910204
  685   -0.17813007467329
  686   -0.17813007467329
  687   -0.17813007467326
  688   -0.17813007467326
  689   -0.17813007456927
  690   -0.17813007456927
  691   -0.17813007456924
  692   -0.17813007456924
  693   -0.17812975886212
  694   -0.17812975886212
  695   -0.17812975886209
  696   -0.17812975886209
  697   -0.17812948106906
  698   -0.17812948106906
  699   -0.17812948106903
  700   -0.17812948106903
  701   -0.17559449679820
  702   -0.17559449679820
  703   -0.17559449679817
  704   -0.17559449679817
  705   -0.17559419037190
  706   -0.17559419037189
  707   -0.17559419037187
  708   -0.17559419037187
  709   -0.17559419033431
  710   -0.17559419033431
  711   -0.17559419033429
  712   -0.17559419033429
  713   -0.17559387205952
  714   -0.17559387205952
  715   -0.17559387205949
  716   -0.17559387205949
  717   -0.17085833968781
  718   -0.17085833968781
  719   -0.17085833968772
  720   -0.17085833968772
  721   -0.17085833967832
  722   -0.17085833967832
  723   -0.17085833967823
  724   -0.17085833967823
  725   -0.16303904688899
  726   -0.16303904688899
  727   -0.16303904688884
  728   -0.16303904688884
  729   -0.16303904682807
  730   -0.16303904682807
  731   -0.16303904682791
  732   -0.16303904682791
  733   -0.16303887331130
  734   -0.16303887331130
  735   -0.16303887331114
  736   -0.16303887331114
  737   -0.16303882267397
  738   -0.16303882267397
  739   -0.16303882267382
  740   -0.16303882267382
  741   -0.16181037255001
  742   -0.16181037255001
  743   -0.16181037255001
  744   -0.16181037255001
  745   -0.16181037254988
  746   -0.16181037254988
  747   -0.16181037254988
  748   -0.16181037254987
  749   -0.16181036344119
  750   -0.16181036344119
  751   -0.16181036344119
  752   -0.16181036344119
  753   -0.16181036344106
  754   -0.16181036344106
  755   -0.16181036344106
  756   -0.16181036344105
  757   -0.16127022862403
  758   -0.16127022862403
  759   -0.16127022862403
  760   -0.16127022862403
  761   -0.16127022862392
  762   -0.16127022862392
  763   -0.16127022862392
  764   -0.16127022862392
  765   -0.16126993410815
  766   -0.16126993410815
  767   -0.16126993410815
  768   -0.16126993410815
  769   -0.16126993410805
  770   -0.16126993410804
  771   -0.16126993410804
  772   -0.16126993410804
  773   -0.15794438386688
  774   -0.15794438386688
  775   -0.15794438386672
  776   -0.15794438386672
  777   -0.15794438383684
  778   -0.15794438383684
  779   -0.15794438383668
  780   -0.15794438383668
  781   -0.15794424119295
  782   -0.15794424119295
  783   -0.15794424119279
  784   -0.15794424119279
  785   -0.15794424081356
  786   -0.15794424081356
  787   -0.15794424081339
  788   -0.15794424081339
  789   -0.15184536635048
  790   -0.15184536635048
  791   -0.15184536635041
  792   -0.15184536635041
  793   -0.15184508573258
  794   -0.15184508573258
  795   -0.15184508573251
  796   -0.15184508573251
  797   -0.15184508562936
  798   -0.15184508562936
  799   -0.15184508562930
  800   -0.15184508562930
  801   -0.15184478355939
  802   -0.15184478355939
  803   -0.15184478355932
  804   -0.15184478355932
  805   -0.14668338892172
  806   -0.14668338892172
  807   -0.14668338892172
  808   -0.14668338892172
  809   -0.14668338892168
  810   -0.14668338892168
  811   -0.14668338892168
  812   -0.14668338892168
  813   -0.14668323119855
  814   -0.14668323119855
  815   -0.14668323119855
  816   -0.14668323119855
  817   -0.14668323119851
  818   -0.14668323119851
  819   -0.14668323119851
  820   -0.14668323119851
  821   -0.12470392573955
  822   -0.12470392573955
  823   -0.12470392573955
  824   -0.12470392573955
  825   -0.12470392573940
  826   -0.12470392573940
  827   -0.12470392573940
  828   -0.12470392573940
  829   -0.12470385683000
  830   -0.12470385683000
  831   -0.12470385683000
  832   -0.12470385683000
  833   -0.12470385682985
  834   -0.12470385682985
  835   -0.12470385682985
  836   -0.12470385682985
  837   -0.12360268391849
  838   -0.12360268391849
  839   -0.12360268391845
  840   -0.12360268391845
  841   -0.12360256944205
  842   -0.12360256944205
  843   -0.12360256944202
  844   -0.12360256944202
  845   -0.12360256929259
  846   -0.12360256929259
  847   -0.12360256929256
  848   -0.12360256929256
  849   -0.12360244176276
  850   -0.12360244176276
  851   -0.12360244176272
  852   -0.12360244176272
  853   -0.12239726113049
  854   -0.12239726113049
  855   -0.12239726113032
  856   -0.12239726113032
  857   -0.11495841119086
  858   -0.11495841119086
  859   -0.11495841119074
  860   -0.11495841119074
  861   -0.11495841110204
  862   -0.11495841110204
  863   -0.11495841110193
  864   -0.11495841110193
  865   -0.08527105757891
  866   -0.08527105757891
  867   -0.08527105757890
  868   -0.08527105757890
  869   -0.06256213590681
  870   -0.06256213590681
  871   -0.06256213590673
  872   -0.06256213590673
  873   -0.05898337886474
  874   -0.05898337886474
  875   -0.05898337886463
  876   -0.05898337886463
  877   -0.05439995104403
  878   -0.05439995104402
  879   -0.05439995104402
  880   -0.05439995104402
  881   -0.05439995104381
  882   -0.05439995104381
  883   -0.05439995104381
  884   -0.05439995104381
  885   -0.05439939078388
  886   -0.05439939078388
  887   -0.05439939078388
  888   -0.05439939078388
  889   -0.05439939078367
  890   -0.05439939078367
  891   -0.05439939078366
  892   -0.05439939078366
  893   -0.05215737769608
  894   -0.05215737769608
  895   -0.05215737769589
  896   -0.05215737769589
  897   -0.05215737743292
  898   -0.05215737743292
  899   -0.05215737743273
  900   -0.05215737743273
  901   -0.05215700542776
  902   -0.05215700542776
  903   -0.05215700542757
  904   -0.05215700542757
  905   -0.05215660071796
  906   -0.05215660071796
  907   -0.05215660071777
  908   -0.05215660071777
  909   -0.03993084256656
  910   -0.03993084256656
  911   -0.03993084256651
  912   -0.03993084256651
  913   -0.03993084247418
  914   -0.03993084247418
  915   -0.03993084247413
  916   -0.03993084247413
  917   -0.03993050371202
  918   -0.03993050371202
  919   -0.03993050371198
  920   -0.03993050371198
  921   -0.03993041888804
  922   -0.03993041888804
  923   -0.03993041888799
  924   -0.03993041888799
  925   -0.03758065180357
  926   -0.03758065180357
  927   -0.03758065180345
  928   -0.03758065180345
  929   -0.03758018255932
  930   -0.03758018255932
  931   -0.03758018255921
  932   -0.03758018255921
  933   -0.03758018211615
  934   -0.03758018211615
  935   -0.03758018211604
  936   -0.03758018211604
  937   -0.03757950742549
  938   -0.03757950742549
  939   -0.03757950742537
  940   -0.03757950742537
  941   -0.01787631614646
  942   -0.01787631614646
  943   -0.01787631614639
  944   -0.01787631614639
  945   -0.01710426133530
  946   -0.01710426133530
  947   -0.01710426133524
  948   -0.01710426133524
  949   -0.01710426127382
  950   -0.01710426127382
  951   -0.01710426127377
  952   -0.01710426127377
  953   -0.01710418253464
  954   -0.01710418253464
  955   -0.01710418253459
  956   -0.01710418253459
  957   -0.01710295503248
  958   -0.01710295503248
  959   -0.01710295503242
  960   -0.01710295503242
  961   -0.01693982247587
  962   -0.01693982247587
  963   -0.01693982247587
  964   -0.01693982247587
  965   -0.01693982247564
  966   -0.01693982247564
  967   -0.01693982247564
  968   -0.01693982247564
  969   -0.01693943928688
  970   -0.01693943928688
  971   -0.01693943928688
  972   -0.01693943928688
  973   -0.01693943928666
  974   -0.01693943928666
  975   -0.01693943928666
  976   -0.01693943928666
  977   -0.01693904496256
  978   -0.01693904496256
  979   -0.01693904496256
  980   -0.01693904496256
  981   -0.01693904496233
  982   -0.01693904496233
  983   -0.01693904496233
  984   -0.01693904496233
  985   -0.01693902190634
  986   -0.01693902190634
  987   -0.01693902190634
  988   -0.01693902190634
  989   -0.01693902190612
  990   -0.01693902190611
  991   -0.01693902190611
  992   -0.01693902190611
  993   -0.01474122592731
  994   -0.01474122592731
  995   -0.01474122592731
  996   -0.01474122592731
  997   -0.01474122592721
  998   -0.01474122592721
  999   -0.01474122592721
 1000   -0.01474122592721
 1001   -0.01474107424650
 1002   -0.01474107424650
 1003   -0.01474107424650
 1004   -0.01474107424650
 1005   -0.01474107424640
 1006   -0.01474107424640
 1007   -0.01474107424640
 1008   -0.01474107424640
 1009   -0.00708427689023
 1010   -0.00708427689023
 1011   -0.00708427689001
 1012   -0.00708427689001
 1013   -0.00708382043559
 1014   -0.00708382043559
 1015   -0.00708382043536
 1016   -0.00708382043536
 1017   -0.00708382033920
 1018   -0.00708382033920
 1019   -0.00708382033898
 1020   -0.00708382033897
 1021   -0.00708344177150
 1022   -0.00708344177150
 1023   -0.00708344177127
 1024   -0.00708344177127
 1025   -0.00587591344125
 1026   -0.00587591344125
 1027   -0.00587591344111
 1028   -0.00587591344111
 1029   -0.00587586526700
 1030   -0.00587586526700
 1031   -0.00587586526687
 1032   -0.00587586526687
 1033   -0.00587586512209
 1034   -0.00587586512209
 1035   -0.00587586512195
 1036   -0.00587586512195

   kloop=5
   k1=   0.50000 k2=  -0.00000 k3=   0.50000

    1   -0.53187157724303
    2   -0.53187157724303
    3   -0.53187157724299
    4   -0.53187157724299
    5   -0.53187157724296
    6   -0.53187157724296
    7   -0.53187157724292
    8   -0.53187157724292
    9   -0.51439965064697
   10   -0.51439965064697
   11   -0.51439965064694
   12   -0.51439965064694
   13   -0.51439965064691
   14   -0.51439965064691
   15   -0.51439965064686
   16   -0.51439965064686
   17   -0.51439960099829
   18   -0.51439960099829
   19   -0.51439960099825
   20   -0.51439960099825
   21   -0.51439960099822
   22   -0.51439960099822
   23   -0.51439960099819
   24   -0.51439960099819
   25   -0.49692802495010
   26   -0.49692802495010
   27   -0.49692802495006
   28   -0.49692802495006
   29   -0.49692802495003
   30   -0.49692802495003
   31   -0.49692802494999
   32   -0.49692802494999
   33   -0.49692795335033
   34   -0.49692795335033
   35   -0.49692795335029
   36   -0.49692795335029
   37   -0.49692795335025
   38   -0.49692795335025
   39   -0.49692795335022
   40   -0.49692795335022
   41   -0.48096905794456
   42   -0.48096905794456
   43   -0.48096905794453
   44   -0.48096905794453
   45   -0.48096905794450
   46   -0.48096905794450
   47   -0.48096905794446
   48   -0.48096905794446
   49   -0.48096899488051
   50   -0.48096899488050
   51   -0.48096899488048
   52   -0.48096899488048
   53   -0.48096899488044
   54   -0.48096899488044
   55   -0.48096899488040
   56   -0.48096899488040
   57   -0.48096898639436
   58   -0.48096898639436
   59   -0.48096898639432
   60   -0.48096898639432
   61   -0.48096898639429
   62   -0.48096898639428
   63   -0.48096898639426
   64   -0.48096898639425
   65   -0.48096896661972
   66   -0.48096896661972
   67   -0.48096896661969
   68   -0.48096896661969
   69   -0.48096896661965
   70   -0.48096896661965
   71   -0.48096896661961
   72   -0.48096896661961
   73   -0.46484035553992
   74   -0.46484035553992
   75   -0.46484035553984
   76   -0.46484035553984
   77   -0.46484035553974
   78   -0.46484035553974
   79   -0.46484035553965
   80   -0.46484035553965
   81   -0.46333895042751
   82   -0.46333895042751
   83   -0.46333895042748
   84   -0.46333895042748
   85   -0.46333895042745
   86   -0.46333895042745
   87   -0.46333895042742
   88   -0.46333895042742
   89   -0.46333870599826
   90   -0.46333870599826
   91   -0.46333870599823
   92   -0.46333870599822
   93   -0.46333870599820
   94   -0.46333870599820
   95   -0.46333870599817
   96   -0.46333870599817
   97   -0.45659016296617
   98   -0.45659016296616
   99   -0.45659016296610
  100   -0.45659016296610
  101   -0.45659016296605
  102   -0.45659016296604
  103   -0.45659016296599
  104   -0.45659016296599
  105   -0.45659009914322
  106   -0.45659009914322
  107   -0.45659009914315
  108   -0.45659009914315
  109   -0.45659009914309
  110   -0.45659009914309
  111   -0.45659009914304
  112   -0.45659009914304
  113   -0.43949774879729
  114   -0.43949774879729
  115   -0.43949774879727
  116   -0.43949774879727
  117   -0.43949774879723
  118   -0.43949774879723
  119   -0.43949774879720
  120   -0.43949774879720
  121   -0.43949767399221
  122   -0.43949767399221
  123   -0.43949767399218
  124   -0.43949767399218
  125   -0.43949767399215
  126   -0.43949767399215
  127   -0.43949767399211
  128   -0.43949767399211
  129   -0.43949759861818
  130   -0.43949759861818
  131   -0.43949759861815
  132   -0.43949759861815
  133   -0.43949759861812
  134   -0.43949759861812
  135   -0.43949759861808
  136   -0.43949759861808
  137   -0.43949754876618
  138   -0.43949754876618
  139   -0.43949754876617
  140   -0.43949754876616
  141   -0.43949754876613
  142   -0.43949754876613
  143   -0.43949754876609
  144   -0.43949754876608
  145   -0.42925638370369
  146   -0.42925638370369
  147   -0.42925638370360
  148   -0.42925638370360
  149   -0.42925638370351
  150   -0.42925638370351
  151   -0.42925638370341
  152   -0.42925638370341
  153   -0.42925631167497
  154   -0.42925631167497
  155   -0.42925631167487
  156   -0.42925631167487
  157   -0.42925631167478
  158   -0.42925631167478
  159   -0.42925631167469
  160   -0.42925631167469
  161   -0.42160193161441
  162   -0.42160193161441
  163   -0.42160193161435
  164   -0.42160193161435
  165   -0.42160193161429
  166   -0.42160193161428
  167   -0.42160193161423
  168   -0.42160193161423
  169   -0.42160191306050
  170   -0.42160191306050
  171   -0.42160191306043
  172   -0.42160191306043
  173   -0.42160191306038
  174   -0.42160191306038
  175   -0.42160191306032
  176   -0.42160191306032
  177   -0.42160184260390
  178   -0.42160184260390
  179   -0.42160184260384
  180   -0.42160184260384
  181   -0.42160184260378
  182   -0.42160184260378
  183   -0.42160184260372
  184   -0.42160184260372
  185   -0.42160182549901
  186   -0.42160182549901
  187   -0.42160182549894
  188   -0.42160182549894
  189   -0.42160182549888
  190   -0.42160182549888
  191   -0.42160182549883
  192   -0.42160182549883
  193   -0.40954414118678
  194   -0.40954414118678
  195   -0.40954414118674
  196   -0.40954414118674
  197   -0.40954414118670
  198   -0.40954414118670
  199   -0.40954414118667
  200   -0.40954414118667
  201   -0.40954405269920
  202   -0.40954405269919
  203   -0.40954405269916
  204   -0.40954405269916
  205   -0.40954405269912
  206   -0.40954405269912
  207   -0.40954405269908
  208   -0.40954405269908
  209   -0.39163953775299
  210   -0.39163953775298
  211   -0.39163953775296
  212   -0.39163953775296
  213   -0.39163953775294
  214   -0.39163953775294
  215   -0.39163953775291
  216   -0.39163953775291
  217   -0.37733800350355
  218   -0.37733800350355
  219   -0.37733800350351
  220   -0.37733800350351
  221   -0.37733800350347
  222   -0.37733800350347
  223   -0.37733800350343
  224   -0.37733800350343
  225   -0.35327427147609
  226   -0.35327427147609
  227   -0.35327427147607
  228   -0.35327427147607
  229   -0.35327427147604
  230   -0.35327427147604
  231   -0.35327427147601
  232   -0.35327427147601
  233   -0.35327424135976
  234   -0.35327424135976
  235   -0.35327424135973
  236   -0.35327424135973
  237   -0.35327424135971
  238   -0.35327424135971
  239   -0.35327424135968
  240   -0.35327424135968
  241   -0.34918909023824
  242   -0.34918909023824
  243   -0.34918909023817
  244   -0.34918909023817
  245   -0.34918909023811
  246   -0.34918909023811
  247   -0.34918909023805
  248   -0.34918909023805
  249   -0.34918906148929
  250   -0.34918906148929
  251   -0.34918906148923
  252   -0.34918906148923
  253   -0.34918906148917
  254   -0.34918906148917
  255   -0.34918906148911
  256   -0.34918906148911
  257   -0.34730107930089
  258   -0.34730107930089
  259   -0.34730107930084
  260   -0.34730107930084
  261   -0.34730107930077
  262   -0.34730107930077
  263   -0.34730107930070
  264   -0.34730107930070
  265   -0.34730106248257
  266   -0.34730106248256
  267   -0.34730106248250
  268   -0.34730106248250
  269   -0.34730106248244
  270   -0.34730106248243
  271   -0.34730106248237
  272   -0.34730106248237
  273   -0.34730103431150
  274   -0.34730103431150
  275   -0.34730103431143
  276   -0.34730103431143
  277   -0.34730103431137
  278   -0.34730103431137
  279   -0.34730103431130
  280   -0.34730103431130
  281   -0.34730101712345
  282   -0.34730101712345
  283   -0.34730101712339
  284   -0.34730101712339
  285   -0.34730101712332
  286   -0.34730101712332
  287   -0.34730101712326
  288   -0.34730101712326
  289   -0.34206033320853
  290   -0.34206033320853
  291   -0.34206033320852
  292   -0.34206033320852
  293   -0.34206033320851
  294   -0.34206033320851
  295   -0.34206033320851
  296   -0.34206033320850
  297   -0.34206029915671
  298   -0.34206029915671
  299   -0.34206029915671
  300   -0.34206029915671
  301   -0.34206029915670
  302   -0.34206029915670
  303   -0.34206029915669
  304   -0.34206029915668
  305   -0.34206029606324
  306   -0.34206029606324
  307   -0.34206029606324
  308   -0.34206029606324
  309   -0.34206029606323
  310   -0.34206029606323
  311   -0.34206029606322
  312   -0.34206029606322
  313   -0.34206027917902
  314   -0.34206027917902
  315   -0.34206027917901
  316   -0.34206027917901
  317   -0.34206027917900
  318   -0.34206027917900
  319   -0.34206027917900
  320   -0.34206027917900
  321   -0.33760414646474
  322   -0.33760414646474
  323   -0.33760414646464
  324   -0.33760414646464
  325   -0.33760414646454
  326   -0.33760414646454
  327   -0.33760414646443
  328   -0.33760414646443
  329   -0.33760409462291
  330   -0.33760409462291
  331   -0.33760409462280
  332   -0.33760409462280
  333   -0.33760409462270
  334   -0.33760409462270
  335   -0.33760409462260
  336   -0.33760409462260
  337   -0.30093341054154
  338   -0.30093341054154
  339   -0.30093341054143
  340   -0.30093341054143
  341   -0.30093341054131
  342   -0.30093341054131
  343   -0.30093341054120
  344   -0.30093341054120
  345   -0.29972440006397
  346   -0.29972440006397
  347   -0.29972440006389
  348   -0.29972440006389
  349   -0.29972440006381
  350   -0.29972440006381
  351   -0.29972440006374
  352   -0.29972440006374
  353   -0.29972426861599
  354   -0.29972426861599
  355   -0.29972426861591
  356   -0.29972426861591
  357   -0.29972426861583
  358   -0.29972426861583
  359   -0.29972426861575
  360   -0.29972426861575
  361   -0.29489234883089
  362   -0.29489234883089
  363   -0.29489234883089
  364   -0.29489234883088
  365   -0.29489234883088
  366   -0.29489234883087
  367   -0.29489234883087
  368   -0.29489234883087
  369   -0.29489228316375
  370   -0.29489228316375
  371   -0.29489228316375
  372   -0.29489228316375
  373   -0.29489228316373
  374   -0.29489228316373
  375   -0.29489228316373
  376   -0.29489228316372
  377   -0.29489224754792
  378   -0.29489224754792
  379   -0.29489224754792
  380   -0.29489224754792
  381   -0.29489224754791
  382   -0.29489224754791
  383   -0.29489224754790
  384   -0.29489224754790
  385   -0.29489224241628
  386   -0.29489224241628
  387   -0.29489224241628
  388   -0.29489224241627
  389   -0.29489224241627
  390   -0.29489224241626
  391   -0.29489224241625
  392   -0.29489224241625
  393   -0.26106087066946
  394   -0.26106087066946
  395   -0.26106087066943
  396   -0.26106087066943
  397   -0.26106087066940
  398   -0.26106087066940
  399   -0.26106087066937
  400   -0.26106087066937
  401   -0.26106072873843
  402   -0.26106072873843
  403   -0.26106072873839
  404   -0.26106072873839
  405   -0.26106072873836
  406   -0.26106072873836
  407   -0.26106072873833
  408   -0.26106072873833
  409   -0.25051100482479
  410   -0.25051100482479
  411   -0.25051100482474
  412   -0.25051100482474
  413   -0.25051100482468
  414   -0.25051100482468
  415   -0.25051100482463
  416   -0.25051100482463
  417   -0.25051099852469
  418   -0.25051099852469
  419   -0.25051099852464
  420   -0.25051099852464
  421   -0.25051099852458
  422   -0.25051099852458
  423   -0.25051099852453
  424   -0.25051099852453
  425   -0.25051090283120
  426   -0.25051090283120
  427   -0.25051090283114
  428   -0.25051090283114
  429   -0.25051090283109
  430   -0.25051090283109
  431   -0.25051090283104
  432   -0.25051090283104
  433   -0.25051087405609
  434   -0.25051087405609
  435   -0.25051087405603
  436   -0.25051087405603
  437   -0.25051087405598
  438   -0.25051087405598
  439   -0.25051087405592
  440   -0.25051087405592
  441   -0.24690448108588
  442   -0.24690448108588
  443   -0.24690448108578
  444   -0.24690448108578
  445   -0.24690448108569
  446   -0.24690448108569
  447   -0.24690448108559
  448   -0.24690448108559
  449   -0.24311674950504
  450   -0.24311674950504
  451   -0.24311674950496
  452   -0.24311674950496
  453   -0.24311674950488
  454   -0.24311674950488
  455   -0.24311674950479
  456   -0.24311674950479
  457   -0.24240100639292
  458   -0.24240100639292
  459   -0.24240100639288
  460   -0.24240100639288
  461   -0.24240100639284
  462   -0.24240100639284
  463   -0.24240100639280
  464   -0.24240100639280
  465   -0.24240094183731
  466   -0.24240094183731
  467   -0.24240094183728
  468   -0.24240094183728
  469   -0.24240094183724
  470   -0.24240094183724
  471   -0.24240094183720
  472   -0.24240094183720
  473   -0.23563522864544
  474   -0.23563522864544
  475   -0.23563522864533
  476   -0.23563522864533
  477   -0.23563522864523
  478   -0.23563522864523
  479   -0.23563522864513
  480   -0.23563522864513
  481   -0.23563522705612
  482   -0.23563522705612
  483   -0.23563522705602
  484   -0.23563522705602
  485   -0.23563522705591
  486   -0.23563522705591
  487   -0.23563522705581
  488   -0.23563522705581
  489   -0.23563516354300
  490   -0.23563516354300
  491   -0.23563516354290
  492   -0.23563516354290
  493   -0.23563516354280
  494   -0.23563516354280
  495   -0.23563516354269
  496   -0.23563516354269
  497   -0.23563514628725
  498   -0.23563514628725
  499   -0.23563514628715
  500   -0.23563514628715
  501   -0.23563514628704
  502   -0.23563514628704
  503   -0.23563514628694
  504   -0.23563514628694
  505   -0.22634274168301
  506   -0.22634274168301
  507   -0.22634274168286
  508   -0.22634274168286
  509   -0.22634274168271
  510   -0.22634274168271
  511   -0.22634274168256
  512   -0.22634274168256
  513   -0.22634270127271
  514   -0.22634270127271
  515   -0.22634270127255
  516   -0.22634270127255
  517   -0.22634270127240
  518   -0.22634270127240
  519   -0.22634270127226
  520   -0.22634270127226
  521   -0.21836646049624
  522   -0.21836646049624
  523   -0.21836646049617
  524   -0.21836646049617
  525   -0.21836646049611
  526   -0.21836646049611
  527   -0.21836646049605
  528   -0.21836646049605
  529   -0.21836642104986
  530   -0.21836642104986
  531   -0.21836642104980
  532   -0.21836642104980
  533   -0.21836642104973
  534   -0.21836642104973
  535   -0.21836642104967
  536   -0.21836642104967
  537   -0.21746511100837
  538   -0.21746511100837
  539   -0.21746511100827
  540   -0.21746511100827
  541   -0.21746511100819
  542   -0.21746511100819
  543   -0.21746511100809
  544   -0.21746511100809
  545   -0.21746510943109
  546   -0.21746510943109
  547   -0.21746510943100
  548   -0.21746510943100
  549   -0.21746510943089
  550   -0.21746510943089
  551   -0.21746510943081
  552   -0.21746510943081
  553   -0.21317454253029
  554   -0.21317454253029
  555   -0.21317454253027
  556   -0.21317454253027
  557   -0.21317454253024
  558   -0.21317454253024
  559   -0.21317454253021
  560   -0.21317454253021
  561   -0.21317439238858
  562   -0.21317439238858
  563   -0.21317439238855
  564   -0.21317439238855
  565   -0.21317439238852
  566   -0.21317439238852
  567   -0.21317439238850
  568   -0.21317439238850
  569   -0.21080509530850
  570   -0.21080509530850
  571   -0.21080509530845
  572   -0.21080509530845
  573   -0.21080509530840
  574   -0.21080509530840
  575   -0.21080509530835
  576   -0.21080509530835
  577   -0.21080491284196
  578   -0.21080491284196
  579   -0.21080491284191
  580   -0.21080491284191
  581   -0.21080491284185
  582   -0.21080491284185
  583   -0.21080491284180
  584   -0.21080491284180
  585   -0.19978825743859
  586   -0.19978825743859
  587   -0.19978825743856
  588   -0.19978825743856
  589   -0.19978825743853
  590   -0.19978825743853
  591   -0.19978825743850
  592   -0.19978825743850
  593   -0.19916819814669
  594   -0.19916819814669
  595   -0.19916819814666
  596   -0.19916819814666
  597   -0.19916819814662
  598   -0.19916819814662
  599   -0.19916819814659
  600   -0.19916819814659
  601   -0.19916813698560
  602   -0.19916813698560
  603   -0.19916813698557
  604   -0.19916813698557
  605   -0.19916813698553
  606   -0.19916813698553
  607   -0.19916813698550
  608   -0.19916813698550
  609   -0.19916807023016
  610   -0.19916807023016
  611   -0.19916807023012
  612   -0.19916807023012
  613   -0.19916807023008
  614   -0.19916807023008
  615   -0.19916807023005
  616   -0.19916807023005
  617   -0.19916796110712
  618   -0.19916796110712
  619   -0.19916796110709
  620   -0.19916796110709
  621   -0.19916796110705
  622   -0.19916796110705
  623   -0.19916796110702
  624   -0.19916796110702
  625   -0.19142558493746
  626   -0.19142558493746
  627   -0.19142558493733
  628   -0.19142558493733
  629   -0.19142558493719
  630   -0.19142558493719
  631   -0.19142558493706
  632   -0.19142558493706
  633   -0.19142558309335
  634   -0.19142558309335
  635   -0.19142558309322
  636   -0.19142558309322
  637   -0.19142558309309
  638   -0.19142558309309
  639   -0.19142558309295
  640   -0.19142558309295
  641   -0.19142557991556
  642   -0.19142557991556
  643   -0.19142557991543
  644   -0.19142557991543
  645   -0.19142557991529
  646   -0.19142557991529
  647   -0.19142557991516
  648   -0.19142557991516
  649   -0.19142552000933
  650   -0.19142552000933
  651   -0.19142552000919
  652   -0.19142552000919
  653   -0.19142552000905
  654   -0.19142552000905
  655   -0.19142552000892
  656   -0.19142552000892
  657   -0.18827463671207
  658   -0.18827463671207
  659   -0.18827463671206
  660   -0.18827463671205
  661   -0.18827463671204
  662   -0.18827463671204
  663   -0.18827463671204
  664   -0.18827463671203
  665   -0.18827445780901
  666   -0.18827445780900
  667   -0.18827445780900
  668   -0.18827445780900
  669   -0.18827445780898
  670   -0.18827445780898
  671   -0.18827445780898
  672   -0.18827445780897
  673   -0.18409674419927
  674   -0.18409674419927
  675   -0.18409674419925
  676   -0.18409674419925
  677   -0.18409674419922
  678   -0.18409674419922
  679   -0.18409674419920
  680   -0.18409674419920
  681   -0.18409673152349
  682   -0.18409673152349
  683   -0.18409673152346
  684   -0.18409673152346
  685   -0.18409673152344
  686   -0.18409673152344
  687   -0.18409673152341
  688   -0.18409673152341
  689   -0.17403910038742
  690   -0.17403910038742
  691   -0.17403910038742
  692   -0.17403910038741
  693   -0.17403910038741
  694   -0.17403910038741
  695   -0.17403910038741
  696   -0.17403910038741
  697   -0.17403909265335
  698   -0.17403909265335
  699   -0.17403909265335
  700   -0.17403909265335
  701   -0.17403909265335
  702   -0.17403909265335
  703   -0.17403909265335
  704   -0.17403909265334
  705   -0.17403875769202
  706   -0.17403875769202
  707   -0.17403875769202
  708   -0.17403875769201
  709   -0.17403875769201
  710   -0.17403875769201
  711   -0.17403875769201
  712   -0.17403875769201
  713   -0.17403861019130
  714   -0.17403861019130
  715   -0.17403861019129
  716   -0.17403861019129
  717   -0.17403861019129
  718   -0.17403861019129
  719   -0.17403861019129
  720   -0.17403861019128
  721   -0.16966178210287
  722   -0.16966178210287
  723   -0.16966178210279
  724   -0.16966178210279
  725   -0.16966178210271
  726   -0.16966178210271
  727   -0.16966178210264
  728   -0.16966178210264
  729   -0.16966144652402
  730   -0.16966144652402
  731   -0.16966144652394
  732   -0.16966144652394
  733   -0.16966144652386
  734   -0.16966144652386
  735   -0.16966144652378
  736   -0.16966144652378
  737   -0.16045441701252
  738   -0.16045441701252
  739   -0.16045441701241
  740   -0.16045441701241
  741   -0.16045441701231
  742   -0.16045441701231
  743   -0.16045441701221
  744   -0.16045441701221
  745   -0.16045437894982
  746   -0.16045437894982
  747   -0.16045437894972
  748   -0.16045437894972
  749   -0.16045437894962
  750   -0.16045437894962
  751   -0.16045437894952
  752   -0.16045437894952
  753   -0.15689402034802
  754   -0.15689402034802
  755   -0.15689402034785
  756   -0.15689402034785
  757   -0.15689402034769
  758   -0.15689402034769
  759   -0.15689402034753
  760   -0.15689402034753
  761   -0.14860675793647
  762   -0.14860675793647
  763   -0.14860675793641
  764   -0.14860675793641
  765   -0.14860675793634
  766   -0.14860675793634
  767   -0.14860675793628
  768   -0.14860675793628
  769   -0.14802295063796
  770   -0.14802295063796
  771   -0.14802295063790
  772   -0.14802295063790
  773   -0.14802295063784
  774   -0.14802295063784
  775   -0.14802295063778
  776   -0.14802295063778
  777   -0.14802280970221
  778   -0.14802280970221
  779   -0.14802280970215
  780   -0.14802280970215
  781   -0.14802280970209
  782   -0.14802280970209
  783   -0.14802280970203
  784   -0.14802280970203
  785   -0.14802280552289
  786   -0.14802280552289
  787   -0.14802280552284
  788   -0.14802280552284
  789   -0.14802280552277
  790   -0.14802280552277
  791   -0.14802280552271
  792   -0.14802280552271
  793   -0.14802266222027
  794   -0.14802266222026
  795   -0.14802266222020
  796   -0.14802266222020
  797   -0.14802266222014
  798   -0.14802266222014
  799   -0.14802266222008
  800   -0.14802266222008
  801   -0.14482322336445
  802   -0.14482322336445
  803   -0.14482322336441
  804   -0.14482322336441
  805   -0.14482322336438
  806   -0.14482322336438
  807   -0.14482322336434
  808   -0.14482322336434
  809   -0.14482320780173
  810   -0.14482320780173
  811   -0.14482320780169
  812   -0.14482320780169
  813   -0.14482320780166
  814   -0.14482320780166
  815   -0.14482320780162
  816   -0.14482320780162
  817   -0.14083803100410
  818   -0.14083803100410
  819   -0.14083803100409
  820   -0.14083803100409
  821   -0.14083803100408
  822   -0.14083803100407
  823   -0.14083803100407
  824   -0.14083803100407
  825   -0.14083802613311
  826   -0.14083802613311
  827   -0.14083802613310
  828   -0.14083802613310
  829   -0.14083802613308
  830   -0.14083802613308
  831   -0.14083802613307
  832   -0.14083802613307
  833   -0.13317267499820
  834   -0.13317267499820
  835   -0.13317267499819
  836   -0.13317267499819
  837   -0.13317267499817
  838   -0.13317267499817
  839   -0.13317267499815
  840   -0.13317267499815
  841   -0.13317254676024
  842   -0.13317254676024
  843   -0.13317254676023
  844   -0.13317254676022
  845   -0.13317254676021
  846   -0.13317254676021
  847   -0.13317254676019
  848   -0.13317254676019
  849   -0.13213465609432
  850   -0.13213465609432
  851   -0.13213465609421
  852   -0.13213465609421
  853   -0.13213465609410
  854   -0.13213465609410
  855   -0.13213465609398
  856   -0.13213465609398
  857   -0.10202541388656
  858   -0.10202541388656
  859   -0.10202541388654
  860   -0.10202541388654
  861   -0.10202541388652
  862   -0.10202541388652
  863   -0.10202541388650
  864   -0.10202541388650
  865   -0.07058429460432
  866   -0.07058429460432
  867   -0.07058429460428
  868   -0.07058429460428
  869   -0.07058429460424
  870   -0.07058429460424
  871   -0.07058429460421
  872   -0.07058429460421
  873   -0.05905868339210
  874   -0.05905868339210
  875   -0.05905868339201
  876   -0.05905868339201
  877   -0.05905868339192
  878   -0.05905868339192
  879   -0.05905868339183
  880   -0.05905868339183
  881   -0.05905808732002
  882   -0.05905808732002
  883   -0.05905808731993
  884   -0.05905808731993
  885   -0.05905808731984
  886   -0.05905808731984
  887   -0.05905808731975
  888   -0.05905808731975
  889   -0.04995258627205
  890   -0.04995258627205
  891   -0.04995258627200
  892   -0.04995258627200
  893   -0.04995258627194
  894   -0.04995258627194
  895   -0.04995258627188
  896   -0.04995258627188
  897   -0.04995224759941
  898   -0.04995224759940
  899   -0.04995224759935
  900   -0.04995224759935
  901   -0.04995224759929
  902   -0.04995224759929
  903   -0.04995224759923
  904   -0.04995224759923
  905   -0.03614674973069
  906   -0.03614674973069
  907   -0.03614674973056
  908   -0.03614674973056
  909   -0.03614674973043
  910   -0.03614674973043
  911   -0.03614674973030
  912   -0.03614674973030
  913   -0.03614673487031
  914   -0.03614673487031
  915   -0.03614673487018
  916   -0.03614673487018
  917   -0.03614673487005
  918   -0.03614673487005
  919   -0.03614673486992
  920   -0.03614673486992
  921   -0.03598761441165
  922   -0.03598761441165
  923   -0.03598761441161
  924   -0.03598761441161
  925   -0.03598761441158
  926   -0.03598761441158
  927   -0.03598761441155
  928   -0.03598761441155
  929   -0.03598712393002
  930   -0.03598712393002
  931   -0.03598712392999
  932   -0.03598712392999
  933   -0.03598712392996
  934   -0.03598712392995
  935   -0.03598712392992
  936   -0.03598712392992
  937   -0.03217840396849
  938   -0.03217840396849
  939   -0.03217840396841
  940   -0.03217840396841
  941   -0.03217840396834
  942   -0.03217840396834
  943   -0.03217840396826
  944   -0.03217840396826
  945   -0.03217830986033
  946   -0.03217830986033
  947   -0.03217830986025
  948   -0.03217830986025
  949   -0.03217830986018
  950   -0.03217830986018
  951   -0.03217830986010
  952   -0.03217830986010
  953   -0.03217803648969
  954   -0.03217803648969
  955   -0.03217803648962
  956   -0.03217803648961
  957   -0.03217803648954
  958   -0.03217803648954
  959   -0.03217803648946
  960   -0.03217803648946
  961   -0.03217781059816
  962   -0.03217781059816
  963   -0.03217781059808
  964   -0.03217781059808
  965   -0.03217781059800
  966   -0.03217781059800
  967   -0.03217781059793
  968   -0.03217781059793
  969   -0.01934037064877
  970   -0.01934037064877
  971   -0.01934037064873
  972   -0.01934037064873
  973   -0.01934037064869
  974   -0.01934037064869
  975   -0.01934037064865
  976   -0.01934037064865
  977   -0.01934002532927
  978   -0.01934002532927
  979   -0.01934002532924
  980   -0.01934002532923
  981   -0.01934002532920
  982   -0.01934002532920
  983   -0.01934002532916
  984   -0.01934002532916
  985   -0.01066040721633
  986   -0.01066040721633
  987   -0.01066040721626
  988   -0.01066040721626
  989   -0.01066040721619
  990   -0.01066040721619
  991   -0.01066040721612
  992   -0.01066040721612
  993   -0.00799958394582
  994   -0.00799958394582
  995   -0.00799958394579
  996   -0.00799958394579
  997   -0.00799958394576
  998   -0.00799958394576
  999   -0.00799958394573
 1000   -0.00799958394573
 1001   -0.00799951896577
 1002   -0.00799951896577
 1003   -0.00799951896574
 1004   -0.00799951896574
 1005   -0.00799951896571
 1006   -0.00799951896571
 1007   -0.00799951896567
 1008   -0.00799951896567
 1009   -0.00506853600854
 1010   -0.00506853600854
 1011   -0.00506853600830
 1012   -0.00506853600830
 1013   -0.00506853600806
 1014   -0.00506853600806
 1015   -0.00506853600783
 1016   -0.00506853600783
 1017   -0.00287135300561
 1018   -0.00287135300561
 1019   -0.00287135300548
 1020   -0.00287135300548
 1021   -0.00287135300536
 1022   -0.00287135300536
 1023   -0.00287135300523
 1024   -0.00287135300523
 1025   -0.00287119711925
 1026   -0.00287119711925
 1027   -0.00287119711913
 1028   -0.00287119711913
 1029   -0.00287119711900
 1030   -0.00287119711900
 1031   -0.00287119711888
 1032   -0.00287119711888
 1033   -0.00287076863121
 1034   -0.00287076863121
 1035   -0.00287076863108
 1036   -0.00287076863108

   kloop=6
   k1=   0.50000 k2=   0.50000 k3=   0.00000

    1   -0.53187157724444
    2   -0.53187157724443
    3   -0.53187157724441
    4   -0.53187157724441
    5   -0.53187157724440
    6   -0.53187157724439
    7   -0.53187157724436
    8   -0.53187157724436
    9   -0.51439965063851
   10   -0.51439965063851
   11   -0.51439965063848
   12   -0.51439965063848
   13   -0.51439965063847
   14   -0.51439965063847
   15   -0.51439965063844
   16   -0.51439965063844
   17   -0.51439960099635
   18   -0.51439960099634
   19   -0.51439960099631
   20   -0.51439960099631
   21   -0.51439960099631
   22   -0.51439960099631
   23   -0.51439960099628
   24   -0.51439960099628
   25   -0.49692802495322
   26   -0.49692802495322
   27   -0.49692802495318
   28   -0.49692802495318
   29   -0.49692802495318
   30   -0.49692802495317
   31   -0.49692802495315
   32   -0.49692802495315
   33   -0.49692795336100
   34   -0.49692795336100
   35   -0.49692795336097
   36   -0.49692795336097
   37   -0.49692795336096
   38   -0.49692795336096
   39   -0.49692795336093
   40   -0.49692795336093
   41   -0.48096905794730
   42   -0.48096905794730
   43   -0.48096905794727
   44   -0.48096905794727
   45   -0.48096905794726
   46   -0.48096905794726
   47   -0.48096905794723
   48   -0.48096905794723
   49   -0.48096899489013
   50   -0.48096899489013
   51   -0.48096899489008
   52   -0.48096899489008
   53   -0.48096899489008
   54   -0.48096899489008
   55   -0.48096899489006
   56   -0.48096899489006
   57   -0.48096898640066
   58   -0.48096898640065
   59   -0.48096898640062
   60   -0.48096898640062
   61   -0.48096898640061
   62   -0.48096898640061
   63   -0.48096898640059
   64   -0.48096898640058
   65   -0.48096896663151
   66   -0.48096896663151
   67   -0.48096896663148
   68   -0.48096896663148
   69   -0.48096896663148
   70   -0.48096896663148
   71   -0.48096896663144
   72   -0.48096896663144
   73   -0.46484035553480
   74   -0.46484035553480
   75   -0.46484035553472
   76   -0.46484035553472
   77   -0.46484035553472
   78   -0.46484035553472
   79   -0.46484035553462
   80   -0.46484035553462
   81   -0.46333895039849
   82   -0.46333895039849
   83   -0.46333895039846
   84   -0.46333895039846
   85   -0.46333895039846
   86   -0.46333895039846
   87   -0.46333895039843
   88   -0.46333895039843
   89   -0.46333870596923
   90   -0.46333870596923
   91   -0.46333870596921
   92   -0.46333870596921
   93   -0.46333870596920
   94   -0.46333870596920
   95   -0.46333870596918
   96   -0.46333870596918
   97   -0.45659016295892
   98   -0.45659016295891
   99   -0.45659016295886
  100   -0.45659016295886
  101   -0.45659016295885
  102   -0.45659016295885
  103   -0.45659016295880
  104   -0.45659016295880
  105   -0.45659009914888
  106   -0.45659009914888
  107   -0.45659009914883
  108   -0.45659009914883
  109   -0.45659009914882
  110   -0.45659009914882
  111   -0.45659009914876
  112   -0.45659009914876
  113   -0.43949774879177
  114   -0.43949774879177
  115   -0.43949774879173
  116   -0.43949774879173
  117   -0.43949774879173
  118   -0.43949774879173
  119   -0.43949774879171
  120   -0.43949774879171
  121   -0.43949767398702
  122   -0.43949767398702
  123   -0.43949767398699
  124   -0.43949767398699
  125   -0.43949767398699
  126   -0.43949767398699
  127   -0.43949767398695
  128   -0.43949767398695
  129   -0.43949759860702
  130   -0.43949759860702
  131   -0.43949759860699
  132   -0.43949759860699
  133   -0.43949759860699
  134   -0.43949759860699
  135   -0.43949759860696
  136   -0.43949759860695
  137   -0.43949754875648
  138   -0.43949754875648
  139   -0.43949754875645
  140   -0.43949754875645
  141   -0.43949754875644
  142   -0.43949754875644
  143   -0.43949754875642
  144   -0.43949754875641
  145   -0.42925638372200
  146   -0.42925638372200
  147   -0.42925638372191
  148   -0.42925638372191
  149   -0.42925638372191
  150   -0.42925638372191
  151   -0.42925638372181
  152   -0.42925638372181
  153   -0.42925631170286
  154   -0.42925631170286
  155   -0.42925631170277
  156   -0.42925631170277
  157   -0.42925631170276
  158   -0.42925631170276
  159   -0.42925631170267
  160   -0.42925631170267
  161   -0.42160193162793
  162   -0.42160193162793
  163   -0.42160193162787
  164   -0.42160193162787
  165   -0.42160193162787
  166   -0.42160193162787
  167   -0.42160193162781
  168   -0.42160193162781
  169   -0.42160191307414
  170   -0.42160191307414
  171   -0.42160191307409
  172   -0.42160191307409
  173   -0.42160191307408
  174   -0.42160191307408
  175   -0.42160191307402
  176   -0.42160191307402
  177   -0.42160184262865
  178   -0.42160184262864
  179   -0.42160184262859
  180   -0.42160184262859
  181   -0.42160184262859
  182   -0.42160184262859
  183   -0.42160184262853
  184   -0.42160184262853
  185   -0.42160182550867
  186   -0.42160182550867
  187   -0.42160182550862
  188   -0.42160182550862
  189   -0.42160182550861
  190   -0.42160182550861
  191   -0.42160182550856
  192   -0.42160182550856
  193   -0.40954414118874
  194   -0.40954414118874
  195   -0.40954414118870
  196   -0.40954414118870
  197   -0.40954414118870
  198   -0.40954414118870
  199   -0.40954414118866
  200   -0.40954414118866
  201   -0.40954405270517
  202   -0.40954405270517
  203   -0.40954405270513
  204   -0.40954405270513
  205   -0.40954405270513
  206   -0.40954405270513
  207   -0.40954405270510
  208   -0.40954405270510
  209   -0.39163953771907
  210   -0.39163953771907
  211   -0.39163953771905
  212   -0.39163953771905
  213   -0.39163953771904
  214   -0.39163953771904
  215   -0.39163953771902
  216   -0.39163953771902
  217   -0.37733800344365
  218   -0.37733800344365
  219   -0.37733800344362
  220   -0.37733800344362
  221   -0.37733800344361
  222   -0.37733800344361
  223   -0.37733800344357
  224   -0.37733800344357
  225   -0.35327427146538
  226   -0.35327427146538
  227   -0.35327427146536
  228   -0.35327427146536
  229   -0.35327427146535
  230   -0.35327427146535
  231   -0.35327427146533
  232   -0.35327427146533
  233   -0.35327424134143
  234   -0.35327424134142
  235   -0.35327424134139
  236   -0.35327424134139
  237   -0.35327424134139
  238   -0.35327424134139
  239   -0.35327424134137
  240   -0.35327424134137
  241   -0.34918909024075
  242   -0.34918909024075
  243   -0.34918909024070
  244   -0.34918909024069
  245   -0.34918909024069
  246   -0.34918909024069
  247   -0.34918909024063
  248   -0.34918909024063
  249   -0.34918906147875
  250   -0.34918906147875
  251   -0.34918906147869
  252   -0.34918906147869
  253   -0.34918906147868
  254   -0.34918906147868
  255   -0.34918906147862
  256   -0.34918906147862
  257   -0.34730107931482
  258   -0.34730107931482
  259   -0.34730107931476
  260   -0.34730107931476
  261   -0.34730107931476
  262   -0.34730107931476
  263   -0.34730107931469
  264   -0.34730107931469
  265   -0.34730106248278
  266   -0.34730106248278
  267   -0.34730106248272
  268   -0.34730106248272
  269   -0.34730106248272
  270   -0.34730106248272
  271   -0.34730106248265
  272   -0.34730106248265
  273   -0.34730103429846
  274   -0.34730103429846
  275   -0.34730103429839
  276   -0.34730103429839
  277   -0.34730103429839
  278   -0.34730103429839
  279   -0.34730103429833
  280   -0.34730103429833
  281   -0.34730101712243
  282   -0.34730101712243
  283   -0.34730101712238
  284   -0.34730101712238
  285   -0.34730101712237
  286   -0.34730101712237
  287   -0.34730101712230
  288   -0.34730101712230
  289   -0.34206033322461
  290   -0.34206033322461
  291   -0.34206033322460
  292   -0.34206033322460
  293   -0.34206033322460
  294   -0.34206033322460
  295   -0.34206033322459
  296   -0.34206033322459
  297   -0.34206029917073
  298   -0.34206029917073
  299   -0.34206029917072
  300   -0.34206029917072
  301   -0.34206029917072
  302   -0.34206029917072
  303   -0.34206029917071
  304   -0.34206029917071
  305   -0.34206029607561
  306   -0.34206029607561
  307   -0.34206029607560
  308   -0.34206029607560
  309   -0.34206029607560
  310   -0.34206029607560
  311   -0.34206029607559
  312   -0.34206029607559
  313   -0.34206027918414
  314   -0.34206027918414
  315   -0.34206027918413
  316   -0.34206027918413
  317   -0.34206027918413
  318   -0.34206027918413
  319   -0.34206027918413
  320   -0.34206027918412
  321   -0.33760414648693
  322   -0.33760414648693
  323   -0.33760414648684
  324   -0.33760414648684
  325   -0.33760414648683
  326   -0.33760414648683
  327   -0.33760414648673
  328   -0.33760414648673
  329   -0.33760409465287
  330   -0.33760409465287
  331   -0.33760409465276
  332   -0.33760409465276
  333   -0.33760409465275
  334   -0.33760409465275
  335   -0.33760409465266
  336   -0.33760409465266
  337   -0.30093341052527
  338   -0.30093341052527
  339   -0.30093341052516
  340   -0.30093341052516
  341   -0.30093341052516
  342   -0.30093341052516
  343   -0.30093341052504
  344   -0.30093341052504
  345   -0.29972440008595
  346   -0.29972440008595
  347   -0.29972440008587
  348   -0.29972440008587
  349   -0.29972440008587
  350   -0.29972440008587
  351   -0.29972440008579
  352   -0.29972440008579
  353   -0.29972426861662
  354   -0.29972426861662
  355   -0.29972426861654
  356   -0.29972426861654
  357   -0.29972426861653
  358   -0.29972426861653
  359   -0.29972426861646
  360   -0.29972426861646
  361   -0.29489234883171
  362   -0.29489234883171
  363   -0.29489234883170
  364   -0.29489234883170
  365   -0.29489234883170
  366   -0.29489234883170
  367   -0.29489234883169
  368   -0.29489234883169
  369   -0.29489228317615
  370   -0.29489228317615
  371   -0.29489228317615
  372   -0.29489228317614
  373   -0.29489228317614
  374   -0.29489228317614
  375   -0.29489228317613
  376   -0.29489228317613
  377   -0.29489224753758
  378   -0.29489224753758
  379   -0.29489224753756
  380   -0.29489224753756
  381   -0.29489224753756
  382   -0.29489224753756
  383   -0.29489224753756
  384   -0.29489224753756
  385   -0.29489224239048
  386   -0.29489224239048
  387   -0.29489224239048
  388   -0.29489224239047
  389   -0.29489224239047
  390   -0.29489224239047
  391   -0.29489224239047
  392   -0.29489224239046
  393   -0.26106087062161
  394   -0.26106087062161
  395   -0.26106087062158
  396   -0.26106087062158
  397   -0.26106087062157
  398   -0.26106087062157
  399   -0.26106087062155
  400   -0.26106087062155
  401   -0.26106072865690
  402   -0.26106072865690
  403   -0.26106072865688
  404   -0.26106072865688
  405   -0.26106072865688
  406   -0.26106072865687
  407   -0.26106072865684
  408   -0.26106072865684
  409   -0.25051100490349
  410   -0.25051100490349
  411   -0.25051100490344
  412   -0.25051100490343
  413   -0.25051100490343
  414   -0.25051100490343
  415   -0.25051100490338
  416   -0.25051100490338
  417   -0.25051099857183
  418   -0.25051099857183
  419   -0.25051099857178
  420   -0.25051099857178
  421   -0.25051099857178
  422   -0.25051099857178
  423   -0.25051099857172
  424   -0.25051099857172
  425   -0.25051090281548
  426   -0.25051090281548
  427   -0.25051090281542
  428   -0.25051090281542
  429   -0.25051090281542
  430   -0.25051090281542
  431   -0.25051090281537
  432   -0.25051090281537
  433   -0.25051087408340
  434   -0.25051087408340
  435   -0.25051087408335
  436   -0.25051087408335
  437   -0.25051087408335
  438   -0.25051087408335
  439   -0.25051087408329
  440   -0.25051087408329
  441   -0.24690448111633
  442   -0.24690448111633
  443   -0.24690448111623
  444   -0.24690448111623
  445   -0.24690448111623
  446   -0.24690448111623
  447   -0.24690448111614
  448   -0.24690448111614
  449   -0.24311674947055
  450   -0.24311674947055
  451   -0.24311674947047
  452   -0.24311674947047
  453   -0.24311674947046
  454   -0.24311674947046
  455   -0.24311674947038
  456   -0.24311674947038
  457   -0.24240100639718
  458   -0.24240100639717
  459   -0.24240100639714
  460   -0.24240100639714
  461   -0.24240100639714
  462   -0.24240100639714
  463   -0.24240100639710
  464   -0.24240100639710
  465   -0.24240094181138
  466   -0.24240094181138
  467   -0.24240094181135
  468   -0.24240094181135
  469   -0.24240094181134
  470   -0.24240094181134
  471   -0.24240094181131
  472   -0.24240094181131
  473   -0.23563522872616
  474   -0.23563522872616
  475   -0.23563522872606
  476   -0.23563522872606
  477   -0.23563522872605
  478   -0.23563522872605
  479   -0.23563522872595
  480   -0.23563522872595
  481   -0.23563522705570
  482   -0.23563522705570
  483   -0.23563522705559
  484   -0.23563522705559
  485   -0.23563522705559
  486   -0.23563522705559
  487   -0.23563522705549
  488   -0.23563522705549
  489   -0.23563516353437
  490   -0.23563516353437
  491   -0.23563516353426
  492   -0.23563516353426
  493   -0.23563516353426
  494   -0.23563516353426
  495   -0.23563516353416
  496   -0.23563516353416
  497   -0.23563514632338
  498   -0.23563514632338
  499   -0.23563514632329
  500   -0.23563514632328
  501   -0.23563514632328
  502   -0.23563514632328
  503   -0.23563514632318
  504   -0.23563514632318
  505   -0.22634274167321
  506   -0.22634274167321
  507   -0.22634274167307
  508   -0.22634274167307
  509   -0.22634274167306
  510   -0.22634274167306
  511   -0.22634274167292
  512   -0.22634274167292
  513   -0.22634270131764
  514   -0.22634270131764
  515   -0.22634270131749
  516   -0.22634270131749
  517   -0.22634270131748
  518   -0.22634270131748
  519   -0.22634270131734
  520   -0.22634270131734
  521   -0.21836646041201
  522   -0.21836646041201
  523   -0.21836646041195
  524   -0.21836646041195
  525   -0.21836646041195
  526   -0.21836646041195
  527   -0.21836646041188
  528   -0.21836646041188
  529   -0.21836642099026
  530   -0.21836642099026
  531   -0.21836642099019
  532   -0.21836642099019
  533   -0.21836642099019
  534   -0.21836642099019
  535   -0.21836642099013
  536   -0.21836642099013
  537   -0.21746511100522
  538   -0.21746511100522
  539   -0.21746511100513
  540   -0.21746511100513
  541   -0.21746511100513
  542   -0.21746511100512
  543   -0.21746511100504
  544   -0.21746511100504
  545   -0.21746510945117
  546   -0.21746510945117
  547   -0.21746510945108
  548   -0.21746510945108
  549   -0.21746510945107
  550   -0.21746510945107
  551   -0.21746510945098
  552   -0.21746510945098
  553   -0.21317454255053
  554   -0.21317454255053
  555   -0.21317454255050
  556   -0.21317454255050
  557   -0.21317454255049
  558   -0.21317454255049
  559   -0.21317454255047
  560   -0.21317454255047
  561   -0.21317439235396
  562   -0.21317439235396
  563   -0.21317439235394
  564   -0.21317439235394
  565   -0.21317439235394
  566   -0.21317439235393
  567   -0.21317439235391
  568   -0.21317439235391
  569   -0.21080509524125
  570   -0.21080509524125
  571   -0.21080509524120
  572   -0.21080509524120
  573   -0.21080509524120
  574   -0.21080509524120
  575   -0.21080509524114
  576   -0.21080509524114
  577   -0.21080491275866
  578   -0.21080491275866
  579   -0.21080491275861
  580   -0.21080491275861
  581   -0.21080491275861
  582   -0.21080491275861
  583   -0.21080491275855
  584   -0.21080491275855
  585   -0.19978825760429
  586   -0.19978825760429
  587   -0.19978825760426
  588   -0.19978825760426
  589   -0.19978825760426
  590   -0.19978825760426
  591   -0.19978825760423
  592   -0.19978825760423
  593   -0.19916819816764
  594   -0.19916819816764
  595   -0.19916819816761
  596   -0.19916819816761
  597   -0.19916819816761
  598   -0.19916819816761
  599   -0.19916819816757
  600   -0.19916819816757
  601   -0.19916813699234
  602   -0.19916813699234
  603   -0.19916813699231
  604   -0.19916813699231
  605   -0.19916813699231
  606   -0.19916813699230
  607   -0.19916813699227
  608   -0.19916813699227
  609   -0.19916807026903
  610   -0.19916807026903
  611   -0.19916807026900
  612   -0.19916807026899
  613   -0.19916807026899
  614   -0.19916807026899
  615   -0.19916807026896
  616   -0.19916807026896
  617   -0.19916796111285
  618   -0.19916796111285
  619   -0.19916796111281
  620   -0.19916796111281
  621   -0.19916796111281
  622   -0.19916796111281
  623   -0.19916796111278
  624   -0.19916796111278
  625   -0.19142558491389
  626   -0.19142558491389
  627   -0.19142558491375
  628   -0.19142558491375
  629   -0.19142558491374
  630   -0.19142558491374
  631   -0.19142558491361
  632   -0.19142558491361
  633   -0.19142558306256
  634   -0.19142558306256
  635   -0.19142558306243
  636   -0.19142558306243
  637   -0.19142558306242
  638   -0.19142558306242
  639   -0.19142558306229
  640   -0.19142558306229
  641   -0.19142557991554
  642   -0.19142557991554
  643   -0.19142557991541
  644   -0.19142557991541
  645   -0.19142557991541
  646   -0.19142557991540
  647   -0.19142557991527
  648   -0.19142557991527
  649   -0.19142551998775
  650   -0.19142551998775
  651   -0.19142551998761
  652   -0.19142551998761
  653   -0.19142551998761
  654   -0.19142551998761
  655   -0.19142551998748
  656   -0.19142551998748
  657   -0.18827463673385
  658   -0.18827463673385
  659   -0.18827463673384
  660   -0.18827463673384
  661   -0.18827463673384
  662   -0.18827463673384
  663   -0.18827463673383
  664   -0.18827463673383
  665   -0.18827445776573
  666   -0.18827445776573
  667   -0.18827445776571
  668   -0.18827445776571
  669   -0.18827445776571
  670   -0.18827445776571
  671   -0.18827445776571
  672   -0.18827445776570
  673   -0.18409674427771
  674   -0.18409674427771
  675   -0.18409674427770
  676   -0.18409674427770
  677   -0.18409674427770
  678   -0.18409674427769
  679   -0.18409674427766
  680   -0.18409674427766
  681   -0.18409673165232
  682   -0.18409673165232
  683   -0.18409673165229
  684   -0.18409673165229
  685   -0.18409673165229
  686   -0.18409673165229
  687   -0.18409673165226
  688   -0.18409673165226
  689   -0.17403910031906
  690   -0.17403910031906
  691   -0.17403910031906
  692   -0.17403910031906
  693   -0.17403910031906
  694   -0.17403910031905
  695   -0.17403910031905
  696   -0.17403910031905
  697   -0.17403909256829
  698   -0.17403909256829
  699   -0.17403909256829
  700   -0.17403909256829
  701   -0.17403909256828
  702   -0.17403909256828
  703   -0.17403909256828
  704   -0.17403909256828
  705   -0.17403875761826
  706   -0.17403875761826
  707   -0.17403875761825
  708   -0.17403875761825
  709   -0.17403875761825
  710   -0.17403875761825
  711   -0.17403875761825
  712   -0.17403875761825
  713   -0.17403861012645
  714   -0.17403861012645
  715   -0.17403861012645
  716   -0.17403861012645
  717   -0.17403861012645
  718   -0.17403861012645
  719   -0.17403861012645
  720   -0.17403861012644
  721   -0.16966178215194
  722   -0.16966178215194
  723   -0.16966178215187
  724   -0.16966178215186
  725   -0.16966178215186
  726   -0.16966178215186
  727   -0.16966178215179
  728   -0.16966178215178
  729   -0.16966144644779
  730   -0.16966144644779
  731   -0.16966144644772
  732   -0.16966144644771
  733   -0.16966144644771
  734   -0.16966144644771
  735   -0.16966144644763
  736   -0.16966144644763
  737   -0.16045441697758
  738   -0.16045441697758
  739   -0.16045441697748
  740   -0.16045441697748
  741   -0.16045441697747
  742   -0.16045441697747
  743   -0.16045441697738
  744   -0.16045441697738
  745   -0.16045437892629
  746   -0.16045437892629
  747   -0.16045437892619
  748   -0.16045437892619
  749   -0.16045437892619
  750   -0.16045437892619
  751   -0.16045437892609
  752   -0.16045437892609
  753   -0.15689402031251
  754   -0.15689402031251
  755   -0.15689402031234
  756   -0.15689402031234
  757   -0.15689402031234
  758   -0.15689402031234
  759   -0.15689402031218
  760   -0.15689402031218
  761   -0.14860675800228
  762   -0.14860675800228
  763   -0.14860675800223
  764   -0.14860675800223
  765   -0.14860675800222
  766   -0.14860675800222
  767   -0.14860675800215
  768   -0.14860675800215
  769   -0.14802295076005
  770   -0.14802295076005
  771   -0.14802295075999
  772   -0.14802295075999
  773   -0.14802295075999
  774   -0.14802295075998
  775   -0.14802295075993
  776   -0.14802295075993
  777   -0.14802280970604
  778   -0.14802280970604
  779   -0.14802280970599
  780   -0.14802280970599
  781   -0.14802280970598
  782   -0.14802280970598
  783   -0.14802280970592
  784   -0.14802280970592
  785   -0.14802280555180
  786   -0.14802280555180
  787   -0.14802280555174
  788   -0.14802280555174
  789   -0.14802280555174
  790   -0.14802280555174
  791   -0.14802280555168
  792   -0.14802280555168
  793   -0.14802266215220
  794   -0.14802266215220
  795   -0.14802266215214
  796   -0.14802266215214
  797   -0.14802266215214
  798   -0.14802266215213
  799   -0.14802266215208
  800   -0.14802266215208
  801   -0.14482322339326
  802   -0.14482322339326
  803   -0.14482322339324
  804   -0.14482322339323
  805   -0.14482322339323
  806   -0.14482322339323
  807   -0.14482322339319
  808   -0.14482322339319
  809   -0.14482320781583
  810   -0.14482320781583
  811   -0.14482320781581
  812   -0.14482320781581
  813   -0.14482320781580
  814   -0.14482320781580
  815   -0.14482320781576
  816   -0.14482320781576
  817   -0.14083803094348
  818   -0.14083803094347
  819   -0.14083803094347
  820   -0.14083803094346
  821   -0.14083803094346
  822   -0.14083803094346
  823   -0.14083803094346
  824   -0.14083803094345
  825   -0.14083802614264
  826   -0.14083802614264
  827   -0.14083802614263
  828   -0.14083802614263
  829   -0.14083802614263
  830   -0.14083802614263
  831   -0.14083802614261
  832   -0.14083802614261
  833   -0.13317267513999
  834   -0.13317267513999
  835   -0.13317267513998
  836   -0.13317267513997
  837   -0.13317267513997
  838   -0.13317267513996
  839   -0.13317267513996
  840   -0.13317267513996
  841   -0.13317254673785
  842   -0.13317254673785
  843   -0.13317254673784
  844   -0.13317254673784
  845   -0.13317254673784
  846   -0.13317254673783
  847   -0.13317254673782
  848   -0.13317254673782
  849   -0.13213465615986
  850   -0.13213465615986
  851   -0.13213465615976
  852   -0.13213465615976
  853   -0.13213465615976
  854   -0.13213465615976
  855   -0.13213465615964
  856   -0.13213465615964
  857   -0.10202541381153
  858   -0.10202541381153
  859   -0.10202541381152
  860   -0.10202541381152
  861   -0.10202541381151
  862   -0.10202541381151
  863   -0.10202541381149
  864   -0.10202541381149
  865   -0.07058429487054
  866   -0.07058429487054
  867   -0.07058429487051
  868   -0.07058429487051
  869   -0.07058429487051
  870   -0.07058429487050
  871   -0.07058429487047
  872   -0.07058429487047
  873   -0.05905868332689
  874   -0.05905868332689
  875   -0.05905868332680
  876   -0.05905868332680
  877   -0.05905868332679
  878   -0.05905868332679
  879   -0.05905868332670
  880   -0.05905868332670
  881   -0.05905808714117
  882   -0.05905808714117
  883   -0.05905808714107
  884   -0.05905808714107
  885   -0.05905808714107
  886   -0.05905808714107
  887   -0.05905808714098
  888   -0.05905808714098
  889   -0.04995258638969
  890   -0.04995258638969
  891   -0.04995258638963
  892   -0.04995258638963
  893   -0.04995258638963
  894   -0.04995258638963
  895   -0.04995258638957
  896   -0.04995258638957
  897   -0.04995224794684
  898   -0.04995224794684
  899   -0.04995224794679
  900   -0.04995224794678
  901   -0.04995224794678
  902   -0.04995224794678
  903   -0.04995224794673
  904   -0.04995224794673
  905   -0.03614674959206
  906   -0.03614674959206
  907   -0.03614674959193
  908   -0.03614674959193
  909   -0.03614674959193
  910   -0.03614674959193
  911   -0.03614674959180
  912   -0.03614674959180
  913   -0.03614673476119
  914   -0.03614673476119
  915   -0.03614673476106
  916   -0.03614673476106
  917   -0.03614673476106
  918   -0.03614673476106
  919   -0.03614673476093
  920   -0.03614673476093
  921   -0.03598761411668
  922   -0.03598761411668
  923   -0.03598761411664
  924   -0.03598761411664
  925   -0.03598761411664
  926   -0.03598761411664
  927   -0.03598761411661
  928   -0.03598761411661
  929   -0.03598712363942
  930   -0.03598712363942
  931   -0.03598712363939
  932   -0.03598712363938
  933   -0.03598712363938
  934   -0.03598712363938
  935   -0.03598712363935
  936   -0.03598712363935
  937   -0.03217840409800
  938   -0.03217840409800
  939   -0.03217840409793
  940   -0.03217840409793
  941   -0.03217840409792
  942   -0.03217840409792
  943   -0.03217840409785
  944   -0.03217840409785
  945   -0.03217830951407
  946   -0.03217830951407
  947   -0.03217830951400
  948   -0.03217830951400
  949   -0.03217830951400
  950   -0.03217830951400
  951   -0.03217830951392
  952   -0.03217830951392
  953   -0.03217803621177
  954   -0.03217803621177
  955   -0.03217803621169
  956   -0.03217803621169
  957   -0.03217803621169
  958   -0.03217803621169
  959   -0.03217803621162
  960   -0.03217803621162
  961   -0.03217781066525
  962   -0.03217781066525
  963   -0.03217781066518
  964   -0.03217781066518
  965   -0.03217781066518
  966   -0.03217781066518
  967   -0.03217781066510
  968   -0.03217781066510
  969   -0.01934037078749
  970   -0.01934037078749
  971   -0.01934037078745
  972   -0.01934037078745
  973   -0.01934037078745
  974   -0.01934037078745
  975   -0.01934037078741
  976   -0.01934037078741
  977   -0.01934002524276
  978   -0.01934002524276
  979   -0.01934002524272
  980   -0.01934002524272
  981   -0.01934002524272
  982   -0.01934002524272
  983   -0.01934002524268
  984   -0.01934002524268
  985   -0.01066040722988
  986   -0.01066040722988
  987   -0.01066040722981
  988   -0.01066040722981
  989   -0.01066040722981
  990   -0.01066040722981
  991   -0.01066040722974
  992   -0.01066040722974
  993   -0.00799958439030
  994   -0.00799958439030
  995   -0.00799958439027
  996   -0.00799958439027
  997   -0.00799958439027
  998   -0.00799958439027
  999   -0.00799958439024
 1000   -0.00799958439024
 1001   -0.00799951894408
 1002   -0.00799951894408
 1003   -0.00799951894405
 1004   -0.00799951894405
 1005   -0.00799951894405
 1006   -0.00799951894405
 1007   -0.00799951894402
 1008   -0.00799951894402
 1009   -0.00506853641615
 1010   -0.00506853641615
 1011   -0.00506853641591
 1012   -0.00506853641591
 1013   -0.00506853641591
 1014   -0.00506853641591
 1015   -0.00506853641567
 1016   -0.00506853641567
 1017   -0.00287135279650
 1018   -0.00287135279650
 1019   -0.00287135279637
 1020   -0.00287135279637
 1021   -0.00287135279637
 1022   -0.00287135279637
 1023   -0.00287135279625
 1024   -0.00287135279625
 1025   -0.00287119717162
 1026   -0.00287119717162
 1027   -0.00287119717150
 1028   -0.00287119717150
 1029   -0.00287119717149
 1030   -0.00287119717149
 1031   -0.00287119717137
 1032   -0.00287119717137
 1033   -0.00287076844196
 1034   -0.00287076844196
 1035   -0.00287076844184
 1036   -0.00287076844184

   kloop=7
   k1=   0.50000 k2=   0.50000 k3=   0.50000

    1   -0.52747451269332
    2   -0.52747451269332
    3   -0.52747451269331
    4   -0.52747451269331
    5   -0.52747451269331
    6   -0.52747451269331
    7   -0.52747451269331
    8   -0.52747451269331
    9   -0.52747450717114
   10   -0.52747450717114
   11   -0.52747450717113
   12   -0.52747450717113
   13   -0.52747450717112
   14   -0.52747450717112
   15   -0.52747450717112
   16   -0.52747450717112
   17   -0.49285897215898
   18   -0.49285897215898
   19   -0.49285897215898
   20   -0.49285897215898
   21   -0.49285897215898
   22   -0.49285897215898
   23   -0.49285897215897
   24   -0.49285897215897
   25   -0.49285897215825
   26   -0.49285897215825
   27   -0.49285897215825
   28   -0.49285897215824
   29   -0.49285897215824
   30   -0.49285897215824
   31   -0.49285897215824
   32   -0.49285897215824
   33   -0.49285895716785
   34   -0.49285895716785
   35   -0.49285895716784
   36   -0.49285895716784
   37   -0.49285895716784
   38   -0.49285895716784
   39   -0.49285895716784
   40   -0.49285895716783
   41   -0.49285895715663
   42   -0.49285895715663
   43   -0.49285895715663
   44   -0.49285895715662
   45   -0.49285895715662
   46   -0.49285895715662
   47   -0.49285895715662
   48   -0.49285895715662
   49   -0.49285886880533
   50   -0.49285886880533
   51   -0.49285886880532
   52   -0.49285886880532
   53   -0.49285886880532
   54   -0.49285886880532
   55   -0.49285886880532
   56   -0.49285886880531
   57   -0.49285885191160
   58   -0.49285885191160
   59   -0.49285885191160
   60   -0.49285885191159
   61   -0.49285885191159
   62   -0.49285885191159
   63   -0.49285885191158
   64   -0.49285885191158
   65   -0.46235142502005
   66   -0.46235142502005
   67   -0.46235142502005
   68   -0.46235142502005
   69   -0.46235142502005
   70   -0.46235142502005
   71   -0.46235142502005
   72   -0.46235142502005
   73   -0.46235139976320
   74   -0.46235139976319
   75   -0.46235139976319
   76   -0.46235139976319
   77   -0.46235139976319
   78   -0.46235139976318
   79   -0.46235139976318
   80   -0.46235139976318
   81   -0.46235139976306
   82   -0.46235139976306
   83   -0.46235139976305
   84   -0.46235139976305
   85   -0.46235139976305
   86   -0.46235139976304
   87   -0.46235139976304
   88   -0.46235139976304
   89   -0.46235131485848
   90   -0.46235131485848
   91   -0.46235131485848
   92   -0.46235131485847
   93   -0.46235131485847
   94   -0.46235131485847
   95   -0.46235131485847
   96   -0.46235131485847
   97   -0.46235131485423
   98   -0.46235131485423
   99   -0.46235131485423
  100   -0.46235131485423
  101   -0.46235131485423
  102   -0.46235131485423
  103   -0.46235131485422
  104   -0.46235131485422
  105   -0.46235129095246
  106   -0.46235129095246
  107   -0.46235129095246
  108   -0.46235129095246
  109   -0.46235129095245
  110   -0.46235129095245
  111   -0.46235129095245
  112   -0.46235129095245
  113   -0.45315151601083
  114   -0.45315151601083
  115   -0.45315151601083
  116   -0.45315151601083
  117   -0.45315151601083
  118   -0.45315151601083
  119   -0.45315151601082
  120   -0.45315151601082
  121   -0.42694893354275
  122   -0.42694893354275
  123   -0.42694893354275
  124   -0.42694893354275
  125   -0.42694893354275
  126   -0.42694893354275
  127   -0.42694893354275
  128   -0.42694893354274
  129   -0.42694893352256
  130   -0.42694893352256
  131   -0.42694893352256
  132   -0.42694893352256
  133   -0.42694893352256
  134   -0.42694893352256
  135   -0.42694893352255
  136   -0.42694893352255
  137   -0.42694890394862
  138   -0.42694890394862
  139   -0.42694890394862
  140   -0.42694890394862
  141   -0.42694890394862
  142   -0.42694890394862
  143   -0.42694890394861
  144   -0.42694890394861
  145   -0.42694890392358
  146   -0.42694890392358
  147   -0.42694890392358
  148   -0.42694890392358
  149   -0.42694890392358
  150   -0.42694890392357
  151   -0.42694890392357
  152   -0.42694890392357
  153   -0.42694884774803
  154   -0.42694884774802
  155   -0.42694884774802
  156   -0.42694884774802
  157   -0.42694884774802
  158   -0.42694884774802
  159   -0.42694884774802
  160   -0.42694884774802
  161   -0.42694876409990
  162   -0.42694876409990
  163   -0.42694876409990
  164   -0.42694876409989
  165   -0.42694876409989
  166   -0.42694876409989
  167   -0.42694876409989
  168   -0.42694876409989
  169   -0.41840348682459
  170   -0.41840348682459
  171   -0.41840348682459
  172   -0.41840348682459
  173   -0.41840348682459
  174   -0.41840348682459
  175   -0.41840348682459
  176   -0.41840348682458
  177   -0.41840348681525
  178   -0.41840348681525
  179   -0.41840348681525
  180   -0.41840348681524
  181   -0.41840348681524
  182   -0.41840348681524
  183   -0.41840348681524
  184   -0.41840348681524
  185   -0.41840341489748
  186   -0.41840341489748
  187   -0.41840341489747
  188   -0.41840341489747
  189   -0.41840341489747
  190   -0.41840341489747
  191   -0.41840341489746
  192   -0.41840341489746
  193   -0.41840333661524
  194   -0.41840333661524
  195   -0.41840333661524
  196   -0.41840333661523
  197   -0.41840333661523
  198   -0.41840333661523
  199   -0.41840333661523
  200   -0.41840333661523
  201   -0.41840329868458
  202   -0.41840329868458
  203   -0.41840329868458
  204   -0.41840329868458
  205   -0.41840329868457
  206   -0.41840329868457
  207   -0.41840329868457
  208   -0.41840329868457
  209   -0.41840329867771
  210   -0.41840329867771
  211   -0.41840329867771
  212   -0.41840329867771
  213   -0.41840329867771
  214   -0.41840329867771
  215   -0.41840329867771
  216   -0.41840329867770
  217   -0.36018715366761
  218   -0.36018715366761
  219   -0.36018715366761
  220   -0.36018715366761
  221   -0.36018715366760
  222   -0.36018715366760
  223   -0.36018715366760
  224   -0.36018715366760
  225   -0.35180116432098
  226   -0.35180116432098
  227   -0.35180116432098
  228   -0.35180116432098
  229   -0.35180116432097
  230   -0.35180116432097
  231   -0.35180116432097
  232   -0.35180116432097
  233   -0.35180116432046
  234   -0.35180116432046
  235   -0.35180116432046
  236   -0.35180116432046
  237   -0.35180116432046
  238   -0.35180116432046
  239   -0.35180116432046
  240   -0.35180116432045
  241   -0.35180116383139
  242   -0.35180116383138
  243   -0.35180116383138
  244   -0.35180116383138
  245   -0.35180116383138
  246   -0.35180116383138
  247   -0.35180116383138
  248   -0.35180116383137
  249   -0.35180112984969
  250   -0.35180112984968
  251   -0.35180112984968
  252   -0.35180112984968
  253   -0.35180112984968
  254   -0.35180112984968
  255   -0.35180112984968
  256   -0.35180112984968
  257   -0.35180112983053
  258   -0.35180112983053
  259   -0.35180112983053
  260   -0.35180112983053
  261   -0.35180112983052
  262   -0.35180112983052
  263   -0.35180112983052
  264   -0.35180112983051
  265   -0.35180110516766
  266   -0.35180110516766
  267   -0.35180110516765
  268   -0.35180110516765
  269   -0.35180110516765
  270   -0.35180110516765
  271   -0.35180110516765
  272   -0.35180110516765
  273   -0.34025131194290
  274   -0.34025131194290
  275   -0.34025131194289
  276   -0.34025131194289
  277   -0.34025131194289
  278   -0.34025131194289
  279   -0.34025131194288
  280   -0.34025131194288
  281   -0.34025116499100
  282   -0.34025116499100
  283   -0.34025116499099
  284   -0.34025116499099
  285   -0.34025116499099
  286   -0.34025116499099
  287   -0.34025116499099
  288   -0.34025116499099
  289   -0.34025116498943
  290   -0.34025116498942
  291   -0.34025116498942
  292   -0.34025116498941
  293   -0.34025116498941
  294   -0.34025116498941
  295   -0.34025116498941
  296   -0.34025116498941
  297   -0.34025108474699
  298   -0.34025108474699
  299   -0.34025108474699
  300   -0.34025108474699
  301   -0.34025108474699
  302   -0.34025108474699
  303   -0.34025108474699
  304   -0.34025108474699
  305   -0.34025108176719
  306   -0.34025108176719
  307   -0.34025108176718
  308   -0.34025108176718
  309   -0.34025108176717
  310   -0.34025108176717
  311   -0.34025108176717
  312   -0.34025108176717
  313   -0.34025108173092
  314   -0.34025108173092
  315   -0.34025108173092
  316   -0.34025108173092
  317   -0.34025108173092
  318   -0.34025108173092
  319   -0.34025108173091
  320   -0.34025108173091
  321   -0.32243887569188
  322   -0.32243887569188
  323   -0.32243887569188
  324   -0.32243887569188
  325   -0.32243887569187
  326   -0.32243887569187
  327   -0.32243887569187
  328   -0.32243887569187
  329   -0.32243887567195
  330   -0.32243887567194
  331   -0.32243887567194
  332   -0.32243887567194
  333   -0.32243887567194
  334   -0.32243887567194
  335   -0.32243887567194
  336   -0.32243887567193
  337   -0.32243884004895
  338   -0.32243884004895
  339   -0.32243884004895
  340   -0.32243884004895
  341   -0.32243884004895
  342   -0.32243884004895
  343   -0.32243884004894
  344   -0.32243884004894
  345   -0.32243875665550
  346   -0.32243875665550
  347   -0.32243875665550
  348   -0.32243875665550
  349   -0.32243875665549
  350   -0.32243875665549
  351   -0.32243875665549
  352   -0.32243875665549
  353   -0.32243875663937
  354   -0.32243875663937
  355   -0.32243875663936
  356   -0.32243875663936
  357   -0.32243875663936
  358   -0.32243875663936
  359   -0.32243875663936
  360   -0.32243875663935
  361   -0.32243863114475
  362   -0.32243863114475
  363   -0.32243863114474
  364   -0.32243863114474
  365   -0.32243863114474
  366   -0.32243863114474
  367   -0.32243863114474
  368   -0.32243863114474
  369   -0.26300724330767
  370   -0.26300724330767
  371   -0.26300724330767
  372   -0.26300724330766
  373   -0.26300724330766
  374   -0.26300724330766
  375   -0.26300724330766
  376   -0.26300724330766
  377   -0.26300724330134
  378   -0.26300724330134
  379   -0.26300724330133
  380   -0.26300724330133
  381   -0.26300724330133
  382   -0.26300724330133
  383   -0.26300724330133
  384   -0.26300724330132
  385   -0.26300718682471
  386   -0.26300718682471
  387   -0.26300718682471
  388   -0.26300718682471
  389   -0.26300718682471
  390   -0.26300718682471
  391   -0.26300718682471
  392   -0.26300718682470
  393   -0.26300714361813
  394   -0.26300714361813
  395   -0.26300714361812
  396   -0.26300714361812
  397   -0.26300714361812
  398   -0.26300714361812
  399   -0.26300714361811
  400   -0.26300714361811
  401   -0.26300714361588
  402   -0.26300714361588
  403   -0.26300714361588
  404   -0.26300714361588
  405   -0.26300714361588
  406   -0.26300714361588
  407   -0.26300714361587
  408   -0.26300714361587
  409   -0.26300697245675
  410   -0.26300697245675
  411   -0.26300697245675
  412   -0.26300697245675
  413   -0.26300697245675
  414   -0.26300697245675
  415   -0.26300697245675
  416   -0.26300697245674
  417   -0.25249592737809
  418   -0.25249592737809
  419   -0.25249592737808
  420   -0.25249592737808
  421   -0.25249592737808
  422   -0.25249592737808
  423   -0.25249592737808
  424   -0.25249592737808
  425   -0.25249578862257
  426   -0.25249578862257
  427   -0.25249578862257
  428   -0.25249578862257
  429   -0.25249578862257
  430   -0.25249578862257
  431   -0.25249578862257
  432   -0.25249578862257
  433   -0.25249578854380
  434   -0.25249578854380
  435   -0.25249578854380
  436   -0.25249578854380
  437   -0.25249578854380
  438   -0.25249578854380
  439   -0.25249578854380
  440   -0.25249578854380
  441   -0.25249578463801
  442   -0.25249578463801
  443   -0.25249578463800
  444   -0.25249578463800
  445   -0.25249578463800
  446   -0.25249578463800
  447   -0.25249578463800
  448   -0.25249578463800
  449   -0.25249578461622
  450   -0.25249578461622
  451   -0.25249578461622
  452   -0.25249578461622
  453   -0.25249578461621
  454   -0.25249578461621
  455   -0.25249578461621
  456   -0.25249578461621
  457   -0.25249558811770
  458   -0.25249558811770
  459   -0.25249558811770
  460   -0.25249558811770
  461   -0.25249558811770
  462   -0.25249558811770
  463   -0.25249558811770
  464   -0.25249558811769
  465   -0.23854227019469
  466   -0.23854227019468
  467   -0.23854227019468
  468   -0.23854227019468
  469   -0.23854227019468
  470   -0.23854227019468
  471   -0.23854227019468
  472   -0.23854227019467
  473   -0.23854227016271
  474   -0.23854227016271
  475   -0.23854227016270
  476   -0.23854227016270
  477   -0.23854227016270
  478   -0.23854227016270
  479   -0.23854227016270
  480   -0.23854227016270
  481   -0.23854222716725
  482   -0.23854222716725
  483   -0.23854222716725
  484   -0.23854222716725
  485   -0.23854222716725
  486   -0.23854222716725
  487   -0.23854222716725
  488   -0.23854222716725
  489   -0.23854209368116
  490   -0.23854209368116
  491   -0.23854209368115
  492   -0.23854209368115
  493   -0.23854209368115
  494   -0.23854209368115
  495   -0.23854209368115
  496   -0.23854209368115
  497   -0.23854209365285
  498   -0.23854209365285
  499   -0.23854209365284
  500   -0.23854209365284
  501   -0.23854209365284
  502   -0.23854209365284
  503   -0.23854209365284
  504   -0.23854209365284
  505   -0.23854181958584
  506   -0.23854181958584
  507   -0.23854181958584
  508   -0.23854181958583
  509   -0.23854181958583
  510   -0.23854181958583
  511   -0.23854181958583
  512   -0.23854181958583
  513   -0.21487233801732
  514   -0.21487233801731
  515   -0.21487233801731
  516   -0.21487233801731
  517   -0.21487233801731
  518   -0.21487233801731
  519   -0.21487233801731
  520   -0.21487233801731
  521   -0.21487233794926
  522   -0.21487233794926
  523   -0.21487233794925
  524   -0.21487233794925
  525   -0.21487233794925
  526   -0.21487233794925
  527   -0.21487233794925
  528   -0.21487233794925
  529   -0.21487213891327
  530   -0.21487213891327
  531   -0.21487213891327
  532   -0.21487213891327
  533   -0.21487213891327
  534   -0.21487213891327
  535   -0.21487213891327
  536   -0.21487213891326
  537   -0.21487207809784
  538   -0.21487207809784
  539   -0.21487207809784
  540   -0.21487207809784
  541   -0.21487207809784
  542   -0.21487207809784
  543   -0.21487207809784
  544   -0.21487207809784
  545   -0.21487203698053
  546   -0.21487203698053
  547   -0.21487203698053
  548   -0.21487203698053
  549   -0.21487203698053
  550   -0.21487203698053
  551   -0.21487203698053
  552   -0.21487203698053
  553   -0.21487203695368
  554   -0.21487203695368
  555   -0.21487203695368
  556   -0.21487203695368
  557   -0.21487203695368
  558   -0.21487203695367
  559   -0.21487203695367
  560   -0.21487203695367
  561   -0.20515668960093
  562   -0.20515668960093
  563   -0.20515668960093
  564   -0.20515668960093
  565   -0.20515668960093
  566   -0.20515668960093
  567   -0.20515668960093
  568   -0.20515668960092
  569   -0.20515661581293
  570   -0.20515661581293
  571   -0.20515661581293
  572   -0.20515661581293
  573   -0.20515661581293
  574   -0.20515661581293
  575   -0.20515661581293
  576   -0.20515661581293
  577   -0.20515661575681
  578   -0.20515661575681
  579   -0.20515661575681
  580   -0.20515661575681
  581   -0.20515661575681
  582   -0.20515661575681
  583   -0.20515661575681
  584   -0.20515661575680
  585   -0.20515648455507
  586   -0.20515648455506
  587   -0.20515648455506
  588   -0.20515648455506
  589   -0.20515648455506
  590   -0.20515648455506
  591   -0.20515648455506
  592   -0.20515648455506
  593   -0.20515648446222
  594   -0.20515648446222
  595   -0.20515648446221
  596   -0.20515648446221
  597   -0.20515648446221
  598   -0.20515648446221
  599   -0.20515648446221
  600   -0.20515648446220
  601   -0.20515646593195
  602   -0.20515646593195
  603   -0.20515646593195
  604   -0.20515646593195
  605   -0.20515646593195
  606   -0.20515646593195
  607   -0.20515646593195
  608   -0.20515646593195
  609   -0.19582248015064
  610   -0.19582248015063
  611   -0.19582248015063
  612   -0.19582248015063
  613   -0.19582248015063
  614   -0.19582248015063
  615   -0.19582248015063
  616   -0.19582248015063
  617   -0.19582239088549
  618   -0.19582239088549
  619   -0.19582239088548
  620   -0.19582239088548
  621   -0.19582239088548
  622   -0.19582239088548
  623   -0.19582239088548
  624   -0.19582239088548
  625   -0.19582230874852
  626   -0.19582230874852
  627   -0.19582230874852
  628   -0.19582230874852
  629   -0.19582230874852
  630   -0.19582230874852
  631   -0.19582230874852
  632   -0.19582230874852
  633   -0.19582230868821
  634   -0.19582230868821
  635   -0.19582230868821
  636   -0.19582230868821
  637   -0.19582230868821
  638   -0.19582230868821
  639   -0.19582230868821
  640   -0.19582230868820
  641   -0.19582218416329
  642   -0.19582218416329
  643   -0.19582218416328
  644   -0.19582218416328
  645   -0.19582218416328
  646   -0.19582218416328
  647   -0.19582218416328
  648   -0.19582218416328
  649   -0.19582218403357
  650   -0.19582218403357
  651   -0.19582218403357
  652   -0.19582218403356
  653   -0.19582218403356
  654   -0.19582218403356
  655   -0.19582218403356
  656   -0.19582218403356
  657   -0.18739296013946
  658   -0.18739296013946
  659   -0.18739296013946
  660   -0.18739296013946
  661   -0.18739296013946
  662   -0.18739296013946
  663   -0.18739296013946
  664   -0.18739296013945
  665   -0.18739290776302
  666   -0.18739290776302
  667   -0.18739290776302
  668   -0.18739290776302
  669   -0.18739290776302
  670   -0.18739290776302
  671   -0.18739290776301
  672   -0.18739290776301
  673   -0.17427642101185
  674   -0.17427642101185
  675   -0.17427642101185
  676   -0.17427642101185
  677   -0.17427642101185
  678   -0.17427642101185
  679   -0.17427642101185
  680   -0.17427642101184
  681   -0.17427642096224
  682   -0.17427642096224
  683   -0.17427642096224
  684   -0.17427642096224
  685   -0.17427642096224
  686   -0.17427642096224
  687   -0.17427642096224
  688   -0.17427642096224
  689   -0.17427627996697
  690   -0.17427627996696
  691   -0.17427627996696
  692   -0.17427627996696
  693   -0.17427627996696
  694   -0.17427627996696
  695   -0.17427627996696
  696   -0.17427627996695
  697   -0.17427627994811
  698   -0.17427627994811
  699   -0.17427627994811
  700   -0.17427627994811
  701   -0.17427627994811
  702   -0.17427627994811
  703   -0.17427627994811
  704   -0.17427627994810
  705   -0.17427627692744
  706   -0.17427627692744
  707   -0.17427627692744
  708   -0.17427627692744
  709   -0.17427627692744
  710   -0.17427627692744
  711   -0.17427627692743
  712   -0.17427627692743
  713   -0.17427623871814
  714   -0.17427623871814
  715   -0.17427623871814
  716   -0.17427623871814
  717   -0.17427623871814
  718   -0.17427623871814
  719   -0.17427623871813
  720   -0.17427623871813
  721   -0.16523988870176
  722   -0.16523988870175
  723   -0.16523988870175
  724   -0.16523988870175
  725   -0.16523988870175
  726   -0.16523988870175
  727   -0.16523988870175
  728   -0.16523988870175
  729   -0.16523985867979
  730   -0.16523985867979
  731   -0.16523985867979
  732   -0.16523985867979
  733   -0.16523985867979
  734   -0.16523985867979
  735   -0.16523985867979
  736   -0.16523985867979
  737   -0.16523969379876
  738   -0.16523969379876
  739   -0.16523969379876
  740   -0.16523969379876
  741   -0.16523969379876
  742   -0.16523969379876
  743   -0.16523969379876
  744   -0.16523969379876
  745   -0.16523969378512
  746   -0.16523969378512
  747   -0.16523969378512
  748   -0.16523969378512
  749   -0.16523969378512
  750   -0.16523969378512
  751   -0.16523969378512
  752   -0.16523969378512
  753   -0.16523965165007
  754   -0.16523965165007
  755   -0.16523965165007
  756   -0.16523965165007
  757   -0.16523965165007
  758   -0.16523965165007
  759   -0.16523965165007
  760   -0.16523965165007
  761   -0.16523965158571
  762   -0.16523965158571
  763   -0.16523965158571
  764   -0.16523965158570
  765   -0.16523965158570
  766   -0.16523965158570
  767   -0.16523965158570
  768   -0.16523965158570
  769   -0.14739437243216
  770   -0.14739437243216
  771   -0.14739437243216
  772   -0.14739437243216
  773   -0.14739437243216
  774   -0.14739437243216
  775   -0.14739437243216
  776   -0.14739437243216
  777   -0.14739434284973
  778   -0.14739434284973
  779   -0.14739434284973
  780   -0.14739434284973
  781   -0.14739434284972
  782   -0.14739434284972
  783   -0.14739434284972
  784   -0.14739434284972
  785   -0.14739419547416
  786   -0.14739419547416
  787   -0.14739419547416
  788   -0.14739419547416
  789   -0.14739419547416
  790   -0.14739419547416
  791   -0.14739419547416
  792   -0.14739419547416
  793   -0.14739419542705
  794   -0.14739419542705
  795   -0.14739419542705
  796   -0.14739419542705
  797   -0.14739419542704
  798   -0.14739419542704
  799   -0.14739419542704
  800   -0.14739419542704
  801   -0.14739418758441
  802   -0.14739418758441
  803   -0.14739418758441
  804   -0.14739418758441
  805   -0.14739418758441
  806   -0.14739418758441
  807   -0.14739418758440
  808   -0.14739418758440
  809   -0.14739418748834
  810   -0.14739418748833
  811   -0.14739418748833
  812   -0.14739418748833
  813   -0.14739418748833
  814   -0.14739418748833
  815   -0.14739418748833
  816   -0.14739418748833
  817   -0.14345479374126
  818   -0.14345479374125
  819   -0.14345479374125
  820   -0.14345479374125
  821   -0.14345479374125
  822   -0.14345479374125
  823   -0.14345479374125
  824   -0.14345479374124
  825   -0.14345479373536
  826   -0.14345479373536
  827   -0.14345479373536
  828   -0.14345479373536
  829   -0.14345479373536
  830   -0.14345479373535
  831   -0.14345479373535
  832   -0.14345479373535
  833   -0.11531624092916
  834   -0.11531624092916
  835   -0.11531624092916
  836   -0.11531624092916
  837   -0.11531624092916
  838   -0.11531624092916
  839   -0.11531624092915
  840   -0.11531624092915
  841   -0.11531624085196
  842   -0.11531624085196
  843   -0.11531624085196
  844   -0.11531624085196
  845   -0.11531624085196
  846   -0.11531624085196
  847   -0.11531624085196
  848   -0.11531624085196
  849   -0.11531621678340
  850   -0.11531621678340
  851   -0.11531621678340
  852   -0.11531621678340
  853   -0.11531621678340
  854   -0.11531621678340
  855   -0.11531621678340
  856   -0.11531621678340
  857   -0.11531621668020
  858   -0.11531621668020
  859   -0.11531621668019
  860   -0.11531621668019
  861   -0.11531621668019
  862   -0.11531621668019
  863   -0.11531621668019
  864   -0.11531621668019
  865   -0.06516730536777
  866   -0.06516730536777
  867   -0.06516730536777
  868   -0.06516730536776
  869   -0.06516730536776
  870   -0.06516730536776
  871   -0.06516730536776
  872   -0.06516730536776
  873   -0.06516730515768
  874   -0.06516730515768
  875   -0.06516730515768
  876   -0.06516730515768
  877   -0.06516730515768
  878   -0.06516730515768
  879   -0.06516730515768
  880   -0.06516730515767
  881   -0.06516665255245
  882   -0.06516665255245
  883   -0.06516665255244
  884   -0.06516665255244
  885   -0.06516665255244
  886   -0.06516665255244
  887   -0.06516665255244
  888   -0.06516665255244
  889   -0.06516665206480
  890   -0.06516665206480
  891   -0.06516665206480
  892   -0.06516665206480
  893   -0.06516665206480
  894   -0.06516665206480
  895   -0.06516665206480
  896   -0.06516665206480
  897   -0.06516647344983
  898   -0.06516647344983
  899   -0.06516647344983
  900   -0.06516647344983
  901   -0.06516647344982
  902   -0.06516647344982
  903   -0.06516647344982
  904   -0.06516647344982
  905   -0.06516591725630
  906   -0.06516591725630
  907   -0.06516591725630
  908   -0.06516591725630
  909   -0.06516591725629
  910   -0.06516591725629
  911   -0.06516591725629
  912   -0.06516591725629
  913   -0.03919779077285
  914   -0.03919779077285
  915   -0.03919779077285
  916   -0.03919779077285
  917   -0.03919779077285
  918   -0.03919779077285
  919   -0.03919779077285
  920   -0.03919779077285
  921   -0.02824503677369
  922   -0.02824503677369
  923   -0.02824503677369
  924   -0.02824503677369
  925   -0.02824503677369
  926   -0.02824503677369
  927   -0.02824503677369
  928   -0.02824503677369
  929   -0.02824503655235
  930   -0.02824503655235
  931   -0.02824503655235
  932   -0.02824503655235
  933   -0.02824503655235
  934   -0.02824503655235
  935   -0.02824503655234
  936   -0.02824503655234
  937   -0.02824499512604
  938   -0.02824499512604
  939   -0.02824499512604
  940   -0.02824499512604
  941   -0.02824499512604
  942   -0.02824499512604
  943   -0.02824499512604
  944   -0.02824499512603
  945   -0.02824499510693
  946   -0.02824499510693
  947   -0.02824499510693
  948   -0.02824499510693
  949   -0.02824499510693
  950   -0.02824499510693
  951   -0.02824499510693
  952   -0.02824499510693
  953   -0.02824492145369
  954   -0.02824492145369
  955   -0.02824492145369
  956   -0.02824492145369
  957   -0.02824492145369
  958   -0.02824492145369
  959   -0.02824492145369
  960   -0.02824492145369
  961   -0.02824471664363
  962   -0.02824471664363
  963   -0.02824471664363
  964   -0.02824471664363
  965   -0.02824471664363
  966   -0.02824471664363
  967   -0.02824471664363
  968   -0.02824471664363
  969   -0.00936712913782
  970   -0.00936712913782
  971   -0.00936712913782
  972   -0.00936712913782
  973   -0.00936712913782
  974   -0.00936712913782
  975   -0.00936712913781
  976   -0.00936712913781
  977   -0.00936712894127
  978   -0.00936712894127
  979   -0.00936712894127
  980   -0.00936712894127
  981   -0.00936712894127
  982   -0.00936712894127
  983   -0.00936712894127
  984   -0.00936712894127
  985   -0.00936659146756
  986   -0.00936659146756
  987   -0.00936659146756
  988   -0.00936659146755
  989   -0.00936659146755
  990   -0.00936659146755
  991   -0.00936659146755
  992   -0.00936659146755
  993   -0.00936659128854
  994   -0.00936659128854
  995   -0.00936659128854
  996   -0.00936659128854
  997   -0.00936659128854
  998   -0.00936659128854
  999   -0.00936659128854
 1000   -0.00936659128854
 1001   -0.00936608006270
 1002   -0.00936608006270
 1003   -0.00936608006270
 1004   -0.00936608006270
 1005   -0.00936608006270
 1006   -0.00936608006270
 1007   -0.00936608006270
 1008   -0.00936608006270
 1009   -0.00936599481186
 1010   -0.00936599481186
 1011   -0.00936599481186
 1012   -0.00936599481185
 1013   -0.00936599481185
 1014   -0.00936599481185
 1015   -0.00936599481185
 1016   -0.00936599481185
 1017   -0.00931696265113
 1018   -0.00931696265113
 1019   -0.00931696265113
 1020   -0.00931696265113
 1021   -0.00931696265113
 1022   -0.00931696265113
 1023   -0.00931696265113
 1024   -0.00931696265113
 1025   -0.00931684209500
 1026   -0.00931684209500
 1027   -0.00931684209500
 1028   -0.00931684209500
 1029   -0.00931684209500
 1030   -0.00931684209500
 1031   -0.00931684209500
 1032   -0.00931684209500
 1033    0.00318625965649
 1034    0.00318625965649
 1035    0.00318625965649
 1036    0.00318625965649

***********************************************************
***********************************************************
              History of geometry optimization             
***********************************************************
***********************************************************

  MD_iter   SD_scaling     |Maximum force|   Maximum step        Utot
                           (Hartree/Bohr)        (Ang)         (Hartree)

    1       1.25980530       0.00001047       0.00000698    -892.71069867

***********************************************************
***********************************************************
                   Mulliken populations                    
***********************************************************
***********************************************************

   Total spin moment (muB)   0.000000000   Angles (Deg) 90.000000000   0.000000000

               Up       Down      Sum      Diff        theta      phi
    1   Si   2.00008  2.00008   4.00015   0.00000    90.00000    0.00000
    2   Si   2.00008  2.00008   4.00015   0.00000    90.00000    0.00000
    3   Si   2.00008  2.00008   4.00015   0.00000    90.00000    0.00000
    4   Si   2.00008  2.00008   4.00015   0.00000    90.00000    0.00000
    5   Si   1.99995  1.99995   3.99991   0.00000    90.00000    0.00000
    6   Si   2.00008  2.00008   4.00017   0.00000    90.00000    0.00000
    7   Si   1.99995  1.99995   3.99991   0.00000    90.00000    0.00000
    8   Si   1.99995  1.99995   3.99991   0.00000    90.00000    0.00000
    9   Si   1.99997  1.99997   3.99994   0.00000    90.00000    0.00000
   10   Si   2.00008  2.00008   4.00017   0.00000    90.00000    0.00000
   11   Si   2.00008  2.00008   4.00017   0.00000    90.00000    0.00000
   12   Si   1.99997  1.99997   3.99994   0.00000    90.00000    0.00000
   13   Si   1.99997  1.99997   3.99994   0.00000    90.00000    0.00000
   14   Si   1.99997  1.99997   3.99994   0.00000    90.00000    0.00000
   15   Si   2.00000  2.00000   3.99999   0.00000    90.00000    0.00000
   16   Si   1.99997  1.99997   3.99994   0.00000    90.00000    0.00000
   17   Si   2.00008  2.00008   4.00017   0.00000    90.00000    0.00000
   18   Si   1.99997  1.99997   3.99994   0.00000    90.00000    0.00000
   19   Si   1.99997  1.99997   3.99994   0.00000    90.00000    0.00000
   20   Si   2.00008  2.00008   4.00017   0.00000    90.00000    0.00000
   21   Si   1.99997  1.99997   3.99994   0.00000    90.00000    0.00000
   22   Si   2.00008  2.00008   4.00015   0.00000    90.00000    0.00000
   23   Si   1.99995  1.99995   3.99991   0.00000    90.00000    0.00000
   24   Si   1.99997  1.99997   3.99994   0.00000    90.00000    0.00000
   25   Si   1.99997  1.99997   3.99994   0.00000    90.00000    0.00000
   26   Si   1.99997  1.99997   3.99994   0.00000    90.00000    0.00000
   27   Si   2.00008  2.00008   4.00017   0.00000    90.00000    0.00000
   28   Si   2.00008  2.00008   4.00017   0.00000    90.00000    0.00000
   29   Si   1.99997  1.99997   3.99994   0.00000    90.00000    0.00000
   30   Si   1.99997  1.99997   3.99994   0.00000    90.00000    0.00000
   31   Si   1.99997  1.99997   3.99994   0.00000    90.00000    0.00000
   32   Si   2.00000  2.00000   3.99999   0.00000    90.00000    0.00000
   33   Si   1.99995  1.99995   3.99991   0.00000    90.00000    0.00000
   34   Si   1.99997  1.99997   3.99994   0.00000    90.00000    0.00000
   35   Si   2.00008  2.00008   4.00015   0.00000    90.00000    0.00000
   36   Si   1.99997  1.99997   3.99994   0.00000    90.00000    0.00000
   37   Si   2.00008  2.00008   4.00017   0.00000    90.00000    0.00000
   38   Si   1.99995  1.99995   3.99991   0.00000    90.00000    0.00000
   39   Si   1.99995  1.99995   3.99991   0.00000    90.00000    0.00000
   40   Si   1.99995  1.99995   3.99991   0.00000    90.00000    0.00000
   41   Si   1.99997  1.99997   3.99994   0.00000    90.00000    0.00000
   42   Si   1.99995  1.99995   3.99991   0.00000    90.00000    0.00000
   43   Si   1.99997  1.99997   3.99994   0.00000    90.00000    0.00000
   44   Si   2.00008  2.00008   4.00015   0.00000    90.00000    0.00000
   45   Si   2.00008  2.00008   4.00015   0.00000    90.00000    0.00000
   46   Si   1.99997  1.99997   3.99994   0.00000    90.00000    0.00000
   47   Si   1.99997  1.99997   3.99994   0.00000    90.00000    0.00000
   48   Si   1.99995  1.99995   3.99991   0.00000    90.00000    0.00000
   49   Si   2.00008  2.00008   4.00017   0.00000    90.00000    0.00000
   50   Si   2.00008  2.00008   4.00017   0.00000    90.00000    0.00000
   51   Si   1.99997  1.99997   3.99994   0.00000    90.00000    0.00000
   52   Si   1.99997  1.99997   3.99994   0.00000    90.00000    0.00000
   53   Si   1.99997  1.99997   3.99994   0.00000    90.00000    0.00000
   54   Si   2.00008  2.00008   4.00015   0.00000    90.00000    0.00000
   55   Si   1.99997  1.99997   3.99994   0.00000    90.00000    0.00000
   56   Si   1.99995  1.99995   3.99991   0.00000    90.00000    0.00000
   57   Si   1.99997  1.99997   3.99994   0.00000    90.00000    0.00000
   58   Si   2.00008  2.00008   4.00015   0.00000    90.00000    0.00000
   59   Si   1.99997  1.99997   3.99994   0.00000    90.00000    0.00000
   60   Si   1.99995  1.99995   3.99991   0.00000    90.00000    0.00000
   61   Si   2.00008  2.00008   4.00015   0.00000    90.00000    0.00000
   62   Si   1.99997  1.99997   3.99994   0.00000    90.00000    0.00000
   63   Si   1.99995  1.99995   3.99991   0.00000    90.00000    0.00000
   64   Si   1.99997  1.99997   3.99994   0.00000    90.00000    0.00000
   65   Si   2.00008  2.00008   4.00015   0.00000    90.00000    0.00000
   66   Si   1.99997  1.99997   3.99994   0.00000    90.00000    0.00000
   67   Si   1.99995  1.99995   3.99991   0.00000    90.00000    0.00000
   68   Si   1.99997  1.99997   3.99994   0.00000    90.00000    0.00000
   69   Si   2.00008  2.00008   4.00017   0.00000    90.00000    0.00000
   70   Si   2.00008  2.00008   4.00017   0.00000    90.00000    0.00000
   71   Si   1.99997  1.99997   3.99994   0.00000    90.00000    0.00000
   72   Si   1.99997  1.99997   3.99994   0.00000    90.00000    0.00000
   73   Si   1.99997  1.99997   3.99994   0.00000    90.00000    0.00000
   74   Si   2.00008  2.00008   4.00017   0.00000    90.00000    0.00000
   75   Si   1.99997  1.99997   3.99994   0.00000    90.00000    0.00000
   76   Si   2.00008  2.00008   4.00017   0.00000    90.00000    0.00000
   77   Si   2.00000  2.00000   3.99999   0.00000    90.00000    0.00000
   78   Si   1.99997  1.99997   3.99994   0.00000    90.00000    0.00000
   79   Si   1.99997  1.99997   3.99994   0.00000    90.00000    0.00000
   80   Si   1.99997  1.99997   3.99994   0.00000    90.00000    0.00000
   81   Si   1.99995  1.99995   3.99991   0.00000    90.00000    0.00000
   82   Si   2.00008  2.00008   4.00015   0.00000    90.00000    0.00000
   83   Si   1.99997  1.99997   3.99994   0.00000    90.00000    0.00000
   84   Si   1.99997  1.99997   3.99994   0.00000    90.00000    0.00000
   85   Si   1.99995  1.99995   3.99991   0.00000    90.00000    0.00000
   86   Si   1.99995  1.99995   3.99991   0.00000    90.00000    0.00000
   87   Si   1.99995  1.99995   3.99991   0.00000    90.00000    0.00000
   88   Si   2.00008  2.00008   4.00017   0.00000    90.00000    0.00000
   89   Si   1.99997  1.99997   3.99994   0.00000    90.00000    0.00000
   90   Si   1.99997  1.99997   3.99994   0.00000    90.00000    0.00000
   91   Si   1.99995  1.99995   3.99991   0.00000    90.00000    0.00000
   92   Si   2.00008  2.00008   4.00015   0.00000    90.00000    0.00000
   93   Si   1.99995  1.99995   3.99991   0.00000    90.00000    0.00000
   94   Si   1.99997  1.99997   3.99994   0.00000    90.00000    0.00000
   95   Si   1.99997  1.99997   3.99994   0.00000    90.00000    0.00000
   96   Si   2.00008  2.00008   4.00015   0.00000    90.00000    0.00000
   97   Si   1.99995  1.99995   3.99991   0.00000    90.00000    0.00000
   98   Si   1.99997  1.99997   3.99994   0.00000    90.00000    0.00000
   99   Si   1.99997  1.99997   3.99994   0.00000    90.00000    0.00000
  100   Si   2.00008  2.00008   4.00015   0.00000    90.00000    0.00000
  101   Si   1.99995  1.99995   3.99991   0.00000    90.00000    0.00000
  102   Si   1.99995  1.99995   3.99991   0.00000    90.00000    0.00000
  103   Si   2.00008  2.00008   4.00017   0.00000    90.00000    0.00000
  104   Si   1.99995  1.99995   3.99991   0.00000    90.00000    0.00000
  105   Si   2.00000  2.00000   3.99999   0.00000    90.00000    0.00000
  106   Si   1.99997  1.99997   3.99994   0.00000    90.00000    0.00000
  107   Si   1.99997  1.99997   3.99994   0.00000    90.00000    0.00000
  108   Si   1.99997  1.99997   3.99994   0.00000    90.00000    0.00000
  109   Si   1.99997  1.99997   3.99994   0.00000    90.00000    0.00000
  110   Si   2.00000  2.00000   3.99999   0.00000    90.00000    0.00000
  111   Si   1.99997  1.99997   3.99994   0.00000    90.00000    0.00000
  112   Si   1.99997  1.99997   3.99994   0.00000    90.00000    0.00000
  113   Si   1.99995  1.99995   3.99991   0.00000    90.00000    0.00000
  114   Si   1.99995  1.99995   3.99991   0.00000    90.00000    0.00000
  115   Si   1.99995  1.99995   3.99991   0.00000    90.00000    0.00000
  116   Si   2.00008  2.00008   4.00017   0.00000    90.00000    0.00000
  117   Si   1.99997  1.99997   3.99994   0.00000    90.00000    0.00000
  118   Si   1.99995  1.99995   3.99991   0.00000    90.00000    0.00000
  119   Si   2.00008  2.00008   4.00015   0.00000    90.00000    0.00000
  120   Si   1.99997  1.99997   3.99994   0.00000    90.00000    0.00000
  121   Si   1.99997  1.99997   3.99994   0.00000    90.00000    0.00000
  122   Si   2.00008  2.00008   4.00015   0.00000    90.00000    0.00000
  123   Si   1.99995  1.99995   3.99991   0.00000    90.00000    0.00000
  124   Si   1.99997  1.99997   3.99994   0.00000    90.00000    0.00000
  125   Si   1.99995  1.99995   3.99991   0.00000    90.00000    0.00000
  126   Si   1.99997  1.99997   3.99994   0.00000    90.00000    0.00000
  127   Si   2.00008  2.00008   4.00015   0.00000    90.00000    0.00000
  128   Si   1.99997  1.99997   3.99994   0.00000    90.00000    0.00000
  129   Si   1.99995  1.99995   3.99991   0.00000    90.00000    0.00000
  130   Si   2.00008  2.00008   4.00017   0.00000    90.00000    0.00000
  131   Si   1.99995  1.99995   3.99991   0.00000    90.00000    0.00000
  132   Si   1.99995  1.99995   3.99991   0.00000    90.00000    0.00000
  133   Si   1.99997  1.99997   3.99994   0.00000    90.00000    0.00000
  134   Si   1.99995  1.99995   3.99991   0.00000    90.00000    0.00000
  135   Si   1.99997  1.99997   3.99994   0.00000    90.00000    0.00000
  136   Si   2.00008  2.00008   4.00015   0.00000    90.00000    0.00000
  137   Si   1.99997  1.99997   3.99994   0.00000    90.00000    0.00000
  138   Si   1.99997  1.99997   3.99994   0.00000    90.00000    0.00000
  139   Si   2.00000  2.00000   3.99999   0.00000    90.00000    0.00000
  140   Si   1.99997  1.99997   3.99994   0.00000    90.00000    0.00000
  141   Si   1.99997  1.99997   3.99994   0.00000    90.00000    0.00000
  142   Si   1.99997  1.99997   3.99994   0.00000    90.00000    0.00000
  143   Si   2.00008  2.00008   4.00017   0.00000    90.00000    0.00000
  144   Si   2.00008  2.00008   4.00017   0.00000    90.00000    0.00000
  145   Si   2.00008  2.00008   4.00017   0.00000    90.00000    0.00000
  146   Si   1.99997  1.99997   3.99994   0.00000    90.00000    0.00000
  147   Si   2.00008  2.00008   4.00017   0.00000    90.00000    0.00000
  148   Si   1.99997  1.99997   3.99994   0.00000    90.00000    0.00000
  149   Si   1.99995  1.99995   3.99991   0.00000    90.00000    0.00000
  150   Si   2.00008  2.00008   4.00015   0.00000    90.00000    0.00000
  151   Si   1.99997  1.99997   3.99994   0.00000    90.00000    0.00000
  152   Si   1.99997  1.99997   3.99994   0.00000    90.00000    0.00000
  153   Si   1.99997  1.99997   3.99994   0.00000    90.00000    0.00000
  154   Si   1.99997  1.99997   3.99994   0.00000    90.00000    0.00000
  155   Si   2.00008  2.00008   4.00015   0.00000    90.00000    0.00000
  156   Si   1.99995  1.99995   3.99991   0.00000    90.00000    0.00000
  157   Si   1.99997  1.99997   3.99994   0.00000    90.00000    0.00000
  158   Si   1.99997  1.99997   3.99994   0.00000    90.00000    0.00000
  159   Si   1.99995  1.99995   3.99991   0.00000    90.00000    0.00000
  160   Si   2.00008  2.00008   4.00015   0.00000    90.00000    0.00000
  161   Si   2.00008  2.00008   4.00015   0.00000    90.00000    0.00000
  162   Si   1.99995  1.99995   3.99991   0.00000    90.00000    0.00000
  163   Si   1.99997  1.99997   3.99994   0.00000    90.00000    0.00000
  164   Si   1.99997  1.99997   3.99994   0.00000    90.00000    0.00000
  165   Si   1.99997  1.99997   3.99994   0.00000    90.00000    0.00000
  166   Si   2.00008  2.00008   4.00017   0.00000    90.00000    0.00000
  167   Si   1.99997  1.99997   3.99994   0.00000    90.00000    0.00000
  168   Si   2.00008  2.00008   4.00017   0.00000    90.00000    0.00000
  169   Si   1.99997  1.99997   3.99994   0.00000    90.00000    0.00000
  170   Si   1.99995  1.99995   3.99991   0.00000    90.00000    0.00000
  171   Si   2.00008  2.00008   4.00015   0.00000    90.00000    0.00000
  172   Si   1.99997  1.99997   3.99994   0.00000    90.00000    0.00000
  173   Si   1.99997  1.99997   3.99994   0.00000    90.00000    0.00000
  174   Si   1.99997  1.99997   3.99994   0.00000    90.00000    0.00000
  175   Si   2.00008  2.00008   4.00015   0.00000    90.00000    0.00000
  176   Si   1.99995  1.99995   3.99991   0.00000    90.00000    0.00000
  177   Si   1.99995  1.99995   3.99991   0.00000    90.00000    0.00000
  178   Si   1.99995  1.99995   3.99991   0.00000    90.00000    0.00000
  179   Si   2.00008  2.00008   4.00017   0.00000    90.00000    0.00000
  180   Si   1.99995  1.99995   3.99991   0.00000    90.00000    0.00000
  181   Si   2.00008  2.00008   4.00015   0.00000    90.00000    0.00000
  182   Si   1.99995  1.99995   3.99991   0.00000    90.00000    0.00000
  183   Si   1.99997  1.99997   3.99994   0.00000    90.00000    0.00000
  184   Si   1.99997  1.99997   3.99994   0.00000    90.00000    0.00000
  185   Si   1.99997  1.99997   3.99994   0.00000    90.00000    0.00000
  186   Si   2.00000  2.00000   3.99999   0.00000    90.00000    0.00000
  187   Si   1.99997  1.99997   3.99994   0.00000    90.00000    0.00000
  188   Si   1.99997  1.99997   3.99994   0.00000    90.00000    0.00000
  189   Si   2.00008  2.00008   4.00017   0.00000    90.00000    0.00000
  190   Si   1.99997  1.99997   3.99994   0.00000    90.00000    0.00000
  191   Si   2.00008  2.00008   4.00017   0.00000    90.00000    0.00000
  192   Si   1.99997  1.99997   3.99994   0.00000    90.00000    0.00000
  193   Si   2.00008  2.00008   4.00015   0.00000    90.00000    0.00000
  194   Si   1.99997  1.99997   3.99994   0.00000    90.00000    0.00000
  195   Si   1.99997  1.99997   3.99994   0.00000    90.00000    0.00000
  196   Si   1.99995  1.99995   3.99991   0.00000    90.00000    0.00000
  197   Si   1.99997  1.99997   3.99994   0.00000    90.00000    0.00000
  198   Si   2.00008  2.00008   4.00017   0.00000    90.00000    0.00000
  199   Si   2.00008  2.00008   4.00017   0.00000    90.00000    0.00000
  200   Si   1.99997  1.99997   3.99994   0.00000    90.00000    0.00000
  201   Si   1.99997  1.99997   3.99994   0.00000    90.00000    0.00000
  202   Si   1.99997  1.99997   3.99994   0.00000    90.00000    0.00000
  203   Si   1.99997  1.99997   3.99994   0.00000    90.00000    0.00000
  204   Si   2.00000  2.00000   3.99999   0.00000    90.00000    0.00000
  205   Si   2.00008  2.00008   4.00017   0.00000    90.00000    0.00000
  206   Si   1.99997  1.99997   3.99994   0.00000    90.00000    0.00000
  207   Si   1.99997  1.99997   3.99994   0.00000    90.00000    0.00000
  208   Si   2.00008  2.00008   4.00017   0.00000    90.00000    0.00000
  209   Si   2.00008  2.00008   4.00017   0.00000    90.00000    0.00000
  210   Si   1.99995  1.99995   3.99991   0.00000    90.00000    0.00000
  211   Si   1.99995  1.99995   3.99991   0.00000    90.00000    0.00000
  212   Si   1.99995  1.99995   3.99991   0.00000    90.00000    0.00000
  213   Si   2.00008  2.00008   4.00015   0.00000    90.00000    0.00000
  214   Si   2.00008  2.00008   4.00015   0.00000    90.00000    0.00000
  215   Si   2.00008  2.00008   4.00015   0.00000    90.00000    0.00000
  216   Si   2.00008  2.00008   4.00015   0.00000    90.00000    0.00000

 Sum of MulP: up   =   432.00000 down          =   432.00000
              total=   864.00000 ideal(neutral)=   864.00000


  Decomposed Mulliken populations

    1   Si          Up spin      Down spin     Sum           Diff           Angles(Deg)
            multiple
  s           0    0.590381656  0.590381656   1.180763311   0.000000000    90.0000    0.0000
   sum over m      0.590381656  0.590381656   1.180763311   0.000000000
  s           1    0.003854728  0.003854728   0.007709455   0.000000000    90.0000    0.0000
   sum over m      0.003854728  0.003854728   0.007709455   0.000000000
   sum over m+mul  0.594236383  0.594236383   1.188472767   0.000000000
  px          0    0.430695138  0.430695138   0.861390275   0.000000000    90.0000    0.0000
  py          0    0.430695138  0.430695138   0.861390275   0.000000000    90.0000    0.0000
  pz          0    0.430695141  0.430695141   0.861390282   0.000000000    90.0000    0.0000
   sum over m      1.292085416  1.292085416   2.584170833   0.000000000
  px          1    0.004265202  0.004265202   0.008530405   0.000000000    90.0000    0.0000
  py          1    0.004265202  0.004265202   0.008530405   0.000000000    90.0000    0.0000
  pz          1    0.004265202  0.004265202   0.008530404   0.000000000    90.0000    0.0000
   sum over m      0.012795607  0.012795607   0.025591214   0.000000000
   sum over m+mul  1.304881024  1.304881024   2.609762047   0.000000000
  d3z^2-r^2   0    0.012443059  0.012443059   0.024886119   0.000000000    90.0000    0.0000
  dx^2-y^2    0    0.012443059  0.012443059   0.024886119   0.000000000    90.0000    0.0000
  dxy         0    0.025357174  0.025357174   0.050714347   0.000000000    90.0000    0.0000
  dxz         0    0.025357174  0.025357174   0.050714347   0.000000000    90.0000    0.0000
  dyz         0    0.025357174  0.025357174   0.050714347   0.000000000    90.0000    0.0000
   sum over m      0.100957639  0.100957639   0.201915279   0.000000000
   sum over m+mul  0.100957639  0.100957639   0.201915279   0.000000000

    2   Si          Up spin      Down spin     Sum           Diff           Angles(Deg)
            multiple
  s           0    0.590381656  0.590381656   1.180763311   0.000000000    90.0000    0.0000
   sum over m      0.590381656  0.590381656   1.180763311   0.000000000
  s           1    0.003854728  0.003854728   0.007709455   0.000000000    90.0000    0.0000
   sum over m      0.003854728  0.003854728   0.007709455   0.000000000
   sum over m+mul  0.594236383  0.594236383   1.188472767   0.000000000
  px          0    0.430695138  0.430695138   0.861390275   0.000000000    90.0000    0.0000
  py          0    0.430695138  0.430695138   0.861390275   0.000000000    90.0000    0.0000
  pz          0    0.430695141  0.430695141   0.861390282   0.000000000    90.0000    0.0000
   sum over m      1.292085416  1.292085416   2.584170833   0.000000000
  px          1    0.004265202  0.004265202   0.008530405   0.000000000    90.0000    0.0000
  py          1    0.004265202  0.004265202   0.008530405   0.000000000    90.0000    0.0000
  pz          1    0.004265202  0.004265202   0.008530404   0.000000000    90.0000    0.0000
   sum over m      0.012795607  0.012795607   0.025591214   0.000000000
   sum over m+mul  1.304881024  1.304881024   2.609762047   0.000000000
  d3z^2-r^2   0    0.012443059  0.012443059   0.024886119   0.000000000    90.0000    0.0000
  dx^2-y^2    0    0.012443059  0.012443059   0.024886119   0.000000000    90.0000    0.0000
  dxy         0    0.025357174  0.025357174   0.050714347   0.000000000    90.0000    0.0000
  dxz         0    0.025357174  0.025357174   0.050714347   0.000000000    90.0000    0.0000
  dyz         0    0.025357174  0.025357174   0.050714347   0.000000000    90.0000    0.0000
   sum over m      0.100957639  0.100957639   0.201915279   0.000000000
   sum over m+mul  0.100957639  0.100957639   0.201915279   0.000000000

    3   Si          Up spin      Down spin     Sum           Diff           Angles(Deg)
            multiple
  s           0    0.590381656  0.590381656   1.180763311   0.000000000    90.0000    0.0000
   sum over m      0.590381656  0.590381656   1.180763311   0.000000000
  s           1    0.003854728  0.003854728   0.007709455   0.000000000    90.0000    0.0000
   sum over m      0.003854728  0.003854728   0.007709455   0.000000000
   sum over m+mul  0.594236383  0.594236383   1.188472767   0.000000000
  px          0    0.430695138  0.430695138   0.861390275   0.000000000    90.0000    0.0000
  py          0    0.430695138  0.430695138   0.861390275   0.000000000    90.0000    0.0000
  pz          0    0.430695141  0.430695141   0.861390282   0.000000000    90.0000    0.0000
   sum over m      1.292085416  1.292085416   2.584170833   0.000000000
  px          1    0.004265202  0.004265202   0.008530405   0.000000000    90.0000    0.0000
  py          1    0.004265202  0.004265202   0.008530405   0.000000000    90.0000    0.0000
  pz          1    0.004265202  0.004265202   0.008530404   0.000000000    90.0000    0.0000
   sum over m      0.012795607  0.012795607   0.025591214   0.000000000
   sum over m+mul  1.304881024  1.304881024   2.609762047   0.000000000
  d3z^2-r^2   0    0.012443059  0.012443059   0.024886119   0.000000000    90.0000    0.0000
  dx^2-y^2    0    0.012443059  0.012443059   0.024886119   0.000000000    90.0000    0.0000
  dxy         0    0.025357174  0.025357174   0.050714347   0.000000000    90.0000    0.0000
  dxz         0    0.025357174  0.025357174   0.050714347   0.000000000    90.0000    0.0000
  dyz         0    0.025357174  0.025357174   0.050714347   0.000000000    90.0000    0.0000
   sum over m      0.100957639  0.100957639   0.201915279   0.000000000
   sum over m+mul  0.100957639  0.100957639   0.201915279   0.000000000

    4   Si          Up spin      Down spin     Sum           Diff           Angles(Deg)
            multiple
  s           0    0.590381656  0.590381656   1.180763311   0.000000000    90.0000    0.0000
   sum over m      0.590381656  0.590381656   1.180763311   0.000000000
  s           1    0.003854728  0.003854728   0.007709455   0.000000000    90.0000    0.0000
   sum over m      0.003854728  0.003854728   0.007709455   0.000000000
   sum over m+mul  0.594236383  0.594236383   1.188472767   0.000000000
  px          0    0.430695138  0.430695138   0.861390275   0.000000000    90.0000    0.0000
  py          0    0.430695138  0.430695138   0.861390275   0.000000000    90.0000    0.0000
  pz          0    0.430695141  0.430695141   0.861390282   0.000000000    90.0000    0.0000
   sum over m      1.292085416  1.292085416   2.584170833   0.000000000
  px          1    0.004265202  0.004265202   0.008530405   0.000000000    90.0000    0.0000
  py          1    0.004265202  0.004265202   0.008530405   0.000000000    90.0000    0.0000
  pz          1    0.004265202  0.004265202   0.008530404   0.000000000    90.0000    0.0000
   sum over m      0.012795607  0.012795607   0.025591214   0.000000000
   sum over m+mul  1.304881024  1.304881024   2.609762047   0.000000000
  d3z^2-r^2   0    0.012443059  0.012443059   0.024886119   0.000000000    90.0000    0.0000
  dx^2-y^2    0    0.012443059  0.012443059   0.024886119   0.000000000    90.0000    0.0000
  dxy         0    0.025357174  0.025357174   0.050714347   0.000000000    90.0000    0.0000
  dxz         0    0.025357174  0.025357174   0.050714347   0.000000000    90.0000    0.0000
  dyz         0    0.025357174  0.025357174   0.050714347   0.000000000    90.0000    0.0000
   sum over m      0.100957639  0.100957639   0.201915279   0.000000000
   sum over m+mul  0.100957639  0.100957639   0.201915279   0.000000000

    5   Si          Up spin      Down spin     Sum           Diff           Angles(Deg)
            multiple
  s           0    0.590330368  0.590330368   1.180660735   0.000000000    90.0000    0.0000
   sum over m      0.590330368  0.590330368   1.180660735   0.000000000
  s           1    0.003829226  0.003829226   0.007658451   0.000000000    90.0000    0.0000
   sum over m      0.003829226  0.003829226   0.007658451   0.000000000
   sum over m+mul  0.594159593  0.594159593   1.188319186   0.000000000
  px          0    0.430719955  0.430719955   0.861439910   0.000000000    90.0000    0.0000
  py          0    0.430670888  0.430670888   0.861341776   0.000000000    90.0000    0.0000
  pz          0    0.430670891  0.430670891   0.861341781   0.000000000    90.0000    0.0000
   sum over m      1.292061734  1.292061734   2.584123467   0.000000000
  px          1    0.004258582  0.004258582   0.008517164   0.000000000    90.0000    0.0000
  py          1    0.004257070  0.004257070   0.008514140   0.000000000    90.0000    0.0000
  pz          1    0.004257071  0.004257071   0.008514141   0.000000000    90.0000    0.0000
   sum over m      0.012772723  0.012772723   0.025545446   0.000000000
   sum over m+mul  1.304834456  1.304834456   2.609668913   0.000000000
  d3z^2-r^2   0    0.012443206  0.012443206   0.024886412   0.000000000    90.0000    0.0000
  dx^2-y^2    0    0.012443300  0.012443300   0.024886600   0.000000000    90.0000    0.0000
  dxy         0    0.025357298  0.025357298   0.050714595   0.000000000    90.0000    0.0000
  dxz         0    0.025357298  0.025357298   0.050714595   0.000000000    90.0000    0.0000
  dyz         0    0.025357517  0.025357517   0.050715034   0.000000000    90.0000    0.0000
   sum over m      0.100958618  0.100958618   0.201917237   0.000000000
   sum over m+mul  0.100958618  0.100958618   0.201917237   0.000000000

    6   Si          Up spin      Down spin     Sum           Diff           Angles(Deg)
            multiple
  s           0    0.590377353  0.590377353   1.180754707   0.000000000    90.0000    0.0000
   sum over m      0.590377353  0.590377353   1.180754707   0.000000000
  s           1    0.003852934  0.003852934   0.007705867   0.000000000    90.0000    0.0000
   sum over m      0.003852934  0.003852934   0.007705867   0.000000000
   sum over m+mul  0.594230287  0.594230287   1.188460574   0.000000000
  px          0    0.430701224  0.430701224   0.861402448   0.000000000    90.0000    0.0000
  py          0    0.430701224  0.430701224   0.861402448   0.000000000    90.0000    0.0000
  pz          0    0.430701227  0.430701227   0.861402453   0.000000000    90.0000    0.0000
   sum over m      1.292103675  1.292103675   2.584207350   0.000000000
  px          1    0.004263697  0.004263697   0.008527394   0.000000000    90.0000    0.0000
  py          1    0.004263697  0.004263697   0.008527394   0.000000000    90.0000    0.0000
  pz          1    0.004263697  0.004263697   0.008527394   0.000000000    90.0000    0.0000
   sum over m      0.012791091  0.012791091   0.025582181   0.000000000
   sum over m+mul  1.304894765  1.304894765   2.609789531   0.000000000
  d3z^2-r^2   0    0.012443145  0.012443145   0.024886290   0.000000000    90.0000    0.0000
  dx^2-y^2    0    0.012443145  0.012443145   0.024886290   0.000000000    90.0000    0.0000
  dxy         0    0.025357194  0.025357194   0.050714388   0.000000000    90.0000    0.0000
  dxz         0    0.025357194  0.025357194   0.050714388   0.000000000    90.0000    0.0000
  dyz         0    0.025357194  0.025357194   0.050714388   0.000000000    90.0000    0.0000
   sum over m      0.100957872  0.100957872   0.201915743   0.000000000
   sum over m+mul  0.100957872  0.100957872   0.201915743   0.000000000

    7   Si          Up spin      Down spin     Sum           Diff           Angles(Deg)
            multiple
  s           0    0.590330367  0.590330367   1.180660734   0.000000000    90.0000    0.0000
   sum over m      0.590330367  0.590330367   1.180660734   0.000000000
  s           1    0.003829226  0.003829226   0.007658451   0.000000000    90.0000    0.0000
   sum over m      0.003829226  0.003829226   0.007658451   0.000000000
   sum over m+mul  0.594159592  0.594159592   1.188319185   0.000000000
  px          0    0.430670888  0.430670888   0.861341776   0.000000000    90.0000    0.0000
  py          0    0.430670888  0.430670888   0.861341776   0.000000000    90.0000    0.0000
  pz          0    0.430719957  0.430719957   0.861439913   0.000000000    90.0000    0.0000
   sum over m      1.292061733  1.292061733   2.584123466   0.000000000
  px          1    0.004257070  0.004257070   0.008514141   0.000000000    90.0000    0.0000
  py          1    0.004257070  0.004257070   0.008514141   0.000000000    90.0000    0.0000
  pz          1    0.004258582  0.004258582   0.008517164   0.000000000    90.0000    0.0000
   sum over m      0.012772723  0.012772723   0.025545446   0.000000000
   sum over m+mul  1.304834456  1.304834456   2.609668912   0.000000000
  d3z^2-r^2   0    0.012443347  0.012443347   0.024886694   0.000000000    90.0000    0.0000
  dx^2-y^2    0    0.012443159  0.012443159   0.024886319   0.000000000    90.0000    0.0000
  dxy         0    0.025357517  0.025357517   0.050715034   0.000000000    90.0000    0.0000
  dxz         0    0.025357298  0.025357298   0.050714595   0.000000000    90.0000    0.0000
  dyz         0    0.025357298  0.025357298   0.050714595   0.000000000    90.0000    0.0000
   sum over m      0.100958619  0.100958619   0.201917237   0.000000000
   sum over m+mul  0.100958619  0.100958619   0.201917237   0.000000000

    8   Si          Up spin      Down spin     Sum           Diff           Angles(Deg)
            multiple
  s           0    0.590330368  0.590330368   1.180660735   0.000000000    90.0000    0.0000
   sum over m      0.590330368  0.590330368   1.180660735   0.000000000
  s           1    0.003829226  0.003829226   0.007658451   0.000000000    90.0000    0.0000
   sum over m      0.003829226  0.003829226   0.007658451   0.000000000
   sum over m+mul  0.594159593  0.594159593   1.188319186   0.000000000
  px          0    0.430670888  0.430670888   0.861341776   0.000000000    90.0000    0.0000
  py          0    0.430719955  0.430719955   0.861439910   0.000000000    90.0000    0.0000
  pz          0    0.430670891  0.430670891   0.861341781   0.000000000    90.0000    0.0000
   sum over m      1.292061734  1.292061734   2.584123467   0.000000000
  px          1    0.004257070  0.004257070   0.008514140   0.000000000    90.0000    0.0000
  py          1    0.004258582  0.004258582   0.008517164   0.000000000    90.0000    0.0000
  pz          1    0.004257071  0.004257071   0.008514141   0.000000000    90.0000    0.0000
   sum over m      0.012772723  0.012772723   0.025545446   0.000000000
   sum over m+mul  1.304834456  1.304834456   2.609668913   0.000000000
  d3z^2-r^2   0    0.012443206  0.012443206   0.024886412   0.000000000    90.0000    0.0000
  dx^2-y^2    0    0.012443300  0.012443300   0.024886600   0.000000000    90.0000    0.0000
  dxy         0    0.025357298  0.025357298   0.050714595   0.000000000    90.0000    0.0000
  dxz         0    0.025357517  0.025357517   0.050715034   0.000000000    90.0000    0.0000
  dyz         0    0.025357298  0.025357298   0.050714595   0.000000000    90.0000    0.0000
   sum over m      0.100958618  0.100958618   0.201917237   0.000000000
   sum over m+mul  0.100958618  0.100958618   0.201917237   0.000000000

    9   Si          Up spin      Down spin     Sum           Diff           Angles(Deg)
            multiple
  s           0    0.590342981  0.590342981   1.180685962   0.000000000    90.0000    0.0000
   sum over m      0.590342981  0.590342981   1.180685962   0.000000000
  s           1    0.003834522  0.003834522   0.007669044   0.000000000    90.0000    0.0000
   sum over m      0.003834522  0.003834522   0.007669044   0.000000000
   sum over m+mul  0.594177503  0.594177503   1.188355006   0.000000000
  px          0    0.430677417  0.430677417   0.861354834   0.000000000    90.0000    0.0000
  py          0    0.430677417  0.430677417   0.861354834   0.000000000    90.0000    0.0000
  pz          0    0.430706980  0.430706980   0.861413961   0.000000000    90.0000    0.0000
   sum over m      1.292061815  1.292061815   2.584123629   0.000000000
  px          1    0.004256547  0.004256547   0.008513094   0.000000000    90.0000    0.0000
  py          1    0.004256547  0.004256547   0.008513094   0.000000000    90.0000    0.0000
  pz          1    0.004260039  0.004260039   0.008520079   0.000000000    90.0000    0.0000
   sum over m      0.012773133  0.012773133   0.025546267   0.000000000
   sum over m+mul  1.304834948  1.304834948   2.609669896   0.000000000
  d3z^2-r^2   0    0.012443312  0.012443312   0.024886623   0.000000000    90.0000    0.0000
  dx^2-y^2    0    0.012443211  0.012443211   0.024886422   0.000000000    90.0000    0.0000
  dxy         0    0.025357741  0.025357741   0.050715481   0.000000000    90.0000    0.0000
  dxz         0    0.025357319  0.025357319   0.050714638   0.000000000    90.0000    0.0000
  dyz         0    0.025357319  0.025357319   0.050714638   0.000000000    90.0000    0.0000
   sum over m      0.100958901  0.100958901   0.201917802   0.000000000
   sum over m+mul  0.100958901  0.100958901   0.201917802   0.000000000

   10   Si          Up spin      Down spin     Sum           Diff           Angles(Deg)
            multiple
  s           0    0.590377353  0.590377353   1.180754707   0.000000000    90.0000    0.0000
   sum over m      0.590377353  0.590377353   1.180754707   0.000000000
  s           1    0.003852934  0.003852934   0.007705867   0.000000000    90.0000    0.0000
   sum over m      0.003852934  0.003852934   0.007705867   0.000000000
   sum over m+mul  0.594230287  0.594230287   1.188460574   0.000000000
  px          0    0.430701224  0.430701224   0.861402448   0.000000000    90.0000    0.0000
  py          0    0.430701224  0.430701224   0.861402448   0.000000000    90.0000    0.0000
  pz          0    0.430701227  0.430701227   0.861402453   0.000000000    90.0000    0.0000
   sum over m      1.292103675  1.292103675   2.584207350   0.000000000
  px          1    0.004263697  0.004263697   0.008527394   0.000000000    90.0000    0.0000
  py          1    0.004263697  0.004263697   0.008527394   0.000000000    90.0000    0.0000
  pz          1    0.004263697  0.004263697   0.008527394   0.000000000    90.0000    0.0000
   sum over m      0.012791091  0.012791091   0.025582181   0.000000000
   sum over m+mul  1.304894765  1.304894765   2.609789531   0.000000000
  d3z^2-r^2   0    0.012443145  0.012443145   0.024886290   0.000000000    90.0000    0.0000
  dx^2-y^2    0    0.012443145  0.012443145   0.024886290   0.000000000    90.0000    0.0000
  dxy         0    0.025357194  0.025357194   0.050714388   0.000000000    90.0000    0.0000
  dxz         0    0.025357194  0.025357194   0.050714388   0.000000000    90.0000    0.0000
  dyz         0    0.025357194  0.025357194   0.050714388   0.000000000    90.0000    0.0000
   sum over m      0.100957872  0.100957872   0.201915743   0.000000000
   sum over m+mul  0.100957872  0.100957872   0.201915743   0.000000000

   11   Si          Up spin      Down spin     Sum           Diff           Angles(Deg)
            multiple
  s           0    0.590377353  0.590377353   1.180754707   0.000000000    90.0000    0.0000
   sum over m      0.590377353  0.590377353   1.180754707   0.000000000
  s           1    0.003852934  0.003852934   0.007705867   0.000000000    90.0000    0.0000
   sum over m      0.003852934  0.003852934   0.007705867   0.000000000
   sum over m+mul  0.594230287  0.594230287   1.188460574   0.000000000
  px          0    0.430701224  0.430701224   0.861402448   0.000000000    90.0000    0.0000
  py          0    0.430701224  0.430701224   0.861402448   0.000000000    90.0000    0.0000
  pz          0    0.430701227  0.430701227   0.861402453   0.000000000    90.0000    0.0000
   sum over m      1.292103675  1.292103675   2.584207350   0.000000000
  px          1    0.004263697  0.004263697   0.008527394   0.000000000    90.0000    0.0000
  py          1    0.004263697  0.004263697   0.008527394   0.000000000    90.0000    0.0000
  pz          1    0.004263697  0.004263697   0.008527394   0.000000000    90.0000    0.0000
   sum over m      0.012791091  0.012791091   0.025582181   0.000000000
   sum over m+mul  1.304894765  1.304894765   2.609789531   0.000000000
  d3z^2-r^2   0    0.012443145  0.012443145   0.024886290   0.000000000    90.0000    0.0000
  dx^2-y^2    0    0.012443145  0.012443145   0.024886290   0.000000000    90.0000    0.0000
  dxy         0    0.025357194  0.025357194   0.050714388   0.000000000    90.0000    0.0000
  dxz         0    0.025357194  0.025357194   0.050714388   0.000000000    90.0000    0.0000
  dyz         0    0.025357194  0.025357194   0.050714388   0.000000000    90.0000    0.0000
   sum over m      0.100957872  0.100957872   0.201915743   0.000000000
   sum over m+mul  0.100957872  0.100957872   0.201915743   0.000000000

   12   Si          Up spin      Down spin     Sum           Diff           Angles(Deg)
            multiple
  s           0    0.590342981  0.590342981   1.180685962   0.000000000    90.0000    0.0000
   sum over m      0.590342981  0.590342981   1.180685962   0.000000000
  s           1    0.003834522  0.003834522   0.007669044   0.000000000    90.0000    0.0000
   sum over m      0.003834522  0.003834522   0.007669044   0.000000000
   sum over m+mul  0.594177503  0.594177503   1.188355006   0.000000000
  px          0    0.430677417  0.430677417   0.861354834   0.000000000    90.0000    0.0000
  py          0    0.430677417  0.430677417   0.861354834   0.000000000    90.0000    0.0000
  pz          0    0.430706980  0.430706980   0.861413961   0.000000000    90.0000    0.0000
   sum over m      1.292061815  1.292061815   2.584123629   0.000000000
  px          1    0.004256547  0.004256547   0.008513094   0.000000000    90.0000    0.0000
  py          1    0.004256547  0.004256547   0.008513094   0.000000000    90.0000    0.0000
  pz          1    0.004260039  0.004260039   0.008520079   0.000000000    90.0000    0.0000
   sum over m      0.012773133  0.012773133   0.025546267   0.000000000
   sum over m+mul  1.304834948  1.304834948   2.609669896   0.000000000
  d3z^2-r^2   0    0.012443312  0.012443312   0.024886623   0.000000000    90.0000    0.0000
  dx^2-y^2    0    0.012443211  0.012443211   0.024886422   0.000000000    90.0000    0.0000
  dxy         0    0.025357741  0.025357741   0.050715481   0.000000000    90.0000    0.0000
  dxz         0    0.025357319  0.025357319   0.050714638   0.000000000    90.0000    0.0000
  dyz         0    0.025357319  0.025357319   0.050714638   0.000000000    90.0000    0.0000
   sum over m      0.100958901  0.100958901   0.201917802   0.000000000
   sum over m+mul  0.100958901  0.100958901   0.201917802   0.000000000

   13   Si          Up spin      Down spin     Sum           Diff           Angles(Deg)
            multiple
  s           0    0.590342981  0.590342981   1.180685963   0.000000000    90.0000    0.0000
   sum over m      0.590342981  0.590342981   1.180685963   0.000000000
  s           1    0.003834523  0.003834523   0.007669045   0.000000000    90.0000    0.0000
   sum over m      0.003834523  0.003834523   0.007669045   0.000000000
   sum over m+mul  0.594177504  0.594177504   1.188355008   0.000000000
  px          0    0.430677416  0.430677416   0.861354832   0.000000000    90.0000    0.0000
  py          0    0.430706978  0.430706978   0.861413957   0.000000000    90.0000    0.0000
  pz          0    0.430677419  0.430677419   0.861354837   0.000000000    90.0000    0.0000
   sum over m      1.292061813  1.292061813   2.584123626   0.000000000
  px          1    0.004256547  0.004256547   0.008513094   0.000000000    90.0000    0.0000
  py          1    0.004260040  0.004260040   0.008520079   0.000000000    90.0000    0.0000
  pz          1    0.004256547  0.004256547   0.008513094   0.000000000    90.0000    0.0000
   sum over m      0.012773134  0.012773134   0.025546268   0.000000000
   sum over m+mul  1.304834947  1.304834947   2.609669893   0.000000000
  d3z^2-r^2   0    0.012443236  0.012443236   0.024886472   0.000000000    90.0000    0.0000
  dx^2-y^2    0    0.012443286  0.012443286   0.024886573   0.000000000    90.0000    0.0000
  dxy         0    0.025357319  0.025357319   0.050714638   0.000000000    90.0000    0.0000
  dxz         0    0.025357741  0.025357741   0.050715482   0.000000000    90.0000    0.0000
  dyz         0    0.025357319  0.025357319   0.050714638   0.000000000    90.0000    0.0000
   sum over m      0.100958901  0.100958901   0.201917802   0.000000000
   sum over m+mul  0.100958901  0.100958901   0.201917802   0.000000000

   14   Si          Up spin      Down spin     Sum           Diff           Angles(Deg)
            multiple
  s           0    0.590342981  0.590342981   1.180685962   0.000000000    90.0000    0.0000
   sum over m      0.590342981  0.590342981   1.180685962   0.000000000
  s           1    0.003834522  0.003834522   0.007669044   0.000000000    90.0000    0.0000
   sum over m      0.003834522  0.003834522   0.007669044   0.000000000
   sum over m+mul  0.594177503  0.594177503   1.188355006   0.000000000
  px          0    0.430677417  0.430677417   0.861354834   0.000000000    90.0000    0.0000
  py          0    0.430677417  0.430677417   0.861354834   0.000000000    90.0000    0.0000
  pz          0    0.430706980  0.430706980   0.861413961   0.000000000    90.0000    0.0000
   sum over m      1.292061815  1.292061815   2.584123629   0.000000000
  px          1    0.004256547  0.004256547   0.008513094   0.000000000    90.0000    0.0000
  py          1    0.004256547  0.004256547   0.008513094   0.000000000    90.0000    0.0000
  pz          1    0.004260039  0.004260039   0.008520079   0.000000000    90.0000    0.0000
   sum over m      0.012773133  0.012773133   0.025546267   0.000000000
   sum over m+mul  1.304834948  1.304834948   2.609669896   0.000000000
  d3z^2-r^2   0    0.012443312  0.012443312   0.024886623   0.000000000    90.0000    0.0000
  dx^2-y^2    0    0.012443211  0.012443211   0.024886422   0.000000000    90.0000    0.0000
  dxy         0    0.025357741  0.025357741   0.050715481   0.000000000    90.0000    0.0000
  dxz         0    0.025357319  0.025357319   0.050714638   0.000000000    90.0000    0.0000
  dyz         0    0.025357319  0.025357319   0.050714638   0.000000000    90.0000    0.0000
   sum over m      0.100958901  0.100958901   0.201917802   0.000000000
   sum over m+mul  0.100958901  0.100958901   0.201917802   0.000000000

   15   Si          Up spin      Down spin     Sum           Diff           Angles(Deg)
            multiple
  s           0    0.590383293  0.590383293   1.180766586   0.000000000    90.0000    0.0000
   sum over m      0.590383293  0.590383293   1.180766586   0.000000000
  s           1    0.003845231  0.003845231   0.007690461   0.000000000    90.0000    0.0000
   sum over m      0.003845231  0.003845231   0.007690461   0.000000000
   sum over m+mul  0.594228523  0.594228523   1.188457047   0.000000000
  px          0    0.430672867  0.430672867   0.861345734   0.000000000    90.0000    0.0000
  py          0    0.430672867  0.430672867   0.861345734   0.000000000    90.0000    0.0000
  pz          0    0.430672870  0.430672870   0.861345741   0.000000000    90.0000    0.0000
   sum over m      1.292018604  1.292018604   2.584037208   0.000000000
  px          1    0.004263804  0.004263804   0.008527608   0.000000000    90.0000    0.0000
  py          1    0.004263804  0.004263804   0.008527608   0.000000000    90.0000    0.0000
  pz          1    0.004263804  0.004263804   0.008527609   0.000000000    90.0000    0.0000
   sum over m      0.012791413  0.012791413   0.025582825   0.000000000
   sum over m+mul  1.304810017  1.304810017   2.609620034   0.000000000
  d3z^2-r^2   0    0.012443285  0.012443285   0.024886570   0.000000000    90.0000    0.0000
  dx^2-y^2    0    0.012443285  0.012443285   0.024886569   0.000000000    90.0000    0.0000
  dxy         0    0.025356927  0.025356927   0.050713854   0.000000000    90.0000    0.0000
  dxz         0    0.025356927  0.025356927   0.050713855   0.000000000    90.0000    0.0000
  dyz         0    0.025356927  0.025356927   0.050713855   0.000000000    90.0000    0.0000
   sum over m      0.100957351  0.100957351   0.201914703   0.000000000
   sum over m+mul  0.100957351  0.100957351   0.201914703   0.000000000

   16   Si          Up spin      Down spin     Sum           Diff           Angles(Deg)
            multiple
  s           0    0.590342981  0.590342981   1.180685963   0.000000000    90.0000    0.0000
   sum over m      0.590342981  0.590342981   1.180685963   0.000000000
  s           1    0.003834523  0.003834523   0.007669045   0.000000000    90.0000    0.0000
   sum over m      0.003834523  0.003834523   0.007669045   0.000000000
   sum over m+mul  0.594177504  0.594177504   1.188355008   0.000000000
  px          0    0.430706978  0.430706978   0.861413957   0.000000000    90.0000    0.0000
  py          0    0.430677416  0.430677416   0.861354832   0.000000000    90.0000    0.0000
  pz          0    0.430677419  0.430677419   0.861354837   0.000000000    90.0000    0.0000
   sum over m      1.292061813  1.292061813   2.584123626   0.000000000
  px          1    0.004260040  0.004260040   0.008520079   0.000000000    90.0000    0.0000
  py          1    0.004256547  0.004256547   0.008513094   0.000000000    90.0000    0.0000
  pz          1    0.004256547  0.004256547   0.008513094   0.000000000    90.0000    0.0000
   sum over m      0.012773134  0.012773134   0.025546268   0.000000000
   sum over m+mul  1.304834947  1.304834947   2.609669893   0.000000000
  d3z^2-r^2   0    0.012443236  0.012443236   0.024886472   0.000000000    90.0000    0.0000
  dx^2-y^2    0    0.012443286  0.012443286   0.024886573   0.000000000    90.0000    0.0000
  dxy         0    0.025357319  0.025357319   0.050714638   0.000000000    90.0000    0.0000
  dxz         0    0.025357319  0.025357319   0.050714638   0.000000000    90.0000    0.0000
  dyz         0    0.025357741  0.025357741   0.050715482   0.000000000    90.0000    0.0000
   sum over m      0.100958901  0.100958901   0.201917802   0.000000000
   sum over m+mul  0.100958901  0.100958901   0.201917802   0.000000000

   17   Si          Up spin      Down spin     Sum           Diff           Angles(Deg)
            multiple
  s           0    0.590377353  0.590377353   1.180754707   0.000000000    90.0000    0.0000
   sum over m      0.590377353  0.590377353   1.180754707   0.000000000
  s           1    0.003852934  0.003852934   0.007705867   0.000000000    90.0000    0.0000
   sum over m      0.003852934  0.003852934   0.007705867   0.000000000
   sum over m+mul  0.594230287  0.594230287   1.188460574   0.000000000
  px          0    0.430701224  0.430701224   0.861402448   0.000000000    90.0000    0.0000
  py          0    0.430701224  0.430701224   0.861402448   0.000000000    90.0000    0.0000
  pz          0    0.430701227  0.430701227   0.861402453   0.000000000    90.0000    0.0000
   sum over m      1.292103675  1.292103675   2.584207350   0.000000000
  px          1    0.004263697  0.004263697   0.008527394   0.000000000    90.0000    0.0000
  py          1    0.004263697  0.004263697   0.008527394   0.000000000    90.0000    0.0000
  pz          1    0.004263697  0.004263697   0.008527394   0.000000000    90.0000    0.0000
   sum over m      0.012791091  0.012791091   0.025582181   0.000000000
   sum over m+mul  1.304894765  1.304894765   2.609789531   0.000000000
  d3z^2-r^2   0    0.012443145  0.012443145   0.024886290   0.000000000    90.0000    0.0000
  dx^2-y^2    0    0.012443145  0.012443145   0.024886290   0.000000000    90.0000    0.0000
  dxy         0    0.025357194  0.025357194   0.050714388   0.000000000    90.0000    0.0000
  dxz         0    0.025357194  0.025357194   0.050714388   0.000000000    90.0000    0.0000
  dyz         0    0.025357194  0.025357194   0.050714388   0.000000000    90.0000    0.0000
   sum over m      0.100957872  0.100957872   0.201915743   0.000000000
   sum over m+mul  0.100957872  0.100957872   0.201915743   0.000000000

   18   Si          Up spin      Down spin     Sum           Diff           Angles(Deg)
            multiple
  s           0    0.590342981  0.590342981   1.180685962   0.000000000    90.0000    0.0000
   sum over m      0.590342981  0.590342981   1.180685962   0.000000000
  s           1    0.003834522  0.003834522   0.007669044   0.000000000    90.0000    0.0000
   sum over m      0.003834522  0.003834522   0.007669044   0.000000000
   sum over m+mul  0.594177503  0.594177503   1.188355006   0.000000000
  px          0    0.430677417  0.430677417   0.861354834   0.000000000    90.0000    0.0000
  py          0    0.430677417  0.430677417   0.861354834   0.000000000    90.0000    0.0000
  pz          0    0.430706980  0.430706980   0.861413961   0.000000000    90.0000    0.0000
   sum over m      1.292061815  1.292061815   2.584123629   0.000000000
  px          1    0.004256547  0.004256547   0.008513094   0.000000000    90.0000    0.0000
  py          1    0.004256547  0.004256547   0.008513094   0.000000000    90.0000    0.0000
  pz          1    0.004260039  0.004260039   0.008520079   0.000000000    90.0000    0.0000
   sum over m      0.012773133  0.012773133   0.025546267   0.000000000
   sum over m+mul  1.304834948  1.304834948   2.609669896   0.000000000
  d3z^2-r^2   0    0.012443312  0.012443312   0.024886623   0.000000000    90.0000    0.0000
  dx^2-y^2    0    0.012443211  0.012443211   0.024886422   0.000000000    90.0000    0.0000
  dxy         0    0.025357741  0.025357741   0.050715481   0.000000000    90.0000    0.0000
  dxz         0    0.025357319  0.025357319   0.050714638   0.000000000    90.0000    0.0000
  dyz         0    0.025357319  0.025357319   0.050714638   0.000000000    90.0000    0.0000
   sum over m      0.100958901  0.100958901   0.201917802   0.000000000
   sum over m+mul  0.100958901  0.100958901   0.201917802   0.000000000

   19   Si          Up spin      Down spin     Sum           Diff           Angles(Deg)
            multiple
  s           0    0.590342981  0.590342981   1.180685962   0.000000000    90.0000    0.0000
   sum over m      0.590342981  0.590342981   1.180685962   0.000000000
  s           1    0.003834522  0.003834522   0.007669044   0.000000000    90.0000    0.0000
   sum over m      0.003834522  0.003834522   0.007669044   0.000000000
   sum over m+mul  0.594177503  0.594177503   1.188355006   0.000000000
  px          0    0.430677417  0.430677417   0.861354834   0.000000000    90.0000    0.0000
  py          0    0.430677417  0.430677417   0.861354834   0.000000000    90.0000    0.0000
  pz          0    0.430706980  0.430706980   0.861413961   0.000000000    90.0000    0.0000
   sum over m      1.292061815  1.292061815   2.584123629   0.000000000
  px          1    0.004256547  0.004256547   0.008513094   0.000000000    90.0000    0.0000
  py          1    0.004256547  0.004256547   0.008513094   0.000000000    90.0000    0.0000
  pz          1    0.004260039  0.004260039   0.008520079   0.000000000    90.0000    0.0000
   sum over m      0.012773133  0.012773133   0.025546267   0.000000000
   sum over m+mul  1.304834948  1.304834948   2.609669896   0.000000000
  d3z^2-r^2   0    0.012443312  0.012443312   0.024886623   0.000000000    90.0000    0.0000
  dx^2-y^2    0    0.012443211  0.012443211   0.024886422   0.000000000    90.0000    0.0000
  dxy         0    0.025357741  0.025357741   0.050715481   0.000000000    90.0000    0.0000
  dxz         0    0.025357319  0.025357319   0.050714638   0.000000000    90.0000    0.0000
  dyz         0    0.025357319  0.025357319   0.050714638   0.000000000    90.0000    0.0000
   sum over m      0.100958901  0.100958901   0.201917802   0.000000000
   sum over m+mul  0.100958901  0.100958901   0.201917802   0.000000000

   20   Si          Up spin      Down spin     Sum           Diff           Angles(Deg)
            multiple
  s           0    0.590377353  0.590377353   1.180754707   0.000000000    90.0000    0.0000
   sum over m      0.590377353  0.590377353   1.180754707   0.000000000
  s           1    0.003852934  0.003852934   0.007705867   0.000000000    90.0000    0.0000
   sum over m      0.003852934  0.003852934   0.007705867   0.000000000
   sum over m+mul  0.594230287  0.594230287   1.188460574   0.000000000
  px          0    0.430701224  0.430701224   0.861402448   0.000000000    90.0000    0.0000
  py          0    0.430701224  0.430701224   0.861402448   0.000000000    90.0000    0.0000
  pz          0    0.430701227  0.430701227   0.861402453   0.000000000    90.0000    0.0000
   sum over m      1.292103675  1.292103675   2.584207350   0.000000000
  px          1    0.004263697  0.004263697   0.008527394   0.000000000    90.0000    0.0000
  py          1    0.004263697  0.004263697   0.008527394   0.000000000    90.0000    0.0000
  pz          1    0.004263697  0.004263697   0.008527394   0.000000000    90.0000    0.0000
   sum over m      0.012791091  0.012791091   0.025582181   0.000000000
   sum over m+mul  1.304894765  1.304894765   2.609789531   0.000000000
  d3z^2-r^2   0    0.012443145  0.012443145   0.024886290   0.000000000    90.0000    0.0000
  dx^2-y^2    0    0.012443145  0.012443145   0.024886290   0.000000000    90.0000    0.0000
  dxy         0    0.025357194  0.025357194   0.050714388   0.000000000    90.0000    0.0000
  dxz         0    0.025357194  0.025357194   0.050714388   0.000000000    90.0000    0.0000
  dyz         0    0.025357194  0.025357194   0.050714388   0.000000000    90.0000    0.0000
   sum over m      0.100957872  0.100957872   0.201915743   0.000000000
   sum over m+mul  0.100957872  0.100957872   0.201915743   0.000000000

   21   Si          Up spin      Down spin     Sum           Diff           Angles(Deg)
            multiple
  s           0    0.590342981  0.590342981   1.180685963   0.000000000    90.0000    0.0000
   sum over m      0.590342981  0.590342981   1.180685963   0.000000000
  s           1    0.003834523  0.003834523   0.007669045   0.000000000    90.0000    0.0000
   sum over m      0.003834523  0.003834523   0.007669045   0.000000000
   sum over m+mul  0.594177504  0.594177504   1.188355008   0.000000000
  px          0    0.430677416  0.430677416   0.861354832   0.000000000    90.0000    0.0000
  py          0    0.430706978  0.430706978   0.861413957   0.000000000    90.0000    0.0000
  pz          0    0.430677419  0.430677419   0.861354837   0.000000000    90.0000    0.0000
   sum over m      1.292061813  1.292061813   2.584123626   0.000000000
  px          1    0.004256547  0.004256547   0.008513094   0.000000000    90.0000    0.0000
  py          1    0.004260040  0.004260040   0.008520079   0.000000000    90.0000    0.0000
  pz          1    0.004256547  0.004256547   0.008513094   0.000000000    90.0000    0.0000
   sum over m      0.012773134  0.012773134   0.025546268   0.000000000
   sum over m+mul  1.304834947  1.304834947   2.609669893   0.000000000
  d3z^2-r^2   0    0.012443236  0.012443236   0.024886472   0.000000000    90.0000    0.0000
  dx^2-y^2    0    0.012443286  0.012443286   0.024886573   0.000000000    90.0000    0.0000
  dxy         0    0.025357319  0.025357319   0.050714638   0.000000000    90.0000    0.0000
  dxz         0    0.025357741  0.025357741   0.050715482   0.000000000    90.0000    0.0000
  dyz         0    0.025357319  0.025357319   0.050714638   0.000000000    90.0000    0.0000
   sum over m      0.100958901  0.100958901   0.201917802   0.000000000
   sum over m+mul  0.100958901  0.100958901   0.201917802   0.000000000

   22   Si          Up spin      Down spin     Sum           Diff           Angles(Deg)
            multiple
  s           0    0.590381656  0.590381656   1.180763311   0.000000000    90.0000    0.0000
   sum over m      0.590381656  0.590381656   1.180763311   0.000000000
  s           1    0.003854728  0.003854728   0.007709455   0.000000000    90.0000    0.0000
   sum over m      0.003854728  0.003854728   0.007709455   0.000000000
   sum over m+mul  0.594236383  0.594236383   1.188472767   0.000000000
  px          0    0.430695138  0.430695138   0.861390275   0.000000000    90.0000    0.0000
  py          0    0.430695138  0.430695138   0.861390275   0.000000000    90.0000    0.0000
  pz          0    0.430695141  0.430695141   0.861390282   0.000000000    90.0000    0.0000
   sum over m      1.292085416  1.292085416   2.584170833   0.000000000
  px          1    0.004265202  0.004265202   0.008530405   0.000000000    90.0000    0.0000
  py          1    0.004265202  0.004265202   0.008530405   0.000000000    90.0000    0.0000
  pz          1    0.004265202  0.004265202   0.008530404   0.000000000    90.0000    0.0000
   sum over m      0.012795607  0.012795607   0.025591214   0.000000000
   sum over m+mul  1.304881024  1.304881024   2.609762047   0.000000000
  d3z^2-r^2   0    0.012443059  0.012443059   0.024886119   0.000000000    90.0000    0.0000
  dx^2-y^2    0    0.012443059  0.012443059   0.024886119   0.000000000    90.0000    0.0000
  dxy         0    0.025357174  0.025357174   0.050714347   0.000000000    90.0000    0.0000
  dxz         0    0.025357174  0.025357174   0.050714347   0.000000000    90.0000    0.0000
  dyz         0    0.025357174  0.025357174   0.050714347   0.000000000    90.0000    0.0000
   sum over m      0.100957639  0.100957639   0.201915279   0.000000000
   sum over m+mul  0.100957639  0.100957639   0.201915279   0.000000000

   23   Si          Up spin      Down spin     Sum           Diff           Angles(Deg)
            multiple
  s           0    0.590330367  0.590330367   1.180660734   0.000000000    90.0000    0.0000
   sum over m      0.590330367  0.590330367   1.180660734   0.000000000
  s           1    0.003829226  0.003829226   0.007658451   0.000000000    90.0000    0.0000
   sum over m      0.003829226  0.003829226   0.007658451   0.000000000
   sum over m+mul  0.594159592  0.594159592   1.188319185   0.000000000
  px          0    0.430670888  0.430670888   0.861341776   0.000000000    90.0000    0.0000
  py          0    0.430670888  0.430670888   0.861341776   0.000000000    90.0000    0.0000
  pz          0    0.430719957  0.430719957   0.861439913   0.000000000    90.0000    0.0000
   sum over m      1.292061733  1.292061733   2.584123466   0.000000000
  px          1    0.004257070  0.004257070   0.008514141   0.000000000    90.0000    0.0000
  py          1    0.004257070  0.004257070   0.008514141   0.000000000    90.0000    0.0000
  pz          1    0.004258582  0.004258582   0.008517164   0.000000000    90.0000    0.0000
   sum over m      0.012772723  0.012772723   0.025545446   0.000000000
   sum over m+mul  1.304834456  1.304834456   2.609668912   0.000000000
  d3z^2-r^2   0    0.012443347  0.012443347   0.024886694   0.000000000    90.0000    0.0000
  dx^2-y^2    0    0.012443159  0.012443159   0.024886319   0.000000000    90.0000    0.0000
  dxy         0    0.025357517  0.025357517   0.050715034   0.000000000    90.0000    0.0000
  dxz         0    0.025357298  0.025357298   0.050714595   0.000000000    90.0000    0.0000
  dyz         0    0.025357298  0.025357298   0.050714595   0.000000000    90.0000    0.0000
   sum over m      0.100958619  0.100958619   0.201917237   0.000000000
   sum over m+mul  0.100958619  0.100958619   0.201917237   0.000000000

   24   Si          Up spin      Down spin     Sum           Diff           Angles(Deg)
            multiple
  s           0    0.590342981  0.590342981   1.180685963   0.000000000    90.0000    0.0000
   sum over m      0.590342981  0.590342981   1.180685963   0.000000000
  s           1    0.003834523  0.003834523   0.007669045   0.000000000    90.0000    0.0000
   sum over m      0.003834523  0.003834523   0.007669045   0.000000000
   sum over m+mul  0.594177504  0.594177504   1.188355008   0.000000000
  px          0    0.430706978  0.430706978   0.861413957   0.000000000    90.0000    0.0000
  py          0    0.430677416  0.430677416   0.861354832   0.000000000    90.0000    0.0000
  pz          0    0.430677419  0.430677419   0.861354837   0.000000000    90.0000    0.0000
   sum over m      1.292061813  1.292061813   2.584123626   0.000000000
  px          1    0.004260040  0.004260040   0.008520079   0.000000000    90.0000    0.0000
  py          1    0.004256547  0.004256547   0.008513094   0.000000000    90.0000    0.0000
  pz          1    0.004256547  0.004256547   0.008513094   0.000000000    90.0000    0.0000
   sum over m      0.012773134  0.012773134   0.025546268   0.000000000
   sum over m+mul  1.304834947  1.304834947   2.609669893   0.000000000
  d3z^2-r^2   0    0.012443236  0.012443236   0.024886472   0.000000000    90.0000    0.0000
  dx^2-y^2    0    0.012443286  0.012443286   0.024886573   0.000000000    90.0000    0.0000
  dxy         0    0.025357319  0.025357319   0.050714638   0.000000000    90.0000    0.0000
  dxz         0    0.025357319  0.025357319   0.050714638   0.000000000    90.0000    0.0000
  dyz         0    0.025357741  0.025357741   0.050715482   0.000000000    90.0000    0.0000
   sum over m      0.100958901  0.100958901   0.201917802   0.000000000
   sum over m+mul  0.100958901  0.100958901   0.201917802   0.000000000

   25   Si          Up spin      Down spin     Sum           Diff           Angles(Deg)
            multiple
  s           0    0.590342981  0.590342981   1.180685963   0.000000000    90.0000    0.0000
   sum over m      0.590342981  0.590342981   1.180685963   0.000000000
  s           1    0.003834523  0.003834523   0.007669045   0.000000000    90.0000    0.0000
   sum over m      0.003834523  0.003834523   0.007669045   0.000000000
   sum over m+mul  0.594177504  0.594177504   1.188355008   0.000000000
  px          0    0.430677416  0.430677416   0.861354832   0.000000000    90.0000    0.0000
  py          0    0.430706978  0.430706978   0.861413957   0.000000000    90.0000    0.0000
  pz          0    0.430677419  0.430677419   0.861354837   0.000000000    90.0000    0.0000
   sum over m      1.292061813  1.292061813   2.584123626   0.000000000
  px          1    0.004256547  0.004256547   0.008513094   0.000000000    90.0000    0.0000
  py          1    0.004260040  0.004260040   0.008520079   0.000000000    90.0000    0.0000
  pz          1    0.004256547  0.004256547   0.008513094   0.000000000    90.0000    0.0000
   sum over m      0.012773134  0.012773134   0.025546268   0.000000000
   sum over m+mul  1.304834947  1.304834947   2.609669893   0.000000000
  d3z^2-r^2   0    0.012443236  0.012443236   0.024886472   0.000000000    90.0000    0.0000
  dx^2-y^2    0    0.012443286  0.012443286   0.024886573   0.000000000    90.0000    0.0000
  dxy         0    0.025357319  0.025357319   0.050714638   0.000000000    90.0000    0.0000
  dxz         0    0.025357741  0.025357741   0.050715482   0.000000000    90.0000    0.0000
  dyz         0    0.025357319  0.025357319   0.050714638   0.000000000    90.0000    0.0000
   sum over m      0.100958901  0.100958901   0.201917802   0.000000000
   sum over m+mul  0.100958901  0.100958901   0.201917802   0.000000000

   26   Si          Up spin      Down spin     Sum           Diff           Angles(Deg)
            multiple
  s           0    0.590342981  0.590342981   1.180685963   0.000000000    90.0000    0.0000
   sum over m      0.590342981  0.590342981   1.180685963   0.000000000
  s           1    0.003834523  0.003834523   0.007669045   0.000000000    90.0000    0.0000
   sum over m      0.003834523  0.003834523   0.007669045   0.000000000
   sum over m+mul  0.594177504  0.594177504   1.188355008   0.000000000
  px          0    0.430677416  0.430677416   0.861354832   0.000000000    90.0000    0.0000
  py          0    0.430706978  0.430706978   0.861413957   0.000000000    90.0000    0.0000
  pz          0    0.430677419  0.430677419   0.861354837   0.000000000    90.0000    0.0000
   sum over m      1.292061813  1.292061813   2.584123626   0.000000000
  px          1    0.004256547  0.004256547   0.008513094   0.000000000    90.0000    0.0000
  py          1    0.004260040  0.004260040   0.008520079   0.000000000    90.0000    0.0000
  pz          1    0.004256547  0.004256547   0.008513094   0.000000000    90.0000    0.0000
   sum over m      0.012773134  0.012773134   0.025546268   0.000000000
   sum over m+mul  1.304834947  1.304834947   2.609669893   0.000000000
  d3z^2-r^2   0    0.012443236  0.012443236   0.024886472   0.000000000    90.0000    0.0000
  dx^2-y^2    0    0.012443286  0.012443286   0.024886573   0.000000000    90.0000    0.0000
  dxy         0    0.025357319  0.025357319   0.050714638   0.000000000    90.0000    0.0000
  dxz         0    0.025357741  0.025357741   0.050715482   0.000000000    90.0000    0.0000
  dyz         0    0.025357319  0.025357319   0.050714638   0.000000000    90.0000    0.0000
   sum over m      0.100958901  0.100958901   0.201917802   0.000000000
   sum over m+mul  0.100958901  0.100958901   0.201917802   0.000000000

   27   Si          Up spin      Down spin     Sum           Diff           Angles(Deg)
            multiple
  s           0    0.590377353  0.590377353   1.180754707   0.000000000    90.0000    0.0000
   sum over m      0.590377353  0.590377353   1.180754707   0.000000000
  s           1    0.003852934  0.003852934   0.007705867   0.000000000    90.0000    0.0000
   sum over m      0.003852934  0.003852934   0.007705867   0.000000000
   sum over m+mul  0.594230287  0.594230287   1.188460574   0.000000000
  px          0    0.430701224  0.430701224   0.861402448   0.000000000    90.0000    0.0000
  py          0    0.430701224  0.430701224   0.861402448   0.000000000    90.0000    0.0000
  pz          0    0.430701227  0.430701227   0.861402453   0.000000000    90.0000    0.0000
   sum over m      1.292103675  1.292103675   2.584207350   0.000000000
  px          1    0.004263697  0.004263697   0.008527394   0.000000000    90.0000    0.0000
  py          1    0.004263697  0.004263697   0.008527394   0.000000000    90.0000    0.0000
  pz          1    0.004263697  0.004263697   0.008527394   0.000000000    90.0000    0.0000
   sum over m      0.012791091  0.012791091   0.025582181   0.000000000
   sum over m+mul  1.304894765  1.304894765   2.609789531   0.000000000
  d3z^2-r^2   0    0.012443145  0.012443145   0.024886290   0.000000000    90.0000    0.0000
  dx^2-y^2    0    0.012443145  0.012443145   0.024886290   0.000000000    90.0000    0.0000
  dxy         0    0.025357194  0.025357194   0.050714388   0.000000000    90.0000    0.0000
  dxz         0    0.025357194  0.025357194   0.050714388   0.000000000    90.0000    0.0000
  dyz         0    0.025357194  0.025357194   0.050714388   0.000000000    90.0000    0.0000
   sum over m      0.100957872  0.100957872   0.201915743   0.000000000
   sum over m+mul  0.100957872  0.100957872   0.201915743   0.000000000

   28   Si          Up spin      Down spin     Sum           Diff           Angles(Deg)
            multiple
  s           0    0.590377353  0.590377353   1.180754707   0.000000000    90.0000    0.0000
   sum over m      0.590377353  0.590377353   1.180754707   0.000000000
  s           1    0.003852934  0.003852934   0.007705867   0.000000000    90.0000    0.0000
   sum over m      0.003852934  0.003852934   0.007705867   0.000000000
   sum over m+mul  0.594230287  0.594230287   1.188460574   0.000000000
  px          0    0.430701224  0.430701224   0.861402448   0.000000000    90.0000    0.0000
  py          0    0.430701224  0.430701224   0.861402448   0.000000000    90.0000    0.0000
  pz          0    0.430701227  0.430701227   0.861402453   0.000000000    90.0000    0.0000
   sum over m      1.292103675  1.292103675   2.584207350   0.000000000
  px          1    0.004263697  0.004263697   0.008527394   0.000000000    90.0000    0.0000
  py          1    0.004263697  0.004263697   0.008527394   0.000000000    90.0000    0.0000
  pz          1    0.004263697  0.004263697   0.008527394   0.000000000    90.0000    0.0000
   sum over m      0.012791091  0.012791091   0.025582181   0.000000000
   sum over m+mul  1.304894765  1.304894765   2.609789531   0.000000000
  d3z^2-r^2   0    0.012443145  0.012443145   0.024886290   0.000000000    90.0000    0.0000
  dx^2-y^2    0    0.012443145  0.012443145   0.024886290   0.000000000    90.0000    0.0000
  dxy         0    0.025357194  0.025357194   0.050714388   0.000000000    90.0000    0.0000
  dxz         0    0.025357194  0.025357194   0.050714388   0.000000000    90.0000    0.0000
  dyz         0    0.025357194  0.025357194   0.050714388   0.000000000    90.0000    0.0000
   sum over m      0.100957872  0.100957872   0.201915743   0.000000000
   sum over m+mul  0.100957872  0.100957872   0.201915743   0.000000000

   29   Si          Up spin      Down spin     Sum           Diff           Angles(Deg)
            multiple
  s           0    0.590342981  0.590342981   1.180685962   0.000000000    90.0000    0.0000
   sum over m      0.590342981  0.590342981   1.180685962   0.000000000
  s           1    0.003834522  0.003834522   0.007669044   0.000000000    90.0000    0.0000
   sum over m      0.003834522  0.003834522   0.007669044   0.000000000
   sum over m+mul  0.594177503  0.594177503   1.188355006   0.000000000
  px          0    0.430677417  0.430677417   0.861354834   0.000000000    90.0000    0.0000
  py          0    0.430677417  0.430677417   0.861354834   0.000000000    90.0000    0.0000
  pz          0    0.430706980  0.430706980   0.861413961   0.000000000    90.0000    0.0000
   sum over m      1.292061815  1.292061815   2.584123629   0.000000000
  px          1    0.004256547  0.004256547   0.008513094   0.000000000    90.0000    0.0000
  py          1    0.004256547  0.004256547   0.008513094   0.000000000    90.0000    0.0000
  pz          1    0.004260039  0.004260039   0.008520079   0.000000000    90.0000    0.0000
   sum over m      0.012773133  0.012773133   0.025546267   0.000000000
   sum over m+mul  1.304834948  1.304834948   2.609669896   0.000000000
  d3z^2-r^2   0    0.012443312  0.012443312   0.024886623   0.000000000    90.0000    0.0000
  dx^2-y^2    0    0.012443211  0.012443211   0.024886422   0.000000000    90.0000    0.0000
  dxy         0    0.025357741  0.025357741   0.050715481   0.000000000    90.0000    0.0000
  dxz         0    0.025357319  0.025357319   0.050714638   0.000000000    90.0000    0.0000
  dyz         0    0.025357319  0.025357319   0.050714638   0.000000000    90.0000    0.0000
   sum over m      0.100958901  0.100958901   0.201917802   0.000000000
   sum over m+mul  0.100958901  0.100958901   0.201917802   0.000000000

   30   Si          Up spin      Down spin     Sum           Diff           Angles(Deg)
            multiple
  s           0    0.590342981  0.590342981   1.180685963   0.000000000    90.0000    0.0000
   sum over m      0.590342981  0.590342981   1.180685963   0.000000000
  s           1    0.003834523  0.003834523   0.007669045   0.000000000    90.0000    0.0000
   sum over m      0.003834523  0.003834523   0.007669045   0.000000000
   sum over m+mul  0.594177504  0.594177504   1.188355008   0.000000000
  px          0    0.430677416  0.430677416   0.861354832   0.000000000    90.0000    0.0000
  py          0    0.430706978  0.430706978   0.861413957   0.000000000    90.0000    0.0000
  pz          0    0.430677419  0.430677419   0.861354837   0.000000000    90.0000    0.0000
   sum over m      1.292061813  1.292061813   2.584123626   0.000000000
  px          1    0.004256547  0.004256547   0.008513094   0.000000000    90.0000    0.0000
  py          1    0.004260040  0.004260040   0.008520079   0.000000000    90.0000    0.0000
  pz          1    0.004256547  0.004256547   0.008513094   0.000000000    90.0000    0.0000
   sum over m      0.012773134  0.012773134   0.025546268   0.000000000
   sum over m+mul  1.304834947  1.304834947   2.609669893   0.000000000
  d3z^2-r^2   0    0.012443236  0.012443236   0.024886472   0.000000000    90.0000    0.0000
  dx^2-y^2    0    0.012443286  0.012443286   0.024886573   0.000000000    90.0000    0.0000
  dxy         0    0.025357319  0.025357319   0.050714638   0.000000000    90.0000    0.0000
  dxz         0    0.025357741  0.025357741   0.050715482   0.000000000    90.0000    0.0000
  dyz         0    0.025357319  0.025357319   0.050714638   0.000000000    90.0000    0.0000
   sum over m      0.100958901  0.100958901   0.201917802   0.000000000
   sum over m+mul  0.100958901  0.100958901   0.201917802   0.000000000

   31   Si          Up spin      Down spin     Sum           Diff           Angles(Deg)
            multiple
  s           0    0.590342981  0.590342981   1.180685963   0.000000000    90.0000    0.0000
   sum over m      0.590342981  0.590342981   1.180685963   0.000000000
  s           1    0.003834523  0.003834523   0.007669045   0.000000000    90.0000    0.0000
   sum over m      0.003834523  0.003834523   0.007669045   0.000000000
   sum over m+mul  0.594177504  0.594177504   1.188355008   0.000000000
  px          0    0.430706978  0.430706978   0.861413957   0.000000000    90.0000    0.0000
  py          0    0.430677416  0.430677416   0.861354832   0.000000000    90.0000    0.0000
  pz          0    0.430677419  0.430677419   0.861354837   0.000000000    90.0000    0.0000
   sum over m      1.292061813  1.292061813   2.584123626   0.000000000
  px          1    0.004260040  0.004260040   0.008520079   0.000000000    90.0000    0.0000
  py          1    0.004256547  0.004256547   0.008513094   0.000000000    90.0000    0.0000
  pz          1    0.004256547  0.004256547   0.008513094   0.000000000    90.0000    0.0000
   sum over m      0.012773134  0.012773134   0.025546268   0.000000000
   sum over m+mul  1.304834947  1.304834947   2.609669893   0.000000000
  d3z^2-r^2   0    0.012443236  0.012443236   0.024886472   0.000000000    90.0000    0.0000
  dx^2-y^2    0    0.012443286  0.012443286   0.024886573   0.000000000    90.0000    0.0000
  dxy         0    0.025357319  0.025357319   0.050714638   0.000000000    90.0000    0.0000
  dxz         0    0.025357319  0.025357319   0.050714638   0.000000000    90.0000    0.0000
  dyz         0    0.025357741  0.025357741   0.050715482   0.000000000    90.0000    0.0000
   sum over m      0.100958901  0.100958901   0.201917802   0.000000000
   sum over m+mul  0.100958901  0.100958901   0.201917802   0.000000000

   32   Si          Up spin      Down spin     Sum           Diff           Angles(Deg)
            multiple
  s           0    0.590383293  0.590383293   1.180766586   0.000000000    90.0000    0.0000
   sum over m      0.590383293  0.590383293   1.180766586   0.000000000
  s           1    0.003845231  0.003845231   0.007690461   0.000000000    90.0000    0.0000
   sum over m      0.003845231  0.003845231   0.007690461   0.000000000
   sum over m+mul  0.594228523  0.594228523   1.188457047   0.000000000
  px          0    0.430672867  0.430672867   0.861345734   0.000000000    90.0000    0.0000
  py          0    0.430672867  0.430672867   0.861345734   0.000000000    90.0000    0.0000
  pz          0    0.430672870  0.430672870   0.861345741   0.000000000    90.0000    0.0000
   sum over m      1.292018604  1.292018604   2.584037208   0.000000000
  px          1    0.004263804  0.004263804   0.008527608   0.000000000    90.0000    0.0000
  py          1    0.004263804  0.004263804   0.008527608   0.000000000    90.0000    0.0000
  pz          1    0.004263804  0.004263804   0.008527609   0.000000000    90.0000    0.0000
   sum over m      0.012791413  0.012791413   0.025582825   0.000000000
   sum over m+mul  1.304810017  1.304810017   2.609620034   0.000000000
  d3z^2-r^2   0    0.012443285  0.012443285   0.024886570   0.000000000    90.0000    0.0000
  dx^2-y^2    0    0.012443285  0.012443285   0.024886569   0.000000000    90.0000    0.0000
  dxy         0    0.025356927  0.025356927   0.050713854   0.000000000    90.0000    0.0000
  dxz         0    0.025356927  0.025356927   0.050713855   0.000000000    90.0000    0.0000
  dyz         0    0.025356927  0.025356927   0.050713855   0.000000000    90.0000    0.0000
   sum over m      0.100957351  0.100957351   0.201914703   0.000000000
   sum over m+mul  0.100957351  0.100957351   0.201914703   0.000000000

   33   Si          Up spin      Down spin     Sum           Diff           Angles(Deg)
            multiple
  s           0    0.590330368  0.590330368   1.180660735   0.000000000    90.0000    0.0000
   sum over m      0.590330368  0.590330368   1.180660735   0.000000000
  s           1    0.003829226  0.003829226   0.007658451   0.000000000    90.0000    0.0000
   sum over m      0.003829226  0.003829226   0.007658451   0.000000000
   sum over m+mul  0.594159593  0.594159593   1.188319186   0.000000000
  px          0    0.430719955  0.430719955   0.861439910   0.000000000    90.0000    0.0000
  py          0    0.430670888  0.430670888   0.861341776   0.000000000    90.0000    0.0000
  pz          0    0.430670891  0.430670891   0.861341781   0.000000000    90.0000    0.0000
   sum over m      1.292061734  1.292061734   2.584123467   0.000000000
  px          1    0.004258582  0.004258582   0.008517164   0.000000000    90.0000    0.0000
  py          1    0.004257070  0.004257070   0.008514140   0.000000000    90.0000    0.0000
  pz          1    0.004257071  0.004257071   0.008514141   0.000000000    90.0000    0.0000
   sum over m      0.012772723  0.012772723   0.025545446   0.000000000
   sum over m+mul  1.304834456  1.304834456   2.609668913   0.000000000
  d3z^2-r^2   0    0.012443206  0.012443206   0.024886412   0.000000000    90.0000    0.0000
  dx^2-y^2    0    0.012443300  0.012443300   0.024886600   0.000000000    90.0000    0.0000
  dxy         0    0.025357298  0.025357298   0.050714595   0.000000000    90.0000    0.0000
  dxz         0    0.025357298  0.025357298   0.050714595   0.000000000    90.0000    0.0000
  dyz         0    0.025357517  0.025357517   0.050715034   0.000000000    90.0000    0.0000
   sum over m      0.100958618  0.100958618   0.201917237   0.000000000
   sum over m+mul  0.100958618  0.100958618   0.201917237   0.000000000

   34   Si          Up spin      Down spin     Sum           Diff           Angles(Deg)
            multiple
  s           0    0.590342981  0.590342981   1.180685963   0.000000000    90.0000    0.0000
   sum over m      0.590342981  0.590342981   1.180685963   0.000000000
  s           1    0.003834523  0.003834523   0.007669045   0.000000000    90.0000    0.0000
   sum over m      0.003834523  0.003834523   0.007669045   0.000000000
   sum over m+mul  0.594177504  0.594177504   1.188355008   0.000000000
  px          0    0.430677416  0.430677416   0.861354832   0.000000000    90.0000    0.0000
  py          0    0.430706978  0.430706978   0.861413957   0.000000000    90.0000    0.0000
  pz          0    0.430677419  0.430677419   0.861354837   0.000000000    90.0000    0.0000
   sum over m      1.292061813  1.292061813   2.584123626   0.000000000
  px          1    0.004256547  0.004256547   0.008513094   0.000000000    90.0000    0.0000
  py          1    0.004260040  0.004260040   0.008520079   0.000000000    90.0000    0.0000
  pz          1    0.004256547  0.004256547   0.008513094   0.000000000    90.0000    0.0000
   sum over m      0.012773134  0.012773134   0.025546268   0.000000000
   sum over m+mul  1.304834947  1.304834947   2.609669893   0.000000000
  d3z^2-r^2   0    0.012443236  0.012443236   0.024886472   0.000000000    90.0000    0.0000
  dx^2-y^2    0    0.012443286  0.012443286   0.024886573   0.000000000    90.0000    0.0000
  dxy         0    0.025357319  0.025357319   0.050714638   0.000000000    90.0000    0.0000
  dxz         0    0.025357741  0.025357741   0.050715482   0.000000000    90.0000    0.0000
  dyz         0    0.025357319  0.025357319   0.050714638   0.000000000    90.0000    0.0000
   sum over m      0.100958901  0.100958901   0.201917802   0.000000000
   sum over m+mul  0.100958901  0.100958901   0.201917802   0.000000000

   35   Si          Up spin      Down spin     Sum           Diff           Angles(Deg)
            multiple
  s           0    0.590381656  0.590381656   1.180763311   0.000000000    90.0000    0.0000
   sum over m      0.590381656  0.590381656   1.180763311   0.000000000
  s           1    0.003854728  0.003854728   0.007709455   0.000000000    90.0000    0.0000
   sum over m      0.003854728  0.003854728   0.007709455   0.000000000
   sum over m+mul  0.594236383  0.594236383   1.188472767   0.000000000
  px          0    0.430695138  0.430695138   0.861390275   0.000000000    90.0000    0.0000
  py          0    0.430695138  0.430695138   0.861390275   0.000000000    90.0000    0.0000
  pz          0    0.430695141  0.430695141   0.861390282   0.000000000    90.0000    0.0000
   sum over m      1.292085416  1.292085416   2.584170833   0.000000000
  px          1    0.004265202  0.004265202   0.008530405   0.000000000    90.0000    0.0000
  py          1    0.004265202  0.004265202   0.008530405   0.000000000    90.0000    0.0000
  pz          1    0.004265202  0.004265202   0.008530404   0.000000000    90.0000    0.0000
   sum over m      0.012795607  0.012795607   0.025591214   0.000000000
   sum over m+mul  1.304881024  1.304881024   2.609762047   0.000000000
  d3z^2-r^2   0    0.012443059  0.012443059   0.024886119   0.000000000    90.0000    0.0000
  dx^2-y^2    0    0.012443059  0.012443059   0.024886119   0.000000000    90.0000    0.0000
  dxy         0    0.025357174  0.025357174   0.050714347   0.000000000    90.0000    0.0000
  dxz         0    0.025357174  0.025357174   0.050714347   0.000000000    90.0000    0.0000
  dyz         0    0.025357174  0.025357174   0.050714347   0.000000000    90.0000    0.0000
   sum over m      0.100957639  0.100957639   0.201915279   0.000000000
   sum over m+mul  0.100957639  0.100957639   0.201915279   0.000000000

   36   Si          Up spin      Down spin     Sum           Diff           Angles(Deg)
            multiple
  s           0    0.590342981  0.590342981   1.180685962   0.000000000    90.0000    0.0000
   sum over m      0.590342981  0.590342981   1.180685962   0.000000000
  s           1    0.003834522  0.003834522   0.007669044   0.000000000    90.0000    0.0000
   sum over m      0.003834522  0.003834522   0.007669044   0.000000000
   sum over m+mul  0.594177503  0.594177503   1.188355006   0.000000000
  px          0    0.430677417  0.430677417   0.861354834   0.000000000    90.0000    0.0000
  py          0    0.430677417  0.430677417   0.861354834   0.000000000    90.0000    0.0000
  pz          0    0.430706980  0.430706980   0.861413961   0.000000000    90.0000    0.0000
   sum over m      1.292061815  1.292061815   2.584123629   0.000000000
  px          1    0.004256547  0.004256547   0.008513094   0.000000000    90.0000    0.0000
  py          1    0.004256547  0.004256547   0.008513094   0.000000000    90.0000    0.0000
  pz          1    0.004260039  0.004260039   0.008520079   0.000000000    90.0000    0.0000
   sum over m      0.012773133  0.012773133   0.025546267   0.000000000
   sum over m+mul  1.304834948  1.304834948   2.609669896   0.000000000
  d3z^2-r^2   0    0.012443312  0.012443312   0.024886623   0.000000000    90.0000    0.0000
  dx^2-y^2    0    0.012443211  0.012443211   0.024886422   0.000000000    90.0000    0.0000
  dxy         0    0.025357741  0.025357741   0.050715481   0.000000000    90.0000    0.0000
  dxz         0    0.025357319  0.025357319   0.050714638   0.000000000    90.0000    0.0000
  dyz         0    0.025357319  0.025357319   0.050714638   0.000000000    90.0000    0.0000
   sum over m      0.100958901  0.100958901   0.201917802   0.000000000
   sum over m+mul  0.100958901  0.100958901   0.201917802   0.000000000

   37   Si          Up spin      Down spin     Sum           Diff           Angles(Deg)
            multiple
  s           0    0.590377353  0.590377353   1.180754707   0.000000000    90.0000    0.0000
   sum over m      0.590377353  0.590377353   1.180754707   0.000000000
  s           1    0.003852934  0.003852934   0.007705867   0.000000000    90.0000    0.0000
   sum over m      0.003852934  0.003852934   0.007705867   0.000000000
   sum over m+mul  0.594230287  0.594230287   1.188460574   0.000000000
  px          0    0.430701224  0.430701224   0.861402448   0.000000000    90.0000    0.0000
  py          0    0.430701224  0.430701224   0.861402448   0.000000000    90.0000    0.0000
  pz          0    0.430701227  0.430701227   0.861402453   0.000000000    90.0000    0.0000
   sum over m      1.292103675  1.292103675   2.584207350   0.000000000
  px          1    0.004263697  0.004263697   0.008527394   0.000000000    90.0000    0.0000
  py          1    0.004263697  0.004263697   0.008527394   0.000000000    90.0000    0.0000
  pz          1    0.004263697  0.004263697   0.008527394   0.000000000    90.0000    0.0000
   sum over m      0.012791091  0.012791091   0.025582181   0.000000000
   sum over m+mul  1.304894765  1.304894765   2.609789531   0.000000000
  d3z^2-r^2   0    0.012443145  0.012443145   0.024886290   0.000000000    90.0000    0.0000
  dx^2-y^2    0    0.012443145  0.012443145   0.024886290   0.000000000    90.0000    0.0000
  dxy         0    0.025357194  0.025357194   0.050714388   0.000000000    90.0000    0.0000
  dxz         0    0.025357194  0.025357194   0.050714388   0.000000000    90.0000    0.0000
  dyz         0    0.025357194  0.025357194   0.050714388   0.000000000    90.0000    0.0000
   sum over m      0.100957872  0.100957872   0.201915743   0.000000000
   sum over m+mul  0.100957872  0.100957872   0.201915743   0.000000000

   38   Si          Up spin      Down spin     Sum           Diff           Angles(Deg)
            multiple
  s           0    0.590330368  0.590330368   1.180660735   0.000000000    90.0000    0.0000
   sum over m      0.590330368  0.590330368   1.180660735   0.000000000
  s           1    0.003829226  0.003829226   0.007658451   0.000000000    90.0000    0.0000
   sum over m      0.003829226  0.003829226   0.007658451   0.000000000
   sum over m+mul  0.594159593  0.594159593   1.188319186   0.000000000
  px          0    0.430719955  0.430719955   0.861439910   0.000000000    90.0000    0.0000
  py          0    0.430670888  0.430670888   0.861341776   0.000000000    90.0000    0.0000
  pz          0    0.430670891  0.430670891   0.861341781   0.000000000    90.0000    0.0000
   sum over m      1.292061734  1.292061734   2.584123467   0.000000000
  px          1    0.004258582  0.004258582   0.008517164   0.000000000    90.0000    0.0000
  py          1    0.004257070  0.004257070   0.008514140   0.000000000    90.0000    0.0000
  pz          1    0.004257071  0.004257071   0.008514141   0.000000000    90.0000    0.0000
   sum over m      0.012772723  0.012772723   0.025545446   0.000000000
   sum over m+mul  1.304834456  1.304834456   2.609668913   0.000000000
  d3z^2-r^2   0    0.012443206  0.012443206   0.024886412   0.000000000    90.0000    0.0000
  dx^2-y^2    0    0.012443300  0.012443300   0.024886600   0.000000000    90.0000    0.0000
  dxy         0    0.025357298  0.025357298   0.050714595   0.000000000    90.0000    0.0000
  dxz         0    0.025357298  0.025357298   0.050714595   0.000000000    90.0000    0.0000
  dyz         0    0.025357517  0.025357517   0.050715034   0.000000000    90.0000    0.0000
   sum over m      0.100958618  0.100958618   0.201917237   0.000000000
   sum over m+mul  0.100958618  0.100958618   0.201917237   0.000000000

   39   Si          Up spin      Down spin     Sum           Diff           Angles(Deg)
            multiple
  s           0    0.590330368  0.590330368   1.180660735   0.000000000    90.0000    0.0000
   sum over m      0.590330368  0.590330368   1.180660735   0.000000000
  s           1    0.003829226  0.003829226   0.007658451   0.000000000    90.0000    0.0000
   sum over m      0.003829226  0.003829226   0.007658451   0.000000000
   sum over m+mul  0.594159593  0.594159593   1.188319186   0.000000000
  px          0    0.430670888  0.430670888   0.861341776   0.000000000    90.0000    0.0000
  py          0    0.430719955  0.430719955   0.861439910   0.000000000    90.0000    0.0000
  pz          0    0.430670891  0.430670891   0.861341781   0.000000000    90.0000    0.0000
   sum over m      1.292061734  1.292061734   2.584123467   0.000000000
  px          1    0.004257070  0.004257070   0.008514140   0.000000000    90.0000    0.0000
  py          1    0.004258582  0.004258582   0.008517164   0.000000000    90.0000    0.0000
  pz          1    0.004257071  0.004257071   0.008514141   0.000000000    90.0000    0.0000
   sum over m      0.012772723  0.012772723   0.025545446   0.000000000
   sum over m+mul  1.304834456  1.304834456   2.609668913   0.000000000
  d3z^2-r^2   0    0.012443206  0.012443206   0.024886412   0.000000000    90.0000    0.0000
  dx^2-y^2    0    0.012443300  0.012443300   0.024886600   0.000000000    90.0000    0.0000
  dxy         0    0.025357298  0.025357298   0.050714595   0.000000000    90.0000    0.0000
  dxz         0    0.025357517  0.025357517   0.050715034   0.000000000    90.0000    0.0000
  dyz         0    0.025357298  0.025357298   0.050714595   0.000000000    90.0000    0.0000
   sum over m      0.100958618  0.100958618   0.201917237   0.000000000
   sum over m+mul  0.100958618  0.100958618   0.201917237   0.000000000

   40   Si          Up spin      Down spin     Sum           Diff           Angles(Deg)
            multiple
  s           0    0.590330367  0.590330367   1.180660734   0.000000000    90.0000    0.0000
   sum over m      0.590330367  0.590330367   1.180660734   0.000000000
  s           1    0.003829226  0.003829226   0.007658451   0.000000000    90.0000    0.0000
   sum over m      0.003829226  0.003829226   0.007658451   0.000000000
   sum over m+mul  0.594159592  0.594159592   1.188319185   0.000000000
  px          0    0.430670888  0.430670888   0.861341776   0.000000000    90.0000    0.0000
  py          0    0.430670888  0.430670888   0.861341776   0.000000000    90.0000    0.0000
  pz          0    0.430719957  0.430719957   0.861439913   0.000000000    90.0000    0.0000
   sum over m      1.292061733  1.292061733   2.584123466   0.000000000
  px          1    0.004257070  0.004257070   0.008514141   0.000000000    90.0000    0.0000
  py          1    0.004257070  0.004257070   0.008514141   0.000000000    90.0000    0.0000
  pz          1    0.004258582  0.004258582   0.008517164   0.000000000    90.0000    0.0000
   sum over m      0.012772723  0.012772723   0.025545446   0.000000000
   sum over m+mul  1.304834456  1.304834456   2.609668912   0.000000000
  d3z^2-r^2   0    0.012443347  0.012443347   0.024886694   0.000000000    90.0000    0.0000
  dx^2-y^2    0    0.012443159  0.012443159   0.024886319   0.000000000    90.0000    0.0000
  dxy         0    0.025357517  0.025357517   0.050715034   0.000000000    90.0000    0.0000
  dxz         0    0.025357298  0.025357298   0.050714595   0.000000000    90.0000    0.0000
  dyz         0    0.025357298  0.025357298   0.050714595   0.000000000    90.0000    0.0000
   sum over m      0.100958619  0.100958619   0.201917237   0.000000000
   sum over m+mul  0.100958619  0.100958619   0.201917237   0.000000000

   41   Si          Up spin      Down spin     Sum           Diff           Angles(Deg)
            multiple
  s           0    0.590342981  0.590342981   1.180685963   0.000000000    90.0000    0.0000
   sum over m      0.590342981  0.590342981   1.180685963   0.000000000
  s           1    0.003834523  0.003834523   0.007669045   0.000000000    90.0000    0.0000
   sum over m      0.003834523  0.003834523   0.007669045   0.000000000
   sum over m+mul  0.594177504  0.594177504   1.188355008   0.000000000
  px          0    0.430677416  0.430677416   0.861354832   0.000000000    90.0000    0.0000
  py          0    0.430706978  0.430706978   0.861413957   0.000000000    90.0000    0.0000
  pz          0    0.430677419  0.430677419   0.861354837   0.000000000    90.0000    0.0000
   sum over m      1.292061813  1.292061813   2.584123626   0.000000000
  px          1    0.004256547  0.004256547   0.008513094   0.000000000    90.0000    0.0000
  py          1    0.004260040  0.004260040   0.008520079   0.000000000    90.0000    0.0000
  pz          1    0.004256547  0.004256547   0.008513094   0.000000000    90.0000    0.0000
   sum over m      0.012773134  0.012773134   0.025546268   0.000000000
   sum over m+mul  1.304834947  1.304834947   2.609669893   0.000000000
  d3z^2-r^2   0    0.012443236  0.012443236   0.024886472   0.000000000    90.0000    0.0000
  dx^2-y^2    0    0.012443286  0.012443286   0.024886573   0.000000000    90.0000    0.0000
  dxy         0    0.025357319  0.025357319   0.050714638   0.000000000    90.0000    0.0000
  dxz         0    0.025357741  0.025357741   0.050715482   0.000000000    90.0000    0.0000
  dyz         0    0.025357319  0.025357319   0.050714638   0.000000000    90.0000    0.0000
   sum over m      0.100958901  0.100958901   0.201917802   0.000000000
   sum over m+mul  0.100958901  0.100958901   0.201917802   0.000000000

   42   Si          Up spin      Down spin     Sum           Diff           Angles(Deg)
            multiple
  s           0    0.590330368  0.590330368   1.180660735   0.000000000    90.0000    0.0000
   sum over m      0.590330368  0.590330368   1.180660735   0.000000000
  s           1    0.003829226  0.003829226   0.007658451   0.000000000    90.0000    0.0000
   sum over m      0.003829226  0.003829226   0.007658451   0.000000000
   sum over m+mul  0.594159593  0.594159593   1.188319186   0.000000000
  px          0    0.430719955  0.430719955   0.861439910   0.000000000    90.0000    0.0000
  py          0    0.430670888  0.430670888   0.861341776   0.000000000    90.0000    0.0000
  pz          0    0.430670891  0.430670891   0.861341781   0.000000000    90.0000    0.0000
   sum over m      1.292061734  1.292061734   2.584123467   0.000000000
  px          1    0.004258582  0.004258582   0.008517164   0.000000000    90.0000    0.0000
  py          1    0.004257070  0.004257070   0.008514140   0.000000000    90.0000    0.0000
  pz          1    0.004257071  0.004257071   0.008514141   0.000000000    90.0000    0.0000
   sum over m      0.012772723  0.012772723   0.025545446   0.000000000
   sum over m+mul  1.304834456  1.304834456   2.609668913   0.000000000
  d3z^2-r^2   0    0.012443206  0.012443206   0.024886412   0.000000000    90.0000    0.0000
  dx^2-y^2    0    0.012443300  0.012443300   0.024886600   0.000000000    90.0000    0.0000
  dxy         0    0.025357298  0.025357298   0.050714595   0.000000000    90.0000    0.0000
  dxz         0    0.025357298  0.025357298   0.050714595   0.000000000    90.0000    0.0000
  dyz         0    0.025357517  0.025357517   0.050715034   0.000000000    90.0000    0.0000
   sum over m      0.100958618  0.100958618   0.201917237   0.000000000
   sum over m+mul  0.100958618  0.100958618   0.201917237   0.000000000

   43   Si          Up spin      Down spin     Sum           Diff           Angles(Deg)
            multiple
  s           0    0.590342981  0.590342981   1.180685962   0.000000000    90.0000    0.0000
   sum over m      0.590342981  0.590342981   1.180685962   0.000000000
  s           1    0.003834522  0.003834522   0.007669044   0.000000000    90.0000    0.0000
   sum over m      0.003834522  0.003834522   0.007669044   0.000000000
   sum over m+mul  0.594177503  0.594177503   1.188355006   0.000000000
  px          0    0.430677417  0.430677417   0.861354834   0.000000000    90.0000    0.0000
  py          0    0.430677417  0.430677417   0.861354834   0.000000000    90.0000    0.0000
  pz          0    0.430706980  0.430706980   0.861413961   0.000000000    90.0000    0.0000
   sum over m      1.292061815  1.292061815   2.584123629   0.000000000
  px          1    0.004256547  0.004256547   0.008513094   0.000000000    90.0000    0.0000
  py          1    0.004256547  0.004256547   0.008513094   0.000000000    90.0000    0.0000
  pz          1    0.004260039  0.004260039   0.008520079   0.000000000    90.0000    0.0000
   sum over m      0.012773133  0.012773133   0.025546267   0.000000000
   sum over m+mul  1.304834948  1.304834948   2.609669896   0.000000000
  d3z^2-r^2   0    0.012443312  0.012443312   0.024886623   0.000000000    90.0000    0.0000
  dx^2-y^2    0    0.012443211  0.012443211   0.024886422   0.000000000    90.0000    0.0000
  dxy         0    0.025357741  0.025357741   0.050715481   0.000000000    90.0000    0.0000
  dxz         0    0.025357319  0.025357319   0.050714638   0.000000000    90.0000    0.0000
  dyz         0    0.025357319  0.025357319   0.050714638   0.000000000    90.0000    0.0000
   sum over m      0.100958901  0.100958901   0.201917802   0.000000000
   sum over m+mul  0.100958901  0.100958901   0.201917802   0.000000000

   44   Si          Up spin      Down spin     Sum           Diff           Angles(Deg)
            multiple
  s           0    0.590381656  0.590381656   1.180763311   0.000000000    90.0000    0.0000
   sum over m      0.590381656  0.590381656   1.180763311   0.000000000
  s           1    0.003854728  0.003854728   0.007709455   0.000000000    90.0000    0.0000
   sum over m      0.003854728  0.003854728   0.007709455   0.000000000
   sum over m+mul  0.594236383  0.594236383   1.188472767   0.000000000
  px          0    0.430695138  0.430695138   0.861390275   0.000000000    90.0000    0.0000
  py          0    0.430695138  0.430695138   0.861390275   0.000000000    90.0000    0.0000
  pz          0    0.430695141  0.430695141   0.861390282   0.000000000    90.0000    0.0000
   sum over m      1.292085416  1.292085416   2.584170833   0.000000000
  px          1    0.004265202  0.004265202   0.008530405   0.000000000    90.0000    0.0000
  py          1    0.004265202  0.004265202   0.008530405   0.000000000    90.0000    0.0000
  pz          1    0.004265202  0.004265202   0.008530404   0.000000000    90.0000    0.0000
   sum over m      0.012795607  0.012795607   0.025591214   0.000000000
   sum over m+mul  1.304881024  1.304881024   2.609762047   0.000000000
  d3z^2-r^2   0    0.012443059  0.012443059   0.024886119   0.000000000    90.0000    0.0000
  dx^2-y^2    0    0.012443059  0.012443059   0.024886119   0.000000000    90.0000    0.0000
  dxy         0    0.025357174  0.025357174   0.050714347   0.000000000    90.0000    0.0000
  dxz         0    0.025357174  0.025357174   0.050714347   0.000000000    90.0000    0.0000
  dyz         0    0.025357174  0.025357174   0.050714347   0.000000000    90.0000    0.0000
   sum over m      0.100957639  0.100957639   0.201915279   0.000000000
   sum over m+mul  0.100957639  0.100957639   0.201915279   0.000000000

   45   Si          Up spin      Down spin     Sum           Diff           Angles(Deg)
            multiple
  s           0    0.590381656  0.590381656   1.180763311   0.000000000    90.0000    0.0000
   sum over m      0.590381656  0.590381656   1.180763311   0.000000000
  s           1    0.003854728  0.003854728   0.007709455   0.000000000    90.0000    0.0000
   sum over m      0.003854728  0.003854728   0.007709455   0.000000000
   sum over m+mul  0.594236383  0.594236383   1.188472767   0.000000000
  px          0    0.430695138  0.430695138   0.861390275   0.000000000    90.0000    0.0000
  py          0    0.430695138  0.430695138   0.861390275   0.000000000    90.0000    0.0000
  pz          0    0.430695141  0.430695141   0.861390282   0.000000000    90.0000    0.0000
   sum over m      1.292085416  1.292085416   2.584170833   0.000000000
  px          1    0.004265202  0.004265202   0.008530405   0.000000000    90.0000    0.0000
  py          1    0.004265202  0.004265202   0.008530405   0.000000000    90.0000    0.0000
  pz          1    0.004265202  0.004265202   0.008530404   0.000000000    90.0000    0.0000
   sum over m      0.012795607  0.012795607   0.025591214   0.000000000
   sum over m+mul  1.304881024  1.304881024   2.609762047   0.000000000
  d3z^2-r^2   0    0.012443059  0.012443059   0.024886119   0.000000000    90.0000    0.0000
  dx^2-y^2    0    0.012443059  0.012443059   0.024886119   0.000000000    90.0000    0.0000
  dxy         0    0.025357174  0.025357174   0.050714347   0.000000000    90.0000    0.0000
  dxz         0    0.025357174  0.025357174   0.050714347   0.000000000    90.0000    0.0000
  dyz         0    0.025357174  0.025357174   0.050714347   0.000000000    90.0000    0.0000
   sum over m      0.100957639  0.100957639   0.201915279   0.000000000
   sum over m+mul  0.100957639  0.100957639   0.201915279   0.000000000

   46   Si          Up spin      Down spin     Sum           Diff           Angles(Deg)
            multiple
  s           0    0.590342981  0.590342981   1.180685963   0.000000000    90.0000    0.0000
   sum over m      0.590342981  0.590342981   1.180685963   0.000000000
  s           1    0.003834523  0.003834523   0.007669045   0.000000000    90.0000    0.0000
   sum over m      0.003834523  0.003834523   0.007669045   0.000000000
   sum over m+mul  0.594177504  0.594177504   1.188355008   0.000000000
  px          0    0.430677416  0.430677416   0.861354832   0.000000000    90.0000    0.0000
  py          0    0.430706978  0.430706978   0.861413957   0.000000000    90.0000    0.0000
  pz          0    0.430677419  0.430677419   0.861354837   0.000000000    90.0000    0.0000
   sum over m      1.292061813  1.292061813   2.584123626   0.000000000
  px          1    0.004256547  0.004256547   0.008513094   0.000000000    90.0000    0.0000
  py          1    0.004260040  0.004260040   0.008520079   0.000000000    90.0000    0.0000
  pz          1    0.004256547  0.004256547   0.008513094   0.000000000    90.0000    0.0000
   sum over m      0.012773134  0.012773134   0.025546268   0.000000000
   sum over m+mul  1.304834947  1.304834947   2.609669893   0.000000000
  d3z^2-r^2   0    0.012443236  0.012443236   0.024886472   0.000000000    90.0000    0.0000
  dx^2-y^2    0    0.012443286  0.012443286   0.024886573   0.000000000    90.0000    0.0000
  dxy         0    0.025357319  0.025357319   0.050714638   0.000000000    90.0000    0.0000
  dxz         0    0.025357741  0.025357741   0.050715482   0.000000000    90.0000    0.0000
  dyz         0    0.025357319  0.025357319   0.050714638   0.000000000    90.0000    0.0000
   sum over m      0.100958901  0.100958901   0.201917802   0.000000000
   sum over m+mul  0.100958901  0.100958901   0.201917802   0.000000000

   47   Si          Up spin      Down spin     Sum           Diff           Angles(Deg)
            multiple
  s           0    0.590342981  0.590342981   1.180685963   0.000000000    90.0000    0.0000
   sum over m      0.590342981  0.590342981   1.180685963   0.000000000
  s           1    0.003834523  0.003834523   0.007669045   0.000000000    90.0000    0.0000
   sum over m      0.003834523  0.003834523   0.007669045   0.000000000
   sum over m+mul  0.594177504  0.594177504   1.188355008   0.000000000
  px          0    0.430706978  0.430706978   0.861413957   0.000000000    90.0000    0.0000
  py          0    0.430677416  0.430677416   0.861354832   0.000000000    90.0000    0.0000
  pz          0    0.430677419  0.430677419   0.861354837   0.000000000    90.0000    0.0000
   sum over m      1.292061813  1.292061813   2.584123626   0.000000000
  px          1    0.004260040  0.004260040   0.008520079   0.000000000    90.0000    0.0000
  py          1    0.004256547  0.004256547   0.008513094   0.000000000    90.0000    0.0000
  pz          1    0.004256547  0.004256547   0.008513094   0.000000000    90.0000    0.0000
   sum over m      0.012773134  0.012773134   0.025546268   0.000000000
   sum over m+mul  1.304834947  1.304834947   2.609669893   0.000000000
  d3z^2-r^2   0    0.012443236  0.012443236   0.024886472   0.000000000    90.0000    0.0000
  dx^2-y^2    0    0.012443286  0.012443286   0.024886573   0.000000000    90.0000    0.0000
  dxy         0    0.025357319  0.025357319   0.050714638   0.000000000    90.0000    0.0000
  dxz         0    0.025357319  0.025357319   0.050714638   0.000000000    90.0000    0.0000
  dyz         0    0.025357741  0.025357741   0.050715482   0.000000000    90.0000    0.0000
   sum over m      0.100958901  0.100958901   0.201917802   0.000000000
   sum over m+mul  0.100958901  0.100958901   0.201917802   0.000000000

   48   Si          Up spin      Down spin     Sum           Diff           Angles(Deg)
            multiple
  s           0    0.590330367  0.590330367   1.180660734   0.000000000    90.0000    0.0000
   sum over m      0.590330367  0.590330367   1.180660734   0.000000000
  s           1    0.003829226  0.003829226   0.007658451   0.000000000    90.0000    0.0000
   sum over m      0.003829226  0.003829226   0.007658451   0.000000000
   sum over m+mul  0.594159592  0.594159592   1.188319185   0.000000000
  px          0    0.430670888  0.430670888   0.861341776   0.000000000    90.0000    0.0000
  py          0    0.430670888  0.430670888   0.861341776   0.000000000    90.0000    0.0000
  pz          0    0.430719957  0.430719957   0.861439913   0.000000000    90.0000    0.0000
   sum over m      1.292061733  1.292061733   2.584123466   0.000000000
  px          1    0.004257070  0.004257070   0.008514141   0.000000000    90.0000    0.0000
  py          1    0.004257070  0.004257070   0.008514141   0.000000000    90.0000    0.0000
  pz          1    0.004258582  0.004258582   0.008517164   0.000000000    90.0000    0.0000
   sum over m      0.012772723  0.012772723   0.025545446   0.000000000
   sum over m+mul  1.304834456  1.304834456   2.609668912   0.000000000
  d3z^2-r^2   0    0.012443347  0.012443347   0.024886694   0.000000000    90.0000    0.0000
  dx^2-y^2    0    0.012443159  0.012443159   0.024886319   0.000000000    90.0000    0.0000
  dxy         0    0.025357517  0.025357517   0.050715034   0.000000000    90.0000    0.0000
  dxz         0    0.025357298  0.025357298   0.050714595   0.000000000    90.0000    0.0000
  dyz         0    0.025357298  0.025357298   0.050714595   0.000000000    90.0000    0.0000
   sum over m      0.100958619  0.100958619   0.201917237   0.000000000
   sum over m+mul  0.100958619  0.100958619   0.201917237   0.000000000

   49   Si          Up spin      Down spin     Sum           Diff           Angles(Deg)
            multiple
  s           0    0.590377353  0.590377353   1.180754707   0.000000000    90.0000    0.0000
   sum over m      0.590377353  0.590377353   1.180754707   0.000000000
  s           1    0.003852934  0.003852934   0.007705867   0.000000000    90.0000    0.0000
   sum over m      0.003852934  0.003852934   0.007705867   0.000000000
   sum over m+mul  0.594230287  0.594230287   1.188460574   0.000000000
  px          0    0.430701224  0.430701224   0.861402448   0.000000000    90.0000    0.0000
  py          0    0.430701224  0.430701224   0.861402448   0.000000000    90.0000    0.0000
  pz          0    0.430701227  0.430701227   0.861402453   0.000000000    90.0000    0.0000
   sum over m      1.292103675  1.292103675   2.584207350   0.000000000
  px          1    0.004263697  0.004263697   0.008527394   0.000000000    90.0000    0.0000
  py          1    0.004263697  0.004263697   0.008527394   0.000000000    90.0000    0.0000
  pz          1    0.004263697  0.004263697   0.008527394   0.000000000    90.0000    0.0000
   sum over m      0.012791091  0.012791091   0.025582181   0.000000000
   sum over m+mul  1.304894765  1.304894765   2.609789531   0.000000000
  d3z^2-r^2   0    0.012443145  0.012443145   0.024886290   0.000000000    90.0000    0.0000
  dx^2-y^2    0    0.012443145  0.012443145   0.024886290   0.000000000    90.0000    0.0000
  dxy         0    0.025357194  0.025357194   0.050714388   0.000000000    90.0000    0.0000
  dxz         0    0.025357194  0.025357194   0.050714388   0.000000000    90.0000    0.0000
  dyz         0    0.025357194  0.025357194   0.050714388   0.000000000    90.0000    0.0000
   sum over m      0.100957872  0.100957872   0.201915743   0.000000000
   sum over m+mul  0.100957872  0.100957872   0.201915743   0.000000000

   50   Si          Up spin      Down spin     Sum           Diff           Angles(Deg)
            multiple
  s           0    0.590377353  0.590377353   1.180754707   0.000000000    90.0000    0.0000
   sum over m      0.590377353  0.590377353   1.180754707   0.000000000
  s           1    0.003852934  0.003852934   0.007705867   0.000000000    90.0000    0.0000
   sum over m      0.003852934  0.003852934   0.007705867   0.000000000
   sum over m+mul  0.594230287  0.594230287   1.188460574   0.000000000
  px          0    0.430701224  0.430701224   0.861402448   0.000000000    90.0000    0.0000
  py          0    0.430701224  0.430701224   0.861402448   0.000000000    90.0000    0.0000
  pz          0    0.430701227  0.430701227   0.861402453   0.000000000    90.0000    0.0000
   sum over m      1.292103675  1.292103675   2.584207350   0.000000000
  px          1    0.004263697  0.004263697   0.008527394   0.000000000    90.0000    0.0000
  py          1    0.004263697  0.004263697   0.008527394   0.000000000    90.0000    0.0000
  pz          1    0.004263697  0.004263697   0.008527394   0.000000000    90.0000    0.0000
   sum over m      0.012791091  0.012791091   0.025582181   0.000000000
   sum over m+mul  1.304894765  1.304894765   2.609789531   0.000000000
  d3z^2-r^2   0    0.012443145  0.012443145   0.024886290   0.000000000    90.0000    0.0000
  dx^2-y^2    0    0.012443145  0.012443145   0.024886290   0.000000000    90.0000    0.0000
  dxy         0    0.025357194  0.025357194   0.050714388   0.000000000    90.0000    0.0000
  dxz         0    0.025357194  0.025357194   0.050714388   0.000000000    90.0000    0.0000
  dyz         0    0.025357194  0.025357194   0.050714388   0.000000000    90.0000    0.0000
   sum over m      0.100957872  0.100957872   0.201915743   0.000000000
   sum over m+mul  0.100957872  0.100957872   0.201915743   0.000000000

   51   Si          Up spin      Down spin     Sum           Diff           Angles(Deg)
            multiple
  s           0    0.590342981  0.590342981   1.180685963   0.000000000    90.0000    0.0000
   sum over m      0.590342981  0.590342981   1.180685963   0.000000000
  s           1    0.003834523  0.003834523   0.007669045   0.000000000    90.0000    0.0000
   sum over m      0.003834523  0.003834523   0.007669045   0.000000000
   sum over m+mul  0.594177504  0.594177504   1.188355008   0.000000000
  px          0    0.430677416  0.430677416   0.861354832   0.000000000    90.0000    0.0000
  py          0    0.430706978  0.430706978   0.861413957   0.000000000    90.0000    0.0000
  pz          0    0.430677419  0.430677419   0.861354837   0.000000000    90.0000    0.0000
   sum over m      1.292061813  1.292061813   2.584123626   0.000000000
  px          1    0.004256547  0.004256547   0.008513094   0.000000000    90.0000    0.0000
  py          1    0.004260040  0.004260040   0.008520079   0.000000000    90.0000    0.0000
  pz          1    0.004256547  0.004256547   0.008513094   0.000000000    90.0000    0.0000
   sum over m      0.012773134  0.012773134   0.025546268   0.000000000
   sum over m+mul  1.304834947  1.304834947   2.609669893   0.000000000
  d3z^2-r^2   0    0.012443236  0.012443236   0.024886472   0.000000000    90.0000    0.0000
  dx^2-y^2    0    0.012443286  0.012443286   0.024886573   0.000000000    90.0000    0.0000
  dxy         0    0.025357319  0.025357319   0.050714638   0.000000000    90.0000    0.0000
  dxz         0    0.025357741  0.025357741   0.050715482   0.000000000    90.0000    0.0000
  dyz         0    0.025357319  0.025357319   0.050714638   0.000000000    90.0000    0.0000
   sum over m      0.100958901  0.100958901   0.201917802   0.000000000
   sum over m+mul  0.100958901  0.100958901   0.201917802   0.000000000

   52   Si          Up spin      Down spin     Sum           Diff           Angles(Deg)
            multiple
  s           0    0.590342981  0.590342981   1.180685963   0.000000000    90.0000    0.0000
   sum over m      0.590342981  0.590342981   1.180685963   0.000000000
  s           1    0.003834523  0.003834523   0.007669045   0.000000000    90.0000    0.0000
   sum over m      0.003834523  0.003834523   0.007669045   0.000000000
   sum over m+mul  0.594177504  0.594177504   1.188355008   0.000000000
  px          0    0.430677416  0.430677416   0.861354832   0.000000000    90.0000    0.0000
  py          0    0.430706978  0.430706978   0.861413957   0.000000000    90.0000    0.0000
  pz          0    0.430677419  0.430677419   0.861354837   0.000000000    90.0000    0.0000
   sum over m      1.292061813  1.292061813   2.584123626   0.000000000
  px          1    0.004256547  0.004256547   0.008513094   0.000000000    90.0000    0.0000
  py          1    0.004260040  0.004260040   0.008520079   0.000000000    90.0000    0.0000
  pz          1    0.004256547  0.004256547   0.008513094   0.000000000    90.0000    0.0000
   sum over m      0.012773134  0.012773134   0.025546268   0.000000000
   sum over m+mul  1.304834947  1.304834947   2.609669893   0.000000000
  d3z^2-r^2   0    0.012443236  0.012443236   0.024886472   0.000000000    90.0000    0.0000
  dx^2-y^2    0    0.012443286  0.012443286   0.024886573   0.000000000    90.0000    0.0000
  dxy         0    0.025357319  0.025357319   0.050714638   0.000000000    90.0000    0.0000
  dxz         0    0.025357741  0.025357741   0.050715482   0.000000000    90.0000    0.0000
  dyz         0    0.025357319  0.025357319   0.050714638   0.000000000    90.0000    0.0000
   sum over m      0.100958901  0.100958901   0.201917802   0.000000000
   sum over m+mul  0.100958901  0.100958901   0.201917802   0.000000000

   53   Si          Up spin      Down spin     Sum           Diff           Angles(Deg)
            multiple
  s           0    0.590342981  0.590342981   1.180685962   0.000000000    90.0000    0.0000
   sum over m      0.590342981  0.590342981   1.180685962   0.000000000
  s           1    0.003834522  0.003834522   0.007669044   0.000000000    90.0000    0.0000
   sum over m      0.003834522  0.003834522   0.007669044   0.000000000
   sum over m+mul  0.594177503  0.594177503   1.188355006   0.000000000
  px          0    0.430677417  0.430677417   0.861354834   0.000000000    90.0000    0.0000
  py          0    0.430677417  0.430677417   0.861354834   0.000000000    90.0000    0.0000
  pz          0    0.430706980  0.430706980   0.861413961   0.000000000    90.0000    0.0000
   sum over m      1.292061815  1.292061815   2.584123629   0.000000000
  px          1    0.004256547  0.004256547   0.008513094   0.000000000    90.0000    0.0000
  py          1    0.004256547  0.004256547   0.008513094   0.000000000    90.0000    0.0000
  pz          1    0.004260039  0.004260039   0.008520079   0.000000000    90.0000    0.0000
   sum over m      0.012773133  0.012773133   0.025546267   0.000000000
   sum over m+mul  1.304834948  1.304834948   2.609669896   0.000000000
  d3z^2-r^2   0    0.012443312  0.012443312   0.024886623   0.000000000    90.0000    0.0000
  dx^2-y^2    0    0.012443211  0.012443211   0.024886422   0.000000000    90.0000    0.0000
  dxy         0    0.025357741  0.025357741   0.050715481   0.000000000    90.0000    0.0000
  dxz         0    0.025357319  0.025357319   0.050714638   0.000000000    90.0000    0.0000
  dyz         0    0.025357319  0.025357319   0.050714638   0.000000000    90.0000    0.0000
   sum over m      0.100958901  0.100958901   0.201917802   0.000000000
   sum over m+mul  0.100958901  0.100958901   0.201917802   0.000000000

   54   Si          Up spin      Down spin     Sum           Diff           Angles(Deg)
            multiple
  s           0    0.590381656  0.590381656   1.180763311   0.000000000    90.0000    0.0000
   sum over m      0.590381656  0.590381656   1.180763311   0.000000000
  s           1    0.003854728  0.003854728   0.007709455   0.000000000    90.0000    0.0000
   sum over m      0.003854728  0.003854728   0.007709455   0.000000000
   sum over m+mul  0.594236383  0.594236383   1.188472767   0.000000000
  px          0    0.430695138  0.430695138   0.861390275   0.000000000    90.0000    0.0000
  py          0    0.430695138  0.430695138   0.861390275   0.000000000    90.0000    0.0000
  pz          0    0.430695141  0.430695141   0.861390282   0.000000000    90.0000    0.0000
   sum over m      1.292085416  1.292085416   2.584170833   0.000000000
  px          1    0.004265202  0.004265202   0.008530405   0.000000000    90.0000    0.0000
  py          1    0.004265202  0.004265202   0.008530405   0.000000000    90.0000    0.0000
  pz          1    0.004265202  0.004265202   0.008530404   0.000000000    90.0000    0.0000
   sum over m      0.012795607  0.012795607   0.025591214   0.000000000
   sum over m+mul  1.304881024  1.304881024   2.609762047   0.000000000
  d3z^2-r^2   0    0.012443059  0.012443059   0.024886119   0.000000000    90.0000    0.0000
  dx^2-y^2    0    0.012443059  0.012443059   0.024886119   0.000000000    90.0000    0.0000
  dxy         0    0.025357174  0.025357174   0.050714347   0.000000000    90.0000    0.0000
  dxz         0    0.025357174  0.025357174   0.050714347   0.000000000    90.0000    0.0000
  dyz         0    0.025357174  0.025357174   0.050714347   0.000000000    90.0000    0.0000
   sum over m      0.100957639  0.100957639   0.201915279   0.000000000
   sum over m+mul  0.100957639  0.100957639   0.201915279   0.000000000

   55   Si          Up spin      Down spin     Sum           Diff           Angles(Deg)
            multiple
  s           0    0.590342981  0.590342981   1.180685963   0.000000000    90.0000    0.0000
   sum over m      0.590342981  0.590342981   1.180685963   0.000000000
  s           1    0.003834523  0.003834523   0.007669045   0.000000000    90.0000    0.0000
   sum over m      0.003834523  0.003834523   0.007669045   0.000000000
   sum over m+mul  0.594177504  0.594177504   1.188355008   0.000000000
  px          0    0.430706978  0.430706978   0.861413957   0.000000000    90.0000    0.0000
  py          0    0.430677416  0.430677416   0.861354832   0.000000000    90.0000    0.0000
  pz          0    0.430677419  0.430677419   0.861354837   0.000000000    90.0000    0.0000
   sum over m      1.292061813  1.292061813   2.584123626   0.000000000
  px          1    0.004260040  0.004260040   0.008520079   0.000000000    90.0000    0.0000
  py          1    0.004256547  0.004256547   0.008513094   0.000000000    90.0000    0.0000
  pz          1    0.004256547  0.004256547   0.008513094   0.000000000    90.0000    0.0000
   sum over m      0.012773134  0.012773134   0.025546268   0.000000000
   sum over m+mul  1.304834947  1.304834947   2.609669893   0.000000000
  d3z^2-r^2   0    0.012443236  0.012443236   0.024886472   0.000000000    90.0000    0.0000
  dx^2-y^2    0    0.012443286  0.012443286   0.024886573   0.000000000    90.0000    0.0000
  dxy         0    0.025357319  0.025357319   0.050714638   0.000000000    90.0000    0.0000
  dxz         0    0.025357319  0.025357319   0.050714638   0.000000000    90.0000    0.0000
  dyz         0    0.025357741  0.025357741   0.050715482   0.000000000    90.0000    0.0000
   sum over m      0.100958901  0.100958901   0.201917802   0.000000000
   sum over m+mul  0.100958901  0.100958901   0.201917802   0.000000000

   56   Si          Up spin      Down spin     Sum           Diff           Angles(Deg)
            multiple
  s           0    0.590330368  0.590330368   1.180660735   0.000000000    90.0000    0.0000
   sum over m      0.590330368  0.590330368   1.180660735   0.000000000
  s           1    0.003829226  0.003829226   0.007658451   0.000000000    90.0000    0.0000
   sum over m      0.003829226  0.003829226   0.007658451   0.000000000
   sum over m+mul  0.594159593  0.594159593   1.188319186   0.000000000
  px          0    0.430670888  0.430670888   0.861341776   0.000000000    90.0000    0.0000
  py          0    0.430719955  0.430719955   0.861439910   0.000000000    90.0000    0.0000
  pz          0    0.430670891  0.430670891   0.861341781   0.000000000    90.0000    0.0000
   sum over m      1.292061734  1.292061734   2.584123467   0.000000000
  px          1    0.004257070  0.004257070   0.008514140   0.000000000    90.0000    0.0000
  py          1    0.004258582  0.004258582   0.008517164   0.000000000    90.0000    0.0000
  pz          1    0.004257071  0.004257071   0.008514141   0.000000000    90.0000    0.0000
   sum over m      0.012772723  0.012772723   0.025545446   0.000000000
   sum over m+mul  1.304834456  1.304834456   2.609668913   0.000000000
  d3z^2-r^2   0    0.012443206  0.012443206   0.024886412   0.000000000    90.0000    0.0000
  dx^2-y^2    0    0.012443300  0.012443300   0.024886600   0.000000000    90.0000    0.0000
  dxy         0    0.025357298  0.025357298   0.050714595   0.000000000    90.0000    0.0000
  dxz         0    0.025357517  0.025357517   0.050715034   0.000000000    90.0000    0.0000
  dyz         0    0.025357298  0.025357298   0.050714595   0.000000000    90.0000    0.0000
   sum over m      0.100958618  0.100958618   0.201917237   0.000000000
   sum over m+mul  0.100958618  0.100958618   0.201917237   0.000000000

   57   Si          Up spin      Down spin     Sum           Diff           Angles(Deg)
            multiple
  s           0    0.590342981  0.590342981   1.180685962   0.000000000    90.0000    0.0000
   sum over m      0.590342981  0.590342981   1.180685962   0.000000000
  s           1    0.003834522  0.003834522   0.007669044   0.000000000    90.0000    0.0000
   sum over m      0.003834522  0.003834522   0.007669044   0.000000000
   sum over m+mul  0.594177503  0.594177503   1.188355006   0.000000000
  px          0    0.430677417  0.430677417   0.861354834   0.000000000    90.0000    0.0000
  py          0    0.430677417  0.430677417   0.861354834   0.000000000    90.0000    0.0000
  pz          0    0.430706980  0.430706980   0.861413961   0.000000000    90.0000    0.0000
   sum over m      1.292061815  1.292061815   2.584123629   0.000000000
  px          1    0.004256547  0.004256547   0.008513094   0.000000000    90.0000    0.0000
  py          1    0.004256547  0.004256547   0.008513094   0.000000000    90.0000    0.0000
  pz          1    0.004260039  0.004260039   0.008520079   0.000000000    90.0000    0.0000
   sum over m      0.012773133  0.012773133   0.025546267   0.000000000
   sum over m+mul  1.304834948  1.304834948   2.609669896   0.000000000
  d3z^2-r^2   0    0.012443312  0.012443312   0.024886623   0.000000000    90.0000    0.0000
  dx^2-y^2    0    0.012443211  0.012443211   0.024886422   0.000000000    90.0000    0.0000
  dxy         0    0.025357741  0.025357741   0.050715481   0.000000000    90.0000    0.0000
  dxz         0    0.025357319  0.025357319   0.050714638   0.000000000    90.0000    0.0000
  dyz         0    0.025357319  0.025357319   0.050714638   0.000000000    90.0000    0.0000
   sum over m      0.100958901  0.100958901   0.201917802   0.000000000
   sum over m+mul  0.100958901  0.100958901   0.201917802   0.000000000

   58   Si          Up spin      Down spin     Sum           Diff           Angles(Deg)
            multiple
  s           0    0.590381656  0.590381656   1.180763311   0.000000000    90.0000    0.0000
   sum over m      0.590381656  0.590381656   1.180763311   0.000000000
  s           1    0.003854728  0.003854728   0.007709455   0.000000000    90.0000    0.0000
   sum over m      0.003854728  0.003854728   0.007709455   0.000000000
   sum over m+mul  0.594236383  0.594236383   1.188472767   0.000000000
  px          0    0.430695138  0.430695138   0.861390275   0.000000000    90.0000    0.0000
  py          0    0.430695138  0.430695138   0.861390275   0.000000000    90.0000    0.0000
  pz          0    0.430695141  0.430695141   0.861390282   0.000000000    90.0000    0.0000
   sum over m      1.292085416  1.292085416   2.584170833   0.000000000
  px          1    0.004265202  0.004265202   0.008530405   0.000000000    90.0000    0.0000
  py          1    0.004265202  0.004265202   0.008530405   0.000000000    90.0000    0.0000
  pz          1    0.004265202  0.004265202   0.008530404   0.000000000    90.0000    0.0000
   sum over m      0.012795607  0.012795607   0.025591214   0.000000000
   sum over m+mul  1.304881024  1.304881024   2.609762047   0.000000000
  d3z^2-r^2   0    0.012443059  0.012443059   0.024886119   0.000000000    90.0000    0.0000
  dx^2-y^2    0    0.012443059  0.012443059   0.024886119   0.000000000    90.0000    0.0000
  dxy         0    0.025357174  0.025357174   0.050714347   0.000000000    90.0000    0.0000
  dxz         0    0.025357174  0.025357174   0.050714347   0.000000000    90.0000    0.0000
  dyz         0    0.025357174  0.025357174   0.050714347   0.000000000    90.0000    0.0000
   sum over m      0.100957639  0.100957639   0.201915279   0.000000000
   sum over m+mul  0.100957639  0.100957639   0.201915279   0.000000000

   59   Si          Up spin      Down spin     Sum           Diff           Angles(Deg)
            multiple
  s           0    0.590342981  0.590342981   1.180685963   0.000000000    90.0000    0.0000
   sum over m      0.590342981  0.590342981   1.180685963   0.000000000
  s           1    0.003834523  0.003834523   0.007669045   0.000000000    90.0000    0.0000
   sum over m      0.003834523  0.003834523   0.007669045   0.000000000
   sum over m+mul  0.594177504  0.594177504   1.188355008   0.000000000
  px          0    0.430677416  0.430677416   0.861354832   0.000000000    90.0000    0.0000
  py          0    0.430706978  0.430706978   0.861413957   0.000000000    90.0000    0.0000
  pz          0    0.430677419  0.430677419   0.861354837   0.000000000    90.0000    0.0000
   sum over m      1.292061813  1.292061813   2.584123626   0.000000000
  px          1    0.004256547  0.004256547   0.008513094   0.000000000    90.0000    0.0000
  py          1    0.004260040  0.004260040   0.008520079   0.000000000    90.0000    0.0000
  pz          1    0.004256547  0.004256547   0.008513094   0.000000000    90.0000    0.0000
   sum over m      0.012773134  0.012773134   0.025546268   0.000000000
   sum over m+mul  1.304834947  1.304834947   2.609669893   0.000000000
  d3z^2-r^2   0    0.012443236  0.012443236   0.024886472   0.000000000    90.0000    0.0000
  dx^2-y^2    0    0.012443286  0.012443286   0.024886573   0.000000000    90.0000    0.0000
  dxy         0    0.025357319  0.025357319   0.050714638   0.000000000    90.0000    0.0000
  dxz         0    0.025357741  0.025357741   0.050715482   0.000000000    90.0000    0.0000
  dyz         0    0.025357319  0.025357319   0.050714638   0.000000000    90.0000    0.0000
   sum over m      0.100958901  0.100958901   0.201917802   0.000000000
   sum over m+mul  0.100958901  0.100958901   0.201917802   0.000000000

   60   Si          Up spin      Down spin     Sum           Diff           Angles(Deg)
            multiple
  s           0    0.590330368  0.590330368   1.180660735   0.000000000    90.0000    0.0000
   sum over m      0.590330368  0.590330368   1.180660735   0.000000000
  s           1    0.003829226  0.003829226   0.007658451   0.000000000    90.0000    0.0000
   sum over m      0.003829226  0.003829226   0.007658451   0.000000000
   sum over m+mul  0.594159593  0.594159593   1.188319186   0.000000000
  px          0    0.430719955  0.430719955   0.861439910   0.000000000    90.0000    0.0000
  py          0    0.430670888  0.430670888   0.861341776   0.000000000    90.0000    0.0000
  pz          0    0.430670891  0.430670891   0.861341781   0.000000000    90.0000    0.0000
   sum over m      1.292061734  1.292061734   2.584123467   0.000000000
  px          1    0.004258582  0.004258582   0.008517164   0.000000000    90.0000    0.0000
  py          1    0.004257070  0.004257070   0.008514140   0.000000000    90.0000    0.0000
  pz          1    0.004257071  0.004257071   0.008514141   0.000000000    90.0000    0.0000
   sum over m      0.012772723  0.012772723   0.025545446   0.000000000
   sum over m+mul  1.304834456  1.304834456   2.609668913   0.000000000
  d3z^2-r^2   0    0.012443206  0.012443206   0.024886412   0.000000000    90.0000    0.0000
  dx^2-y^2    0    0.012443300  0.012443300   0.024886600   0.000000000    90.0000    0.0000
  dxy         0    0.025357298  0.025357298   0.050714595   0.000000000    90.0000    0.0000
  dxz         0    0.025357298  0.025357298   0.050714595   0.000000000    90.0000    0.0000
  dyz         0    0.025357517  0.025357517   0.050715034   0.000000000    90.0000    0.0000
   sum over m      0.100958618  0.100958618   0.201917237   0.000000000
   sum over m+mul  0.100958618  0.100958618   0.201917237   0.000000000

   61   Si          Up spin      Down spin     Sum           Diff           Angles(Deg)
            multiple
  s           0    0.590381656  0.590381656   1.180763311   0.000000000    90.0000    0.0000
   sum over m      0.590381656  0.590381656   1.180763311   0.000000000
  s           1    0.003854728  0.003854728   0.007709455   0.000000000    90.0000    0.0000
   sum over m      0.003854728  0.003854728   0.007709455   0.000000000
   sum over m+mul  0.594236383  0.594236383   1.188472767   0.000000000
  px          0    0.430695138  0.430695138   0.861390275   0.000000000    90.0000    0.0000
  py          0    0.430695138  0.430695138   0.861390275   0.000000000    90.0000    0.0000
  pz          0    0.430695141  0.430695141   0.861390282   0.000000000    90.0000    0.0000
   sum over m      1.292085416  1.292085416   2.584170833   0.000000000
  px          1    0.004265202  0.004265202   0.008530405   0.000000000    90.0000    0.0000
  py          1    0.004265202  0.004265202   0.008530405   0.000000000    90.0000    0.0000
  pz          1    0.004265202  0.004265202   0.008530404   0.000000000    90.0000    0.0000
   sum over m      0.012795607  0.012795607   0.025591214   0.000000000
   sum over m+mul  1.304881024  1.304881024   2.609762047   0.000000000
  d3z^2-r^2   0    0.012443059  0.012443059   0.024886119   0.000000000    90.0000    0.0000
  dx^2-y^2    0    0.012443059  0.012443059   0.024886119   0.000000000    90.0000    0.0000
  dxy         0    0.025357174  0.025357174   0.050714347   0.000000000    90.0000    0.0000
  dxz         0    0.025357174  0.025357174   0.050714347   0.000000000    90.0000    0.0000
  dyz         0    0.025357174  0.025357174   0.050714347   0.000000000    90.0000    0.0000
   sum over m      0.100957639  0.100957639   0.201915279   0.000000000
   sum over m+mul  0.100957639  0.100957639   0.201915279   0.000000000

   62   Si          Up spin      Down spin     Sum           Diff           Angles(Deg)
            multiple
  s           0    0.590342981  0.590342981   1.180685962   0.000000000    90.0000    0.0000
   sum over m      0.590342981  0.590342981   1.180685962   0.000000000
  s           1    0.003834522  0.003834522   0.007669044   0.000000000    90.0000    0.0000
   sum over m      0.003834522  0.003834522   0.007669044   0.000000000
   sum over m+mul  0.594177503  0.594177503   1.188355006   0.000000000
  px          0    0.430677417  0.430677417   0.861354834   0.000000000    90.0000    0.0000
  py          0    0.430677417  0.430677417   0.861354834   0.000000000    90.0000    0.0000
  pz          0    0.430706980  0.430706980   0.861413961   0.000000000    90.0000    0.0000
   sum over m      1.292061815  1.292061815   2.584123629   0.000000000
  px          1    0.004256547  0.004256547   0.008513094   0.000000000    90.0000    0.0000
  py          1    0.004256547  0.004256547   0.008513094   0.000000000    90.0000    0.0000
  pz          1    0.004260039  0.004260039   0.008520079   0.000000000    90.0000    0.0000
   sum over m      0.012773133  0.012773133   0.025546267   0.000000000
   sum over m+mul  1.304834948  1.304834948   2.609669896   0.000000000
  d3z^2-r^2   0    0.012443312  0.012443312   0.024886623   0.000000000    90.0000    0.0000
  dx^2-y^2    0    0.012443211  0.012443211   0.024886422   0.000000000    90.0000    0.0000
  dxy         0    0.025357741  0.025357741   0.050715481   0.000000000    90.0000    0.0000
  dxz         0    0.025357319  0.025357319   0.050714638   0.000000000    90.0000    0.0000
  dyz         0    0.025357319  0.025357319   0.050714638   0.000000000    90.0000    0.0000
   sum over m      0.100958901  0.100958901   0.201917802   0.000000000
   sum over m+mul  0.100958901  0.100958901   0.201917802   0.000000000

   63   Si          Up spin      Down spin     Sum           Diff           Angles(Deg)
            multiple
  s           0    0.590330368  0.590330368   1.180660735   0.000000000    90.0000    0.0000
   sum over m      0.590330368  0.590330368   1.180660735   0.000000000
  s           1    0.003829226  0.003829226   0.007658451   0.000000000    90.0000    0.0000
   sum over m      0.003829226  0.003829226   0.007658451   0.000000000
   sum over m+mul  0.594159593  0.594159593   1.188319186   0.000000000
  px          0    0.430670888  0.430670888   0.861341776   0.000000000    90.0000    0.0000
  py          0    0.430719955  0.430719955   0.861439910   0.000000000    90.0000    0.0000
  pz          0    0.430670891  0.430670891   0.861341781   0.000000000    90.0000    0.0000
   sum over m      1.292061734  1.292061734   2.584123467   0.000000000
  px          1    0.004257070  0.004257070   0.008514140   0.000000000    90.0000    0.0000
  py          1    0.004258582  0.004258582   0.008517164   0.000000000    90.0000    0.0000
  pz          1    0.004257071  0.004257071   0.008514141   0.000000000    90.0000    0.0000
   sum over m      0.012772723  0.012772723   0.025545446   0.000000000
   sum over m+mul  1.304834456  1.304834456   2.609668913   0.000000000
  d3z^2-r^2   0    0.012443206  0.012443206   0.024886412   0.000000000    90.0000    0.0000
  dx^2-y^2    0    0.012443300  0.012443300   0.024886600   0.000000000    90.0000    0.0000
  dxy         0    0.025357298  0.025357298   0.050714595   0.000000000    90.0000    0.0000
  dxz         0    0.025357517  0.025357517   0.050715034   0.000000000    90.0000    0.0000
  dyz         0    0.025357298  0.025357298   0.050714595   0.000000000    90.0000    0.0000
   sum over m      0.100958618  0.100958618   0.201917237   0.000000000
   sum over m+mul  0.100958618  0.100958618   0.201917237   0.000000000

   64   Si          Up spin      Down spin     Sum           Diff           Angles(Deg)
            multiple
  s           0    0.590342981  0.590342981   1.180685963   0.000000000    90.0000    0.0000
   sum over m      0.590342981  0.590342981   1.180685963   0.000000000
  s           1    0.003834523  0.003834523   0.007669045   0.000000000    90.0000    0.0000
   sum over m      0.003834523  0.003834523   0.007669045   0.000000000
   sum over m+mul  0.594177504  0.594177504   1.188355008   0.000000000
  px          0    0.430706978  0.430706978   0.861413957   0.000000000    90.0000    0.0000
  py          0    0.430677416  0.430677416   0.861354832   0.000000000    90.0000    0.0000
  pz          0    0.430677419  0.430677419   0.861354837   0.000000000    90.0000    0.0000
   sum over m      1.292061813  1.292061813   2.584123626   0.000000000
  px          1    0.004260040  0.004260040   0.008520079   0.000000000    90.0000    0.0000
  py          1    0.004256547  0.004256547   0.008513094   0.000000000    90.0000    0.0000
  pz          1    0.004256547  0.004256547   0.008513094   0.000000000    90.0000    0.0000
   sum over m      0.012773134  0.012773134   0.025546268   0.000000000
   sum over m+mul  1.304834947  1.304834947   2.609669893   0.000000000
  d3z^2-r^2   0    0.012443236  0.012443236   0.024886472   0.000000000    90.0000    0.0000
  dx^2-y^2    0    0.012443286  0.012443286   0.024886573   0.000000000    90.0000    0.0000
  dxy         0    0.025357319  0.025357319   0.050714638   0.000000000    90.0000    0.0000
  dxz         0    0.025357319  0.025357319   0.050714638   0.000000000    90.0000    0.0000
  dyz         0    0.025357741  0.025357741   0.050715482   0.000000000    90.0000    0.0000
   sum over m      0.100958901  0.100958901   0.201917802   0.000000000
   sum over m+mul  0.100958901  0.100958901   0.201917802   0.000000000

   65   Si          Up spin      Down spin     Sum           Diff           Angles(Deg)
            multiple
  s           0    0.590381656  0.590381656   1.180763311   0.000000000    90.0000    0.0000
   sum over m      0.590381656  0.590381656   1.180763311   0.000000000
  s           1    0.003854728  0.003854728   0.007709455   0.000000000    90.0000    0.0000
   sum over m      0.003854728  0.003854728   0.007709455   0.000000000
   sum over m+mul  0.594236383  0.594236383   1.188472767   0.000000000
  px          0    0.430695138  0.430695138   0.861390275   0.000000000    90.0000    0.0000
  py          0    0.430695138  0.430695138   0.861390275   0.000000000    90.0000    0.0000
  pz          0    0.430695141  0.430695141   0.861390282   0.000000000    90.0000    0.0000
   sum over m      1.292085416  1.292085416   2.584170833   0.000000000
  px          1    0.004265202  0.004265202   0.008530405   0.000000000    90.0000    0.0000
  py          1    0.004265202  0.004265202   0.008530405   0.000000000    90.0000    0.0000
  pz          1    0.004265202  0.004265202   0.008530404   0.000000000    90.0000    0.0000
   sum over m      0.012795607  0.012795607   0.025591214   0.000000000
   sum over m+mul  1.304881024  1.304881024   2.609762047   0.000000000
  d3z^2-r^2   0    0.012443059  0.012443059   0.024886119   0.000000000    90.0000    0.0000
  dx^2-y^2    0    0.012443059  0.012443059   0.024886119   0.000000000    90.0000    0.0000
  dxy         0    0.025357174  0.025357174   0.050714347   0.000000000    90.0000    0.0000
  dxz         0    0.025357174  0.025357174   0.050714347   0.000000000    90.0000    0.0000
  dyz         0    0.025357174  0.025357174   0.050714347   0.000000000    90.0000    0.0000
   sum over m      0.100957639  0.100957639   0.201915279   0.000000000
   sum over m+mul  0.100957639  0.100957639   0.201915279   0.000000000

   66   Si          Up spin      Down spin     Sum           Diff           Angles(Deg)
            multiple
  s           0    0.590342981  0.590342981   1.180685962   0.000000000    90.0000    0.0000
   sum over m      0.590342981  0.590342981   1.180685962   0.000000000
  s           1    0.003834522  0.003834522   0.007669044   0.000000000    90.0000    0.0000
   sum over m      0.003834522  0.003834522   0.007669044   0.000000000
   sum over m+mul  0.594177503  0.594177503   1.188355006   0.000000000
  px          0    0.430677417  0.430677417   0.861354834   0.000000000    90.0000    0.0000
  py          0    0.430677417  0.430677417   0.861354834   0.000000000    90.0000    0.0000
  pz          0    0.430706980  0.430706980   0.861413961   0.000000000    90.0000    0.0000
   sum over m      1.292061815  1.292061815   2.584123629   0.000000000
  px          1    0.004256547  0.004256547   0.008513094   0.000000000    90.0000    0.0000
  py          1    0.004256547  0.004256547   0.008513094   0.000000000    90.0000    0.0000
  pz          1    0.004260039  0.004260039   0.008520079   0.000000000    90.0000    0.0000
   sum over m      0.012773133  0.012773133   0.025546267   0.000000000
   sum over m+mul  1.304834948  1.304834948   2.609669896   0.000000000
  d3z^2-r^2   0    0.012443312  0.012443312   0.024886623   0.000000000    90.0000    0.0000
  dx^2-y^2    0    0.012443211  0.012443211   0.024886422   0.000000000    90.0000    0.0000
  dxy         0    0.025357741  0.025357741   0.050715481   0.000000000    90.0000    0.0000
  dxz         0    0.025357319  0.025357319   0.050714638   0.000000000    90.0000    0.0000
  dyz         0    0.025357319  0.025357319   0.050714638   0.000000000    90.0000    0.0000
   sum over m      0.100958901  0.100958901   0.201917802   0.000000000
   sum over m+mul  0.100958901  0.100958901   0.201917802   0.000000000

   67   Si          Up spin      Down spin     Sum           Diff           Angles(Deg)
            multiple
  s           0    0.590330368  0.590330368   1.180660735   0.000000000    90.0000    0.0000
   sum over m      0.590330368  0.590330368   1.180660735   0.000000000
  s           1    0.003829226  0.003829226   0.007658451   0.000000000    90.0000    0.0000
   sum over m      0.003829226  0.003829226   0.007658451   0.000000000
   sum over m+mul  0.594159593  0.594159593   1.188319186   0.000000000
  px          0    0.430719955  0.430719955   0.861439910   0.000000000    90.0000    0.0000
  py          0    0.430670888  0.430670888   0.861341776   0.000000000    90.0000    0.0000
  pz          0    0.430670891  0.430670891   0.861341781   0.000000000    90.0000    0.0000
   sum over m      1.292061734  1.292061734   2.584123467   0.000000000
  px          1    0.004258582  0.004258582   0.008517164   0.000000000    90.0000    0.0000
  py          1    0.004257070  0.004257070   0.008514140   0.000000000    90.0000    0.0000
  pz          1    0.004257071  0.004257071   0.008514141   0.000000000    90.0000    0.0000
   sum over m      0.012772723  0.012772723   0.025545446   0.000000000
   sum over m+mul  1.304834456  1.304834456   2.609668913   0.000000000
  d3z^2-r^2   0    0.012443206  0.012443206   0.024886412   0.000000000    90.0000    0.0000
  dx^2-y^2    0    0.012443300  0.012443300   0.024886600   0.000000000    90.0000    0.0000
  dxy         0    0.025357298  0.025357298   0.050714595   0.000000000    90.0000    0.0000
  dxz         0    0.025357298  0.025357298   0.050714595   0.000000000    90.0000    0.0000
  dyz         0    0.025357517  0.025357517   0.050715034   0.000000000    90.0000    0.0000
   sum over m      0.100958618  0.100958618   0.201917237   0.000000000
   sum over m+mul  0.100958618  0.100958618   0.201917237   0.000000000

   68   Si          Up spin      Down spin     Sum           Diff           Angles(Deg)
            multiple
  s           0    0.590342981  0.590342981   1.180685963   0.000000000    90.0000    0.0000
   sum over m      0.590342981  0.590342981   1.180685963   0.000000000
  s           1    0.003834523  0.003834523   0.007669045   0.000000000    90.0000    0.0000
   sum over m      0.003834523  0.003834523   0.007669045   0.000000000
   sum over m+mul  0.594177504  0.594177504   1.188355008   0.000000000
  px          0    0.430677416  0.430677416   0.861354832   0.000000000    90.0000    0.0000
  py          0    0.430706978  0.430706978   0.861413957   0.000000000    90.0000    0.0000
  pz          0    0.430677419  0.430677419   0.861354837   0.000000000    90.0000    0.0000
   sum over m      1.292061813  1.292061813   2.584123626   0.000000000
  px          1    0.004256547  0.004256547   0.008513094   0.000000000    90.0000    0.0000
  py          1    0.004260040  0.004260040   0.008520079   0.000000000    90.0000    0.0000
  pz          1    0.004256547  0.004256547   0.008513094   0.000000000    90.0000    0.0000
   sum over m      0.012773134  0.012773134   0.025546268   0.000000000
   sum over m+mul  1.304834947  1.304834947   2.609669893   0.000000000
  d3z^2-r^2   0    0.012443236  0.012443236   0.024886472   0.000000000    90.0000    0.0000
  dx^2-y^2    0    0.012443286  0.012443286   0.024886573   0.000000000    90.0000    0.0000
  dxy         0    0.025357319  0.025357319   0.050714638   0.000000000    90.0000    0.0000
  dxz         0    0.025357741  0.025357741   0.050715482   0.000000000    90.0000    0.0000
  dyz         0    0.025357319  0.025357319   0.050714638   0.000000000    90.0000    0.0000
   sum over m      0.100958901  0.100958901   0.201917802   0.000000000
   sum over m+mul  0.100958901  0.100958901   0.201917802   0.000000000

   69   Si          Up spin      Down spin     Sum           Diff           Angles(Deg)
            multiple
  s           0    0.590377353  0.590377353   1.180754707   0.000000000    90.0000    0.0000
   sum over m      0.590377353  0.590377353   1.180754707   0.000000000
  s           1    0.003852934  0.003852934   0.007705867   0.000000000    90.0000    0.0000
   sum over m      0.003852934  0.003852934   0.007705867   0.000000000
   sum over m+mul  0.594230287  0.594230287   1.188460574   0.000000000
  px          0    0.430701224  0.430701224   0.861402448   0.000000000    90.0000    0.0000
  py          0    0.430701224  0.430701224   0.861402448   0.000000000    90.0000    0.0000
  pz          0    0.430701227  0.430701227   0.861402453   0.000000000    90.0000    0.0000
   sum over m      1.292103675  1.292103675   2.584207350   0.000000000
  px          1    0.004263697  0.004263697   0.008527394   0.000000000    90.0000    0.0000
  py          1    0.004263697  0.004263697   0.008527394   0.000000000    90.0000    0.0000
  pz          1    0.004263697  0.004263697   0.008527394   0.000000000    90.0000    0.0000
   sum over m      0.012791091  0.012791091   0.025582181   0.000000000
   sum over m+mul  1.304894765  1.304894765   2.609789531   0.000000000
  d3z^2-r^2   0    0.012443145  0.012443145   0.024886290   0.000000000    90.0000    0.0000
  dx^2-y^2    0    0.012443145  0.012443145   0.024886290   0.000000000    90.0000    0.0000
  dxy         0    0.025357194  0.025357194   0.050714388   0.000000000    90.0000    0.0000
  dxz         0    0.025357194  0.025357194   0.050714388   0.000000000    90.0000    0.0000
  dyz         0    0.025357194  0.025357194   0.050714388   0.000000000    90.0000    0.0000
   sum over m      0.100957872  0.100957872   0.201915743   0.000000000
   sum over m+mul  0.100957872  0.100957872   0.201915743   0.000000000

   70   Si          Up spin      Down spin     Sum           Diff           Angles(Deg)
            multiple
  s           0    0.590377353  0.590377353   1.180754707   0.000000000    90.0000    0.0000
   sum over m      0.590377353  0.590377353   1.180754707   0.000000000
  s           1    0.003852934  0.003852934   0.007705867   0.000000000    90.0000    0.0000
   sum over m      0.003852934  0.003852934   0.007705867   0.000000000
   sum over m+mul  0.594230287  0.594230287   1.188460574   0.000000000
  px          0    0.430701224  0.430701224   0.861402448   0.000000000    90.0000    0.0000
  py          0    0.430701224  0.430701224   0.861402448   0.000000000    90.0000    0.0000
  pz          0    0.430701227  0.430701227   0.861402453   0.000000000    90.0000    0.0000
   sum over m      1.292103675  1.292103675   2.584207350   0.000000000
  px          1    0.004263697  0.004263697   0.008527394   0.000000000    90.0000    0.0000
  py          1    0.004263697  0.004263697   0.008527394   0.000000000    90.0000    0.0000
  pz          1    0.004263697  0.004263697   0.008527394   0.000000000    90.0000    0.0000
   sum over m      0.012791091  0.012791091   0.025582181   0.000000000
   sum over m+mul  1.304894765  1.304894765   2.609789531   0.000000000
  d3z^2-r^2   0    0.012443145  0.012443145   0.024886290   0.000000000    90.0000    0.0000
  dx^2-y^2    0    0.012443145  0.012443145   0.024886290   0.000000000    90.0000    0.0000
  dxy         0    0.025357194  0.025357194   0.050714388   0.000000000    90.0000    0.0000
  dxz         0    0.025357194  0.025357194   0.050714388   0.000000000    90.0000    0.0000
  dyz         0    0.025357194  0.025357194   0.050714388   0.000000000    90.0000    0.0000
   sum over m      0.100957872  0.100957872   0.201915743   0.000000000
   sum over m+mul  0.100957872  0.100957872   0.201915743   0.000000000

   71   Si          Up spin      Down spin     Sum           Diff           Angles(Deg)
            multiple
  s           0    0.590342981  0.590342981   1.180685963   0.000000000    90.0000    0.0000
   sum over m      0.590342981  0.590342981   1.180685963   0.000000000
  s           1    0.003834523  0.003834523   0.007669045   0.000000000    90.0000    0.0000
   sum over m      0.003834523  0.003834523   0.007669045   0.000000000
   sum over m+mul  0.594177504  0.594177504   1.188355008   0.000000000
  px          0    0.430706978  0.430706978   0.861413957   0.000000000    90.0000    0.0000
  py          0    0.430677416  0.430677416   0.861354832   0.000000000    90.0000    0.0000
  pz          0    0.430677419  0.430677419   0.861354837   0.000000000    90.0000    0.0000
   sum over m      1.292061813  1.292061813   2.584123626   0.000000000
  px          1    0.004260040  0.004260040   0.008520079   0.000000000    90.0000    0.0000
  py          1    0.004256547  0.004256547   0.008513094   0.000000000    90.0000    0.0000
  pz          1    0.004256547  0.004256547   0.008513094   0.000000000    90.0000    0.0000
   sum over m      0.012773134  0.012773134   0.025546268   0.000000000
   sum over m+mul  1.304834947  1.304834947   2.609669893   0.000000000
  d3z^2-r^2   0    0.012443236  0.012443236   0.024886472   0.000000000    90.0000    0.0000
  dx^2-y^2    0    0.012443286  0.012443286   0.024886573   0.000000000    90.0000    0.0000
  dxy         0    0.025357319  0.025357319   0.050714638   0.000000000    90.0000    0.0000
  dxz         0    0.025357319  0.025357319   0.050714638   0.000000000    90.0000    0.0000
  dyz         0    0.025357741  0.025357741   0.050715482   0.000000000    90.0000    0.0000
   sum over m      0.100958901  0.100958901   0.201917802   0.000000000
   sum over m+mul  0.100958901  0.100958901   0.201917802   0.000000000

   72   Si          Up spin      Down spin     Sum           Diff           Angles(Deg)
            multiple
  s           0    0.590342981  0.590342981   1.180685963   0.000000000    90.0000    0.0000
   sum over m      0.590342981  0.590342981   1.180685963   0.000000000
  s           1    0.003834523  0.003834523   0.007669045   0.000000000    90.0000    0.0000
   sum over m      0.003834523  0.003834523   0.007669045   0.000000000
   sum over m+mul  0.594177504  0.594177504   1.188355008   0.000000000
  px          0    0.430706978  0.430706978   0.861413957   0.000000000    90.0000    0.0000
  py          0    0.430677416  0.430677416   0.861354832   0.000000000    90.0000    0.0000
  pz          0    0.430677419  0.430677419   0.861354837   0.000000000    90.0000    0.0000
   sum over m      1.292061813  1.292061813   2.584123626   0.000000000
  px          1    0.004260040  0.004260040   0.008520079   0.000000000    90.0000    0.0000
  py          1    0.004256547  0.004256547   0.008513094   0.000000000    90.0000    0.0000
  pz          1    0.004256547  0.004256547   0.008513094   0.000000000    90.0000    0.0000
   sum over m      0.012773134  0.012773134   0.025546268   0.000000000
   sum over m+mul  1.304834947  1.304834947   2.609669893   0.000000000
  d3z^2-r^2   0    0.012443236  0.012443236   0.024886472   0.000000000    90.0000    0.0000
  dx^2-y^2    0    0.012443286  0.012443286   0.024886573   0.000000000    90.0000    0.0000
  dxy         0    0.025357319  0.025357319   0.050714638   0.000000000    90.0000    0.0000
  dxz         0    0.025357319  0.025357319   0.050714638   0.000000000    90.0000    0.0000
  dyz         0    0.025357741  0.025357741   0.050715482   0.000000000    90.0000    0.0000
   sum over m      0.100958901  0.100958901   0.201917802   0.000000000
   sum over m+mul  0.100958901  0.100958901   0.201917802   0.000000000

   73   Si          Up spin      Down spin     Sum           Diff           Angles(Deg)
            multiple
  s           0    0.590342981  0.590342981   1.180685963   0.000000000    90.0000    0.0000
   sum over m      0.590342981  0.590342981   1.180685963   0.000000000
  s           1    0.003834523  0.003834523   0.007669045   0.000000000    90.0000    0.0000
   sum over m      0.003834523  0.003834523   0.007669045   0.000000000
   sum over m+mul  0.594177504  0.594177504   1.188355008   0.000000000
  px          0    0.430706978  0.430706978   0.861413957   0.000000000    90.0000    0.0000
  py          0    0.430677416  0.430677416   0.861354832   0.000000000    90.0000    0.0000
  pz          0    0.430677419  0.430677419   0.861354837   0.000000000    90.0000    0.0000
   sum over m      1.292061813  1.292061813   2.584123626   0.000000000
  px          1    0.004260040  0.004260040   0.008520079   0.000000000    90.0000    0.0000
  py          1    0.004256547  0.004256547   0.008513094   0.000000000    90.0000    0.0000
  pz          1    0.004256547  0.004256547   0.008513094   0.000000000    90.0000    0.0000
   sum over m      0.012773134  0.012773134   0.025546268   0.000000000
   sum over m+mul  1.304834947  1.304834947   2.609669893   0.000000000
  d3z^2-r^2   0    0.012443236  0.012443236   0.024886472   0.000000000    90.0000    0.0000
  dx^2-y^2    0    0.012443286  0.012443286   0.024886573   0.000000000    90.0000    0.0000
  dxy         0    0.025357319  0.025357319   0.050714638   0.000000000    90.0000    0.0000
  dxz         0    0.025357319  0.025357319   0.050714638   0.000000000    90.0000    0.0000
  dyz         0    0.025357741  0.025357741   0.050715482   0.000000000    90.0000    0.0000
   sum over m      0.100958901  0.100958901   0.201917802   0.000000000
   sum over m+mul  0.100958901  0.100958901   0.201917802   0.000000000

   74   Si          Up spin      Down spin     Sum           Diff           Angles(Deg)
            multiple
  s           0    0.590377353  0.590377353   1.180754707   0.000000000    90.0000    0.0000
   sum over m      0.590377353  0.590377353   1.180754707   0.000000000
  s           1    0.003852934  0.003852934   0.007705867   0.000000000    90.0000    0.0000
   sum over m      0.003852934  0.003852934   0.007705867   0.000000000
   sum over m+mul  0.594230287  0.594230287   1.188460574   0.000000000
  px          0    0.430701224  0.430701224   0.861402448   0.000000000    90.0000    0.0000
  py          0    0.430701224  0.430701224   0.861402448   0.000000000    90.0000    0.0000
  pz          0    0.430701227  0.430701227   0.861402453   0.000000000    90.0000    0.0000
   sum over m      1.292103675  1.292103675   2.584207350   0.000000000
  px          1    0.004263697  0.004263697   0.008527394   0.000000000    90.0000    0.0000
  py          1    0.004263697  0.004263697   0.008527394   0.000000000    90.0000    0.0000
  pz          1    0.004263697  0.004263697   0.008527394   0.000000000    90.0000    0.0000
   sum over m      0.012791091  0.012791091   0.025582181   0.000000000
   sum over m+mul  1.304894765  1.304894765   2.609789531   0.000000000
  d3z^2-r^2   0    0.012443145  0.012443145   0.024886290   0.000000000    90.0000    0.0000
  dx^2-y^2    0    0.012443145  0.012443145   0.024886290   0.000000000    90.0000    0.0000
  dxy         0    0.025357194  0.025357194   0.050714388   0.000000000    90.0000    0.0000
  dxz         0    0.025357194  0.025357194   0.050714388   0.000000000    90.0000    0.0000
  dyz         0    0.025357194  0.025357194   0.050714388   0.000000000    90.0000    0.0000
   sum over m      0.100957872  0.100957872   0.201915743   0.000000000
   sum over m+mul  0.100957872  0.100957872   0.201915743   0.000000000

   75   Si          Up spin      Down spin     Sum           Diff           Angles(Deg)
            multiple
  s           0    0.590342981  0.590342981   1.180685963   0.000000000    90.0000    0.0000
   sum over m      0.590342981  0.590342981   1.180685963   0.000000000
  s           1    0.003834523  0.003834523   0.007669045   0.000000000    90.0000    0.0000
   sum over m      0.003834523  0.003834523   0.007669045   0.000000000
   sum over m+mul  0.594177504  0.594177504   1.188355008   0.000000000
  px          0    0.430706978  0.430706978   0.861413957   0.000000000    90.0000    0.0000
  py          0    0.430677416  0.430677416   0.861354832   0.000000000    90.0000    0.0000
  pz          0    0.430677419  0.430677419   0.861354837   0.000000000    90.0000    0.0000
   sum over m      1.292061813  1.292061813   2.584123626   0.000000000
  px          1    0.004260040  0.004260040   0.008520079   0.000000000    90.0000    0.0000
  py          1    0.004256547  0.004256547   0.008513094   0.000000000    90.0000    0.0000
  pz          1    0.004256547  0.004256547   0.008513094   0.000000000    90.0000    0.0000
   sum over m      0.012773134  0.012773134   0.025546268   0.000000000
   sum over m+mul  1.304834947  1.304834947   2.609669893   0.000000000
  d3z^2-r^2   0    0.012443236  0.012443236   0.024886472   0.000000000    90.0000    0.0000
  dx^2-y^2    0    0.012443286  0.012443286   0.024886573   0.000000000    90.0000    0.0000
  dxy         0    0.025357319  0.025357319   0.050714638   0.000000000    90.0000    0.0000
  dxz         0    0.025357319  0.025357319   0.050714638   0.000000000    90.0000    0.0000
  dyz         0    0.025357741  0.025357741   0.050715482   0.000000000    90.0000    0.0000
   sum over m      0.100958901  0.100958901   0.201917802   0.000000000
   sum over m+mul  0.100958901  0.100958901   0.201917802   0.000000000

   76   Si          Up spin      Down spin     Sum           Diff           Angles(Deg)
            multiple
  s           0    0.590377353  0.590377353   1.180754707   0.000000000    90.0000    0.0000
   sum over m      0.590377353  0.590377353   1.180754707   0.000000000
  s           1    0.003852934  0.003852934   0.007705867   0.000000000    90.0000    0.0000
   sum over m      0.003852934  0.003852934   0.007705867   0.000000000
   sum over m+mul  0.594230287  0.594230287   1.188460574   0.000000000
  px          0    0.430701224  0.430701224   0.861402448   0.000000000    90.0000    0.0000
  py          0    0.430701224  0.430701224   0.861402448   0.000000000    90.0000    0.0000
  pz          0    0.430701227  0.430701227   0.861402453   0.000000000    90.0000    0.0000
   sum over m      1.292103675  1.292103675   2.584207350   0.000000000
  px          1    0.004263697  0.004263697   0.008527394   0.000000000    90.0000    0.0000
  py          1    0.004263697  0.004263697   0.008527394   0.000000000    90.0000    0.0000
  pz          1    0.004263697  0.004263697   0.008527394   0.000000000    90.0000    0.0000
   sum over m      0.012791091  0.012791091   0.025582181   0.000000000
   sum over m+mul  1.304894765  1.304894765   2.609789531   0.000000000
  d3z^2-r^2   0    0.012443145  0.012443145   0.024886290   0.000000000    90.0000    0.0000
  dx^2-y^2    0    0.012443145  0.012443145   0.024886290   0.000000000    90.0000    0.0000
  dxy         0    0.025357194  0.025357194   0.050714388   0.000000000    90.0000    0.0000
  dxz         0    0.025357194  0.025357194   0.050714388   0.000000000    90.0000    0.0000
  dyz         0    0.025357194  0.025357194   0.050714388   0.000000000    90.0000    0.0000
   sum over m      0.100957872  0.100957872   0.201915743   0.000000000
   sum over m+mul  0.100957872  0.100957872   0.201915743   0.000000000

   77   Si          Up spin      Down spin     Sum           Diff           Angles(Deg)
            multiple
  s           0    0.590383293  0.590383293   1.180766586   0.000000000    90.0000    0.0000
   sum over m      0.590383293  0.590383293   1.180766586   0.000000000
  s           1    0.003845231  0.003845231   0.007690461   0.000000000    90.0000    0.0000
   sum over m      0.003845231  0.003845231   0.007690461   0.000000000
   sum over m+mul  0.594228523  0.594228523   1.188457047   0.000000000
  px          0    0.430672867  0.430672867   0.861345734   0.000000000    90.0000    0.0000
  py          0    0.430672867  0.430672867   0.861345734   0.000000000    90.0000    0.0000
  pz          0    0.430672870  0.430672870   0.861345741   0.000000000    90.0000    0.0000
   sum over m      1.292018604  1.292018604   2.584037208   0.000000000
  px          1    0.004263804  0.004263804   0.008527608   0.000000000    90.0000    0.0000
  py          1    0.004263804  0.004263804   0.008527608   0.000000000    90.0000    0.0000
  pz          1    0.004263804  0.004263804   0.008527609   0.000000000    90.0000    0.0000
   sum over m      0.012791413  0.012791413   0.025582825   0.000000000
   sum over m+mul  1.304810017  1.304810017   2.609620034   0.000000000
  d3z^2-r^2   0    0.012443285  0.012443285   0.024886570   0.000000000    90.0000    0.0000
  dx^2-y^2    0    0.012443285  0.012443285   0.024886569   0.000000000    90.0000    0.0000
  dxy         0    0.025356927  0.025356927   0.050713854   0.000000000    90.0000    0.0000
  dxz         0    0.025356927  0.025356927   0.050713855   0.000000000    90.0000    0.0000
  dyz         0    0.025356927  0.025356927   0.050713855   0.000000000    90.0000    0.0000
   sum over m      0.100957351  0.100957351   0.201914703   0.000000000
   sum over m+mul  0.100957351  0.100957351   0.201914703   0.000000000

   78   Si          Up spin      Down spin     Sum           Diff           Angles(Deg)
            multiple
  s           0    0.590342981  0.590342981   1.180685963   0.000000000    90.0000    0.0000
   sum over m      0.590342981  0.590342981   1.180685963   0.000000000
  s           1    0.003834523  0.003834523   0.007669045   0.000000000    90.0000    0.0000
   sum over m      0.003834523  0.003834523   0.007669045   0.000000000
   sum over m+mul  0.594177504  0.594177504   1.188355008   0.000000000
  px          0    0.430706978  0.430706978   0.861413957   0.000000000    90.0000    0.0000
  py          0    0.430677416  0.430677416   0.861354832   0.000000000    90.0000    0.0000
  pz          0    0.430677419  0.430677419   0.861354837   0.000000000    90.0000    0.0000
   sum over m      1.292061813  1.292061813   2.584123626   0.000000000
  px          1    0.004260040  0.004260040   0.008520079   0.000000000    90.0000    0.0000
  py          1    0.004256547  0.004256547   0.008513094   0.000000000    90.0000    0.0000
  pz          1    0.004256547  0.004256547   0.008513094   0.000000000    90.0000    0.0000
   sum over m      0.012773134  0.012773134   0.025546268   0.000000000
   sum over m+mul  1.304834947  1.304834947   2.609669893   0.000000000
  d3z^2-r^2   0    0.012443236  0.012443236   0.024886472   0.000000000    90.0000    0.0000
  dx^2-y^2    0    0.012443286  0.012443286   0.024886573   0.000000000    90.0000    0.0000
  dxy         0    0.025357319  0.025357319   0.050714638   0.000000000    90.0000    0.0000
  dxz         0    0.025357319  0.025357319   0.050714638   0.000000000    90.0000    0.0000
  dyz         0    0.025357741  0.025357741   0.050715482   0.000000000    90.0000    0.0000
   sum over m      0.100958901  0.100958901   0.201917802   0.000000000
   sum over m+mul  0.100958901  0.100958901   0.201917802   0.000000000

   79   Si          Up spin      Down spin     Sum           Diff           Angles(Deg)
            multiple
  s           0    0.590342981  0.590342981   1.180685963   0.000000000    90.0000    0.0000
   sum over m      0.590342981  0.590342981   1.180685963   0.000000000
  s           1    0.003834523  0.003834523   0.007669045   0.000000000    90.0000    0.0000
   sum over m      0.003834523  0.003834523   0.007669045   0.000000000
   sum over m+mul  0.594177504  0.594177504   1.188355008   0.000000000
  px          0    0.430677416  0.430677416   0.861354832   0.000000000    90.0000    0.0000
  py          0    0.430706978  0.430706978   0.861413957   0.000000000    90.0000    0.0000
  pz          0    0.430677419  0.430677419   0.861354837   0.000000000    90.0000    0.0000
   sum over m      1.292061813  1.292061813   2.584123626   0.000000000
  px          1    0.004256547  0.004256547   0.008513094   0.000000000    90.0000    0.0000
  py          1    0.004260040  0.004260040   0.008520079   0.000000000    90.0000    0.0000
  pz          1    0.004256547  0.004256547   0.008513094   0.000000000    90.0000    0.0000
   sum over m      0.012773134  0.012773134   0.025546268   0.000000000
   sum over m+mul  1.304834947  1.304834947   2.609669893   0.000000000
  d3z^2-r^2   0    0.012443236  0.012443236   0.024886472   0.000000000    90.0000    0.0000
  dx^2-y^2    0    0.012443286  0.012443286   0.024886573   0.000000000    90.0000    0.0000
  dxy         0    0.025357319  0.025357319   0.050714638   0.000000000    90.0000    0.0000
  dxz         0    0.025357741  0.025357741   0.050715482   0.000000000    90.0000    0.0000
  dyz         0    0.025357319  0.025357319   0.050714638   0.000000000    90.0000    0.0000
   sum over m      0.100958901  0.100958901   0.201917802   0.000000000
   sum over m+mul  0.100958901  0.100958901   0.201917802   0.000000000

   80   Si          Up spin      Down spin     Sum           Diff           Angles(Deg)
            multiple
  s           0    0.590342981  0.590342981   1.180685962   0.000000000    90.0000    0.0000
   sum over m      0.590342981  0.590342981   1.180685962   0.000000000
  s           1    0.003834522  0.003834522   0.007669044   0.000000000    90.0000    0.0000
   sum over m      0.003834522  0.003834522   0.007669044   0.000000000
   sum over m+mul  0.594177503  0.594177503   1.188355006   0.000000000
  px          0    0.430677417  0.430677417   0.861354834   0.000000000    90.0000    0.0000
  py          0    0.430677417  0.430677417   0.861354834   0.000000000    90.0000    0.0000
  pz          0    0.430706980  0.430706980   0.861413961   0.000000000    90.0000    0.0000
   sum over m      1.292061815  1.292061815   2.584123629   0.000000000
  px          1    0.004256547  0.004256547   0.008513094   0.000000000    90.0000    0.0000
  py          1    0.004256547  0.004256547   0.008513094   0.000000000    90.0000    0.0000
  pz          1    0.004260039  0.004260039   0.008520079   0.000000000    90.0000    0.0000
   sum over m      0.012773133  0.012773133   0.025546267   0.000000000
   sum over m+mul  1.304834948  1.304834948   2.609669896   0.000000000
  d3z^2-r^2   0    0.012443312  0.012443312   0.024886623   0.000000000    90.0000    0.0000
  dx^2-y^2    0    0.012443211  0.012443211   0.024886422   0.000000000    90.0000    0.0000
  dxy         0    0.025357741  0.025357741   0.050715481   0.000000000    90.0000    0.0000
  dxz         0    0.025357319  0.025357319   0.050714638   0.000000000    90.0000    0.0000
  dyz         0    0.025357319  0.025357319   0.050714638   0.000000000    90.0000    0.0000
   sum over m      0.100958901  0.100958901   0.201917802   0.000000000
   sum over m+mul  0.100958901  0.100958901   0.201917802   0.000000000

   81   Si          Up spin      Down spin     Sum           Diff           Angles(Deg)
            multiple
  s           0    0.590330368  0.590330368   1.180660735   0.000000000    90.0000    0.0000
   sum over m      0.590330368  0.590330368   1.180660735   0.000000000
  s           1    0.003829226  0.003829226   0.007658451   0.000000000    90.0000    0.0000
   sum over m      0.003829226  0.003829226   0.007658451   0.000000000
   sum over m+mul  0.594159593  0.594159593   1.188319186   0.000000000
  px          0    0.430670888  0.430670888   0.861341776   0.000000000    90.0000    0.0000
  py          0    0.430719955  0.430719955   0.861439910   0.000000000    90.0000    0.0000
  pz          0    0.430670891  0.430670891   0.861341781   0.000000000    90.0000    0.0000
   sum over m      1.292061734  1.292061734   2.584123467   0.000000000
  px          1    0.004257070  0.004257070   0.008514140   0.000000000    90.0000    0.0000
  py          1    0.004258582  0.004258582   0.008517164   0.000000000    90.0000    0.0000
  pz          1    0.004257071  0.004257071   0.008514141   0.000000000    90.0000    0.0000
   sum over m      0.012772723  0.012772723   0.025545446   0.000000000
   sum over m+mul  1.304834456  1.304834456   2.609668913   0.000000000
  d3z^2-r^2   0    0.012443206  0.012443206   0.024886412   0.000000000    90.0000    0.0000
  dx^2-y^2    0    0.012443300  0.012443300   0.024886600   0.000000000    90.0000    0.0000
  dxy         0    0.025357298  0.025357298   0.050714595   0.000000000    90.0000    0.0000
  dxz         0    0.025357517  0.025357517   0.050715034   0.000000000    90.0000    0.0000
  dyz         0    0.025357298  0.025357298   0.050714595   0.000000000    90.0000    0.0000
   sum over m      0.100958618  0.100958618   0.201917237   0.000000000
   sum over m+mul  0.100958618  0.100958618   0.201917237   0.000000000

   82   Si          Up spin      Down spin     Sum           Diff           Angles(Deg)
            multiple
  s           0    0.590381656  0.590381656   1.180763311   0.000000000    90.0000    0.0000
   sum over m      0.590381656  0.590381656   1.180763311   0.000000000
  s           1    0.003854728  0.003854728   0.007709455   0.000000000    90.0000    0.0000
   sum over m      0.003854728  0.003854728   0.007709455   0.000000000
   sum over m+mul  0.594236383  0.594236383   1.188472767   0.000000000
  px          0    0.430695138  0.430695138   0.861390275   0.000000000    90.0000    0.0000
  py          0    0.430695138  0.430695138   0.861390275   0.000000000    90.0000    0.0000
  pz          0    0.430695141  0.430695141   0.861390282   0.000000000    90.0000    0.0000
   sum over m      1.292085416  1.292085416   2.584170833   0.000000000
  px          1    0.004265202  0.004265202   0.008530405   0.000000000    90.0000    0.0000
  py          1    0.004265202  0.004265202   0.008530405   0.000000000    90.0000    0.0000
  pz          1    0.004265202  0.004265202   0.008530404   0.000000000    90.0000    0.0000
   sum over m      0.012795607  0.012795607   0.025591214   0.000000000
   sum over m+mul  1.304881024  1.304881024   2.609762047   0.000000000
  d3z^2-r^2   0    0.012443059  0.012443059   0.024886119   0.000000000    90.0000    0.0000
  dx^2-y^2    0    0.012443059  0.012443059   0.024886119   0.000000000    90.0000    0.0000
  dxy         0    0.025357174  0.025357174   0.050714347   0.000000000    90.0000    0.0000
  dxz         0    0.025357174  0.025357174   0.050714347   0.000000000    90.0000    0.0000
  dyz         0    0.025357174  0.025357174   0.050714347   0.000000000    90.0000    0.0000
   sum over m      0.100957639  0.100957639   0.201915279   0.000000000
   sum over m+mul  0.100957639  0.100957639   0.201915279   0.000000000

   83   Si          Up spin      Down spin     Sum           Diff           Angles(Deg)
            multiple
  s           0    0.590342981  0.590342981   1.180685963   0.000000000    90.0000    0.0000
   sum over m      0.590342981  0.590342981   1.180685963   0.000000000
  s           1    0.003834523  0.003834523   0.007669045   0.000000000    90.0000    0.0000
   sum over m      0.003834523  0.003834523   0.007669045   0.000000000
   sum over m+mul  0.594177504  0.594177504   1.188355008   0.000000000
  px          0    0.430706978  0.430706978   0.861413957   0.000000000    90.0000    0.0000
  py          0    0.430677416  0.430677416   0.861354832   0.000000000    90.0000    0.0000
  pz          0    0.430677419  0.430677419   0.861354837   0.000000000    90.0000    0.0000
   sum over m      1.292061813  1.292061813   2.584123626   0.000000000
  px          1    0.004260040  0.004260040   0.008520079   0.000000000    90.0000    0.0000
  py          1    0.004256547  0.004256547   0.008513094   0.000000000    90.0000    0.0000
  pz          1    0.004256547  0.004256547   0.008513094   0.000000000    90.0000    0.0000
   sum over m      0.012773134  0.012773134   0.025546268   0.000000000
   sum over m+mul  1.304834947  1.304834947   2.609669893   0.000000000
  d3z^2-r^2   0    0.012443236  0.012443236   0.024886472   0.000000000    90.0000    0.0000
  dx^2-y^2    0    0.012443286  0.012443286   0.024886573   0.000000000    90.0000    0.0000
  dxy         0    0.025357319  0.025357319   0.050714638   0.000000000    90.0000    0.0000
  dxz         0    0.025357319  0.025357319   0.050714638   0.000000000    90.0000    0.0000
  dyz         0    0.025357741  0.025357741   0.050715482   0.000000000    90.0000    0.0000
   sum over m      0.100958901  0.100958901   0.201917802   0.000000000
   sum over m+mul  0.100958901  0.100958901   0.201917802   0.000000000

   84   Si          Up spin      Down spin     Sum           Diff           Angles(Deg)
            multiple
  s           0    0.590342981  0.590342981   1.180685962   0.000000000    90.0000    0.0000
   sum over m      0.590342981  0.590342981   1.180685962   0.000000000
  s           1    0.003834522  0.003834522   0.007669044   0.000000000    90.0000    0.0000
   sum over m      0.003834522  0.003834522   0.007669044   0.000000000
   sum over m+mul  0.594177503  0.594177503   1.188355006   0.000000000
  px          0    0.430677417  0.430677417   0.861354834   0.000000000    90.0000    0.0000
  py          0    0.430677417  0.430677417   0.861354834   0.000000000    90.0000    0.0000
  pz          0    0.430706980  0.430706980   0.861413961   0.000000000    90.0000    0.0000
   sum over m      1.292061815  1.292061815   2.584123629   0.000000000
  px          1    0.004256547  0.004256547   0.008513094   0.000000000    90.0000    0.0000
  py          1    0.004256547  0.004256547   0.008513094   0.000000000    90.0000    0.0000
  pz          1    0.004260039  0.004260039   0.008520079   0.000000000    90.0000    0.0000
   sum over m      0.012773133  0.012773133   0.025546267   0.000000000
   sum over m+mul  1.304834948  1.304834948   2.609669896   0.000000000
  d3z^2-r^2   0    0.012443312  0.012443312   0.024886623   0.000000000    90.0000    0.0000
  dx^2-y^2    0    0.012443211  0.012443211   0.024886422   0.000000000    90.0000    0.0000
  dxy         0    0.025357741  0.025357741   0.050715481   0.000000000    90.0000    0.0000
  dxz         0    0.025357319  0.025357319   0.050714638   0.000000000    90.0000    0.0000
  dyz         0    0.025357319  0.025357319   0.050714638   0.000000000    90.0000    0.0000
   sum over m      0.100958901  0.100958901   0.201917802   0.000000000
   sum over m+mul  0.100958901  0.100958901   0.201917802   0.000000000

   85   Si          Up spin      Down spin     Sum           Diff           Angles(Deg)
            multiple
  s           0    0.590330367  0.590330367   1.180660734   0.000000000    90.0000    0.0000
   sum over m      0.590330367  0.590330367   1.180660734   0.000000000
  s           1    0.003829226  0.003829226   0.007658451   0.000000000    90.0000    0.0000
   sum over m      0.003829226  0.003829226   0.007658451   0.000000000
   sum over m+mul  0.594159592  0.594159592   1.188319185   0.000000000
  px          0    0.430670888  0.430670888   0.861341776   0.000000000    90.0000    0.0000
  py          0    0.430670888  0.430670888   0.861341776   0.000000000    90.0000    0.0000
  pz          0    0.430719957  0.430719957   0.861439913   0.000000000    90.0000    0.0000
   sum over m      1.292061733  1.292061733   2.584123466   0.000000000
  px          1    0.004257070  0.004257070   0.008514141   0.000000000    90.0000    0.0000
  py          1    0.004257070  0.004257070   0.008514141   0.000000000    90.0000    0.0000
  pz          1    0.004258582  0.004258582   0.008517164   0.000000000    90.0000    0.0000
   sum over m      0.012772723  0.012772723   0.025545446   0.000000000
   sum over m+mul  1.304834456  1.304834456   2.609668912   0.000000000
  d3z^2-r^2   0    0.012443347  0.012443347   0.024886694   0.000000000    90.0000    0.0000
  dx^2-y^2    0    0.012443159  0.012443159   0.024886319   0.000000000    90.0000    0.0000
  dxy         0    0.025357517  0.025357517   0.050715034   0.000000000    90.0000    0.0000
  dxz         0    0.025357298  0.025357298   0.050714595   0.000000000    90.0000    0.0000
  dyz         0    0.025357298  0.025357298   0.050714595   0.000000000    90.0000    0.0000
   sum over m      0.100958619  0.100958619   0.201917237   0.000000000
   sum over m+mul  0.100958619  0.100958619   0.201917237   0.000000000

   86   Si          Up spin      Down spin     Sum           Diff           Angles(Deg)
            multiple
  s           0    0.590330368  0.590330368   1.180660735   0.000000000    90.0000    0.0000
   sum over m      0.590330368  0.590330368   1.180660735   0.000000000
  s           1    0.003829226  0.003829226   0.007658451   0.000000000    90.0000    0.0000
   sum over m      0.003829226  0.003829226   0.007658451   0.000000000
   sum over m+mul  0.594159593  0.594159593   1.188319186   0.000000000
  px          0    0.430670888  0.430670888   0.861341776   0.000000000    90.0000    0.0000
  py          0    0.430719955  0.430719955   0.861439910   0.000000000    90.0000    0.0000
  pz          0    0.430670891  0.430670891   0.861341781   0.000000000    90.0000    0.0000
   sum over m      1.292061734  1.292061734   2.584123467   0.000000000
  px          1    0.004257070  0.004257070   0.008514140   0.000000000    90.0000    0.0000
  py          1    0.004258582  0.004258582   0.008517164   0.000000000    90.0000    0.0000
  pz          1    0.004257071  0.004257071   0.008514141   0.000000000    90.0000    0.0000
   sum over m      0.012772723  0.012772723   0.025545446   0.000000000
   sum over m+mul  1.304834456  1.304834456   2.609668913   0.000000000
  d3z^2-r^2   0    0.012443206  0.012443206   0.024886412   0.000000000    90.0000    0.0000
  dx^2-y^2    0    0.012443300  0.012443300   0.024886600   0.000000000    90.0000    0.0000
  dxy         0    0.025357298  0.025357298   0.050714595   0.000000000    90.0000    0.0000
  dxz         0    0.025357517  0.025357517   0.050715034   0.000000000    90.0000    0.0000
  dyz         0    0.025357298  0.025357298   0.050714595   0.000000000    90.0000    0.0000
   sum over m      0.100958618  0.100958618   0.201917237   0.000000000
   sum over m+mul  0.100958618  0.100958618   0.201917237   0.000000000

   87   Si          Up spin      Down spin     Sum           Diff           Angles(Deg)
            multiple
  s           0    0.590330368  0.590330368   1.180660735   0.000000000    90.0000    0.0000
   sum over m      0.590330368  0.590330368   1.180660735   0.000000000
  s           1    0.003829226  0.003829226   0.007658451   0.000000000    90.0000    0.0000
   sum over m      0.003829226  0.003829226   0.007658451   0.000000000
   sum over m+mul  0.594159593  0.594159593   1.188319186   0.000000000
  px          0    0.430719955  0.430719955   0.861439910   0.000000000    90.0000    0.0000
  py          0    0.430670888  0.430670888   0.861341776   0.000000000    90.0000    0.0000
  pz          0    0.430670891  0.430670891   0.861341781   0.000000000    90.0000    0.0000
   sum over m      1.292061734  1.292061734   2.584123467   0.000000000
  px          1    0.004258582  0.004258582   0.008517164   0.000000000    90.0000    0.0000
  py          1    0.004257070  0.004257070   0.008514140   0.000000000    90.0000    0.0000
  pz          1    0.004257071  0.004257071   0.008514141   0.000000000    90.0000    0.0000
   sum over m      0.012772723  0.012772723   0.025545446   0.000000000
   sum over m+mul  1.304834456  1.304834456   2.609668913   0.000000000
  d3z^2-r^2   0    0.012443206  0.012443206   0.024886412   0.000000000    90.0000    0.0000
  dx^2-y^2    0    0.012443300  0.012443300   0.024886600   0.000000000    90.0000    0.0000
  dxy         0    0.025357298  0.025357298   0.050714595   0.000000000    90.0000    0.0000
  dxz         0    0.025357298  0.025357298   0.050714595   0.000000000    90.0000    0.0000
  dyz         0    0.025357517  0.025357517   0.050715034   0.000000000    90.0000    0.0000
   sum over m      0.100958618  0.100958618   0.201917237   0.000000000
   sum over m+mul  0.100958618  0.100958618   0.201917237   0.000000000

   88   Si          Up spin      Down spin     Sum           Diff           Angles(Deg)
            multiple
  s           0    0.590377353  0.590377353   1.180754707   0.000000000    90.0000    0.0000
   sum over m      0.590377353  0.590377353   1.180754707   0.000000000
  s           1    0.003852934  0.003852934   0.007705867   0.000000000    90.0000    0.0000
   sum over m      0.003852934  0.003852934   0.007705867   0.000000000
   sum over m+mul  0.594230287  0.594230287   1.188460574   0.000000000
  px          0    0.430701224  0.430701224   0.861402448   0.000000000    90.0000    0.0000
  py          0    0.430701224  0.430701224   0.861402448   0.000000000    90.0000    0.0000
  pz          0    0.430701227  0.430701227   0.861402453   0.000000000    90.0000    0.0000
   sum over m      1.292103675  1.292103675   2.584207350   0.000000000
  px          1    0.004263697  0.004263697   0.008527394   0.000000000    90.0000    0.0000
  py          1    0.004263697  0.004263697   0.008527394   0.000000000    90.0000    0.0000
  pz          1    0.004263697  0.004263697   0.008527394   0.000000000    90.0000    0.0000
   sum over m      0.012791091  0.012791091   0.025582181   0.000000000
   sum over m+mul  1.304894765  1.304894765   2.609789531   0.000000000
  d3z^2-r^2   0    0.012443145  0.012443145   0.024886290   0.000000000    90.0000    0.0000
  dx^2-y^2    0    0.012443145  0.012443145   0.024886290   0.000000000    90.0000    0.0000
  dxy         0    0.025357194  0.025357194   0.050714388   0.000000000    90.0000    0.0000
  dxz         0    0.025357194  0.025357194   0.050714388   0.000000000    90.0000    0.0000
  dyz         0    0.025357194  0.025357194   0.050714388   0.000000000    90.0000    0.0000
   sum over m      0.100957872  0.100957872   0.201915743   0.000000000
   sum over m+mul  0.100957872  0.100957872   0.201915743   0.000000000

   89   Si          Up spin      Down spin     Sum           Diff           Angles(Deg)
            multiple
  s           0    0.590342981  0.590342981   1.180685963   0.000000000    90.0000    0.0000
   sum over m      0.590342981  0.590342981   1.180685963   0.000000000
  s           1    0.003834523  0.003834523   0.007669045   0.000000000    90.0000    0.0000
   sum over m      0.003834523  0.003834523   0.007669045   0.000000000
   sum over m+mul  0.594177504  0.594177504   1.188355008   0.000000000
  px          0    0.430706978  0.430706978   0.861413957   0.000000000    90.0000    0.0000
  py          0    0.430677416  0.430677416   0.861354832   0.000000000    90.0000    0.0000
  pz          0    0.430677419  0.430677419   0.861354837   0.000000000    90.0000    0.0000
   sum over m      1.292061813  1.292061813   2.584123626   0.000000000
  px          1    0.004260040  0.004260040   0.008520079   0.000000000    90.0000    0.0000
  py          1    0.004256547  0.004256547   0.008513094   0.000000000    90.0000    0.0000
  pz          1    0.004256547  0.004256547   0.008513094   0.000000000    90.0000    0.0000
   sum over m      0.012773134  0.012773134   0.025546268   0.000000000
   sum over m+mul  1.304834947  1.304834947   2.609669893   0.000000000
  d3z^2-r^2   0    0.012443236  0.012443236   0.024886472   0.000000000    90.0000    0.0000
  dx^2-y^2    0    0.012443286  0.012443286   0.024886573   0.000000000    90.0000    0.0000
  dxy         0    0.025357319  0.025357319   0.050714638   0.000000000    90.0000    0.0000
  dxz         0    0.025357319  0.025357319   0.050714638   0.000000000    90.0000    0.0000
  dyz         0    0.025357741  0.025357741   0.050715482   0.000000000    90.0000    0.0000
   sum over m      0.100958901  0.100958901   0.201917802   0.000000000
   sum over m+mul  0.100958901  0.100958901   0.201917802   0.000000000

   90   Si          Up spin      Down spin     Sum           Diff           Angles(Deg)
            multiple
  s           0    0.590342981  0.590342981   1.180685962   0.000000000    90.0000    0.0000
   sum over m      0.590342981  0.590342981   1.180685962   0.000000000
  s           1    0.003834522  0.003834522   0.007669044   0.000000000    90.0000    0.0000
   sum over m      0.003834522  0.003834522   0.007669044   0.000000000
   sum over m+mul  0.594177503  0.594177503   1.188355006   0.000000000
  px          0    0.430677417  0.430677417   0.861354834   0.000000000    90.0000    0.0000
  py          0    0.430677417  0.430677417   0.861354834   0.000000000    90.0000    0.0000
  pz          0    0.430706980  0.430706980   0.861413961   0.000000000    90.0000    0.0000
   sum over m      1.292061815  1.292061815   2.584123629   0.000000000
  px          1    0.004256547  0.004256547   0.008513094   0.000000000    90.0000    0.0000
  py          1    0.004256547  0.004256547   0.008513094   0.000000000    90.0000    0.0000
  pz          1    0.004260039  0.004260039   0.008520079   0.000000000    90.0000    0.0000
   sum over m      0.012773133  0.012773133   0.025546267   0.000000000
   sum over m+mul  1.304834948  1.304834948   2.609669896   0.000000000
  d3z^2-r^2   0    0.012443312  0.012443312   0.024886623   0.000000000    90.0000    0.0000
  dx^2-y^2    0    0.012443211  0.012443211   0.024886422   0.000000000    90.0000    0.0000
  dxy         0    0.025357741  0.025357741   0.050715481   0.000000000    90.0000    0.0000
  dxz         0    0.025357319  0.025357319   0.050714638   0.000000000    90.0000    0.0000
  dyz         0    0.025357319  0.025357319   0.050714638   0.000000000    90.0000    0.0000
   sum over m      0.100958901  0.100958901   0.201917802   0.000000000
   sum over m+mul  0.100958901  0.100958901   0.201917802   0.000000000

   91   Si          Up spin      Down spin     Sum           Diff           Angles(Deg)
            multiple
  s           0    0.590330368  0.590330368   1.180660735   0.000000000    90.0000    0.0000
   sum over m      0.590330368  0.590330368   1.180660735   0.000000000
  s           1    0.003829226  0.003829226   0.007658451   0.000000000    90.0000    0.0000
   sum over m      0.003829226  0.003829226   0.007658451   0.000000000
   sum over m+mul  0.594159593  0.594159593   1.188319186   0.000000000
  px          0    0.430670888  0.430670888   0.861341776   0.000000000    90.0000    0.0000
  py          0    0.430719955  0.430719955   0.861439910   0.000000000    90.0000    0.0000
  pz          0    0.430670891  0.430670891   0.861341781   0.000000000    90.0000    0.0000
   sum over m      1.292061734  1.292061734   2.584123467   0.000000000
  px          1    0.004257070  0.004257070   0.008514140   0.000000000    90.0000    0.0000
  py          1    0.004258582  0.004258582   0.008517164   0.000000000    90.0000    0.0000
  pz          1    0.004257071  0.004257071   0.008514141   0.000000000    90.0000    0.0000
   sum over m      0.012772723  0.012772723   0.025545446   0.000000000
   sum over m+mul  1.304834456  1.304834456   2.609668913   0.000000000
  d3z^2-r^2   0    0.012443206  0.012443206   0.024886412   0.000000000    90.0000    0.0000
  dx^2-y^2    0    0.012443300  0.012443300   0.024886600   0.000000000    90.0000    0.0000
  dxy         0    0.025357298  0.025357298   0.050714595   0.000000000    90.0000    0.0000
  dxz         0    0.025357517  0.025357517   0.050715034   0.000000000    90.0000    0.0000
  dyz         0    0.025357298  0.025357298   0.050714595   0.000000000    90.0000    0.0000
   sum over m      0.100958618  0.100958618   0.201917237   0.000000000
   sum over m+mul  0.100958618  0.100958618   0.201917237   0.000000000

   92   Si          Up spin      Down spin     Sum           Diff           Angles(Deg)
            multiple
  s           0    0.590381656  0.590381656   1.180763311   0.000000000    90.0000    0.0000
   sum over m      0.590381656  0.590381656   1.180763311   0.000000000
  s           1    0.003854728  0.003854728   0.007709455   0.000000000    90.0000    0.0000
   sum over m      0.003854728  0.003854728   0.007709455   0.000000000
   sum over m+mul  0.594236383  0.594236383   1.188472767   0.000000000
  px          0    0.430695138  0.430695138   0.861390275   0.000000000    90.0000    0.0000
  py          0    0.430695138  0.430695138   0.861390275   0.000000000    90.0000    0.0000
  pz          0    0.430695141  0.430695141   0.861390282   0.000000000    90.0000    0.0000
   sum over m      1.292085416  1.292085416   2.584170833   0.000000000
  px          1    0.004265202  0.004265202   0.008530405   0.000000000    90.0000    0.0000
  py          1    0.004265202  0.004265202   0.008530405   0.000000000    90.0000    0.0000
  pz          1    0.004265202  0.004265202   0.008530404   0.000000000    90.0000    0.0000
   sum over m      0.012795607  0.012795607   0.025591214   0.000000000
   sum over m+mul  1.304881024  1.304881024   2.609762047   0.000000000
  d3z^2-r^2   0    0.012443059  0.012443059   0.024886119   0.000000000    90.0000    0.0000
  dx^2-y^2    0    0.012443059  0.012443059   0.024886119   0.000000000    90.0000    0.0000
  dxy         0    0.025357174  0.025357174   0.050714347   0.000000000    90.0000    0.0000
  dxz         0    0.025357174  0.025357174   0.050714347   0.000000000    90.0000    0.0000
  dyz         0    0.025357174  0.025357174   0.050714347   0.000000000    90.0000    0.0000
   sum over m      0.100957639  0.100957639   0.201915279   0.000000000
   sum over m+mul  0.100957639  0.100957639   0.201915279   0.000000000

   93   Si          Up spin      Down spin     Sum           Diff           Angles(Deg)
            multiple
  s           0    0.590330367  0.590330367   1.180660734   0.000000000    90.0000    0.0000
   sum over m      0.590330367  0.590330367   1.180660734   0.000000000
  s           1    0.003829226  0.003829226   0.007658451   0.000000000    90.0000    0.0000
   sum over m      0.003829226  0.003829226   0.007658451   0.000000000
   sum over m+mul  0.594159592  0.594159592   1.188319185   0.000000000
  px          0    0.430670888  0.430670888   0.861341776   0.000000000    90.0000    0.0000
  py          0    0.430670888  0.430670888   0.861341776   0.000000000    90.0000    0.0000
  pz          0    0.430719957  0.430719957   0.861439913   0.000000000    90.0000    0.0000
   sum over m      1.292061733  1.292061733   2.584123466   0.000000000
  px          1    0.004257070  0.004257070   0.008514141   0.000000000    90.0000    0.0000
  py          1    0.004257070  0.004257070   0.008514141   0.000000000    90.0000    0.0000
  pz          1    0.004258582  0.004258582   0.008517164   0.000000000    90.0000    0.0000
   sum over m      0.012772723  0.012772723   0.025545446   0.000000000
   sum over m+mul  1.304834456  1.304834456   2.609668912   0.000000000
  d3z^2-r^2   0    0.012443347  0.012443347   0.024886694   0.000000000    90.0000    0.0000
  dx^2-y^2    0    0.012443159  0.012443159   0.024886319   0.000000000    90.0000    0.0000
  dxy         0    0.025357517  0.025357517   0.050715034   0.000000000    90.0000    0.0000
  dxz         0    0.025357298  0.025357298   0.050714595   0.000000000    90.0000    0.0000
  dyz         0    0.025357298  0.025357298   0.050714595   0.000000000    90.0000    0.0000
   sum over m      0.100958619  0.100958619   0.201917237   0.000000000
   sum over m+mul  0.100958619  0.100958619   0.201917237   0.000000000

   94   Si          Up spin      Down spin     Sum           Diff           Angles(Deg)
            multiple
  s           0    0.590342981  0.590342981   1.180685963   0.000000000    90.0000    0.0000
   sum over m      0.590342981  0.590342981   1.180685963   0.000000000
  s           1    0.003834523  0.003834523   0.007669045   0.000000000    90.0000    0.0000
   sum over m      0.003834523  0.003834523   0.007669045   0.000000000
   sum over m+mul  0.594177504  0.594177504   1.188355008   0.000000000
  px          0    0.430706978  0.430706978   0.861413957   0.000000000    90.0000    0.0000
  py          0    0.430677416  0.430677416   0.861354832   0.000000000    90.0000    0.0000
  pz          0    0.430677419  0.430677419   0.861354837   0.000000000    90.0000    0.0000
   sum over m      1.292061813  1.292061813   2.584123626   0.000000000
  px          1    0.004260040  0.004260040   0.008520079   0.000000000    90.0000    0.0000
  py          1    0.004256547  0.004256547   0.008513094   0.000000000    90.0000    0.0000
  pz          1    0.004256547  0.004256547   0.008513094   0.000000000    90.0000    0.0000
   sum over m      0.012773134  0.012773134   0.025546268   0.000000000
   sum over m+mul  1.304834947  1.304834947   2.609669893   0.000000000
  d3z^2-r^2   0    0.012443236  0.012443236   0.024886472   0.000000000    90.0000    0.0000
  dx^2-y^2    0    0.012443286  0.012443286   0.024886573   0.000000000    90.0000    0.0000
  dxy         0    0.025357319  0.025357319   0.050714638   0.000000000    90.0000    0.0000
  dxz         0    0.025357319  0.025357319   0.050714638   0.000000000    90.0000    0.0000
  dyz         0    0.025357741  0.025357741   0.050715482   0.000000000    90.0000    0.0000
   sum over m      0.100958901  0.100958901   0.201917802   0.000000000
   sum over m+mul  0.100958901  0.100958901   0.201917802   0.000000000

   95   Si          Up spin      Down spin     Sum           Diff           Angles(Deg)
            multiple
  s           0    0.590342981  0.590342981   1.180685963   0.000000000    90.0000    0.0000
   sum over m      0.590342981  0.590342981   1.180685963   0.000000000
  s           1    0.003834523  0.003834523   0.007669045   0.000000000    90.0000    0.0000
   sum over m      0.003834523  0.003834523   0.007669045   0.000000000
   sum over m+mul  0.594177504  0.594177504   1.188355008   0.000000000
  px          0    0.430677416  0.430677416   0.861354832   0.000000000    90.0000    0.0000
  py          0    0.430706978  0.430706978   0.861413957   0.000000000    90.0000    0.0000
  pz          0    0.430677419  0.430677419   0.861354837   0.000000000    90.0000    0.0000
   sum over m      1.292061813  1.292061813   2.584123626   0.000000000
  px          1    0.004256547  0.004256547   0.008513094   0.000000000    90.0000    0.0000
  py          1    0.004260040  0.004260040   0.008520079   0.000000000    90.0000    0.0000
  pz          1    0.004256547  0.004256547   0.008513094   0.000000000    90.0000    0.0000
   sum over m      0.012773134  0.012773134   0.025546268   0.000000000
   sum over m+mul  1.304834947  1.304834947   2.609669893   0.000000000
  d3z^2-r^2   0    0.012443236  0.012443236   0.024886472   0.000000000    90.0000    0.0000
  dx^2-y^2    0    0.012443286  0.012443286   0.024886573   0.000000000    90.0000    0.0000
  dxy         0    0.025357319  0.025357319   0.050714638   0.000000000    90.0000    0.0000
  dxz         0    0.025357741  0.025357741   0.050715482   0.000000000    90.0000    0.0000
  dyz         0    0.025357319  0.025357319   0.050714638   0.000000000    90.0000    0.0000
   sum over m      0.100958901  0.100958901   0.201917802   0.000000000
   sum over m+mul  0.100958901  0.100958901   0.201917802   0.000000000

   96   Si          Up spin      Down spin     Sum           Diff           Angles(Deg)
            multiple
  s           0    0.590381656  0.590381656   1.180763311   0.000000000    90.0000    0.0000
   sum over m      0.590381656  0.590381656   1.180763311   0.000000000
  s           1    0.003854728  0.003854728   0.007709455   0.000000000    90.0000    0.0000
   sum over m      0.003854728  0.003854728   0.007709455   0.000000000
   sum over m+mul  0.594236383  0.594236383   1.188472767   0.000000000
  px          0    0.430695138  0.430695138   0.861390275   0.000000000    90.0000    0.0000
  py          0    0.430695138  0.430695138   0.861390275   0.000000000    90.0000    0.0000
  pz          0    0.430695141  0.430695141   0.861390282   0.000000000    90.0000    0.0000
   sum over m      1.292085416  1.292085416   2.584170833   0.000000000
  px          1    0.004265202  0.004265202   0.008530405   0.000000000    90.0000    0.0000
  py          1    0.004265202  0.004265202   0.008530405   0.000000000    90.0000    0.0000
  pz          1    0.004265202  0.004265202   0.008530404   0.000000000    90.0000    0.0000
   sum over m      0.012795607  0.012795607   0.025591214   0.000000000
   sum over m+mul  1.304881024  1.304881024   2.609762047   0.000000000
  d3z^2-r^2   0    0.012443059  0.012443059   0.024886119   0.000000000    90.0000    0.0000
  dx^2-y^2    0    0.012443059  0.012443059   0.024886119   0.000000000    90.0000    0.0000
  dxy         0    0.025357174  0.025357174   0.050714347   0.000000000    90.0000    0.0000
  dxz         0    0.025357174  0.025357174   0.050714347   0.000000000    90.0000    0.0000
  dyz         0    0.025357174  0.025357174   0.050714347   0.000000000    90.0000    0.0000
   sum over m      0.100957639  0.100957639   0.201915279   0.000000000
   sum over m+mul  0.100957639  0.100957639   0.201915279   0.000000000

   97   Si          Up spin      Down spin     Sum           Diff           Angles(Deg)
            multiple
  s           0    0.590330367  0.590330367   1.180660734   0.000000000    90.0000    0.0000
   sum over m      0.590330367  0.590330367   1.180660734   0.000000000
  s           1    0.003829226  0.003829226   0.007658451   0.000000000    90.0000    0.0000
   sum over m      0.003829226  0.003829226   0.007658451   0.000000000
   sum over m+mul  0.594159592  0.594159592   1.188319185   0.000000000
  px          0    0.430670888  0.430670888   0.861341776   0.000000000    90.0000    0.0000
  py          0    0.430670888  0.430670888   0.861341776   0.000000000    90.0000    0.0000
  pz          0    0.430719957  0.430719957   0.861439913   0.000000000    90.0000    0.0000
   sum over m      1.292061733  1.292061733   2.584123466   0.000000000
  px          1    0.004257070  0.004257070   0.008514141   0.000000000    90.0000    0.0000
  py          1    0.004257070  0.004257070   0.008514141   0.000000000    90.0000    0.0000
  pz          1    0.004258582  0.004258582   0.008517164   0.000000000    90.0000    0.0000
   sum over m      0.012772723  0.012772723   0.025545446   0.000000000
   sum over m+mul  1.304834456  1.304834456   2.609668912   0.000000000
  d3z^2-r^2   0    0.012443347  0.012443347   0.024886694   0.000000000    90.0000    0.0000
  dx^2-y^2    0    0.012443159  0.012443159   0.024886319   0.000000000    90.0000    0.0000
  dxy         0    0.025357517  0.025357517   0.050715034   0.000000000    90.0000    0.0000
  dxz         0    0.025357298  0.025357298   0.050714595   0.000000000    90.0000    0.0000
  dyz         0    0.025357298  0.025357298   0.050714595   0.000000000    90.0000    0.0000
   sum over m      0.100958619  0.100958619   0.201917237   0.000000000
   sum over m+mul  0.100958619  0.100958619   0.201917237   0.000000000

   98   Si          Up spin      Down spin     Sum           Diff           Angles(Deg)
            multiple
  s           0    0.590342981  0.590342981   1.180685963   0.000000000    90.0000    0.0000
   sum over m      0.590342981  0.590342981   1.180685963   0.000000000
  s           1    0.003834523  0.003834523   0.007669045   0.000000000    90.0000    0.0000
   sum over m      0.003834523  0.003834523   0.007669045   0.000000000
   sum over m+mul  0.594177504  0.594177504   1.188355008   0.000000000
  px          0    0.430677416  0.430677416   0.861354832   0.000000000    90.0000    0.0000
  py          0    0.430706978  0.430706978   0.861413957   0.000000000    90.0000    0.0000
  pz          0    0.430677419  0.430677419   0.861354837   0.000000000    90.0000    0.0000
   sum over m      1.292061813  1.292061813   2.584123626   0.000000000
  px          1    0.004256547  0.004256547   0.008513094   0.000000000    90.0000    0.0000
  py          1    0.004260040  0.004260040   0.008520079   0.000000000    90.0000    0.0000
  pz          1    0.004256547  0.004256547   0.008513094   0.000000000    90.0000    0.0000
   sum over m      0.012773134  0.012773134   0.025546268   0.000000000
   sum over m+mul  1.304834947  1.304834947   2.609669893   0.000000000
  d3z^2-r^2   0    0.012443236  0.012443236   0.024886472   0.000000000    90.0000    0.0000
  dx^2-y^2    0    0.012443286  0.012443286   0.024886573   0.000000000    90.0000    0.0000
  dxy         0    0.025357319  0.025357319   0.050714638   0.000000000    90.0000    0.0000
  dxz         0    0.025357741  0.025357741   0.050715482   0.000000000    90.0000    0.0000
  dyz         0    0.025357319  0.025357319   0.050714638   0.000000000    90.0000    0.0000
   sum over m      0.100958901  0.100958901   0.201917802   0.000000000
   sum over m+mul  0.100958901  0.100958901   0.201917802   0.000000000

   99   Si          Up spin      Down spin     Sum           Diff           Angles(Deg)
            multiple
  s           0    0.590342981  0.590342981   1.180685963   0.000000000    90.0000    0.0000
   sum over m      0.590342981  0.590342981   1.180685963   0.000000000
  s           1    0.003834523  0.003834523   0.007669045   0.000000000    90.0000    0.0000
   sum over m      0.003834523  0.003834523   0.007669045   0.000000000
   sum over m+mul  0.594177504  0.594177504   1.188355008   0.000000000
  px          0    0.430706978  0.430706978   0.861413957   0.000000000    90.0000    0.0000
  py          0    0.430677416  0.430677416   0.861354832   0.000000000    90.0000    0.0000
  pz          0    0.430677419  0.430677419   0.861354837   0.000000000    90.0000    0.0000
   sum over m      1.292061813  1.292061813   2.584123626   0.000000000
  px          1    0.004260040  0.004260040   0.008520079   0.000000000    90.0000    0.0000
  py          1    0.004256547  0.004256547   0.008513094   0.000000000    90.0000    0.0000
  pz          1    0.004256547  0.004256547   0.008513094   0.000000000    90.0000    0.0000
   sum over m      0.012773134  0.012773134   0.025546268   0.000000000
   sum over m+mul  1.304834947  1.304834947   2.609669893   0.000000000
  d3z^2-r^2   0    0.012443236  0.012443236   0.024886472   0.000000000    90.0000    0.0000
  dx^2-y^2    0    0.012443286  0.012443286   0.024886573   0.000000000    90.0000    0.0000
  dxy         0    0.025357319  0.025357319   0.050714638   0.000000000    90.0000    0.0000
  dxz         0    0.025357319  0.025357319   0.050714638   0.000000000    90.0000    0.0000
  dyz         0    0.025357741  0.025357741   0.050715482   0.000000000    90.0000    0.0000
   sum over m      0.100958901  0.100958901   0.201917802   0.000000000
   sum over m+mul  0.100958901  0.100958901   0.201917802   0.000000000

  100   Si          Up spin      Down spin     Sum           Diff           Angles(Deg)
            multiple
  s           0    0.590381656  0.590381656   1.180763311   0.000000000    90.0000    0.0000
   sum over m      0.590381656  0.590381656   1.180763311   0.000000000
  s           1    0.003854728  0.003854728   0.007709455   0.000000000    90.0000    0.0000
   sum over m      0.003854728  0.003854728   0.007709455   0.000000000
   sum over m+mul  0.594236383  0.594236383   1.188472767   0.000000000
  px          0    0.430695138  0.430695138   0.861390275   0.000000000    90.0000    0.0000
  py          0    0.430695138  0.430695138   0.861390275   0.000000000    90.0000    0.0000
  pz          0    0.430695141  0.430695141   0.861390282   0.000000000    90.0000    0.0000
   sum over m      1.292085416  1.292085416   2.584170833   0.000000000
  px          1    0.004265202  0.004265202   0.008530405   0.000000000    90.0000    0.0000
  py          1    0.004265202  0.004265202   0.008530405   0.000000000    90.0000    0.0000
  pz          1    0.004265202  0.004265202   0.008530404   0.000000000    90.0000    0.0000
   sum over m      0.012795607  0.012795607   0.025591214   0.000000000
   sum over m+mul  1.304881024  1.304881024   2.609762047   0.000000000
  d3z^2-r^2   0    0.012443059  0.012443059   0.024886119   0.000000000    90.0000    0.0000
  dx^2-y^2    0    0.012443059  0.012443059   0.024886119   0.000000000    90.0000    0.0000
  dxy         0    0.025357174  0.025357174   0.050714347   0.000000000    90.0000    0.0000
  dxz         0    0.025357174  0.025357174   0.050714347   0.000000000    90.0000    0.0000
  dyz         0    0.025357174  0.025357174   0.050714347   0.000000000    90.0000    0.0000
   sum over m      0.100957639  0.100957639   0.201915279   0.000000000
   sum over m+mul  0.100957639  0.100957639   0.201915279   0.000000000

  101   Si          Up spin      Down spin     Sum           Diff           Angles(Deg)
            multiple
  s           0    0.590330368  0.590330368   1.180660735   0.000000000    90.0000    0.0000
   sum over m      0.590330368  0.590330368   1.180660735   0.000000000
  s           1    0.003829226  0.003829226   0.007658451   0.000000000    90.0000    0.0000
   sum over m      0.003829226  0.003829226   0.007658451   0.000000000
   sum over m+mul  0.594159593  0.594159593   1.188319186   0.000000000
  px          0    0.430670888  0.430670888   0.861341776   0.000000000    90.0000    0.0000
  py          0    0.430719955  0.430719955   0.861439910   0.000000000    90.0000    0.0000
  pz          0    0.430670891  0.430670891   0.861341781   0.000000000    90.0000    0.0000
   sum over m      1.292061734  1.292061734   2.584123467   0.000000000
  px          1    0.004257070  0.004257070   0.008514140   0.000000000    90.0000    0.0000
  py          1    0.004258582  0.004258582   0.008517164   0.000000000    90.0000    0.0000
  pz          1    0.004257071  0.004257071   0.008514141   0.000000000    90.0000    0.0000
   sum over m      0.012772723  0.012772723   0.025545446   0.000000000
   sum over m+mul  1.304834456  1.304834456   2.609668913   0.000000000
  d3z^2-r^2   0    0.012443206  0.012443206   0.024886412   0.000000000    90.0000    0.0000
  dx^2-y^2    0    0.012443300  0.012443300   0.024886600   0.000000000    90.0000    0.0000
  dxy         0    0.025357298  0.025357298   0.050714595   0.000000000    90.0000    0.0000
  dxz         0    0.025357517  0.025357517   0.050715034   0.000000000    90.0000    0.0000
  dyz         0    0.025357298  0.025357298   0.050714595   0.000000000    90.0000    0.0000
   sum over m      0.100958618  0.100958618   0.201917237   0.000000000
   sum over m+mul  0.100958618  0.100958618   0.201917237   0.000000000

  102   Si          Up spin      Down spin     Sum           Diff           Angles(Deg)
            multiple
  s           0    0.590330367  0.590330367   1.180660734   0.000000000    90.0000    0.0000
   sum over m      0.590330367  0.590330367   1.180660734   0.000000000
  s           1    0.003829226  0.003829226   0.007658451   0.000000000    90.0000    0.0000
   sum over m      0.003829226  0.003829226   0.007658451   0.000000000
   sum over m+mul  0.594159592  0.594159592   1.188319185   0.000000000
  px          0    0.430670888  0.430670888   0.861341776   0.000000000    90.0000    0.0000
  py          0    0.430670888  0.430670888   0.861341776   0.000000000    90.0000    0.0000
  pz          0    0.430719957  0.430719957   0.861439913   0.000000000    90.0000    0.0000
   sum over m      1.292061733  1.292061733   2.584123466   0.000000000
  px          1    0.004257070  0.004257070   0.008514141   0.000000000    90.0000    0.0000
  py          1    0.004257070  0.004257070   0.008514141   0.000000000    90.0000    0.0000
  pz          1    0.004258582  0.004258582   0.008517164   0.000000000    90.0000    0.0000
   sum over m      0.012772723  0.012772723   0.025545446   0.000000000
   sum over m+mul  1.304834456  1.304834456   2.609668912   0.000000000
  d3z^2-r^2   0    0.012443347  0.012443347   0.024886694   0.000000000    90.0000    0.0000
  dx^2-y^2    0    0.012443159  0.012443159   0.024886319   0.000000000    90.0000    0.0000
  dxy         0    0.025357517  0.025357517   0.050715034   0.000000000    90.0000    0.0000
  dxz         0    0.025357298  0.025357298   0.050714595   0.000000000    90.0000    0.0000
  dyz         0    0.025357298  0.025357298   0.050714595   0.000000000    90.0000    0.0000
   sum over m      0.100958619  0.100958619   0.201917237   0.000000000
   sum over m+mul  0.100958619  0.100958619   0.201917237   0.000000000

  103   Si          Up spin      Down spin     Sum           Diff           Angles(Deg)
            multiple
  s           0    0.590377353  0.590377353   1.180754707   0.000000000    90.0000    0.0000
   sum over m      0.590377353  0.590377353   1.180754707   0.000000000
  s           1    0.003852934  0.003852934   0.007705867   0.000000000    90.0000    0.0000
   sum over m      0.003852934  0.003852934   0.007705867   0.000000000
   sum over m+mul  0.594230287  0.594230287   1.188460574   0.000000000
  px          0    0.430701224  0.430701224   0.861402448   0.000000000    90.0000    0.0000
  py          0    0.430701224  0.430701224   0.861402448   0.000000000    90.0000    0.0000
  pz          0    0.430701227  0.430701227   0.861402453   0.000000000    90.0000    0.0000
   sum over m      1.292103675  1.292103675   2.584207350   0.000000000
  px          1    0.004263697  0.004263697   0.008527394   0.000000000    90.0000    0.0000
  py          1    0.004263697  0.004263697   0.008527394   0.000000000    90.0000    0.0000
  pz          1    0.004263697  0.004263697   0.008527394   0.000000000    90.0000    0.0000
   sum over m      0.012791091  0.012791091   0.025582181   0.000000000
   sum over m+mul  1.304894765  1.304894765   2.609789531   0.000000000
  d3z^2-r^2   0    0.012443145  0.012443145   0.024886290   0.000000000    90.0000    0.0000
  dx^2-y^2    0    0.012443145  0.012443145   0.024886290   0.000000000    90.0000    0.0000
  dxy         0    0.025357194  0.025357194   0.050714388   0.000000000    90.0000    0.0000
  dxz         0    0.025357194  0.025357194   0.050714388   0.000000000    90.0000    0.0000
  dyz         0    0.025357194  0.025357194   0.050714388   0.000000000    90.0000    0.0000
   sum over m      0.100957872  0.100957872   0.201915743   0.000000000
   sum over m+mul  0.100957872  0.100957872   0.201915743   0.000000000

  104   Si          Up spin      Down spin     Sum           Diff           Angles(Deg)
            multiple
  s           0    0.590330368  0.590330368   1.180660735   0.000000000    90.0000    0.0000
   sum over m      0.590330368  0.590330368   1.180660735   0.000000000
  s           1    0.003829226  0.003829226   0.007658451   0.000000000    90.0000    0.0000
   sum over m      0.003829226  0.003829226   0.007658451   0.000000000
   sum over m+mul  0.594159593  0.594159593   1.188319186   0.000000000
  px          0    0.430719955  0.430719955   0.861439910   0.000000000    90.0000    0.0000
  py          0    0.430670888  0.430670888   0.861341776   0.000000000    90.0000    0.0000
  pz          0    0.430670891  0.430670891   0.861341781   0.000000000    90.0000    0.0000
   sum over m      1.292061734  1.292061734   2.584123467   0.000000000
  px          1    0.004258582  0.004258582   0.008517164   0.000000000    90.0000    0.0000
  py          1    0.004257070  0.004257070   0.008514140   0.000000000    90.0000    0.0000
  pz          1    0.004257071  0.004257071   0.008514141   0.000000000    90.0000    0.0000
   sum over m      0.012772723  0.012772723   0.025545446   0.000000000
   sum over m+mul  1.304834456  1.304834456   2.609668913   0.000000000
  d3z^2-r^2   0    0.012443206  0.012443206   0.024886412   0.000000000    90.0000    0.0000
  dx^2-y^2    0    0.012443300  0.012443300   0.024886600   0.000000000    90.0000    0.0000
  dxy         0    0.025357298  0.025357298   0.050714595   0.000000000    90.0000    0.0000
  dxz         0    0.025357298  0.025357298   0.050714595   0.000000000    90.0000    0.0000
  dyz         0    0.025357517  0.025357517   0.050715034   0.000000000    90.0000    0.0000
   sum over m      0.100958618  0.100958618   0.201917237   0.000000000
   sum over m+mul  0.100958618  0.100958618   0.201917237   0.000000000

  105   Si          Up spin      Down spin     Sum           Diff           Angles(Deg)
            multiple
  s           0    0.590383293  0.590383293   1.180766586   0.000000000    90.0000    0.0000
   sum over m      0.590383293  0.590383293   1.180766586   0.000000000
  s           1    0.003845231  0.003845231   0.007690461   0.000000000    90.0000    0.0000
   sum over m      0.003845231  0.003845231   0.007690461   0.000000000
   sum over m+mul  0.594228523  0.594228523   1.188457047   0.000000000
  px          0    0.430672867  0.430672867   0.861345734   0.000000000    90.0000    0.0000
  py          0    0.430672867  0.430672867   0.861345734   0.000000000    90.0000    0.0000
  pz          0    0.430672870  0.430672870   0.861345741   0.000000000    90.0000    0.0000
   sum over m      1.292018604  1.292018604   2.584037208   0.000000000
  px          1    0.004263804  0.004263804   0.008527608   0.000000000    90.0000    0.0000
  py          1    0.004263804  0.004263804   0.008527608   0.000000000    90.0000    0.0000
  pz          1    0.004263804  0.004263804   0.008527609   0.000000000    90.0000    0.0000
   sum over m      0.012791413  0.012791413   0.025582825   0.000000000
   sum over m+mul  1.304810017  1.304810017   2.609620034   0.000000000
  d3z^2-r^2   0    0.012443285  0.012443285   0.024886570   0.000000000    90.0000    0.0000
  dx^2-y^2    0    0.012443285  0.012443285   0.024886569   0.000000000    90.0000    0.0000
  dxy         0    0.025356927  0.025356927   0.050713854   0.000000000    90.0000    0.0000
  dxz         0    0.025356927  0.025356927   0.050713855   0.000000000    90.0000    0.0000
  dyz         0    0.025356927  0.025356927   0.050713855   0.000000000    90.0000    0.0000
   sum over m      0.100957351  0.100957351   0.201914703   0.000000000
   sum over m+mul  0.100957351  0.100957351   0.201914703   0.000000000

  106   Si          Up spin      Down spin     Sum           Diff           Angles(Deg)
            multiple
  s           0    0.590342981  0.590342981   1.180685963   0.000000000    90.0000    0.0000
   sum over m      0.590342981  0.590342981   1.180685963   0.000000000
  s           1    0.003834523  0.003834523   0.007669045   0.000000000    90.0000    0.0000
   sum over m      0.003834523  0.003834523   0.007669045   0.000000000
   sum over m+mul  0.594177504  0.594177504   1.188355008   0.000000000
  px          0    0.430677416  0.430677416   0.861354832   0.000000000    90.0000    0.0000
  py          0    0.430706978  0.430706978   0.861413957   0.000000000    90.0000    0.0000
  pz          0    0.430677419  0.430677419   0.861354837   0.000000000    90.0000    0.0000
   sum over m      1.292061813  1.292061813   2.584123626   0.000000000
  px          1    0.004256547  0.004256547   0.008513094   0.000000000    90.0000    0.0000
  py          1    0.004260040  0.004260040   0.008520079   0.000000000    90.0000    0.0000
  pz          1    0.004256547  0.004256547   0.008513094   0.000000000    90.0000    0.0000
   sum over m      0.012773134  0.012773134   0.025546268   0.000000000
   sum over m+mul  1.304834947  1.304834947   2.609669893   0.000000000
  d3z^2-r^2   0    0.012443236  0.012443236   0.024886472   0.000000000    90.0000    0.0000
  dx^2-y^2    0    0.012443286  0.012443286   0.024886573   0.000000000    90.0000    0.0000
  dxy         0    0.025357319  0.025357319   0.050714638   0.000000000    90.0000    0.0000
  dxz         0    0.025357741  0.025357741   0.050715482   0.000000000    90.0000    0.0000
  dyz         0    0.025357319  0.025357319   0.050714638   0.000000000    90.0000    0.0000
   sum over m      0.100958901  0.100958901   0.201917802   0.000000000
   sum over m+mul  0.100958901  0.100958901   0.201917802   0.000000000

  107   Si          Up spin      Down spin     Sum           Diff           Angles(Deg)
            multiple
  s           0    0.590342981  0.590342981   1.180685963   0.000000000    90.0000    0.0000
   sum over m      0.590342981  0.590342981   1.180685963   0.000000000
  s           1    0.003834523  0.003834523   0.007669045   0.000000000    90.0000    0.0000
   sum over m      0.003834523  0.003834523   0.007669045   0.000000000
   sum over m+mul  0.594177504  0.594177504   1.188355008   0.000000000
  px          0    0.430706978  0.430706978   0.861413957   0.000000000    90.0000    0.0000
  py          0    0.430677416  0.430677416   0.861354832   0.000000000    90.0000    0.0000
  pz          0    0.430677419  0.430677419   0.861354837   0.000000000    90.0000    0.0000
   sum over m      1.292061813  1.292061813   2.584123626   0.000000000
  px          1    0.004260040  0.004260040   0.008520079   0.000000000    90.0000    0.0000
  py          1    0.004256547  0.004256547   0.008513094   0.000000000    90.0000    0.0000
  pz          1    0.004256547  0.004256547   0.008513094   0.000000000    90.0000    0.0000
   sum over m      0.012773134  0.012773134   0.025546268   0.000000000
   sum over m+mul  1.304834947  1.304834947   2.609669893   0.000000000
  d3z^2-r^2   0    0.012443236  0.012443236   0.024886472   0.000000000    90.0000    0.0000
  dx^2-y^2    0    0.012443286  0.012443286   0.024886573   0.000000000    90.0000    0.0000
  dxy         0    0.025357319  0.025357319   0.050714638   0.000000000    90.0000    0.0000
  dxz         0    0.025357319  0.025357319   0.050714638   0.000000000    90.0000    0.0000
  dyz         0    0.025357741  0.025357741   0.050715482   0.000000000    90.0000    0.0000
   sum over m      0.100958901  0.100958901   0.201917802   0.000000000
   sum over m+mul  0.100958901  0.100958901   0.201917802   0.000000000

  108   Si          Up spin      Down spin     Sum           Diff           Angles(Deg)
            multiple
  s           0    0.590342981  0.590342981   1.180685962   0.000000000    90.0000    0.0000
   sum over m      0.590342981  0.590342981   1.180685962   0.000000000
  s           1    0.003834522  0.003834522   0.007669044   0.000000000    90.0000    0.0000
   sum over m      0.003834522  0.003834522   0.007669044   0.000000000
   sum over m+mul  0.594177503  0.594177503   1.188355006   0.000000000
  px          0    0.430677417  0.430677417   0.861354834   0.000000000    90.0000    0.0000
  py          0    0.430677417  0.430677417   0.861354834   0.000000000    90.0000    0.0000
  pz          0    0.430706980  0.430706980   0.861413961   0.000000000    90.0000    0.0000
   sum over m      1.292061815  1.292061815   2.584123629   0.000000000
  px          1    0.004256547  0.004256547   0.008513094   0.000000000    90.0000    0.0000
  py          1    0.004256547  0.004256547   0.008513094   0.000000000    90.0000    0.0000
  pz          1    0.004260039  0.004260039   0.008520079   0.000000000    90.0000    0.0000
   sum over m      0.012773133  0.012773133   0.025546267   0.000000000
   sum over m+mul  1.304834948  1.304834948   2.609669896   0.000000000
  d3z^2-r^2   0    0.012443312  0.012443312   0.024886623   0.000000000    90.0000    0.0000
  dx^2-y^2    0    0.012443211  0.012443211   0.024886422   0.000000000    90.0000    0.0000
  dxy         0    0.025357741  0.025357741   0.050715481   0.000000000    90.0000    0.0000
  dxz         0    0.025357319  0.025357319   0.050714638   0.000000000    90.0000    0.0000
  dyz         0    0.025357319  0.025357319   0.050714638   0.000000000    90.0000    0.0000
   sum over m      0.100958901  0.100958901   0.201917802   0.000000000
   sum over m+mul  0.100958901  0.100958901   0.201917802   0.000000000

  109   Si          Up spin      Down spin     Sum           Diff           Angles(Deg)
            multiple
  s           0    0.590342981  0.590342981   1.180685963   0.000000000    90.0000    0.0000
   sum over m      0.590342981  0.590342981   1.180685963   0.000000000
  s           1    0.003834523  0.003834523   0.007669045   0.000000000    90.0000    0.0000
   sum over m      0.003834523  0.003834523   0.007669045   0.000000000
   sum over m+mul  0.594177504  0.594177504   1.188355008   0.000000000
  px          0    0.430706978  0.430706978   0.861413957   0.000000000    90.0000    0.0000
  py          0    0.430677416  0.430677416   0.861354832   0.000000000    90.0000    0.0000
  pz          0    0.430677419  0.430677419   0.861354837   0.000000000    90.0000    0.0000
   sum over m      1.292061813  1.292061813   2.584123626   0.000000000
  px          1    0.004260040  0.004260040   0.008520079   0.000000000    90.0000    0.0000
  py          1    0.004256547  0.004256547   0.008513094   0.000000000    90.0000    0.0000
  pz          1    0.004256547  0.004256547   0.008513094   0.000000000    90.0000    0.0000
   sum over m      0.012773134  0.012773134   0.025546268   0.000000000
   sum over m+mul  1.304834947  1.304834947   2.609669893   0.000000000
  d3z^2-r^2   0    0.012443236  0.012443236   0.024886472   0.000000000    90.0000    0.0000
  dx^2-y^2    0    0.012443286  0.012443286   0.024886573   0.000000000    90.0000    0.0000
  dxy         0    0.025357319  0.025357319   0.050714638   0.000000000    90.0000    0.0000
  dxz         0    0.025357319  0.025357319   0.050714638   0.000000000    90.0000    0.0000
  dyz         0    0.025357741  0.025357741   0.050715482   0.000000000    90.0000    0.0000
   sum over m      0.100958901  0.100958901   0.201917802   0.000000000
   sum over m+mul  0.100958901  0.100958901   0.201917802   0.000000000

  110   Si          Up spin      Down spin     Sum           Diff           Angles(Deg)
            multiple
  s           0    0.590383293  0.590383293   1.180766586   0.000000000    90.0000    0.0000
   sum over m      0.590383293  0.590383293   1.180766586   0.000000000
  s           1    0.003845231  0.003845231   0.007690461   0.000000000    90.0000    0.0000
   sum over m      0.003845231  0.003845231   0.007690461   0.000000000
   sum over m+mul  0.594228523  0.594228523   1.188457047   0.000000000
  px          0    0.430672867  0.430672867   0.861345734   0.000000000    90.0000    0.0000
  py          0    0.430672867  0.430672867   0.861345734   0.000000000    90.0000    0.0000
  pz          0    0.430672870  0.430672870   0.861345741   0.000000000    90.0000    0.0000
   sum over m      1.292018604  1.292018604   2.584037208   0.000000000
  px          1    0.004263804  0.004263804   0.008527608   0.000000000    90.0000    0.0000
  py          1    0.004263804  0.004263804   0.008527608   0.000000000    90.0000    0.0000
  pz          1    0.004263804  0.004263804   0.008527609   0.000000000    90.0000    0.0000
   sum over m      0.012791413  0.012791413   0.025582825   0.000000000
   sum over m+mul  1.304810017  1.304810017   2.609620034   0.000000000
  d3z^2-r^2   0    0.012443285  0.012443285   0.024886570   0.000000000    90.0000    0.0000
  dx^2-y^2    0    0.012443285  0.012443285   0.024886569   0.000000000    90.0000    0.0000
  dxy         0    0.025356927  0.025356927   0.050713854   0.000000000    90.0000    0.0000
  dxz         0    0.025356927  0.025356927   0.050713855   0.000000000    90.0000    0.0000
  dyz         0    0.025356927  0.025356927   0.050713855   0.000000000    90.0000    0.0000
   sum over m      0.100957351  0.100957351   0.201914703   0.000000000
   sum over m+mul  0.100957351  0.100957351   0.201914703   0.000000000

  111   Si          Up spin      Down spin     Sum           Diff           Angles(Deg)
            multiple
  s           0    0.590342981  0.590342981   1.180685962   0.000000000    90.0000    0.0000
   sum over m      0.590342981  0.590342981   1.180685962   0.000000000
  s           1    0.003834522  0.003834522   0.007669044   0.000000000    90.0000    0.0000
   sum over m      0.003834522  0.003834522   0.007669044   0.000000000
   sum over m+mul  0.594177503  0.594177503   1.188355006   0.000000000
  px          0    0.430677417  0.430677417   0.861354834   0.000000000    90.0000    0.0000
  py          0    0.430677417  0.430677417   0.861354834   0.000000000    90.0000    0.0000
  pz          0    0.430706980  0.430706980   0.861413961   0.000000000    90.0000    0.0000
   sum over m      1.292061815  1.292061815   2.584123629   0.000000000
  px          1    0.004256547  0.004256547   0.008513094   0.000000000    90.0000    0.0000
  py          1    0.004256547  0.004256547   0.008513094   0.000000000    90.0000    0.0000
  pz          1    0.004260039  0.004260039   0.008520079   0.000000000    90.0000    0.0000
   sum over m      0.012773133  0.012773133   0.025546267   0.000000000
   sum over m+mul  1.304834948  1.304834948   2.609669896   0.000000000
  d3z^2-r^2   0    0.012443312  0.012443312   0.024886623   0.000000000    90.0000    0.0000
  dx^2-y^2    0    0.012443211  0.012443211   0.024886422   0.000000000    90.0000    0.0000
  dxy         0    0.025357741  0.025357741   0.050715481   0.000000000    90.0000    0.0000
  dxz         0    0.025357319  0.025357319   0.050714638   0.000000000    90.0000    0.0000
  dyz         0    0.025357319  0.025357319   0.050714638   0.000000000    90.0000    0.0000
   sum over m      0.100958901  0.100958901   0.201917802   0.000000000
   sum over m+mul  0.100958901  0.100958901   0.201917802   0.000000000

  112   Si          Up spin      Down spin     Sum           Diff           Angles(Deg)
            multiple
  s           0    0.590342981  0.590342981   1.180685963   0.000000000    90.0000    0.0000
   sum over m      0.590342981  0.590342981   1.180685963   0.000000000
  s           1    0.003834523  0.003834523   0.007669045   0.000000000    90.0000    0.0000
   sum over m      0.003834523  0.003834523   0.007669045   0.000000000
   sum over m+mul  0.594177504  0.594177504   1.188355008   0.000000000
  px          0    0.430677416  0.430677416   0.861354832   0.000000000    90.0000    0.0000
  py          0    0.430706978  0.430706978   0.861413957   0.000000000    90.0000    0.0000
  pz          0    0.430677419  0.430677419   0.861354837   0.000000000    90.0000    0.0000
   sum over m      1.292061813  1.292061813   2.584123626   0.000000000
  px          1    0.004256547  0.004256547   0.008513094   0.000000000    90.0000    0.0000
  py          1    0.004260040  0.004260040   0.008520079   0.000000000    90.0000    0.0000
  pz          1    0.004256547  0.004256547   0.008513094   0.000000000    90.0000    0.0000
   sum over m      0.012773134  0.012773134   0.025546268   0.000000000
   sum over m+mul  1.304834947  1.304834947   2.609669893   0.000000000
  d3z^2-r^2   0    0.012443236  0.012443236   0.024886472   0.000000000    90.0000    0.0000
  dx^2-y^2    0    0.012443286  0.012443286   0.024886573   0.000000000    90.0000    0.0000
  dxy         0    0.025357319  0.025357319   0.050714638   0.000000000    90.0000    0.0000
  dxz         0    0.025357741  0.025357741   0.050715482   0.000000000    90.0000    0.0000
  dyz         0    0.025357319  0.025357319   0.050714638   0.000000000    90.0000    0.0000
   sum over m      0.100958901  0.100958901   0.201917802   0.000000000
   sum over m+mul  0.100958901  0.100958901   0.201917802   0.000000000

  113   Si          Up spin      Down spin     Sum           Diff           Angles(Deg)
            multiple
  s           0    0.590330367  0.590330367   1.180660734   0.000000000    90.0000    0.0000
   sum over m      0.590330367  0.590330367   1.180660734   0.000000000
  s           1    0.003829226  0.003829226   0.007658451   0.000000000    90.0000    0.0000
   sum over m      0.003829226  0.003829226   0.007658451   0.000000000
   sum over m+mul  0.594159592  0.594159592   1.188319185   0.000000000
  px          0    0.430670888  0.430670888   0.861341776   0.000000000    90.0000    0.0000
  py          0    0.430670888  0.430670888   0.861341776   0.000000000    90.0000    0.0000
  pz          0    0.430719957  0.430719957   0.861439913   0.000000000    90.0000    0.0000
   sum over m      1.292061733  1.292061733   2.584123466   0.000000000
  px          1    0.004257070  0.004257070   0.008514141   0.000000000    90.0000    0.0000
  py          1    0.004257070  0.004257070   0.008514141   0.000000000    90.0000    0.0000
  pz          1    0.004258582  0.004258582   0.008517164   0.000000000    90.0000    0.0000
   sum over m      0.012772723  0.012772723   0.025545446   0.000000000
   sum over m+mul  1.304834456  1.304834456   2.609668912   0.000000000
  d3z^2-r^2   0    0.012443347  0.012443347   0.024886694   0.000000000    90.0000    0.0000
  dx^2-y^2    0    0.012443159  0.012443159   0.024886319   0.000000000    90.0000    0.0000
  dxy         0    0.025357517  0.025357517   0.050715034   0.000000000    90.0000    0.0000
  dxz         0    0.025357298  0.025357298   0.050714595   0.000000000    90.0000    0.0000
  dyz         0    0.025357298  0.025357298   0.050714595   0.000000000    90.0000    0.0000
   sum over m      0.100958619  0.100958619   0.201917237   0.000000000
   sum over m+mul  0.100958619  0.100958619   0.201917237   0.000000000

  114   Si          Up spin      Down spin     Sum           Diff           Angles(Deg)
            multiple
  s           0    0.590330368  0.590330368   1.180660735   0.000000000    90.0000    0.0000
   sum over m      0.590330368  0.590330368   1.180660735   0.000000000
  s           1    0.003829226  0.003829226   0.007658451   0.000000000    90.0000    0.0000
   sum over m      0.003829226  0.003829226   0.007658451   0.000000000
   sum over m+mul  0.594159593  0.594159593   1.188319186   0.000000000
  px          0    0.430719955  0.430719955   0.861439910   0.000000000    90.0000    0.0000
  py          0    0.430670888  0.430670888   0.861341776   0.000000000    90.0000    0.0000
  pz          0    0.430670891  0.430670891   0.861341781   0.000000000    90.0000    0.0000
   sum over m      1.292061734  1.292061734   2.584123467   0.000000000
  px          1    0.004258582  0.004258582   0.008517164   0.000000000    90.0000    0.0000
  py          1    0.004257070  0.004257070   0.008514140   0.000000000    90.0000    0.0000
  pz          1    0.004257071  0.004257071   0.008514141   0.000000000    90.0000    0.0000
   sum over m      0.012772723  0.012772723   0.025545446   0.000000000
   sum over m+mul  1.304834456  1.304834456   2.609668913   0.000000000
  d3z^2-r^2   0    0.012443206  0.012443206   0.024886412   0.000000000    90.0000    0.0000
  dx^2-y^2    0    0.012443300  0.012443300   0.024886600   0.000000000    90.0000    0.0000
  dxy         0    0.025357298  0.025357298   0.050714595   0.000000000    90.0000    0.0000
  dxz         0    0.025357298  0.025357298   0.050714595   0.000000000    90.0000    0.0000
  dyz         0    0.025357517  0.025357517   0.050715034   0.000000000    90.0000    0.0000
   sum over m      0.100958618  0.100958618   0.201917237   0.000000000
   sum over m+mul  0.100958618  0.100958618   0.201917237   0.000000000

  115   Si          Up spin      Down spin     Sum           Diff           Angles(Deg)
            multiple
  s           0    0.590330368  0.590330368   1.180660735   0.000000000    90.0000    0.0000
   sum over m      0.590330368  0.590330368   1.180660735   0.000000000
  s           1    0.003829226  0.003829226   0.007658451   0.000000000    90.0000    0.0000
   sum over m      0.003829226  0.003829226   0.007658451   0.000000000
   sum over m+mul  0.594159593  0.594159593   1.188319186   0.000000000
  px          0    0.430670888  0.430670888   0.861341776   0.000000000    90.0000    0.0000
  py          0    0.430719955  0.430719955   0.861439910   0.000000000    90.0000    0.0000
  pz          0    0.430670891  0.430670891   0.861341781   0.000000000    90.0000    0.0000
   sum over m      1.292061734  1.292061734   2.584123467   0.000000000
  px          1    0.004257070  0.004257070   0.008514140   0.000000000    90.0000    0.0000
  py          1    0.004258582  0.004258582   0.008517164   0.000000000    90.0000    0.0000
  pz          1    0.004257071  0.004257071   0.008514141   0.000000000    90.0000    0.0000
   sum over m      0.012772723  0.012772723   0.025545446   0.000000000
   sum over m+mul  1.304834456  1.304834456   2.609668913   0.000000000
  d3z^2-r^2   0    0.012443206  0.012443206   0.024886412   0.000000000    90.0000    0.0000
  dx^2-y^2    0    0.012443300  0.012443300   0.024886600   0.000000000    90.0000    0.0000
  dxy         0    0.025357298  0.025357298   0.050714595   0.000000000    90.0000    0.0000
  dxz         0    0.025357517  0.025357517   0.050715034   0.000000000    90.0000    0.0000
  dyz         0    0.025357298  0.025357298   0.050714595   0.000000000    90.0000    0.0000
   sum over m      0.100958618  0.100958618   0.201917237   0.000000000
   sum over m+mul  0.100958618  0.100958618   0.201917237   0.000000000

  116   Si          Up spin      Down spin     Sum           Diff           Angles(Deg)
            multiple
  s           0    0.590377353  0.590377353   1.180754707   0.000000000    90.0000    0.0000
   sum over m      0.590377353  0.590377353   1.180754707   0.000000000
  s           1    0.003852934  0.003852934   0.007705867   0.000000000    90.0000    0.0000
   sum over m      0.003852934  0.003852934   0.007705867   0.000000000
   sum over m+mul  0.594230287  0.594230287   1.188460574   0.000000000
  px          0    0.430701224  0.430701224   0.861402448   0.000000000    90.0000    0.0000
  py          0    0.430701224  0.430701224   0.861402448   0.000000000    90.0000    0.0000
  pz          0    0.430701227  0.430701227   0.861402453   0.000000000    90.0000    0.0000
   sum over m      1.292103675  1.292103675   2.584207350   0.000000000
  px          1    0.004263697  0.004263697   0.008527394   0.000000000    90.0000    0.0000
  py          1    0.004263697  0.004263697   0.008527394   0.000000000    90.0000    0.0000
  pz          1    0.004263697  0.004263697   0.008527394   0.000000000    90.0000    0.0000
   sum over m      0.012791091  0.012791091   0.025582181   0.000000000
   sum over m+mul  1.304894765  1.304894765   2.609789531   0.000000000
  d3z^2-r^2   0    0.012443145  0.012443145   0.024886290   0.000000000    90.0000    0.0000
  dx^2-y^2    0    0.012443145  0.012443145   0.024886290   0.000000000    90.0000    0.0000
  dxy         0    0.025357194  0.025357194   0.050714388   0.000000000    90.0000    0.0000
  dxz         0    0.025357194  0.025357194   0.050714388   0.000000000    90.0000    0.0000
  dyz         0    0.025357194  0.025357194   0.050714388   0.000000000    90.0000    0.0000
   sum over m      0.100957872  0.100957872   0.201915743   0.000000000
   sum over m+mul  0.100957872  0.100957872   0.201915743   0.000000000

  117   Si          Up spin      Down spin     Sum           Diff           Angles(Deg)
            multiple
  s           0    0.590342981  0.590342981   1.180685963   0.000000000    90.0000    0.0000
   sum over m      0.590342981  0.590342981   1.180685963   0.000000000
  s           1    0.003834523  0.003834523   0.007669045   0.000000000    90.0000    0.0000
   sum over m      0.003834523  0.003834523   0.007669045   0.000000000
   sum over m+mul  0.594177504  0.594177504   1.188355008   0.000000000
  px          0    0.430706978  0.430706978   0.861413957   0.000000000    90.0000    0.0000
  py          0    0.430677416  0.430677416   0.861354832   0.000000000    90.0000    0.0000
  pz          0    0.430677419  0.430677419   0.861354837   0.000000000    90.0000    0.0000
   sum over m      1.292061813  1.292061813   2.584123626   0.000000000
  px          1    0.004260040  0.004260040   0.008520079   0.000000000    90.0000    0.0000
  py          1    0.004256547  0.004256547   0.008513094   0.000000000    90.0000    0.0000
  pz          1    0.004256547  0.004256547   0.008513094   0.000000000    90.0000    0.0000
   sum over m      0.012773134  0.012773134   0.025546268   0.000000000
   sum over m+mul  1.304834947  1.304834947   2.609669893   0.000000000
  d3z^2-r^2   0    0.012443236  0.012443236   0.024886472   0.000000000    90.0000    0.0000
  dx^2-y^2    0    0.012443286  0.012443286   0.024886573   0.000000000    90.0000    0.0000
  dxy         0    0.025357319  0.025357319   0.050714638   0.000000000    90.0000    0.0000
  dxz         0    0.025357319  0.025357319   0.050714638   0.000000000    90.0000    0.0000
  dyz         0    0.025357741  0.025357741   0.050715482   0.000000000    90.0000    0.0000
   sum over m      0.100958901  0.100958901   0.201917802   0.000000000
   sum over m+mul  0.100958901  0.100958901   0.201917802   0.000000000

  118   Si          Up spin      Down spin     Sum           Diff           Angles(Deg)
            multiple
  s           0    0.590330367  0.590330367   1.180660734   0.000000000    90.0000    0.0000
   sum over m      0.590330367  0.590330367   1.180660734   0.000000000
  s           1    0.003829226  0.003829226   0.007658451   0.000000000    90.0000    0.0000
   sum over m      0.003829226  0.003829226   0.007658451   0.000000000
   sum over m+mul  0.594159592  0.594159592   1.188319185   0.000000000
  px          0    0.430670888  0.430670888   0.861341776   0.000000000    90.0000    0.0000
  py          0    0.430670888  0.430670888   0.861341776   0.000000000    90.0000    0.0000
  pz          0    0.430719957  0.430719957   0.861439913   0.000000000    90.0000    0.0000
   sum over m      1.292061733  1.292061733   2.584123466   0.000000000
  px          1    0.004257070  0.004257070   0.008514141   0.000000000    90.0000    0.0000
  py          1    0.004257070  0.004257070   0.008514141   0.000000000    90.0000    0.0000
  pz          1    0.004258582  0.004258582   0.008517164   0.000000000    90.0000    0.0000
   sum over m      0.012772723  0.012772723   0.025545446   0.000000000
   sum over m+mul  1.304834456  1.304834456   2.609668912   0.000000000
  d3z^2-r^2   0    0.012443347  0.012443347   0.024886694   0.000000000    90.0000    0.0000
  dx^2-y^2    0    0.012443159  0.012443159   0.024886319   0.000000000    90.0000    0.0000
  dxy         0    0.025357517  0.025357517   0.050715034   0.000000000    90.0000    0.0000
  dxz         0    0.025357298  0.025357298   0.050714595   0.000000000    90.0000    0.0000
  dyz         0    0.025357298  0.025357298   0.050714595   0.000000000    90.0000    0.0000
   sum over m      0.100958619  0.100958619   0.201917237   0.000000000
   sum over m+mul  0.100958619  0.100958619   0.201917237   0.000000000

  119   Si          Up spin      Down spin     Sum           Diff           Angles(Deg)
            multiple
  s           0    0.590381656  0.590381656   1.180763311   0.000000000    90.0000    0.0000
   sum over m      0.590381656  0.590381656   1.180763311   0.000000000
  s           1    0.003854728  0.003854728   0.007709455   0.000000000    90.0000    0.0000
   sum over m      0.003854728  0.003854728   0.007709455   0.000000000
   sum over m+mul  0.594236383  0.594236383   1.188472767   0.000000000
  px          0    0.430695138  0.430695138   0.861390275   0.000000000    90.0000    0.0000
  py          0    0.430695138  0.430695138   0.861390275   0.000000000    90.0000    0.0000
  pz          0    0.430695141  0.430695141   0.861390282   0.000000000    90.0000    0.0000
   sum over m      1.292085416  1.292085416   2.584170833   0.000000000
  px          1    0.004265202  0.004265202   0.008530405   0.000000000    90.0000    0.0000
  py          1    0.004265202  0.004265202   0.008530405   0.000000000    90.0000    0.0000
  pz          1    0.004265202  0.004265202   0.008530404   0.000000000    90.0000    0.0000
   sum over m      0.012795607  0.012795607   0.025591214   0.000000000
   sum over m+mul  1.304881024  1.304881024   2.609762047   0.000000000
  d3z^2-r^2   0    0.012443059  0.012443059   0.024886119   0.000000000    90.0000    0.0000
  dx^2-y^2    0    0.012443059  0.012443059   0.024886119   0.000000000    90.0000    0.0000
  dxy         0    0.025357174  0.025357174   0.050714347   0.000000000    90.0000    0.0000
  dxz         0    0.025357174  0.025357174   0.050714347   0.000000000    90.0000    0.0000
  dyz         0    0.025357174  0.025357174   0.050714347   0.000000000    90.0000    0.0000
   sum over m      0.100957639  0.100957639   0.201915279   0.000000000
   sum over m+mul  0.100957639  0.100957639   0.201915279   0.000000000

  120   Si          Up spin      Down spin     Sum           Diff           Angles(Deg)
            multiple
  s           0    0.590342981  0.590342981   1.180685963   0.000000000    90.0000    0.0000
   sum over m      0.590342981  0.590342981   1.180685963   0.000000000
  s           1    0.003834523  0.003834523   0.007669045   0.000000000    90.0000    0.0000
   sum over m      0.003834523  0.003834523   0.007669045   0.000000000
   sum over m+mul  0.594177504  0.594177504   1.188355008   0.000000000
  px          0    0.430677416  0.430677416   0.861354832   0.000000000    90.0000    0.0000
  py          0    0.430706978  0.430706978   0.861413957   0.000000000    90.0000    0.0000
  pz          0    0.430677419  0.430677419   0.861354837   0.000000000    90.0000    0.0000
   sum over m      1.292061813  1.292061813   2.584123626   0.000000000
  px          1    0.004256547  0.004256547   0.008513094   0.000000000    90.0000    0.0000
  py          1    0.004260040  0.004260040   0.008520079   0.000000000    90.0000    0.0000
  pz          1    0.004256547  0.004256547   0.008513094   0.000000000    90.0000    0.0000
   sum over m      0.012773134  0.012773134   0.025546268   0.000000000
   sum over m+mul  1.304834947  1.304834947   2.609669893   0.000000000
  d3z^2-r^2   0    0.012443236  0.012443236   0.024886472   0.000000000    90.0000    0.0000
  dx^2-y^2    0    0.012443286  0.012443286   0.024886573   0.000000000    90.0000    0.0000
  dxy         0    0.025357319  0.025357319   0.050714638   0.000000000    90.0000    0.0000
  dxz         0    0.025357741  0.025357741   0.050715482   0.000000000    90.0000    0.0000
  dyz         0    0.025357319  0.025357319   0.050714638   0.000000000    90.0000    0.0000
   sum over m      0.100958901  0.100958901   0.201917802   0.000000000
   sum over m+mul  0.100958901  0.100958901   0.201917802   0.000000000

  121   Si          Up spin      Down spin     Sum           Diff           Angles(Deg)
            multiple
  s           0    0.590342981  0.590342981   1.180685963   0.000000000    90.0000    0.0000
   sum over m      0.590342981  0.590342981   1.180685963   0.000000000
  s           1    0.003834523  0.003834523   0.007669045   0.000000000    90.0000    0.0000
   sum over m      0.003834523  0.003834523   0.007669045   0.000000000
   sum over m+mul  0.594177504  0.594177504   1.188355008   0.000000000
  px          0    0.430706978  0.430706978   0.861413957   0.000000000    90.0000    0.0000
  py          0    0.430677416  0.430677416   0.861354832   0.000000000    90.0000    0.0000
  pz          0    0.430677419  0.430677419   0.861354837   0.000000000    90.0000    0.0000
   sum over m      1.292061813  1.292061813   2.584123626   0.000000000
  px          1    0.004260040  0.004260040   0.008520079   0.000000000    90.0000    0.0000
  py          1    0.004256547  0.004256547   0.008513094   0.000000000    90.0000    0.0000
  pz          1    0.004256547  0.004256547   0.008513094   0.000000000    90.0000    0.0000
   sum over m      0.012773134  0.012773134   0.025546268   0.000000000
   sum over m+mul  1.304834947  1.304834947   2.609669893   0.000000000
  d3z^2-r^2   0    0.012443236  0.012443236   0.024886472   0.000000000    90.0000    0.0000
  dx^2-y^2    0    0.012443286  0.012443286   0.024886573   0.000000000    90.0000    0.0000
  dxy         0    0.025357319  0.025357319   0.050714638   0.000000000    90.0000    0.0000
  dxz         0    0.025357319  0.025357319   0.050714638   0.000000000    90.0000    0.0000
  dyz         0    0.025357741  0.025357741   0.050715482   0.000000000    90.0000    0.0000
   sum over m      0.100958901  0.100958901   0.201917802   0.000000000
   sum over m+mul  0.100958901  0.100958901   0.201917802   0.000000000

  122   Si          Up spin      Down spin     Sum           Diff           Angles(Deg)
            multiple
  s           0    0.590381656  0.590381656   1.180763311   0.000000000    90.0000    0.0000
   sum over m      0.590381656  0.590381656   1.180763311   0.000000000
  s           1    0.003854728  0.003854728   0.007709455   0.000000000    90.0000    0.0000
   sum over m      0.003854728  0.003854728   0.007709455   0.000000000
   sum over m+mul  0.594236383  0.594236383   1.188472767   0.000000000
  px          0    0.430695138  0.430695138   0.861390275   0.000000000    90.0000    0.0000
  py          0    0.430695138  0.430695138   0.861390275   0.000000000    90.0000    0.0000
  pz          0    0.430695141  0.430695141   0.861390282   0.000000000    90.0000    0.0000
   sum over m      1.292085416  1.292085416   2.584170833   0.000000000
  px          1    0.004265202  0.004265202   0.008530405   0.000000000    90.0000    0.0000
  py          1    0.004265202  0.004265202   0.008530405   0.000000000    90.0000    0.0000
  pz          1    0.004265202  0.004265202   0.008530404   0.000000000    90.0000    0.0000
   sum over m      0.012795607  0.012795607   0.025591214   0.000000000
   sum over m+mul  1.304881024  1.304881024   2.609762047   0.000000000
  d3z^2-r^2   0    0.012443059  0.012443059   0.024886119   0.000000000    90.0000    0.0000
  dx^2-y^2    0    0.012443059  0.012443059   0.024886119   0.000000000    90.0000    0.0000
  dxy         0    0.025357174  0.025357174   0.050714347   0.000000000    90.0000    0.0000
  dxz         0    0.025357174  0.025357174   0.050714347   0.000000000    90.0000    0.0000
  dyz         0    0.025357174  0.025357174   0.050714347   0.000000000    90.0000    0.0000
   sum over m      0.100957639  0.100957639   0.201915279   0.000000000
   sum over m+mul  0.100957639  0.100957639   0.201915279   0.000000000

  123   Si          Up spin      Down spin     Sum           Diff           Angles(Deg)
            multiple
  s           0    0.590330367  0.590330367   1.180660734   0.000000000    90.0000    0.0000
   sum over m      0.590330367  0.590330367   1.180660734   0.000000000
  s           1    0.003829226  0.003829226   0.007658451   0.000000000    90.0000    0.0000
   sum over m      0.003829226  0.003829226   0.007658451   0.000000000
   sum over m+mul  0.594159592  0.594159592   1.188319185   0.000000000
  px          0    0.430670888  0.430670888   0.861341776   0.000000000    90.0000    0.0000
  py          0    0.430670888  0.430670888   0.861341776   0.000000000    90.0000    0.0000
  pz          0    0.430719957  0.430719957   0.861439913   0.000000000    90.0000    0.0000
   sum over m      1.292061733  1.292061733   2.584123466   0.000000000
  px          1    0.004257070  0.004257070   0.008514141   0.000000000    90.0000    0.0000
  py          1    0.004257070  0.004257070   0.008514141   0.000000000    90.0000    0.0000
  pz          1    0.004258582  0.004258582   0.008517164   0.000000000    90.0000    0.0000
   sum over m      0.012772723  0.012772723   0.025545446   0.000000000
   sum over m+mul  1.304834456  1.304834456   2.609668912   0.000000000
  d3z^2-r^2   0    0.012443347  0.012443347   0.024886694   0.000000000    90.0000    0.0000
  dx^2-y^2    0    0.012443159  0.012443159   0.024886319   0.000000000    90.0000    0.0000
  dxy         0    0.025357517  0.025357517   0.050715034   0.000000000    90.0000    0.0000
  dxz         0    0.025357298  0.025357298   0.050714595   0.000000000    90.0000    0.0000
  dyz         0    0.025357298  0.025357298   0.050714595   0.000000000    90.0000    0.0000
   sum over m      0.100958619  0.100958619   0.201917237   0.000000000
   sum over m+mul  0.100958619  0.100958619   0.201917237   0.000000000

  124   Si          Up spin      Down spin     Sum           Diff           Angles(Deg)
            multiple
  s           0    0.590342981  0.590342981   1.180685963   0.000000000    90.0000    0.0000
   sum over m      0.590342981  0.590342981   1.180685963   0.000000000
  s           1    0.003834523  0.003834523   0.007669045   0.000000000    90.0000    0.0000
   sum over m      0.003834523  0.003834523   0.007669045   0.000000000
   sum over m+mul  0.594177504  0.594177504   1.188355008   0.000000000
  px          0    0.430677416  0.430677416   0.861354832   0.000000000    90.0000    0.0000
  py          0    0.430706978  0.430706978   0.861413957   0.000000000    90.0000    0.0000
  pz          0    0.430677419  0.430677419   0.861354837   0.000000000    90.0000    0.0000
   sum over m      1.292061813  1.292061813   2.584123626   0.000000000
  px          1    0.004256547  0.004256547   0.008513094   0.000000000    90.0000    0.0000
  py          1    0.004260040  0.004260040   0.008520079   0.000000000    90.0000    0.0000
  pz          1    0.004256547  0.004256547   0.008513094   0.000000000    90.0000    0.0000
   sum over m      0.012773134  0.012773134   0.025546268   0.000000000
   sum over m+mul  1.304834947  1.304834947   2.609669893   0.000000000
  d3z^2-r^2   0    0.012443236  0.012443236   0.024886472   0.000000000    90.0000    0.0000
  dx^2-y^2    0    0.012443286  0.012443286   0.024886573   0.000000000    90.0000    0.0000
  dxy         0    0.025357319  0.025357319   0.050714638   0.000000000    90.0000    0.0000
  dxz         0    0.025357741  0.025357741   0.050715482   0.000000000    90.0000    0.0000
  dyz         0    0.025357319  0.025357319   0.050714638   0.000000000    90.0000    0.0000
   sum over m      0.100958901  0.100958901   0.201917802   0.000000000
   sum over m+mul  0.100958901  0.100958901   0.201917802   0.000000000

  125   Si          Up spin      Down spin     Sum           Diff           Angles(Deg)
            multiple
  s           0    0.590330368  0.590330368   1.180660735   0.000000000    90.0000    0.0000
   sum over m      0.590330368  0.590330368   1.180660735   0.000000000
  s           1    0.003829226  0.003829226   0.007658451   0.000000000    90.0000    0.0000
   sum over m      0.003829226  0.003829226   0.007658451   0.000000000
   sum over m+mul  0.594159593  0.594159593   1.188319186   0.000000000
  px          0    0.430670888  0.430670888   0.861341776   0.000000000    90.0000    0.0000
  py          0    0.430719955  0.430719955   0.861439910   0.000000000    90.0000    0.0000
  pz          0    0.430670891  0.430670891   0.861341781   0.000000000    90.0000    0.0000
   sum over m      1.292061734  1.292061734   2.584123467   0.000000000
  px          1    0.004257070  0.004257070   0.008514140   0.000000000    90.0000    0.0000
  py          1    0.004258582  0.004258582   0.008517164   0.000000000    90.0000    0.0000
  pz          1    0.004257071  0.004257071   0.008514141   0.000000000    90.0000    0.0000
   sum over m      0.012772723  0.012772723   0.025545446   0.000000000
   sum over m+mul  1.304834456  1.304834456   2.609668913   0.000000000
  d3z^2-r^2   0    0.012443206  0.012443206   0.024886412   0.000000000    90.0000    0.0000
  dx^2-y^2    0    0.012443300  0.012443300   0.024886600   0.000000000    90.0000    0.0000
  dxy         0    0.025357298  0.025357298   0.050714595   0.000000000    90.0000    0.0000
  dxz         0    0.025357517  0.025357517   0.050715034   0.000000000    90.0000    0.0000
  dyz         0    0.025357298  0.025357298   0.050714595   0.000000000    90.0000    0.0000
   sum over m      0.100958618  0.100958618   0.201917237   0.000000000
   sum over m+mul  0.100958618  0.100958618   0.201917237   0.000000000

  126   Si          Up spin      Down spin     Sum           Diff           Angles(Deg)
            multiple
  s           0    0.590342981  0.590342981   1.180685963   0.000000000    90.0000    0.0000
   sum over m      0.590342981  0.590342981   1.180685963   0.000000000
  s           1    0.003834523  0.003834523   0.007669045   0.000000000    90.0000    0.0000
   sum over m      0.003834523  0.003834523   0.007669045   0.000000000
   sum over m+mul  0.594177504  0.594177504   1.188355008   0.000000000
  px          0    0.430706978  0.430706978   0.861413957   0.000000000    90.0000    0.0000
  py          0    0.430677416  0.430677416   0.861354832   0.000000000    90.0000    0.0000
  pz          0    0.430677419  0.430677419   0.861354837   0.000000000    90.0000    0.0000
   sum over m      1.292061813  1.292061813   2.584123626   0.000000000
  px          1    0.004260040  0.004260040   0.008520079   0.000000000    90.0000    0.0000
  py          1    0.004256547  0.004256547   0.008513094   0.000000000    90.0000    0.0000
  pz          1    0.004256547  0.004256547   0.008513094   0.000000000    90.0000    0.0000
   sum over m      0.012773134  0.012773134   0.025546268   0.000000000
   sum over m+mul  1.304834947  1.304834947   2.609669893   0.000000000
  d3z^2-r^2   0    0.012443236  0.012443236   0.024886472   0.000000000    90.0000    0.0000
  dx^2-y^2    0    0.012443286  0.012443286   0.024886573   0.000000000    90.0000    0.0000
  dxy         0    0.025357319  0.025357319   0.050714638   0.000000000    90.0000    0.0000
  dxz         0    0.025357319  0.025357319   0.050714638   0.000000000    90.0000    0.0000
  dyz         0    0.025357741  0.025357741   0.050715482   0.000000000    90.0000    0.0000
   sum over m      0.100958901  0.100958901   0.201917802   0.000000000
   sum over m+mul  0.100958901  0.100958901   0.201917802   0.000000000

  127   Si          Up spin      Down spin     Sum           Diff           Angles(Deg)
            multiple
  s           0    0.590381656  0.590381656   1.180763311   0.000000000    90.0000    0.0000
   sum over m      0.590381656  0.590381656   1.180763311   0.000000000
  s           1    0.003854728  0.003854728   0.007709455   0.000000000    90.0000    0.0000
   sum over m      0.003854728  0.003854728   0.007709455   0.000000000
   sum over m+mul  0.594236383  0.594236383   1.188472767   0.000000000
  px          0    0.430695138  0.430695138   0.861390275   0.000000000    90.0000    0.0000
  py          0    0.430695138  0.430695138   0.861390275   0.000000000    90.0000    0.0000
  pz          0    0.430695141  0.430695141   0.861390282   0.000000000    90.0000    0.0000
   sum over m      1.292085416  1.292085416   2.584170833   0.000000000
  px          1    0.004265202  0.004265202   0.008530405   0.000000000    90.0000    0.0000
  py          1    0.004265202  0.004265202   0.008530405   0.000000000    90.0000    0.0000
  pz          1    0.004265202  0.004265202   0.008530404   0.000000000    90.0000    0.0000
   sum over m      0.012795607  0.012795607   0.025591214   0.000000000
   sum over m+mul  1.304881024  1.304881024   2.609762047   0.000000000
  d3z^2-r^2   0    0.012443059  0.012443059   0.024886119   0.000000000    90.0000    0.0000
  dx^2-y^2    0    0.012443059  0.012443059   0.024886119   0.000000000    90.0000    0.0000
  dxy         0    0.025357174  0.025357174   0.050714347   0.000000000    90.0000    0.0000
  dxz         0    0.025357174  0.025357174   0.050714347   0.000000000    90.0000    0.0000
  dyz         0    0.025357174  0.025357174   0.050714347   0.000000000    90.0000    0.0000
   sum over m      0.100957639  0.100957639   0.201915279   0.000000000
   sum over m+mul  0.100957639  0.100957639   0.201915279   0.000000000

  128   Si          Up spin      Down spin     Sum           Diff           Angles(Deg)
            multiple
  s           0    0.590342981  0.590342981   1.180685962   0.000000000    90.0000    0.0000
   sum over m      0.590342981  0.590342981   1.180685962   0.000000000
  s           1    0.003834522  0.003834522   0.007669044   0.000000000    90.0000    0.0000
   sum over m      0.003834522  0.003834522   0.007669044   0.000000000
   sum over m+mul  0.594177503  0.594177503   1.188355006   0.000000000
  px          0    0.430677417  0.430677417   0.861354834   0.000000000    90.0000    0.0000
  py          0    0.430677417  0.430677417   0.861354834   0.000000000    90.0000    0.0000
  pz          0    0.430706980  0.430706980   0.861413961   0.000000000    90.0000    0.0000
   sum over m      1.292061815  1.292061815   2.584123629   0.000000000
  px          1    0.004256547  0.004256547   0.008513094   0.000000000    90.0000    0.0000
  py          1    0.004256547  0.004256547   0.008513094   0.000000000    90.0000    0.0000
  pz          1    0.004260039  0.004260039   0.008520079   0.000000000    90.0000    0.0000
   sum over m      0.012773133  0.012773133   0.025546267   0.000000000
   sum over m+mul  1.304834948  1.304834948   2.609669896   0.000000000
  d3z^2-r^2   0    0.012443312  0.012443312   0.024886623   0.000000000    90.0000    0.0000
  dx^2-y^2    0    0.012443211  0.012443211   0.024886422   0.000000000    90.0000    0.0000
  dxy         0    0.025357741  0.025357741   0.050715481   0.000000000    90.0000    0.0000
  dxz         0    0.025357319  0.025357319   0.050714638   0.000000000    90.0000    0.0000
  dyz         0    0.025357319  0.025357319   0.050714638   0.000000000    90.0000    0.0000
   sum over m      0.100958901  0.100958901   0.201917802   0.000000000
   sum over m+mul  0.100958901  0.100958901   0.201917802   0.000000000

  129   Si          Up spin      Down spin     Sum           Diff           Angles(Deg)
            multiple
  s           0    0.590330368  0.590330368   1.180660735   0.000000000    90.0000    0.0000
   sum over m      0.590330368  0.590330368   1.180660735   0.000000000
  s           1    0.003829226  0.003829226   0.007658451   0.000000000    90.0000    0.0000
   sum over m      0.003829226  0.003829226   0.007658451   0.000000000
   sum over m+mul  0.594159593  0.594159593   1.188319186   0.000000000
  px          0    0.430670888  0.430670888   0.861341776   0.000000000    90.0000    0.0000
  py          0    0.430719955  0.430719955   0.861439910   0.000000000    90.0000    0.0000
  pz          0    0.430670891  0.430670891   0.861341781   0.000000000    90.0000    0.0000
   sum over m      1.292061734  1.292061734   2.584123467   0.000000000
  px          1    0.004257070  0.004257070   0.008514140   0.000000000    90.0000    0.0000
  py          1    0.004258582  0.004258582   0.008517164   0.000000000    90.0000    0.0000
  pz          1    0.004257071  0.004257071   0.008514141   0.000000000    90.0000    0.0000
   sum over m      0.012772723  0.012772723   0.025545446   0.000000000
   sum over m+mul  1.304834456  1.304834456   2.609668913   0.000000000
  d3z^2-r^2   0    0.012443206  0.012443206   0.024886412   0.000000000    90.0000    0.0000
  dx^2-y^2    0    0.012443300  0.012443300   0.024886600   0.000000000    90.0000    0.0000
  dxy         0    0.025357298  0.025357298   0.050714595   0.000000000    90.0000    0.0000
  dxz         0    0.025357517  0.025357517   0.050715034   0.000000000    90.0000    0.0000
  dyz         0    0.025357298  0.025357298   0.050714595   0.000000000    90.0000    0.0000
   sum over m      0.100958618  0.100958618   0.201917237   0.000000000
   sum over m+mul  0.100958618  0.100958618   0.201917237   0.000000000

  130   Si          Up spin      Down spin     Sum           Diff           Angles(Deg)
            multiple
  s           0    0.590377353  0.590377353   1.180754707   0.000000000    90.0000    0.0000
   sum over m      0.590377353  0.590377353   1.180754707   0.000000000
  s           1    0.003852934  0.003852934   0.007705867   0.000000000    90.0000    0.0000
   sum over m      0.003852934  0.003852934   0.007705867   0.000000000
   sum over m+mul  0.594230287  0.594230287   1.188460574   0.000000000
  px          0    0.430701224  0.430701224   0.861402448   0.000000000    90.0000    0.0000
  py          0    0.430701224  0.430701224   0.861402448   0.000000000    90.0000    0.0000
  pz          0    0.430701227  0.430701227   0.861402453   0.000000000    90.0000    0.0000
   sum over m      1.292103675  1.292103675   2.584207350   0.000000000
  px          1    0.004263697  0.004263697   0.008527394   0.000000000    90.0000    0.0000
  py          1    0.004263697  0.004263697   0.008527394   0.000000000    90.0000    0.0000
  pz          1    0.004263697  0.004263697   0.008527394   0.000000000    90.0000    0.0000
   sum over m      0.012791091  0.012791091   0.025582181   0.000000000
   sum over m+mul  1.304894765  1.304894765   2.609789531   0.000000000
  d3z^2-r^2   0    0.012443145  0.012443145   0.024886290   0.000000000    90.0000    0.0000
  dx^2-y^2    0    0.012443145  0.012443145   0.024886290   0.000000000    90.0000    0.0000
  dxy         0    0.025357194  0.025357194   0.050714388   0.000000000    90.0000    0.0000
  dxz         0    0.025357194  0.025357194   0.050714388   0.000000000    90.0000    0.0000
  dyz         0    0.025357194  0.025357194   0.050714388   0.000000000    90.0000    0.0000
   sum over m      0.100957872  0.100957872   0.201915743   0.000000000
   sum over m+mul  0.100957872  0.100957872   0.201915743   0.000000000

  131   Si          Up spin      Down spin     Sum           Diff           Angles(Deg)
            multiple
  s           0    0.590330367  0.590330367   1.180660734   0.000000000    90.0000    0.0000
   sum over m      0.590330367  0.590330367   1.180660734   0.000000000
  s           1    0.003829226  0.003829226   0.007658451   0.000000000    90.0000    0.0000
   sum over m      0.003829226  0.003829226   0.007658451   0.000000000
   sum over m+mul  0.594159592  0.594159592   1.188319185   0.000000000
  px          0    0.430670888  0.430670888   0.861341776   0.000000000    90.0000    0.0000
  py          0    0.430670888  0.430670888   0.861341776   0.000000000    90.0000    0.0000
  pz          0    0.430719957  0.430719957   0.861439913   0.000000000    90.0000    0.0000
   sum over m      1.292061733  1.292061733   2.584123466   0.000000000
  px          1    0.004257070  0.004257070   0.008514141   0.000000000    90.0000    0.0000
  py          1    0.004257070  0.004257070   0.008514141   0.000000000    90.0000    0.0000
  pz          1    0.004258582  0.004258582   0.008517164   0.000000000    90.0000    0.0000
   sum over m      0.012772723  0.012772723   0.025545446   0.000000000
   sum over m+mul  1.304834456  1.304834456   2.609668912   0.000000000
  d3z^2-r^2   0    0.012443347  0.012443347   0.024886694   0.000000000    90.0000    0.0000
  dx^2-y^2    0    0.012443159  0.012443159   0.024886319   0.000000000    90.0000    0.0000
  dxy         0    0.025357517  0.025357517   0.050715034   0.000000000    90.0000    0.0000
  dxz         0    0.025357298  0.025357298   0.050714595   0.000000000    90.0000    0.0000
  dyz         0    0.025357298  0.025357298   0.050714595   0.000000000    90.0000    0.0000
   sum over m      0.100958619  0.100958619   0.201917237   0.000000000
   sum over m+mul  0.100958619  0.100958619   0.201917237   0.000000000

  132   Si          Up spin      Down spin     Sum           Diff           Angles(Deg)
            multiple
  s           0    0.590330368  0.590330368   1.180660735   0.000000000    90.0000    0.0000
   sum over m      0.590330368  0.590330368   1.180660735   0.000000000
  s           1    0.003829226  0.003829226   0.007658451   0.000000000    90.0000    0.0000
   sum over m      0.003829226  0.003829226   0.007658451   0.000000000
   sum over m+mul  0.594159593  0.594159593   1.188319186   0.000000000
  px          0    0.430719955  0.430719955   0.861439910   0.000000000    90.0000    0.0000
  py          0    0.430670888  0.430670888   0.861341776   0.000000000    90.0000    0.0000
  pz          0    0.430670891  0.430670891   0.861341781   0.000000000    90.0000    0.0000
   sum over m      1.292061734  1.292061734   2.584123467   0.000000000
  px          1    0.004258582  0.004258582   0.008517164   0.000000000    90.0000    0.0000
  py          1    0.004257070  0.004257070   0.008514140   0.000000000    90.0000    0.0000
  pz          1    0.004257071  0.004257071   0.008514141   0.000000000    90.0000    0.0000
   sum over m      0.012772723  0.012772723   0.025545446   0.000000000
   sum over m+mul  1.304834456  1.304834456   2.609668913   0.000000000
  d3z^2-r^2   0    0.012443206  0.012443206   0.024886412   0.000000000    90.0000    0.0000
  dx^2-y^2    0    0.012443300  0.012443300   0.024886600   0.000000000    90.0000    0.0000
  dxy         0    0.025357298  0.025357298   0.050714595   0.000000000    90.0000    0.0000
  dxz         0    0.025357298  0.025357298   0.050714595   0.000000000    90.0000    0.0000
  dyz         0    0.025357517  0.025357517   0.050715034   0.000000000    90.0000    0.0000
   sum over m      0.100958618  0.100958618   0.201917237   0.000000000
   sum over m+mul  0.100958618  0.100958618   0.201917237   0.000000000

  133   Si          Up spin      Down spin     Sum           Diff           Angles(Deg)
            multiple
  s           0    0.590342981  0.590342981   1.180685963   0.000000000    90.0000    0.0000
   sum over m      0.590342981  0.590342981   1.180685963   0.000000000
  s           1    0.003834523  0.003834523   0.007669045   0.000000000    90.0000    0.0000
   sum over m      0.003834523  0.003834523   0.007669045   0.000000000
   sum over m+mul  0.594177504  0.594177504   1.188355008   0.000000000
  px          0    0.430706978  0.430706978   0.861413957   0.000000000    90.0000    0.0000
  py          0    0.430677416  0.430677416   0.861354832   0.000000000    90.0000    0.0000
  pz          0    0.430677419  0.430677419   0.861354837   0.000000000    90.0000    0.0000
   sum over m      1.292061813  1.292061813   2.584123626   0.000000000
  px          1    0.004260040  0.004260040   0.008520079   0.000000000    90.0000    0.0000
  py          1    0.004256547  0.004256547   0.008513094   0.000000000    90.0000    0.0000
  pz          1    0.004256547  0.004256547   0.008513094   0.000000000    90.0000    0.0000
   sum over m      0.012773134  0.012773134   0.025546268   0.000000000
   sum over m+mul  1.304834947  1.304834947   2.609669893   0.000000000
  d3z^2-r^2   0    0.012443236  0.012443236   0.024886472   0.000000000    90.0000    0.0000
  dx^2-y^2    0    0.012443286  0.012443286   0.024886573   0.000000000    90.0000    0.0000
  dxy         0    0.025357319  0.025357319   0.050714638   0.000000000    90.0000    0.0000
  dxz         0    0.025357319  0.025357319   0.050714638   0.000000000    90.0000    0.0000
  dyz         0    0.025357741  0.025357741   0.050715482   0.000000000    90.0000    0.0000
   sum over m      0.100958901  0.100958901   0.201917802   0.000000000
   sum over m+mul  0.100958901  0.100958901   0.201917802   0.000000000

  134   Si          Up spin      Down spin     Sum           Diff           Angles(Deg)
            multiple
  s           0    0.590330368  0.590330368   1.180660735   0.000000000    90.0000    0.0000
   sum over m      0.590330368  0.590330368   1.180660735   0.000000000
  s           1    0.003829226  0.003829226   0.007658451   0.000000000    90.0000    0.0000
   sum over m      0.003829226  0.003829226   0.007658451   0.000000000
   sum over m+mul  0.594159593  0.594159593   1.188319186   0.000000000
  px          0    0.430670888  0.430670888   0.861341776   0.000000000    90.0000    0.0000
  py          0    0.430719955  0.430719955   0.861439910   0.000000000    90.0000    0.0000
  pz          0    0.430670891  0.430670891   0.861341781   0.000000000    90.0000    0.0000
   sum over m      1.292061734  1.292061734   2.584123467   0.000000000
  px          1    0.004257070  0.004257070   0.008514140   0.000000000    90.0000    0.0000
  py          1    0.004258582  0.004258582   0.008517164   0.000000000    90.0000    0.0000
  pz          1    0.004257071  0.004257071   0.008514141   0.000000000    90.0000    0.0000
   sum over m      0.012772723  0.012772723   0.025545446   0.000000000
   sum over m+mul  1.304834456  1.304834456   2.609668913   0.000000000
  d3z^2-r^2   0    0.012443206  0.012443206   0.024886412   0.000000000    90.0000    0.0000
  dx^2-y^2    0    0.012443300  0.012443300   0.024886600   0.000000000    90.0000    0.0000
  dxy         0    0.025357298  0.025357298   0.050714595   0.000000000    90.0000    0.0000
  dxz         0    0.025357517  0.025357517   0.050715034   0.000000000    90.0000    0.0000
  dyz         0    0.025357298  0.025357298   0.050714595   0.000000000    90.0000    0.0000
   sum over m      0.100958618  0.100958618   0.201917237   0.000000000
   sum over m+mul  0.100958618  0.100958618   0.201917237   0.000000000

  135   Si          Up spin      Down spin     Sum           Diff           Angles(Deg)
            multiple
  s           0    0.590342981  0.590342981   1.180685962   0.000000000    90.0000    0.0000
   sum over m      0.590342981  0.590342981   1.180685962   0.000000000
  s           1    0.003834522  0.003834522   0.007669044   0.000000000    90.0000    0.0000
   sum over m      0.003834522  0.003834522   0.007669044   0.000000000
   sum over m+mul  0.594177503  0.594177503   1.188355006   0.000000000
  px          0    0.430677417  0.430677417   0.861354834   0.000000000    90.0000    0.0000
  py          0    0.430677417  0.430677417   0.861354834   0.000000000    90.0000    0.0000
  pz          0    0.430706980  0.430706980   0.861413961   0.000000000    90.0000    0.0000
   sum over m      1.292061815  1.292061815   2.584123629   0.000000000
  px          1    0.004256547  0.004256547   0.008513094   0.000000000    90.0000    0.0000
  py          1    0.004256547  0.004256547   0.008513094   0.000000000    90.0000    0.0000
  pz          1    0.004260039  0.004260039   0.008520079   0.000000000    90.0000    0.0000
   sum over m      0.012773133  0.012773133   0.025546267   0.000000000
   sum over m+mul  1.304834948  1.304834948   2.609669896   0.000000000
  d3z^2-r^2   0    0.012443312  0.012443312   0.024886623   0.000000000    90.0000    0.0000
  dx^2-y^2    0    0.012443211  0.012443211   0.024886422   0.000000000    90.0000    0.0000
  dxy         0    0.025357741  0.025357741   0.050715481   0.000000000    90.0000    0.0000
  dxz         0    0.025357319  0.025357319   0.050714638   0.000000000    90.0000    0.0000
  dyz         0    0.025357319  0.025357319   0.050714638   0.000000000    90.0000    0.0000
   sum over m      0.100958901  0.100958901   0.201917802   0.000000000
   sum over m+mul  0.100958901  0.100958901   0.201917802   0.000000000

  136   Si          Up spin      Down spin     Sum           Diff           Angles(Deg)
            multiple
  s           0    0.590381656  0.590381656   1.180763311   0.000000000    90.0000    0.0000
   sum over m      0.590381656  0.590381656   1.180763311   0.000000000
  s           1    0.003854728  0.003854728   0.007709455   0.000000000    90.0000    0.0000
   sum over m      0.003854728  0.003854728   0.007709455   0.000000000
   sum over m+mul  0.594236383  0.594236383   1.188472767   0.000000000
  px          0    0.430695138  0.430695138   0.861390275   0.000000000    90.0000    0.0000
  py          0    0.430695138  0.430695138   0.861390275   0.000000000    90.0000    0.0000
  pz          0    0.430695141  0.430695141   0.861390282   0.000000000    90.0000    0.0000
   sum over m      1.292085416  1.292085416   2.584170833   0.000000000
  px          1    0.004265202  0.004265202   0.008530405   0.000000000    90.0000    0.0000
  py          1    0.004265202  0.004265202   0.008530405   0.000000000    90.0000    0.0000
  pz          1    0.004265202  0.004265202   0.008530404   0.000000000    90.0000    0.0000
   sum over m      0.012795607  0.012795607   0.025591214   0.000000000
   sum over m+mul  1.304881024  1.304881024   2.609762047   0.000000000
  d3z^2-r^2   0    0.012443059  0.012443059   0.024886119   0.000000000    90.0000    0.0000
  dx^2-y^2    0    0.012443059  0.012443059   0.024886119   0.000000000    90.0000    0.0000
  dxy         0    0.025357174  0.025357174   0.050714347   0.000000000    90.0000    0.0000
  dxz         0    0.025357174  0.025357174   0.050714347   0.000000000    90.0000    0.0000
  dyz         0    0.025357174  0.025357174   0.050714347   0.000000000    90.0000    0.0000
   sum over m      0.100957639  0.100957639   0.201915279   0.000000000
   sum over m+mul  0.100957639  0.100957639   0.201915279   0.000000000

  137   Si          Up spin      Down spin     Sum           Diff           Angles(Deg)
            multiple
  s           0    0.590342981  0.590342981   1.180685963   0.000000000    90.0000    0.0000
   sum over m      0.590342981  0.590342981   1.180685963   0.000000000
  s           1    0.003834523  0.003834523   0.007669045   0.000000000    90.0000    0.0000
   sum over m      0.003834523  0.003834523   0.007669045   0.000000000
   sum over m+mul  0.594177504  0.594177504   1.188355008   0.000000000
  px          0    0.430706978  0.430706978   0.861413957   0.000000000    90.0000    0.0000
  py          0    0.430677416  0.430677416   0.861354832   0.000000000    90.0000    0.0000
  pz          0    0.430677419  0.430677419   0.861354837   0.000000000    90.0000    0.0000
   sum over m      1.292061813  1.292061813   2.584123626   0.000000000
  px          1    0.004260040  0.004260040   0.008520079   0.000000000    90.0000    0.0000
  py          1    0.004256547  0.004256547   0.008513094   0.000000000    90.0000    0.0000
  pz          1    0.004256547  0.004256547   0.008513094   0.000000000    90.0000    0.0000
   sum over m      0.012773134  0.012773134   0.025546268   0.000000000
   sum over m+mul  1.304834947  1.304834947   2.609669893   0.000000000
  d3z^2-r^2   0    0.012443236  0.012443236   0.024886472   0.000000000    90.0000    0.0000
  dx^2-y^2    0    0.012443286  0.012443286   0.024886573   0.000000000    90.0000    0.0000
  dxy         0    0.025357319  0.025357319   0.050714638   0.000000000    90.0000    0.0000
  dxz         0    0.025357319  0.025357319   0.050714638   0.000000000    90.0000    0.0000
  dyz         0    0.025357741  0.025357741   0.050715482   0.000000000    90.0000    0.0000
   sum over m      0.100958901  0.100958901   0.201917802   0.000000000
   sum over m+mul  0.100958901  0.100958901   0.201917802   0.000000000

  138   Si          Up spin      Down spin     Sum           Diff           Angles(Deg)
            multiple
  s           0    0.590342981  0.590342981   1.180685962   0.000000000    90.0000    0.0000
   sum over m      0.590342981  0.590342981   1.180685962   0.000000000
  s           1    0.003834522  0.003834522   0.007669044   0.000000000    90.0000    0.0000
   sum over m      0.003834522  0.003834522   0.007669044   0.000000000
   sum over m+mul  0.594177503  0.594177503   1.188355006   0.000000000
  px          0    0.430677417  0.430677417   0.861354834   0.000000000    90.0000    0.0000
  py          0    0.430677417  0.430677417   0.861354834   0.000000000    90.0000    0.0000
  pz          0    0.430706980  0.430706980   0.861413961   0.000000000    90.0000    0.0000
   sum over m      1.292061815  1.292061815   2.584123629   0.000000000
  px          1    0.004256547  0.004256547   0.008513094   0.000000000    90.0000    0.0000
  py          1    0.004256547  0.004256547   0.008513094   0.000000000    90.0000    0.0000
  pz          1    0.004260039  0.004260039   0.008520079   0.000000000    90.0000    0.0000
   sum over m      0.012773133  0.012773133   0.025546267   0.000000000
   sum over m+mul  1.304834948  1.304834948   2.609669896   0.000000000
  d3z^2-r^2   0    0.012443312  0.012443312   0.024886623   0.000000000    90.0000    0.0000
  dx^2-y^2    0    0.012443211  0.012443211   0.024886422   0.000000000    90.0000    0.0000
  dxy         0    0.025357741  0.025357741   0.050715481   0.000000000    90.0000    0.0000
  dxz         0    0.025357319  0.025357319   0.050714638   0.000000000    90.0000    0.0000
  dyz         0    0.025357319  0.025357319   0.050714638   0.000000000    90.0000    0.0000
   sum over m      0.100958901  0.100958901   0.201917802   0.000000000
   sum over m+mul  0.100958901  0.100958901   0.201917802   0.000000000

  139   Si          Up spin      Down spin     Sum           Diff           Angles(Deg)
            multiple
  s           0    0.590383293  0.590383293   1.180766586   0.000000000    90.0000    0.0000
   sum over m      0.590383293  0.590383293   1.180766586   0.000000000
  s           1    0.003845231  0.003845231   0.007690461   0.000000000    90.0000    0.0000
   sum over m      0.003845231  0.003845231   0.007690461   0.000000000
   sum over m+mul  0.594228523  0.594228523   1.188457047   0.000000000
  px          0    0.430672867  0.430672867   0.861345734   0.000000000    90.0000    0.0000
  py          0    0.430672867  0.430672867   0.861345734   0.000000000    90.0000    0.0000
  pz          0    0.430672870  0.430672870   0.861345741   0.000000000    90.0000    0.0000
   sum over m      1.292018604  1.292018604   2.584037208   0.000000000
  px          1    0.004263804  0.004263804   0.008527608   0.000000000    90.0000    0.0000
  py          1    0.004263804  0.004263804   0.008527608   0.000000000    90.0000    0.0000
  pz          1    0.004263804  0.004263804   0.008527609   0.000000000    90.0000    0.0000
   sum over m      0.012791413  0.012791413   0.025582825   0.000000000
   sum over m+mul  1.304810017  1.304810017   2.609620034   0.000000000
  d3z^2-r^2   0    0.012443285  0.012443285   0.024886570   0.000000000    90.0000    0.0000
  dx^2-y^2    0    0.012443285  0.012443285   0.024886569   0.000000000    90.0000    0.0000
  dxy         0    0.025356927  0.025356927   0.050713854   0.000000000    90.0000    0.0000
  dxz         0    0.025356927  0.025356927   0.050713855   0.000000000    90.0000    0.0000
  dyz         0    0.025356927  0.025356927   0.050713855   0.000000000    90.0000    0.0000
   sum over m      0.100957351  0.100957351   0.201914703   0.000000000
   sum over m+mul  0.100957351  0.100957351   0.201914703   0.000000000

  140   Si          Up spin      Down spin     Sum           Diff           Angles(Deg)
            multiple
  s           0    0.590342981  0.590342981   1.180685963   0.000000000    90.0000    0.0000
   sum over m      0.590342981  0.590342981   1.180685963   0.000000000
  s           1    0.003834523  0.003834523   0.007669045   0.000000000    90.0000    0.0000
   sum over m      0.003834523  0.003834523   0.007669045   0.000000000
   sum over m+mul  0.594177504  0.594177504   1.188355008   0.000000000
  px          0    0.430677416  0.430677416   0.861354832   0.000000000    90.0000    0.0000
  py          0    0.430706978  0.430706978   0.861413957   0.000000000    90.0000    0.0000
  pz          0    0.430677419  0.430677419   0.861354837   0.000000000    90.0000    0.0000
   sum over m      1.292061813  1.292061813   2.584123626   0.000000000
  px          1    0.004256547  0.004256547   0.008513094   0.000000000    90.0000    0.0000
  py          1    0.004260040  0.004260040   0.008520079   0.000000000    90.0000    0.0000
  pz          1    0.004256547  0.004256547   0.008513094   0.000000000    90.0000    0.0000
   sum over m      0.012773134  0.012773134   0.025546268   0.000000000
   sum over m+mul  1.304834947  1.304834947   2.609669893   0.000000000
  d3z^2-r^2   0    0.012443236  0.012443236   0.024886472   0.000000000    90.0000    0.0000
  dx^2-y^2    0    0.012443286  0.012443286   0.024886573   0.000000000    90.0000    0.0000
  dxy         0    0.025357319  0.025357319   0.050714638   0.000000000    90.0000    0.0000
  dxz         0    0.025357741  0.025357741   0.050715482   0.000000000    90.0000    0.0000
  dyz         0    0.025357319  0.025357319   0.050714638   0.000000000    90.0000    0.0000
   sum over m      0.100958901  0.100958901   0.201917802   0.000000000
   sum over m+mul  0.100958901  0.100958901   0.201917802   0.000000000

  141   Si          Up spin      Down spin     Sum           Diff           Angles(Deg)
            multiple
  s           0    0.590342981  0.590342981   1.180685963   0.000000000    90.0000    0.0000
   sum over m      0.590342981  0.590342981   1.180685963   0.000000000
  s           1    0.003834523  0.003834523   0.007669045   0.000000000    90.0000    0.0000
   sum over m      0.003834523  0.003834523   0.007669045   0.000000000
   sum over m+mul  0.594177504  0.594177504   1.188355008   0.000000000
  px          0    0.430706978  0.430706978   0.861413957   0.000000000    90.0000    0.0000
  py          0    0.430677416  0.430677416   0.861354832   0.000000000    90.0000    0.0000
  pz          0    0.430677419  0.430677419   0.861354837   0.000000000    90.0000    0.0000
   sum over m      1.292061813  1.292061813   2.584123626   0.000000000
  px          1    0.004260040  0.004260040   0.008520079   0.000000000    90.0000    0.0000
  py          1    0.004256547  0.004256547   0.008513094   0.000000000    90.0000    0.0000
  pz          1    0.004256547  0.004256547   0.008513094   0.000000000    90.0000    0.0000
   sum over m      0.012773134  0.012773134   0.025546268   0.000000000
   sum over m+mul  1.304834947  1.304834947   2.609669893   0.000000000
  d3z^2-r^2   0    0.012443236  0.012443236   0.024886472   0.000000000    90.0000    0.0000
  dx^2-y^2    0    0.012443286  0.012443286   0.024886573   0.000000000    90.0000    0.0000
  dxy         0    0.025357319  0.025357319   0.050714638   0.000000000    90.0000    0.0000
  dxz         0    0.025357319  0.025357319   0.050714638   0.000000000    90.0000    0.0000
  dyz         0    0.025357741  0.025357741   0.050715482   0.000000000    90.0000    0.0000
   sum over m      0.100958901  0.100958901   0.201917802   0.000000000
   sum over m+mul  0.100958901  0.100958901   0.201917802   0.000000000

  142   Si          Up spin      Down spin     Sum           Diff           Angles(Deg)
            multiple
  s           0    0.590342981  0.590342981   1.180685963   0.000000000    90.0000    0.0000
   sum over m      0.590342981  0.590342981   1.180685963   0.000000000
  s           1    0.003834523  0.003834523   0.007669045   0.000000000    90.0000    0.0000
   sum over m      0.003834523  0.003834523   0.007669045   0.000000000
   sum over m+mul  0.594177504  0.594177504   1.188355008   0.000000000
  px          0    0.430706978  0.430706978   0.861413957   0.000000000    90.0000    0.0000
  py          0    0.430677416  0.430677416   0.861354832   0.000000000    90.0000    0.0000
  pz          0    0.430677419  0.430677419   0.861354837   0.000000000    90.0000    0.0000
   sum over m      1.292061813  1.292061813   2.584123626   0.000000000
  px          1    0.004260040  0.004260040   0.008520079   0.000000000    90.0000    0.0000
  py          1    0.004256547  0.004256547   0.008513094   0.000000000    90.0000    0.0000
  pz          1    0.004256547  0.004256547   0.008513094   0.000000000    90.0000    0.0000
   sum over m      0.012773134  0.012773134   0.025546268   0.000000000
   sum over m+mul  1.304834947  1.304834947   2.609669893   0.000000000
  d3z^2-r^2   0    0.012443236  0.012443236   0.024886472   0.000000000    90.0000    0.0000
  dx^2-y^2    0    0.012443286  0.012443286   0.024886573   0.000000000    90.0000    0.0000
  dxy         0    0.025357319  0.025357319   0.050714638   0.000000000    90.0000    0.0000
  dxz         0    0.025357319  0.025357319   0.050714638   0.000000000    90.0000    0.0000
  dyz         0    0.025357741  0.025357741   0.050715482   0.000000000    90.0000    0.0000
   sum over m      0.100958901  0.100958901   0.201917802   0.000000000
   sum over m+mul  0.100958901  0.100958901   0.201917802   0.000000000

  143   Si          Up spin      Down spin     Sum           Diff           Angles(Deg)
            multiple
  s           0    0.590377353  0.590377353   1.180754707   0.000000000    90.0000    0.0000
   sum over m      0.590377353  0.590377353   1.180754707   0.000000000
  s           1    0.003852934  0.003852934   0.007705867   0.000000000    90.0000    0.0000
   sum over m      0.003852934  0.003852934   0.007705867   0.000000000
   sum over m+mul  0.594230287  0.594230287   1.188460574   0.000000000
  px          0    0.430701224  0.430701224   0.861402448   0.000000000    90.0000    0.0000
  py          0    0.430701224  0.430701224   0.861402448   0.000000000    90.0000    0.0000
  pz          0    0.430701227  0.430701227   0.861402453   0.000000000    90.0000    0.0000
   sum over m      1.292103675  1.292103675   2.584207350   0.000000000
  px          1    0.004263697  0.004263697   0.008527394   0.000000000    90.0000    0.0000
  py          1    0.004263697  0.004263697   0.008527394   0.000000000    90.0000    0.0000
  pz          1    0.004263697  0.004263697   0.008527394   0.000000000    90.0000    0.0000
   sum over m      0.012791091  0.012791091   0.025582181   0.000000000
   sum over m+mul  1.304894765  1.304894765   2.609789531   0.000000000
  d3z^2-r^2   0    0.012443145  0.012443145   0.024886290   0.000000000    90.0000    0.0000
  dx^2-y^2    0    0.012443145  0.012443145   0.024886290   0.000000000    90.0000    0.0000
  dxy         0    0.025357194  0.025357194   0.050714388   0.000000000    90.0000    0.0000
  dxz         0    0.025357194  0.025357194   0.050714388   0.000000000    90.0000    0.0000
  dyz         0    0.025357194  0.025357194   0.050714388   0.000000000    90.0000    0.0000
   sum over m      0.100957872  0.100957872   0.201915743   0.000000000
   sum over m+mul  0.100957872  0.100957872   0.201915743   0.000000000

  144   Si          Up spin      Down spin     Sum           Diff           Angles(Deg)
            multiple
  s           0    0.590377353  0.590377353   1.180754707   0.000000000    90.0000    0.0000
   sum over m      0.590377353  0.590377353   1.180754707   0.000000000
  s           1    0.003852934  0.003852934   0.007705867   0.000000000    90.0000    0.0000
   sum over m      0.003852934  0.003852934   0.007705867   0.000000000
   sum over m+mul  0.594230287  0.594230287   1.188460574   0.000000000
  px          0    0.430701224  0.430701224   0.861402448   0.000000000    90.0000    0.0000
  py          0    0.430701224  0.430701224   0.861402448   0.000000000    90.0000    0.0000
  pz          0    0.430701227  0.430701227   0.861402453   0.000000000    90.0000    0.0000
   sum over m      1.292103675  1.292103675   2.584207350   0.000000000
  px          1    0.004263697  0.004263697   0.008527394   0.000000000    90.0000    0.0000
  py          1    0.004263697  0.004263697   0.008527394   0.000000000    90.0000    0.0000
  pz          1    0.004263697  0.004263697   0.008527394   0.000000000    90.0000    0.0000
   sum over m      0.012791091  0.012791091   0.025582181   0.000000000
   sum over m+mul  1.304894765  1.304894765   2.609789531   0.000000000
  d3z^2-r^2   0    0.012443145  0.012443145   0.024886290   0.000000000    90.0000    0.0000
  dx^2-y^2    0    0.012443145  0.012443145   0.024886290   0.000000000    90.0000    0.0000
  dxy         0    0.025357194  0.025357194   0.050714388   0.000000000    90.0000    0.0000
  dxz         0    0.025357194  0.025357194   0.050714388   0.000000000    90.0000    0.0000
  dyz         0    0.025357194  0.025357194   0.050714388   0.000000000    90.0000    0.0000
   sum over m      0.100957872  0.100957872   0.201915743   0.000000000
   sum over m+mul  0.100957872  0.100957872   0.201915743   0.000000000

  145   Si          Up spin      Down spin     Sum           Diff           Angles(Deg)
            multiple
  s           0    0.590377353  0.590377353   1.180754707   0.000000000    90.0000    0.0000
   sum over m      0.590377353  0.590377353   1.180754707   0.000000000
  s           1    0.003852934  0.003852934   0.007705867   0.000000000    90.0000    0.0000
   sum over m      0.003852934  0.003852934   0.007705867   0.000000000
   sum over m+mul  0.594230287  0.594230287   1.188460574   0.000000000
  px          0    0.430701224  0.430701224   0.861402448   0.000000000    90.0000    0.0000
  py          0    0.430701224  0.430701224   0.861402448   0.000000000    90.0000    0.0000
  pz          0    0.430701227  0.430701227   0.861402453   0.000000000    90.0000    0.0000
   sum over m      1.292103675  1.292103675   2.584207350   0.000000000
  px          1    0.004263697  0.004263697   0.008527394   0.000000000    90.0000    0.0000
  py          1    0.004263697  0.004263697   0.008527394   0.000000000    90.0000    0.0000
  pz          1    0.004263697  0.004263697   0.008527394   0.000000000    90.0000    0.0000
   sum over m      0.012791091  0.012791091   0.025582181   0.000000000
   sum over m+mul  1.304894765  1.304894765   2.609789531   0.000000000
  d3z^2-r^2   0    0.012443145  0.012443145   0.024886290   0.000000000    90.0000    0.0000
  dx^2-y^2    0    0.012443145  0.012443145   0.024886290   0.000000000    90.0000    0.0000
  dxy         0    0.025357194  0.025357194   0.050714388   0.000000000    90.0000    0.0000
  dxz         0    0.025357194  0.025357194   0.050714388   0.000000000    90.0000    0.0000
  dyz         0    0.025357194  0.025357194   0.050714388   0.000000000    90.0000    0.0000
   sum over m      0.100957872  0.100957872   0.201915743   0.000000000
   sum over m+mul  0.100957872  0.100957872   0.201915743   0.000000000

  146   Si          Up spin      Down spin     Sum           Diff           Angles(Deg)
            multiple
  s           0    0.590342981  0.590342981   1.180685963   0.000000000    90.0000    0.0000
   sum over m      0.590342981  0.590342981   1.180685963   0.000000000
  s           1    0.003834523  0.003834523   0.007669045   0.000000000    90.0000    0.0000
   sum over m      0.003834523  0.003834523   0.007669045   0.000000000
   sum over m+mul  0.594177504  0.594177504   1.188355008   0.000000000
  px          0    0.430706978  0.430706978   0.861413957   0.000000000    90.0000    0.0000
  py          0    0.430677416  0.430677416   0.861354832   0.000000000    90.0000    0.0000
  pz          0    0.430677419  0.430677419   0.861354837   0.000000000    90.0000    0.0000
   sum over m      1.292061813  1.292061813   2.584123626   0.000000000
  px          1    0.004260040  0.004260040   0.008520079   0.000000000    90.0000    0.0000
  py          1    0.004256547  0.004256547   0.008513094   0.000000000    90.0000    0.0000
  pz          1    0.004256547  0.004256547   0.008513094   0.000000000    90.0000    0.0000
   sum over m      0.012773134  0.012773134   0.025546268   0.000000000
   sum over m+mul  1.304834947  1.304834947   2.609669893   0.000000000
  d3z^2-r^2   0    0.012443236  0.012443236   0.024886472   0.000000000    90.0000    0.0000
  dx^2-y^2    0    0.012443286  0.012443286   0.024886573   0.000000000    90.0000    0.0000
  dxy         0    0.025357319  0.025357319   0.050714638   0.000000000    90.0000    0.0000
  dxz         0    0.025357319  0.025357319   0.050714638   0.000000000    90.0000    0.0000
  dyz         0    0.025357741  0.025357741   0.050715482   0.000000000    90.0000    0.0000
   sum over m      0.100958901  0.100958901   0.201917802   0.000000000
   sum over m+mul  0.100958901  0.100958901   0.201917802   0.000000000

  147   Si          Up spin      Down spin     Sum           Diff           Angles(Deg)
            multiple
  s           0    0.590377353  0.590377353   1.180754707   0.000000000    90.0000    0.0000
   sum over m      0.590377353  0.590377353   1.180754707   0.000000000
  s           1    0.003852934  0.003852934   0.007705867   0.000000000    90.0000    0.0000
   sum over m      0.003852934  0.003852934   0.007705867   0.000000000
   sum over m+mul  0.594230287  0.594230287   1.188460574   0.000000000
  px          0    0.430701224  0.430701224   0.861402448   0.000000000    90.0000    0.0000
  py          0    0.430701224  0.430701224   0.861402448   0.000000000    90.0000    0.0000
  pz          0    0.430701227  0.430701227   0.861402453   0.000000000    90.0000    0.0000
   sum over m      1.292103675  1.292103675   2.584207350   0.000000000
  px          1    0.004263697  0.004263697   0.008527394   0.000000000    90.0000    0.0000
  py          1    0.004263697  0.004263697   0.008527394   0.000000000    90.0000    0.0000
  pz          1    0.004263697  0.004263697   0.008527394   0.000000000    90.0000    0.0000
   sum over m      0.012791091  0.012791091   0.025582181   0.000000000
   sum over m+mul  1.304894765  1.304894765   2.609789531   0.000000000
  d3z^2-r^2   0    0.012443145  0.012443145   0.024886290   0.000000000    90.0000    0.0000
  dx^2-y^2    0    0.012443145  0.012443145   0.024886290   0.000000000    90.0000    0.0000
  dxy         0    0.025357194  0.025357194   0.050714388   0.000000000    90.0000    0.0000
  dxz         0    0.025357194  0.025357194   0.050714388   0.000000000    90.0000    0.0000
  dyz         0    0.025357194  0.025357194   0.050714388   0.000000000    90.0000    0.0000
   sum over m      0.100957872  0.100957872   0.201915743   0.000000000
   sum over m+mul  0.100957872  0.100957872   0.201915743   0.000000000

  148   Si          Up spin      Down spin     Sum           Diff           Angles(Deg)
            multiple
  s           0    0.590342981  0.590342981   1.180685963   0.000000000    90.0000    0.0000
   sum over m      0.590342981  0.590342981   1.180685963   0.000000000
  s           1    0.003834523  0.003834523   0.007669045   0.000000000    90.0000    0.0000
   sum over m      0.003834523  0.003834523   0.007669045   0.000000000
   sum over m+mul  0.594177504  0.594177504   1.188355008   0.000000000
  px          0    0.430706978  0.430706978   0.861413957   0.000000000    90.0000    0.0000
  py          0    0.430677416  0.430677416   0.861354832   0.000000000    90.0000    0.0000
  pz          0    0.430677419  0.430677419   0.861354837   0.000000000    90.0000    0.0000
   sum over m      1.292061813  1.292061813   2.584123626   0.000000000
  px          1    0.004260040  0.004260040   0.008520079   0.000000000    90.0000    0.0000
  py          1    0.004256547  0.004256547   0.008513094   0.000000000    90.0000    0.0000
  pz          1    0.004256547  0.004256547   0.008513094   0.000000000    90.0000    0.0000
   sum over m      0.012773134  0.012773134   0.025546268   0.000000000
   sum over m+mul  1.304834947  1.304834947   2.609669893   0.000000000
  d3z^2-r^2   0    0.012443236  0.012443236   0.024886472   0.000000000    90.0000    0.0000
  dx^2-y^2    0    0.012443286  0.012443286   0.024886573   0.000000000    90.0000    0.0000
  dxy         0    0.025357319  0.025357319   0.050714638   0.000000000    90.0000    0.0000
  dxz         0    0.025357319  0.025357319   0.050714638   0.000000000    90.0000    0.0000
  dyz         0    0.025357741  0.025357741   0.050715482   0.000000000    90.0000    0.0000
   sum over m      0.100958901  0.100958901   0.201917802   0.000000000
   sum over m+mul  0.100958901  0.100958901   0.201917802   0.000000000

  149   Si          Up spin      Down spin     Sum           Diff           Angles(Deg)
            multiple
  s           0    0.590330368  0.590330368   1.180660735   0.000000000    90.0000    0.0000
   sum over m      0.590330368  0.590330368   1.180660735   0.000000000
  s           1    0.003829226  0.003829226   0.007658451   0.000000000    90.0000    0.0000
   sum over m      0.003829226  0.003829226   0.007658451   0.000000000
   sum over m+mul  0.594159593  0.594159593   1.188319186   0.000000000
  px          0    0.430719955  0.430719955   0.861439910   0.000000000    90.0000    0.0000
  py          0    0.430670888  0.430670888   0.861341776   0.000000000    90.0000    0.0000
  pz          0    0.430670891  0.430670891   0.861341781   0.000000000    90.0000    0.0000
   sum over m      1.292061734  1.292061734   2.584123467   0.000000000
  px          1    0.004258582  0.004258582   0.008517164   0.000000000    90.0000    0.0000
  py          1    0.004257070  0.004257070   0.008514140   0.000000000    90.0000    0.0000
  pz          1    0.004257071  0.004257071   0.008514141   0.000000000    90.0000    0.0000
   sum over m      0.012772723  0.012772723   0.025545446   0.000000000
   sum over m+mul  1.304834456  1.304834456   2.609668913   0.000000000
  d3z^2-r^2   0    0.012443206  0.012443206   0.024886412   0.000000000    90.0000    0.0000
  dx^2-y^2    0    0.012443300  0.012443300   0.024886600   0.000000000    90.0000    0.0000
  dxy         0    0.025357298  0.025357298   0.050714595   0.000000000    90.0000    0.0000
  dxz         0    0.025357298  0.025357298   0.050714595   0.000000000    90.0000    0.0000
  dyz         0    0.025357517  0.025357517   0.050715034   0.000000000    90.0000    0.0000
   sum over m      0.100958618  0.100958618   0.201917237   0.000000000
   sum over m+mul  0.100958618  0.100958618   0.201917237   0.000000000

  150   Si          Up spin      Down spin     Sum           Diff           Angles(Deg)
            multiple
  s           0    0.590381656  0.590381656   1.180763311   0.000000000    90.0000    0.0000
   sum over m      0.590381656  0.590381656   1.180763311   0.000000000
  s           1    0.003854728  0.003854728   0.007709455   0.000000000    90.0000    0.0000
   sum over m      0.003854728  0.003854728   0.007709455   0.000000000
   sum over m+mul  0.594236383  0.594236383   1.188472767   0.000000000
  px          0    0.430695138  0.430695138   0.861390275   0.000000000    90.0000    0.0000
  py          0    0.430695138  0.430695138   0.861390275   0.000000000    90.0000    0.0000
  pz          0    0.430695141  0.430695141   0.861390282   0.000000000    90.0000    0.0000
   sum over m      1.292085416  1.292085416   2.584170833   0.000000000
  px          1    0.004265202  0.004265202   0.008530405   0.000000000    90.0000    0.0000
  py          1    0.004265202  0.004265202   0.008530405   0.000000000    90.0000    0.0000
  pz          1    0.004265202  0.004265202   0.008530404   0.000000000    90.0000    0.0000
   sum over m      0.012795607  0.012795607   0.025591214   0.000000000
   sum over m+mul  1.304881024  1.304881024   2.609762047   0.000000000
  d3z^2-r^2   0    0.012443059  0.012443059   0.024886119   0.000000000    90.0000    0.0000
  dx^2-y^2    0    0.012443059  0.012443059   0.024886119   0.000000000    90.0000    0.0000
  dxy         0    0.025357174  0.025357174   0.050714347   0.000000000    90.0000    0.0000
  dxz         0    0.025357174  0.025357174   0.050714347   0.000000000    90.0000    0.0000
  dyz         0    0.025357174  0.025357174   0.050714347   0.000000000    90.0000    0.0000
   sum over m      0.100957639  0.100957639   0.201915279   0.000000000
   sum over m+mul  0.100957639  0.100957639   0.201915279   0.000000000

  151   Si          Up spin      Down spin     Sum           Diff           Angles(Deg)
            multiple
  s           0    0.590342981  0.590342981   1.180685963   0.000000000    90.0000    0.0000
   sum over m      0.590342981  0.590342981   1.180685963   0.000000000
  s           1    0.003834523  0.003834523   0.007669045   0.000000000    90.0000    0.0000
   sum over m      0.003834523  0.003834523   0.007669045   0.000000000
   sum over m+mul  0.594177504  0.594177504   1.188355008   0.000000000
  px          0    0.430677416  0.430677416   0.861354832   0.000000000    90.0000    0.0000
  py          0    0.430706978  0.430706978   0.861413957   0.000000000    90.0000    0.0000
  pz          0    0.430677419  0.430677419   0.861354837   0.000000000    90.0000    0.0000
   sum over m      1.292061813  1.292061813   2.584123626   0.000000000
  px          1    0.004256547  0.004256547   0.008513094   0.000000000    90.0000    0.0000
  py          1    0.004260040  0.004260040   0.008520079   0.000000000    90.0000    0.0000
  pz          1    0.004256547  0.004256547   0.008513094   0.000000000    90.0000    0.0000
   sum over m      0.012773134  0.012773134   0.025546268   0.000000000
   sum over m+mul  1.304834947  1.304834947   2.609669893   0.000000000
  d3z^2-r^2   0    0.012443236  0.012443236   0.024886472   0.000000000    90.0000    0.0000
  dx^2-y^2    0    0.012443286  0.012443286   0.024886573   0.000000000    90.0000    0.0000
  dxy         0    0.025357319  0.025357319   0.050714638   0.000000000    90.0000    0.0000
  dxz         0    0.025357741  0.025357741   0.050715482   0.000000000    90.0000    0.0000
  dyz         0    0.025357319  0.025357319   0.050714638   0.000000000    90.0000    0.0000
   sum over m      0.100958901  0.100958901   0.201917802   0.000000000
   sum over m+mul  0.100958901  0.100958901   0.201917802   0.000000000

  152   Si          Up spin      Down spin     Sum           Diff           Angles(Deg)
            multiple
  s           0    0.590342981  0.590342981   1.180685962   0.000000000    90.0000    0.0000
   sum over m      0.590342981  0.590342981   1.180685962   0.000000000
  s           1    0.003834522  0.003834522   0.007669044   0.000000000    90.0000    0.0000
   sum over m      0.003834522  0.003834522   0.007669044   0.000000000
   sum over m+mul  0.594177503  0.594177503   1.188355006   0.000000000
  px          0    0.430677417  0.430677417   0.861354834   0.000000000    90.0000    0.0000
  py          0    0.430677417  0.430677417   0.861354834   0.000000000    90.0000    0.0000
  pz          0    0.430706980  0.430706980   0.861413961   0.000000000    90.0000    0.0000
   sum over m      1.292061815  1.292061815   2.584123629   0.000000000
  px          1    0.004256547  0.004256547   0.008513094   0.000000000    90.0000    0.0000
  py          1    0.004256547  0.004256547   0.008513094   0.000000000    90.0000    0.0000
  pz          1    0.004260039  0.004260039   0.008520079   0.000000000    90.0000    0.0000
   sum over m      0.012773133  0.012773133   0.025546267   0.000000000
   sum over m+mul  1.304834948  1.304834948   2.609669896   0.000000000
  d3z^2-r^2   0    0.012443312  0.012443312   0.024886623   0.000000000    90.0000    0.0000
  dx^2-y^2    0    0.012443211  0.012443211   0.024886422   0.000000000    90.0000    0.0000
  dxy         0    0.025357741  0.025357741   0.050715481   0.000000000    90.0000    0.0000
  dxz         0    0.025357319  0.025357319   0.050714638   0.000000000    90.0000    0.0000
  dyz         0    0.025357319  0.025357319   0.050714638   0.000000000    90.0000    0.0000
   sum over m      0.100958901  0.100958901   0.201917802   0.000000000
   sum over m+mul  0.100958901  0.100958901   0.201917802   0.000000000

  153   Si          Up spin      Down spin     Sum           Diff           Angles(Deg)
            multiple
  s           0    0.590342981  0.590342981   1.180685962   0.000000000    90.0000    0.0000
   sum over m      0.590342981  0.590342981   1.180685962   0.000000000
  s           1    0.003834522  0.003834522   0.007669044   0.000000000    90.0000    0.0000
   sum over m      0.003834522  0.003834522   0.007669044   0.000000000
   sum over m+mul  0.594177503  0.594177503   1.188355006   0.000000000
  px          0    0.430677417  0.430677417   0.861354834   0.000000000    90.0000    0.0000
  py          0    0.430677417  0.430677417   0.861354834   0.000000000    90.0000    0.0000
  pz          0    0.430706980  0.430706980   0.861413961   0.000000000    90.0000    0.0000
   sum over m      1.292061815  1.292061815   2.584123629   0.000000000
  px          1    0.004256547  0.004256547   0.008513094   0.000000000    90.0000    0.0000
  py          1    0.004256547  0.004256547   0.008513094   0.000000000    90.0000    0.0000
  pz          1    0.004260039  0.004260039   0.008520079   0.000000000    90.0000    0.0000
   sum over m      0.012773133  0.012773133   0.025546267   0.000000000
   sum over m+mul  1.304834948  1.304834948   2.609669896   0.000000000
  d3z^2-r^2   0    0.012443312  0.012443312   0.024886623   0.000000000    90.0000    0.0000
  dx^2-y^2    0    0.012443211  0.012443211   0.024886422   0.000000000    90.0000    0.0000
  dxy         0    0.025357741  0.025357741   0.050715481   0.000000000    90.0000    0.0000
  dxz         0    0.025357319  0.025357319   0.050714638   0.000000000    90.0000    0.0000
  dyz         0    0.025357319  0.025357319   0.050714638   0.000000000    90.0000    0.0000
   sum over m      0.100958901  0.100958901   0.201917802   0.000000000
   sum over m+mul  0.100958901  0.100958901   0.201917802   0.000000000

  154   Si          Up spin      Down spin     Sum           Diff           Angles(Deg)
            multiple
  s           0    0.590342981  0.590342981   1.180685963   0.000000000    90.0000    0.0000
   sum over m      0.590342981  0.590342981   1.180685963   0.000000000
  s           1    0.003834523  0.003834523   0.007669045   0.000000000    90.0000    0.0000
   sum over m      0.003834523  0.003834523   0.007669045   0.000000000
   sum over m+mul  0.594177504  0.594177504   1.188355008   0.000000000
  px          0    0.430706978  0.430706978   0.861413957   0.000000000    90.0000    0.0000
  py          0    0.430677416  0.430677416   0.861354832   0.000000000    90.0000    0.0000
  pz          0    0.430677419  0.430677419   0.861354837   0.000000000    90.0000    0.0000
   sum over m      1.292061813  1.292061813   2.584123626   0.000000000
  px          1    0.004260040  0.004260040   0.008520079   0.000000000    90.0000    0.0000
  py          1    0.004256547  0.004256547   0.008513094   0.000000000    90.0000    0.0000
  pz          1    0.004256547  0.004256547   0.008513094   0.000000000    90.0000    0.0000
   sum over m      0.012773134  0.012773134   0.025546268   0.000000000
   sum over m+mul  1.304834947  1.304834947   2.609669893   0.000000000
  d3z^2-r^2   0    0.012443236  0.012443236   0.024886472   0.000000000    90.0000    0.0000
  dx^2-y^2    0    0.012443286  0.012443286   0.024886573   0.000000000    90.0000    0.0000
  dxy         0    0.025357319  0.025357319   0.050714638   0.000000000    90.0000    0.0000
  dxz         0    0.025357319  0.025357319   0.050714638   0.000000000    90.0000    0.0000
  dyz         0    0.025357741  0.025357741   0.050715482   0.000000000    90.0000    0.0000
   sum over m      0.100958901  0.100958901   0.201917802   0.000000000
   sum over m+mul  0.100958901  0.100958901   0.201917802   0.000000000

  155   Si          Up spin      Down spin     Sum           Diff           Angles(Deg)
            multiple
  s           0    0.590381656  0.590381656   1.180763311   0.000000000    90.0000    0.0000
   sum over m      0.590381656  0.590381656   1.180763311   0.000000000
  s           1    0.003854728  0.003854728   0.007709455   0.000000000    90.0000    0.0000
   sum over m      0.003854728  0.003854728   0.007709455   0.000000000
   sum over m+mul  0.594236383  0.594236383   1.188472767   0.000000000
  px          0    0.430695138  0.430695138   0.861390275   0.000000000    90.0000    0.0000
  py          0    0.430695138  0.430695138   0.861390275   0.000000000    90.0000    0.0000
  pz          0    0.430695141  0.430695141   0.861390282   0.000000000    90.0000    0.0000
   sum over m      1.292085416  1.292085416   2.584170833   0.000000000
  px          1    0.004265202  0.004265202   0.008530405   0.000000000    90.0000    0.0000
  py          1    0.004265202  0.004265202   0.008530405   0.000000000    90.0000    0.0000
  pz          1    0.004265202  0.004265202   0.008530404   0.000000000    90.0000    0.0000
   sum over m      0.012795607  0.012795607   0.025591214   0.000000000
   sum over m+mul  1.304881024  1.304881024   2.609762047   0.000000000
  d3z^2-r^2   0    0.012443059  0.012443059   0.024886119   0.000000000    90.0000    0.0000
  dx^2-y^2    0    0.012443059  0.012443059   0.024886119   0.000000000    90.0000    0.0000
  dxy         0    0.025357174  0.025357174   0.050714347   0.000000000    90.0000    0.0000
  dxz         0    0.025357174  0.025357174   0.050714347   0.000000000    90.0000    0.0000
  dyz         0    0.025357174  0.025357174   0.050714347   0.000000000    90.0000    0.0000
   sum over m      0.100957639  0.100957639   0.201915279   0.000000000
   sum over m+mul  0.100957639  0.100957639   0.201915279   0.000000000

  156   Si          Up spin      Down spin     Sum           Diff           Angles(Deg)
            multiple
  s           0    0.590330368  0.590330368   1.180660735   0.000000000    90.0000    0.0000
   sum over m      0.590330368  0.590330368   1.180660735   0.000000000
  s           1    0.003829226  0.003829226   0.007658451   0.000000000    90.0000    0.0000
   sum over m      0.003829226  0.003829226   0.007658451   0.000000000
   sum over m+mul  0.594159593  0.594159593   1.188319186   0.000000000
  px          0    0.430670888  0.430670888   0.861341776   0.000000000    90.0000    0.0000
  py          0    0.430719955  0.430719955   0.861439910   0.000000000    90.0000    0.0000
  pz          0    0.430670891  0.430670891   0.861341781   0.000000000    90.0000    0.0000
   sum over m      1.292061734  1.292061734   2.584123467   0.000000000
  px          1    0.004257070  0.004257070   0.008514140   0.000000000    90.0000    0.0000
  py          1    0.004258582  0.004258582   0.008517164   0.000000000    90.0000    0.0000
  pz          1    0.004257071  0.004257071   0.008514141   0.000000000    90.0000    0.0000
   sum over m      0.012772723  0.012772723   0.025545446   0.000000000
   sum over m+mul  1.304834456  1.304834456   2.609668913   0.000000000
  d3z^2-r^2   0    0.012443206  0.012443206   0.024886412   0.000000000    90.0000    0.0000
  dx^2-y^2    0    0.012443300  0.012443300   0.024886600   0.000000000    90.0000    0.0000
  dxy         0    0.025357298  0.025357298   0.050714595   0.000000000    90.0000    0.0000
  dxz         0    0.025357517  0.025357517   0.050715034   0.000000000    90.0000    0.0000
  dyz         0    0.025357298  0.025357298   0.050714595   0.000000000    90.0000    0.0000
   sum over m      0.100958618  0.100958618   0.201917237   0.000000000
   sum over m+mul  0.100958618  0.100958618   0.201917237   0.000000000

  157   Si          Up spin      Down spin     Sum           Diff           Angles(Deg)
            multiple
  s           0    0.590342981  0.590342981   1.180685963   0.000000000    90.0000    0.0000
   sum over m      0.590342981  0.590342981   1.180685963   0.000000000
  s           1    0.003834523  0.003834523   0.007669045   0.000000000    90.0000    0.0000
   sum over m      0.003834523  0.003834523   0.007669045   0.000000000
   sum over m+mul  0.594177504  0.594177504   1.188355008   0.000000000
  px          0    0.430677416  0.430677416   0.861354832   0.000000000    90.0000    0.0000
  py          0    0.430706978  0.430706978   0.861413957   0.000000000    90.0000    0.0000
  pz          0    0.430677419  0.430677419   0.861354837   0.000000000    90.0000    0.0000
   sum over m      1.292061813  1.292061813   2.584123626   0.000000000
  px          1    0.004256547  0.004256547   0.008513094   0.000000000    90.0000    0.0000
  py          1    0.004260040  0.004260040   0.008520079   0.000000000    90.0000    0.0000
  pz          1    0.004256547  0.004256547   0.008513094   0.000000000    90.0000    0.0000
   sum over m      0.012773134  0.012773134   0.025546268   0.000000000
   sum over m+mul  1.304834947  1.304834947   2.609669893   0.000000000
  d3z^2-r^2   0    0.012443236  0.012443236   0.024886472   0.000000000    90.0000    0.0000
  dx^2-y^2    0    0.012443286  0.012443286   0.024886573   0.000000000    90.0000    0.0000
  dxy         0    0.025357319  0.025357319   0.050714638   0.000000000    90.0000    0.0000
  dxz         0    0.025357741  0.025357741   0.050715482   0.000000000    90.0000    0.0000
  dyz         0    0.025357319  0.025357319   0.050714638   0.000000000    90.0000    0.0000
   sum over m      0.100958901  0.100958901   0.201917802   0.000000000
   sum over m+mul  0.100958901  0.100958901   0.201917802   0.000000000

  158   Si          Up spin      Down spin     Sum           Diff           Angles(Deg)
            multiple
  s           0    0.590342981  0.590342981   1.180685962   0.000000000    90.0000    0.0000
   sum over m      0.590342981  0.590342981   1.180685962   0.000000000
  s           1    0.003834522  0.003834522   0.007669044   0.000000000    90.0000    0.0000
   sum over m      0.003834522  0.003834522   0.007669044   0.000000000
   sum over m+mul  0.594177503  0.594177503   1.188355006   0.000000000
  px          0    0.430677417  0.430677417   0.861354834   0.000000000    90.0000    0.0000
  py          0    0.430677417  0.430677417   0.861354834   0.000000000    90.0000    0.0000
  pz          0    0.430706980  0.430706980   0.861413961   0.000000000    90.0000    0.0000
   sum over m      1.292061815  1.292061815   2.584123629   0.000000000
  px          1    0.004256547  0.004256547   0.008513094   0.000000000    90.0000    0.0000
  py          1    0.004256547  0.004256547   0.008513094   0.000000000    90.0000    0.0000
  pz          1    0.004260039  0.004260039   0.008520079   0.000000000    90.0000    0.0000
   sum over m      0.012773133  0.012773133   0.025546267   0.000000000
   sum over m+mul  1.304834948  1.304834948   2.609669896   0.000000000
  d3z^2-r^2   0    0.012443312  0.012443312   0.024886623   0.000000000    90.0000    0.0000
  dx^2-y^2    0    0.012443211  0.012443211   0.024886422   0.000000000    90.0000    0.0000
  dxy         0    0.025357741  0.025357741   0.050715481   0.000000000    90.0000    0.0000
  dxz         0    0.025357319  0.025357319   0.050714638   0.000000000    90.0000    0.0000
  dyz         0    0.025357319  0.025357319   0.050714638   0.000000000    90.0000    0.0000
   sum over m      0.100958901  0.100958901   0.201917802   0.000000000
   sum over m+mul  0.100958901  0.100958901   0.201917802   0.000000000

  159   Si          Up spin      Down spin     Sum           Diff           Angles(Deg)
            multiple
  s           0    0.590330368  0.590330368   1.180660735   0.000000000    90.0000    0.0000
   sum over m      0.590330368  0.590330368   1.180660735   0.000000000
  s           1    0.003829226  0.003829226   0.007658451   0.000000000    90.0000    0.0000
   sum over m      0.003829226  0.003829226   0.007658451   0.000000000
   sum over m+mul  0.594159593  0.594159593   1.188319186   0.000000000
  px          0    0.430719955  0.430719955   0.861439910   0.000000000    90.0000    0.0000
  py          0    0.430670888  0.430670888   0.861341776   0.000000000    90.0000    0.0000
  pz          0    0.430670891  0.430670891   0.861341781   0.000000000    90.0000    0.0000
   sum over m      1.292061734  1.292061734   2.584123467   0.000000000
  px          1    0.004258582  0.004258582   0.008517164   0.000000000    90.0000    0.0000
  py          1    0.004257070  0.004257070   0.008514140   0.000000000    90.0000    0.0000
  pz          1    0.004257071  0.004257071   0.008514141   0.000000000    90.0000    0.0000
   sum over m      0.012772723  0.012772723   0.025545446   0.000000000
   sum over m+mul  1.304834456  1.304834456   2.609668913   0.000000000
  d3z^2-r^2   0    0.012443206  0.012443206   0.024886412   0.000000000    90.0000    0.0000
  dx^2-y^2    0    0.012443300  0.012443300   0.024886600   0.000000000    90.0000    0.0000
  dxy         0    0.025357298  0.025357298   0.050714595   0.000000000    90.0000    0.0000
  dxz         0    0.025357298  0.025357298   0.050714595   0.000000000    90.0000    0.0000
  dyz         0    0.025357517  0.025357517   0.050715034   0.000000000    90.0000    0.0000
   sum over m      0.100958618  0.100958618   0.201917237   0.000000000
   sum over m+mul  0.100958618  0.100958618   0.201917237   0.000000000

  160   Si          Up spin      Down spin     Sum           Diff           Angles(Deg)
            multiple
  s           0    0.590381656  0.590381656   1.180763311   0.000000000    90.0000    0.0000
   sum over m      0.590381656  0.590381656   1.180763311   0.000000000
  s           1    0.003854728  0.003854728   0.007709455   0.000000000    90.0000    0.0000
   sum over m      0.003854728  0.003854728   0.007709455   0.000000000
   sum over m+mul  0.594236383  0.594236383   1.188472767   0.000000000
  px          0    0.430695138  0.430695138   0.861390275   0.000000000    90.0000    0.0000
  py          0    0.430695138  0.430695138   0.861390275   0.000000000    90.0000    0.0000
  pz          0    0.430695141  0.430695141   0.861390282   0.000000000    90.0000    0.0000
   sum over m      1.292085416  1.292085416   2.584170833   0.000000000
  px          1    0.004265202  0.004265202   0.008530405   0.000000000    90.0000    0.0000
  py          1    0.004265202  0.004265202   0.008530405   0.000000000    90.0000    0.0000
  pz          1    0.004265202  0.004265202   0.008530404   0.000000000    90.0000    0.0000
   sum over m      0.012795607  0.012795607   0.025591214   0.000000000
   sum over m+mul  1.304881024  1.304881024   2.609762047   0.000000000
  d3z^2-r^2   0    0.012443059  0.012443059   0.024886119   0.000000000    90.0000    0.0000
  dx^2-y^2    0    0.012443059  0.012443059   0.024886119   0.000000000    90.0000    0.0000
  dxy         0    0.025357174  0.025357174   0.050714347   0.000000000    90.0000    0.0000
  dxz         0    0.025357174  0.025357174   0.050714347   0.000000000    90.0000    0.0000
  dyz         0    0.025357174  0.025357174   0.050714347   0.000000000    90.0000    0.0000
   sum over m      0.100957639  0.100957639   0.201915279   0.000000000
   sum over m+mul  0.100957639  0.100957639   0.201915279   0.000000000

  161   Si          Up spin      Down spin     Sum           Diff           Angles(Deg)
            multiple
  s           0    0.590381656  0.590381656   1.180763311   0.000000000    90.0000    0.0000
   sum over m      0.590381656  0.590381656   1.180763311   0.000000000
  s           1    0.003854728  0.003854728   0.007709455   0.000000000    90.0000    0.0000
   sum over m      0.003854728  0.003854728   0.007709455   0.000000000
   sum over m+mul  0.594236383  0.594236383   1.188472767   0.000000000
  px          0    0.430695138  0.430695138   0.861390275   0.000000000    90.0000    0.0000
  py          0    0.430695138  0.430695138   0.861390275   0.000000000    90.0000    0.0000
  pz          0    0.430695141  0.430695141   0.861390282   0.000000000    90.0000    0.0000
   sum over m      1.292085416  1.292085416   2.584170833   0.000000000
  px          1    0.004265202  0.004265202   0.008530405   0.000000000    90.0000    0.0000
  py          1    0.004265202  0.004265202   0.008530405   0.000000000    90.0000    0.0000
  pz          1    0.004265202  0.004265202   0.008530404   0.000000000    90.0000    0.0000
   sum over m      0.012795607  0.012795607   0.025591214   0.000000000
   sum over m+mul  1.304881024  1.304881024   2.609762047   0.000000000
  d3z^2-r^2   0    0.012443059  0.012443059   0.024886119   0.000000000    90.0000    0.0000
  dx^2-y^2    0    0.012443059  0.012443059   0.024886119   0.000000000    90.0000    0.0000
  dxy         0    0.025357174  0.025357174   0.050714347   0.000000000    90.0000    0.0000
  dxz         0    0.025357174  0.025357174   0.050714347   0.000000000    90.0000    0.0000
  dyz         0    0.025357174  0.025357174   0.050714347   0.000000000    90.0000    0.0000
   sum over m      0.100957639  0.100957639   0.201915279   0.000000000
   sum over m+mul  0.100957639  0.100957639   0.201915279   0.000000000

  162   Si          Up spin      Down spin     Sum           Diff           Angles(Deg)
            multiple
  s           0    0.590330368  0.590330368   1.180660735   0.000000000    90.0000    0.0000
   sum over m      0.590330368  0.590330368   1.180660735   0.000000000
  s           1    0.003829226  0.003829226   0.007658451   0.000000000    90.0000    0.0000
   sum over m      0.003829226  0.003829226   0.007658451   0.000000000
   sum over m+mul  0.594159593  0.594159593   1.188319186   0.000000000
  px          0    0.430670888  0.430670888   0.861341776   0.000000000    90.0000    0.0000
  py          0    0.430719955  0.430719955   0.861439910   0.000000000    90.0000    0.0000
  pz          0    0.430670891  0.430670891   0.861341781   0.000000000    90.0000    0.0000
   sum over m      1.292061734  1.292061734   2.584123467   0.000000000
  px          1    0.004257070  0.004257070   0.008514140   0.000000000    90.0000    0.0000
  py          1    0.004258582  0.004258582   0.008517164   0.000000000    90.0000    0.0000
  pz          1    0.004257071  0.004257071   0.008514141   0.000000000    90.0000    0.0000
   sum over m      0.012772723  0.012772723   0.025545446   0.000000000
   sum over m+mul  1.304834456  1.304834456   2.609668913   0.000000000
  d3z^2-r^2   0    0.012443206  0.012443206   0.024886412   0.000000000    90.0000    0.0000
  dx^2-y^2    0    0.012443300  0.012443300   0.024886600   0.000000000    90.0000    0.0000
  dxy         0    0.025357298  0.025357298   0.050714595   0.000000000    90.0000    0.0000
  dxz         0    0.025357517  0.025357517   0.050715034   0.000000000    90.0000    0.0000
  dyz         0    0.025357298  0.025357298   0.050714595   0.000000000    90.0000    0.0000
   sum over m      0.100958618  0.100958618   0.201917237   0.000000000
   sum over m+mul  0.100958618  0.100958618   0.201917237   0.000000000

  163   Si          Up spin      Down spin     Sum           Diff           Angles(Deg)
            multiple
  s           0    0.590342981  0.590342981   1.180685962   0.000000000    90.0000    0.0000
   sum over m      0.590342981  0.590342981   1.180685962   0.000000000
  s           1    0.003834522  0.003834522   0.007669044   0.000000000    90.0000    0.0000
   sum over m      0.003834522  0.003834522   0.007669044   0.000000000
   sum over m+mul  0.594177503  0.594177503   1.188355006   0.000000000
  px          0    0.430677417  0.430677417   0.861354834   0.000000000    90.0000    0.0000
  py          0    0.430677417  0.430677417   0.861354834   0.000000000    90.0000    0.0000
  pz          0    0.430706980  0.430706980   0.861413961   0.000000000    90.0000    0.0000
   sum over m      1.292061815  1.292061815   2.584123629   0.000000000
  px          1    0.004256547  0.004256547   0.008513094   0.000000000    90.0000    0.0000
  py          1    0.004256547  0.004256547   0.008513094   0.000000000    90.0000    0.0000
  pz          1    0.004260039  0.004260039   0.008520079   0.000000000    90.0000    0.0000
   sum over m      0.012773133  0.012773133   0.025546267   0.000000000
   sum over m+mul  1.304834948  1.304834948   2.609669896   0.000000000
  d3z^2-r^2   0    0.012443312  0.012443312   0.024886623   0.000000000    90.0000    0.0000
  dx^2-y^2    0    0.012443211  0.012443211   0.024886422   0.000000000    90.0000    0.0000
  dxy         0    0.025357741  0.025357741   0.050715481   0.000000000    90.0000    0.0000
  dxz         0    0.025357319  0.025357319   0.050714638   0.000000000    90.0000    0.0000
  dyz         0    0.025357319  0.025357319   0.050714638   0.000000000    90.0000    0.0000
   sum over m      0.100958901  0.100958901   0.201917802   0.000000000
   sum over m+mul  0.100958901  0.100958901   0.201917802   0.000000000

  164   Si          Up spin      Down spin     Sum           Diff           Angles(Deg)
            multiple
  s           0    0.590342981  0.590342981   1.180685963   0.000000000    90.0000    0.0000
   sum over m      0.590342981  0.590342981   1.180685963   0.000000000
  s           1    0.003834523  0.003834523   0.007669045   0.000000000    90.0000    0.0000
   sum over m      0.003834523  0.003834523   0.007669045   0.000000000
   sum over m+mul  0.594177504  0.594177504   1.188355008   0.000000000
  px          0    0.430706978  0.430706978   0.861413957   0.000000000    90.0000    0.0000
  py          0    0.430677416  0.430677416   0.861354832   0.000000000    90.0000    0.0000
  pz          0    0.430677419  0.430677419   0.861354837   0.000000000    90.0000    0.0000
   sum over m      1.292061813  1.292061813   2.584123626   0.000000000
  px          1    0.004260040  0.004260040   0.008520079   0.000000000    90.0000    0.0000
  py          1    0.004256547  0.004256547   0.008513094   0.000000000    90.0000    0.0000
  pz          1    0.004256547  0.004256547   0.008513094   0.000000000    90.0000    0.0000
   sum over m      0.012773134  0.012773134   0.025546268   0.000000000
   sum over m+mul  1.304834947  1.304834947   2.609669893   0.000000000
  d3z^2-r^2   0    0.012443236  0.012443236   0.024886472   0.000000000    90.0000    0.0000
  dx^2-y^2    0    0.012443286  0.012443286   0.024886573   0.000000000    90.0000    0.0000
  dxy         0    0.025357319  0.025357319   0.050714638   0.000000000    90.0000    0.0000
  dxz         0    0.025357319  0.025357319   0.050714638   0.000000000    90.0000    0.0000
  dyz         0    0.025357741  0.025357741   0.050715482   0.000000000    90.0000    0.0000
   sum over m      0.100958901  0.100958901   0.201917802   0.000000000
   sum over m+mul  0.100958901  0.100958901   0.201917802   0.000000000

  165   Si          Up spin      Down spin     Sum           Diff           Angles(Deg)
            multiple
  s           0    0.590342981  0.590342981   1.180685963   0.000000000    90.0000    0.0000
   sum over m      0.590342981  0.590342981   1.180685963   0.000000000
  s           1    0.003834523  0.003834523   0.007669045   0.000000000    90.0000    0.0000
   sum over m      0.003834523  0.003834523   0.007669045   0.000000000
   sum over m+mul  0.594177504  0.594177504   1.188355008   0.000000000
  px          0    0.430677416  0.430677416   0.861354832   0.000000000    90.0000    0.0000
  py          0    0.430706978  0.430706978   0.861413957   0.000000000    90.0000    0.0000
  pz          0    0.430677419  0.430677419   0.861354837   0.000000000    90.0000    0.0000
   sum over m      1.292061813  1.292061813   2.584123626   0.000000000
  px          1    0.004256547  0.004256547   0.008513094   0.000000000    90.0000    0.0000
  py          1    0.004260040  0.004260040   0.008520079   0.000000000    90.0000    0.0000
  pz          1    0.004256547  0.004256547   0.008513094   0.000000000    90.0000    0.0000
   sum over m      0.012773134  0.012773134   0.025546268   0.000000000
   sum over m+mul  1.304834947  1.304834947   2.609669893   0.000000000
  d3z^2-r^2   0    0.012443236  0.012443236   0.024886472   0.000000000    90.0000    0.0000
  dx^2-y^2    0    0.012443286  0.012443286   0.024886573   0.000000000    90.0000    0.0000
  dxy         0    0.025357319  0.025357319   0.050714638   0.000000000    90.0000    0.0000
  dxz         0    0.025357741  0.025357741   0.050715482   0.000000000    90.0000    0.0000
  dyz         0    0.025357319  0.025357319   0.050714638   0.000000000    90.0000    0.0000
   sum over m      0.100958901  0.100958901   0.201917802   0.000000000
   sum over m+mul  0.100958901  0.100958901   0.201917802   0.000000000

  166   Si          Up spin      Down spin     Sum           Diff           Angles(Deg)
            multiple
  s           0    0.590377353  0.590377353   1.180754707   0.000000000    90.0000    0.0000
   sum over m      0.590377353  0.590377353   1.180754707   0.000000000
  s           1    0.003852934  0.003852934   0.007705867   0.000000000    90.0000    0.0000
   sum over m      0.003852934  0.003852934   0.007705867   0.000000000
   sum over m+mul  0.594230287  0.594230287   1.188460574   0.000000000
  px          0    0.430701224  0.430701224   0.861402448   0.000000000    90.0000    0.0000
  py          0    0.430701224  0.430701224   0.861402448   0.000000000    90.0000    0.0000
  pz          0    0.430701227  0.430701227   0.861402453   0.000000000    90.0000    0.0000
   sum over m      1.292103675  1.292103675   2.584207350   0.000000000
  px          1    0.004263697  0.004263697   0.008527394   0.000000000    90.0000    0.0000
  py          1    0.004263697  0.004263697   0.008527394   0.000000000    90.0000    0.0000
  pz          1    0.004263697  0.004263697   0.008527394   0.000000000    90.0000    0.0000
   sum over m      0.012791091  0.012791091   0.025582181   0.000000000
   sum over m+mul  1.304894765  1.304894765   2.609789531   0.000000000
  d3z^2-r^2   0    0.012443145  0.012443145   0.024886290   0.000000000    90.0000    0.0000
  dx^2-y^2    0    0.012443145  0.012443145   0.024886290   0.000000000    90.0000    0.0000
  dxy         0    0.025357194  0.025357194   0.050714388   0.000000000    90.0000    0.0000
  dxz         0    0.025357194  0.025357194   0.050714388   0.000000000    90.0000    0.0000
  dyz         0    0.025357194  0.025357194   0.050714388   0.000000000    90.0000    0.0000
   sum over m      0.100957872  0.100957872   0.201915743   0.000000000
   sum over m+mul  0.100957872  0.100957872   0.201915743   0.000000000

  167   Si          Up spin      Down spin     Sum           Diff           Angles(Deg)
            multiple
  s           0    0.590342981  0.590342981   1.180685963   0.000000000    90.0000    0.0000
   sum over m      0.590342981  0.590342981   1.180685963   0.000000000
  s           1    0.003834523  0.003834523   0.007669045   0.000000000    90.0000    0.0000
   sum over m      0.003834523  0.003834523   0.007669045   0.000000000
   sum over m+mul  0.594177504  0.594177504   1.188355008   0.000000000
  px          0    0.430677416  0.430677416   0.861354832   0.000000000    90.0000    0.0000
  py          0    0.430706978  0.430706978   0.861413957   0.000000000    90.0000    0.0000
  pz          0    0.430677419  0.430677419   0.861354837   0.000000000    90.0000    0.0000
   sum over m      1.292061813  1.292061813   2.584123626   0.000000000
  px          1    0.004256547  0.004256547   0.008513094   0.000000000    90.0000    0.0000
  py          1    0.004260040  0.004260040   0.008520079   0.000000000    90.0000    0.0000
  pz          1    0.004256547  0.004256547   0.008513094   0.000000000    90.0000    0.0000
   sum over m      0.012773134  0.012773134   0.025546268   0.000000000
   sum over m+mul  1.304834947  1.304834947   2.609669893   0.000000000
  d3z^2-r^2   0    0.012443236  0.012443236   0.024886472   0.000000000    90.0000    0.0000
  dx^2-y^2    0    0.012443286  0.012443286   0.024886573   0.000000000    90.0000    0.0000
  dxy         0    0.025357319  0.025357319   0.050714638   0.000000000    90.0000    0.0000
  dxz         0    0.025357741  0.025357741   0.050715482   0.000000000    90.0000    0.0000
  dyz         0    0.025357319  0.025357319   0.050714638   0.000000000    90.0000    0.0000
   sum over m      0.100958901  0.100958901   0.201917802   0.000000000
   sum over m+mul  0.100958901  0.100958901   0.201917802   0.000000000

  168   Si          Up spin      Down spin     Sum           Diff           Angles(Deg)
            multiple
  s           0    0.590377353  0.590377353   1.180754707   0.000000000    90.0000    0.0000
   sum over m      0.590377353  0.590377353   1.180754707   0.000000000
  s           1    0.003852934  0.003852934   0.007705867   0.000000000    90.0000    0.0000
   sum over m      0.003852934  0.003852934   0.007705867   0.000000000
   sum over m+mul  0.594230287  0.594230287   1.188460574   0.000000000
  px          0    0.430701224  0.430701224   0.861402448   0.000000000    90.0000    0.0000
  py          0    0.430701224  0.430701224   0.861402448   0.000000000    90.0000    0.0000
  pz          0    0.430701227  0.430701227   0.861402453   0.000000000    90.0000    0.0000
   sum over m      1.292103675  1.292103675   2.584207350   0.000000000
  px          1    0.004263697  0.004263697   0.008527394   0.000000000    90.0000    0.0000
  py          1    0.004263697  0.004263697   0.008527394   0.000000000    90.0000    0.0000
  pz          1    0.004263697  0.004263697   0.008527394   0.000000000    90.0000    0.0000
   sum over m      0.012791091  0.012791091   0.025582181   0.000000000
   sum over m+mul  1.304894765  1.304894765   2.609789531   0.000000000
  d3z^2-r^2   0    0.012443145  0.012443145   0.024886290   0.000000000    90.0000    0.0000
  dx^2-y^2    0    0.012443145  0.012443145   0.024886290   0.000000000    90.0000    0.0000
  dxy         0    0.025357194  0.025357194   0.050714388   0.000000000    90.0000    0.0000
  dxz         0    0.025357194  0.025357194   0.050714388   0.000000000    90.0000    0.0000
  dyz         0    0.025357194  0.025357194   0.050714388   0.000000000    90.0000    0.0000
   sum over m      0.100957872  0.100957872   0.201915743   0.000000000
   sum over m+mul  0.100957872  0.100957872   0.201915743   0.000000000

  169   Si          Up spin      Down spin     Sum           Diff           Angles(Deg)
            multiple
  s           0    0.590342981  0.590342981   1.180685963   0.000000000    90.0000    0.0000
   sum over m      0.590342981  0.590342981   1.180685963   0.000000000
  s           1    0.003834523  0.003834523   0.007669045   0.000000000    90.0000    0.0000
   sum over m      0.003834523  0.003834523   0.007669045   0.000000000
   sum over m+mul  0.594177504  0.594177504   1.188355008   0.000000000
  px          0    0.430677416  0.430677416   0.861354832   0.000000000    90.0000    0.0000
  py          0    0.430706978  0.430706978   0.861413957   0.000000000    90.0000    0.0000
  pz          0    0.430677419  0.430677419   0.861354837   0.000000000    90.0000    0.0000
   sum over m      1.292061813  1.292061813   2.584123626   0.000000000
  px          1    0.004256547  0.004256547   0.008513094   0.000000000    90.0000    0.0000
  py          1    0.004260040  0.004260040   0.008520079   0.000000000    90.0000    0.0000
  pz          1    0.004256547  0.004256547   0.008513094   0.000000000    90.0000    0.0000
   sum over m      0.012773134  0.012773134   0.025546268   0.000000000
   sum over m+mul  1.304834947  1.304834947   2.609669893   0.000000000
  d3z^2-r^2   0    0.012443236  0.012443236   0.024886472   0.000000000    90.0000    0.0000
  dx^2-y^2    0    0.012443286  0.012443286   0.024886573   0.000000000    90.0000    0.0000
  dxy         0    0.025357319  0.025357319   0.050714638   0.000000000    90.0000    0.0000
  dxz         0    0.025357741  0.025357741   0.050715482   0.000000000    90.0000    0.0000
  dyz         0    0.025357319  0.025357319   0.050714638   0.000000000    90.0000    0.0000
   sum over m      0.100958901  0.100958901   0.201917802   0.000000000
   sum over m+mul  0.100958901  0.100958901   0.201917802   0.000000000

  170   Si          Up spin      Down spin     Sum           Diff           Angles(Deg)
            multiple
  s           0    0.590330367  0.590330367   1.180660734   0.000000000    90.0000    0.0000
   sum over m      0.590330367  0.590330367   1.180660734   0.000000000
  s           1    0.003829226  0.003829226   0.007658451   0.000000000    90.0000    0.0000
   sum over m      0.003829226  0.003829226   0.007658451   0.000000000
   sum over m+mul  0.594159592  0.594159592   1.188319185   0.000000000
  px          0    0.430670888  0.430670888   0.861341776   0.000000000    90.0000    0.0000
  py          0    0.430670888  0.430670888   0.861341776   0.000000000    90.0000    0.0000
  pz          0    0.430719957  0.430719957   0.861439913   0.000000000    90.0000    0.0000
   sum over m      1.292061733  1.292061733   2.584123466   0.000000000
  px          1    0.004257070  0.004257070   0.008514141   0.000000000    90.0000    0.0000
  py          1    0.004257070  0.004257070   0.008514141   0.000000000    90.0000    0.0000
  pz          1    0.004258582  0.004258582   0.008517164   0.000000000    90.0000    0.0000
   sum over m      0.012772723  0.012772723   0.025545446   0.000000000
   sum over m+mul  1.304834456  1.304834456   2.609668912   0.000000000
  d3z^2-r^2   0    0.012443347  0.012443347   0.024886694   0.000000000    90.0000    0.0000
  dx^2-y^2    0    0.012443159  0.012443159   0.024886319   0.000000000    90.0000    0.0000
  dxy         0    0.025357517  0.025357517   0.050715034   0.000000000    90.0000    0.0000
  dxz         0    0.025357298  0.025357298   0.050714595   0.000000000    90.0000    0.0000
  dyz         0    0.025357298  0.025357298   0.050714595   0.000000000    90.0000    0.0000
   sum over m      0.100958619  0.100958619   0.201917237   0.000000000
   sum over m+mul  0.100958619  0.100958619   0.201917237   0.000000000

  171   Si          Up spin      Down spin     Sum           Diff           Angles(Deg)
            multiple
  s           0    0.590381656  0.590381656   1.180763311   0.000000000    90.0000    0.0000
   sum over m      0.590381656  0.590381656   1.180763311   0.000000000
  s           1    0.003854728  0.003854728   0.007709455   0.000000000    90.0000    0.0000
   sum over m      0.003854728  0.003854728   0.007709455   0.000000000
   sum over m+mul  0.594236383  0.594236383   1.188472767   0.000000000
  px          0    0.430695138  0.430695138   0.861390275   0.000000000    90.0000    0.0000
  py          0    0.430695138  0.430695138   0.861390275   0.000000000    90.0000    0.0000
  pz          0    0.430695141  0.430695141   0.861390282   0.000000000    90.0000    0.0000
   sum over m      1.292085416  1.292085416   2.584170833   0.000000000
  px          1    0.004265202  0.004265202   0.008530405   0.000000000    90.0000    0.0000
  py          1    0.004265202  0.004265202   0.008530405   0.000000000    90.0000    0.0000
  pz          1    0.004265202  0.004265202   0.008530404   0.000000000    90.0000    0.0000
   sum over m      0.012795607  0.012795607   0.025591214   0.000000000
   sum over m+mul  1.304881024  1.304881024   2.609762047   0.000000000
  d3z^2-r^2   0    0.012443059  0.012443059   0.024886119   0.000000000    90.0000    0.0000
  dx^2-y^2    0    0.012443059  0.012443059   0.024886119   0.000000000    90.0000    0.0000
  dxy         0    0.025357174  0.025357174   0.050714347   0.000000000    90.0000    0.0000
  dxz         0    0.025357174  0.025357174   0.050714347   0.000000000    90.0000    0.0000
  dyz         0    0.025357174  0.025357174   0.050714347   0.000000000    90.0000    0.0000
   sum over m      0.100957639  0.100957639   0.201915279   0.000000000
   sum over m+mul  0.100957639  0.100957639   0.201915279   0.000000000

  172   Si          Up spin      Down spin     Sum           Diff           Angles(Deg)
            multiple
  s           0    0.590342981  0.590342981   1.180685963   0.000000000    90.0000    0.0000
   sum over m      0.590342981  0.590342981   1.180685963   0.000000000
  s           1    0.003834523  0.003834523   0.007669045   0.000000000    90.0000    0.0000
   sum over m      0.003834523  0.003834523   0.007669045   0.000000000
   sum over m+mul  0.594177504  0.594177504   1.188355008   0.000000000
  px          0    0.430706978  0.430706978   0.861413957   0.000000000    90.0000    0.0000
  py          0    0.430677416  0.430677416   0.861354832   0.000000000    90.0000    0.0000
  pz          0    0.430677419  0.430677419   0.861354837   0.000000000    90.0000    0.0000
   sum over m      1.292061813  1.292061813   2.584123626   0.000000000
  px          1    0.004260040  0.004260040   0.008520079   0.000000000    90.0000    0.0000
  py          1    0.004256547  0.004256547   0.008513094   0.000000000    90.0000    0.0000
  pz          1    0.004256547  0.004256547   0.008513094   0.000000000    90.0000    0.0000
   sum over m      0.012773134  0.012773134   0.025546268   0.000000000
   sum over m+mul  1.304834947  1.304834947   2.609669893   0.000000000
  d3z^2-r^2   0    0.012443236  0.012443236   0.024886472   0.000000000    90.0000    0.0000
  dx^2-y^2    0    0.012443286  0.012443286   0.024886573   0.000000000    90.0000    0.0000
  dxy         0    0.025357319  0.025357319   0.050714638   0.000000000    90.0000    0.0000
  dxz         0    0.025357319  0.025357319   0.050714638   0.000000000    90.0000    0.0000
  dyz         0    0.025357741  0.025357741   0.050715482   0.000000000    90.0000    0.0000
   sum over m      0.100958901  0.100958901   0.201917802   0.000000000
   sum over m+mul  0.100958901  0.100958901   0.201917802   0.000000000

  173   Si          Up spin      Down spin     Sum           Diff           Angles(Deg)
            multiple
  s           0    0.590342981  0.590342981   1.180685962   0.000000000    90.0000    0.0000
   sum over m      0.590342981  0.590342981   1.180685962   0.000000000
  s           1    0.003834522  0.003834522   0.007669044   0.000000000    90.0000    0.0000
   sum over m      0.003834522  0.003834522   0.007669044   0.000000000
   sum over m+mul  0.594177503  0.594177503   1.188355006   0.000000000
  px          0    0.430677417  0.430677417   0.861354834   0.000000000    90.0000    0.0000
  py          0    0.430677417  0.430677417   0.861354834   0.000000000    90.0000    0.0000
  pz          0    0.430706980  0.430706980   0.861413961   0.000000000    90.0000    0.0000
   sum over m      1.292061815  1.292061815   2.584123629   0.000000000
  px          1    0.004256547  0.004256547   0.008513094   0.000000000    90.0000    0.0000
  py          1    0.004256547  0.004256547   0.008513094   0.000000000    90.0000    0.0000
  pz          1    0.004260039  0.004260039   0.008520079   0.000000000    90.0000    0.0000
   sum over m      0.012773133  0.012773133   0.025546267   0.000000000
   sum over m+mul  1.304834948  1.304834948   2.609669896   0.000000000
  d3z^2-r^2   0    0.012443312  0.012443312   0.024886623   0.000000000    90.0000    0.0000
  dx^2-y^2    0    0.012443211  0.012443211   0.024886422   0.000000000    90.0000    0.0000
  dxy         0    0.025357741  0.025357741   0.050715481   0.000000000    90.0000    0.0000
  dxz         0    0.025357319  0.025357319   0.050714638   0.000000000    90.0000    0.0000
  dyz         0    0.025357319  0.025357319   0.050714638   0.000000000    90.0000    0.0000
   sum over m      0.100958901  0.100958901   0.201917802   0.000000000
   sum over m+mul  0.100958901  0.100958901   0.201917802   0.000000000

  174   Si          Up spin      Down spin     Sum           Diff           Angles(Deg)
            multiple
  s           0    0.590342981  0.590342981   1.180685963   0.000000000    90.0000    0.0000
   sum over m      0.590342981  0.590342981   1.180685963   0.000000000
  s           1    0.003834523  0.003834523   0.007669045   0.000000000    90.0000    0.0000
   sum over m      0.003834523  0.003834523   0.007669045   0.000000000
   sum over m+mul  0.594177504  0.594177504   1.188355008   0.000000000
  px          0    0.430677416  0.430677416   0.861354832   0.000000000    90.0000    0.0000
  py          0    0.430706978  0.430706978   0.861413957   0.000000000    90.0000    0.0000
  pz          0    0.430677419  0.430677419   0.861354837   0.000000000    90.0000    0.0000
   sum over m      1.292061813  1.292061813   2.584123626   0.000000000
  px          1    0.004256547  0.004256547   0.008513094   0.000000000    90.0000    0.0000
  py          1    0.004260040  0.004260040   0.008520079   0.000000000    90.0000    0.0000
  pz          1    0.004256547  0.004256547   0.008513094   0.000000000    90.0000    0.0000
   sum over m      0.012773134  0.012773134   0.025546268   0.000000000
   sum over m+mul  1.304834947  1.304834947   2.609669893   0.000000000
  d3z^2-r^2   0    0.012443236  0.012443236   0.024886472   0.000000000    90.0000    0.0000
  dx^2-y^2    0    0.012443286  0.012443286   0.024886573   0.000000000    90.0000    0.0000
  dxy         0    0.025357319  0.025357319   0.050714638   0.000000000    90.0000    0.0000
  dxz         0    0.025357741  0.025357741   0.050715482   0.000000000    90.0000    0.0000
  dyz         0    0.025357319  0.025357319   0.050714638   0.000000000    90.0000    0.0000
   sum over m      0.100958901  0.100958901   0.201917802   0.000000000
   sum over m+mul  0.100958901  0.100958901   0.201917802   0.000000000

  175   Si          Up spin      Down spin     Sum           Diff           Angles(Deg)
            multiple
  s           0    0.590381656  0.590381656   1.180763311   0.000000000    90.0000    0.0000
   sum over m      0.590381656  0.590381656   1.180763311   0.000000000
  s           1    0.003854728  0.003854728   0.007709455   0.000000000    90.0000    0.0000
   sum over m      0.003854728  0.003854728   0.007709455   0.000000000
   sum over m+mul  0.594236383  0.594236383   1.188472767   0.000000000
  px          0    0.430695138  0.430695138   0.861390275   0.000000000    90.0000    0.0000
  py          0    0.430695138  0.430695138   0.861390275   0.000000000    90.0000    0.0000
  pz          0    0.430695141  0.430695141   0.861390282   0.000000000    90.0000    0.0000
   sum over m      1.292085416  1.292085416   2.584170833   0.000000000
  px          1    0.004265202  0.004265202   0.008530405   0.000000000    90.0000    0.0000
  py          1    0.004265202  0.004265202   0.008530405   0.000000000    90.0000    0.0000
  pz          1    0.004265202  0.004265202   0.008530404   0.000000000    90.0000    0.0000
   sum over m      0.012795607  0.012795607   0.025591214   0.000000000
   sum over m+mul  1.304881024  1.304881024   2.609762047   0.000000000
  d3z^2-r^2   0    0.012443059  0.012443059   0.024886119   0.000000000    90.0000    0.0000
  dx^2-y^2    0    0.012443059  0.012443059   0.024886119   0.000000000    90.0000    0.0000
  dxy         0    0.025357174  0.025357174   0.050714347   0.000000000    90.0000    0.0000
  dxz         0    0.025357174  0.025357174   0.050714347   0.000000000    90.0000    0.0000
  dyz         0    0.025357174  0.025357174   0.050714347   0.000000000    90.0000    0.0000
   sum over m      0.100957639  0.100957639   0.201915279   0.000000000
   sum over m+mul  0.100957639  0.100957639   0.201915279   0.000000000

  176   Si          Up spin      Down spin     Sum           Diff           Angles(Deg)
            multiple
  s           0    0.590330368  0.590330368   1.180660735   0.000000000    90.0000    0.0000
   sum over m      0.590330368  0.590330368   1.180660735   0.000000000
  s           1    0.003829226  0.003829226   0.007658451   0.000000000    90.0000    0.0000
   sum over m      0.003829226  0.003829226   0.007658451   0.000000000
   sum over m+mul  0.594159593  0.594159593   1.188319186   0.000000000
  px          0    0.430719955  0.430719955   0.861439910   0.000000000    90.0000    0.0000
  py          0    0.430670888  0.430670888   0.861341776   0.000000000    90.0000    0.0000
  pz          0    0.430670891  0.430670891   0.861341781   0.000000000    90.0000    0.0000
   sum over m      1.292061734  1.292061734   2.584123467   0.000000000
  px          1    0.004258582  0.004258582   0.008517164   0.000000000    90.0000    0.0000
  py          1    0.004257070  0.004257070   0.008514140   0.000000000    90.0000    0.0000
  pz          1    0.004257071  0.004257071   0.008514141   0.000000000    90.0000    0.0000
   sum over m      0.012772723  0.012772723   0.025545446   0.000000000
   sum over m+mul  1.304834456  1.304834456   2.609668913   0.000000000
  d3z^2-r^2   0    0.012443206  0.012443206   0.024886412   0.000000000    90.0000    0.0000
  dx^2-y^2    0    0.012443300  0.012443300   0.024886600   0.000000000    90.0000    0.0000
  dxy         0    0.025357298  0.025357298   0.050714595   0.000000000    90.0000    0.0000
  dxz         0    0.025357298  0.025357298   0.050714595   0.000000000    90.0000    0.0000
  dyz         0    0.025357517  0.025357517   0.050715034   0.000000000    90.0000    0.0000
   sum over m      0.100958618  0.100958618   0.201917237   0.000000000
   sum over m+mul  0.100958618  0.100958618   0.201917237   0.000000000

  177   Si          Up spin      Down spin     Sum           Diff           Angles(Deg)
            multiple
  s           0    0.590330368  0.590330368   1.180660735   0.000000000    90.0000    0.0000
   sum over m      0.590330368  0.590330368   1.180660735   0.000000000
  s           1    0.003829226  0.003829226   0.007658451   0.000000000    90.0000    0.0000
   sum over m      0.003829226  0.003829226   0.007658451   0.000000000
   sum over m+mul  0.594159593  0.594159593   1.188319186   0.000000000
  px          0    0.430719955  0.430719955   0.861439910   0.000000000    90.0000    0.0000
  py          0    0.430670888  0.430670888   0.861341776   0.000000000    90.0000    0.0000
  pz          0    0.430670891  0.430670891   0.861341781   0.000000000    90.0000    0.0000
   sum over m      1.292061734  1.292061734   2.584123467   0.000000000
  px          1    0.004258582  0.004258582   0.008517164   0.000000000    90.0000    0.0000
  py          1    0.004257070  0.004257070   0.008514140   0.000000000    90.0000    0.0000
  pz          1    0.004257071  0.004257071   0.008514141   0.000000000    90.0000    0.0000
   sum over m      0.012772723  0.012772723   0.025545446   0.000000000
   sum over m+mul  1.304834456  1.304834456   2.609668913   0.000000000
  d3z^2-r^2   0    0.012443206  0.012443206   0.024886412   0.000000000    90.0000    0.0000
  dx^2-y^2    0    0.012443300  0.012443300   0.024886600   0.000000000    90.0000    0.0000
  dxy         0    0.025357298  0.025357298   0.050714595   0.000000000    90.0000    0.0000
  dxz         0    0.025357298  0.025357298   0.050714595   0.000000000    90.0000    0.0000
  dyz         0    0.025357517  0.025357517   0.050715034   0.000000000    90.0000    0.0000
   sum over m      0.100958618  0.100958618   0.201917237   0.000000000
   sum over m+mul  0.100958618  0.100958618   0.201917237   0.000000000

  178   Si          Up spin      Down spin     Sum           Diff           Angles(Deg)
            multiple
  s           0    0.590330367  0.590330367   1.180660734   0.000000000    90.0000    0.0000
   sum over m      0.590330367  0.590330367   1.180660734   0.000000000
  s           1    0.003829226  0.003829226   0.007658451   0.000000000    90.0000    0.0000
   sum over m      0.003829226  0.003829226   0.007658451   0.000000000
   sum over m+mul  0.594159592  0.594159592   1.188319185   0.000000000
  px          0    0.430670888  0.430670888   0.861341776   0.000000000    90.0000    0.0000
  py          0    0.430670888  0.430670888   0.861341776   0.000000000    90.0000    0.0000
  pz          0    0.430719957  0.430719957   0.861439913   0.000000000    90.0000    0.0000
   sum over m      1.292061733  1.292061733   2.584123466   0.000000000
  px          1    0.004257070  0.004257070   0.008514141   0.000000000    90.0000    0.0000
  py          1    0.004257070  0.004257070   0.008514141   0.000000000    90.0000    0.0000
  pz          1    0.004258582  0.004258582   0.008517164   0.000000000    90.0000    0.0000
   sum over m      0.012772723  0.012772723   0.025545446   0.000000000
   sum over m+mul  1.304834456  1.304834456   2.609668912   0.000000000
  d3z^2-r^2   0    0.012443347  0.012443347   0.024886694   0.000000000    90.0000    0.0000
  dx^2-y^2    0    0.012443159  0.012443159   0.024886319   0.000000000    90.0000    0.0000
  dxy         0    0.025357517  0.025357517   0.050715034   0.000000000    90.0000    0.0000
  dxz         0    0.025357298  0.025357298   0.050714595   0.000000000    90.0000    0.0000
  dyz         0    0.025357298  0.025357298   0.050714595   0.000000000    90.0000    0.0000
   sum over m      0.100958619  0.100958619   0.201917237   0.000000000
   sum over m+mul  0.100958619  0.100958619   0.201917237   0.000000000

  179   Si          Up spin      Down spin     Sum           Diff           Angles(Deg)
            multiple
  s           0    0.590377353  0.590377353   1.180754707   0.000000000    90.0000    0.0000
   sum over m      0.590377353  0.590377353   1.180754707   0.000000000
  s           1    0.003852934  0.003852934   0.007705867   0.000000000    90.0000    0.0000
   sum over m      0.003852934  0.003852934   0.007705867   0.000000000
   sum over m+mul  0.594230287  0.594230287   1.188460574   0.000000000
  px          0    0.430701224  0.430701224   0.861402448   0.000000000    90.0000    0.0000
  py          0    0.430701224  0.430701224   0.861402448   0.000000000    90.0000    0.0000
  pz          0    0.430701227  0.430701227   0.861402453   0.000000000    90.0000    0.0000
   sum over m      1.292103675  1.292103675   2.584207350   0.000000000
  px          1    0.004263697  0.004263697   0.008527394   0.000000000    90.0000    0.0000
  py          1    0.004263697  0.004263697   0.008527394   0.000000000    90.0000    0.0000
  pz          1    0.004263697  0.004263697   0.008527394   0.000000000    90.0000    0.0000
   sum over m      0.012791091  0.012791091   0.025582181   0.000000000
   sum over m+mul  1.304894765  1.304894765   2.609789531   0.000000000
  d3z^2-r^2   0    0.012443145  0.012443145   0.024886290   0.000000000    90.0000    0.0000
  dx^2-y^2    0    0.012443145  0.012443145   0.024886290   0.000000000    90.0000    0.0000
  dxy         0    0.025357194  0.025357194   0.050714388   0.000000000    90.0000    0.0000
  dxz         0    0.025357194  0.025357194   0.050714388   0.000000000    90.0000    0.0000
  dyz         0    0.025357194  0.025357194   0.050714388   0.000000000    90.0000    0.0000
   sum over m      0.100957872  0.100957872   0.201915743   0.000000000
   sum over m+mul  0.100957872  0.100957872   0.201915743   0.000000000

  180   Si          Up spin      Down spin     Sum           Diff           Angles(Deg)
            multiple
  s           0    0.590330368  0.590330368   1.180660735   0.000000000    90.0000    0.0000
   sum over m      0.590330368  0.590330368   1.180660735   0.000000000
  s           1    0.003829226  0.003829226   0.007658451   0.000000000    90.0000    0.0000
   sum over m      0.003829226  0.003829226   0.007658451   0.000000000
   sum over m+mul  0.594159593  0.594159593   1.188319186   0.000000000
  px          0    0.430670888  0.430670888   0.861341776   0.000000000    90.0000    0.0000
  py          0    0.430719955  0.430719955   0.861439910   0.000000000    90.0000    0.0000
  pz          0    0.430670891  0.430670891   0.861341781   0.000000000    90.0000    0.0000
   sum over m      1.292061734  1.292061734   2.584123467   0.000000000
  px          1    0.004257070  0.004257070   0.008514140   0.000000000    90.0000    0.0000
  py          1    0.004258582  0.004258582   0.008517164   0.000000000    90.0000    0.0000
  pz          1    0.004257071  0.004257071   0.008514141   0.000000000    90.0000    0.0000
   sum over m      0.012772723  0.012772723   0.025545446   0.000000000
   sum over m+mul  1.304834456  1.304834456   2.609668913   0.000000000
  d3z^2-r^2   0    0.012443206  0.012443206   0.024886412   0.000000000    90.0000    0.0000
  dx^2-y^2    0    0.012443300  0.012443300   0.024886600   0.000000000    90.0000    0.0000
  dxy         0    0.025357298  0.025357298   0.050714595   0.000000000    90.0000    0.0000
  dxz         0    0.025357517  0.025357517   0.050715034   0.000000000    90.0000    0.0000
  dyz         0    0.025357298  0.025357298   0.050714595   0.000000000    90.0000    0.0000
   sum over m      0.100958618  0.100958618   0.201917237   0.000000000
   sum over m+mul  0.100958618  0.100958618   0.201917237   0.000000000

  181   Si          Up spin      Down spin     Sum           Diff           Angles(Deg)
            multiple
  s           0    0.590381656  0.590381656   1.180763311   0.000000000    90.0000    0.0000
   sum over m      0.590381656  0.590381656   1.180763311   0.000000000
  s           1    0.003854728  0.003854728   0.007709455   0.000000000    90.0000    0.0000
   sum over m      0.003854728  0.003854728   0.007709455   0.000000000
   sum over m+mul  0.594236383  0.594236383   1.188472767   0.000000000
  px          0    0.430695138  0.430695138   0.861390275   0.000000000    90.0000    0.0000
  py          0    0.430695138  0.430695138   0.861390275   0.000000000    90.0000    0.0000
  pz          0    0.430695141  0.430695141   0.861390282   0.000000000    90.0000    0.0000
   sum over m      1.292085416  1.292085416   2.584170833   0.000000000
  px          1    0.004265202  0.004265202   0.008530405   0.000000000    90.0000    0.0000
  py          1    0.004265202  0.004265202   0.008530405   0.000000000    90.0000    0.0000
  pz          1    0.004265202  0.004265202   0.008530404   0.000000000    90.0000    0.0000
   sum over m      0.012795607  0.012795607   0.025591214   0.000000000
   sum over m+mul  1.304881024  1.304881024   2.609762047   0.000000000
  d3z^2-r^2   0    0.012443059  0.012443059   0.024886119   0.000000000    90.0000    0.0000
  dx^2-y^2    0    0.012443059  0.012443059   0.024886119   0.000000000    90.0000    0.0000
  dxy         0    0.025357174  0.025357174   0.050714347   0.000000000    90.0000    0.0000
  dxz         0    0.025357174  0.025357174   0.050714347   0.000000000    90.0000    0.0000
  dyz         0    0.025357174  0.025357174   0.050714347   0.000000000    90.0000    0.0000
   sum over m      0.100957639  0.100957639   0.201915279   0.000000000
   sum over m+mul  0.100957639  0.100957639   0.201915279   0.000000000

  182   Si          Up spin      Down spin     Sum           Diff           Angles(Deg)
            multiple
  s           0    0.590330368  0.590330368   1.180660735   0.000000000    90.0000    0.0000
   sum over m      0.590330368  0.590330368   1.180660735   0.000000000
  s           1    0.003829226  0.003829226   0.007658451   0.000000000    90.0000    0.0000
   sum over m      0.003829226  0.003829226   0.007658451   0.000000000
   sum over m+mul  0.594159593  0.594159593   1.188319186   0.000000000
  px          0    0.430719955  0.430719955   0.861439910   0.000000000    90.0000    0.0000
  py          0    0.430670888  0.430670888   0.861341776   0.000000000    90.0000    0.0000
  pz          0    0.430670891  0.430670891   0.861341781   0.000000000    90.0000    0.0000
   sum over m      1.292061734  1.292061734   2.584123467   0.000000000
  px          1    0.004258582  0.004258582   0.008517164   0.000000000    90.0000    0.0000
  py          1    0.004257070  0.004257070   0.008514140   0.000000000    90.0000    0.0000
  pz          1    0.004257071  0.004257071   0.008514141   0.000000000    90.0000    0.0000
   sum over m      0.012772723  0.012772723   0.025545446   0.000000000
   sum over m+mul  1.304834456  1.304834456   2.609668913   0.000000000
  d3z^2-r^2   0    0.012443206  0.012443206   0.024886412   0.000000000    90.0000    0.0000
  dx^2-y^2    0    0.012443300  0.012443300   0.024886600   0.000000000    90.0000    0.0000
  dxy         0    0.025357298  0.025357298   0.050714595   0.000000000    90.0000    0.0000
  dxz         0    0.025357298  0.025357298   0.050714595   0.000000000    90.0000    0.0000
  dyz         0    0.025357517  0.025357517   0.050715034   0.000000000    90.0000    0.0000
   sum over m      0.100958618  0.100958618   0.201917237   0.000000000
   sum over m+mul  0.100958618  0.100958618   0.201917237   0.000000000

  183   Si          Up spin      Down spin     Sum           Diff           Angles(Deg)
            multiple
  s           0    0.590342981  0.590342981   1.180685962   0.000000000    90.0000    0.0000
   sum over m      0.590342981  0.590342981   1.180685962   0.000000000
  s           1    0.003834522  0.003834522   0.007669044   0.000000000    90.0000    0.0000
   sum over m      0.003834522  0.003834522   0.007669044   0.000000000
   sum over m+mul  0.594177503  0.594177503   1.188355006   0.000000000
  px          0    0.430677417  0.430677417   0.861354834   0.000000000    90.0000    0.0000
  py          0    0.430677417  0.430677417   0.861354834   0.000000000    90.0000    0.0000
  pz          0    0.430706980  0.430706980   0.861413961   0.000000000    90.0000    0.0000
   sum over m      1.292061815  1.292061815   2.584123629   0.000000000
  px          1    0.004256547  0.004256547   0.008513094   0.000000000    90.0000    0.0000
  py          1    0.004256547  0.004256547   0.008513094   0.000000000    90.0000    0.0000
  pz          1    0.004260039  0.004260039   0.008520079   0.000000000    90.0000    0.0000
   sum over m      0.012773133  0.012773133   0.025546267   0.000000000
   sum over m+mul  1.304834948  1.304834948   2.609669896   0.000000000
  d3z^2-r^2   0    0.012443312  0.012443312   0.024886623   0.000000000    90.0000    0.0000
  dx^2-y^2    0    0.012443211  0.012443211   0.024886422   0.000000000    90.0000    0.0000
  dxy         0    0.025357741  0.025357741   0.050715481   0.000000000    90.0000    0.0000
  dxz         0    0.025357319  0.025357319   0.050714638   0.000000000    90.0000    0.0000
  dyz         0    0.025357319  0.025357319   0.050714638   0.000000000    90.0000    0.0000
   sum over m      0.100958901  0.100958901   0.201917802   0.000000000
   sum over m+mul  0.100958901  0.100958901   0.201917802   0.000000000

  184   Si          Up spin      Down spin     Sum           Diff           Angles(Deg)
            multiple
  s           0    0.590342981  0.590342981   1.180685963   0.000000000    90.0000    0.0000
   sum over m      0.590342981  0.590342981   1.180685963   0.000000000
  s           1    0.003834523  0.003834523   0.007669045   0.000000000    90.0000    0.0000
   sum over m      0.003834523  0.003834523   0.007669045   0.000000000
   sum over m+mul  0.594177504  0.594177504   1.188355008   0.000000000
  px          0    0.430677416  0.430677416   0.861354832   0.000000000    90.0000    0.0000
  py          0    0.430706978  0.430706978   0.861413957   0.000000000    90.0000    0.0000
  pz          0    0.430677419  0.430677419   0.861354837   0.000000000    90.0000    0.0000
   sum over m      1.292061813  1.292061813   2.584123626   0.000000000
  px          1    0.004256547  0.004256547   0.008513094   0.000000000    90.0000    0.0000
  py          1    0.004260040  0.004260040   0.008520079   0.000000000    90.0000    0.0000
  pz          1    0.004256547  0.004256547   0.008513094   0.000000000    90.0000    0.0000
   sum over m      0.012773134  0.012773134   0.025546268   0.000000000
   sum over m+mul  1.304834947  1.304834947   2.609669893   0.000000000
  d3z^2-r^2   0    0.012443236  0.012443236   0.024886472   0.000000000    90.0000    0.0000
  dx^2-y^2    0    0.012443286  0.012443286   0.024886573   0.000000000    90.0000    0.0000
  dxy         0    0.025357319  0.025357319   0.050714638   0.000000000    90.0000    0.0000
  dxz         0    0.025357741  0.025357741   0.050715482   0.000000000    90.0000    0.0000
  dyz         0    0.025357319  0.025357319   0.050714638   0.000000000    90.0000    0.0000
   sum over m      0.100958901  0.100958901   0.201917802   0.000000000
   sum over m+mul  0.100958901  0.100958901   0.201917802   0.000000000

  185   Si          Up spin      Down spin     Sum           Diff           Angles(Deg)
            multiple
  s           0    0.590342981  0.590342981   1.180685963   0.000000000    90.0000    0.0000
   sum over m      0.590342981  0.590342981   1.180685963   0.000000000
  s           1    0.003834523  0.003834523   0.007669045   0.000000000    90.0000    0.0000
   sum over m      0.003834523  0.003834523   0.007669045   0.000000000
   sum over m+mul  0.594177504  0.594177504   1.188355008   0.000000000
  px          0    0.430677416  0.430677416   0.861354832   0.000000000    90.0000    0.0000
  py          0    0.430706978  0.430706978   0.861413957   0.000000000    90.0000    0.0000
  pz          0    0.430677419  0.430677419   0.861354837   0.000000000    90.0000    0.0000
   sum over m      1.292061813  1.292061813   2.584123626   0.000000000
  px          1    0.004256547  0.004256547   0.008513094   0.000000000    90.0000    0.0000
  py          1    0.004260040  0.004260040   0.008520079   0.000000000    90.0000    0.0000
  pz          1    0.004256547  0.004256547   0.008513094   0.000000000    90.0000    0.0000
   sum over m      0.012773134  0.012773134   0.025546268   0.000000000
   sum over m+mul  1.304834947  1.304834947   2.609669893   0.000000000
  d3z^2-r^2   0    0.012443236  0.012443236   0.024886472   0.000000000    90.0000    0.0000
  dx^2-y^2    0    0.012443286  0.012443286   0.024886573   0.000000000    90.0000    0.0000
  dxy         0    0.025357319  0.025357319   0.050714638   0.000000000    90.0000    0.0000
  dxz         0    0.025357741  0.025357741   0.050715482   0.000000000    90.0000    0.0000
  dyz         0    0.025357319  0.025357319   0.050714638   0.000000000    90.0000    0.0000
   sum over m      0.100958901  0.100958901   0.201917802   0.000000000
   sum over m+mul  0.100958901  0.100958901   0.201917802   0.000000000

  186   Si          Up spin      Down spin     Sum           Diff           Angles(Deg)
            multiple
  s           0    0.590383293  0.590383293   1.180766586   0.000000000    90.0000    0.0000
   sum over m      0.590383293  0.590383293   1.180766586   0.000000000
  s           1    0.003845231  0.003845231   0.007690461   0.000000000    90.0000    0.0000
   sum over m      0.003845231  0.003845231   0.007690461   0.000000000
   sum over m+mul  0.594228523  0.594228523   1.188457047   0.000000000
  px          0    0.430672867  0.430672867   0.861345734   0.000000000    90.0000    0.0000
  py          0    0.430672867  0.430672867   0.861345734   0.000000000    90.0000    0.0000
  pz          0    0.430672870  0.430672870   0.861345741   0.000000000    90.0000    0.0000
   sum over m      1.292018604  1.292018604   2.584037208   0.000000000
  px          1    0.004263804  0.004263804   0.008527608   0.000000000    90.0000    0.0000
  py          1    0.004263804  0.004263804   0.008527608   0.000000000    90.0000    0.0000
  pz          1    0.004263804  0.004263804   0.008527609   0.000000000    90.0000    0.0000
   sum over m      0.012791413  0.012791413   0.025582825   0.000000000
   sum over m+mul  1.304810017  1.304810017   2.609620034   0.000000000
  d3z^2-r^2   0    0.012443285  0.012443285   0.024886570   0.000000000    90.0000    0.0000
  dx^2-y^2    0    0.012443285  0.012443285   0.024886569   0.000000000    90.0000    0.0000
  dxy         0    0.025356927  0.025356927   0.050713854   0.000000000    90.0000    0.0000
  dxz         0    0.025356927  0.025356927   0.050713855   0.000000000    90.0000    0.0000
  dyz         0    0.025356927  0.025356927   0.050713855   0.000000000    90.0000    0.0000
   sum over m      0.100957351  0.100957351   0.201914703   0.000000000
   sum over m+mul  0.100957351  0.100957351   0.201914703   0.000000000

  187   Si          Up spin      Down spin     Sum           Diff           Angles(Deg)
            multiple
  s           0    0.590342981  0.590342981   1.180685962   0.000000000    90.0000    0.0000
   sum over m      0.590342981  0.590342981   1.180685962   0.000000000
  s           1    0.003834522  0.003834522   0.007669044   0.000000000    90.0000    0.0000
   sum over m      0.003834522  0.003834522   0.007669044   0.000000000
   sum over m+mul  0.594177503  0.594177503   1.188355006   0.000000000
  px          0    0.430677417  0.430677417   0.861354834   0.000000000    90.0000    0.0000
  py          0    0.430677417  0.430677417   0.861354834   0.000000000    90.0000    0.0000
  pz          0    0.430706980  0.430706980   0.861413961   0.000000000    90.0000    0.0000
   sum over m      1.292061815  1.292061815   2.584123629   0.000000000
  px          1    0.004256547  0.004256547   0.008513094   0.000000000    90.0000    0.0000
  py          1    0.004256547  0.004256547   0.008513094   0.000000000    90.0000    0.0000
  pz          1    0.004260039  0.004260039   0.008520079   0.000000000    90.0000    0.0000
   sum over m      0.012773133  0.012773133   0.025546267   0.000000000
   sum over m+mul  1.304834948  1.304834948   2.609669896   0.000000000
  d3z^2-r^2   0    0.012443312  0.012443312   0.024886623   0.000000000    90.0000    0.0000
  dx^2-y^2    0    0.012443211  0.012443211   0.024886422   0.000000000    90.0000    0.0000
  dxy         0    0.025357741  0.025357741   0.050715481   0.000000000    90.0000    0.0000
  dxz         0    0.025357319  0.025357319   0.050714638   0.000000000    90.0000    0.0000
  dyz         0    0.025357319  0.025357319   0.050714638   0.000000000    90.0000    0.0000
   sum over m      0.100958901  0.100958901   0.201917802   0.000000000
   sum over m+mul  0.100958901  0.100958901   0.201917802   0.000000000

  188   Si          Up spin      Down spin     Sum           Diff           Angles(Deg)
            multiple
  s           0    0.590342981  0.590342981   1.180685963   0.000000000    90.0000    0.0000
   sum over m      0.590342981  0.590342981   1.180685963   0.000000000
  s           1    0.003834523  0.003834523   0.007669045   0.000000000    90.0000    0.0000
   sum over m      0.003834523  0.003834523   0.007669045   0.000000000
   sum over m+mul  0.594177504  0.594177504   1.188355008   0.000000000
  px          0    0.430706978  0.430706978   0.861413957   0.000000000    90.0000    0.0000
  py          0    0.430677416  0.430677416   0.861354832   0.000000000    90.0000    0.0000
  pz          0    0.430677419  0.430677419   0.861354837   0.000000000    90.0000    0.0000
   sum over m      1.292061813  1.292061813   2.584123626   0.000000000
  px          1    0.004260040  0.004260040   0.008520079   0.000000000    90.0000    0.0000
  py          1    0.004256547  0.004256547   0.008513094   0.000000000    90.0000    0.0000
  pz          1    0.004256547  0.004256547   0.008513094   0.000000000    90.0000    0.0000
   sum over m      0.012773134  0.012773134   0.025546268   0.000000000
   sum over m+mul  1.304834947  1.304834947   2.609669893   0.000000000
  d3z^2-r^2   0    0.012443236  0.012443236   0.024886472   0.000000000    90.0000    0.0000
  dx^2-y^2    0    0.012443286  0.012443286   0.024886573   0.000000000    90.0000    0.0000
  dxy         0    0.025357319  0.025357319   0.050714638   0.000000000    90.0000    0.0000
  dxz         0    0.025357319  0.025357319   0.050714638   0.000000000    90.0000    0.0000
  dyz         0    0.025357741  0.025357741   0.050715482   0.000000000    90.0000    0.0000
   sum over m      0.100958901  0.100958901   0.201917802   0.000000000
   sum over m+mul  0.100958901  0.100958901   0.201917802   0.000000000

  189   Si          Up spin      Down spin     Sum           Diff           Angles(Deg)
            multiple
  s           0    0.590377353  0.590377353   1.180754707   0.000000000    90.0000    0.0000
   sum over m      0.590377353  0.590377353   1.180754707   0.000000000
  s           1    0.003852934  0.003852934   0.007705867   0.000000000    90.0000    0.0000
   sum over m      0.003852934  0.003852934   0.007705867   0.000000000
   sum over m+mul  0.594230287  0.594230287   1.188460574   0.000000000
  px          0    0.430701224  0.430701224   0.861402448   0.000000000    90.0000    0.0000
  py          0    0.430701224  0.430701224   0.861402448   0.000000000    90.0000    0.0000
  pz          0    0.430701227  0.430701227   0.861402453   0.000000000    90.0000    0.0000
   sum over m      1.292103675  1.292103675   2.584207350   0.000000000
  px          1    0.004263697  0.004263697   0.008527394   0.000000000    90.0000    0.0000
  py          1    0.004263697  0.004263697   0.008527394   0.000000000    90.0000    0.0000
  pz          1    0.004263697  0.004263697   0.008527394   0.000000000    90.0000    0.0000
   sum over m      0.012791091  0.012791091   0.025582181   0.000000000
   sum over m+mul  1.304894765  1.304894765   2.609789531   0.000000000
  d3z^2-r^2   0    0.012443145  0.012443145   0.024886290   0.000000000    90.0000    0.0000
  dx^2-y^2    0    0.012443145  0.012443145   0.024886290   0.000000000    90.0000    0.0000
  dxy         0    0.025357194  0.025357194   0.050714388   0.000000000    90.0000    0.0000
  dxz         0    0.025357194  0.025357194   0.050714388   0.000000000    90.0000    0.0000
  dyz         0    0.025357194  0.025357194   0.050714388   0.000000000    90.0000    0.0000
   sum over m      0.100957872  0.100957872   0.201915743   0.000000000
   sum over m+mul  0.100957872  0.100957872   0.201915743   0.000000000

  190   Si          Up spin      Down spin     Sum           Diff           Angles(Deg)
            multiple
  s           0    0.590342981  0.590342981   1.180685963   0.000000000    90.0000    0.0000
   sum over m      0.590342981  0.590342981   1.180685963   0.000000000
  s           1    0.003834523  0.003834523   0.007669045   0.000000000    90.0000    0.0000
   sum over m      0.003834523  0.003834523   0.007669045   0.000000000
   sum over m+mul  0.594177504  0.594177504   1.188355008   0.000000000
  px          0    0.430677416  0.430677416   0.861354832   0.000000000    90.0000    0.0000
  py          0    0.430706978  0.430706978   0.861413957   0.000000000    90.0000    0.0000
  pz          0    0.430677419  0.430677419   0.861354837   0.000000000    90.0000    0.0000
   sum over m      1.292061813  1.292061813   2.584123626   0.000000000
  px          1    0.004256547  0.004256547   0.008513094   0.000000000    90.0000    0.0000
  py          1    0.004260040  0.004260040   0.008520079   0.000000000    90.0000    0.0000
  pz          1    0.004256547  0.004256547   0.008513094   0.000000000    90.0000    0.0000
   sum over m      0.012773134  0.012773134   0.025546268   0.000000000
   sum over m+mul  1.304834947  1.304834947   2.609669893   0.000000000
  d3z^2-r^2   0    0.012443236  0.012443236   0.024886472   0.000000000    90.0000    0.0000
  dx^2-y^2    0    0.012443286  0.012443286   0.024886573   0.000000000    90.0000    0.0000
  dxy         0    0.025357319  0.025357319   0.050714638   0.000000000    90.0000    0.0000
  dxz         0    0.025357741  0.025357741   0.050715482   0.000000000    90.0000    0.0000
  dyz         0    0.025357319  0.025357319   0.050714638   0.000000000    90.0000    0.0000
   sum over m      0.100958901  0.100958901   0.201917802   0.000000000
   sum over m+mul  0.100958901  0.100958901   0.201917802   0.000000000

  191   Si          Up spin      Down spin     Sum           Diff           Angles(Deg)
            multiple
  s           0    0.590377353  0.590377353   1.180754707   0.000000000    90.0000    0.0000
   sum over m      0.590377353  0.590377353   1.180754707   0.000000000
  s           1    0.003852934  0.003852934   0.007705867   0.000000000    90.0000    0.0000
   sum over m      0.003852934  0.003852934   0.007705867   0.000000000
   sum over m+mul  0.594230287  0.594230287   1.188460574   0.000000000
  px          0    0.430701224  0.430701224   0.861402448   0.000000000    90.0000    0.0000
  py          0    0.430701224  0.430701224   0.861402448   0.000000000    90.0000    0.0000
  pz          0    0.430701227  0.430701227   0.861402453   0.000000000    90.0000    0.0000
   sum over m      1.292103675  1.292103675   2.584207350   0.000000000
  px          1    0.004263697  0.004263697   0.008527394   0.000000000    90.0000    0.0000
  py          1    0.004263697  0.004263697   0.008527394   0.000000000    90.0000    0.0000
  pz          1    0.004263697  0.004263697   0.008527394   0.000000000    90.0000    0.0000
   sum over m      0.012791091  0.012791091   0.025582181   0.000000000
   sum over m+mul  1.304894765  1.304894765   2.609789531   0.000000000
  d3z^2-r^2   0    0.012443145  0.012443145   0.024886290   0.000000000    90.0000    0.0000
  dx^2-y^2    0    0.012443145  0.012443145   0.024886290   0.000000000    90.0000    0.0000
  dxy         0    0.025357194  0.025357194   0.050714388   0.000000000    90.0000    0.0000
  dxz         0    0.025357194  0.025357194   0.050714388   0.000000000    90.0000    0.0000
  dyz         0    0.025357194  0.025357194   0.050714388   0.000000000    90.0000    0.0000
   sum over m      0.100957872  0.100957872   0.201915743   0.000000000
   sum over m+mul  0.100957872  0.100957872   0.201915743   0.000000000

  192   Si          Up spin      Down spin     Sum           Diff           Angles(Deg)
            multiple
  s           0    0.590342981  0.590342981   1.180685963   0.000000000    90.0000    0.0000
   sum over m      0.590342981  0.590342981   1.180685963   0.000000000
  s           1    0.003834523  0.003834523   0.007669045   0.000000000    90.0000    0.0000
   sum over m      0.003834523  0.003834523   0.007669045   0.000000000
   sum over m+mul  0.594177504  0.594177504   1.188355008   0.000000000
  px          0    0.430677416  0.430677416   0.861354832   0.000000000    90.0000    0.0000
  py          0    0.430706978  0.430706978   0.861413957   0.000000000    90.0000    0.0000
  pz          0    0.430677419  0.430677419   0.861354837   0.000000000    90.0000    0.0000
   sum over m      1.292061813  1.292061813   2.584123626   0.000000000
  px          1    0.004256547  0.004256547   0.008513094   0.000000000    90.0000    0.0000
  py          1    0.004260040  0.004260040   0.008520079   0.000000000    90.0000    0.0000
  pz          1    0.004256547  0.004256547   0.008513094   0.000000000    90.0000    0.0000
   sum over m      0.012773134  0.012773134   0.025546268   0.000000000
   sum over m+mul  1.304834947  1.304834947   2.609669893   0.000000000
  d3z^2-r^2   0    0.012443236  0.012443236   0.024886472   0.000000000    90.0000    0.0000
  dx^2-y^2    0    0.012443286  0.012443286   0.024886573   0.000000000    90.0000    0.0000
  dxy         0    0.025357319  0.025357319   0.050714638   0.000000000    90.0000    0.0000
  dxz         0    0.025357741  0.025357741   0.050715482   0.000000000    90.0000    0.0000
  dyz         0    0.025357319  0.025357319   0.050714638   0.000000000    90.0000    0.0000
   sum over m      0.100958901  0.100958901   0.201917802   0.000000000
   sum over m+mul  0.100958901  0.100958901   0.201917802   0.000000000

  193   Si          Up spin      Down spin     Sum           Diff           Angles(Deg)
            multiple
  s           0    0.590381656  0.590381656   1.180763311   0.000000000    90.0000    0.0000
   sum over m      0.590381656  0.590381656   1.180763311   0.000000000
  s           1    0.003854728  0.003854728   0.007709455   0.000000000    90.0000    0.0000
   sum over m      0.003854728  0.003854728   0.007709455   0.000000000
   sum over m+mul  0.594236383  0.594236383   1.188472767   0.000000000
  px          0    0.430695138  0.430695138   0.861390275   0.000000000    90.0000    0.0000
  py          0    0.430695138  0.430695138   0.861390275   0.000000000    90.0000    0.0000
  pz          0    0.430695141  0.430695141   0.861390282   0.000000000    90.0000    0.0000
   sum over m      1.292085416  1.292085416   2.584170833   0.000000000
  px          1    0.004265202  0.004265202   0.008530405   0.000000000    90.0000    0.0000
  py          1    0.004265202  0.004265202   0.008530405   0.000000000    90.0000    0.0000
  pz          1    0.004265202  0.004265202   0.008530404   0.000000000    90.0000    0.0000
   sum over m      0.012795607  0.012795607   0.025591214   0.000000000
   sum over m+mul  1.304881024  1.304881024   2.609762047   0.000000000
  d3z^2-r^2   0    0.012443059  0.012443059   0.024886119   0.000000000    90.0000    0.0000
  dx^2-y^2    0    0.012443059  0.012443059   0.024886119   0.000000000    90.0000    0.0000
  dxy         0    0.025357174  0.025357174   0.050714347   0.000000000    90.0000    0.0000
  dxz         0    0.025357174  0.025357174   0.050714347   0.000000000    90.0000    0.0000
  dyz         0    0.025357174  0.025357174   0.050714347   0.000000000    90.0000    0.0000
   sum over m      0.100957639  0.100957639   0.201915279   0.000000000
   sum over m+mul  0.100957639  0.100957639   0.201915279   0.000000000

  194   Si          Up spin      Down spin     Sum           Diff           Angles(Deg)
            multiple
  s           0    0.590342981  0.590342981   1.180685963   0.000000000    90.0000    0.0000
   sum over m      0.590342981  0.590342981   1.180685963   0.000000000
  s           1    0.003834523  0.003834523   0.007669045   0.000000000    90.0000    0.0000
   sum over m      0.003834523  0.003834523   0.007669045   0.000000000
   sum over m+mul  0.594177504  0.594177504   1.188355008   0.000000000
  px          0    0.430706978  0.430706978   0.861413957   0.000000000    90.0000    0.0000
  py          0    0.430677416  0.430677416   0.861354832   0.000000000    90.0000    0.0000
  pz          0    0.430677419  0.430677419   0.861354837   0.000000000    90.0000    0.0000
   sum over m      1.292061813  1.292061813   2.584123626   0.000000000
  px          1    0.004260040  0.004260040   0.008520079   0.000000000    90.0000    0.0000
  py          1    0.004256547  0.004256547   0.008513094   0.000000000    90.0000    0.0000
  pz          1    0.004256547  0.004256547   0.008513094   0.000000000    90.0000    0.0000
   sum over m      0.012773134  0.012773134   0.025546268   0.000000000
   sum over m+mul  1.304834947  1.304834947   2.609669893   0.000000000
  d3z^2-r^2   0    0.012443236  0.012443236   0.024886472   0.000000000    90.0000    0.0000
  dx^2-y^2    0    0.012443286  0.012443286   0.024886573   0.000000000    90.0000    0.0000
  dxy         0    0.025357319  0.025357319   0.050714638   0.000000000    90.0000    0.0000
  dxz         0    0.025357319  0.025357319   0.050714638   0.000000000    90.0000    0.0000
  dyz         0    0.025357741  0.025357741   0.050715482   0.000000000    90.0000    0.0000
   sum over m      0.100958901  0.100958901   0.201917802   0.000000000
   sum over m+mul  0.100958901  0.100958901   0.201917802   0.000000000

  195   Si          Up spin      Down spin     Sum           Diff           Angles(Deg)
            multiple
  s           0    0.590342981  0.590342981   1.180685963   0.000000000    90.0000    0.0000
   sum over m      0.590342981  0.590342981   1.180685963   0.000000000
  s           1    0.003834523  0.003834523   0.007669045   0.000000000    90.0000    0.0000
   sum over m      0.003834523  0.003834523   0.007669045   0.000000000
   sum over m+mul  0.594177504  0.594177504   1.188355008   0.000000000
  px          0    0.430677416  0.430677416   0.861354832   0.000000000    90.0000    0.0000
  py          0    0.430706978  0.430706978   0.861413957   0.000000000    90.0000    0.0000
  pz          0    0.430677419  0.430677419   0.861354837   0.000000000    90.0000    0.0000
   sum over m      1.292061813  1.292061813   2.584123626   0.000000000
  px          1    0.004256547  0.004256547   0.008513094   0.000000000    90.0000    0.0000
  py          1    0.004260040  0.004260040   0.008520079   0.000000000    90.0000    0.0000
  pz          1    0.004256547  0.004256547   0.008513094   0.000000000    90.0000    0.0000
   sum over m      0.012773134  0.012773134   0.025546268   0.000000000
   sum over m+mul  1.304834947  1.304834947   2.609669893   0.000000000
  d3z^2-r^2   0    0.012443236  0.012443236   0.024886472   0.000000000    90.0000    0.0000
  dx^2-y^2    0    0.012443286  0.012443286   0.024886573   0.000000000    90.0000    0.0000
  dxy         0    0.025357319  0.025357319   0.050714638   0.000000000    90.0000    0.0000
  dxz         0    0.025357741  0.025357741   0.050715482   0.000000000    90.0000    0.0000
  dyz         0    0.025357319  0.025357319   0.050714638   0.000000000    90.0000    0.0000
   sum over m      0.100958901  0.100958901   0.201917802   0.000000000
   sum over m+mul  0.100958901  0.100958901   0.201917802   0.000000000

  196   Si          Up spin      Down spin     Sum           Diff           Angles(Deg)
            multiple
  s           0    0.590330367  0.590330367   1.180660734   0.000000000    90.0000    0.0000
   sum over m      0.590330367  0.590330367   1.180660734   0.000000000
  s           1    0.003829226  0.003829226   0.007658451   0.000000000    90.0000    0.0000
   sum over m      0.003829226  0.003829226   0.007658451   0.000000000
   sum over m+mul  0.594159592  0.594159592   1.188319185   0.000000000
  px          0    0.430670888  0.430670888   0.861341776   0.000000000    90.0000    0.0000
  py          0    0.430670888  0.430670888   0.861341776   0.000000000    90.0000    0.0000
  pz          0    0.430719957  0.430719957   0.861439913   0.000000000    90.0000    0.0000
   sum over m      1.292061733  1.292061733   2.584123466   0.000000000
  px          1    0.004257070  0.004257070   0.008514141   0.000000000    90.0000    0.0000
  py          1    0.004257070  0.004257070   0.008514141   0.000000000    90.0000    0.0000
  pz          1    0.004258582  0.004258582   0.008517164   0.000000000    90.0000    0.0000
   sum over m      0.012772723  0.012772723   0.025545446   0.000000000
   sum over m+mul  1.304834456  1.304834456   2.609668912   0.000000000
  d3z^2-r^2   0    0.012443347  0.012443347   0.024886694   0.000000000    90.0000    0.0000
  dx^2-y^2    0    0.012443159  0.012443159   0.024886319   0.000000000    90.0000    0.0000
  dxy         0    0.025357517  0.025357517   0.050715034   0.000000000    90.0000    0.0000
  dxz         0    0.025357298  0.025357298   0.050714595   0.000000000    90.0000    0.0000
  dyz         0    0.025357298  0.025357298   0.050714595   0.000000000    90.0000    0.0000
   sum over m      0.100958619  0.100958619   0.201917237   0.000000000
   sum over m+mul  0.100958619  0.100958619   0.201917237   0.000000000

  197   Si          Up spin      Down spin     Sum           Diff           Angles(Deg)
            multiple
  s           0    0.590342981  0.590342981   1.180685962   0.000000000    90.0000    0.0000
   sum over m      0.590342981  0.590342981   1.180685962   0.000000000
  s           1    0.003834522  0.003834522   0.007669044   0.000000000    90.0000    0.0000
   sum over m      0.003834522  0.003834522   0.007669044   0.000000000
   sum over m+mul  0.594177503  0.594177503   1.188355006   0.000000000
  px          0    0.430677417  0.430677417   0.861354834   0.000000000    90.0000    0.0000
  py          0    0.430677417  0.430677417   0.861354834   0.000000000    90.0000    0.0000
  pz          0    0.430706980  0.430706980   0.861413961   0.000000000    90.0000    0.0000
   sum over m      1.292061815  1.292061815   2.584123629   0.000000000
  px          1    0.004256547  0.004256547   0.008513094   0.000000000    90.0000    0.0000
  py          1    0.004256547  0.004256547   0.008513094   0.000000000    90.0000    0.0000
  pz          1    0.004260039  0.004260039   0.008520079   0.000000000    90.0000    0.0000
   sum over m      0.012773133  0.012773133   0.025546267   0.000000000
   sum over m+mul  1.304834948  1.304834948   2.609669896   0.000000000
  d3z^2-r^2   0    0.012443312  0.012443312   0.024886623   0.000000000    90.0000    0.0000
  dx^2-y^2    0    0.012443211  0.012443211   0.024886422   0.000000000    90.0000    0.0000
  dxy         0    0.025357741  0.025357741   0.050715481   0.000000000    90.0000    0.0000
  dxz         0    0.025357319  0.025357319   0.050714638   0.000000000    90.0000    0.0000
  dyz         0    0.025357319  0.025357319   0.050714638   0.000000000    90.0000    0.0000
   sum over m      0.100958901  0.100958901   0.201917802   0.000000000
   sum over m+mul  0.100958901  0.100958901   0.201917802   0.000000000

  198   Si          Up spin      Down spin     Sum           Diff           Angles(Deg)
            multiple
  s           0    0.590377353  0.590377353   1.180754707   0.000000000    90.0000    0.0000
   sum over m      0.590377353  0.590377353   1.180754707   0.000000000
  s           1    0.003852934  0.003852934   0.007705867   0.000000000    90.0000    0.0000
   sum over m      0.003852934  0.003852934   0.007705867   0.000000000
   sum over m+mul  0.594230287  0.594230287   1.188460574   0.000000000
  px          0    0.430701224  0.430701224   0.861402448   0.000000000    90.0000    0.0000
  py          0    0.430701224  0.430701224   0.861402448   0.000000000    90.0000    0.0000
  pz          0    0.430701227  0.430701227   0.861402453   0.000000000    90.0000    0.0000
   sum over m      1.292103675  1.292103675   2.584207350   0.000000000
  px          1    0.004263697  0.004263697   0.008527394   0.000000000    90.0000    0.0000
  py          1    0.004263697  0.004263697   0.008527394   0.000000000    90.0000    0.0000
  pz          1    0.004263697  0.004263697   0.008527394   0.000000000    90.0000    0.0000
   sum over m      0.012791091  0.012791091   0.025582181   0.000000000
   sum over m+mul  1.304894765  1.304894765   2.609789531   0.000000000
  d3z^2-r^2   0    0.012443145  0.012443145   0.024886290   0.000000000    90.0000    0.0000
  dx^2-y^2    0    0.012443145  0.012443145   0.024886290   0.000000000    90.0000    0.0000
  dxy         0    0.025357194  0.025357194   0.050714388   0.000000000    90.0000    0.0000
  dxz         0    0.025357194  0.025357194   0.050714388   0.000000000    90.0000    0.0000
  dyz         0    0.025357194  0.025357194   0.050714388   0.000000000    90.0000    0.0000
   sum over m      0.100957872  0.100957872   0.201915743   0.000000000
   sum over m+mul  0.100957872  0.100957872   0.201915743   0.000000000

  199   Si          Up spin      Down spin     Sum           Diff           Angles(Deg)
            multiple
  s           0    0.590377353  0.590377353   1.180754707   0.000000000    90.0000    0.0000
   sum over m      0.590377353  0.590377353   1.180754707   0.000000000
  s           1    0.003852934  0.003852934   0.007705867   0.000000000    90.0000    0.0000
   sum over m      0.003852934  0.003852934   0.007705867   0.000000000
   sum over m+mul  0.594230287  0.594230287   1.188460574   0.000000000
  px          0    0.430701224  0.430701224   0.861402448   0.000000000    90.0000    0.0000
  py          0    0.430701224  0.430701224   0.861402448   0.000000000    90.0000    0.0000
  pz          0    0.430701227  0.430701227   0.861402453   0.000000000    90.0000    0.0000
   sum over m      1.292103675  1.292103675   2.584207350   0.000000000
  px          1    0.004263697  0.004263697   0.008527394   0.000000000    90.0000    0.0000
  py          1    0.004263697  0.004263697   0.008527394   0.000000000    90.0000    0.0000
  pz          1    0.004263697  0.004263697   0.008527394   0.000000000    90.0000    0.0000
   sum over m      0.012791091  0.012791091   0.025582181   0.000000000
   sum over m+mul  1.304894765  1.304894765   2.609789531   0.000000000
  d3z^2-r^2   0    0.012443145  0.012443145   0.024886290   0.000000000    90.0000    0.0000
  dx^2-y^2    0    0.012443145  0.012443145   0.024886290   0.000000000    90.0000    0.0000
  dxy         0    0.025357194  0.025357194   0.050714388   0.000000000    90.0000    0.0000
  dxz         0    0.025357194  0.025357194   0.050714388   0.000000000    90.0000    0.0000
  dyz         0    0.025357194  0.025357194   0.050714388   0.000000000    90.0000    0.0000
   sum over m      0.100957872  0.100957872   0.201915743   0.000000000
   sum over m+mul  0.100957872  0.100957872   0.201915743   0.000000000

  200   Si          Up spin      Down spin     Sum           Diff           Angles(Deg)
            multiple
  s           0    0.590342981  0.590342981   1.180685962   0.000000000    90.0000    0.0000
   sum over m      0.590342981  0.590342981   1.180685962   0.000000000
  s           1    0.003834522  0.003834522   0.007669044   0.000000000    90.0000    0.0000
   sum over m      0.003834522  0.003834522   0.007669044   0.000000000
   sum over m+mul  0.594177503  0.594177503   1.188355006   0.000000000
  px          0    0.430677417  0.430677417   0.861354834   0.000000000    90.0000    0.0000
  py          0    0.430677417  0.430677417   0.861354834   0.000000000    90.0000    0.0000
  pz          0    0.430706980  0.430706980   0.861413961   0.000000000    90.0000    0.0000
   sum over m      1.292061815  1.292061815   2.584123629   0.000000000
  px          1    0.004256547  0.004256547   0.008513094   0.000000000    90.0000    0.0000
  py          1    0.004256547  0.004256547   0.008513094   0.000000000    90.0000    0.0000
  pz          1    0.004260039  0.004260039   0.008520079   0.000000000    90.0000    0.0000
   sum over m      0.012773133  0.012773133   0.025546267   0.000000000
   sum over m+mul  1.304834948  1.304834948   2.609669896   0.000000000
  d3z^2-r^2   0    0.012443312  0.012443312   0.024886623   0.000000000    90.0000    0.0000
  dx^2-y^2    0    0.012443211  0.012443211   0.024886422   0.000000000    90.0000    0.0000
  dxy         0    0.025357741  0.025357741   0.050715481   0.000000000    90.0000    0.0000
  dxz         0    0.025357319  0.025357319   0.050714638   0.000000000    90.0000    0.0000
  dyz         0    0.025357319  0.025357319   0.050714638   0.000000000    90.0000    0.0000
   sum over m      0.100958901  0.100958901   0.201917802   0.000000000
   sum over m+mul  0.100958901  0.100958901   0.201917802   0.000000000

  201   Si          Up spin      Down spin     Sum           Diff           Angles(Deg)
            multiple
  s           0    0.590342981  0.590342981   1.180685962   0.000000000    90.0000    0.0000
   sum over m      0.590342981  0.590342981   1.180685962   0.000000000
  s           1    0.003834522  0.003834522   0.007669044   0.000000000    90.0000    0.0000
   sum over m      0.003834522  0.003834522   0.007669044   0.000000000
   sum over m+mul  0.594177503  0.594177503   1.188355006   0.000000000
  px          0    0.430677417  0.430677417   0.861354834   0.000000000    90.0000    0.0000
  py          0    0.430677417  0.430677417   0.861354834   0.000000000    90.0000    0.0000
  pz          0    0.430706980  0.430706980   0.861413961   0.000000000    90.0000    0.0000
   sum over m      1.292061815  1.292061815   2.584123629   0.000000000
  px          1    0.004256547  0.004256547   0.008513094   0.000000000    90.0000    0.0000
  py          1    0.004256547  0.004256547   0.008513094   0.000000000    90.0000    0.0000
  pz          1    0.004260039  0.004260039   0.008520079   0.000000000    90.0000    0.0000
   sum over m      0.012773133  0.012773133   0.025546267   0.000000000
   sum over m+mul  1.304834948  1.304834948   2.609669896   0.000000000
  d3z^2-r^2   0    0.012443312  0.012443312   0.024886623   0.000000000    90.0000    0.0000
  dx^2-y^2    0    0.012443211  0.012443211   0.024886422   0.000000000    90.0000    0.0000
  dxy         0    0.025357741  0.025357741   0.050715481   0.000000000    90.0000    0.0000
  dxz         0    0.025357319  0.025357319   0.050714638   0.000000000    90.0000    0.0000
  dyz         0    0.025357319  0.025357319   0.050714638   0.000000000    90.0000    0.0000
   sum over m      0.100958901  0.100958901   0.201917802   0.000000000
   sum over m+mul  0.100958901  0.100958901   0.201917802   0.000000000

  202   Si          Up spin      Down spin     Sum           Diff           Angles(Deg)
            multiple
  s           0    0.590342981  0.590342981   1.180685963   0.000000000    90.0000    0.0000
   sum over m      0.590342981  0.590342981   1.180685963   0.000000000
  s           1    0.003834523  0.003834523   0.007669045   0.000000000    90.0000    0.0000
   sum over m      0.003834523  0.003834523   0.007669045   0.000000000
   sum over m+mul  0.594177504  0.594177504   1.188355008   0.000000000
  px          0    0.430706978  0.430706978   0.861413957   0.000000000    90.0000    0.0000
  py          0    0.430677416  0.430677416   0.861354832   0.000000000    90.0000    0.0000
  pz          0    0.430677419  0.430677419   0.861354837   0.000000000    90.0000    0.0000
   sum over m      1.292061813  1.292061813   2.584123626   0.000000000
  px          1    0.004260040  0.004260040   0.008520079   0.000000000    90.0000    0.0000
  py          1    0.004256547  0.004256547   0.008513094   0.000000000    90.0000    0.0000
  pz          1    0.004256547  0.004256547   0.008513094   0.000000000    90.0000    0.0000
   sum over m      0.012773134  0.012773134   0.025546268   0.000000000
   sum over m+mul  1.304834947  1.304834947   2.609669893   0.000000000
  d3z^2-r^2   0    0.012443236  0.012443236   0.024886472   0.000000000    90.0000    0.0000
  dx^2-y^2    0    0.012443286  0.012443286   0.024886573   0.000000000    90.0000    0.0000
  dxy         0    0.025357319  0.025357319   0.050714638   0.000000000    90.0000    0.0000
  dxz         0    0.025357319  0.025357319   0.050714638   0.000000000    90.0000    0.0000
  dyz         0    0.025357741  0.025357741   0.050715482   0.000000000    90.0000    0.0000
   sum over m      0.100958901  0.100958901   0.201917802   0.000000000
   sum over m+mul  0.100958901  0.100958901   0.201917802   0.000000000

  203   Si          Up spin      Down spin     Sum           Diff           Angles(Deg)
            multiple
  s           0    0.590342981  0.590342981   1.180685963   0.000000000    90.0000    0.0000
   sum over m      0.590342981  0.590342981   1.180685963   0.000000000
  s           1    0.003834523  0.003834523   0.007669045   0.000000000    90.0000    0.0000
   sum over m      0.003834523  0.003834523   0.007669045   0.000000000
   sum over m+mul  0.594177504  0.594177504   1.188355008   0.000000000
  px          0    0.430677416  0.430677416   0.861354832   0.000000000    90.0000    0.0000
  py          0    0.430706978  0.430706978   0.861413957   0.000000000    90.0000    0.0000
  pz          0    0.430677419  0.430677419   0.861354837   0.000000000    90.0000    0.0000
   sum over m      1.292061813  1.292061813   2.584123626   0.000000000
  px          1    0.004256547  0.004256547   0.008513094   0.000000000    90.0000    0.0000
  py          1    0.004260040  0.004260040   0.008520079   0.000000000    90.0000    0.0000
  pz          1    0.004256547  0.004256547   0.008513094   0.000000000    90.0000    0.0000
   sum over m      0.012773134  0.012773134   0.025546268   0.000000000
   sum over m+mul  1.304834947  1.304834947   2.609669893   0.000000000
  d3z^2-r^2   0    0.012443236  0.012443236   0.024886472   0.000000000    90.0000    0.0000
  dx^2-y^2    0    0.012443286  0.012443286   0.024886573   0.000000000    90.0000    0.0000
  dxy         0    0.025357319  0.025357319   0.050714638   0.000000000    90.0000    0.0000
  dxz         0    0.025357741  0.025357741   0.050715482   0.000000000    90.0000    0.0000
  dyz         0    0.025357319  0.025357319   0.050714638   0.000000000    90.0000    0.0000
   sum over m      0.100958901  0.100958901   0.201917802   0.000000000
   sum over m+mul  0.100958901  0.100958901   0.201917802   0.000000000

  204   Si          Up spin      Down spin     Sum           Diff           Angles(Deg)
            multiple
  s           0    0.590383293  0.590383293   1.180766586   0.000000000    90.0000    0.0000
   sum over m      0.590383293  0.590383293   1.180766586   0.000000000
  s           1    0.003845231  0.003845231   0.007690461   0.000000000    90.0000    0.0000
   sum over m      0.003845231  0.003845231   0.007690461   0.000000000
   sum over m+mul  0.594228523  0.594228523   1.188457047   0.000000000
  px          0    0.430672867  0.430672867   0.861345734   0.000000000    90.0000    0.0000
  py          0    0.430672867  0.430672867   0.861345734   0.000000000    90.0000    0.0000
  pz          0    0.430672870  0.430672870   0.861345741   0.000000000    90.0000    0.0000
   sum over m      1.292018604  1.292018604   2.584037208   0.000000000
  px          1    0.004263804  0.004263804   0.008527608   0.000000000    90.0000    0.0000
  py          1    0.004263804  0.004263804   0.008527608   0.000000000    90.0000    0.0000
  pz          1    0.004263804  0.004263804   0.008527609   0.000000000    90.0000    0.0000
   sum over m      0.012791413  0.012791413   0.025582825   0.000000000
   sum over m+mul  1.304810017  1.304810017   2.609620034   0.000000000
  d3z^2-r^2   0    0.012443285  0.012443285   0.024886570   0.000000000    90.0000    0.0000
  dx^2-y^2    0    0.012443285  0.012443285   0.024886569   0.000000000    90.0000    0.0000
  dxy         0    0.025356927  0.025356927   0.050713854   0.000000000    90.0000    0.0000
  dxz         0    0.025356927  0.025356927   0.050713855   0.000000000    90.0000    0.0000
  dyz         0    0.025356927  0.025356927   0.050713855   0.000000000    90.0000    0.0000
   sum over m      0.100957351  0.100957351   0.201914703   0.000000000
   sum over m+mul  0.100957351  0.100957351   0.201914703   0.000000000

  205   Si          Up spin      Down spin     Sum           Diff           Angles(Deg)
            multiple
  s           0    0.590377353  0.590377353   1.180754707   0.000000000    90.0000    0.0000
   sum over m      0.590377353  0.590377353   1.180754707   0.000000000
  s           1    0.003852934  0.003852934   0.007705867   0.000000000    90.0000    0.0000
   sum over m      0.003852934  0.003852934   0.007705867   0.000000000
   sum over m+mul  0.594230287  0.594230287   1.188460574   0.000000000
  px          0    0.430701224  0.430701224   0.861402448   0.000000000    90.0000    0.0000
  py          0    0.430701224  0.430701224   0.861402448   0.000000000    90.0000    0.0000
  pz          0    0.430701227  0.430701227   0.861402453   0.000000000    90.0000    0.0000
   sum over m      1.292103675  1.292103675   2.584207350   0.000000000
  px          1    0.004263697  0.004263697   0.008527394   0.000000000    90.0000    0.0000
  py          1    0.004263697  0.004263697   0.008527394   0.000000000    90.0000    0.0000
  pz          1    0.004263697  0.004263697   0.008527394   0.000000000    90.0000    0.0000
   sum over m      0.012791091  0.012791091   0.025582181   0.000000000
   sum over m+mul  1.304894765  1.304894765   2.609789531   0.000000000
  d3z^2-r^2   0    0.012443145  0.012443145   0.024886290   0.000000000    90.0000    0.0000
  dx^2-y^2    0    0.012443145  0.012443145   0.024886290   0.000000000    90.0000    0.0000
  dxy         0    0.025357194  0.025357194   0.050714388   0.000000000    90.0000    0.0000
  dxz         0    0.025357194  0.025357194   0.050714388   0.000000000    90.0000    0.0000
  dyz         0    0.025357194  0.025357194   0.050714388   0.000000000    90.0000    0.0000
   sum over m      0.100957872  0.100957872   0.201915743   0.000000000
   sum over m+mul  0.100957872  0.100957872   0.201915743   0.000000000

  206   Si          Up spin      Down spin     Sum           Diff           Angles(Deg)
            multiple
  s           0    0.590342981  0.590342981   1.180685962   0.000000000    90.0000    0.0000
   sum over m      0.590342981  0.590342981   1.180685962   0.000000000
  s           1    0.003834522  0.003834522   0.007669044   0.000000000    90.0000    0.0000
   sum over m      0.003834522  0.003834522   0.007669044   0.000000000
   sum over m+mul  0.594177503  0.594177503   1.188355006   0.000000000
  px          0    0.430677417  0.430677417   0.861354834   0.000000000    90.0000    0.0000
  py          0    0.430677417  0.430677417   0.861354834   0.000000000    90.0000    0.0000
  pz          0    0.430706980  0.430706980   0.861413961   0.000000000    90.0000    0.0000
   sum over m      1.292061815  1.292061815   2.584123629   0.000000000
  px          1    0.004256547  0.004256547   0.008513094   0.000000000    90.0000    0.0000
  py          1    0.004256547  0.004256547   0.008513094   0.000000000    90.0000    0.0000
  pz          1    0.004260039  0.004260039   0.008520079   0.000000000    90.0000    0.0000
   sum over m      0.012773133  0.012773133   0.025546267   0.000000000
   sum over m+mul  1.304834948  1.304834948   2.609669896   0.000000000
  d3z^2-r^2   0    0.012443312  0.012443312   0.024886623   0.000000000    90.0000    0.0000
  dx^2-y^2    0    0.012443211  0.012443211   0.024886422   0.000000000    90.0000    0.0000
  dxy         0    0.025357741  0.025357741   0.050715481   0.000000000    90.0000    0.0000
  dxz         0    0.025357319  0.025357319   0.050714638   0.000000000    90.0000    0.0000
  dyz         0    0.025357319  0.025357319   0.050714638   0.000000000    90.0000    0.0000
   sum over m      0.100958901  0.100958901   0.201917802   0.000000000
   sum over m+mul  0.100958901  0.100958901   0.201917802   0.000000000

  207   Si          Up spin      Down spin     Sum           Diff           Angles(Deg)
            multiple
  s           0    0.590342981  0.590342981   1.180685962   0.000000000    90.0000    0.0000
   sum over m      0.590342981  0.590342981   1.180685962   0.000000000
  s           1    0.003834522  0.003834522   0.007669044   0.000000000    90.0000    0.0000
   sum over m      0.003834522  0.003834522   0.007669044   0.000000000
   sum over m+mul  0.594177503  0.594177503   1.188355006   0.000000000
  px          0    0.430677417  0.430677417   0.861354834   0.000000000    90.0000    0.0000
  py          0    0.430677417  0.430677417   0.861354834   0.000000000    90.0000    0.0000
  pz          0    0.430706980  0.430706980   0.861413961   0.000000000    90.0000    0.0000
   sum over m      1.292061815  1.292061815   2.584123629   0.000000000
  px          1    0.004256547  0.004256547   0.008513094   0.000000000    90.0000    0.0000
  py          1    0.004256547  0.004256547   0.008513094   0.000000000    90.0000    0.0000
  pz          1    0.004260039  0.004260039   0.008520079   0.000000000    90.0000    0.0000
   sum over m      0.012773133  0.012773133   0.025546267   0.000000000
   sum over m+mul  1.304834948  1.304834948   2.609669896   0.000000000
  d3z^2-r^2   0    0.012443312  0.012443312   0.024886623   0.000000000    90.0000    0.0000
  dx^2-y^2    0    0.012443211  0.012443211   0.024886422   0.000000000    90.0000    0.0000
  dxy         0    0.025357741  0.025357741   0.050715481   0.000000000    90.0000    0.0000
  dxz         0    0.025357319  0.025357319   0.050714638   0.000000000    90.0000    0.0000
  dyz         0    0.025357319  0.025357319   0.050714638   0.000000000    90.0000    0.0000
   sum over m      0.100958901  0.100958901   0.201917802   0.000000000
   sum over m+mul  0.100958901  0.100958901   0.201917802   0.000000000

  208   Si          Up spin      Down spin     Sum           Diff           Angles(Deg)
            multiple
  s           0    0.590377353  0.590377353   1.180754707   0.000000000    90.0000    0.0000
   sum over m      0.590377353  0.590377353   1.180754707   0.000000000
  s           1    0.003852934  0.003852934   0.007705867   0.000000000    90.0000    0.0000
   sum over m      0.003852934  0.003852934   0.007705867   0.000000000
   sum over m+mul  0.594230287  0.594230287   1.188460574   0.000000000
  px          0    0.430701224  0.430701224   0.861402448   0.000000000    90.0000    0.0000
  py          0    0.430701224  0.430701224   0.861402448   0.000000000    90.0000    0.0000
  pz          0    0.430701227  0.430701227   0.861402453   0.000000000    90.0000    0.0000
   sum over m      1.292103675  1.292103675   2.584207350   0.000000000
  px          1    0.004263697  0.004263697   0.008527394   0.000000000    90.0000    0.0000
  py          1    0.004263697  0.004263697   0.008527394   0.000000000    90.0000    0.0000
  pz          1    0.004263697  0.004263697   0.008527394   0.000000000    90.0000    0.0000
   sum over m      0.012791091  0.012791091   0.025582181   0.000000000
   sum over m+mul  1.304894765  1.304894765   2.609789531   0.000000000
  d3z^2-r^2   0    0.012443145  0.012443145   0.024886290   0.000000000    90.0000    0.0000
  dx^2-y^2    0    0.012443145  0.012443145   0.024886290   0.000000000    90.0000    0.0000
  dxy         0    0.025357194  0.025357194   0.050714388   0.000000000    90.0000    0.0000
  dxz         0    0.025357194  0.025357194   0.050714388   0.000000000    90.0000    0.0000
  dyz         0    0.025357194  0.025357194   0.050714388   0.000000000    90.0000    0.0000
   sum over m      0.100957872  0.100957872   0.201915743   0.000000000
   sum over m+mul  0.100957872  0.100957872   0.201915743   0.000000000

  209   Si          Up spin      Down spin     Sum           Diff           Angles(Deg)
            multiple
  s           0    0.590377353  0.590377353   1.180754707   0.000000000    90.0000    0.0000
   sum over m      0.590377353  0.590377353   1.180754707   0.000000000
  s           1    0.003852934  0.003852934   0.007705867   0.000000000    90.0000    0.0000
   sum over m      0.003852934  0.003852934   0.007705867   0.000000000
   sum over m+mul  0.594230287  0.594230287   1.188460574   0.000000000
  px          0    0.430701224  0.430701224   0.861402448   0.000000000    90.0000    0.0000
  py          0    0.430701224  0.430701224   0.861402448   0.000000000    90.0000    0.0000
  pz          0    0.430701227  0.430701227   0.861402453   0.000000000    90.0000    0.0000
   sum over m      1.292103675  1.292103675   2.584207350   0.000000000
  px          1    0.004263697  0.004263697   0.008527394   0.000000000    90.0000    0.0000
  py          1    0.004263697  0.004263697   0.008527394   0.000000000    90.0000    0.0000
  pz          1    0.004263697  0.004263697   0.008527394   0.000000000    90.0000    0.0000
   sum over m      0.012791091  0.012791091   0.025582181   0.000000000
   sum over m+mul  1.304894765  1.304894765   2.609789531   0.000000000
  d3z^2-r^2   0    0.012443145  0.012443145   0.024886290   0.000000000    90.0000    0.0000
  dx^2-y^2    0    0.012443145  0.012443145   0.024886290   0.000000000    90.0000    0.0000
  dxy         0    0.025357194  0.025357194   0.050714388   0.000000000    90.0000    0.0000
  dxz         0    0.025357194  0.025357194   0.050714388   0.000000000    90.0000    0.0000
  dyz         0    0.025357194  0.025357194   0.050714388   0.000000000    90.0000    0.0000
   sum over m      0.100957872  0.100957872   0.201915743   0.000000000
   sum over m+mul  0.100957872  0.100957872   0.201915743   0.000000000

  210   Si          Up spin      Down spin     Sum           Diff           Angles(Deg)
            multiple
  s           0    0.590330368  0.590330368   1.180660735   0.000000000    90.0000    0.0000
   sum over m      0.590330368  0.590330368   1.180660735   0.000000000
  s           1    0.003829226  0.003829226   0.007658451   0.000000000    90.0000    0.0000
   sum over m      0.003829226  0.003829226   0.007658451   0.000000000
   sum over m+mul  0.594159593  0.594159593   1.188319186   0.000000000
  px          0    0.430670888  0.430670888   0.861341776   0.000000000    90.0000    0.0000
  py          0    0.430719955  0.430719955   0.861439910   0.000000000    90.0000    0.0000
  pz          0    0.430670891  0.430670891   0.861341781   0.000000000    90.0000    0.0000
   sum over m      1.292061734  1.292061734   2.584123467   0.000000000
  px          1    0.004257070  0.004257070   0.008514140   0.000000000    90.0000    0.0000
  py          1    0.004258582  0.004258582   0.008517164   0.000000000    90.0000    0.0000
  pz          1    0.004257071  0.004257071   0.008514141   0.000000000    90.0000    0.0000
   sum over m      0.012772723  0.012772723   0.025545446   0.000000000
   sum over m+mul  1.304834456  1.304834456   2.609668913   0.000000000
  d3z^2-r^2   0    0.012443206  0.012443206   0.024886412   0.000000000    90.0000    0.0000
  dx^2-y^2    0    0.012443300  0.012443300   0.024886600   0.000000000    90.0000    0.0000
  dxy         0    0.025357298  0.025357298   0.050714595   0.000000000    90.0000    0.0000
  dxz         0    0.025357517  0.025357517   0.050715034   0.000000000    90.0000    0.0000
  dyz         0    0.025357298  0.025357298   0.050714595   0.000000000    90.0000    0.0000
   sum over m      0.100958618  0.100958618   0.201917237   0.000000000
   sum over m+mul  0.100958618  0.100958618   0.201917237   0.000000000

  211   Si          Up spin      Down spin     Sum           Diff           Angles(Deg)
            multiple
  s           0    0.590330368  0.590330368   1.180660735   0.000000000    90.0000    0.0000
   sum over m      0.590330368  0.590330368   1.180660735   0.000000000
  s           1    0.003829226  0.003829226   0.007658451   0.000000000    90.0000    0.0000
   sum over m      0.003829226  0.003829226   0.007658451   0.000000000
   sum over m+mul  0.594159593  0.594159593   1.188319186   0.000000000
  px          0    0.430719955  0.430719955   0.861439910   0.000000000    90.0000    0.0000
  py          0    0.430670888  0.430670888   0.861341776   0.000000000    90.0000    0.0000
  pz          0    0.430670891  0.430670891   0.861341781   0.000000000    90.0000    0.0000
   sum over m      1.292061734  1.292061734   2.584123467   0.000000000
  px          1    0.004258582  0.004258582   0.008517164   0.000000000    90.0000    0.0000
  py          1    0.004257070  0.004257070   0.008514140   0.000000000    90.0000    0.0000
  pz          1    0.004257071  0.004257071   0.008514141   0.000000000    90.0000    0.0000
   sum over m      0.012772723  0.012772723   0.025545446   0.000000000
   sum over m+mul  1.304834456  1.304834456   2.609668913   0.000000000
  d3z^2-r^2   0    0.012443206  0.012443206   0.024886412   0.000000000    90.0000    0.0000
  dx^2-y^2    0    0.012443300  0.012443300   0.024886600   0.000000000    90.0000    0.0000
  dxy         0    0.025357298  0.025357298   0.050714595   0.000000000    90.0000    0.0000
  dxz         0    0.025357298  0.025357298   0.050714595   0.000000000    90.0000    0.0000
  dyz         0    0.025357517  0.025357517   0.050715034   0.000000000    90.0000    0.0000
   sum over m      0.100958618  0.100958618   0.201917237   0.000000000
   sum over m+mul  0.100958618  0.100958618   0.201917237   0.000000000

  212   Si          Up spin      Down spin     Sum           Diff           Angles(Deg)
            multiple
  s           0    0.590330367  0.590330367   1.180660734   0.000000000    90.0000    0.0000
   sum over m      0.590330367  0.590330367   1.180660734   0.000000000
  s           1    0.003829226  0.003829226   0.007658451   0.000000000    90.0000    0.0000
   sum over m      0.003829226  0.003829226   0.007658451   0.000000000
   sum over m+mul  0.594159592  0.594159592   1.188319185   0.000000000
  px          0    0.430670888  0.430670888   0.861341776   0.000000000    90.0000    0.0000
  py          0    0.430670888  0.430670888   0.861341776   0.000000000    90.0000    0.0000
  pz          0    0.430719957  0.430719957   0.861439913   0.000000000    90.0000    0.0000
   sum over m      1.292061733  1.292061733   2.584123466   0.000000000
  px          1    0.004257070  0.004257070   0.008514141   0.000000000    90.0000    0.0000
  py          1    0.004257070  0.004257070   0.008514141   0.000000000    90.0000    0.0000
  pz          1    0.004258582  0.004258582   0.008517164   0.000000000    90.0000    0.0000
   sum over m      0.012772723  0.012772723   0.025545446   0.000000000
   sum over m+mul  1.304834456  1.304834456   2.609668912   0.000000000
  d3z^2-r^2   0    0.012443347  0.012443347   0.024886694   0.000000000    90.0000    0.0000
  dx^2-y^2    0    0.012443159  0.012443159   0.024886319   0.000000000    90.0000    0.0000
  dxy         0    0.025357517  0.025357517   0.050715034   0.000000000    90.0000    0.0000
  dxz         0    0.025357298  0.025357298   0.050714595   0.000000000    90.0000    0.0000
  dyz         0    0.025357298  0.025357298   0.050714595   0.000000000    90.0000    0.0000
   sum over m      0.100958619  0.100958619   0.201917237   0.000000000
   sum over m+mul  0.100958619  0.100958619   0.201917237   0.000000000

  213   Si          Up spin      Down spin     Sum           Diff           Angles(Deg)
            multiple
  s           0    0.590381656  0.590381656   1.180763311   0.000000000    90.0000    0.0000
   sum over m      0.590381656  0.590381656   1.180763311   0.000000000
  s           1    0.003854728  0.003854728   0.007709455   0.000000000    90.0000    0.0000
   sum over m      0.003854728  0.003854728   0.007709455   0.000000000
   sum over m+mul  0.594236383  0.594236383   1.188472767   0.000000000
  px          0    0.430695138  0.430695138   0.861390275   0.000000000    90.0000    0.0000
  py          0    0.430695138  0.430695138   0.861390275   0.000000000    90.0000    0.0000
  pz          0    0.430695141  0.430695141   0.861390282   0.000000000    90.0000    0.0000
   sum over m      1.292085416  1.292085416   2.584170833   0.000000000
  px          1    0.004265202  0.004265202   0.008530405   0.000000000    90.0000    0.0000
  py          1    0.004265202  0.004265202   0.008530405   0.000000000    90.0000    0.0000
  pz          1    0.004265202  0.004265202   0.008530404   0.000000000    90.0000    0.0000
   sum over m      0.012795607  0.012795607   0.025591214   0.000000000
   sum over m+mul  1.304881024  1.304881024   2.609762047   0.000000000
  d3z^2-r^2   0    0.012443059  0.012443059   0.024886119   0.000000000    90.0000    0.0000
  dx^2-y^2    0    0.012443059  0.012443059   0.024886119   0.000000000    90.0000    0.0000
  dxy         0    0.025357174  0.025357174   0.050714347   0.000000000    90.0000    0.0000
  dxz         0    0.025357174  0.025357174   0.050714347   0.000000000    90.0000    0.0000
  dyz         0    0.025357174  0.025357174   0.050714347   0.000000000    90.0000    0.0000
   sum over m      0.100957639  0.100957639   0.201915279   0.000000000
   sum over m+mul  0.100957639  0.100957639   0.201915279   0.000000000

  214   Si          Up spin      Down spin     Sum           Diff           Angles(Deg)
            multiple
  s           0    0.590381656  0.590381656   1.180763311   0.000000000    90.0000    0.0000
   sum over m      0.590381656  0.590381656   1.180763311   0.000000000
  s           1    0.003854728  0.003854728   0.007709455   0.000000000    90.0000    0.0000
   sum over m      0.003854728  0.003854728   0.007709455   0.000000000
   sum over m+mul  0.594236383  0.594236383   1.188472767   0.000000000
  px          0    0.430695138  0.430695138   0.861390275   0.000000000    90.0000    0.0000
  py          0    0.430695138  0.430695138   0.861390275   0.000000000    90.0000    0.0000
  pz          0    0.430695141  0.430695141   0.861390282   0.000000000    90.0000    0.0000
   sum over m      1.292085416  1.292085416   2.584170833   0.000000000
  px          1    0.004265202  0.004265202   0.008530405   0.000000000    90.0000    0.0000
  py          1    0.004265202  0.004265202   0.008530405   0.000000000    90.0000    0.0000
  pz          1    0.004265202  0.004265202   0.008530404   0.000000000    90.0000    0.0000
   sum over m      0.012795607  0.012795607   0.025591214   0.000000000
   sum over m+mul  1.304881024  1.304881024   2.609762047   0.000000000
  d3z^2-r^2   0    0.012443059  0.012443059   0.024886119   0.000000000    90.0000    0.0000
  dx^2-y^2    0    0.012443059  0.012443059   0.024886119   0.000000000    90.0000    0.0000
  dxy         0    0.025357174  0.025357174   0.050714347   0.000000000    90.0000    0.0000
  dxz         0    0.025357174  0.025357174   0.050714347   0.000000000    90.0000    0.0000
  dyz         0    0.025357174  0.025357174   0.050714347   0.000000000    90.0000    0.0000
   sum over m      0.100957639  0.100957639   0.201915279   0.000000000
   sum over m+mul  0.100957639  0.100957639   0.201915279   0.000000000

  215   Si          Up spin      Down spin     Sum           Diff           Angles(Deg)
            multiple
  s           0    0.590381656  0.590381656   1.180763311   0.000000000    90.0000    0.0000
   sum over m      0.590381656  0.590381656   1.180763311   0.000000000
  s           1    0.003854728  0.003854728   0.007709455   0.000000000    90.0000    0.0000
   sum over m      0.003854728  0.003854728   0.007709455   0.000000000
   sum over m+mul  0.594236383  0.594236383   1.188472767   0.000000000
  px          0    0.430695138  0.430695138   0.861390275   0.000000000    90.0000    0.0000
  py          0    0.430695138  0.430695138   0.861390275   0.000000000    90.0000    0.0000
  pz          0    0.430695141  0.430695141   0.861390282   0.000000000    90.0000    0.0000
   sum over m      1.292085416  1.292085416   2.584170833   0.000000000
  px          1    0.004265202  0.004265202   0.008530405   0.000000000    90.0000    0.0000
  py          1    0.004265202  0.004265202   0.008530405   0.000000000    90.0000    0.0000
  pz          1    0.004265202  0.004265202   0.008530404   0.000000000    90.0000    0.0000
   sum over m      0.012795607  0.012795607   0.025591214   0.000000000
   sum over m+mul  1.304881024  1.304881024   2.609762047   0.000000000
  d3z^2-r^2   0    0.012443059  0.012443059   0.024886119   0.000000000    90.0000    0.0000
  dx^2-y^2    0    0.012443059  0.012443059   0.024886119   0.000000000    90.0000    0.0000
  dxy         0    0.025357174  0.025357174   0.050714347   0.000000000    90.0000    0.0000
  dxz         0    0.025357174  0.025357174   0.050714347   0.000000000    90.0000    0.0000
  dyz         0    0.025357174  0.025357174   0.050714347   0.000000000    90.0000    0.0000
   sum over m      0.100957639  0.100957639   0.201915279   0.000000000
   sum over m+mul  0.100957639  0.100957639   0.201915279   0.000000000

  216   Si          Up spin      Down spin     Sum           Diff           Angles(Deg)
            multiple
  s           0    0.590381656  0.590381656   1.180763311   0.000000000    90.0000    0.0000
   sum over m      0.590381656  0.590381656   1.180763311   0.000000000
  s           1    0.003854728  0.003854728   0.007709455   0.000000000    90.0000    0.0000
   sum over m      0.003854728  0.003854728   0.007709455   0.000000000
   sum over m+mul  0.594236383  0.594236383   1.188472767   0.000000000
  px          0    0.430695138  0.430695138   0.861390275   0.000000000    90.0000    0.0000
  py          0    0.430695138  0.430695138   0.861390275   0.000000000    90.0000    0.0000
  pz          0    0.430695141  0.430695141   0.861390282   0.000000000    90.0000    0.0000
   sum over m      1.292085416  1.292085416   2.584170833   0.000000000
  px          1    0.004265202  0.004265202   0.008530405   0.000000000    90.0000    0.0000
  py          1    0.004265202  0.004265202   0.008530405   0.000000000    90.0000    0.0000
  pz          1    0.004265202  0.004265202   0.008530404   0.000000000    90.0000    0.0000
   sum over m      0.012795607  0.012795607   0.025591214   0.000000000
   sum over m+mul  1.304881024  1.304881024   2.609762047   0.000000000
  d3z^2-r^2   0    0.012443059  0.012443059   0.024886119   0.000000000    90.0000    0.0000
  dx^2-y^2    0    0.012443059  0.012443059   0.024886119   0.000000000    90.0000    0.0000
  dxy         0    0.025357174  0.025357174   0.050714347   0.000000000    90.0000    0.0000
  dxz         0    0.025357174  0.025357174   0.050714347   0.000000000    90.0000    0.0000
  dyz         0    0.025357174  0.025357174   0.050714347   0.000000000    90.0000    0.0000
   sum over m      0.100957639  0.100957639   0.201915279   0.000000000
   sum over m+mul  0.100957639  0.100957639   0.201915279   0.000000000

***********************************************************
***********************************************************
                     Orbital moments                       
***********************************************************
***********************************************************

   Total Orbital Moment (muB)   0.000000000   Angles  (Deg) 142.510490184  30.469290403

          Orbital moment (muB)   theta (Deg)  phi (Deg)
    1   Si   0.00000            90.00000    0.00000
    2   Si   0.00000            90.00000    0.00000
    3   Si   0.00000            90.00000    0.00000
    4   Si   0.00000            90.00000    0.00000
    5   Si   0.00000            90.00000    0.00000
    6   Si   0.00000            90.00000    0.00000
    7   Si   0.00000            90.00000    0.00000
    8   Si   0.00000            90.00000    0.00000
    9   Si   0.00000            90.00000    0.00000
   10   Si   0.00000            90.00000    0.00000
   11   Si   0.00000            90.00000    0.00000
   12   Si   0.00000            90.00000    0.00000
   13   Si   0.00000            90.00000    0.00000
   14   Si   0.00000            90.00000    0.00000
   15   Si   0.00000            90.00000    0.00000
   16   Si   0.00000            90.00000    0.00000
   17   Si   0.00000            90.00000    0.00000
   18   Si   0.00000            90.00000    0.00000
   19   Si   0.00000            90.00000    0.00000
   20   Si   0.00000            90.00000    0.00000
   21   Si   0.00000            90.00000    0.00000
   22   Si   0.00000            90.00000    0.00000
   23   Si   0.00000            90.00000    0.00000
   24   Si   0.00000            90.00000    0.00000
   25   Si   0.00000            90.00000    0.00000
   26   Si   0.00000            90.00000    0.00000
   27   Si   0.00000            90.00000    0.00000
   28   Si   0.00000            90.00000    0.00000
   29   Si   0.00000            90.00000    0.00000
   30   Si   0.00000            90.00000    0.00000
   31   Si   0.00000            90.00000    0.00000
   32   Si   0.00000            90.00000    0.00000
   33   Si   0.00000            90.00000    0.00000
   34   Si   0.00000            90.00000    0.00000
   35   Si   0.00000            90.00000    0.00000
   36   Si   0.00000            90.00000    0.00000
   37   Si   0.00000            90.00000    0.00000
   38   Si   0.00000            90.00000    0.00000
   39   Si   0.00000            90.00000    0.00000
   40   Si   0.00000            90.00000    0.00000
   41   Si   0.00000            90.00000    0.00000
   42   Si   0.00000            90.00000    0.00000
   43   Si   0.00000            90.00000    0.00000
   44   Si   0.00000            90.00000    0.00000
   45   Si   0.00000            90.00000    0.00000
   46   Si   0.00000            90.00000    0.00000
   47   Si   0.00000            90.00000    0.00000
   48   Si   0.00000            90.00000    0.00000
   49   Si   0.00000            90.00000    0.00000
   50   Si   0.00000            90.00000    0.00000
   51   Si   0.00000            90.00000    0.00000
   52   Si   0.00000            90.00000    0.00000
   53   Si   0.00000            90.00000    0.00000
   54   Si   0.00000            90.00000    0.00000
   55   Si   0.00000            90.00000    0.00000
   56   Si   0.00000            90.00000    0.00000
   57   Si   0.00000            90.00000    0.00000
   58   Si   0.00000            90.00000    0.00000
   59   Si   0.00000            90.00000    0.00000
   60   Si   0.00000            90.00000    0.00000
   61   Si   0.00000            90.00000    0.00000
   62   Si   0.00000            90.00000    0.00000
   63   Si   0.00000            90.00000    0.00000
   64   Si   0.00000            90.00000    0.00000
   65   Si   0.00000            90.00000    0.00000
   66   Si   0.00000            90.00000    0.00000
   67   Si   0.00000            90.00000    0.00000
   68   Si   0.00000            90.00000    0.00000
   69   Si   0.00000            90.00000    0.00000
   70   Si   0.00000            90.00000    0.00000
   71   Si   0.00000            90.00000    0.00000
   72   Si   0.00000            90.00000    0.00000
   73   Si   0.00000            90.00000    0.00000
   74   Si   0.00000            90.00000    0.00000
   75   Si   0.00000            90.00000    0.00000
   76   Si   0.00000            90.00000    0.00000
   77   Si   0.00000            90.00000    0.00000
   78   Si   0.00000            90.00000    0.00000
   79   Si   0.00000            90.00000    0.00000
   80   Si   0.00000            90.00000    0.00000
   81   Si   0.00000            90.00000    0.00000
   82   Si   0.00000            90.00000    0.00000
   83   Si   0.00000            90.00000    0.00000
   84   Si   0.00000            90.00000    0.00000
   85   Si   0.00000            90.00000    0.00000
   86   Si   0.00000            90.00000    0.00000
   87   Si   0.00000            90.00000    0.00000
   88   Si   0.00000            90.00000    0.00000
   89   Si   0.00000            90.00000    0.00000
   90   Si   0.00000            90.00000    0.00000
   91   Si   0.00000            90.00000    0.00000
   92   Si   0.00000            90.00000    0.00000
   93   Si   0.00000            90.00000    0.00000
   94   Si   0.00000            90.00000    0.00000
   95   Si   0.00000            90.00000    0.00000
   96   Si   0.00000            90.00000    0.00000
   97   Si   0.00000            90.00000    0.00000
   98   Si   0.00000            90.00000    0.00000
   99   Si   0.00000            90.00000    0.00000
  100   Si   0.00000            90.00000    0.00000
  101   Si   0.00000            90.00000    0.00000
  102   Si   0.00000            90.00000    0.00000
  103   Si   0.00000            90.00000    0.00000
  104   Si   0.00000            90.00000    0.00000
  105   Si   0.00000            90.00000    0.00000
  106   Si   0.00000            90.00000    0.00000
  107   Si   0.00000            90.00000    0.00000
  108   Si   0.00000            90.00000    0.00000
  109   Si   0.00000            90.00000    0.00000
  110   Si   0.00000            90.00000    0.00000
  111   Si   0.00000            90.00000    0.00000
  112   Si   0.00000            90.00000    0.00000
  113   Si   0.00000            90.00000    0.00000
  114   Si   0.00000            90.00000    0.00000
  115   Si   0.00000            90.00000    0.00000
  116   Si   0.00000            90.00000    0.00000
  117   Si   0.00000            90.00000    0.00000
  118   Si   0.00000            90.00000    0.00000
  119   Si   0.00000            90.00000    0.00000
  120   Si   0.00000            90.00000    0.00000
  121   Si   0.00000            90.00000    0.00000
  122   Si   0.00000            90.00000    0.00000
  123   Si   0.00000            90.00000    0.00000
  124   Si   0.00000            90.00000    0.00000
  125   Si   0.00000            90.00000    0.00000
  126   Si   0.00000            90.00000    0.00000
  127   Si   0.00000            90.00000    0.00000
  128   Si   0.00000            90.00000    0.00000
  129   Si   0.00000            90.00000    0.00000
  130   Si   0.00000            90.00000    0.00000
  131   Si   0.00000            90.00000    0.00000
  132   Si   0.00000            90.00000    0.00000
  133   Si   0.00000            90.00000    0.00000
  134   Si   0.00000            90.00000    0.00000
  135   Si   0.00000            90.00000    0.00000
  136   Si   0.00000            90.00000    0.00000
  137   Si   0.00000            90.00000    0.00000
  138   Si   0.00000            90.00000    0.00000
  139   Si   0.00000            90.00000    0.00000
  140   Si   0.00000            90.00000    0.00000
  141   Si   0.00000            90.00000    0.00000
  142   Si   0.00000            90.00000    0.00000
  143   Si   0.00000            90.00000    0.00000
  144   Si   0.00000            90.00000    0.00000
  145   Si   0.00000            90.00000    0.00000
  146   Si   0.00000            90.00000    0.00000
  147   Si   0.00000            90.00000    0.00000
  148   Si   0.00000            90.00000    0.00000
  149   Si   0.00000            90.00000    0.00000
  150   Si   0.00000            90.00000    0.00000
  151   Si   0.00000            90.00000    0.00000
  152   Si   0.00000            90.00000    0.00000
  153   Si   0.00000            90.00000    0.00000
  154   Si   0.00000            90.00000    0.00000
  155   Si   0.00000            90.00000    0.00000
  156   Si   0.00000            90.00000    0.00000
  157   Si   0.00000            90.00000    0.00000
  158   Si   0.00000            90.00000    0.00000
  159   Si   0.00000            90.00000    0.00000
  160   Si   0.00000            90.00000    0.00000
  161   Si   0.00000            90.00000    0.00000
  162   Si   0.00000            90.00000    0.00000
  163   Si   0.00000            90.00000    0.00000
  164   Si   0.00000            90.00000    0.00000
  165   Si   0.00000            90.00000    0.00000
  166   Si   0.00000            90.00000    0.00000
  167   Si   0.00000            90.00000    0.00000
  168   Si   0.00000            90.00000    0.00000
  169   Si   0.00000            90.00000    0.00000
  170   Si   0.00000            90.00000    0.00000
  171   Si   0.00000            90.00000    0.00000
  172   Si   0.00000            90.00000    0.00000
  173   Si   0.00000            90.00000    0.00000
  174   Si   0.00000            90.00000    0.00000
  175   Si   0.00000            90.00000    0.00000
  176   Si   0.00000            90.00000    0.00000
  177   Si   0.00000            90.00000    0.00000
  178   Si   0.00000            90.00000    0.00000
  179   Si   0.00000            90.00000    0.00000
  180   Si   0.00000            90.00000    0.00000
  181   Si   0.00000            90.00000    0.00000
  182   Si   0.00000            90.00000    0.00000
  183   Si   0.00000            90.00000    0.00000
  184   Si   0.00000            90.00000    0.00000
  185   Si   0.00000            90.00000    0.00000
  186   Si   0.00000            90.00000    0.00000
  187   Si   0.00000            90.00000    0.00000
  188   Si   0.00000            90.00000    0.00000
  189   Si   0.00000            90.00000    0.00000
  190   Si   0.00000            90.00000    0.00000
  191   Si   0.00000            90.00000    0.00000
  192   Si   0.00000            90.00000    0.00000
  193   Si   0.00000            90.00000    0.00000
  194   Si   0.00000            90.00000    0.00000
  195   Si   0.00000            90.00000    0.00000
  196   Si   0.00000            90.00000    0.00000
  197   Si   0.00000            90.00000    0.00000
  198   Si   0.00000            90.00000    0.00000
  199   Si   0.00000            90.00000    0.00000
  200   Si   0.00000            90.00000    0.00000
  201   Si   0.00000            90.00000    0.00000
  202   Si   0.00000            90.00000    0.00000
  203   Si   0.00000            90.00000    0.00000
  204   Si   0.00000            90.00000    0.00000
  205   Si   0.00000            90.00000    0.00000
  206   Si   0.00000            90.00000    0.00000
  207   Si   0.00000            90.00000    0.00000
  208   Si   0.00000            90.00000    0.00000
  209   Si   0.00000            90.00000    0.00000
  210   Si   0.00000            90.00000    0.00000
  211   Si   0.00000            90.00000    0.00000
  212   Si   0.00000            90.00000    0.00000
  213   Si   0.00000            90.00000    0.00000
  214   Si   0.00000            90.00000    0.00000
  215   Si   0.00000            90.00000    0.00000
  216   Si   0.00000            90.00000    0.00000


  Decomposed Orbital Moments

    1   Si         Orbital Moment(muB)    Angles (Deg)
            multiple
  s           0    0.000000000           90.0000    0.0000
   sum over m      0.000000000           90.0000    0.0000
  s           1    0.000000000           90.0000    0.0000
   sum over m      0.000000000           90.0000    0.0000
  px          0    0.000000000           90.0000    0.0000
  py          0    0.000000000           90.0000    0.0000
  pz          0    0.000000000           90.0000    0.0000
   sum over m      0.000000000           90.0000    0.0000
  px          1    0.000000000           90.0000    0.0000
  py          1    0.000000000           90.0000    0.0000
  pz          1    0.000000000           90.0000    0.0000
   sum over m      0.000000000           90.0000    0.0000
  d3z^2-r^2   0    0.000000000           90.0000    0.0000
  dx^2-y^2    0    0.000000000           90.0000    0.0000
  dxy         0    0.000000000           90.0000    0.0000
  dxz         0    0.000000000           90.0000    0.0000
  dyz         0    0.000000000           90.0000    0.0000
   sum over m      0.000000000           90.0000    0.0000

    2   Si         Orbital Moment(muB)    Angles (Deg)
            multiple
  s           0    0.000000000           90.0000    0.0000
   sum over m      0.000000000           90.0000    0.0000
  s           1    0.000000000           90.0000    0.0000
   sum over m      0.000000000           90.0000    0.0000
  px          0    0.000000000           90.0000    0.0000
  py          0    0.000000000           90.0000    0.0000
  pz          0    0.000000000           90.0000    0.0000
   sum over m      0.000000000           90.0000    0.0000
  px          1    0.000000000           90.0000    0.0000
  py          1    0.000000000           90.0000    0.0000
  pz          1    0.000000000           90.0000    0.0000
   sum over m      0.000000000           90.0000    0.0000
  d3z^2-r^2   0    0.000000000           90.0000    0.0000
  dx^2-y^2    0    0.000000000           90.0000    0.0000
  dxy         0    0.000000000           90.0000    0.0000
  dxz         0    0.000000000           90.0000    0.0000
  dyz         0    0.000000000           90.0000    0.0000
   sum over m      0.000000000           90.0000    0.0000

    3   Si         Orbital Moment(muB)    Angles (Deg)
            multiple
  s           0    0.000000000           90.0000    0.0000
   sum over m      0.000000000           90.0000    0.0000
  s           1    0.000000000           90.0000    0.0000
   sum over m      0.000000000           90.0000    0.0000
  px          0    0.000000000           90.0000    0.0000
  py          0    0.000000000           90.0000    0.0000
  pz          0    0.000000000           90.0000    0.0000
   sum over m      0.000000000           90.0000    0.0000
  px          1    0.000000000           90.0000    0.0000
  py          1    0.000000000           90.0000    0.0000
  pz          1    0.000000000           90.0000    0.0000
   sum over m      0.000000000           90.0000    0.0000
  d3z^2-r^2   0    0.000000000           90.0000    0.0000
  dx^2-y^2    0    0.000000000           90.0000    0.0000
  dxy         0    0.000000000           90.0000    0.0000
  dxz         0    0.000000000           90.0000    0.0000
  dyz         0    0.000000000           90.0000    0.0000
   sum over m      0.000000000           90.0000    0.0000

    4   Si         Orbital Moment(muB)    Angles (Deg)
            multiple
  s           0    0.000000000           90.0000    0.0000
   sum over m      0.000000000           90.0000    0.0000
  s           1    0.000000000           90.0000    0.0000
   sum over m      0.000000000           90.0000    0.0000
  px          0    0.000000000           90.0000    0.0000
  py          0    0.000000000           90.0000    0.0000
  pz          0    0.000000000           90.0000    0.0000
   sum over m      0.000000000           90.0000    0.0000
  px          1    0.000000000           90.0000    0.0000
  py          1    0.000000000           90.0000    0.0000
  pz          1    0.000000000           90.0000    0.0000
   sum over m      0.000000000           90.0000    0.0000
  d3z^2-r^2   0    0.000000000           90.0000    0.0000
  dx^2-y^2    0    0.000000000           90.0000    0.0000
  dxy         0    0.000000000           90.0000    0.0000
  dxz         0    0.000000000           90.0000    0.0000
  dyz         0    0.000000000           90.0000    0.0000
   sum over m      0.000000000           90.0000    0.0000

    5   Si         Orbital Moment(muB)    Angles (Deg)
            multiple
  s           0    0.000000000           90.0000    0.0000
   sum over m      0.000000000           90.0000    0.0000
  s           1    0.000000000           90.0000    0.0000
   sum over m      0.000000000           90.0000    0.0000
  px          0    0.000000000           90.0000    0.0000
  py          0    0.000000000           90.0000    0.0000
  pz          0    0.000000000           90.0000    0.0000
   sum over m      0.000000000           90.0000    0.0000
  px          1    0.000000000           90.0000    0.0000
  py          1    0.000000000           90.0000    0.0000
  pz          1    0.000000000           90.0000    0.0000
   sum over m      0.000000000           90.0000    0.0000
  d3z^2-r^2   0    0.000000000           90.0000    0.0000
  dx^2-y^2    0    0.000000000           90.0000    0.0000
  dxy         0    0.000000000           90.0000    0.0000
  dxz         0    0.000000000           90.0000    0.0000
  dyz         0    0.000000000           90.0000    0.0000
   sum over m      0.000000000           90.0000    0.0000

    6   Si         Orbital Moment(muB)    Angles (Deg)
            multiple
  s           0    0.000000000           90.0000    0.0000
   sum over m      0.000000000           90.0000    0.0000
  s           1    0.000000000           90.0000    0.0000
   sum over m      0.000000000           90.0000    0.0000
  px          0    0.000000000           90.0000    0.0000
  py          0    0.000000000           90.0000    0.0000
  pz          0    0.000000000           90.0000    0.0000
   sum over m      0.000000000           90.0000    0.0000
  px          1    0.000000000           90.0000    0.0000
  py          1    0.000000000           90.0000    0.0000
  pz          1    0.000000000           90.0000    0.0000
   sum over m      0.000000000           90.0000    0.0000
  d3z^2-r^2   0    0.000000000           90.0000    0.0000
  dx^2-y^2    0    0.000000000           90.0000    0.0000
  dxy         0    0.000000000           90.0000    0.0000
  dxz         0    0.000000000           90.0000    0.0000
  dyz         0    0.000000000           90.0000    0.0000
   sum over m      0.000000000           90.0000    0.0000

    7   Si         Orbital Moment(muB)    Angles (Deg)
            multiple
  s           0    0.000000000           90.0000    0.0000
   sum over m      0.000000000           90.0000    0.0000
  s           1    0.000000000           90.0000    0.0000
   sum over m      0.000000000           90.0000    0.0000
  px          0    0.000000000           90.0000    0.0000
  py          0    0.000000000           90.0000    0.0000
  pz          0    0.000000000           90.0000    0.0000
   sum over m      0.000000000           90.0000    0.0000
  px          1    0.000000000           90.0000    0.0000
  py          1    0.000000000           90.0000    0.0000
  pz          1    0.000000000           90.0000    0.0000
   sum over m      0.000000000           90.0000    0.0000
  d3z^2-r^2   0    0.000000000           90.0000    0.0000
  dx^2-y^2    0    0.000000000           90.0000    0.0000
  dxy         0    0.000000000           90.0000    0.0000
  dxz         0    0.000000000           90.0000    0.0000
  dyz         0    0.000000000           90.0000    0.0000
   sum over m      0.000000000           90.0000    0.0000

    8   Si         Orbital Moment(muB)    Angles (Deg)
            multiple
  s           0    0.000000000           90.0000    0.0000
   sum over m      0.000000000           90.0000    0.0000
  s           1    0.000000000           90.0000    0.0000
   sum over m      0.000000000           90.0000    0.0000
  px          0    0.000000000           90.0000    0.0000
  py          0    0.000000000           90.0000    0.0000
  pz          0    0.000000000           90.0000    0.0000
   sum over m      0.000000000           90.0000    0.0000
  px          1    0.000000000           90.0000    0.0000
  py          1    0.000000000           90.0000    0.0000
  pz          1    0.000000000           90.0000    0.0000
   sum over m      0.000000000           90.0000    0.0000
  d3z^2-r^2   0    0.000000000           90.0000    0.0000
  dx^2-y^2    0    0.000000000           90.0000    0.0000
  dxy         0    0.000000000           90.0000    0.0000
  dxz         0    0.000000000           90.0000    0.0000
  dyz         0    0.000000000           90.0000    0.0000
   sum over m      0.000000000           90.0000    0.0000

    9   Si         Orbital Moment(muB)    Angles (Deg)
            multiple
  s           0    0.000000000           90.0000    0.0000
   sum over m      0.000000000           90.0000    0.0000
  s           1    0.000000000           90.0000    0.0000
   sum over m      0.000000000           90.0000    0.0000
  px          0    0.000000000           90.0000    0.0000
  py          0    0.000000000           90.0000    0.0000
  pz          0    0.000000000           90.0000    0.0000
   sum over m      0.000000000           90.0000    0.0000
  px          1    0.000000000           90.0000    0.0000
  py          1    0.000000000           90.0000    0.0000
  pz          1    0.000000000           90.0000    0.0000
   sum over m      0.000000000           90.0000    0.0000
  d3z^2-r^2   0    0.000000000           90.0000    0.0000
  dx^2-y^2    0    0.000000000           90.0000    0.0000
  dxy         0    0.000000000           90.0000    0.0000
  dxz         0    0.000000000           90.0000    0.0000
  dyz         0    0.000000000           90.0000    0.0000
   sum over m      0.000000000           90.0000    0.0000

   10   Si         Orbital Moment(muB)    Angles (Deg)
            multiple
  s           0    0.000000000           90.0000    0.0000
   sum over m      0.000000000           90.0000    0.0000
  s           1    0.000000000           90.0000    0.0000
   sum over m      0.000000000           90.0000    0.0000
  px          0    0.000000000           90.0000    0.0000
  py          0    0.000000000           90.0000    0.0000
  pz          0    0.000000000           90.0000    0.0000
   sum over m      0.000000000           90.0000    0.0000
  px          1    0.000000000           90.0000    0.0000
  py          1    0.000000000           90.0000    0.0000
  pz          1    0.000000000           90.0000    0.0000
   sum over m      0.000000000           90.0000    0.0000
  d3z^2-r^2   0    0.000000000           90.0000    0.0000
  dx^2-y^2    0    0.000000000           90.0000    0.0000
  dxy         0    0.000000000           90.0000    0.0000
  dxz         0    0.000000000           90.0000    0.0000
  dyz         0    0.000000000           90.0000    0.0000
   sum over m      0.000000000           90.0000    0.0000

   11   Si         Orbital Moment(muB)    Angles (Deg)
            multiple
  s           0    0.000000000           90.0000    0.0000
   sum over m      0.000000000           90.0000    0.0000
  s           1    0.000000000           90.0000    0.0000
   sum over m      0.000000000           90.0000    0.0000
  px          0    0.000000000           90.0000    0.0000
  py          0    0.000000000           90.0000    0.0000
  pz          0    0.000000000           90.0000    0.0000
   sum over m      0.000000000           90.0000    0.0000
  px          1    0.000000000           90.0000    0.0000
  py          1    0.000000000           90.0000    0.0000
  pz          1    0.000000000           90.0000    0.0000
   sum over m      0.000000000           90.0000    0.0000
  d3z^2-r^2   0    0.000000000           90.0000    0.0000
  dx^2-y^2    0    0.000000000           90.0000    0.0000
  dxy         0    0.000000000           90.0000    0.0000
  dxz         0    0.000000000           90.0000    0.0000
  dyz         0    0.000000000           90.0000    0.0000
   sum over m      0.000000000           90.0000    0.0000

   12   Si         Orbital Moment(muB)    Angles (Deg)
            multiple
  s           0    0.000000000           90.0000    0.0000
   sum over m      0.000000000           90.0000    0.0000
  s           1    0.000000000           90.0000    0.0000
   sum over m      0.000000000           90.0000    0.0000
  px          0    0.000000000           90.0000    0.0000
  py          0    0.000000000           90.0000    0.0000
  pz          0    0.000000000           90.0000    0.0000
   sum over m      0.000000000           90.0000    0.0000
  px          1    0.000000000           90.0000    0.0000
  py          1    0.000000000           90.0000    0.0000
  pz          1    0.000000000           90.0000    0.0000
   sum over m      0.000000000           90.0000    0.0000
  d3z^2-r^2   0    0.000000000           90.0000    0.0000
  dx^2-y^2    0    0.000000000           90.0000    0.0000
  dxy         0    0.000000000           90.0000    0.0000
  dxz         0    0.000000000           90.0000    0.0000
  dyz         0    0.000000000           90.0000    0.0000
   sum over m      0.000000000           90.0000    0.0000

   13   Si         Orbital Moment(muB)    Angles (Deg)
            multiple
  s           0    0.000000000           90.0000    0.0000
   sum over m      0.000000000           90.0000    0.0000
  s           1    0.000000000           90.0000    0.0000
   sum over m      0.000000000           90.0000    0.0000
  px          0    0.000000000           90.0000    0.0000
  py          0    0.000000000           90.0000    0.0000
  pz          0    0.000000000           90.0000    0.0000
   sum over m      0.000000000           90.0000    0.0000
  px          1    0.000000000           90.0000    0.0000
  py          1    0.000000000           90.0000    0.0000
  pz          1    0.000000000           90.0000    0.0000
   sum over m      0.000000000           90.0000    0.0000
  d3z^2-r^2   0    0.000000000           90.0000    0.0000
  dx^2-y^2    0    0.000000000           90.0000    0.0000
  dxy         0    0.000000000           90.0000    0.0000
  dxz         0    0.000000000           90.0000    0.0000
  dyz         0    0.000000000           90.0000    0.0000
   sum over m      0.000000000           90.0000    0.0000

   14   Si         Orbital Moment(muB)    Angles (Deg)
            multiple
  s           0    0.000000000           90.0000    0.0000
   sum over m      0.000000000           90.0000    0.0000
  s           1    0.000000000           90.0000    0.0000
   sum over m      0.000000000           90.0000    0.0000
  px          0    0.000000000           90.0000    0.0000
  py          0    0.000000000           90.0000    0.0000
  pz          0    0.000000000           90.0000    0.0000
   sum over m      0.000000000           90.0000    0.0000
  px          1    0.000000000           90.0000    0.0000
  py          1    0.000000000           90.0000    0.0000
  pz          1    0.000000000           90.0000    0.0000
   sum over m      0.000000000           90.0000    0.0000
  d3z^2-r^2   0    0.000000000           90.0000    0.0000
  dx^2-y^2    0    0.000000000           90.0000    0.0000
  dxy         0    0.000000000           90.0000    0.0000
  dxz         0    0.000000000           90.0000    0.0000
  dyz         0    0.000000000           90.0000    0.0000
   sum over m      0.000000000           90.0000    0.0000

   15   Si         Orbital Moment(muB)    Angles (Deg)
            multiple
  s           0    0.000000000           90.0000    0.0000
   sum over m      0.000000000           90.0000    0.0000
  s           1    0.000000000           90.0000    0.0000
   sum over m      0.000000000           90.0000    0.0000
  px          0    0.000000000           90.0000    0.0000
  py          0    0.000000000           90.0000    0.0000
  pz          0    0.000000000           90.0000    0.0000
   sum over m      0.000000000           90.0000    0.0000
  px          1    0.000000000           90.0000    0.0000
  py          1    0.000000000           90.0000    0.0000
  pz          1    0.000000000           90.0000    0.0000
   sum over m      0.000000000           90.0000    0.0000
  d3z^2-r^2   0    0.000000000           90.0000    0.0000
  dx^2-y^2    0    0.000000000           90.0000    0.0000
  dxy         0    0.000000000           90.0000    0.0000
  dxz         0    0.000000000           90.0000    0.0000
  dyz         0    0.000000000           90.0000    0.0000
   sum over m      0.000000000           90.0000    0.0000

   16   Si         Orbital Moment(muB)    Angles (Deg)
            multiple
  s           0    0.000000000           90.0000    0.0000
   sum over m      0.000000000           90.0000    0.0000
  s           1    0.000000000           90.0000    0.0000
   sum over m      0.000000000           90.0000    0.0000
  px          0    0.000000000           90.0000    0.0000
  py          0    0.000000000           90.0000    0.0000
  pz          0    0.000000000           90.0000    0.0000
   sum over m      0.000000000           90.0000    0.0000
  px          1    0.000000000           90.0000    0.0000
  py          1    0.000000000           90.0000    0.0000
  pz          1    0.000000000           90.0000    0.0000
   sum over m      0.000000000           90.0000    0.0000
  d3z^2-r^2   0    0.000000000           90.0000    0.0000
  dx^2-y^2    0    0.000000000           90.0000    0.0000
  dxy         0    0.000000000           90.0000    0.0000
  dxz         0    0.000000000           90.0000    0.0000
  dyz         0    0.000000000           90.0000    0.0000
   sum over m      0.000000000           90.0000    0.0000

   17   Si         Orbital Moment(muB)    Angles (Deg)
            multiple
  s           0    0.000000000           90.0000    0.0000
   sum over m      0.000000000           90.0000    0.0000
  s           1    0.000000000           90.0000    0.0000
   sum over m      0.000000000           90.0000    0.0000
  px          0    0.000000000           90.0000    0.0000
  py          0    0.000000000           90.0000    0.0000
  pz          0    0.000000000           90.0000    0.0000
   sum over m      0.000000000           90.0000    0.0000
  px          1    0.000000000           90.0000    0.0000
  py          1    0.000000000           90.0000    0.0000
  pz          1    0.000000000           90.0000    0.0000
   sum over m      0.000000000           90.0000    0.0000
  d3z^2-r^2   0    0.000000000           90.0000    0.0000
  dx^2-y^2    0    0.000000000           90.0000    0.0000
  dxy         0    0.000000000           90.0000    0.0000
  dxz         0    0.000000000           90.0000    0.0000
  dyz         0    0.000000000           90.0000    0.0000
   sum over m      0.000000000           90.0000    0.0000

   18   Si         Orbital Moment(muB)    Angles (Deg)
            multiple
  s           0    0.000000000           90.0000    0.0000
   sum over m      0.000000000           90.0000    0.0000
  s           1    0.000000000           90.0000    0.0000
   sum over m      0.000000000           90.0000    0.0000
  px          0    0.000000000           90.0000    0.0000
  py          0    0.000000000           90.0000    0.0000
  pz          0    0.000000000           90.0000    0.0000
   sum over m      0.000000000           90.0000    0.0000
  px          1    0.000000000           90.0000    0.0000
  py          1    0.000000000           90.0000    0.0000
  pz          1    0.000000000           90.0000    0.0000
   sum over m      0.000000000           90.0000    0.0000
  d3z^2-r^2   0    0.000000000           90.0000    0.0000
  dx^2-y^2    0    0.000000000           90.0000    0.0000
  dxy         0    0.000000000           90.0000    0.0000
  dxz         0    0.000000000           90.0000    0.0000
  dyz         0    0.000000000           90.0000    0.0000
   sum over m      0.000000000           90.0000    0.0000

   19   Si         Orbital Moment(muB)    Angles (Deg)
            multiple
  s           0    0.000000000           90.0000    0.0000
   sum over m      0.000000000           90.0000    0.0000
  s           1    0.000000000           90.0000    0.0000
   sum over m      0.000000000           90.0000    0.0000
  px          0    0.000000000           90.0000    0.0000
  py          0    0.000000000           90.0000    0.0000
  pz          0    0.000000000           90.0000    0.0000
   sum over m      0.000000000           90.0000    0.0000
  px          1    0.000000000           90.0000    0.0000
  py          1    0.000000000           90.0000    0.0000
  pz          1    0.000000000           90.0000    0.0000
   sum over m      0.000000000           90.0000    0.0000
  d3z^2-r^2   0    0.000000000           90.0000    0.0000
  dx^2-y^2    0    0.000000000           90.0000    0.0000
  dxy         0    0.000000000           90.0000    0.0000
  dxz         0    0.000000000           90.0000    0.0000
  dyz         0    0.000000000           90.0000    0.0000
   sum over m      0.000000000           90.0000    0.0000

   20   Si         Orbital Moment(muB)    Angles (Deg)
            multiple
  s           0    0.000000000           90.0000    0.0000
   sum over m      0.000000000           90.0000    0.0000
  s           1    0.000000000           90.0000    0.0000
   sum over m      0.000000000           90.0000    0.0000
  px          0    0.000000000           90.0000    0.0000
  py          0    0.000000000           90.0000    0.0000
  pz          0    0.000000000           90.0000    0.0000
   sum over m      0.000000000           90.0000    0.0000
  px          1    0.000000000           90.0000    0.0000
  py          1    0.000000000           90.0000    0.0000
  pz          1    0.000000000           90.0000    0.0000
   sum over m      0.000000000           90.0000    0.0000
  d3z^2-r^2   0    0.000000000           90.0000    0.0000
  dx^2-y^2    0    0.000000000           90.0000    0.0000
  dxy         0    0.000000000           90.0000    0.0000
  dxz         0    0.000000000           90.0000    0.0000
  dyz         0    0.000000000           90.0000    0.0000
   sum over m      0.000000000           90.0000    0.0000

   21   Si         Orbital Moment(muB)    Angles (Deg)
            multiple
  s           0    0.000000000           90.0000    0.0000
   sum over m      0.000000000           90.0000    0.0000
  s           1    0.000000000           90.0000    0.0000
   sum over m      0.000000000           90.0000    0.0000
  px          0    0.000000000           90.0000    0.0000
  py          0    0.000000000           90.0000    0.0000
  pz          0    0.000000000           90.0000    0.0000
   sum over m      0.000000000           90.0000    0.0000
  px          1    0.000000000           90.0000    0.0000
  py          1    0.000000000           90.0000    0.0000
  pz          1    0.000000000           90.0000    0.0000
   sum over m      0.000000000           90.0000    0.0000
  d3z^2-r^2   0    0.000000000           90.0000    0.0000
  dx^2-y^2    0    0.000000000           90.0000    0.0000
  dxy         0    0.000000000           90.0000    0.0000
  dxz         0    0.000000000           90.0000    0.0000
  dyz         0    0.000000000           90.0000    0.0000
   sum over m      0.000000000           90.0000    0.0000

   22   Si         Orbital Moment(muB)    Angles (Deg)
            multiple
  s           0    0.000000000           90.0000    0.0000
   sum over m      0.000000000           90.0000    0.0000
  s           1    0.000000000           90.0000    0.0000
   sum over m      0.000000000           90.0000    0.0000
  px          0    0.000000000           90.0000    0.0000
  py          0    0.000000000           90.0000    0.0000
  pz          0    0.000000000           90.0000    0.0000
   sum over m      0.000000000           90.0000    0.0000
  px          1    0.000000000           90.0000    0.0000
  py          1    0.000000000           90.0000    0.0000
  pz          1    0.000000000           90.0000    0.0000
   sum over m      0.000000000           90.0000    0.0000
  d3z^2-r^2   0    0.000000000           90.0000    0.0000
  dx^2-y^2    0    0.000000000           90.0000    0.0000
  dxy         0    0.000000000           90.0000    0.0000
  dxz         0    0.000000000           90.0000    0.0000
  dyz         0    0.000000000           90.0000    0.0000
   sum over m      0.000000000           90.0000    0.0000

   23   Si         Orbital Moment(muB)    Angles (Deg)
            multiple
  s           0    0.000000000           90.0000    0.0000
   sum over m      0.000000000           90.0000    0.0000
  s           1    0.000000000           90.0000    0.0000
   sum over m      0.000000000           90.0000    0.0000
  px          0    0.000000000           90.0000    0.0000
  py          0    0.000000000           90.0000    0.0000
  pz          0    0.000000000           90.0000    0.0000
   sum over m      0.000000000           90.0000    0.0000
  px          1    0.000000000           90.0000    0.0000
  py          1    0.000000000           90.0000    0.0000
  pz          1    0.000000000           90.0000    0.0000
   sum over m      0.000000000           90.0000    0.0000
  d3z^2-r^2   0    0.000000000           90.0000    0.0000
  dx^2-y^2    0    0.000000000           90.0000    0.0000
  dxy         0    0.000000000           90.0000    0.0000
  dxz         0    0.000000000           90.0000    0.0000
  dyz         0    0.000000000           90.0000    0.0000
   sum over m      0.000000000           90.0000    0.0000

   24   Si         Orbital Moment(muB)    Angles (Deg)
            multiple
  s           0    0.000000000           90.0000    0.0000
   sum over m      0.000000000           90.0000    0.0000
  s           1    0.000000000           90.0000    0.0000
   sum over m      0.000000000           90.0000    0.0000
  px          0    0.000000000           90.0000    0.0000
  py          0    0.000000000           90.0000    0.0000
  pz          0    0.000000000           90.0000    0.0000
   sum over m      0.000000000           90.0000    0.0000
  px          1    0.000000000           90.0000    0.0000
  py          1    0.000000000           90.0000    0.0000
  pz          1    0.000000000           90.0000    0.0000
   sum over m      0.000000000           90.0000    0.0000
  d3z^2-r^2   0    0.000000000           90.0000    0.0000
  dx^2-y^2    0    0.000000000           90.0000    0.0000
  dxy         0    0.000000000           90.0000    0.0000
  dxz         0    0.000000000           90.0000    0.0000
  dyz         0    0.000000000           90.0000    0.0000
   sum over m      0.000000000           90.0000    0.0000

   25   Si         Orbital Moment(muB)    Angles (Deg)
            multiple
  s           0    0.000000000           90.0000    0.0000
   sum over m      0.000000000           90.0000    0.0000
  s           1    0.000000000           90.0000    0.0000
   sum over m      0.000000000           90.0000    0.0000
  px          0    0.000000000           90.0000    0.0000
  py          0    0.000000000           90.0000    0.0000
  pz          0    0.000000000           90.0000    0.0000
   sum over m      0.000000000           90.0000    0.0000
  px          1    0.000000000           90.0000    0.0000
  py          1    0.000000000           90.0000    0.0000
  pz          1    0.000000000           90.0000    0.0000
   sum over m      0.000000000           90.0000    0.0000
  d3z^2-r^2   0    0.000000000           90.0000    0.0000
  dx^2-y^2    0    0.000000000           90.0000    0.0000
  dxy         0    0.000000000           90.0000    0.0000
  dxz         0    0.000000000           90.0000    0.0000
  dyz         0    0.000000000           90.0000    0.0000
   sum over m      0.000000000           90.0000    0.0000

   26   Si         Orbital Moment(muB)    Angles (Deg)
            multiple
  s           0    0.000000000           90.0000    0.0000
   sum over m      0.000000000           90.0000    0.0000
  s           1    0.000000000           90.0000    0.0000
   sum over m      0.000000000           90.0000    0.0000
  px          0    0.000000000           90.0000    0.0000
  py          0    0.000000000           90.0000    0.0000
  pz          0    0.000000000           90.0000    0.0000
   sum over m      0.000000000           90.0000    0.0000
  px          1    0.000000000           90.0000    0.0000
  py          1    0.000000000           90.0000    0.0000
  pz          1    0.000000000           90.0000    0.0000
   sum over m      0.000000000           90.0000    0.0000
  d3z^2-r^2   0    0.000000000           90.0000    0.0000
  dx^2-y^2    0    0.000000000           90.0000    0.0000
  dxy         0    0.000000000           90.0000    0.0000
  dxz         0    0.000000000           90.0000    0.0000
  dyz         0    0.000000000           90.0000    0.0000
   sum over m      0.000000000           90.0000    0.0000

   27   Si         Orbital Moment(muB)    Angles (Deg)
            multiple
  s           0    0.000000000           90.0000    0.0000
   sum over m      0.000000000           90.0000    0.0000
  s           1    0.000000000           90.0000    0.0000
   sum over m      0.000000000           90.0000    0.0000
  px          0    0.000000000           90.0000    0.0000
  py          0    0.000000000           90.0000    0.0000
  pz          0    0.000000000           90.0000    0.0000
   sum over m      0.000000000           90.0000    0.0000
  px          1    0.000000000           90.0000    0.0000
  py          1    0.000000000           90.0000    0.0000
  pz          1    0.000000000           90.0000    0.0000
   sum over m      0.000000000           90.0000    0.0000
  d3z^2-r^2   0    0.000000000           90.0000    0.0000
  dx^2-y^2    0    0.000000000           90.0000    0.0000
  dxy         0    0.000000000           90.0000    0.0000
  dxz         0    0.000000000           90.0000    0.0000
  dyz         0    0.000000000           90.0000    0.0000
   sum over m      0.000000000           90.0000    0.0000

   28   Si         Orbital Moment(muB)    Angles (Deg)
            multiple
  s           0    0.000000000           90.0000    0.0000
   sum over m      0.000000000           90.0000    0.0000
  s           1    0.000000000           90.0000    0.0000
   sum over m      0.000000000           90.0000    0.0000
  px          0    0.000000000           90.0000    0.0000
  py          0    0.000000000           90.0000    0.0000
  pz          0    0.000000000           90.0000    0.0000
   sum over m      0.000000000           90.0000    0.0000
  px          1    0.000000000           90.0000    0.0000
  py          1    0.000000000           90.0000    0.0000
  pz          1    0.000000000           90.0000    0.0000
   sum over m      0.000000000           90.0000    0.0000
  d3z^2-r^2   0    0.000000000           90.0000    0.0000
  dx^2-y^2    0    0.000000000           90.0000    0.0000
  dxy         0    0.000000000           90.0000    0.0000
  dxz         0    0.000000000           90.0000    0.0000
  dyz         0    0.000000000           90.0000    0.0000
   sum over m      0.000000000           90.0000    0.0000

   29   Si         Orbital Moment(muB)    Angles (Deg)
            multiple
  s           0    0.000000000           90.0000    0.0000
   sum over m      0.000000000           90.0000    0.0000
  s           1    0.000000000           90.0000    0.0000
   sum over m      0.000000000           90.0000    0.0000
  px          0    0.000000000           90.0000    0.0000
  py          0    0.000000000           90.0000    0.0000
  pz          0    0.000000000           90.0000    0.0000
   sum over m      0.000000000           90.0000    0.0000
  px          1    0.000000000           90.0000    0.0000
  py          1    0.000000000           90.0000    0.0000
  pz          1    0.000000000           90.0000    0.0000
   sum over m      0.000000000           90.0000    0.0000
  d3z^2-r^2   0    0.000000000           90.0000    0.0000
  dx^2-y^2    0    0.000000000           90.0000    0.0000
  dxy         0    0.000000000           90.0000    0.0000
  dxz         0    0.000000000           90.0000    0.0000
  dyz         0    0.000000000           90.0000    0.0000
   sum over m      0.000000000           90.0000    0.0000

   30   Si         Orbital Moment(muB)    Angles (Deg)
            multiple
  s           0    0.000000000           90.0000    0.0000
   sum over m      0.000000000           90.0000    0.0000
  s           1    0.000000000           90.0000    0.0000
   sum over m      0.000000000           90.0000    0.0000
  px          0    0.000000000           90.0000    0.0000
  py          0    0.000000000           90.0000    0.0000
  pz          0    0.000000000           90.0000    0.0000
   sum over m      0.000000000           90.0000    0.0000
  px          1    0.000000000           90.0000    0.0000
  py          1    0.000000000           90.0000    0.0000
  pz          1    0.000000000           90.0000    0.0000
   sum over m      0.000000000           90.0000    0.0000
  d3z^2-r^2   0    0.000000000           90.0000    0.0000
  dx^2-y^2    0    0.000000000           90.0000    0.0000
  dxy         0    0.000000000           90.0000    0.0000
  dxz         0    0.000000000           90.0000    0.0000
  dyz         0    0.000000000           90.0000    0.0000
   sum over m      0.000000000           90.0000    0.0000

   31   Si         Orbital Moment(muB)    Angles (Deg)
            multiple
  s           0    0.000000000           90.0000    0.0000
   sum over m      0.000000000           90.0000    0.0000
  s           1    0.000000000           90.0000    0.0000
   sum over m      0.000000000           90.0000    0.0000
  px          0    0.000000000           90.0000    0.0000
  py          0    0.000000000           90.0000    0.0000
  pz          0    0.000000000           90.0000    0.0000
   sum over m      0.000000000           90.0000    0.0000
  px          1    0.000000000           90.0000    0.0000
  py          1    0.000000000           90.0000    0.0000
  pz          1    0.000000000           90.0000    0.0000
   sum over m      0.000000000           90.0000    0.0000
  d3z^2-r^2   0    0.000000000           90.0000    0.0000
  dx^2-y^2    0    0.000000000           90.0000    0.0000
  dxy         0    0.000000000           90.0000    0.0000
  dxz         0    0.000000000           90.0000    0.0000
  dyz         0    0.000000000           90.0000    0.0000
   sum over m      0.000000000           90.0000    0.0000

   32   Si         Orbital Moment(muB)    Angles (Deg)
            multiple
  s           0    0.000000000           90.0000    0.0000
   sum over m      0.000000000           90.0000    0.0000
  s           1    0.000000000           90.0000    0.0000
   sum over m      0.000000000           90.0000    0.0000
  px          0    0.000000000           90.0000    0.0000
  py          0    0.000000000           90.0000    0.0000
  pz          0    0.000000000           90.0000    0.0000
   sum over m      0.000000000           90.0000    0.0000
  px          1    0.000000000           90.0000    0.0000
  py          1    0.000000000           90.0000    0.0000
  pz          1    0.000000000           90.0000    0.0000
   sum over m      0.000000000           90.0000    0.0000
  d3z^2-r^2   0    0.000000000           90.0000    0.0000
  dx^2-y^2    0    0.000000000           90.0000    0.0000
  dxy         0    0.000000000           90.0000    0.0000
  dxz         0    0.000000000           90.0000    0.0000
  dyz         0    0.000000000           90.0000    0.0000
   sum over m      0.000000000           90.0000    0.0000

   33   Si         Orbital Moment(muB)    Angles (Deg)
            multiple
  s           0    0.000000000           90.0000    0.0000
   sum over m      0.000000000           90.0000    0.0000
  s           1    0.000000000           90.0000    0.0000
   sum over m      0.000000000           90.0000    0.0000
  px          0    0.000000000           90.0000    0.0000
  py          0    0.000000000           90.0000    0.0000
  pz          0    0.000000000           90.0000    0.0000
   sum over m      0.000000000           90.0000    0.0000
  px          1    0.000000000           90.0000    0.0000
  py          1    0.000000000           90.0000    0.0000
  pz          1    0.000000000           90.0000    0.0000
   sum over m      0.000000000           90.0000    0.0000
  d3z^2-r^2   0    0.000000000           90.0000    0.0000
  dx^2-y^2    0    0.000000000           90.0000    0.0000
  dxy         0    0.000000000           90.0000    0.0000
  dxz         0    0.000000000           90.0000    0.0000
  dyz         0    0.000000000           90.0000    0.0000
   sum over m      0.000000000           90.0000    0.0000

   34   Si         Orbital Moment(muB)    Angles (Deg)
            multiple
  s           0    0.000000000           90.0000    0.0000
   sum over m      0.000000000           90.0000    0.0000
  s           1    0.000000000           90.0000    0.0000
   sum over m      0.000000000           90.0000    0.0000
  px          0    0.000000000           90.0000    0.0000
  py          0    0.000000000           90.0000    0.0000
  pz          0    0.000000000           90.0000    0.0000
   sum over m      0.000000000           90.0000    0.0000
  px          1    0.000000000           90.0000    0.0000
  py          1    0.000000000           90.0000    0.0000
  pz          1    0.000000000           90.0000    0.0000
   sum over m      0.000000000           90.0000    0.0000
  d3z^2-r^2   0    0.000000000           90.0000    0.0000
  dx^2-y^2    0    0.000000000           90.0000    0.0000
  dxy         0    0.000000000           90.0000    0.0000
  dxz         0    0.000000000           90.0000    0.0000
  dyz         0    0.000000000           90.0000    0.0000
   sum over m      0.000000000           90.0000    0.0000

   35   Si         Orbital Moment(muB)    Angles (Deg)
            multiple
  s           0    0.000000000           90.0000    0.0000
   sum over m      0.000000000           90.0000    0.0000
  s           1    0.000000000           90.0000    0.0000
   sum over m      0.000000000           90.0000    0.0000
  px          0    0.000000000           90.0000    0.0000
  py          0    0.000000000           90.0000    0.0000
  pz          0    0.000000000           90.0000    0.0000
   sum over m      0.000000000           90.0000    0.0000
  px          1    0.000000000           90.0000    0.0000
  py          1    0.000000000           90.0000    0.0000
  pz          1    0.000000000           90.0000    0.0000
   sum over m      0.000000000           90.0000    0.0000
  d3z^2-r^2   0    0.000000000           90.0000    0.0000
  dx^2-y^2    0    0.000000000           90.0000    0.0000
  dxy         0    0.000000000           90.0000    0.0000
  dxz         0    0.000000000           90.0000    0.0000
  dyz         0    0.000000000           90.0000    0.0000
   sum over m      0.000000000           90.0000    0.0000

   36   Si         Orbital Moment(muB)    Angles (Deg)
            multiple
  s           0    0.000000000           90.0000    0.0000
   sum over m      0.000000000           90.0000    0.0000
  s           1    0.000000000           90.0000    0.0000
   sum over m      0.000000000           90.0000    0.0000
  px          0    0.000000000           90.0000    0.0000
  py          0    0.000000000           90.0000    0.0000
  pz          0    0.000000000           90.0000    0.0000
   sum over m      0.000000000           90.0000    0.0000
  px          1    0.000000000           90.0000    0.0000
  py          1    0.000000000           90.0000    0.0000
  pz          1    0.000000000           90.0000    0.0000
   sum over m      0.000000000           90.0000    0.0000
  d3z^2-r^2   0    0.000000000           90.0000    0.0000
  dx^2-y^2    0    0.000000000           90.0000    0.0000
  dxy         0    0.000000000           90.0000    0.0000
  dxz         0    0.000000000           90.0000    0.0000
  dyz         0    0.000000000           90.0000    0.0000
   sum over m      0.000000000           90.0000    0.0000

   37   Si         Orbital Moment(muB)    Angles (Deg)
            multiple
  s           0    0.000000000           90.0000    0.0000
   sum over m      0.000000000           90.0000    0.0000
  s           1    0.000000000           90.0000    0.0000
   sum over m      0.000000000           90.0000    0.0000
  px          0    0.000000000           90.0000    0.0000
  py          0    0.000000000           90.0000    0.0000
  pz          0    0.000000000           90.0000    0.0000
   sum over m      0.000000000           90.0000    0.0000
  px          1    0.000000000           90.0000    0.0000
  py          1    0.000000000           90.0000    0.0000
  pz          1    0.000000000           90.0000    0.0000
   sum over m      0.000000000           90.0000    0.0000
  d3z^2-r^2   0    0.000000000           90.0000    0.0000
  dx^2-y^2    0    0.000000000           90.0000    0.0000
  dxy         0    0.000000000           90.0000    0.0000
  dxz         0    0.000000000           90.0000    0.0000
  dyz         0    0.000000000           90.0000    0.0000
   sum over m      0.000000000           90.0000    0.0000

   38   Si         Orbital Moment(muB)    Angles (Deg)
            multiple
  s           0    0.000000000           90.0000    0.0000
   sum over m      0.000000000           90.0000    0.0000
  s           1    0.000000000           90.0000    0.0000
   sum over m      0.000000000           90.0000    0.0000
  px          0    0.000000000           90.0000    0.0000
  py          0    0.000000000           90.0000    0.0000
  pz          0    0.000000000           90.0000    0.0000
   sum over m      0.000000000           90.0000    0.0000
  px          1    0.000000000           90.0000    0.0000
  py          1    0.000000000           90.0000    0.0000
  pz          1    0.000000000           90.0000    0.0000
   sum over m      0.000000000           90.0000    0.0000
  d3z^2-r^2   0    0.000000000           90.0000    0.0000
  dx^2-y^2    0    0.000000000           90.0000    0.0000
  dxy         0    0.000000000           90.0000    0.0000
  dxz         0    0.000000000           90.0000    0.0000
  dyz         0    0.000000000           90.0000    0.0000
   sum over m      0.000000000           90.0000    0.0000

   39   Si         Orbital Moment(muB)    Angles (Deg)
            multiple
  s           0    0.000000000           90.0000    0.0000
   sum over m      0.000000000           90.0000    0.0000
  s           1    0.000000000           90.0000    0.0000
   sum over m      0.000000000           90.0000    0.0000
  px          0    0.000000000           90.0000    0.0000
  py          0    0.000000000           90.0000    0.0000
  pz          0    0.000000000           90.0000    0.0000
   sum over m      0.000000000           90.0000    0.0000
  px          1    0.000000000           90.0000    0.0000
  py          1    0.000000000           90.0000    0.0000
  pz          1    0.000000000           90.0000    0.0000
   sum over m      0.000000000           90.0000    0.0000
  d3z^2-r^2   0    0.000000000           90.0000    0.0000
  dx^2-y^2    0    0.000000000           90.0000    0.0000
  dxy         0    0.000000000           90.0000    0.0000
  dxz         0    0.000000000           90.0000    0.0000
  dyz         0    0.000000000           90.0000    0.0000
   sum over m      0.000000000           90.0000    0.0000

   40   Si         Orbital Moment(muB)    Angles (Deg)
            multiple
  s           0    0.000000000           90.0000    0.0000
   sum over m      0.000000000           90.0000    0.0000
  s           1    0.000000000           90.0000    0.0000
   sum over m      0.000000000           90.0000    0.0000
  px          0    0.000000000           90.0000    0.0000
  py          0    0.000000000           90.0000    0.0000
  pz          0    0.000000000           90.0000    0.0000
   sum over m      0.000000000           90.0000    0.0000
  px          1    0.000000000           90.0000    0.0000
  py          1    0.000000000           90.0000    0.0000
  pz          1    0.000000000           90.0000    0.0000
   sum over m      0.000000000           90.0000    0.0000
  d3z^2-r^2   0    0.000000000           90.0000    0.0000
  dx^2-y^2    0    0.000000000           90.0000    0.0000
  dxy         0    0.000000000           90.0000    0.0000
  dxz         0    0.000000000           90.0000    0.0000
  dyz         0    0.000000000           90.0000    0.0000
   sum over m      0.000000000           90.0000    0.0000

   41   Si         Orbital Moment(muB)    Angles (Deg)
            multiple
  s           0    0.000000000           90.0000    0.0000
   sum over m      0.000000000           90.0000    0.0000
  s           1    0.000000000           90.0000    0.0000
   sum over m      0.000000000           90.0000    0.0000
  px          0    0.000000000           90.0000    0.0000
  py          0    0.000000000           90.0000    0.0000
  pz          0    0.000000000           90.0000    0.0000
   sum over m      0.000000000           90.0000    0.0000
  px          1    0.000000000           90.0000    0.0000
  py          1    0.000000000           90.0000    0.0000
  pz          1    0.000000000           90.0000    0.0000
   sum over m      0.000000000           90.0000    0.0000
  d3z^2-r^2   0    0.000000000           90.0000    0.0000
  dx^2-y^2    0    0.000000000           90.0000    0.0000
  dxy         0    0.000000000           90.0000    0.0000
  dxz         0    0.000000000           90.0000    0.0000
  dyz         0    0.000000000           90.0000    0.0000
   sum over m      0.000000000           90.0000    0.0000

   42   Si         Orbital Moment(muB)    Angles (Deg)
            multiple
  s           0    0.000000000           90.0000    0.0000
   sum over m      0.000000000           90.0000    0.0000
  s           1    0.000000000           90.0000    0.0000
   sum over m      0.000000000           90.0000    0.0000
  px          0    0.000000000           90.0000    0.0000
  py          0    0.000000000           90.0000    0.0000
  pz          0    0.000000000           90.0000    0.0000
   sum over m      0.000000000           90.0000    0.0000
  px          1    0.000000000           90.0000    0.0000
  py          1    0.000000000           90.0000    0.0000
  pz          1    0.000000000           90.0000    0.0000
   sum over m      0.000000000           90.0000    0.0000
  d3z^2-r^2   0    0.000000000           90.0000    0.0000
  dx^2-y^2    0    0.000000000           90.0000    0.0000
  dxy         0    0.000000000           90.0000    0.0000
  dxz         0    0.000000000           90.0000    0.0000
  dyz         0    0.000000000           90.0000    0.0000
   sum over m      0.000000000           90.0000    0.0000

   43   Si         Orbital Moment(muB)    Angles (Deg)
            multiple
  s           0    0.000000000           90.0000    0.0000
   sum over m      0.000000000           90.0000    0.0000
  s           1    0.000000000           90.0000    0.0000
   sum over m      0.000000000           90.0000    0.0000
  px          0    0.000000000           90.0000    0.0000
  py          0    0.000000000           90.0000    0.0000
  pz          0    0.000000000           90.0000    0.0000
   sum over m      0.000000000           90.0000    0.0000
  px          1    0.000000000           90.0000    0.0000
  py          1    0.000000000           90.0000    0.0000
  pz          1    0.000000000           90.0000    0.0000
   sum over m      0.000000000           90.0000    0.0000
  d3z^2-r^2   0    0.000000000           90.0000    0.0000
  dx^2-y^2    0    0.000000000           90.0000    0.0000
  dxy         0    0.000000000           90.0000    0.0000
  dxz         0    0.000000000           90.0000    0.0000
  dyz         0    0.000000000           90.0000    0.0000
   sum over m      0.000000000           90.0000    0.0000

   44   Si         Orbital Moment(muB)    Angles (Deg)
            multiple
  s           0    0.000000000           90.0000    0.0000
   sum over m      0.000000000           90.0000    0.0000
  s           1    0.000000000           90.0000    0.0000
   sum over m      0.000000000           90.0000    0.0000
  px          0    0.000000000           90.0000    0.0000
  py          0    0.000000000           90.0000    0.0000
  pz          0    0.000000000           90.0000    0.0000
   sum over m      0.000000000           90.0000    0.0000
  px          1    0.000000000           90.0000    0.0000
  py          1    0.000000000           90.0000    0.0000
  pz          1    0.000000000           90.0000    0.0000
   sum over m      0.000000000           90.0000    0.0000
  d3z^2-r^2   0    0.000000000           90.0000    0.0000
  dx^2-y^2    0    0.000000000           90.0000    0.0000
  dxy         0    0.000000000           90.0000    0.0000
  dxz         0    0.000000000           90.0000    0.0000
  dyz         0    0.000000000           90.0000    0.0000
   sum over m      0.000000000           90.0000    0.0000

   45   Si         Orbital Moment(muB)    Angles (Deg)
            multiple
  s           0    0.000000000           90.0000    0.0000
   sum over m      0.000000000           90.0000    0.0000
  s           1    0.000000000           90.0000    0.0000
   sum over m      0.000000000           90.0000    0.0000
  px          0    0.000000000           90.0000    0.0000
  py          0    0.000000000           90.0000    0.0000
  pz          0    0.000000000           90.0000    0.0000
   sum over m      0.000000000           90.0000    0.0000
  px          1    0.000000000           90.0000    0.0000
  py          1    0.000000000           90.0000    0.0000
  pz          1    0.000000000           90.0000    0.0000
   sum over m      0.000000000           90.0000    0.0000
  d3z^2-r^2   0    0.000000000           90.0000    0.0000
  dx^2-y^2    0    0.000000000           90.0000    0.0000
  dxy         0    0.000000000           90.0000    0.0000
  dxz         0    0.000000000           90.0000    0.0000
  dyz         0    0.000000000           90.0000    0.0000
   sum over m      0.000000000           90.0000    0.0000

   46   Si         Orbital Moment(muB)    Angles (Deg)
            multiple
  s           0    0.000000000           90.0000    0.0000
   sum over m      0.000000000           90.0000    0.0000
  s           1    0.000000000           90.0000    0.0000
   sum over m      0.000000000           90.0000    0.0000
  px          0    0.000000000           90.0000    0.0000
  py          0    0.000000000           90.0000    0.0000
  pz          0    0.000000000           90.0000    0.0000
   sum over m      0.000000000           90.0000    0.0000
  px          1    0.000000000           90.0000    0.0000
  py          1    0.000000000           90.0000    0.0000
  pz          1    0.000000000           90.0000    0.0000
   sum over m      0.000000000           90.0000    0.0000
  d3z^2-r^2   0    0.000000000           90.0000    0.0000
  dx^2-y^2    0    0.000000000           90.0000    0.0000
  dxy         0    0.000000000           90.0000    0.0000
  dxz         0    0.000000000           90.0000    0.0000
  dyz         0    0.000000000           90.0000    0.0000
   sum over m      0.000000000           90.0000    0.0000

   47   Si         Orbital Moment(muB)    Angles (Deg)
            multiple
  s           0    0.000000000           90.0000    0.0000
   sum over m      0.000000000           90.0000    0.0000
  s           1    0.000000000           90.0000    0.0000
   sum over m      0.000000000           90.0000    0.0000
  px          0    0.000000000           90.0000    0.0000
  py          0    0.000000000           90.0000    0.0000
  pz          0    0.000000000           90.0000    0.0000
   sum over m      0.000000000           90.0000    0.0000
  px          1    0.000000000           90.0000    0.0000
  py          1    0.000000000           90.0000    0.0000
  pz          1    0.000000000           90.0000    0.0000
   sum over m      0.000000000           90.0000    0.0000
  d3z^2-r^2   0    0.000000000           90.0000    0.0000
  dx^2-y^2    0    0.000000000           90.0000    0.0000
  dxy         0    0.000000000           90.0000    0.0000
  dxz         0    0.000000000           90.0000    0.0000
  dyz         0    0.000000000           90.0000    0.0000
   sum over m      0.000000000           90.0000    0.0000

   48   Si         Orbital Moment(muB)    Angles (Deg)
            multiple
  s           0    0.000000000           90.0000    0.0000
   sum over m      0.000000000           90.0000    0.0000
  s           1    0.000000000           90.0000    0.0000
   sum over m      0.000000000           90.0000    0.0000
  px          0    0.000000000           90.0000    0.0000
  py          0    0.000000000           90.0000    0.0000
  pz          0    0.000000000           90.0000    0.0000
   sum over m      0.000000000           90.0000    0.0000
  px          1    0.000000000           90.0000    0.0000
  py          1    0.000000000           90.0000    0.0000
  pz          1    0.000000000           90.0000    0.0000
   sum over m      0.000000000           90.0000    0.0000
  d3z^2-r^2   0    0.000000000           90.0000    0.0000
  dx^2-y^2    0    0.000000000           90.0000    0.0000
  dxy         0    0.000000000           90.0000    0.0000
  dxz         0    0.000000000           90.0000    0.0000
  dyz         0    0.000000000           90.0000    0.0000
   sum over m      0.000000000           90.0000    0.0000

   49   Si         Orbital Moment(muB)    Angles (Deg)
            multiple
  s           0    0.000000000           90.0000    0.0000
   sum over m      0.000000000           90.0000    0.0000
  s           1    0.000000000           90.0000    0.0000
   sum over m      0.000000000           90.0000    0.0000
  px          0    0.000000000           90.0000    0.0000
  py          0    0.000000000           90.0000    0.0000
  pz          0    0.000000000           90.0000    0.0000
   sum over m      0.000000000           90.0000    0.0000
  px          1    0.000000000           90.0000    0.0000
  py          1    0.000000000           90.0000    0.0000
  pz          1    0.000000000           90.0000    0.0000
   sum over m      0.000000000           90.0000    0.0000
  d3z^2-r^2   0    0.000000000           90.0000    0.0000
  dx^2-y^2    0    0.000000000           90.0000    0.0000
  dxy         0    0.000000000           90.0000    0.0000
  dxz         0    0.000000000           90.0000    0.0000
  dyz         0    0.000000000           90.0000    0.0000
   sum over m      0.000000000           90.0000    0.0000

   50   Si         Orbital Moment(muB)    Angles (Deg)
            multiple
  s           0    0.000000000           90.0000    0.0000
   sum over m      0.000000000           90.0000    0.0000
  s           1    0.000000000           90.0000    0.0000
   sum over m      0.000000000           90.0000    0.0000
  px          0    0.000000000           90.0000    0.0000
  py          0    0.000000000           90.0000    0.0000
  pz          0    0.000000000           90.0000    0.0000
   sum over m      0.000000000           90.0000    0.0000
  px          1    0.000000000           90.0000    0.0000
  py          1    0.000000000           90.0000    0.0000
  pz          1    0.000000000           90.0000    0.0000
   sum over m      0.000000000           90.0000    0.0000
  d3z^2-r^2   0    0.000000000           90.0000    0.0000
  dx^2-y^2    0    0.000000000           90.0000    0.0000
  dxy         0    0.000000000           90.0000    0.0000
  dxz         0    0.000000000           90.0000    0.0000
  dyz         0    0.000000000           90.0000    0.0000
   sum over m      0.000000000           90.0000    0.0000

   51   Si         Orbital Moment(muB)    Angles (Deg)
            multiple
  s           0    0.000000000           90.0000    0.0000
   sum over m      0.000000000           90.0000    0.0000
  s           1    0.000000000           90.0000    0.0000
   sum over m      0.000000000           90.0000    0.0000
  px          0    0.000000000           90.0000    0.0000
  py          0    0.000000000           90.0000    0.0000
  pz          0    0.000000000           90.0000    0.0000
   sum over m      0.000000000           90.0000    0.0000
  px          1    0.000000000           90.0000    0.0000
  py          1    0.000000000           90.0000    0.0000
  pz          1    0.000000000           90.0000    0.0000
   sum over m      0.000000000           90.0000    0.0000
  d3z^2-r^2   0    0.000000000           90.0000    0.0000
  dx^2-y^2    0    0.000000000           90.0000    0.0000
  dxy         0    0.000000000           90.0000    0.0000
  dxz         0    0.000000000           90.0000    0.0000
  dyz         0    0.000000000           90.0000    0.0000
   sum over m      0.000000000           90.0000    0.0000

   52   Si         Orbital Moment(muB)    Angles (Deg)
            multiple
  s           0    0.000000000           90.0000    0.0000
   sum over m      0.000000000           90.0000    0.0000
  s           1    0.000000000           90.0000    0.0000
   sum over m      0.000000000           90.0000    0.0000
  px          0    0.000000000           90.0000    0.0000
  py          0    0.000000000           90.0000    0.0000
  pz          0    0.000000000           90.0000    0.0000
   sum over m      0.000000000           90.0000    0.0000
  px          1    0.000000000           90.0000    0.0000
  py          1    0.000000000           90.0000    0.0000
  pz          1    0.000000000           90.0000    0.0000
   sum over m      0.000000000           90.0000    0.0000
  d3z^2-r^2   0    0.000000000           90.0000    0.0000
  dx^2-y^2    0    0.000000000           90.0000    0.0000
  dxy         0    0.000000000           90.0000    0.0000
  dxz         0    0.000000000           90.0000    0.0000
  dyz         0    0.000000000           90.0000    0.0000
   sum over m      0.000000000           90.0000    0.0000

   53   Si         Orbital Moment(muB)    Angles (Deg)
            multiple
  s           0    0.000000000           90.0000    0.0000
   sum over m      0.000000000           90.0000    0.0000
  s           1    0.000000000           90.0000    0.0000
   sum over m      0.000000000           90.0000    0.0000
  px          0    0.000000000           90.0000    0.0000
  py          0    0.000000000           90.0000    0.0000
  pz          0    0.000000000           90.0000    0.0000
   sum over m      0.000000000           90.0000    0.0000
  px          1    0.000000000           90.0000    0.0000
  py          1    0.000000000           90.0000    0.0000
  pz          1    0.000000000           90.0000    0.0000
   sum over m      0.000000000           90.0000    0.0000
  d3z^2-r^2   0    0.000000000           90.0000    0.0000
  dx^2-y^2    0    0.000000000           90.0000    0.0000
  dxy         0    0.000000000           90.0000    0.0000
  dxz         0    0.000000000           90.0000    0.0000
  dyz         0    0.000000000           90.0000    0.0000
   sum over m      0.000000000           90.0000    0.0000

   54   Si         Orbital Moment(muB)    Angles (Deg)
            multiple
  s           0    0.000000000           90.0000    0.0000
   sum over m      0.000000000           90.0000    0.0000
  s           1    0.000000000           90.0000    0.0000
   sum over m      0.000000000           90.0000    0.0000
  px          0    0.000000000           90.0000    0.0000
  py          0    0.000000000           90.0000    0.0000
  pz          0    0.000000000           90.0000    0.0000
   sum over m      0.000000000           90.0000    0.0000
  px          1    0.000000000           90.0000    0.0000
  py          1    0.000000000           90.0000    0.0000
  pz          1    0.000000000           90.0000    0.0000
   sum over m      0.000000000           90.0000    0.0000
  d3z^2-r^2   0    0.000000000           90.0000    0.0000
  dx^2-y^2    0    0.000000000           90.0000    0.0000
  dxy         0    0.000000000           90.0000    0.0000
  dxz         0    0.000000000           90.0000    0.0000
  dyz         0    0.000000000           90.0000    0.0000
   sum over m      0.000000000           90.0000    0.0000

   55   Si         Orbital Moment(muB)    Angles (Deg)
            multiple
  s           0    0.000000000           90.0000    0.0000
   sum over m      0.000000000           90.0000    0.0000
  s           1    0.000000000           90.0000    0.0000
   sum over m      0.000000000           90.0000    0.0000
  px          0    0.000000000           90.0000    0.0000
  py          0    0.000000000           90.0000    0.0000
  pz          0    0.000000000           90.0000    0.0000
   sum over m      0.000000000           90.0000    0.0000
  px          1    0.000000000           90.0000    0.0000
  py          1    0.000000000           90.0000    0.0000
  pz          1    0.000000000           90.0000    0.0000
   sum over m      0.000000000           90.0000    0.0000
  d3z^2-r^2   0    0.000000000           90.0000    0.0000
  dx^2-y^2    0    0.000000000           90.0000    0.0000
  dxy         0    0.000000000           90.0000    0.0000
  dxz         0    0.000000000           90.0000    0.0000
  dyz         0    0.000000000           90.0000    0.0000
   sum over m      0.000000000           90.0000    0.0000

   56   Si         Orbital Moment(muB)    Angles (Deg)
            multiple
  s           0    0.000000000           90.0000    0.0000
   sum over m      0.000000000           90.0000    0.0000
  s           1    0.000000000           90.0000    0.0000
   sum over m      0.000000000           90.0000    0.0000
  px          0    0.000000000           90.0000    0.0000
  py          0    0.000000000           90.0000    0.0000
  pz          0    0.000000000           90.0000    0.0000
   sum over m      0.000000000           90.0000    0.0000
  px          1    0.000000000           90.0000    0.0000
  py          1    0.000000000           90.0000    0.0000
  pz          1    0.000000000           90.0000    0.0000
   sum over m      0.000000000           90.0000    0.0000
  d3z^2-r^2   0    0.000000000           90.0000    0.0000
  dx^2-y^2    0    0.000000000           90.0000    0.0000
  dxy         0    0.000000000           90.0000    0.0000
  dxz         0    0.000000000           90.0000    0.0000
  dyz         0    0.000000000           90.0000    0.0000
   sum over m      0.000000000           90.0000    0.0000

   57   Si         Orbital Moment(muB)    Angles (Deg)
            multiple
  s           0    0.000000000           90.0000    0.0000
   sum over m      0.000000000           90.0000    0.0000
  s           1    0.000000000           90.0000    0.0000
   sum over m      0.000000000           90.0000    0.0000
  px          0    0.000000000           90.0000    0.0000
  py          0    0.000000000           90.0000    0.0000
  pz          0    0.000000000           90.0000    0.0000
   sum over m      0.000000000           90.0000    0.0000
  px          1    0.000000000           90.0000    0.0000
  py          1    0.000000000           90.0000    0.0000
  pz          1    0.000000000           90.0000    0.0000
   sum over m      0.000000000           90.0000    0.0000
  d3z^2-r^2   0    0.000000000           90.0000    0.0000
  dx^2-y^2    0    0.000000000           90.0000    0.0000
  dxy         0    0.000000000           90.0000    0.0000
  dxz         0    0.000000000           90.0000    0.0000
  dyz         0    0.000000000           90.0000    0.0000
   sum over m      0.000000000           90.0000    0.0000

   58   Si         Orbital Moment(muB)    Angles (Deg)
            multiple
  s           0    0.000000000           90.0000    0.0000
   sum over m      0.000000000           90.0000    0.0000
  s           1    0.000000000           90.0000    0.0000
   sum over m      0.000000000           90.0000    0.0000
  px          0    0.000000000           90.0000    0.0000
  py          0    0.000000000           90.0000    0.0000
  pz          0    0.000000000           90.0000    0.0000
   sum over m      0.000000000           90.0000    0.0000
  px          1    0.000000000           90.0000    0.0000
  py          1    0.000000000           90.0000    0.0000
  pz          1    0.000000000           90.0000    0.0000
   sum over m      0.000000000           90.0000    0.0000
  d3z^2-r^2   0    0.000000000           90.0000    0.0000
  dx^2-y^2    0    0.000000000           90.0000    0.0000
  dxy         0    0.000000000           90.0000    0.0000
  dxz         0    0.000000000           90.0000    0.0000
  dyz         0    0.000000000           90.0000    0.0000
   sum over m      0.000000000           90.0000    0.0000

   59   Si         Orbital Moment(muB)    Angles (Deg)
            multiple
  s           0    0.000000000           90.0000    0.0000
   sum over m      0.000000000           90.0000    0.0000
  s           1    0.000000000           90.0000    0.0000
   sum over m      0.000000000           90.0000    0.0000
  px          0    0.000000000           90.0000    0.0000
  py          0    0.000000000           90.0000    0.0000
  pz          0    0.000000000           90.0000    0.0000
   sum over m      0.000000000           90.0000    0.0000
  px          1    0.000000000           90.0000    0.0000
  py          1    0.000000000           90.0000    0.0000
  pz          1    0.000000000           90.0000    0.0000
   sum over m      0.000000000           90.0000    0.0000
  d3z^2-r^2   0    0.000000000           90.0000    0.0000
  dx^2-y^2    0    0.000000000           90.0000    0.0000
  dxy         0    0.000000000           90.0000    0.0000
  dxz         0    0.000000000           90.0000    0.0000
  dyz         0    0.000000000           90.0000    0.0000
   sum over m      0.000000000           90.0000    0.0000

   60   Si         Orbital Moment(muB)    Angles (Deg)
            multiple
  s           0    0.000000000           90.0000    0.0000
   sum over m      0.000000000           90.0000    0.0000
  s           1    0.000000000           90.0000    0.0000
   sum over m      0.000000000           90.0000    0.0000
  px          0    0.000000000           90.0000    0.0000
  py          0    0.000000000           90.0000    0.0000
  pz          0    0.000000000           90.0000    0.0000
   sum over m      0.000000000           90.0000    0.0000
  px          1    0.000000000           90.0000    0.0000
  py          1    0.000000000           90.0000    0.0000
  pz          1    0.000000000           90.0000    0.0000
   sum over m      0.000000000           90.0000    0.0000
  d3z^2-r^2   0    0.000000000           90.0000    0.0000
  dx^2-y^2    0    0.000000000           90.0000    0.0000
  dxy         0    0.000000000           90.0000    0.0000
  dxz         0    0.000000000           90.0000    0.0000
  dyz         0    0.000000000           90.0000    0.0000
   sum over m      0.000000000           90.0000    0.0000

   61   Si         Orbital Moment(muB)    Angles (Deg)
            multiple
  s           0    0.000000000           90.0000    0.0000
   sum over m      0.000000000           90.0000    0.0000
  s           1    0.000000000           90.0000    0.0000
   sum over m      0.000000000           90.0000    0.0000
  px          0    0.000000000           90.0000    0.0000
  py          0    0.000000000           90.0000    0.0000
  pz          0    0.000000000           90.0000    0.0000
   sum over m      0.000000000           90.0000    0.0000
  px          1    0.000000000           90.0000    0.0000
  py          1    0.000000000           90.0000    0.0000
  pz          1    0.000000000           90.0000    0.0000
   sum over m      0.000000000           90.0000    0.0000
  d3z^2-r^2   0    0.000000000           90.0000    0.0000
  dx^2-y^2    0    0.000000000           90.0000    0.0000
  dxy         0    0.000000000           90.0000    0.0000
  dxz         0    0.000000000           90.0000    0.0000
  dyz         0    0.000000000           90.0000    0.0000
   sum over m      0.000000000           90.0000    0.0000

   62   Si         Orbital Moment(muB)    Angles (Deg)
            multiple
  s           0    0.000000000           90.0000    0.0000
   sum over m      0.000000000           90.0000    0.0000
  s           1    0.000000000           90.0000    0.0000
   sum over m      0.000000000           90.0000    0.0000
  px          0    0.000000000           90.0000    0.0000
  py          0    0.000000000           90.0000    0.0000
  pz          0    0.000000000           90.0000    0.0000
   sum over m      0.000000000           90.0000    0.0000
  px          1    0.000000000           90.0000    0.0000
  py          1    0.000000000           90.0000    0.0000
  pz          1    0.000000000           90.0000    0.0000
   sum over m      0.000000000           90.0000    0.0000
  d3z^2-r^2   0    0.000000000           90.0000    0.0000
  dx^2-y^2    0    0.000000000           90.0000    0.0000
  dxy         0    0.000000000           90.0000    0.0000
  dxz         0    0.000000000           90.0000    0.0000
  dyz         0    0.000000000           90.0000    0.0000
   sum over m      0.000000000           90.0000    0.0000

   63   Si         Orbital Moment(muB)    Angles (Deg)
            multiple
  s           0    0.000000000           90.0000    0.0000
   sum over m      0.000000000           90.0000    0.0000
  s           1    0.000000000           90.0000    0.0000
   sum over m      0.000000000           90.0000    0.0000
  px          0    0.000000000           90.0000    0.0000
  py          0    0.000000000           90.0000    0.0000
  pz          0    0.000000000           90.0000    0.0000
   sum over m      0.000000000           90.0000    0.0000
  px          1    0.000000000           90.0000    0.0000
  py          1    0.000000000           90.0000    0.0000
  pz          1    0.000000000           90.0000    0.0000
   sum over m      0.000000000           90.0000    0.0000
  d3z^2-r^2   0    0.000000000           90.0000    0.0000
  dx^2-y^2    0    0.000000000           90.0000    0.0000
  dxy         0    0.000000000           90.0000    0.0000
  dxz         0    0.000000000           90.0000    0.0000
  dyz         0    0.000000000           90.0000    0.0000
   sum over m      0.000000000           90.0000    0.0000

   64   Si         Orbital Moment(muB)    Angles (Deg)
            multiple
  s           0    0.000000000           90.0000    0.0000
   sum over m      0.000000000           90.0000    0.0000
  s           1    0.000000000           90.0000    0.0000
   sum over m      0.000000000           90.0000    0.0000
  px          0    0.000000000           90.0000    0.0000
  py          0    0.000000000           90.0000    0.0000
  pz          0    0.000000000           90.0000    0.0000
   sum over m      0.000000000           90.0000    0.0000
  px          1    0.000000000           90.0000    0.0000
  py          1    0.000000000           90.0000    0.0000
  pz          1    0.000000000           90.0000    0.0000
   sum over m      0.000000000           90.0000    0.0000
  d3z^2-r^2   0    0.000000000           90.0000    0.0000
  dx^2-y^2    0    0.000000000           90.0000    0.0000
  dxy         0    0.000000000           90.0000    0.0000
  dxz         0    0.000000000           90.0000    0.0000
  dyz         0    0.000000000           90.0000    0.0000
   sum over m      0.000000000           90.0000    0.0000

   65   Si         Orbital Moment(muB)    Angles (Deg)
            multiple
  s           0    0.000000000           90.0000    0.0000
   sum over m      0.000000000           90.0000    0.0000
  s           1    0.000000000           90.0000    0.0000
   sum over m      0.000000000           90.0000    0.0000
  px          0    0.000000000           90.0000    0.0000
  py          0    0.000000000           90.0000    0.0000
  pz          0    0.000000000           90.0000    0.0000
   sum over m      0.000000000           90.0000    0.0000
  px          1    0.000000000           90.0000    0.0000
  py          1    0.000000000           90.0000    0.0000
  pz          1    0.000000000           90.0000    0.0000
   sum over m      0.000000000           90.0000    0.0000
  d3z^2-r^2   0    0.000000000           90.0000    0.0000
  dx^2-y^2    0    0.000000000           90.0000    0.0000
  dxy         0    0.000000000           90.0000    0.0000
  dxz         0    0.000000000           90.0000    0.0000
  dyz         0    0.000000000           90.0000    0.0000
   sum over m      0.000000000           90.0000    0.0000

   66   Si         Orbital Moment(muB)    Angles (Deg)
            multiple
  s           0    0.000000000           90.0000    0.0000
   sum over m      0.000000000           90.0000    0.0000
  s           1    0.000000000           90.0000    0.0000
   sum over m      0.000000000           90.0000    0.0000
  px          0    0.000000000           90.0000    0.0000
  py          0    0.000000000           90.0000    0.0000
  pz          0    0.000000000           90.0000    0.0000
   sum over m      0.000000000           90.0000    0.0000
  px          1    0.000000000           90.0000    0.0000
  py          1    0.000000000           90.0000    0.0000
  pz          1    0.000000000           90.0000    0.0000
   sum over m      0.000000000           90.0000    0.0000
  d3z^2-r^2   0    0.000000000           90.0000    0.0000
  dx^2-y^2    0    0.000000000           90.0000    0.0000
  dxy         0    0.000000000           90.0000    0.0000
  dxz         0    0.000000000           90.0000    0.0000
  dyz         0    0.000000000           90.0000    0.0000
   sum over m      0.000000000           90.0000    0.0000

   67   Si         Orbital Moment(muB)    Angles (Deg)
            multiple
  s           0    0.000000000           90.0000    0.0000
   sum over m      0.000000000           90.0000    0.0000
  s           1    0.000000000           90.0000    0.0000
   sum over m      0.000000000           90.0000    0.0000
  px          0    0.000000000           90.0000    0.0000
  py          0    0.000000000           90.0000    0.0000
  pz          0    0.000000000           90.0000    0.0000
   sum over m      0.000000000           90.0000    0.0000
  px          1    0.000000000           90.0000    0.0000
  py          1    0.000000000           90.0000    0.0000
  pz          1    0.000000000           90.0000    0.0000
   sum over m      0.000000000           90.0000    0.0000
  d3z^2-r^2   0    0.000000000           90.0000    0.0000
  dx^2-y^2    0    0.000000000           90.0000    0.0000
  dxy         0    0.000000000           90.0000    0.0000
  dxz         0    0.000000000           90.0000    0.0000
  dyz         0    0.000000000           90.0000    0.0000
   sum over m      0.000000000           90.0000    0.0000

   68   Si         Orbital Moment(muB)    Angles (Deg)
            multiple
  s           0    0.000000000           90.0000    0.0000
   sum over m      0.000000000           90.0000    0.0000
  s           1    0.000000000           90.0000    0.0000
   sum over m      0.000000000           90.0000    0.0000
  px          0    0.000000000           90.0000    0.0000
  py          0    0.000000000           90.0000    0.0000
  pz          0    0.000000000           90.0000    0.0000
   sum over m      0.000000000           90.0000    0.0000
  px          1    0.000000000           90.0000    0.0000
  py          1    0.000000000           90.0000    0.0000
  pz          1    0.000000000           90.0000    0.0000
   sum over m      0.000000000           90.0000    0.0000
  d3z^2-r^2   0    0.000000000           90.0000    0.0000
  dx^2-y^2    0    0.000000000           90.0000    0.0000
  dxy         0    0.000000000           90.0000    0.0000
  dxz         0    0.000000000           90.0000    0.0000
  dyz         0    0.000000000           90.0000    0.0000
   sum over m      0.000000000           90.0000    0.0000

   69   Si         Orbital Moment(muB)    Angles (Deg)
            multiple
  s           0    0.000000000           90.0000    0.0000
   sum over m      0.000000000           90.0000    0.0000
  s           1    0.000000000           90.0000    0.0000
   sum over m      0.000000000           90.0000    0.0000
  px          0    0.000000000           90.0000    0.0000
  py          0    0.000000000           90.0000    0.0000
  pz          0    0.000000000           90.0000    0.0000
   sum over m      0.000000000           90.0000    0.0000
  px          1    0.000000000           90.0000    0.0000
  py          1    0.000000000           90.0000    0.0000
  pz          1    0.000000000           90.0000    0.0000
   sum over m      0.000000000           90.0000    0.0000
  d3z^2-r^2   0    0.000000000           90.0000    0.0000
  dx^2-y^2    0    0.000000000           90.0000    0.0000
  dxy         0    0.000000000           90.0000    0.0000
  dxz         0    0.000000000           90.0000    0.0000
  dyz         0    0.000000000           90.0000    0.0000
   sum over m      0.000000000           90.0000    0.0000

   70   Si         Orbital Moment(muB)    Angles (Deg)
            multiple
  s           0    0.000000000           90.0000    0.0000
   sum over m      0.000000000           90.0000    0.0000
  s           1    0.000000000           90.0000    0.0000
   sum over m      0.000000000           90.0000    0.0000
  px          0    0.000000000           90.0000    0.0000
  py          0    0.000000000           90.0000    0.0000
  pz          0    0.000000000           90.0000    0.0000
   sum over m      0.000000000           90.0000    0.0000
  px          1    0.000000000           90.0000    0.0000
  py          1    0.000000000           90.0000    0.0000
  pz          1    0.000000000           90.0000    0.0000
   sum over m      0.000000000           90.0000    0.0000
  d3z^2-r^2   0    0.000000000           90.0000    0.0000
  dx^2-y^2    0    0.000000000           90.0000    0.0000
  dxy         0    0.000000000           90.0000    0.0000
  dxz         0    0.000000000           90.0000    0.0000
  dyz         0    0.000000000           90.0000    0.0000
   sum over m      0.000000000           90.0000    0.0000

   71   Si         Orbital Moment(muB)    Angles (Deg)
            multiple
  s           0    0.000000000           90.0000    0.0000
   sum over m      0.000000000           90.0000    0.0000
  s           1    0.000000000           90.0000    0.0000
   sum over m      0.000000000           90.0000    0.0000
  px          0    0.000000000           90.0000    0.0000
  py          0    0.000000000           90.0000    0.0000
  pz          0    0.000000000           90.0000    0.0000
   sum over m      0.000000000           90.0000    0.0000
  px          1    0.000000000           90.0000    0.0000
  py          1    0.000000000           90.0000    0.0000
  pz          1    0.000000000           90.0000    0.0000
   sum over m      0.000000000           90.0000    0.0000
  d3z^2-r^2   0    0.000000000           90.0000    0.0000
  dx^2-y^2    0    0.000000000           90.0000    0.0000
  dxy         0    0.000000000           90.0000    0.0000
  dxz         0    0.000000000           90.0000    0.0000
  dyz         0    0.000000000           90.0000    0.0000
   sum over m      0.000000000           90.0000    0.0000

   72   Si         Orbital Moment(muB)    Angles (Deg)
            multiple
  s           0    0.000000000           90.0000    0.0000
   sum over m      0.000000000           90.0000    0.0000
  s           1    0.000000000           90.0000    0.0000
   sum over m      0.000000000           90.0000    0.0000
  px          0    0.000000000           90.0000    0.0000
  py          0    0.000000000           90.0000    0.0000
  pz          0    0.000000000           90.0000    0.0000
   sum over m      0.000000000           90.0000    0.0000
  px          1    0.000000000           90.0000    0.0000
  py          1    0.000000000           90.0000    0.0000
  pz          1    0.000000000           90.0000    0.0000
   sum over m      0.000000000           90.0000    0.0000
  d3z^2-r^2   0    0.000000000           90.0000    0.0000
  dx^2-y^2    0    0.000000000           90.0000    0.0000
  dxy         0    0.000000000           90.0000    0.0000
  dxz         0    0.000000000           90.0000    0.0000
  dyz         0    0.000000000           90.0000    0.0000
   sum over m      0.000000000           90.0000    0.0000

   73   Si         Orbital Moment(muB)    Angles (Deg)
            multiple
  s           0    0.000000000           90.0000    0.0000
   sum over m      0.000000000           90.0000    0.0000
  s           1    0.000000000           90.0000    0.0000
   sum over m      0.000000000           90.0000    0.0000
  px          0    0.000000000           90.0000    0.0000
  py          0    0.000000000           90.0000    0.0000
  pz          0    0.000000000           90.0000    0.0000
   sum over m      0.000000000           90.0000    0.0000
  px          1    0.000000000           90.0000    0.0000
  py          1    0.000000000           90.0000    0.0000
  pz          1    0.000000000           90.0000    0.0000
   sum over m      0.000000000           90.0000    0.0000
  d3z^2-r^2   0    0.000000000           90.0000    0.0000
  dx^2-y^2    0    0.000000000           90.0000    0.0000
  dxy         0    0.000000000           90.0000    0.0000
  dxz         0    0.000000000           90.0000    0.0000
  dyz         0    0.000000000           90.0000    0.0000
   sum over m      0.000000000           90.0000    0.0000

   74   Si         Orbital Moment(muB)    Angles (Deg)
            multiple
  s           0    0.000000000           90.0000    0.0000
   sum over m      0.000000000           90.0000    0.0000
  s           1    0.000000000           90.0000    0.0000
   sum over m      0.000000000           90.0000    0.0000
  px          0    0.000000000           90.0000    0.0000
  py          0    0.000000000           90.0000    0.0000
  pz          0    0.000000000           90.0000    0.0000
   sum over m      0.000000000           90.0000    0.0000
  px          1    0.000000000           90.0000    0.0000
  py          1    0.000000000           90.0000    0.0000
  pz          1    0.000000000           90.0000    0.0000
   sum over m      0.000000000           90.0000    0.0000
  d3z^2-r^2   0    0.000000000           90.0000    0.0000
  dx^2-y^2    0    0.000000000           90.0000    0.0000
  dxy         0    0.000000000           90.0000    0.0000
  dxz         0    0.000000000           90.0000    0.0000
  dyz         0    0.000000000           90.0000    0.0000
   sum over m      0.000000000           90.0000    0.0000

   75   Si         Orbital Moment(muB)    Angles (Deg)
            multiple
  s           0    0.000000000           90.0000    0.0000
   sum over m      0.000000000           90.0000    0.0000
  s           1    0.000000000           90.0000    0.0000
   sum over m      0.000000000           90.0000    0.0000
  px          0    0.000000000           90.0000    0.0000
  py          0    0.000000000           90.0000    0.0000
  pz          0    0.000000000           90.0000    0.0000
   sum over m      0.000000000           90.0000    0.0000
  px          1    0.000000000           90.0000    0.0000
  py          1    0.000000000           90.0000    0.0000
  pz          1    0.000000000           90.0000    0.0000
   sum over m      0.000000000           90.0000    0.0000
  d3z^2-r^2   0    0.000000000           90.0000    0.0000
  dx^2-y^2    0    0.000000000           90.0000    0.0000
  dxy         0    0.000000000           90.0000    0.0000
  dxz         0    0.000000000           90.0000    0.0000
  dyz         0    0.000000000           90.0000    0.0000
   sum over m      0.000000000           90.0000    0.0000

   76   Si         Orbital Moment(muB)    Angles (Deg)
            multiple
  s           0    0.000000000           90.0000    0.0000
   sum over m      0.000000000           90.0000    0.0000
  s           1    0.000000000           90.0000    0.0000
   sum over m      0.000000000           90.0000    0.0000
  px          0    0.000000000           90.0000    0.0000
  py          0    0.000000000           90.0000    0.0000
  pz          0    0.000000000           90.0000    0.0000
   sum over m      0.000000000           90.0000    0.0000
  px          1    0.000000000           90.0000    0.0000
  py          1    0.000000000           90.0000    0.0000
  pz          1    0.000000000           90.0000    0.0000
   sum over m      0.000000000           90.0000    0.0000
  d3z^2-r^2   0    0.000000000           90.0000    0.0000
  dx^2-y^2    0    0.000000000           90.0000    0.0000
  dxy         0    0.000000000           90.0000    0.0000
  dxz         0    0.000000000           90.0000    0.0000
  dyz         0    0.000000000           90.0000    0.0000
   sum over m      0.000000000           90.0000    0.0000

   77   Si         Orbital Moment(muB)    Angles (Deg)
            multiple
  s           0    0.000000000           90.0000    0.0000
   sum over m      0.000000000           90.0000    0.0000
  s           1    0.000000000           90.0000    0.0000
   sum over m      0.000000000           90.0000    0.0000
  px          0    0.000000000           90.0000    0.0000
  py          0    0.000000000           90.0000    0.0000
  pz          0    0.000000000           90.0000    0.0000
   sum over m      0.000000000           90.0000    0.0000
  px          1    0.000000000           90.0000    0.0000
  py          1    0.000000000           90.0000    0.0000
  pz          1    0.000000000           90.0000    0.0000
   sum over m      0.000000000           90.0000    0.0000
  d3z^2-r^2   0    0.000000000           90.0000    0.0000
  dx^2-y^2    0    0.000000000           90.0000    0.0000
  dxy         0    0.000000000           90.0000    0.0000
  dxz         0    0.000000000           90.0000    0.0000
  dyz         0    0.000000000           90.0000    0.0000
   sum over m      0.000000000           90.0000    0.0000

   78   Si         Orbital Moment(muB)    Angles (Deg)
            multiple
  s           0    0.000000000           90.0000    0.0000
   sum over m      0.000000000           90.0000    0.0000
  s           1    0.000000000           90.0000    0.0000
   sum over m      0.000000000           90.0000    0.0000
  px          0    0.000000000           90.0000    0.0000
  py          0    0.000000000           90.0000    0.0000
  pz          0    0.000000000           90.0000    0.0000
   sum over m      0.000000000           90.0000    0.0000
  px          1    0.000000000           90.0000    0.0000
  py          1    0.000000000           90.0000    0.0000
  pz          1    0.000000000           90.0000    0.0000
   sum over m      0.000000000           90.0000    0.0000
  d3z^2-r^2   0    0.000000000           90.0000    0.0000
  dx^2-y^2    0    0.000000000           90.0000    0.0000
  dxy         0    0.000000000           90.0000    0.0000
  dxz         0    0.000000000           90.0000    0.0000
  dyz         0    0.000000000           90.0000    0.0000
   sum over m      0.000000000           90.0000    0.0000

   79   Si         Orbital Moment(muB)    Angles (Deg)
            multiple
  s           0    0.000000000           90.0000    0.0000
   sum over m      0.000000000           90.0000    0.0000
  s           1    0.000000000           90.0000    0.0000
   sum over m      0.000000000           90.0000    0.0000
  px          0    0.000000000           90.0000    0.0000
  py          0    0.000000000           90.0000    0.0000
  pz          0    0.000000000           90.0000    0.0000
   sum over m      0.000000000           90.0000    0.0000
  px          1    0.000000000           90.0000    0.0000
  py          1    0.000000000           90.0000    0.0000
  pz          1    0.000000000           90.0000    0.0000
   sum over m      0.000000000           90.0000    0.0000
  d3z^2-r^2   0    0.000000000           90.0000    0.0000
  dx^2-y^2    0    0.000000000           90.0000    0.0000
  dxy         0    0.000000000           90.0000    0.0000
  dxz         0    0.000000000           90.0000    0.0000
  dyz         0    0.000000000           90.0000    0.0000
   sum over m      0.000000000           90.0000    0.0000

   80   Si         Orbital Moment(muB)    Angles (Deg)
            multiple
  s           0    0.000000000           90.0000    0.0000
   sum over m      0.000000000           90.0000    0.0000
  s           1    0.000000000           90.0000    0.0000
   sum over m      0.000000000           90.0000    0.0000
  px          0    0.000000000           90.0000    0.0000
  py          0    0.000000000           90.0000    0.0000
  pz          0    0.000000000           90.0000    0.0000
   sum over m      0.000000000           90.0000    0.0000
  px          1    0.000000000           90.0000    0.0000
  py          1    0.000000000           90.0000    0.0000
  pz          1    0.000000000           90.0000    0.0000
   sum over m      0.000000000           90.0000    0.0000
  d3z^2-r^2   0    0.000000000           90.0000    0.0000
  dx^2-y^2    0    0.000000000           90.0000    0.0000
  dxy         0    0.000000000           90.0000    0.0000
  dxz         0    0.000000000           90.0000    0.0000
  dyz         0    0.000000000           90.0000    0.0000
   sum over m      0.000000000           90.0000    0.0000

   81   Si         Orbital Moment(muB)    Angles (Deg)
            multiple
  s           0    0.000000000           90.0000    0.0000
   sum over m      0.000000000           90.0000    0.0000
  s           1    0.000000000           90.0000    0.0000
   sum over m      0.000000000           90.0000    0.0000
  px          0    0.000000000           90.0000    0.0000
  py          0    0.000000000           90.0000    0.0000
  pz          0    0.000000000           90.0000    0.0000
   sum over m      0.000000000           90.0000    0.0000
  px          1    0.000000000           90.0000    0.0000
  py          1    0.000000000           90.0000    0.0000
  pz          1    0.000000000           90.0000    0.0000
   sum over m      0.000000000           90.0000    0.0000
  d3z^2-r^2   0    0.000000000           90.0000    0.0000
  dx^2-y^2    0    0.000000000           90.0000    0.0000
  dxy         0    0.000000000           90.0000    0.0000
  dxz         0    0.000000000           90.0000    0.0000
  dyz         0    0.000000000           90.0000    0.0000
   sum over m      0.000000000           90.0000    0.0000

   82   Si         Orbital Moment(muB)    Angles (Deg)
            multiple
  s           0    0.000000000           90.0000    0.0000
   sum over m      0.000000000           90.0000    0.0000
  s           1    0.000000000           90.0000    0.0000
   sum over m      0.000000000           90.0000    0.0000
  px          0    0.000000000           90.0000    0.0000
  py          0    0.000000000           90.0000    0.0000
  pz          0    0.000000000           90.0000    0.0000
   sum over m      0.000000000           90.0000    0.0000
  px          1    0.000000000           90.0000    0.0000
  py          1    0.000000000           90.0000    0.0000
  pz          1    0.000000000           90.0000    0.0000
   sum over m      0.000000000           90.0000    0.0000
  d3z^2-r^2   0    0.000000000           90.0000    0.0000
  dx^2-y^2    0    0.000000000           90.0000    0.0000
  dxy         0    0.000000000           90.0000    0.0000
  dxz         0    0.000000000           90.0000    0.0000
  dyz         0    0.000000000           90.0000    0.0000
   sum over m      0.000000000           90.0000    0.0000

   83   Si         Orbital Moment(muB)    Angles (Deg)
            multiple
  s           0    0.000000000           90.0000    0.0000
   sum over m      0.000000000           90.0000    0.0000
  s           1    0.000000000           90.0000    0.0000
   sum over m      0.000000000           90.0000    0.0000
  px          0    0.000000000           90.0000    0.0000
  py          0    0.000000000           90.0000    0.0000
  pz          0    0.000000000           90.0000    0.0000
   sum over m      0.000000000           90.0000    0.0000
  px          1    0.000000000           90.0000    0.0000
  py          1    0.000000000           90.0000    0.0000
  pz          1    0.000000000           90.0000    0.0000
   sum over m      0.000000000           90.0000    0.0000
  d3z^2-r^2   0    0.000000000           90.0000    0.0000
  dx^2-y^2    0    0.000000000           90.0000    0.0000
  dxy         0    0.000000000           90.0000    0.0000
  dxz         0    0.000000000           90.0000    0.0000
  dyz         0    0.000000000           90.0000    0.0000
   sum over m      0.000000000           90.0000    0.0000

   84   Si         Orbital Moment(muB)    Angles (Deg)
            multiple
  s           0    0.000000000           90.0000    0.0000
   sum over m      0.000000000           90.0000    0.0000
  s           1    0.000000000           90.0000    0.0000
   sum over m      0.000000000           90.0000    0.0000
  px          0    0.000000000           90.0000    0.0000
  py          0    0.000000000           90.0000    0.0000
  pz          0    0.000000000           90.0000    0.0000
   sum over m      0.000000000           90.0000    0.0000
  px          1    0.000000000           90.0000    0.0000
  py          1    0.000000000           90.0000    0.0000
  pz          1    0.000000000           90.0000    0.0000
   sum over m      0.000000000           90.0000    0.0000
  d3z^2-r^2   0    0.000000000           90.0000    0.0000
  dx^2-y^2    0    0.000000000           90.0000    0.0000
  dxy         0    0.000000000           90.0000    0.0000
  dxz         0    0.000000000           90.0000    0.0000
  dyz         0    0.000000000           90.0000    0.0000
   sum over m      0.000000000           90.0000    0.0000

   85   Si         Orbital Moment(muB)    Angles (Deg)
            multiple
  s           0    0.000000000           90.0000    0.0000
   sum over m      0.000000000           90.0000    0.0000
  s           1    0.000000000           90.0000    0.0000
   sum over m      0.000000000           90.0000    0.0000
  px          0    0.000000000           90.0000    0.0000
  py          0    0.000000000           90.0000    0.0000
  pz          0    0.000000000           90.0000    0.0000
   sum over m      0.000000000           90.0000    0.0000
  px          1    0.000000000           90.0000    0.0000
  py          1    0.000000000           90.0000    0.0000
  pz          1    0.000000000           90.0000    0.0000
   sum over m      0.000000000           90.0000    0.0000
  d3z^2-r^2   0    0.000000000           90.0000    0.0000
  dx^2-y^2    0    0.000000000           90.0000    0.0000
  dxy         0    0.000000000           90.0000    0.0000
  dxz         0    0.000000000           90.0000    0.0000
  dyz         0    0.000000000           90.0000    0.0000
   sum over m      0.000000000           90.0000    0.0000

   86   Si         Orbital Moment(muB)    Angles (Deg)
            multiple
  s           0    0.000000000           90.0000    0.0000
   sum over m      0.000000000           90.0000    0.0000
  s           1    0.000000000           90.0000    0.0000
   sum over m      0.000000000           90.0000    0.0000
  px          0    0.000000000           90.0000    0.0000
  py          0    0.000000000           90.0000    0.0000
  pz          0    0.000000000           90.0000    0.0000
   sum over m      0.000000000           90.0000    0.0000
  px          1    0.000000000           90.0000    0.0000
  py          1    0.000000000           90.0000    0.0000
  pz          1    0.000000000           90.0000    0.0000
   sum over m      0.000000000           90.0000    0.0000
  d3z^2-r^2   0    0.000000000           90.0000    0.0000
  dx^2-y^2    0    0.000000000           90.0000    0.0000
  dxy         0    0.000000000           90.0000    0.0000
  dxz         0    0.000000000           90.0000    0.0000
  dyz         0    0.000000000           90.0000    0.0000
   sum over m      0.000000000           90.0000    0.0000

   87   Si         Orbital Moment(muB)    Angles (Deg)
            multiple
  s           0    0.000000000           90.0000    0.0000
   sum over m      0.000000000           90.0000    0.0000
  s           1    0.000000000           90.0000    0.0000
   sum over m      0.000000000           90.0000    0.0000
  px          0    0.000000000           90.0000    0.0000
  py          0    0.000000000           90.0000    0.0000
  pz          0    0.000000000           90.0000    0.0000
   sum over m      0.000000000           90.0000    0.0000
  px          1    0.000000000           90.0000    0.0000
  py          1    0.000000000           90.0000    0.0000
  pz          1    0.000000000           90.0000    0.0000
   sum over m      0.000000000           90.0000    0.0000
  d3z^2-r^2   0    0.000000000           90.0000    0.0000
  dx^2-y^2    0    0.000000000           90.0000    0.0000
  dxy         0    0.000000000           90.0000    0.0000
  dxz         0    0.000000000           90.0000    0.0000
  dyz         0    0.000000000           90.0000    0.0000
   sum over m      0.000000000           90.0000    0.0000

   88   Si         Orbital Moment(muB)    Angles (Deg)
            multiple
  s           0    0.000000000           90.0000    0.0000
   sum over m      0.000000000           90.0000    0.0000
  s           1    0.000000000           90.0000    0.0000
   sum over m      0.000000000           90.0000    0.0000
  px          0    0.000000000           90.0000    0.0000
  py          0    0.000000000           90.0000    0.0000
  pz          0    0.000000000           90.0000    0.0000
   sum over m      0.000000000           90.0000    0.0000
  px          1    0.000000000           90.0000    0.0000
  py          1    0.000000000           90.0000    0.0000
  pz          1    0.000000000           90.0000    0.0000
   sum over m      0.000000000           90.0000    0.0000
  d3z^2-r^2   0    0.000000000           90.0000    0.0000
  dx^2-y^2    0    0.000000000           90.0000    0.0000
  dxy         0    0.000000000           90.0000    0.0000
  dxz         0    0.000000000           90.0000    0.0000
  dyz         0    0.000000000           90.0000    0.0000
   sum over m      0.000000000           90.0000    0.0000

   89   Si         Orbital Moment(muB)    Angles (Deg)
            multiple
  s           0    0.000000000           90.0000    0.0000
   sum over m      0.000000000           90.0000    0.0000
  s           1    0.000000000           90.0000    0.0000
   sum over m      0.000000000           90.0000    0.0000
  px          0    0.000000000           90.0000    0.0000
  py          0    0.000000000           90.0000    0.0000
  pz          0    0.000000000           90.0000    0.0000
   sum over m      0.000000000           90.0000    0.0000
  px          1    0.000000000           90.0000    0.0000
  py          1    0.000000000           90.0000    0.0000
  pz          1    0.000000000           90.0000    0.0000
   sum over m      0.000000000           90.0000    0.0000
  d3z^2-r^2   0    0.000000000           90.0000    0.0000
  dx^2-y^2    0    0.000000000           90.0000    0.0000
  dxy         0    0.000000000           90.0000    0.0000
  dxz         0    0.000000000           90.0000    0.0000
  dyz         0    0.000000000           90.0000    0.0000
   sum over m      0.000000000           90.0000    0.0000

   90   Si         Orbital Moment(muB)    Angles (Deg)
            multiple
  s           0    0.000000000           90.0000    0.0000
   sum over m      0.000000000           90.0000    0.0000
  s           1    0.000000000           90.0000    0.0000
   sum over m      0.000000000           90.0000    0.0000
  px          0    0.000000000           90.0000    0.0000
  py          0    0.000000000           90.0000    0.0000
  pz          0    0.000000000           90.0000    0.0000
   sum over m      0.000000000           90.0000    0.0000
  px          1    0.000000000           90.0000    0.0000
  py          1    0.000000000           90.0000    0.0000
  pz          1    0.000000000           90.0000    0.0000
   sum over m      0.000000000           90.0000    0.0000
  d3z^2-r^2   0    0.000000000           90.0000    0.0000
  dx^2-y^2    0    0.000000000           90.0000    0.0000
  dxy         0    0.000000000           90.0000    0.0000
  dxz         0    0.000000000           90.0000    0.0000
  dyz         0    0.000000000           90.0000    0.0000
   sum over m      0.000000000           90.0000    0.0000

   91   Si         Orbital Moment(muB)    Angles (Deg)
            multiple
  s           0    0.000000000           90.0000    0.0000
   sum over m      0.000000000           90.0000    0.0000
  s           1    0.000000000           90.0000    0.0000
   sum over m      0.000000000           90.0000    0.0000
  px          0    0.000000000           90.0000    0.0000
  py          0    0.000000000           90.0000    0.0000
  pz          0    0.000000000           90.0000    0.0000
   sum over m      0.000000000           90.0000    0.0000
  px          1    0.000000000           90.0000    0.0000
  py          1    0.000000000           90.0000    0.0000
  pz          1    0.000000000           90.0000    0.0000
   sum over m      0.000000000           90.0000    0.0000
  d3z^2-r^2   0    0.000000000           90.0000    0.0000
  dx^2-y^2    0    0.000000000           90.0000    0.0000
  dxy         0    0.000000000           90.0000    0.0000
  dxz         0    0.000000000           90.0000    0.0000
  dyz         0    0.000000000           90.0000    0.0000
   sum over m      0.000000000           90.0000    0.0000

   92   Si         Orbital Moment(muB)    Angles (Deg)
            multiple
  s           0    0.000000000           90.0000    0.0000
   sum over m      0.000000000           90.0000    0.0000
  s           1    0.000000000           90.0000    0.0000
   sum over m      0.000000000           90.0000    0.0000
  px          0    0.000000000           90.0000    0.0000
  py          0    0.000000000           90.0000    0.0000
  pz          0    0.000000000           90.0000    0.0000
   sum over m      0.000000000           90.0000    0.0000
  px          1    0.000000000           90.0000    0.0000
  py          1    0.000000000           90.0000    0.0000
  pz          1    0.000000000           90.0000    0.0000
   sum over m      0.000000000           90.0000    0.0000
  d3z^2-r^2   0    0.000000000           90.0000    0.0000
  dx^2-y^2    0    0.000000000           90.0000    0.0000
  dxy         0    0.000000000           90.0000    0.0000
  dxz         0    0.000000000           90.0000    0.0000
  dyz         0    0.000000000           90.0000    0.0000
   sum over m      0.000000000           90.0000    0.0000

   93   Si         Orbital Moment(muB)    Angles (Deg)
            multiple
  s           0    0.000000000           90.0000    0.0000
   sum over m      0.000000000           90.0000    0.0000
  s           1    0.000000000           90.0000    0.0000
   sum over m      0.000000000           90.0000    0.0000
  px          0    0.000000000           90.0000    0.0000
  py          0    0.000000000           90.0000    0.0000
  pz          0    0.000000000           90.0000    0.0000
   sum over m      0.000000000           90.0000    0.0000
  px          1    0.000000000           90.0000    0.0000
  py          1    0.000000000           90.0000    0.0000
  pz          1    0.000000000           90.0000    0.0000
   sum over m      0.000000000           90.0000    0.0000
  d3z^2-r^2   0    0.000000000           90.0000    0.0000
  dx^2-y^2    0    0.000000000           90.0000    0.0000
  dxy         0    0.000000000           90.0000    0.0000
  dxz         0    0.000000000           90.0000    0.0000
  dyz         0    0.000000000           90.0000    0.0000
   sum over m      0.000000000           90.0000    0.0000

   94   Si         Orbital Moment(muB)    Angles (Deg)
            multiple
  s           0    0.000000000           90.0000    0.0000
   sum over m      0.000000000           90.0000    0.0000
  s           1    0.000000000           90.0000    0.0000
   sum over m      0.000000000           90.0000    0.0000
  px          0    0.000000000           90.0000    0.0000
  py          0    0.000000000           90.0000    0.0000
  pz          0    0.000000000           90.0000    0.0000
   sum over m      0.000000000           90.0000    0.0000
  px          1    0.000000000           90.0000    0.0000
  py          1    0.000000000           90.0000    0.0000
  pz          1    0.000000000           90.0000    0.0000
   sum over m      0.000000000           90.0000    0.0000
  d3z^2-r^2   0    0.000000000           90.0000    0.0000
  dx^2-y^2    0    0.000000000           90.0000    0.0000
  dxy         0    0.000000000           90.0000    0.0000
  dxz         0    0.000000000           90.0000    0.0000
  dyz         0    0.000000000           90.0000    0.0000
   sum over m      0.000000000           90.0000    0.0000

   95   Si         Orbital Moment(muB)    Angles (Deg)
            multiple
  s           0    0.000000000           90.0000    0.0000
   sum over m      0.000000000           90.0000    0.0000
  s           1    0.000000000           90.0000    0.0000
   sum over m      0.000000000           90.0000    0.0000
  px          0    0.000000000           90.0000    0.0000
  py          0    0.000000000           90.0000    0.0000
  pz          0    0.000000000           90.0000    0.0000
   sum over m      0.000000000           90.0000    0.0000
  px          1    0.000000000           90.0000    0.0000
  py          1    0.000000000           90.0000    0.0000
  pz          1    0.000000000           90.0000    0.0000
   sum over m      0.000000000           90.0000    0.0000
  d3z^2-r^2   0    0.000000000           90.0000    0.0000
  dx^2-y^2    0    0.000000000           90.0000    0.0000
  dxy         0    0.000000000           90.0000    0.0000
  dxz         0    0.000000000           90.0000    0.0000
  dyz         0    0.000000000           90.0000    0.0000
   sum over m      0.000000000           90.0000    0.0000

   96   Si         Orbital Moment(muB)    Angles (Deg)
            multiple
  s           0    0.000000000           90.0000    0.0000
   sum over m      0.000000000           90.0000    0.0000
  s           1    0.000000000           90.0000    0.0000
   sum over m      0.000000000           90.0000    0.0000
  px          0    0.000000000           90.0000    0.0000
  py          0    0.000000000           90.0000    0.0000
  pz          0    0.000000000           90.0000    0.0000
   sum over m      0.000000000           90.0000    0.0000
  px          1    0.000000000           90.0000    0.0000
  py          1    0.000000000           90.0000    0.0000
  pz          1    0.000000000           90.0000    0.0000
   sum over m      0.000000000           90.0000    0.0000
  d3z^2-r^2   0    0.000000000           90.0000    0.0000
  dx^2-y^2    0    0.000000000           90.0000    0.0000
  dxy         0    0.000000000           90.0000    0.0000
  dxz         0    0.000000000           90.0000    0.0000
  dyz         0    0.000000000           90.0000    0.0000
   sum over m      0.000000000           90.0000    0.0000

   97   Si         Orbital Moment(muB)    Angles (Deg)
            multiple
  s           0    0.000000000           90.0000    0.0000
   sum over m      0.000000000           90.0000    0.0000
  s           1    0.000000000           90.0000    0.0000
   sum over m      0.000000000           90.0000    0.0000
  px          0    0.000000000           90.0000    0.0000
  py          0    0.000000000           90.0000    0.0000
  pz          0    0.000000000           90.0000    0.0000
   sum over m      0.000000000           90.0000    0.0000
  px          1    0.000000000           90.0000    0.0000
  py          1    0.000000000           90.0000    0.0000
  pz          1    0.000000000           90.0000    0.0000
   sum over m      0.000000000           90.0000    0.0000
  d3z^2-r^2   0    0.000000000           90.0000    0.0000
  dx^2-y^2    0    0.000000000           90.0000    0.0000
  dxy         0    0.000000000           90.0000    0.0000
  dxz         0    0.000000000           90.0000    0.0000
  dyz         0    0.000000000           90.0000    0.0000
   sum over m      0.000000000           90.0000    0.0000

   98   Si         Orbital Moment(muB)    Angles (Deg)
            multiple
  s           0    0.000000000           90.0000    0.0000
   sum over m      0.000000000           90.0000    0.0000
  s           1    0.000000000           90.0000    0.0000
   sum over m      0.000000000           90.0000    0.0000
  px          0    0.000000000           90.0000    0.0000
  py          0    0.000000000           90.0000    0.0000
  pz          0    0.000000000           90.0000    0.0000
   sum over m      0.000000000           90.0000    0.0000
  px          1    0.000000000           90.0000    0.0000
  py          1    0.000000000           90.0000    0.0000
  pz          1    0.000000000           90.0000    0.0000
   sum over m      0.000000000           90.0000    0.0000
  d3z^2-r^2   0    0.000000000           90.0000    0.0000
  dx^2-y^2    0    0.000000000           90.0000    0.0000
  dxy         0    0.000000000           90.0000    0.0000
  dxz         0    0.000000000           90.0000    0.0000
  dyz         0    0.000000000           90.0000    0.0000
   sum over m      0.000000000           90.0000    0.0000

   99   Si         Orbital Moment(muB)    Angles (Deg)
            multiple
  s           0    0.000000000           90.0000    0.0000
   sum over m      0.000000000           90.0000    0.0000
  s           1    0.000000000           90.0000    0.0000
   sum over m      0.000000000           90.0000    0.0000
  px          0    0.000000000           90.0000    0.0000
  py          0    0.000000000           90.0000    0.0000
  pz          0    0.000000000           90.0000    0.0000
   sum over m      0.000000000           90.0000    0.0000
  px          1    0.000000000           90.0000    0.0000
  py          1    0.000000000           90.0000    0.0000
  pz          1    0.000000000           90.0000    0.0000
   sum over m      0.000000000           90.0000    0.0000
  d3z^2-r^2   0    0.000000000           90.0000    0.0000
  dx^2-y^2    0    0.000000000           90.0000    0.0000
  dxy         0    0.000000000           90.0000    0.0000
  dxz         0    0.000000000           90.0000    0.0000
  dyz         0    0.000000000           90.0000    0.0000
   sum over m      0.000000000           90.0000    0.0000

  100   Si         Orbital Moment(muB)    Angles (Deg)
            multiple
  s           0    0.000000000           90.0000    0.0000
   sum over m      0.000000000           90.0000    0.0000
  s           1    0.000000000           90.0000    0.0000
   sum over m      0.000000000           90.0000    0.0000
  px          0    0.000000000           90.0000    0.0000
  py          0    0.000000000           90.0000    0.0000
  pz          0    0.000000000           90.0000    0.0000
   sum over m      0.000000000           90.0000    0.0000
  px          1    0.000000000           90.0000    0.0000
  py          1    0.000000000           90.0000    0.0000
  pz          1    0.000000000           90.0000    0.0000
   sum over m      0.000000000           90.0000    0.0000
  d3z^2-r^2   0    0.000000000           90.0000    0.0000
  dx^2-y^2    0    0.000000000           90.0000    0.0000
  dxy         0    0.000000000           90.0000    0.0000
  dxz         0    0.000000000           90.0000    0.0000
  dyz         0    0.000000000           90.0000    0.0000
   sum over m      0.000000000           90.0000    0.0000

  101   Si         Orbital Moment(muB)    Angles (Deg)
            multiple
  s           0    0.000000000           90.0000    0.0000
   sum over m      0.000000000           90.0000    0.0000
  s           1    0.000000000           90.0000    0.0000
   sum over m      0.000000000           90.0000    0.0000
  px          0    0.000000000           90.0000    0.0000
  py          0    0.000000000           90.0000    0.0000
  pz          0    0.000000000           90.0000    0.0000
   sum over m      0.000000000           90.0000    0.0000
  px          1    0.000000000           90.0000    0.0000
  py          1    0.000000000           90.0000    0.0000
  pz          1    0.000000000           90.0000    0.0000
   sum over m      0.000000000           90.0000    0.0000
  d3z^2-r^2   0    0.000000000           90.0000    0.0000
  dx^2-y^2    0    0.000000000           90.0000    0.0000
  dxy         0    0.000000000           90.0000    0.0000
  dxz         0    0.000000000           90.0000    0.0000
  dyz         0    0.000000000           90.0000    0.0000
   sum over m      0.000000000           90.0000    0.0000

  102   Si         Orbital Moment(muB)    Angles (Deg)
            multiple
  s           0    0.000000000           90.0000    0.0000
   sum over m      0.000000000           90.0000    0.0000
  s           1    0.000000000           90.0000    0.0000
   sum over m      0.000000000           90.0000    0.0000
  px          0    0.000000000           90.0000    0.0000
  py          0    0.000000000           90.0000    0.0000
  pz          0    0.000000000           90.0000    0.0000
   sum over m      0.000000000           90.0000    0.0000
  px          1    0.000000000           90.0000    0.0000
  py          1    0.000000000           90.0000    0.0000
  pz          1    0.000000000           90.0000    0.0000
   sum over m      0.000000000           90.0000    0.0000
  d3z^2-r^2   0    0.000000000           90.0000    0.0000
  dx^2-y^2    0    0.000000000           90.0000    0.0000
  dxy         0    0.000000000           90.0000    0.0000
  dxz         0    0.000000000           90.0000    0.0000
  dyz         0    0.000000000           90.0000    0.0000
   sum over m      0.000000000           90.0000    0.0000

  103   Si         Orbital Moment(muB)    Angles (Deg)
            multiple
  s           0    0.000000000           90.0000    0.0000
   sum over m      0.000000000           90.0000    0.0000
  s           1    0.000000000           90.0000    0.0000
   sum over m      0.000000000           90.0000    0.0000
  px          0    0.000000000           90.0000    0.0000
  py          0    0.000000000           90.0000    0.0000
  pz          0    0.000000000           90.0000    0.0000
   sum over m      0.000000000           90.0000    0.0000
  px          1    0.000000000           90.0000    0.0000
  py          1    0.000000000           90.0000    0.0000
  pz          1    0.000000000           90.0000    0.0000
   sum over m      0.000000000           90.0000    0.0000
  d3z^2-r^2   0    0.000000000           90.0000    0.0000
  dx^2-y^2    0    0.000000000           90.0000    0.0000
  dxy         0    0.000000000           90.0000    0.0000
  dxz         0    0.000000000           90.0000    0.0000
  dyz         0    0.000000000           90.0000    0.0000
   sum over m      0.000000000           90.0000    0.0000

  104   Si         Orbital Moment(muB)    Angles (Deg)
            multiple
  s           0    0.000000000           90.0000    0.0000
   sum over m      0.000000000           90.0000    0.0000
  s           1    0.000000000           90.0000    0.0000
   sum over m      0.000000000           90.0000    0.0000
  px          0    0.000000000           90.0000    0.0000
  py          0    0.000000000           90.0000    0.0000
  pz          0    0.000000000           90.0000    0.0000
   sum over m      0.000000000           90.0000    0.0000
  px          1    0.000000000           90.0000    0.0000
  py          1    0.000000000           90.0000    0.0000
  pz          1    0.000000000           90.0000    0.0000
   sum over m      0.000000000           90.0000    0.0000
  d3z^2-r^2   0    0.000000000           90.0000    0.0000
  dx^2-y^2    0    0.000000000           90.0000    0.0000
  dxy         0    0.000000000           90.0000    0.0000
  dxz         0    0.000000000           90.0000    0.0000
  dyz         0    0.000000000           90.0000    0.0000
   sum over m      0.000000000           90.0000    0.0000

  105   Si         Orbital Moment(muB)    Angles (Deg)
            multiple
  s           0    0.000000000           90.0000    0.0000
   sum over m      0.000000000           90.0000    0.0000
  s           1    0.000000000           90.0000    0.0000
   sum over m      0.000000000           90.0000    0.0000
  px          0    0.000000000           90.0000    0.0000
  py          0    0.000000000           90.0000    0.0000
  pz          0    0.000000000           90.0000    0.0000
   sum over m      0.000000000           90.0000    0.0000
  px          1    0.000000000           90.0000    0.0000
  py          1    0.000000000           90.0000    0.0000
  pz          1    0.000000000           90.0000    0.0000
   sum over m      0.000000000           90.0000    0.0000
  d3z^2-r^2   0    0.000000000           90.0000    0.0000
  dx^2-y^2    0    0.000000000           90.0000    0.0000
  dxy         0    0.000000000           90.0000    0.0000
  dxz         0    0.000000000           90.0000    0.0000
  dyz         0    0.000000000           90.0000    0.0000
   sum over m      0.000000000           90.0000    0.0000

  106   Si         Orbital Moment(muB)    Angles (Deg)
            multiple
  s           0    0.000000000           90.0000    0.0000
   sum over m      0.000000000           90.0000    0.0000
  s           1    0.000000000           90.0000    0.0000
   sum over m      0.000000000           90.0000    0.0000
  px          0    0.000000000           90.0000    0.0000
  py          0    0.000000000           90.0000    0.0000
  pz          0    0.000000000           90.0000    0.0000
   sum over m      0.000000000           90.0000    0.0000
  px          1    0.000000000           90.0000    0.0000
  py          1    0.000000000           90.0000    0.0000
  pz          1    0.000000000           90.0000    0.0000
   sum over m      0.000000000           90.0000    0.0000
  d3z^2-r^2   0    0.000000000           90.0000    0.0000
  dx^2-y^2    0    0.000000000           90.0000    0.0000
  dxy         0    0.000000000           90.0000    0.0000
  dxz         0    0.000000000           90.0000    0.0000
  dyz         0    0.000000000           90.0000    0.0000
   sum over m      0.000000000           90.0000    0.0000

  107   Si         Orbital Moment(muB)    Angles (Deg)
            multiple
  s           0    0.000000000           90.0000    0.0000
   sum over m      0.000000000           90.0000    0.0000
  s           1    0.000000000           90.0000    0.0000
   sum over m      0.000000000           90.0000    0.0000
  px          0    0.000000000           90.0000    0.0000
  py          0    0.000000000           90.0000    0.0000
  pz          0    0.000000000           90.0000    0.0000
   sum over m      0.000000000           90.0000    0.0000
  px          1    0.000000000           90.0000    0.0000
  py          1    0.000000000           90.0000    0.0000
  pz          1    0.000000000           90.0000    0.0000
   sum over m      0.000000000           90.0000    0.0000
  d3z^2-r^2   0    0.000000000           90.0000    0.0000
  dx^2-y^2    0    0.000000000           90.0000    0.0000
  dxy         0    0.000000000           90.0000    0.0000
  dxz         0    0.000000000           90.0000    0.0000
  dyz         0    0.000000000           90.0000    0.0000
   sum over m      0.000000000           90.0000    0.0000

  108   Si         Orbital Moment(muB)    Angles (Deg)
            multiple
  s           0    0.000000000           90.0000    0.0000
   sum over m      0.000000000           90.0000    0.0000
  s           1    0.000000000           90.0000    0.0000
   sum over m      0.000000000           90.0000    0.0000
  px          0    0.000000000           90.0000    0.0000
  py          0    0.000000000           90.0000    0.0000
  pz          0    0.000000000           90.0000    0.0000
   sum over m      0.000000000           90.0000    0.0000
  px          1    0.000000000           90.0000    0.0000
  py          1    0.000000000           90.0000    0.0000
  pz          1    0.000000000           90.0000    0.0000
   sum over m      0.000000000           90.0000    0.0000
  d3z^2-r^2   0    0.000000000           90.0000    0.0000
  dx^2-y^2    0    0.000000000           90.0000    0.0000
  dxy         0    0.000000000           90.0000    0.0000
  dxz         0    0.000000000           90.0000    0.0000
  dyz         0    0.000000000           90.0000    0.0000
   sum over m      0.000000000           90.0000    0.0000

  109   Si         Orbital Moment(muB)    Angles (Deg)
            multiple
  s           0    0.000000000           90.0000    0.0000
   sum over m      0.000000000           90.0000    0.0000
  s           1    0.000000000           90.0000    0.0000
   sum over m      0.000000000           90.0000    0.0000
  px          0    0.000000000           90.0000    0.0000
  py          0    0.000000000           90.0000    0.0000
  pz          0    0.000000000           90.0000    0.0000
   sum over m      0.000000000           90.0000    0.0000
  px          1    0.000000000           90.0000    0.0000
  py          1    0.000000000           90.0000    0.0000
  pz          1    0.000000000           90.0000    0.0000
   sum over m      0.000000000           90.0000    0.0000
  d3z^2-r^2   0    0.000000000           90.0000    0.0000
  dx^2-y^2    0    0.000000000           90.0000    0.0000
  dxy         0    0.000000000           90.0000    0.0000
  dxz         0    0.000000000           90.0000    0.0000
  dyz         0    0.000000000           90.0000    0.0000
   sum over m      0.000000000           90.0000    0.0000

  110   Si         Orbital Moment(muB)    Angles (Deg)
            multiple
  s           0    0.000000000           90.0000    0.0000
   sum over m      0.000000000           90.0000    0.0000
  s           1    0.000000000           90.0000    0.0000
   sum over m      0.000000000           90.0000    0.0000
  px          0    0.000000000           90.0000    0.0000
  py          0    0.000000000           90.0000    0.0000
  pz          0    0.000000000           90.0000    0.0000
   sum over m      0.000000000           90.0000    0.0000
  px          1    0.000000000           90.0000    0.0000
  py          1    0.000000000           90.0000    0.0000
  pz          1    0.000000000           90.0000    0.0000
   sum over m      0.000000000           90.0000    0.0000
  d3z^2-r^2   0    0.000000000           90.0000    0.0000
  dx^2-y^2    0    0.000000000           90.0000    0.0000
  dxy         0    0.000000000           90.0000    0.0000
  dxz         0    0.000000000           90.0000    0.0000
  dyz         0    0.000000000           90.0000    0.0000
   sum over m      0.000000000           90.0000    0.0000

  111   Si         Orbital Moment(muB)    Angles (Deg)
            multiple
  s           0    0.000000000           90.0000    0.0000
   sum over m      0.000000000           90.0000    0.0000
  s           1    0.000000000           90.0000    0.0000
   sum over m      0.000000000           90.0000    0.0000
  px          0    0.000000000           90.0000    0.0000
  py          0    0.000000000           90.0000    0.0000
  pz          0    0.000000000           90.0000    0.0000
   sum over m      0.000000000           90.0000    0.0000
  px          1    0.000000000           90.0000    0.0000
  py          1    0.000000000           90.0000    0.0000
  pz          1    0.000000000           90.0000    0.0000
   sum over m      0.000000000           90.0000    0.0000
  d3z^2-r^2   0    0.000000000           90.0000    0.0000
  dx^2-y^2    0    0.000000000           90.0000    0.0000
  dxy         0    0.000000000           90.0000    0.0000
  dxz         0    0.000000000           90.0000    0.0000
  dyz         0    0.000000000           90.0000    0.0000
   sum over m      0.000000000           90.0000    0.0000

  112   Si         Orbital Moment(muB)    Angles (Deg)
            multiple
  s           0    0.000000000           90.0000    0.0000
   sum over m      0.000000000           90.0000    0.0000
  s           1    0.000000000           90.0000    0.0000
   sum over m      0.000000000           90.0000    0.0000
  px          0    0.000000000           90.0000    0.0000
  py          0    0.000000000           90.0000    0.0000
  pz          0    0.000000000           90.0000    0.0000
   sum over m      0.000000000           90.0000    0.0000
  px          1    0.000000000           90.0000    0.0000
  py          1    0.000000000           90.0000    0.0000
  pz          1    0.000000000           90.0000    0.0000
   sum over m      0.000000000           90.0000    0.0000
  d3z^2-r^2   0    0.000000000           90.0000    0.0000
  dx^2-y^2    0    0.000000000           90.0000    0.0000
  dxy         0    0.000000000           90.0000    0.0000
  dxz         0    0.000000000           90.0000    0.0000
  dyz         0    0.000000000           90.0000    0.0000
   sum over m      0.000000000           90.0000    0.0000

  113   Si         Orbital Moment(muB)    Angles (Deg)
            multiple
  s           0    0.000000000           90.0000    0.0000
   sum over m      0.000000000           90.0000    0.0000
  s           1    0.000000000           90.0000    0.0000
   sum over m      0.000000000           90.0000    0.0000
  px          0    0.000000000           90.0000    0.0000
  py          0    0.000000000           90.0000    0.0000
  pz          0    0.000000000           90.0000    0.0000
   sum over m      0.000000000           90.0000    0.0000
  px          1    0.000000000           90.0000    0.0000
  py          1    0.000000000           90.0000    0.0000
  pz          1    0.000000000           90.0000    0.0000
   sum over m      0.000000000           90.0000    0.0000
  d3z^2-r^2   0    0.000000000           90.0000    0.0000
  dx^2-y^2    0    0.000000000           90.0000    0.0000
  dxy         0    0.000000000           90.0000    0.0000
  dxz         0    0.000000000           90.0000    0.0000
  dyz         0    0.000000000           90.0000    0.0000
   sum over m      0.000000000           90.0000    0.0000

  114   Si         Orbital Moment(muB)    Angles (Deg)
            multiple
  s           0    0.000000000           90.0000    0.0000
   sum over m      0.000000000           90.0000    0.0000
  s           1    0.000000000           90.0000    0.0000
   sum over m      0.000000000           90.0000    0.0000
  px          0    0.000000000           90.0000    0.0000
  py          0    0.000000000           90.0000    0.0000
  pz          0    0.000000000           90.0000    0.0000
   sum over m      0.000000000           90.0000    0.0000
  px          1    0.000000000           90.0000    0.0000
  py          1    0.000000000           90.0000    0.0000
  pz          1    0.000000000           90.0000    0.0000
   sum over m      0.000000000           90.0000    0.0000
  d3z^2-r^2   0    0.000000000           90.0000    0.0000
  dx^2-y^2    0    0.000000000           90.0000    0.0000
  dxy         0    0.000000000           90.0000    0.0000
  dxz         0    0.000000000           90.0000    0.0000
  dyz         0    0.000000000           90.0000    0.0000
   sum over m      0.000000000           90.0000    0.0000

  115   Si         Orbital Moment(muB)    Angles (Deg)
            multiple
  s           0    0.000000000           90.0000    0.0000
   sum over m      0.000000000           90.0000    0.0000
  s           1    0.000000000           90.0000    0.0000
   sum over m      0.000000000           90.0000    0.0000
  px          0    0.000000000           90.0000    0.0000
  py          0    0.000000000           90.0000    0.0000
  pz          0    0.000000000           90.0000    0.0000
   sum over m      0.000000000           90.0000    0.0000
  px          1    0.000000000           90.0000    0.0000
  py          1    0.000000000           90.0000    0.0000
  pz          1    0.000000000           90.0000    0.0000
   sum over m      0.000000000           90.0000    0.0000
  d3z^2-r^2   0    0.000000000           90.0000    0.0000
  dx^2-y^2    0    0.000000000           90.0000    0.0000
  dxy         0    0.000000000           90.0000    0.0000
  dxz         0    0.000000000           90.0000    0.0000
  dyz         0    0.000000000           90.0000    0.0000
   sum over m      0.000000000           90.0000    0.0000

  116   Si         Orbital Moment(muB)    Angles (Deg)
            multiple
  s           0    0.000000000           90.0000    0.0000
   sum over m      0.000000000           90.0000    0.0000
  s           1    0.000000000           90.0000    0.0000
   sum over m      0.000000000           90.0000    0.0000
  px          0    0.000000000           90.0000    0.0000
  py          0    0.000000000           90.0000    0.0000
  pz          0    0.000000000           90.0000    0.0000
   sum over m      0.000000000           90.0000    0.0000
  px          1    0.000000000           90.0000    0.0000
  py          1    0.000000000           90.0000    0.0000
  pz          1    0.000000000           90.0000    0.0000
   sum over m      0.000000000           90.0000    0.0000
  d3z^2-r^2   0    0.000000000           90.0000    0.0000
  dx^2-y^2    0    0.000000000           90.0000    0.0000
  dxy         0    0.000000000           90.0000    0.0000
  dxz         0    0.000000000           90.0000    0.0000
  dyz         0    0.000000000           90.0000    0.0000
   sum over m      0.000000000           90.0000    0.0000

  117   Si         Orbital Moment(muB)    Angles (Deg)
            multiple
  s           0    0.000000000           90.0000    0.0000
   sum over m      0.000000000           90.0000    0.0000
  s           1    0.000000000           90.0000    0.0000
   sum over m      0.000000000           90.0000    0.0000
  px          0    0.000000000           90.0000    0.0000
  py          0    0.000000000           90.0000    0.0000
  pz          0    0.000000000           90.0000    0.0000
   sum over m      0.000000000           90.0000    0.0000
  px          1    0.000000000           90.0000    0.0000
  py          1    0.000000000           90.0000    0.0000
  pz          1    0.000000000           90.0000    0.0000
   sum over m      0.000000000           90.0000    0.0000
  d3z^2-r^2   0    0.000000000           90.0000    0.0000
  dx^2-y^2    0    0.000000000           90.0000    0.0000
  dxy         0    0.000000000           90.0000    0.0000
  dxz         0    0.000000000           90.0000    0.0000
  dyz         0    0.000000000           90.0000    0.0000
   sum over m      0.000000000           90.0000    0.0000

  118   Si         Orbital Moment(muB)    Angles (Deg)
            multiple
  s           0    0.000000000           90.0000    0.0000
   sum over m      0.000000000           90.0000    0.0000
  s           1    0.000000000           90.0000    0.0000
   sum over m      0.000000000           90.0000    0.0000
  px          0    0.000000000           90.0000    0.0000
  py          0    0.000000000           90.0000    0.0000
  pz          0    0.000000000           90.0000    0.0000
   sum over m      0.000000000           90.0000    0.0000
  px          1    0.000000000           90.0000    0.0000
  py          1    0.000000000           90.0000    0.0000
  pz          1    0.000000000           90.0000    0.0000
   sum over m      0.000000000           90.0000    0.0000
  d3z^2-r^2   0    0.000000000           90.0000    0.0000
  dx^2-y^2    0    0.000000000           90.0000    0.0000
  dxy         0    0.000000000           90.0000    0.0000
  dxz         0    0.000000000           90.0000    0.0000
  dyz         0    0.000000000           90.0000    0.0000
   sum over m      0.000000000           90.0000    0.0000

  119   Si         Orbital Moment(muB)    Angles (Deg)
            multiple
  s           0    0.000000000           90.0000    0.0000
   sum over m      0.000000000           90.0000    0.0000
  s           1    0.000000000           90.0000    0.0000
   sum over m      0.000000000           90.0000    0.0000
  px          0    0.000000000           90.0000    0.0000
  py          0    0.000000000           90.0000    0.0000
  pz          0    0.000000000           90.0000    0.0000
   sum over m      0.000000000           90.0000    0.0000
  px          1    0.000000000           90.0000    0.0000
  py          1    0.000000000           90.0000    0.0000
  pz          1    0.000000000           90.0000    0.0000
   sum over m      0.000000000           90.0000    0.0000
  d3z^2-r^2   0    0.000000000           90.0000    0.0000
  dx^2-y^2    0    0.000000000           90.0000    0.0000
  dxy         0    0.000000000           90.0000    0.0000
  dxz         0    0.000000000           90.0000    0.0000
  dyz         0    0.000000000           90.0000    0.0000
   sum over m      0.000000000           90.0000    0.0000

  120   Si         Orbital Moment(muB)    Angles (Deg)
            multiple
  s           0    0.000000000           90.0000    0.0000
   sum over m      0.000000000           90.0000    0.0000
  s           1    0.000000000           90.0000    0.0000
   sum over m      0.000000000           90.0000    0.0000
  px          0    0.000000000           90.0000    0.0000
  py          0    0.000000000           90.0000    0.0000
  pz          0    0.000000000           90.0000    0.0000
   sum over m      0.000000000           90.0000    0.0000
  px          1    0.000000000           90.0000    0.0000
  py          1    0.000000000           90.0000    0.0000
  pz          1    0.000000000           90.0000    0.0000
   sum over m      0.000000000           90.0000    0.0000
  d3z^2-r^2   0    0.000000000           90.0000    0.0000
  dx^2-y^2    0    0.000000000           90.0000    0.0000
  dxy         0    0.000000000           90.0000    0.0000
  dxz         0    0.000000000           90.0000    0.0000
  dyz         0    0.000000000           90.0000    0.0000
   sum over m      0.000000000           90.0000    0.0000

  121   Si         Orbital Moment(muB)    Angles (Deg)
            multiple
  s           0    0.000000000           90.0000    0.0000
   sum over m      0.000000000           90.0000    0.0000
  s           1    0.000000000           90.0000    0.0000
   sum over m      0.000000000           90.0000    0.0000
  px          0    0.000000000           90.0000    0.0000
  py          0    0.000000000           90.0000    0.0000
  pz          0    0.000000000           90.0000    0.0000
   sum over m      0.000000000           90.0000    0.0000
  px          1    0.000000000           90.0000    0.0000
  py          1    0.000000000           90.0000    0.0000
  pz          1    0.000000000           90.0000    0.0000
   sum over m      0.000000000           90.0000    0.0000
  d3z^2-r^2   0    0.000000000           90.0000    0.0000
  dx^2-y^2    0    0.000000000           90.0000    0.0000
  dxy         0    0.000000000           90.0000    0.0000
  dxz         0    0.000000000           90.0000    0.0000
  dyz         0    0.000000000           90.0000    0.0000
   sum over m      0.000000000           90.0000    0.0000

  122   Si         Orbital Moment(muB)    Angles (Deg)
            multiple
  s           0    0.000000000           90.0000    0.0000
   sum over m      0.000000000           90.0000    0.0000
  s           1    0.000000000           90.0000    0.0000
   sum over m      0.000000000           90.0000    0.0000
  px          0    0.000000000           90.0000    0.0000
  py          0    0.000000000           90.0000    0.0000
  pz          0    0.000000000           90.0000    0.0000
   sum over m      0.000000000           90.0000    0.0000
  px          1    0.000000000           90.0000    0.0000
  py          1    0.000000000           90.0000    0.0000
  pz          1    0.000000000           90.0000    0.0000
   sum over m      0.000000000           90.0000    0.0000
  d3z^2-r^2   0    0.000000000           90.0000    0.0000
  dx^2-y^2    0    0.000000000           90.0000    0.0000
  dxy         0    0.000000000           90.0000    0.0000
  dxz         0    0.000000000           90.0000    0.0000
  dyz         0    0.000000000           90.0000    0.0000
   sum over m      0.000000000           90.0000    0.0000

  123   Si         Orbital Moment(muB)    Angles (Deg)
            multiple
  s           0    0.000000000           90.0000    0.0000
   sum over m      0.000000000           90.0000    0.0000
  s           1    0.000000000           90.0000    0.0000
   sum over m      0.000000000           90.0000    0.0000
  px          0    0.000000000           90.0000    0.0000
  py          0    0.000000000           90.0000    0.0000
  pz          0    0.000000000           90.0000    0.0000
   sum over m      0.000000000           90.0000    0.0000
  px          1    0.000000000           90.0000    0.0000
  py          1    0.000000000           90.0000    0.0000
  pz          1    0.000000000           90.0000    0.0000
   sum over m      0.000000000           90.0000    0.0000
  d3z^2-r^2   0    0.000000000           90.0000    0.0000
  dx^2-y^2    0    0.000000000           90.0000    0.0000
  dxy         0    0.000000000           90.0000    0.0000
  dxz         0    0.000000000           90.0000    0.0000
  dyz         0    0.000000000           90.0000    0.0000
   sum over m      0.000000000           90.0000    0.0000

  124   Si         Orbital Moment(muB)    Angles (Deg)
            multiple
  s           0    0.000000000           90.0000    0.0000
   sum over m      0.000000000           90.0000    0.0000
  s           1    0.000000000           90.0000    0.0000
   sum over m      0.000000000           90.0000    0.0000
  px          0    0.000000000           90.0000    0.0000
  py          0    0.000000000           90.0000    0.0000
  pz          0    0.000000000           90.0000    0.0000
   sum over m      0.000000000           90.0000    0.0000
  px          1    0.000000000           90.0000    0.0000
  py          1    0.000000000           90.0000    0.0000
  pz          1    0.000000000           90.0000    0.0000
   sum over m      0.000000000           90.0000    0.0000
  d3z^2-r^2   0    0.000000000           90.0000    0.0000
  dx^2-y^2    0    0.000000000           90.0000    0.0000
  dxy         0    0.000000000           90.0000    0.0000
  dxz         0    0.000000000           90.0000    0.0000
  dyz         0    0.000000000           90.0000    0.0000
   sum over m      0.000000000           90.0000    0.0000

  125   Si         Orbital Moment(muB)    Angles (Deg)
            multiple
  s           0    0.000000000           90.0000    0.0000
   sum over m      0.000000000           90.0000    0.0000
  s           1    0.000000000           90.0000    0.0000
   sum over m      0.000000000           90.0000    0.0000
  px          0    0.000000000           90.0000    0.0000
  py          0    0.000000000           90.0000    0.0000
  pz          0    0.000000000           90.0000    0.0000
   sum over m      0.000000000           90.0000    0.0000
  px          1    0.000000000           90.0000    0.0000
  py          1    0.000000000           90.0000    0.0000
  pz          1    0.000000000           90.0000    0.0000
   sum over m      0.000000000           90.0000    0.0000
  d3z^2-r^2   0    0.000000000           90.0000    0.0000
  dx^2-y^2    0    0.000000000           90.0000    0.0000
  dxy         0    0.000000000           90.0000    0.0000
  dxz         0    0.000000000           90.0000    0.0000
  dyz         0    0.000000000           90.0000    0.0000
   sum over m      0.000000000           90.0000    0.0000

  126   Si         Orbital Moment(muB)    Angles (Deg)
            multiple
  s           0    0.000000000           90.0000    0.0000
   sum over m      0.000000000           90.0000    0.0000
  s           1    0.000000000           90.0000    0.0000
   sum over m      0.000000000           90.0000    0.0000
  px          0    0.000000000           90.0000    0.0000
  py          0    0.000000000           90.0000    0.0000
  pz          0    0.000000000           90.0000    0.0000
   sum over m      0.000000000           90.0000    0.0000
  px          1    0.000000000           90.0000    0.0000
  py          1    0.000000000           90.0000    0.0000
  pz          1    0.000000000           90.0000    0.0000
   sum over m      0.000000000           90.0000    0.0000
  d3z^2-r^2   0    0.000000000           90.0000    0.0000
  dx^2-y^2    0    0.000000000           90.0000    0.0000
  dxy         0    0.000000000           90.0000    0.0000
  dxz         0    0.000000000           90.0000    0.0000
  dyz         0    0.000000000           90.0000    0.0000
   sum over m      0.000000000           90.0000    0.0000

  127   Si         Orbital Moment(muB)    Angles (Deg)
            multiple
  s           0    0.000000000           90.0000    0.0000
   sum over m      0.000000000           90.0000    0.0000
  s           1    0.000000000           90.0000    0.0000
   sum over m      0.000000000           90.0000    0.0000
  px          0    0.000000000           90.0000    0.0000
  py          0    0.000000000           90.0000    0.0000
  pz          0    0.000000000           90.0000    0.0000
   sum over m      0.000000000           90.0000    0.0000
  px          1    0.000000000           90.0000    0.0000
  py          1    0.000000000           90.0000    0.0000
  pz          1    0.000000000           90.0000    0.0000
   sum over m      0.000000000           90.0000    0.0000
  d3z^2-r^2   0    0.000000000           90.0000    0.0000
  dx^2-y^2    0    0.000000000           90.0000    0.0000
  dxy         0    0.000000000           90.0000    0.0000
  dxz         0    0.000000000           90.0000    0.0000
  dyz         0    0.000000000           90.0000    0.0000
   sum over m      0.000000000           90.0000    0.0000

  128   Si         Orbital Moment(muB)    Angles (Deg)
            multiple
  s           0    0.000000000           90.0000    0.0000
   sum over m      0.000000000           90.0000    0.0000
  s           1    0.000000000           90.0000    0.0000
   sum over m      0.000000000           90.0000    0.0000
  px          0    0.000000000           90.0000    0.0000
  py          0    0.000000000           90.0000    0.0000
  pz          0    0.000000000           90.0000    0.0000
   sum over m      0.000000000           90.0000    0.0000
  px          1    0.000000000           90.0000    0.0000
  py          1    0.000000000           90.0000    0.0000
  pz          1    0.000000000           90.0000    0.0000
   sum over m      0.000000000           90.0000    0.0000
  d3z^2-r^2   0    0.000000000           90.0000    0.0000
  dx^2-y^2    0    0.000000000           90.0000    0.0000
  dxy         0    0.000000000           90.0000    0.0000
  dxz         0    0.000000000           90.0000    0.0000
  dyz         0    0.000000000           90.0000    0.0000
   sum over m      0.000000000           90.0000    0.0000

  129   Si         Orbital Moment(muB)    Angles (Deg)
            multiple
  s           0    0.000000000           90.0000    0.0000
   sum over m      0.000000000           90.0000    0.0000
  s           1    0.000000000           90.0000    0.0000
   sum over m      0.000000000           90.0000    0.0000
  px          0    0.000000000           90.0000    0.0000
  py          0    0.000000000           90.0000    0.0000
  pz          0    0.000000000           90.0000    0.0000
   sum over m      0.000000000           90.0000    0.0000
  px          1    0.000000000           90.0000    0.0000
  py          1    0.000000000           90.0000    0.0000
  pz          1    0.000000000           90.0000    0.0000
   sum over m      0.000000000           90.0000    0.0000
  d3z^2-r^2   0    0.000000000           90.0000    0.0000
  dx^2-y^2    0    0.000000000           90.0000    0.0000
  dxy         0    0.000000000           90.0000    0.0000
  dxz         0    0.000000000           90.0000    0.0000
  dyz         0    0.000000000           90.0000    0.0000
   sum over m      0.000000000           90.0000    0.0000

  130   Si         Orbital Moment(muB)    Angles (Deg)
            multiple
  s           0    0.000000000           90.0000    0.0000
   sum over m      0.000000000           90.0000    0.0000
  s           1    0.000000000           90.0000    0.0000
   sum over m      0.000000000           90.0000    0.0000
  px          0    0.000000000           90.0000    0.0000
  py          0    0.000000000           90.0000    0.0000
  pz          0    0.000000000           90.0000    0.0000
   sum over m      0.000000000           90.0000    0.0000
  px          1    0.000000000           90.0000    0.0000
  py          1    0.000000000           90.0000    0.0000
  pz          1    0.000000000           90.0000    0.0000
   sum over m      0.000000000           90.0000    0.0000
  d3z^2-r^2   0    0.000000000           90.0000    0.0000
  dx^2-y^2    0    0.000000000           90.0000    0.0000
  dxy         0    0.000000000           90.0000    0.0000
  dxz         0    0.000000000           90.0000    0.0000
  dyz         0    0.000000000           90.0000    0.0000
   sum over m      0.000000000           90.0000    0.0000

  131   Si         Orbital Moment(muB)    Angles (Deg)
            multiple
  s           0    0.000000000           90.0000    0.0000
   sum over m      0.000000000           90.0000    0.0000
  s           1    0.000000000           90.0000    0.0000
   sum over m      0.000000000           90.0000    0.0000
  px          0    0.000000000           90.0000    0.0000
  py          0    0.000000000           90.0000    0.0000
  pz          0    0.000000000           90.0000    0.0000
   sum over m      0.000000000           90.0000    0.0000
  px          1    0.000000000           90.0000    0.0000
  py          1    0.000000000           90.0000    0.0000
  pz          1    0.000000000           90.0000    0.0000
   sum over m      0.000000000           90.0000    0.0000
  d3z^2-r^2   0    0.000000000           90.0000    0.0000
  dx^2-y^2    0    0.000000000           90.0000    0.0000
  dxy         0    0.000000000           90.0000    0.0000
  dxz         0    0.000000000           90.0000    0.0000
  dyz         0    0.000000000           90.0000    0.0000
   sum over m      0.000000000           90.0000    0.0000

  132   Si         Orbital Moment(muB)    Angles (Deg)
            multiple
  s           0    0.000000000           90.0000    0.0000
   sum over m      0.000000000           90.0000    0.0000
  s           1    0.000000000           90.0000    0.0000
   sum over m      0.000000000           90.0000    0.0000
  px          0    0.000000000           90.0000    0.0000
  py          0    0.000000000           90.0000    0.0000
  pz          0    0.000000000           90.0000    0.0000
   sum over m      0.000000000           90.0000    0.0000
  px          1    0.000000000           90.0000    0.0000
  py          1    0.000000000           90.0000    0.0000
  pz          1    0.000000000           90.0000    0.0000
   sum over m      0.000000000           90.0000    0.0000
  d3z^2-r^2   0    0.000000000           90.0000    0.0000
  dx^2-y^2    0    0.000000000           90.0000    0.0000
  dxy         0    0.000000000           90.0000    0.0000
  dxz         0    0.000000000           90.0000    0.0000
  dyz         0    0.000000000           90.0000    0.0000
   sum over m      0.000000000           90.0000    0.0000

  133   Si         Orbital Moment(muB)    Angles (Deg)
            multiple
  s           0    0.000000000           90.0000    0.0000
   sum over m      0.000000000           90.0000    0.0000
  s           1    0.000000000           90.0000    0.0000
   sum over m      0.000000000           90.0000    0.0000
  px          0    0.000000000           90.0000    0.0000
  py          0    0.000000000           90.0000    0.0000
  pz          0    0.000000000           90.0000    0.0000
   sum over m      0.000000000           90.0000    0.0000
  px          1    0.000000000           90.0000    0.0000
  py          1    0.000000000           90.0000    0.0000
  pz          1    0.000000000           90.0000    0.0000
   sum over m      0.000000000           90.0000    0.0000
  d3z^2-r^2   0    0.000000000           90.0000    0.0000
  dx^2-y^2    0    0.000000000           90.0000    0.0000
  dxy         0    0.000000000           90.0000    0.0000
  dxz         0    0.000000000           90.0000    0.0000
  dyz         0    0.000000000           90.0000    0.0000
   sum over m      0.000000000           90.0000    0.0000

  134   Si         Orbital Moment(muB)    Angles (Deg)
            multiple
  s           0    0.000000000           90.0000    0.0000
   sum over m      0.000000000           90.0000    0.0000
  s           1    0.000000000           90.0000    0.0000
   sum over m      0.000000000           90.0000    0.0000
  px          0    0.000000000           90.0000    0.0000
  py          0    0.000000000           90.0000    0.0000
  pz          0    0.000000000           90.0000    0.0000
   sum over m      0.000000000           90.0000    0.0000
  px          1    0.000000000           90.0000    0.0000
  py          1    0.000000000           90.0000    0.0000
  pz          1    0.000000000           90.0000    0.0000
   sum over m      0.000000000           90.0000    0.0000
  d3z^2-r^2   0    0.000000000           90.0000    0.0000
  dx^2-y^2    0    0.000000000           90.0000    0.0000
  dxy         0    0.000000000           90.0000    0.0000
  dxz         0    0.000000000           90.0000    0.0000
  dyz         0    0.000000000           90.0000    0.0000
   sum over m      0.000000000           90.0000    0.0000

  135   Si         Orbital Moment(muB)    Angles (Deg)
            multiple
  s           0    0.000000000           90.0000    0.0000
   sum over m      0.000000000           90.0000    0.0000
  s           1    0.000000000           90.0000    0.0000
   sum over m      0.000000000           90.0000    0.0000
  px          0    0.000000000           90.0000    0.0000
  py          0    0.000000000           90.0000    0.0000
  pz          0    0.000000000           90.0000    0.0000
   sum over m      0.000000000           90.0000    0.0000
  px          1    0.000000000           90.0000    0.0000
  py          1    0.000000000           90.0000    0.0000
  pz          1    0.000000000           90.0000    0.0000
   sum over m      0.000000000           90.0000    0.0000
  d3z^2-r^2   0    0.000000000           90.0000    0.0000
  dx^2-y^2    0    0.000000000           90.0000    0.0000
  dxy         0    0.000000000           90.0000    0.0000
  dxz         0    0.000000000           90.0000    0.0000
  dyz         0    0.000000000           90.0000    0.0000
   sum over m      0.000000000           90.0000    0.0000

  136   Si         Orbital Moment(muB)    Angles (Deg)
            multiple
  s           0    0.000000000           90.0000    0.0000
   sum over m      0.000000000           90.0000    0.0000
  s           1    0.000000000           90.0000    0.0000
   sum over m      0.000000000           90.0000    0.0000
  px          0    0.000000000           90.0000    0.0000
  py          0    0.000000000           90.0000    0.0000
  pz          0    0.000000000           90.0000    0.0000
   sum over m      0.000000000           90.0000    0.0000
  px          1    0.000000000           90.0000    0.0000
  py          1    0.000000000           90.0000    0.0000
  pz          1    0.000000000           90.0000    0.0000
   sum over m      0.000000000           90.0000    0.0000
  d3z^2-r^2   0    0.000000000           90.0000    0.0000
  dx^2-y^2    0    0.000000000           90.0000    0.0000
  dxy         0    0.000000000           90.0000    0.0000
  dxz         0    0.000000000           90.0000    0.0000
  dyz         0    0.000000000           90.0000    0.0000
   sum over m      0.000000000           90.0000    0.0000

  137   Si         Orbital Moment(muB)    Angles (Deg)
            multiple
  s           0    0.000000000           90.0000    0.0000
   sum over m      0.000000000           90.0000    0.0000
  s           1    0.000000000           90.0000    0.0000
   sum over m      0.000000000           90.0000    0.0000
  px          0    0.000000000           90.0000    0.0000
  py          0    0.000000000           90.0000    0.0000
  pz          0    0.000000000           90.0000    0.0000
   sum over m      0.000000000           90.0000    0.0000
  px          1    0.000000000           90.0000    0.0000
  py          1    0.000000000           90.0000    0.0000
  pz          1    0.000000000           90.0000    0.0000
   sum over m      0.000000000           90.0000    0.0000
  d3z^2-r^2   0    0.000000000           90.0000    0.0000
  dx^2-y^2    0    0.000000000           90.0000    0.0000
  dxy         0    0.000000000           90.0000    0.0000
  dxz         0    0.000000000           90.0000    0.0000
  dyz         0    0.000000000           90.0000    0.0000
   sum over m      0.000000000           90.0000    0.0000

  138   Si         Orbital Moment(muB)    Angles (Deg)
            multiple
  s           0    0.000000000           90.0000    0.0000
   sum over m      0.000000000           90.0000    0.0000
  s           1    0.000000000           90.0000    0.0000
   sum over m      0.000000000           90.0000    0.0000
  px          0    0.000000000           90.0000    0.0000
  py          0    0.000000000           90.0000    0.0000
  pz          0    0.000000000           90.0000    0.0000
   sum over m      0.000000000           90.0000    0.0000
  px          1    0.000000000           90.0000    0.0000
  py          1    0.000000000           90.0000    0.0000
  pz          1    0.000000000           90.0000    0.0000
   sum over m      0.000000000           90.0000    0.0000
  d3z^2-r^2   0    0.000000000           90.0000    0.0000
  dx^2-y^2    0    0.000000000           90.0000    0.0000
  dxy         0    0.000000000           90.0000    0.0000
  dxz         0    0.000000000           90.0000    0.0000
  dyz         0    0.000000000           90.0000    0.0000
   sum over m      0.000000000           90.0000    0.0000

  139   Si         Orbital Moment(muB)    Angles (Deg)
            multiple
  s           0    0.000000000           90.0000    0.0000
   sum over m      0.000000000           90.0000    0.0000
  s           1    0.000000000           90.0000    0.0000
   sum over m      0.000000000           90.0000    0.0000
  px          0    0.000000000           90.0000    0.0000
  py          0    0.000000000           90.0000    0.0000
  pz          0    0.000000000           90.0000    0.0000
   sum over m      0.000000000           90.0000    0.0000
  px          1    0.000000000           90.0000    0.0000
  py          1    0.000000000           90.0000    0.0000
  pz          1    0.000000000           90.0000    0.0000
   sum over m      0.000000000           90.0000    0.0000
  d3z^2-r^2   0    0.000000000           90.0000    0.0000
  dx^2-y^2    0    0.000000000           90.0000    0.0000
  dxy         0    0.000000000           90.0000    0.0000
  dxz         0    0.000000000           90.0000    0.0000
  dyz         0    0.000000000           90.0000    0.0000
   sum over m      0.000000000           90.0000    0.0000

  140   Si         Orbital Moment(muB)    Angles (Deg)
            multiple
  s           0    0.000000000           90.0000    0.0000
   sum over m      0.000000000           90.0000    0.0000
  s           1    0.000000000           90.0000    0.0000
   sum over m      0.000000000           90.0000    0.0000
  px          0    0.000000000           90.0000    0.0000
  py          0    0.000000000           90.0000    0.0000
  pz          0    0.000000000           90.0000    0.0000
   sum over m      0.000000000           90.0000    0.0000
  px          1    0.000000000           90.0000    0.0000
  py          1    0.000000000           90.0000    0.0000
  pz          1    0.000000000           90.0000    0.0000
   sum over m      0.000000000           90.0000    0.0000
  d3z^2-r^2   0    0.000000000           90.0000    0.0000
  dx^2-y^2    0    0.000000000           90.0000    0.0000
  dxy         0    0.000000000           90.0000    0.0000
  dxz         0    0.000000000           90.0000    0.0000
  dyz         0    0.000000000           90.0000    0.0000
   sum over m      0.000000000           90.0000    0.0000

  141   Si         Orbital Moment(muB)    Angles (Deg)
            multiple
  s           0    0.000000000           90.0000    0.0000
   sum over m      0.000000000           90.0000    0.0000
  s           1    0.000000000           90.0000    0.0000
   sum over m      0.000000000           90.0000    0.0000
  px          0    0.000000000           90.0000    0.0000
  py          0    0.000000000           90.0000    0.0000
  pz          0    0.000000000           90.0000    0.0000
   sum over m      0.000000000           90.0000    0.0000
  px          1    0.000000000           90.0000    0.0000
  py          1    0.000000000           90.0000    0.0000
  pz          1    0.000000000           90.0000    0.0000
   sum over m      0.000000000           90.0000    0.0000
  d3z^2-r^2   0    0.000000000           90.0000    0.0000
  dx^2-y^2    0    0.000000000           90.0000    0.0000
  dxy         0    0.000000000           90.0000    0.0000
  dxz         0    0.000000000           90.0000    0.0000
  dyz         0    0.000000000           90.0000    0.0000
   sum over m      0.000000000           90.0000    0.0000

  142   Si         Orbital Moment(muB)    Angles (Deg)
            multiple
  s           0    0.000000000           90.0000    0.0000
   sum over m      0.000000000           90.0000    0.0000
  s           1    0.000000000           90.0000    0.0000
   sum over m      0.000000000           90.0000    0.0000
  px          0    0.000000000           90.0000    0.0000
  py          0    0.000000000           90.0000    0.0000
  pz          0    0.000000000           90.0000    0.0000
   sum over m      0.000000000           90.0000    0.0000
  px          1    0.000000000           90.0000    0.0000
  py          1    0.000000000           90.0000    0.0000
  pz          1    0.000000000           90.0000    0.0000
   sum over m      0.000000000           90.0000    0.0000
  d3z^2-r^2   0    0.000000000           90.0000    0.0000
  dx^2-y^2    0    0.000000000           90.0000    0.0000
  dxy         0    0.000000000           90.0000    0.0000
  dxz         0    0.000000000           90.0000    0.0000
  dyz         0    0.000000000           90.0000    0.0000
   sum over m      0.000000000           90.0000    0.0000

  143   Si         Orbital Moment(muB)    Angles (Deg)
            multiple
  s           0    0.000000000           90.0000    0.0000
   sum over m      0.000000000           90.0000    0.0000
  s           1    0.000000000           90.0000    0.0000
   sum over m      0.000000000           90.0000    0.0000
  px          0    0.000000000           90.0000    0.0000
  py          0    0.000000000           90.0000    0.0000
  pz          0    0.000000000           90.0000    0.0000
   sum over m      0.000000000           90.0000    0.0000
  px          1    0.000000000           90.0000    0.0000
  py          1    0.000000000           90.0000    0.0000
  pz          1    0.000000000           90.0000    0.0000
   sum over m      0.000000000           90.0000    0.0000
  d3z^2-r^2   0    0.000000000           90.0000    0.0000
  dx^2-y^2    0    0.000000000           90.0000    0.0000
  dxy         0    0.000000000           90.0000    0.0000
  dxz         0    0.000000000           90.0000    0.0000
  dyz         0    0.000000000           90.0000    0.0000
   sum over m      0.000000000           90.0000    0.0000

  144   Si         Orbital Moment(muB)    Angles (Deg)
            multiple
  s           0    0.000000000           90.0000    0.0000
   sum over m      0.000000000           90.0000    0.0000
  s           1    0.000000000           90.0000    0.0000
   sum over m      0.000000000           90.0000    0.0000
  px          0    0.000000000           90.0000    0.0000
  py          0    0.000000000           90.0000    0.0000
  pz          0    0.000000000           90.0000    0.0000
   sum over m      0.000000000           90.0000    0.0000
  px          1    0.000000000           90.0000    0.0000
  py          1    0.000000000           90.0000    0.0000
  pz          1    0.000000000           90.0000    0.0000
   sum over m      0.000000000           90.0000    0.0000
  d3z^2-r^2   0    0.000000000           90.0000    0.0000
  dx^2-y^2    0    0.000000000           90.0000    0.0000
  dxy         0    0.000000000           90.0000    0.0000
  dxz         0    0.000000000           90.0000    0.0000
  dyz         0    0.000000000           90.0000    0.0000
   sum over m      0.000000000           90.0000    0.0000

  145   Si         Orbital Moment(muB)    Angles (Deg)
            multiple
  s           0    0.000000000           90.0000    0.0000
   sum over m      0.000000000           90.0000    0.0000
  s           1    0.000000000           90.0000    0.0000
   sum over m      0.000000000           90.0000    0.0000
  px          0    0.000000000           90.0000    0.0000
  py          0    0.000000000           90.0000    0.0000
  pz          0    0.000000000           90.0000    0.0000
   sum over m      0.000000000           90.0000    0.0000
  px          1    0.000000000           90.0000    0.0000
  py          1    0.000000000           90.0000    0.0000
  pz          1    0.000000000           90.0000    0.0000
   sum over m      0.000000000           90.0000    0.0000
  d3z^2-r^2   0    0.000000000           90.0000    0.0000
  dx^2-y^2    0    0.000000000           90.0000    0.0000
  dxy         0    0.000000000           90.0000    0.0000
  dxz         0    0.000000000           90.0000    0.0000
  dyz         0    0.000000000           90.0000    0.0000
   sum over m      0.000000000           90.0000    0.0000

  146   Si         Orbital Moment(muB)    Angles (Deg)
            multiple
  s           0    0.000000000           90.0000    0.0000
   sum over m      0.000000000           90.0000    0.0000
  s           1    0.000000000           90.0000    0.0000
   sum over m      0.000000000           90.0000    0.0000
  px          0    0.000000000           90.0000    0.0000
  py          0    0.000000000           90.0000    0.0000
  pz          0    0.000000000           90.0000    0.0000
   sum over m      0.000000000           90.0000    0.0000
  px          1    0.000000000           90.0000    0.0000
  py          1    0.000000000           90.0000    0.0000
  pz          1    0.000000000           90.0000    0.0000
   sum over m      0.000000000           90.0000    0.0000
  d3z^2-r^2   0    0.000000000           90.0000    0.0000
  dx^2-y^2    0    0.000000000           90.0000    0.0000
  dxy         0    0.000000000           90.0000    0.0000
  dxz         0    0.000000000           90.0000    0.0000
  dyz         0    0.000000000           90.0000    0.0000
   sum over m      0.000000000           90.0000    0.0000

  147   Si         Orbital Moment(muB)    Angles (Deg)
            multiple
  s           0    0.000000000           90.0000    0.0000
   sum over m      0.000000000           90.0000    0.0000
  s           1    0.000000000           90.0000    0.0000
   sum over m      0.000000000           90.0000    0.0000
  px          0    0.000000000           90.0000    0.0000
  py          0    0.000000000           90.0000    0.0000
  pz          0    0.000000000           90.0000    0.0000
   sum over m      0.000000000           90.0000    0.0000
  px          1    0.000000000           90.0000    0.0000
  py          1    0.000000000           90.0000    0.0000
  pz          1    0.000000000           90.0000    0.0000
   sum over m      0.000000000           90.0000    0.0000
  d3z^2-r^2   0    0.000000000           90.0000    0.0000
  dx^2-y^2    0    0.000000000           90.0000    0.0000
  dxy         0    0.000000000           90.0000    0.0000
  dxz         0    0.000000000           90.0000    0.0000
  dyz         0    0.000000000           90.0000    0.0000
   sum over m      0.000000000           90.0000    0.0000

  148   Si         Orbital Moment(muB)    Angles (Deg)
            multiple
  s           0    0.000000000           90.0000    0.0000
   sum over m      0.000000000           90.0000    0.0000
  s           1    0.000000000           90.0000    0.0000
   sum over m      0.000000000           90.0000    0.0000
  px          0    0.000000000           90.0000    0.0000
  py          0    0.000000000           90.0000    0.0000
  pz          0    0.000000000           90.0000    0.0000
   sum over m      0.000000000           90.0000    0.0000
  px          1    0.000000000           90.0000    0.0000
  py          1    0.000000000           90.0000    0.0000
  pz          1    0.000000000           90.0000    0.0000
   sum over m      0.000000000           90.0000    0.0000
  d3z^2-r^2   0    0.000000000           90.0000    0.0000
  dx^2-y^2    0    0.000000000           90.0000    0.0000
  dxy         0    0.000000000           90.0000    0.0000
  dxz         0    0.000000000           90.0000    0.0000
  dyz         0    0.000000000           90.0000    0.0000
   sum over m      0.000000000           90.0000    0.0000

  149   Si         Orbital Moment(muB)    Angles (Deg)
            multiple
  s           0    0.000000000           90.0000    0.0000
   sum over m      0.000000000           90.0000    0.0000
  s           1    0.000000000           90.0000    0.0000
   sum over m      0.000000000           90.0000    0.0000
  px          0    0.000000000           90.0000    0.0000
  py          0    0.000000000           90.0000    0.0000
  pz          0    0.000000000           90.0000    0.0000
   sum over m      0.000000000           90.0000    0.0000
  px          1    0.000000000           90.0000    0.0000
  py          1    0.000000000           90.0000    0.0000
  pz          1    0.000000000           90.0000    0.0000
   sum over m      0.000000000           90.0000    0.0000
  d3z^2-r^2   0    0.000000000           90.0000    0.0000
  dx^2-y^2    0    0.000000000           90.0000    0.0000
  dxy         0    0.000000000           90.0000    0.0000
  dxz         0    0.000000000           90.0000    0.0000
  dyz         0    0.000000000           90.0000    0.0000
   sum over m      0.000000000           90.0000    0.0000

  150   Si         Orbital Moment(muB)    Angles (Deg)
            multiple
  s           0    0.000000000           90.0000    0.0000
   sum over m      0.000000000           90.0000    0.0000
  s           1    0.000000000           90.0000    0.0000
   sum over m      0.000000000           90.0000    0.0000
  px          0    0.000000000           90.0000    0.0000
  py          0    0.000000000           90.0000    0.0000
  pz          0    0.000000000           90.0000    0.0000
   sum over m      0.000000000           90.0000    0.0000
  px          1    0.000000000           90.0000    0.0000
  py          1    0.000000000           90.0000    0.0000
  pz          1    0.000000000           90.0000    0.0000
   sum over m      0.000000000           90.0000    0.0000
  d3z^2-r^2   0    0.000000000           90.0000    0.0000
  dx^2-y^2    0    0.000000000           90.0000    0.0000
  dxy         0    0.000000000           90.0000    0.0000
  dxz         0    0.000000000           90.0000    0.0000
  dyz         0    0.000000000           90.0000    0.0000
   sum over m      0.000000000           90.0000    0.0000

  151   Si         Orbital Moment(muB)    Angles (Deg)
            multiple
  s           0    0.000000000           90.0000    0.0000
   sum over m      0.000000000           90.0000    0.0000
  s           1    0.000000000           90.0000    0.0000
   sum over m      0.000000000           90.0000    0.0000
  px          0    0.000000000           90.0000    0.0000
  py          0    0.000000000           90.0000    0.0000
  pz          0    0.000000000           90.0000    0.0000
   sum over m      0.000000000           90.0000    0.0000
  px          1    0.000000000           90.0000    0.0000
  py          1    0.000000000           90.0000    0.0000
  pz          1    0.000000000           90.0000    0.0000
   sum over m      0.000000000           90.0000    0.0000
  d3z^2-r^2   0    0.000000000           90.0000    0.0000
  dx^2-y^2    0    0.000000000           90.0000    0.0000
  dxy         0    0.000000000           90.0000    0.0000
  dxz         0    0.000000000           90.0000    0.0000
  dyz         0    0.000000000           90.0000    0.0000
   sum over m      0.000000000           90.0000    0.0000

  152   Si         Orbital Moment(muB)    Angles (Deg)
            multiple
  s           0    0.000000000           90.0000    0.0000
   sum over m      0.000000000           90.0000    0.0000
  s           1    0.000000000           90.0000    0.0000
   sum over m      0.000000000           90.0000    0.0000
  px          0    0.000000000           90.0000    0.0000
  py          0    0.000000000           90.0000    0.0000
  pz          0    0.000000000           90.0000    0.0000
   sum over m      0.000000000           90.0000    0.0000
  px          1    0.000000000           90.0000    0.0000
  py          1    0.000000000           90.0000    0.0000
  pz          1    0.000000000           90.0000    0.0000
   sum over m      0.000000000           90.0000    0.0000
  d3z^2-r^2   0    0.000000000           90.0000    0.0000
  dx^2-y^2    0    0.000000000           90.0000    0.0000
  dxy         0    0.000000000           90.0000    0.0000
  dxz         0    0.000000000           90.0000    0.0000
  dyz         0    0.000000000           90.0000    0.0000
   sum over m      0.000000000           90.0000    0.0000

  153   Si         Orbital Moment(muB)    Angles (Deg)
            multiple
  s           0    0.000000000           90.0000    0.0000
   sum over m      0.000000000           90.0000    0.0000
  s           1    0.000000000           90.0000    0.0000
   sum over m      0.000000000           90.0000    0.0000
  px          0    0.000000000           90.0000    0.0000
  py          0    0.000000000           90.0000    0.0000
  pz          0    0.000000000           90.0000    0.0000
   sum over m      0.000000000           90.0000    0.0000
  px          1    0.000000000           90.0000    0.0000
  py          1    0.000000000           90.0000    0.0000
  pz          1    0.000000000           90.0000    0.0000
   sum over m      0.000000000           90.0000    0.0000
  d3z^2-r^2   0    0.000000000           90.0000    0.0000
  dx^2-y^2    0    0.000000000           90.0000    0.0000
  dxy         0    0.000000000           90.0000    0.0000
  dxz         0    0.000000000           90.0000    0.0000
  dyz         0    0.000000000           90.0000    0.0000
   sum over m      0.000000000           90.0000    0.0000

  154   Si         Orbital Moment(muB)    Angles (Deg)
            multiple
  s           0    0.000000000           90.0000    0.0000
   sum over m      0.000000000           90.0000    0.0000
  s           1    0.000000000           90.0000    0.0000
   sum over m      0.000000000           90.0000    0.0000
  px          0    0.000000000           90.0000    0.0000
  py          0    0.000000000           90.0000    0.0000
  pz          0    0.000000000           90.0000    0.0000
   sum over m      0.000000000           90.0000    0.0000
  px          1    0.000000000           90.0000    0.0000
  py          1    0.000000000           90.0000    0.0000
  pz          1    0.000000000           90.0000    0.0000
   sum over m      0.000000000           90.0000    0.0000
  d3z^2-r^2   0    0.000000000           90.0000    0.0000
  dx^2-y^2    0    0.000000000           90.0000    0.0000
  dxy         0    0.000000000           90.0000    0.0000
  dxz         0    0.000000000           90.0000    0.0000
  dyz         0    0.000000000           90.0000    0.0000
   sum over m      0.000000000           90.0000    0.0000

  155   Si         Orbital Moment(muB)    Angles (Deg)
            multiple
  s           0    0.000000000           90.0000    0.0000
   sum over m      0.000000000           90.0000    0.0000
  s           1    0.000000000           90.0000    0.0000
   sum over m      0.000000000           90.0000    0.0000
  px          0    0.000000000           90.0000    0.0000
  py          0    0.000000000           90.0000    0.0000
  pz          0    0.000000000           90.0000    0.0000
   sum over m      0.000000000           90.0000    0.0000
  px          1    0.000000000           90.0000    0.0000
  py          1    0.000000000           90.0000    0.0000
  pz          1    0.000000000           90.0000    0.0000
   sum over m      0.000000000           90.0000    0.0000
  d3z^2-r^2   0    0.000000000           90.0000    0.0000
  dx^2-y^2    0    0.000000000           90.0000    0.0000
  dxy         0    0.000000000           90.0000    0.0000
  dxz         0    0.000000000           90.0000    0.0000
  dyz         0    0.000000000           90.0000    0.0000
   sum over m      0.000000000           90.0000    0.0000

  156   Si         Orbital Moment(muB)    Angles (Deg)
            multiple
  s           0    0.000000000           90.0000    0.0000
   sum over m      0.000000000           90.0000    0.0000
  s           1    0.000000000           90.0000    0.0000
   sum over m      0.000000000           90.0000    0.0000
  px          0    0.000000000           90.0000    0.0000
  py          0    0.000000000           90.0000    0.0000
  pz          0    0.000000000           90.0000    0.0000
   sum over m      0.000000000           90.0000    0.0000
  px          1    0.000000000           90.0000    0.0000
  py          1    0.000000000           90.0000    0.0000
  pz          1    0.000000000           90.0000    0.0000
   sum over m      0.000000000           90.0000    0.0000
  d3z^2-r^2   0    0.000000000           90.0000    0.0000
  dx^2-y^2    0    0.000000000           90.0000    0.0000
  dxy         0    0.000000000           90.0000    0.0000
  dxz         0    0.000000000           90.0000    0.0000
  dyz         0    0.000000000           90.0000    0.0000
   sum over m      0.000000000           90.0000    0.0000

  157   Si         Orbital Moment(muB)    Angles (Deg)
            multiple
  s           0    0.000000000           90.0000    0.0000
   sum over m      0.000000000           90.0000    0.0000
  s           1    0.000000000           90.0000    0.0000
   sum over m      0.000000000           90.0000    0.0000
  px          0    0.000000000           90.0000    0.0000
  py          0    0.000000000           90.0000    0.0000
  pz          0    0.000000000           90.0000    0.0000
   sum over m      0.000000000           90.0000    0.0000
  px          1    0.000000000           90.0000    0.0000
  py          1    0.000000000           90.0000    0.0000
  pz          1    0.000000000           90.0000    0.0000
   sum over m      0.000000000           90.0000    0.0000
  d3z^2-r^2   0    0.000000000           90.0000    0.0000
  dx^2-y^2    0    0.000000000           90.0000    0.0000
  dxy         0    0.000000000           90.0000    0.0000
  dxz         0    0.000000000           90.0000    0.0000
  dyz         0    0.000000000           90.0000    0.0000
   sum over m      0.000000000           90.0000    0.0000

  158   Si         Orbital Moment(muB)    Angles (Deg)
            multiple
  s           0    0.000000000           90.0000    0.0000
   sum over m      0.000000000           90.0000    0.0000
  s           1    0.000000000           90.0000    0.0000
   sum over m      0.000000000           90.0000    0.0000
  px          0    0.000000000           90.0000    0.0000
  py          0    0.000000000           90.0000    0.0000
  pz          0    0.000000000           90.0000    0.0000
   sum over m      0.000000000           90.0000    0.0000
  px          1    0.000000000           90.0000    0.0000
  py          1    0.000000000           90.0000    0.0000
  pz          1    0.000000000           90.0000    0.0000
   sum over m      0.000000000           90.0000    0.0000
  d3z^2-r^2   0    0.000000000           90.0000    0.0000
  dx^2-y^2    0    0.000000000           90.0000    0.0000
  dxy         0    0.000000000           90.0000    0.0000
  dxz         0    0.000000000           90.0000    0.0000
  dyz         0    0.000000000           90.0000    0.0000
   sum over m      0.000000000           90.0000    0.0000

  159   Si         Orbital Moment(muB)    Angles (Deg)
            multiple
  s           0    0.000000000           90.0000    0.0000
   sum over m      0.000000000           90.0000    0.0000
  s           1    0.000000000           90.0000    0.0000
   sum over m      0.000000000           90.0000    0.0000
  px          0    0.000000000           90.0000    0.0000
  py          0    0.000000000           90.0000    0.0000
  pz          0    0.000000000           90.0000    0.0000
   sum over m      0.000000000           90.0000    0.0000
  px          1    0.000000000           90.0000    0.0000
  py          1    0.000000000           90.0000    0.0000
  pz          1    0.000000000           90.0000    0.0000
   sum over m      0.000000000           90.0000    0.0000
  d3z^2-r^2   0    0.000000000           90.0000    0.0000
  dx^2-y^2    0    0.000000000           90.0000    0.0000
  dxy         0    0.000000000           90.0000    0.0000
  dxz         0    0.000000000           90.0000    0.0000
  dyz         0    0.000000000           90.0000    0.0000
   sum over m      0.000000000           90.0000    0.0000

  160   Si         Orbital Moment(muB)    Angles (Deg)
            multiple
  s           0    0.000000000           90.0000    0.0000
   sum over m      0.000000000           90.0000    0.0000
  s           1    0.000000000           90.0000    0.0000
   sum over m      0.000000000           90.0000    0.0000
  px          0    0.000000000           90.0000    0.0000
  py          0    0.000000000           90.0000    0.0000
  pz          0    0.000000000           90.0000    0.0000
   sum over m      0.000000000           90.0000    0.0000
  px          1    0.000000000           90.0000    0.0000
  py          1    0.000000000           90.0000    0.0000
  pz          1    0.000000000           90.0000    0.0000
   sum over m      0.000000000           90.0000    0.0000
  d3z^2-r^2   0    0.000000000           90.0000    0.0000
  dx^2-y^2    0    0.000000000           90.0000    0.0000
  dxy         0    0.000000000           90.0000    0.0000
  dxz         0    0.000000000           90.0000    0.0000
  dyz         0    0.000000000           90.0000    0.0000
   sum over m      0.000000000           90.0000    0.0000

  161   Si         Orbital Moment(muB)    Angles (Deg)
            multiple
  s           0    0.000000000           90.0000    0.0000
   sum over m      0.000000000           90.0000    0.0000
  s           1    0.000000000           90.0000    0.0000
   sum over m      0.000000000           90.0000    0.0000
  px          0    0.000000000           90.0000    0.0000
  py          0    0.000000000           90.0000    0.0000
  pz          0    0.000000000           90.0000    0.0000
   sum over m      0.000000000           90.0000    0.0000
  px          1    0.000000000           90.0000    0.0000
  py          1    0.000000000           90.0000    0.0000
  pz          1    0.000000000           90.0000    0.0000
   sum over m      0.000000000           90.0000    0.0000
  d3z^2-r^2   0    0.000000000           90.0000    0.0000
  dx^2-y^2    0    0.000000000           90.0000    0.0000
  dxy         0    0.000000000           90.0000    0.0000
  dxz         0    0.000000000           90.0000    0.0000
  dyz         0    0.000000000           90.0000    0.0000
   sum over m      0.000000000           90.0000    0.0000

  162   Si         Orbital Moment(muB)    Angles (Deg)
            multiple
  s           0    0.000000000           90.0000    0.0000
   sum over m      0.000000000           90.0000    0.0000
  s           1    0.000000000           90.0000    0.0000
   sum over m      0.000000000           90.0000    0.0000
  px          0    0.000000000           90.0000    0.0000
  py          0    0.000000000           90.0000    0.0000
  pz          0    0.000000000           90.0000    0.0000
   sum over m      0.000000000           90.0000    0.0000
  px          1    0.000000000           90.0000    0.0000
  py          1    0.000000000           90.0000    0.0000
  pz          1    0.000000000           90.0000    0.0000
   sum over m      0.000000000           90.0000    0.0000
  d3z^2-r^2   0    0.000000000           90.0000    0.0000
  dx^2-y^2    0    0.000000000           90.0000    0.0000
  dxy         0    0.000000000           90.0000    0.0000
  dxz         0    0.000000000           90.0000    0.0000
  dyz         0    0.000000000           90.0000    0.0000
   sum over m      0.000000000           90.0000    0.0000

  163   Si         Orbital Moment(muB)    Angles (Deg)
            multiple
  s           0    0.000000000           90.0000    0.0000
   sum over m      0.000000000           90.0000    0.0000
  s           1    0.000000000           90.0000    0.0000
   sum over m      0.000000000           90.0000    0.0000
  px          0    0.000000000           90.0000    0.0000
  py          0    0.000000000           90.0000    0.0000
  pz          0    0.000000000           90.0000    0.0000
   sum over m      0.000000000           90.0000    0.0000
  px          1    0.000000000           90.0000    0.0000
  py          1    0.000000000           90.0000    0.0000
  pz          1    0.000000000           90.0000    0.0000
   sum over m      0.000000000           90.0000    0.0000
  d3z^2-r^2   0    0.000000000           90.0000    0.0000
  dx^2-y^2    0    0.000000000           90.0000    0.0000
  dxy         0    0.000000000           90.0000    0.0000
  dxz         0    0.000000000           90.0000    0.0000
  dyz         0    0.000000000           90.0000    0.0000
   sum over m      0.000000000           90.0000    0.0000

  164   Si         Orbital Moment(muB)    Angles (Deg)
            multiple
  s           0    0.000000000           90.0000    0.0000
   sum over m      0.000000000           90.0000    0.0000
  s           1    0.000000000           90.0000    0.0000
   sum over m      0.000000000           90.0000    0.0000
  px          0    0.000000000           90.0000    0.0000
  py          0    0.000000000           90.0000    0.0000
  pz          0    0.000000000           90.0000    0.0000
   sum over m      0.000000000           90.0000    0.0000
  px          1    0.000000000           90.0000    0.0000
  py          1    0.000000000           90.0000    0.0000
  pz          1    0.000000000           90.0000    0.0000
   sum over m      0.000000000           90.0000    0.0000
  d3z^2-r^2   0    0.000000000           90.0000    0.0000
  dx^2-y^2    0    0.000000000           90.0000    0.0000
  dxy         0    0.000000000           90.0000    0.0000
  dxz         0    0.000000000           90.0000    0.0000
  dyz         0    0.000000000           90.0000    0.0000
   sum over m      0.000000000           90.0000    0.0000

  165   Si         Orbital Moment(muB)    Angles (Deg)
            multiple
  s           0    0.000000000           90.0000    0.0000
   sum over m      0.000000000           90.0000    0.0000
  s           1    0.000000000           90.0000    0.0000
   sum over m      0.000000000           90.0000    0.0000
  px          0    0.000000000           90.0000    0.0000
  py          0    0.000000000           90.0000    0.0000
  pz          0    0.000000000           90.0000    0.0000
   sum over m      0.000000000           90.0000    0.0000
  px          1    0.000000000           90.0000    0.0000
  py          1    0.000000000           90.0000    0.0000
  pz          1    0.000000000           90.0000    0.0000
   sum over m      0.000000000           90.0000    0.0000
  d3z^2-r^2   0    0.000000000           90.0000    0.0000
  dx^2-y^2    0    0.000000000           90.0000    0.0000
  dxy         0    0.000000000           90.0000    0.0000
  dxz         0    0.000000000           90.0000    0.0000
  dyz         0    0.000000000           90.0000    0.0000
   sum over m      0.000000000           90.0000    0.0000

  166   Si         Orbital Moment(muB)    Angles (Deg)
            multiple
  s           0    0.000000000           90.0000    0.0000
   sum over m      0.000000000           90.0000    0.0000
  s           1    0.000000000           90.0000    0.0000
   sum over m      0.000000000           90.0000    0.0000
  px          0    0.000000000           90.0000    0.0000
  py          0    0.000000000           90.0000    0.0000
  pz          0    0.000000000           90.0000    0.0000
   sum over m      0.000000000           90.0000    0.0000
  px          1    0.000000000           90.0000    0.0000
  py          1    0.000000000           90.0000    0.0000
  pz          1    0.000000000           90.0000    0.0000
   sum over m      0.000000000           90.0000    0.0000
  d3z^2-r^2   0    0.000000000           90.0000    0.0000
  dx^2-y^2    0    0.000000000           90.0000    0.0000
  dxy         0    0.000000000           90.0000    0.0000
  dxz         0    0.000000000           90.0000    0.0000
  dyz         0    0.000000000           90.0000    0.0000
   sum over m      0.000000000           90.0000    0.0000

  167   Si         Orbital Moment(muB)    Angles (Deg)
            multiple
  s           0    0.000000000           90.0000    0.0000
   sum over m      0.000000000           90.0000    0.0000
  s           1    0.000000000           90.0000    0.0000
   sum over m      0.000000000           90.0000    0.0000
  px          0    0.000000000           90.0000    0.0000
  py          0    0.000000000           90.0000    0.0000
  pz          0    0.000000000           90.0000    0.0000
   sum over m      0.000000000           90.0000    0.0000
  px          1    0.000000000           90.0000    0.0000
  py          1    0.000000000           90.0000    0.0000
  pz          1    0.000000000           90.0000    0.0000
   sum over m      0.000000000           90.0000    0.0000
  d3z^2-r^2   0    0.000000000           90.0000    0.0000
  dx^2-y^2    0    0.000000000           90.0000    0.0000
  dxy         0    0.000000000           90.0000    0.0000
  dxz         0    0.000000000           90.0000    0.0000
  dyz         0    0.000000000           90.0000    0.0000
   sum over m      0.000000000           90.0000    0.0000

  168   Si         Orbital Moment(muB)    Angles (Deg)
            multiple
  s           0    0.000000000           90.0000    0.0000
   sum over m      0.000000000           90.0000    0.0000
  s           1    0.000000000           90.0000    0.0000
   sum over m      0.000000000           90.0000    0.0000
  px          0    0.000000000           90.0000    0.0000
  py          0    0.000000000           90.0000    0.0000
  pz          0    0.000000000           90.0000    0.0000
   sum over m      0.000000000           90.0000    0.0000
  px          1    0.000000000           90.0000    0.0000
  py          1    0.000000000           90.0000    0.0000
  pz          1    0.000000000           90.0000    0.0000
   sum over m      0.000000000           90.0000    0.0000
  d3z^2-r^2   0    0.000000000           90.0000    0.0000
  dx^2-y^2    0    0.000000000           90.0000    0.0000
  dxy         0    0.000000000           90.0000    0.0000
  dxz         0    0.000000000           90.0000    0.0000
  dyz         0    0.000000000           90.0000    0.0000
   sum over m      0.000000000           90.0000    0.0000

  169   Si         Orbital Moment(muB)    Angles (Deg)
            multiple
  s           0    0.000000000           90.0000    0.0000
   sum over m      0.000000000           90.0000    0.0000
  s           1    0.000000000           90.0000    0.0000
   sum over m      0.000000000           90.0000    0.0000
  px          0    0.000000000           90.0000    0.0000
  py          0    0.000000000           90.0000    0.0000
  pz          0    0.000000000           90.0000    0.0000
   sum over m      0.000000000           90.0000    0.0000
  px          1    0.000000000           90.0000    0.0000
  py          1    0.000000000           90.0000    0.0000
  pz          1    0.000000000           90.0000    0.0000
   sum over m      0.000000000           90.0000    0.0000
  d3z^2-r^2   0    0.000000000           90.0000    0.0000
  dx^2-y^2    0    0.000000000           90.0000    0.0000
  dxy         0    0.000000000           90.0000    0.0000
  dxz         0    0.000000000           90.0000    0.0000
  dyz         0    0.000000000           90.0000    0.0000
   sum over m      0.000000000           90.0000    0.0000

  170   Si         Orbital Moment(muB)    Angles (Deg)
            multiple
  s           0    0.000000000           90.0000    0.0000
   sum over m      0.000000000           90.0000    0.0000
  s           1    0.000000000           90.0000    0.0000
   sum over m      0.000000000           90.0000    0.0000
  px          0    0.000000000           90.0000    0.0000
  py          0    0.000000000           90.0000    0.0000
  pz          0    0.000000000           90.0000    0.0000
   sum over m      0.000000000           90.0000    0.0000
  px          1    0.000000000           90.0000    0.0000
  py          1    0.000000000           90.0000    0.0000
  pz          1    0.000000000           90.0000    0.0000
   sum over m      0.000000000           90.0000    0.0000
  d3z^2-r^2   0    0.000000000           90.0000    0.0000
  dx^2-y^2    0    0.000000000           90.0000    0.0000
  dxy         0    0.000000000           90.0000    0.0000
  dxz         0    0.000000000           90.0000    0.0000
  dyz         0    0.000000000           90.0000    0.0000
   sum over m      0.000000000           90.0000    0.0000

  171   Si         Orbital Moment(muB)    Angles (Deg)
            multiple
  s           0    0.000000000           90.0000    0.0000
   sum over m      0.000000000           90.0000    0.0000
  s           1    0.000000000           90.0000    0.0000
   sum over m      0.000000000           90.0000    0.0000
  px          0    0.000000000           90.0000    0.0000
  py          0    0.000000000           90.0000    0.0000
  pz          0    0.000000000           90.0000    0.0000
   sum over m      0.000000000           90.0000    0.0000
  px          1    0.000000000           90.0000    0.0000
  py          1    0.000000000           90.0000    0.0000
  pz          1    0.000000000           90.0000    0.0000
   sum over m      0.000000000           90.0000    0.0000
  d3z^2-r^2   0    0.000000000           90.0000    0.0000
  dx^2-y^2    0    0.000000000           90.0000    0.0000
  dxy         0    0.000000000           90.0000    0.0000
  dxz         0    0.000000000           90.0000    0.0000
  dyz         0    0.000000000           90.0000    0.0000
   sum over m      0.000000000           90.0000    0.0000

  172   Si         Orbital Moment(muB)    Angles (Deg)
            multiple
  s           0    0.000000000           90.0000    0.0000
   sum over m      0.000000000           90.0000    0.0000
  s           1    0.000000000           90.0000    0.0000
   sum over m      0.000000000           90.0000    0.0000
  px          0    0.000000000           90.0000    0.0000
  py          0    0.000000000           90.0000    0.0000
  pz          0    0.000000000           90.0000    0.0000
   sum over m      0.000000000           90.0000    0.0000
  px          1    0.000000000           90.0000    0.0000
  py          1    0.000000000           90.0000    0.0000
  pz          1    0.000000000           90.0000    0.0000
   sum over m      0.000000000           90.0000    0.0000
  d3z^2-r^2   0    0.000000000           90.0000    0.0000
  dx^2-y^2    0    0.000000000           90.0000    0.0000
  dxy         0    0.000000000           90.0000    0.0000
  dxz         0    0.000000000           90.0000    0.0000
  dyz         0    0.000000000           90.0000    0.0000
   sum over m      0.000000000           90.0000    0.0000

  173   Si         Orbital Moment(muB)    Angles (Deg)
            multiple
  s           0    0.000000000           90.0000    0.0000
   sum over m      0.000000000           90.0000    0.0000
  s           1    0.000000000           90.0000    0.0000
   sum over m      0.000000000           90.0000    0.0000
  px          0    0.000000000           90.0000    0.0000
  py          0    0.000000000           90.0000    0.0000
  pz          0    0.000000000           90.0000    0.0000
   sum over m      0.000000000           90.0000    0.0000
  px          1    0.000000000           90.0000    0.0000
  py          1    0.000000000           90.0000    0.0000
  pz          1    0.000000000           90.0000    0.0000
   sum over m      0.000000000           90.0000    0.0000
  d3z^2-r^2   0    0.000000000           90.0000    0.0000
  dx^2-y^2    0    0.000000000           90.0000    0.0000
  dxy         0    0.000000000           90.0000    0.0000
  dxz         0    0.000000000           90.0000    0.0000
  dyz         0    0.000000000           90.0000    0.0000
   sum over m      0.000000000           90.0000    0.0000

  174   Si         Orbital Moment(muB)    Angles (Deg)
            multiple
  s           0    0.000000000           90.0000    0.0000
   sum over m      0.000000000           90.0000    0.0000
  s           1    0.000000000           90.0000    0.0000
   sum over m      0.000000000           90.0000    0.0000
  px          0    0.000000000           90.0000    0.0000
  py          0    0.000000000           90.0000    0.0000
  pz          0    0.000000000           90.0000    0.0000
   sum over m      0.000000000           90.0000    0.0000
  px          1    0.000000000           90.0000    0.0000
  py          1    0.000000000           90.0000    0.0000
  pz          1    0.000000000           90.0000    0.0000
   sum over m      0.000000000           90.0000    0.0000
  d3z^2-r^2   0    0.000000000           90.0000    0.0000
  dx^2-y^2    0    0.000000000           90.0000    0.0000
  dxy         0    0.000000000           90.0000    0.0000
  dxz         0    0.000000000           90.0000    0.0000
  dyz         0    0.000000000           90.0000    0.0000
   sum over m      0.000000000           90.0000    0.0000

  175   Si         Orbital Moment(muB)    Angles (Deg)
            multiple
  s           0    0.000000000           90.0000    0.0000
   sum over m      0.000000000           90.0000    0.0000
  s           1    0.000000000           90.0000    0.0000
   sum over m      0.000000000           90.0000    0.0000
  px          0    0.000000000           90.0000    0.0000
  py          0    0.000000000           90.0000    0.0000
  pz          0    0.000000000           90.0000    0.0000
   sum over m      0.000000000           90.0000    0.0000
  px          1    0.000000000           90.0000    0.0000
  py          1    0.000000000           90.0000    0.0000
  pz          1    0.000000000           90.0000    0.0000
   sum over m      0.000000000           90.0000    0.0000
  d3z^2-r^2   0    0.000000000           90.0000    0.0000
  dx^2-y^2    0    0.000000000           90.0000    0.0000
  dxy         0    0.000000000           90.0000    0.0000
  dxz         0    0.000000000           90.0000    0.0000
  dyz         0    0.000000000           90.0000    0.0000
   sum over m      0.000000000           90.0000    0.0000

  176   Si         Orbital Moment(muB)    Angles (Deg)
            multiple
  s           0    0.000000000           90.0000    0.0000
   sum over m      0.000000000           90.0000    0.0000
  s           1    0.000000000           90.0000    0.0000
   sum over m      0.000000000           90.0000    0.0000
  px          0    0.000000000           90.0000    0.0000
  py          0    0.000000000           90.0000    0.0000
  pz          0    0.000000000           90.0000    0.0000
   sum over m      0.000000000           90.0000    0.0000
  px          1    0.000000000           90.0000    0.0000
  py          1    0.000000000           90.0000    0.0000
  pz          1    0.000000000           90.0000    0.0000
   sum over m      0.000000000           90.0000    0.0000
  d3z^2-r^2   0    0.000000000           90.0000    0.0000
  dx^2-y^2    0    0.000000000           90.0000    0.0000
  dxy         0    0.000000000           90.0000    0.0000
  dxz         0    0.000000000           90.0000    0.0000
  dyz         0    0.000000000           90.0000    0.0000
   sum over m      0.000000000           90.0000    0.0000

  177   Si         Orbital Moment(muB)    Angles (Deg)
            multiple
  s           0    0.000000000           90.0000    0.0000
   sum over m      0.000000000           90.0000    0.0000
  s           1    0.000000000           90.0000    0.0000
   sum over m      0.000000000           90.0000    0.0000
  px          0    0.000000000           90.0000    0.0000
  py          0    0.000000000           90.0000    0.0000
  pz          0    0.000000000           90.0000    0.0000
   sum over m      0.000000000           90.0000    0.0000
  px          1    0.000000000           90.0000    0.0000
  py          1    0.000000000           90.0000    0.0000
  pz          1    0.000000000           90.0000    0.0000
   sum over m      0.000000000           90.0000    0.0000
  d3z^2-r^2   0    0.000000000           90.0000    0.0000
  dx^2-y^2    0    0.000000000           90.0000    0.0000
  dxy         0    0.000000000           90.0000    0.0000
  dxz         0    0.000000000           90.0000    0.0000
  dyz         0    0.000000000           90.0000    0.0000
   sum over m      0.000000000           90.0000    0.0000

  178   Si         Orbital Moment(muB)    Angles (Deg)
            multiple
  s           0    0.000000000           90.0000    0.0000
   sum over m      0.000000000           90.0000    0.0000
  s           1    0.000000000           90.0000    0.0000
   sum over m      0.000000000           90.0000    0.0000
  px          0    0.000000000           90.0000    0.0000
  py          0    0.000000000           90.0000    0.0000
  pz          0    0.000000000           90.0000    0.0000
   sum over m      0.000000000           90.0000    0.0000
  px          1    0.000000000           90.0000    0.0000
  py          1    0.000000000           90.0000    0.0000
  pz          1    0.000000000           90.0000    0.0000
   sum over m      0.000000000           90.0000    0.0000
  d3z^2-r^2   0    0.000000000           90.0000    0.0000
  dx^2-y^2    0    0.000000000           90.0000    0.0000
  dxy         0    0.000000000           90.0000    0.0000
  dxz         0    0.000000000           90.0000    0.0000
  dyz         0    0.000000000           90.0000    0.0000
   sum over m      0.000000000           90.0000    0.0000

  179   Si         Orbital Moment(muB)    Angles (Deg)
            multiple
  s           0    0.000000000           90.0000    0.0000
   sum over m      0.000000000           90.0000    0.0000
  s           1    0.000000000           90.0000    0.0000
   sum over m      0.000000000           90.0000    0.0000
  px          0    0.000000000           90.0000    0.0000
  py          0    0.000000000           90.0000    0.0000
  pz          0    0.000000000           90.0000    0.0000
   sum over m      0.000000000           90.0000    0.0000
  px          1    0.000000000           90.0000    0.0000
  py          1    0.000000000           90.0000    0.0000
  pz          1    0.000000000           90.0000    0.0000
   sum over m      0.000000000           90.0000    0.0000
  d3z^2-r^2   0    0.000000000           90.0000    0.0000
  dx^2-y^2    0    0.000000000           90.0000    0.0000
  dxy         0    0.000000000           90.0000    0.0000
  dxz         0    0.000000000           90.0000    0.0000
  dyz         0    0.000000000           90.0000    0.0000
   sum over m      0.000000000           90.0000    0.0000

  180   Si         Orbital Moment(muB)    Angles (Deg)
            multiple
  s           0    0.000000000           90.0000    0.0000
   sum over m      0.000000000           90.0000    0.0000
  s           1    0.000000000           90.0000    0.0000
   sum over m      0.000000000           90.0000    0.0000
  px          0    0.000000000           90.0000    0.0000
  py          0    0.000000000           90.0000    0.0000
  pz          0    0.000000000           90.0000    0.0000
   sum over m      0.000000000           90.0000    0.0000
  px          1    0.000000000           90.0000    0.0000
  py          1    0.000000000           90.0000    0.0000
  pz          1    0.000000000           90.0000    0.0000
   sum over m      0.000000000           90.0000    0.0000
  d3z^2-r^2   0    0.000000000           90.0000    0.0000
  dx^2-y^2    0    0.000000000           90.0000    0.0000
  dxy         0    0.000000000           90.0000    0.0000
  dxz         0    0.000000000           90.0000    0.0000
  dyz         0    0.000000000           90.0000    0.0000
   sum over m      0.000000000           90.0000    0.0000

  181   Si         Orbital Moment(muB)    Angles (Deg)
            multiple
  s           0    0.000000000           90.0000    0.0000
   sum over m      0.000000000           90.0000    0.0000
  s           1    0.000000000           90.0000    0.0000
   sum over m      0.000000000           90.0000    0.0000
  px          0    0.000000000           90.0000    0.0000
  py          0    0.000000000           90.0000    0.0000
  pz          0    0.000000000           90.0000    0.0000
   sum over m      0.000000000           90.0000    0.0000
  px          1    0.000000000           90.0000    0.0000
  py          1    0.000000000           90.0000    0.0000
  pz          1    0.000000000           90.0000    0.0000
   sum over m      0.000000000           90.0000    0.0000
  d3z^2-r^2   0    0.000000000           90.0000    0.0000
  dx^2-y^2    0    0.000000000           90.0000    0.0000
  dxy         0    0.000000000           90.0000    0.0000
  dxz         0    0.000000000           90.0000    0.0000
  dyz         0    0.000000000           90.0000    0.0000
   sum over m      0.000000000           90.0000    0.0000

  182   Si         Orbital Moment(muB)    Angles (Deg)
            multiple
  s           0    0.000000000           90.0000    0.0000
   sum over m      0.000000000           90.0000    0.0000
  s           1    0.000000000           90.0000    0.0000
   sum over m      0.000000000           90.0000    0.0000
  px          0    0.000000000           90.0000    0.0000
  py          0    0.000000000           90.0000    0.0000
  pz          0    0.000000000           90.0000    0.0000
   sum over m      0.000000000           90.0000    0.0000
  px          1    0.000000000           90.0000    0.0000
  py          1    0.000000000           90.0000    0.0000
  pz          1    0.000000000           90.0000    0.0000
   sum over m      0.000000000           90.0000    0.0000
  d3z^2-r^2   0    0.000000000           90.0000    0.0000
  dx^2-y^2    0    0.000000000           90.0000    0.0000
  dxy         0    0.000000000           90.0000    0.0000
  dxz         0    0.000000000           90.0000    0.0000
  dyz         0    0.000000000           90.0000    0.0000
   sum over m      0.000000000           90.0000    0.0000

  183   Si         Orbital Moment(muB)    Angles (Deg)
            multiple
  s           0    0.000000000           90.0000    0.0000
   sum over m      0.000000000           90.0000    0.0000
  s           1    0.000000000           90.0000    0.0000
   sum over m      0.000000000           90.0000    0.0000
  px          0    0.000000000           90.0000    0.0000
  py          0    0.000000000           90.0000    0.0000
  pz          0    0.000000000           90.0000    0.0000
   sum over m      0.000000000           90.0000    0.0000
  px          1    0.000000000           90.0000    0.0000
  py          1    0.000000000           90.0000    0.0000
  pz          1    0.000000000           90.0000    0.0000
   sum over m      0.000000000           90.0000    0.0000
  d3z^2-r^2   0    0.000000000           90.0000    0.0000
  dx^2-y^2    0    0.000000000           90.0000    0.0000
  dxy         0    0.000000000           90.0000    0.0000
  dxz         0    0.000000000           90.0000    0.0000
  dyz         0    0.000000000           90.0000    0.0000
   sum over m      0.000000000           90.0000    0.0000

  184   Si         Orbital Moment(muB)    Angles (Deg)
            multiple
  s           0    0.000000000           90.0000    0.0000
   sum over m      0.000000000           90.0000    0.0000
  s           1    0.000000000           90.0000    0.0000
   sum over m      0.000000000           90.0000    0.0000
  px          0    0.000000000           90.0000    0.0000
  py          0    0.000000000           90.0000    0.0000
  pz          0    0.000000000           90.0000    0.0000
   sum over m      0.000000000           90.0000    0.0000
  px          1    0.000000000           90.0000    0.0000
  py          1    0.000000000           90.0000    0.0000
  pz          1    0.000000000           90.0000    0.0000
   sum over m      0.000000000           90.0000    0.0000
  d3z^2-r^2   0    0.000000000           90.0000    0.0000
  dx^2-y^2    0    0.000000000           90.0000    0.0000
  dxy         0    0.000000000           90.0000    0.0000
  dxz         0    0.000000000           90.0000    0.0000
  dyz         0    0.000000000           90.0000    0.0000
   sum over m      0.000000000           90.0000    0.0000

  185   Si         Orbital Moment(muB)    Angles (Deg)
            multiple
  s           0    0.000000000           90.0000    0.0000
   sum over m      0.000000000           90.0000    0.0000
  s           1    0.000000000           90.0000    0.0000
   sum over m      0.000000000           90.0000    0.0000
  px          0    0.000000000           90.0000    0.0000
  py          0    0.000000000           90.0000    0.0000
  pz          0    0.000000000           90.0000    0.0000
   sum over m      0.000000000           90.0000    0.0000
  px          1    0.000000000           90.0000    0.0000
  py          1    0.000000000           90.0000    0.0000
  pz          1    0.000000000           90.0000    0.0000
   sum over m      0.000000000           90.0000    0.0000
  d3z^2-r^2   0    0.000000000           90.0000    0.0000
  dx^2-y^2    0    0.000000000           90.0000    0.0000
  dxy         0    0.000000000           90.0000    0.0000
  dxz         0    0.000000000           90.0000    0.0000
  dyz         0    0.000000000           90.0000    0.0000
   sum over m      0.000000000           90.0000    0.0000

  186   Si         Orbital Moment(muB)    Angles (Deg)
            multiple
  s           0    0.000000000           90.0000    0.0000
   sum over m      0.000000000           90.0000    0.0000
  s           1    0.000000000           90.0000    0.0000
   sum over m      0.000000000           90.0000    0.0000
  px          0    0.000000000           90.0000    0.0000
  py          0    0.000000000           90.0000    0.0000
  pz          0    0.000000000           90.0000    0.0000
   sum over m      0.000000000           90.0000    0.0000
  px          1    0.000000000           90.0000    0.0000
  py          1    0.000000000           90.0000    0.0000
  pz          1    0.000000000           90.0000    0.0000
   sum over m      0.000000000           90.0000    0.0000
  d3z^2-r^2   0    0.000000000           90.0000    0.0000
  dx^2-y^2    0    0.000000000           90.0000    0.0000
  dxy         0    0.000000000           90.0000    0.0000
  dxz         0    0.000000000           90.0000    0.0000
  dyz         0    0.000000000           90.0000    0.0000
   sum over m      0.000000000           90.0000    0.0000

  187   Si         Orbital Moment(muB)    Angles (Deg)
            multiple
  s           0    0.000000000           90.0000    0.0000
   sum over m      0.000000000           90.0000    0.0000
  s           1    0.000000000           90.0000    0.0000
   sum over m      0.000000000           90.0000    0.0000
  px          0    0.000000000           90.0000    0.0000
  py          0    0.000000000           90.0000    0.0000
  pz          0    0.000000000           90.0000    0.0000
   sum over m      0.000000000           90.0000    0.0000
  px          1    0.000000000           90.0000    0.0000
  py          1    0.000000000           90.0000    0.0000
  pz          1    0.000000000           90.0000    0.0000
   sum over m      0.000000000           90.0000    0.0000
  d3z^2-r^2   0    0.000000000           90.0000    0.0000
  dx^2-y^2    0    0.000000000           90.0000    0.0000
  dxy         0    0.000000000           90.0000    0.0000
  dxz         0    0.000000000           90.0000    0.0000
  dyz         0    0.000000000           90.0000    0.0000
   sum over m      0.000000000           90.0000    0.0000

  188   Si         Orbital Moment(muB)    Angles (Deg)
            multiple
  s           0    0.000000000           90.0000    0.0000
   sum over m      0.000000000           90.0000    0.0000
  s           1    0.000000000           90.0000    0.0000
   sum over m      0.000000000           90.0000    0.0000
  px          0    0.000000000           90.0000    0.0000
  py          0    0.000000000           90.0000    0.0000
  pz          0    0.000000000           90.0000    0.0000
   sum over m      0.000000000           90.0000    0.0000
  px          1    0.000000000           90.0000    0.0000
  py          1    0.000000000           90.0000    0.0000
  pz          1    0.000000000           90.0000    0.0000
   sum over m      0.000000000           90.0000    0.0000
  d3z^2-r^2   0    0.000000000           90.0000    0.0000
  dx^2-y^2    0    0.000000000           90.0000    0.0000
  dxy         0    0.000000000           90.0000    0.0000
  dxz         0    0.000000000           90.0000    0.0000
  dyz         0    0.000000000           90.0000    0.0000
   sum over m      0.000000000           90.0000    0.0000

  189   Si         Orbital Moment(muB)    Angles (Deg)
            multiple
  s           0    0.000000000           90.0000    0.0000
   sum over m      0.000000000           90.0000    0.0000
  s           1    0.000000000           90.0000    0.0000
   sum over m      0.000000000           90.0000    0.0000
  px          0    0.000000000           90.0000    0.0000
  py          0    0.000000000           90.0000    0.0000
  pz          0    0.000000000           90.0000    0.0000
   sum over m      0.000000000           90.0000    0.0000
  px          1    0.000000000           90.0000    0.0000
  py          1    0.000000000           90.0000    0.0000
  pz          1    0.000000000           90.0000    0.0000
   sum over m      0.000000000           90.0000    0.0000
  d3z^2-r^2   0    0.000000000           90.0000    0.0000
  dx^2-y^2    0    0.000000000           90.0000    0.0000
  dxy         0    0.000000000           90.0000    0.0000
  dxz         0    0.000000000           90.0000    0.0000
  dyz         0    0.000000000           90.0000    0.0000
   sum over m      0.000000000           90.0000    0.0000

  190   Si         Orbital Moment(muB)    Angles (Deg)
            multiple
  s           0    0.000000000           90.0000    0.0000
   sum over m      0.000000000           90.0000    0.0000
  s           1    0.000000000           90.0000    0.0000
   sum over m      0.000000000           90.0000    0.0000
  px          0    0.000000000           90.0000    0.0000
  py          0    0.000000000           90.0000    0.0000
  pz          0    0.000000000           90.0000    0.0000
   sum over m      0.000000000           90.0000    0.0000
  px          1    0.000000000           90.0000    0.0000
  py          1    0.000000000           90.0000    0.0000
  pz          1    0.000000000           90.0000    0.0000
   sum over m      0.000000000           90.0000    0.0000
  d3z^2-r^2   0    0.000000000           90.0000    0.0000
  dx^2-y^2    0    0.000000000           90.0000    0.0000
  dxy         0    0.000000000           90.0000    0.0000
  dxz         0    0.000000000           90.0000    0.0000
  dyz         0    0.000000000           90.0000    0.0000
   sum over m      0.000000000           90.0000    0.0000

  191   Si         Orbital Moment(muB)    Angles (Deg)
            multiple
  s           0    0.000000000           90.0000    0.0000
   sum over m      0.000000000           90.0000    0.0000
  s           1    0.000000000           90.0000    0.0000
   sum over m      0.000000000           90.0000    0.0000
  px          0    0.000000000           90.0000    0.0000
  py          0    0.000000000           90.0000    0.0000
  pz          0    0.000000000           90.0000    0.0000
   sum over m      0.000000000           90.0000    0.0000
  px          1    0.000000000           90.0000    0.0000
  py          1    0.000000000           90.0000    0.0000
  pz          1    0.000000000           90.0000    0.0000
   sum over m      0.000000000           90.0000    0.0000
  d3z^2-r^2   0    0.000000000           90.0000    0.0000
  dx^2-y^2    0    0.000000000           90.0000    0.0000
  dxy         0    0.000000000           90.0000    0.0000
  dxz         0    0.000000000           90.0000    0.0000
  dyz         0    0.000000000           90.0000    0.0000
   sum over m      0.000000000           90.0000    0.0000

  192   Si         Orbital Moment(muB)    Angles (Deg)
            multiple
  s           0    0.000000000           90.0000    0.0000
   sum over m      0.000000000           90.0000    0.0000
  s           1    0.000000000           90.0000    0.0000
   sum over m      0.000000000           90.0000    0.0000
  px          0    0.000000000           90.0000    0.0000
  py          0    0.000000000           90.0000    0.0000
  pz          0    0.000000000           90.0000    0.0000
   sum over m      0.000000000           90.0000    0.0000
  px          1    0.000000000           90.0000    0.0000
  py          1    0.000000000           90.0000    0.0000
  pz          1    0.000000000           90.0000    0.0000
   sum over m      0.000000000           90.0000    0.0000
  d3z^2-r^2   0    0.000000000           90.0000    0.0000
  dx^2-y^2    0    0.000000000           90.0000    0.0000
  dxy         0    0.000000000           90.0000    0.0000
  dxz         0    0.000000000           90.0000    0.0000
  dyz         0    0.000000000           90.0000    0.0000
   sum over m      0.000000000           90.0000    0.0000

  193   Si         Orbital Moment(muB)    Angles (Deg)
            multiple
  s           0    0.000000000           90.0000    0.0000
   sum over m      0.000000000           90.0000    0.0000
  s           1    0.000000000           90.0000    0.0000
   sum over m      0.000000000           90.0000    0.0000
  px          0    0.000000000           90.0000    0.0000
  py          0    0.000000000           90.0000    0.0000
  pz          0    0.000000000           90.0000    0.0000
   sum over m      0.000000000           90.0000    0.0000
  px          1    0.000000000           90.0000    0.0000
  py          1    0.000000000           90.0000    0.0000
  pz          1    0.000000000           90.0000    0.0000
   sum over m      0.000000000           90.0000    0.0000
  d3z^2-r^2   0    0.000000000           90.0000    0.0000
  dx^2-y^2    0    0.000000000           90.0000    0.0000
  dxy         0    0.000000000           90.0000    0.0000
  dxz         0    0.000000000           90.0000    0.0000
  dyz         0    0.000000000           90.0000    0.0000
   sum over m      0.000000000           90.0000    0.0000

  194   Si         Orbital Moment(muB)    Angles (Deg)
            multiple
  s           0    0.000000000           90.0000    0.0000
   sum over m      0.000000000           90.0000    0.0000
  s           1    0.000000000           90.0000    0.0000
   sum over m      0.000000000           90.0000    0.0000
  px          0    0.000000000           90.0000    0.0000
  py          0    0.000000000           90.0000    0.0000
  pz          0    0.000000000           90.0000    0.0000
   sum over m      0.000000000           90.0000    0.0000
  px          1    0.000000000           90.0000    0.0000
  py          1    0.000000000           90.0000    0.0000
  pz          1    0.000000000           90.0000    0.0000
   sum over m      0.000000000           90.0000    0.0000
  d3z^2-r^2   0    0.000000000           90.0000    0.0000
  dx^2-y^2    0    0.000000000           90.0000    0.0000
  dxy         0    0.000000000           90.0000    0.0000
  dxz         0    0.000000000           90.0000    0.0000
  dyz         0    0.000000000           90.0000    0.0000
   sum over m      0.000000000           90.0000    0.0000

  195   Si         Orbital Moment(muB)    Angles (Deg)
            multiple
  s           0    0.000000000           90.0000    0.0000
   sum over m      0.000000000           90.0000    0.0000
  s           1    0.000000000           90.0000    0.0000
   sum over m      0.000000000           90.0000    0.0000
  px          0    0.000000000           90.0000    0.0000
  py          0    0.000000000           90.0000    0.0000
  pz          0    0.000000000           90.0000    0.0000
   sum over m      0.000000000           90.0000    0.0000
  px          1    0.000000000           90.0000    0.0000
  py          1    0.000000000           90.0000    0.0000
  pz          1    0.000000000           90.0000    0.0000
   sum over m      0.000000000           90.0000    0.0000
  d3z^2-r^2   0    0.000000000           90.0000    0.0000
  dx^2-y^2    0    0.000000000           90.0000    0.0000
  dxy         0    0.000000000           90.0000    0.0000
  dxz         0    0.000000000           90.0000    0.0000
  dyz         0    0.000000000           90.0000    0.0000
   sum over m      0.000000000           90.0000    0.0000

  196   Si         Orbital Moment(muB)    Angles (Deg)
            multiple
  s           0    0.000000000           90.0000    0.0000
   sum over m      0.000000000           90.0000    0.0000
  s           1    0.000000000           90.0000    0.0000
   sum over m      0.000000000           90.0000    0.0000
  px          0    0.000000000           90.0000    0.0000
  py          0    0.000000000           90.0000    0.0000
  pz          0    0.000000000           90.0000    0.0000
   sum over m      0.000000000           90.0000    0.0000
  px          1    0.000000000           90.0000    0.0000
  py          1    0.000000000           90.0000    0.0000
  pz          1    0.000000000           90.0000    0.0000
   sum over m      0.000000000           90.0000    0.0000
  d3z^2-r^2   0    0.000000000           90.0000    0.0000
  dx^2-y^2    0    0.000000000           90.0000    0.0000
  dxy         0    0.000000000           90.0000    0.0000
  dxz         0    0.000000000           90.0000    0.0000
  dyz         0    0.000000000           90.0000    0.0000
   sum over m      0.000000000           90.0000    0.0000

  197   Si         Orbital Moment(muB)    Angles (Deg)
            multiple
  s           0    0.000000000           90.0000    0.0000
   sum over m      0.000000000           90.0000    0.0000
  s           1    0.000000000           90.0000    0.0000
   sum over m      0.000000000           90.0000    0.0000
  px          0    0.000000000           90.0000    0.0000
  py          0    0.000000000           90.0000    0.0000
  pz          0    0.000000000           90.0000    0.0000
   sum over m      0.000000000           90.0000    0.0000
  px          1    0.000000000           90.0000    0.0000
  py          1    0.000000000           90.0000    0.0000
  pz          1    0.000000000           90.0000    0.0000
   sum over m      0.000000000           90.0000    0.0000
  d3z^2-r^2   0    0.000000000           90.0000    0.0000
  dx^2-y^2    0    0.000000000           90.0000    0.0000
  dxy         0    0.000000000           90.0000    0.0000
  dxz         0    0.000000000           90.0000    0.0000
  dyz         0    0.000000000           90.0000    0.0000
   sum over m      0.000000000           90.0000    0.0000

  198   Si         Orbital Moment(muB)    Angles (Deg)
            multiple
  s           0    0.000000000           90.0000    0.0000
   sum over m      0.000000000           90.0000    0.0000
  s           1    0.000000000           90.0000    0.0000
   sum over m      0.000000000           90.0000    0.0000
  px          0    0.000000000           90.0000    0.0000
  py          0    0.000000000           90.0000    0.0000
  pz          0    0.000000000           90.0000    0.0000
   sum over m      0.000000000           90.0000    0.0000
  px          1    0.000000000           90.0000    0.0000
  py          1    0.000000000           90.0000    0.0000
  pz          1    0.000000000           90.0000    0.0000
   sum over m      0.000000000           90.0000    0.0000
  d3z^2-r^2   0    0.000000000           90.0000    0.0000
  dx^2-y^2    0    0.000000000           90.0000    0.0000
  dxy         0    0.000000000           90.0000    0.0000
  dxz         0    0.000000000           90.0000    0.0000
  dyz         0    0.000000000           90.0000    0.0000
   sum over m      0.000000000           90.0000    0.0000

  199   Si         Orbital Moment(muB)    Angles (Deg)
            multiple
  s           0    0.000000000           90.0000    0.0000
   sum over m      0.000000000           90.0000    0.0000
  s           1    0.000000000           90.0000    0.0000
   sum over m      0.000000000           90.0000    0.0000
  px          0    0.000000000           90.0000    0.0000
  py          0    0.000000000           90.0000    0.0000
  pz          0    0.000000000           90.0000    0.0000
   sum over m      0.000000000           90.0000    0.0000
  px          1    0.000000000           90.0000    0.0000
  py          1    0.000000000           90.0000    0.0000
  pz          1    0.000000000           90.0000    0.0000
   sum over m      0.000000000           90.0000    0.0000
  d3z^2-r^2   0    0.000000000           90.0000    0.0000
  dx^2-y^2    0    0.000000000           90.0000    0.0000
  dxy         0    0.000000000           90.0000    0.0000
  dxz         0    0.000000000           90.0000    0.0000
  dyz         0    0.000000000           90.0000    0.0000
   sum over m      0.000000000           90.0000    0.0000

  200   Si         Orbital Moment(muB)    Angles (Deg)
            multiple
  s           0    0.000000000           90.0000    0.0000
   sum over m      0.000000000           90.0000    0.0000
  s           1    0.000000000           90.0000    0.0000
   sum over m      0.000000000           90.0000    0.0000
  px          0    0.000000000           90.0000    0.0000
  py          0    0.000000000           90.0000    0.0000
  pz          0    0.000000000           90.0000    0.0000
   sum over m      0.000000000           90.0000    0.0000
  px          1    0.000000000           90.0000    0.0000
  py          1    0.000000000           90.0000    0.0000
  pz          1    0.000000000           90.0000    0.0000
   sum over m      0.000000000           90.0000    0.0000
  d3z^2-r^2   0    0.000000000           90.0000    0.0000
  dx^2-y^2    0    0.000000000           90.0000    0.0000
  dxy         0    0.000000000           90.0000    0.0000
  dxz         0    0.000000000           90.0000    0.0000
  dyz         0    0.000000000           90.0000    0.0000
   sum over m      0.000000000           90.0000    0.0000

  201   Si         Orbital Moment(muB)    Angles (Deg)
            multiple
  s           0    0.000000000           90.0000    0.0000
   sum over m      0.000000000           90.0000    0.0000
  s           1    0.000000000           90.0000    0.0000
   sum over m      0.000000000           90.0000    0.0000
  px          0    0.000000000           90.0000    0.0000
  py          0    0.000000000           90.0000    0.0000
  pz          0    0.000000000           90.0000    0.0000
   sum over m      0.000000000           90.0000    0.0000
  px          1    0.000000000           90.0000    0.0000
  py          1    0.000000000           90.0000    0.0000
  pz          1    0.000000000           90.0000    0.0000
   sum over m      0.000000000           90.0000    0.0000
  d3z^2-r^2   0    0.000000000           90.0000    0.0000
  dx^2-y^2    0    0.000000000           90.0000    0.0000
  dxy         0    0.000000000           90.0000    0.0000
  dxz         0    0.000000000           90.0000    0.0000
  dyz         0    0.000000000           90.0000    0.0000
   sum over m      0.000000000           90.0000    0.0000

  202   Si         Orbital Moment(muB)    Angles (Deg)
            multiple
  s           0    0.000000000           90.0000    0.0000
   sum over m      0.000000000           90.0000    0.0000
  s           1    0.000000000           90.0000    0.0000
   sum over m      0.000000000           90.0000    0.0000
  px          0    0.000000000           90.0000    0.0000
  py          0    0.000000000           90.0000    0.0000
  pz          0    0.000000000           90.0000    0.0000
   sum over m      0.000000000           90.0000    0.0000
  px          1    0.000000000           90.0000    0.0000
  py          1    0.000000000           90.0000    0.0000
  pz          1    0.000000000           90.0000    0.0000
   sum over m      0.000000000           90.0000    0.0000
  d3z^2-r^2   0    0.000000000           90.0000    0.0000
  dx^2-y^2    0    0.000000000           90.0000    0.0000
  dxy         0    0.000000000           90.0000    0.0000
  dxz         0    0.000000000           90.0000    0.0000
  dyz         0    0.000000000           90.0000    0.0000
   sum over m      0.000000000           90.0000    0.0000

  203   Si         Orbital Moment(muB)    Angles (Deg)
            multiple
  s           0    0.000000000           90.0000    0.0000
   sum over m      0.000000000           90.0000    0.0000
  s           1    0.000000000           90.0000    0.0000
   sum over m      0.000000000           90.0000    0.0000
  px          0    0.000000000           90.0000    0.0000
  py          0    0.000000000           90.0000    0.0000
  pz          0    0.000000000           90.0000    0.0000
   sum over m      0.000000000           90.0000    0.0000
  px          1    0.000000000           90.0000    0.0000
  py          1    0.000000000           90.0000    0.0000
  pz          1    0.000000000           90.0000    0.0000
   sum over m      0.000000000           90.0000    0.0000
  d3z^2-r^2   0    0.000000000           90.0000    0.0000
  dx^2-y^2    0    0.000000000           90.0000    0.0000
  dxy         0    0.000000000           90.0000    0.0000
  dxz         0    0.000000000           90.0000    0.0000
  dyz         0    0.000000000           90.0000    0.0000
   sum over m      0.000000000           90.0000    0.0000

  204   Si         Orbital Moment(muB)    Angles (Deg)
            multiple
  s           0    0.000000000           90.0000    0.0000
   sum over m      0.000000000           90.0000    0.0000
  s           1    0.000000000           90.0000    0.0000
   sum over m      0.000000000           90.0000    0.0000
  px          0    0.000000000           90.0000    0.0000
  py          0    0.000000000           90.0000    0.0000
  pz          0    0.000000000           90.0000    0.0000
   sum over m      0.000000000           90.0000    0.0000
  px          1    0.000000000           90.0000    0.0000
  py          1    0.000000000           90.0000    0.0000
  pz          1    0.000000000           90.0000    0.0000
   sum over m      0.000000000           90.0000    0.0000
  d3z^2-r^2   0    0.000000000           90.0000    0.0000
  dx^2-y^2    0    0.000000000           90.0000    0.0000
  dxy         0    0.000000000           90.0000    0.0000
  dxz         0    0.000000000           90.0000    0.0000
  dyz         0    0.000000000           90.0000    0.0000
   sum over m      0.000000000           90.0000    0.0000

  205   Si         Orbital Moment(muB)    Angles (Deg)
            multiple
  s           0    0.000000000           90.0000    0.0000
   sum over m      0.000000000           90.0000    0.0000
  s           1    0.000000000           90.0000    0.0000
   sum over m      0.000000000           90.0000    0.0000
  px          0    0.000000000           90.0000    0.0000
  py          0    0.000000000           90.0000    0.0000
  pz          0    0.000000000           90.0000    0.0000
   sum over m      0.000000000           90.0000    0.0000
  px          1    0.000000000           90.0000    0.0000
  py          1    0.000000000           90.0000    0.0000
  pz          1    0.000000000           90.0000    0.0000
   sum over m      0.000000000           90.0000    0.0000
  d3z^2-r^2   0    0.000000000           90.0000    0.0000
  dx^2-y^2    0    0.000000000           90.0000    0.0000
  dxy         0    0.000000000           90.0000    0.0000
  dxz         0    0.000000000           90.0000    0.0000
  dyz         0    0.000000000           90.0000    0.0000
   sum over m      0.000000000           90.0000    0.0000

  206   Si         Orbital Moment(muB)    Angles (Deg)
            multiple
  s           0    0.000000000           90.0000    0.0000
   sum over m      0.000000000           90.0000    0.0000
  s           1    0.000000000           90.0000    0.0000
   sum over m      0.000000000           90.0000    0.0000
  px          0    0.000000000           90.0000    0.0000
  py          0    0.000000000           90.0000    0.0000
  pz          0    0.000000000           90.0000    0.0000
   sum over m      0.000000000           90.0000    0.0000
  px          1    0.000000000           90.0000    0.0000
  py          1    0.000000000           90.0000    0.0000
  pz          1    0.000000000           90.0000    0.0000
   sum over m      0.000000000           90.0000    0.0000
  d3z^2-r^2   0    0.000000000           90.0000    0.0000
  dx^2-y^2    0    0.000000000           90.0000    0.0000
  dxy         0    0.000000000           90.0000    0.0000
  dxz         0    0.000000000           90.0000    0.0000
  dyz         0    0.000000000           90.0000    0.0000
   sum over m      0.000000000           90.0000    0.0000

  207   Si         Orbital Moment(muB)    Angles (Deg)
            multiple
  s           0    0.000000000           90.0000    0.0000
   sum over m      0.000000000           90.0000    0.0000
  s           1    0.000000000           90.0000    0.0000
   sum over m      0.000000000           90.0000    0.0000
  px          0    0.000000000           90.0000    0.0000
  py          0    0.000000000           90.0000    0.0000
  pz          0    0.000000000           90.0000    0.0000
   sum over m      0.000000000           90.0000    0.0000
  px          1    0.000000000           90.0000    0.0000
  py          1    0.000000000           90.0000    0.0000
  pz          1    0.000000000           90.0000    0.0000
   sum over m      0.000000000           90.0000    0.0000
  d3z^2-r^2   0    0.000000000           90.0000    0.0000
  dx^2-y^2    0    0.000000000           90.0000    0.0000
  dxy         0    0.000000000           90.0000    0.0000
  dxz         0    0.000000000           90.0000    0.0000
  dyz         0    0.000000000           90.0000    0.0000
   sum over m      0.000000000           90.0000    0.0000

  208   Si         Orbital Moment(muB)    Angles (Deg)
            multiple
  s           0    0.000000000           90.0000    0.0000
   sum over m      0.000000000           90.0000    0.0000
  s           1    0.000000000           90.0000    0.0000
   sum over m      0.000000000           90.0000    0.0000
  px          0    0.000000000           90.0000    0.0000
  py          0    0.000000000           90.0000    0.0000
  pz          0    0.000000000           90.0000    0.0000
   sum over m      0.000000000           90.0000    0.0000
  px          1    0.000000000           90.0000    0.0000
  py          1    0.000000000           90.0000    0.0000
  pz          1    0.000000000           90.0000    0.0000
   sum over m      0.000000000           90.0000    0.0000
  d3z^2-r^2   0    0.000000000           90.0000    0.0000
  dx^2-y^2    0    0.000000000           90.0000    0.0000
  dxy         0    0.000000000           90.0000    0.0000
  dxz         0    0.000000000           90.0000    0.0000
  dyz         0    0.000000000           90.0000    0.0000
   sum over m      0.000000000           90.0000    0.0000

  209   Si         Orbital Moment(muB)    Angles (Deg)
            multiple
  s           0    0.000000000           90.0000    0.0000
   sum over m      0.000000000           90.0000    0.0000
  s           1    0.000000000           90.0000    0.0000
   sum over m      0.000000000           90.0000    0.0000
  px          0    0.000000000           90.0000    0.0000
  py          0    0.000000000           90.0000    0.0000
  pz          0    0.000000000           90.0000    0.0000
   sum over m      0.000000000           90.0000    0.0000
  px          1    0.000000000           90.0000    0.0000
  py          1    0.000000000           90.0000    0.0000
  pz          1    0.000000000           90.0000    0.0000
   sum over m      0.000000000           90.0000    0.0000
  d3z^2-r^2   0    0.000000000           90.0000    0.0000
  dx^2-y^2    0    0.000000000           90.0000    0.0000
  dxy         0    0.000000000           90.0000    0.0000
  dxz         0    0.000000000           90.0000    0.0000
  dyz         0    0.000000000           90.0000    0.0000
   sum over m      0.000000000           90.0000    0.0000

  210   Si         Orbital Moment(muB)    Angles (Deg)
            multiple
  s           0    0.000000000           90.0000    0.0000
   sum over m      0.000000000           90.0000    0.0000
  s           1    0.000000000           90.0000    0.0000
   sum over m      0.000000000           90.0000    0.0000
  px          0    0.000000000           90.0000    0.0000
  py          0    0.000000000           90.0000    0.0000
  pz          0    0.000000000           90.0000    0.0000
   sum over m      0.000000000           90.0000    0.0000
  px          1    0.000000000           90.0000    0.0000
  py          1    0.000000000           90.0000    0.0000
  pz          1    0.000000000           90.0000    0.0000
   sum over m      0.000000000           90.0000    0.0000
  d3z^2-r^2   0    0.000000000           90.0000    0.0000
  dx^2-y^2    0    0.000000000           90.0000    0.0000
  dxy         0    0.000000000           90.0000    0.0000
  dxz         0    0.000000000           90.0000    0.0000
  dyz         0    0.000000000           90.0000    0.0000
   sum over m      0.000000000           90.0000    0.0000

  211   Si         Orbital Moment(muB)    Angles (Deg)
            multiple
  s           0    0.000000000           90.0000    0.0000
   sum over m      0.000000000           90.0000    0.0000
  s           1    0.000000000           90.0000    0.0000
   sum over m      0.000000000           90.0000    0.0000
  px          0    0.000000000           90.0000    0.0000
  py          0    0.000000000           90.0000    0.0000
  pz          0    0.000000000           90.0000    0.0000
   sum over m      0.000000000           90.0000    0.0000
  px          1    0.000000000           90.0000    0.0000
  py          1    0.000000000           90.0000    0.0000
  pz          1    0.000000000           90.0000    0.0000
   sum over m      0.000000000           90.0000    0.0000
  d3z^2-r^2   0    0.000000000           90.0000    0.0000
  dx^2-y^2    0    0.000000000           90.0000    0.0000
  dxy         0    0.000000000           90.0000    0.0000
  dxz         0    0.000000000           90.0000    0.0000
  dyz         0    0.000000000           90.0000    0.0000
   sum over m      0.000000000           90.0000    0.0000

  212   Si         Orbital Moment(muB)    Angles (Deg)
            multiple
  s           0    0.000000000           90.0000    0.0000
   sum over m      0.000000000           90.0000    0.0000
  s           1    0.000000000           90.0000    0.0000
   sum over m      0.000000000           90.0000    0.0000
  px          0    0.000000000           90.0000    0.0000
  py          0    0.000000000           90.0000    0.0000
  pz          0    0.000000000           90.0000    0.0000
   sum over m      0.000000000           90.0000    0.0000
  px          1    0.000000000           90.0000    0.0000
  py          1    0.000000000           90.0000    0.0000
  pz          1    0.000000000           90.0000    0.0000
   sum over m      0.000000000           90.0000    0.0000
  d3z^2-r^2   0    0.000000000           90.0000    0.0000
  dx^2-y^2    0    0.000000000           90.0000    0.0000
  dxy         0    0.000000000           90.0000    0.0000
  dxz         0    0.000000000           90.0000    0.0000
  dyz         0    0.000000000           90.0000    0.0000
   sum over m      0.000000000           90.0000    0.0000

  213   Si         Orbital Moment(muB)    Angles (Deg)
            multiple
  s           0    0.000000000           90.0000    0.0000
   sum over m      0.000000000           90.0000    0.0000
  s           1    0.000000000           90.0000    0.0000
   sum over m      0.000000000           90.0000    0.0000
  px          0    0.000000000           90.0000    0.0000
  py          0    0.000000000           90.0000    0.0000
  pz          0    0.000000000           90.0000    0.0000
   sum over m      0.000000000           90.0000    0.0000
  px          1    0.000000000           90.0000    0.0000
  py          1    0.000000000           90.0000    0.0000
  pz          1    0.000000000           90.0000    0.0000
   sum over m      0.000000000           90.0000    0.0000
  d3z^2-r^2   0    0.000000000           90.0000    0.0000
  dx^2-y^2    0    0.000000000           90.0000    0.0000
  dxy         0    0.000000000           90.0000    0.0000
  dxz         0    0.000000000           90.0000    0.0000
  dyz         0    0.000000000           90.0000    0.0000
   sum over m      0.000000000           90.0000    0.0000

  214   Si         Orbital Moment(muB)    Angles (Deg)
            multiple
  s           0    0.000000000           90.0000    0.0000
   sum over m      0.000000000           90.0000    0.0000
  s           1    0.000000000           90.0000    0.0000
   sum over m      0.000000000           90.0000    0.0000
  px          0    0.000000000           90.0000    0.0000
  py          0    0.000000000           90.0000    0.0000
  pz          0    0.000000000           90.0000    0.0000
   sum over m      0.000000000           90.0000    0.0000
  px          1    0.000000000           90.0000    0.0000
  py          1    0.000000000           90.0000    0.0000
  pz          1    0.000000000           90.0000    0.0000
   sum over m      0.000000000           90.0000    0.0000
  d3z^2-r^2   0    0.000000000           90.0000    0.0000
  dx^2-y^2    0    0.000000000           90.0000    0.0000
  dxy         0    0.000000000           90.0000    0.0000
  dxz         0    0.000000000           90.0000    0.0000
  dyz         0    0.000000000           90.0000    0.0000
   sum over m      0.000000000           90.0000    0.0000

  215   Si         Orbital Moment(muB)    Angles (Deg)
            multiple
  s           0    0.000000000           90.0000    0.0000
   sum over m      0.000000000           90.0000    0.0000
  s           1    0.000000000           90.0000    0.0000
   sum over m      0.000000000           90.0000    0.0000
  px          0    0.000000000           90.0000    0.0000
  py          0    0.000000000           90.0000    0.0000
  pz          0    0.000000000           90.0000    0.0000
   sum over m      0.000000000           90.0000    0.0000
  px          1    0.000000000           90.0000    0.0000
  py          1    0.000000000           90.0000    0.0000
  pz          1    0.000000000           90.0000    0.0000
   sum over m      0.000000000           90.0000    0.0000
  d3z^2-r^2   0    0.000000000           90.0000    0.0000
  dx^2-y^2    0    0.000000000           90.0000    0.0000
  dxy         0    0.000000000           90.0000    0.0000
  dxz         0    0.000000000           90.0000    0.0000
  dyz         0    0.000000000           90.0000    0.0000
   sum over m      0.000000000           90.0000    0.0000

  216   Si         Orbital Moment(muB)    Angles (Deg)
            multiple
  s           0    0.000000000           90.0000    0.0000
   sum over m      0.000000000           90.0000    0.0000
  s           1    0.000000000           90.0000    0.0000
   sum over m      0.000000000           90.0000    0.0000
  px          0    0.000000000           90.0000    0.0000
  py          0    0.000000000           90.0000    0.0000
  pz          0    0.000000000           90.0000    0.0000
   sum over m      0.000000000           90.0000    0.0000
  px          1    0.000000000           90.0000    0.0000
  py          1    0.000000000           90.0000    0.0000
  pz          1    0.000000000           90.0000    0.0000
   sum over m      0.000000000           90.0000    0.0000
  d3z^2-r^2   0    0.000000000           90.0000    0.0000
  dx^2-y^2    0    0.000000000           90.0000    0.0000
  dxy         0    0.000000000           90.0000    0.0000
  dxz         0    0.000000000           90.0000    0.0000
  dyz         0    0.000000000           90.0000    0.0000
   sum over m      0.000000000           90.0000    0.0000

***********************************************************
***********************************************************
                    Dipole moment (Debye)                  
***********************************************************
***********************************************************

 Absolute D      455.62823312

                      Dx                Dy                Dz
 Total            263.05708303      263.05708303      263.05708307
 Core           33807.73609485    33807.73609485    33807.73609485
 Electron      -33544.67901182   -33544.67901182   -33544.67901178
 Back ground       -0.00000000       -0.00000000       -0.00000000

***********************************************************
***********************************************************
       xyz-coordinates (Ang) and forces (Hartree/Bohr)  
***********************************************************
***********************************************************

<coordinates.forces
  216
    1    Si     0.67888   0.67888   0.67888  -0.000006051419 -0.000006051416 -0.000006034558
    2    Si     3.39437   0.67888   3.39437   0.000006051414 -0.000006051416  0.000006034558
    3    Si     0.67888   3.39437   3.39437  -0.000006051419  0.000006051416  0.000006034558
    4    Si     3.39437   3.39437   0.67888   0.000006051414  0.000006051416 -0.000006034558
    5    Si     4.75213   2.03662   2.03662  -0.000008425821  0.000000000000  0.000000000000
    6    Si     4.75213   4.75213   4.75213  -0.000004918364 -0.000004918361 -0.000004922130
    7    Si     2.03662   2.03662   4.75213  -0.000000000003 -0.000000000000 -0.000008431219
    8    Si     2.03662   4.75213   2.03662  -0.000000000003 -0.000008425818  0.000000000000
    9    Si     0.67888   0.67888   6.10987  -0.000002760298 -0.000002760295 -0.000000196320
   10    Si     3.39437   0.67888   8.82538   0.000004918358 -0.000004918361 -0.000004922130
   11    Si     0.67888   3.39437   8.82538  -0.000004918364  0.000004918361 -0.000004922130
   12    Si     3.39437   3.39437   6.10987   0.000002760292  0.000002760295 -0.000000196320
   13    Si     4.75213   2.03662   7.46762  -0.000002775579 -0.000000200559  0.000002771759
   14    Si     4.75213   4.75213  10.18313  -0.000002760298 -0.000002760295  0.000000196320
   15    Si     2.03662   2.03662  10.18313  -0.000000000003 -0.000000000000  0.000000000000
   16    Si     2.03662   4.75213   7.46762  -0.000000200561 -0.000002775576  0.000002771759
   17    Si     0.67888   0.67888  11.54087  -0.000004918364 -0.000004918361  0.000004922130
   18    Si     3.39437   0.67888  14.25638   0.000002760292 -0.000002760295  0.000000196320
   19    Si     0.67888   3.39437  14.25638  -0.000002760298  0.000002760295  0.000000196320
   20    Si     3.39437   3.39437  11.54087   0.000004918358  0.000004918361  0.000004922130
   21    Si     4.75213   2.03662  12.89863  -0.000002775579  0.000000200559 -0.000002771759
   22    Si     4.75213   4.75213  15.61412  -0.000006051419 -0.000006051416  0.000006034558
   23    Si     2.03662   2.03662  15.61412  -0.000000000003 -0.000000000000  0.000008431219
   24    Si     2.03662   4.75213  12.89863   0.000000200556 -0.000002775576 -0.000002771759
   25    Si     0.67888   6.10987   0.67888  -0.000002775579 -0.000000200559 -0.000002771759
   26    Si     3.39437   6.10987   3.39437   0.000002775573 -0.000000200559  0.000002771759
   27    Si     0.67888   8.82538   3.39437  -0.000004918364 -0.000004918361  0.000004922130
   28    Si     3.39437   8.82538   0.67888   0.000004918358 -0.000004918361 -0.000004922130
   29    Si     4.75213   7.46762   2.03662  -0.000002760298  0.000002760295 -0.000000196320
   30    Si     4.75213  10.18313   4.75213  -0.000002775579  0.000000200559 -0.000002771759
   31    Si     2.03662   7.46762   4.75213  -0.000000200561  0.000002775576 -0.000002771759
   32    Si     2.03662  10.18313   2.03662  -0.000000000003  0.000000000000 -0.000000000000
   33    Si     0.67888   6.10987   6.10987  -0.000008425821 -0.000000000000 -0.000000000000
   34    Si     3.39437   6.10987   8.82538   0.000002775573  0.000000200559 -0.000002771759
   35    Si     0.67888   8.82538   8.82538  -0.000006051419 -0.000006051416 -0.000006034558
   36    Si     3.39437   8.82538   6.10987   0.000002760292 -0.000002760295  0.000000196320
   37    Si     4.75213   7.46762   7.46762  -0.000004918364  0.000004918361  0.000004922130
   38    Si     4.75213  10.18313  10.18313  -0.000008425821 -0.000000000000  0.000000000000
   39    Si     2.03662   7.46762  10.18313  -0.000000000003  0.000008425818  0.000000000000
   40    Si     2.03662  10.18313   7.46762  -0.000000000003  0.000000000000  0.000008431219
   41    Si     0.67888   6.10987  11.54087  -0.000002775579  0.000000200559  0.000002771759
   42    Si     3.39437   6.10987  14.25638   0.000008425815 -0.000000000000  0.000000000000
   43    Si     0.67888   8.82538  14.25638  -0.000002760298 -0.000002760295 -0.000000196320
   44    Si     3.39437   8.82538  11.54087   0.000006051414 -0.000006051416  0.000006034558
   45    Si     4.75213   7.46762  12.89863  -0.000006051419  0.000006051416 -0.000006034558
   46    Si     4.75213  10.18313  15.61412  -0.000002775579 -0.000000200559  0.000002771759
   47    Si     2.03662   7.46762  15.61412   0.000000200556  0.000002775576  0.000002771759
   48    Si     2.03662  10.18313  12.89863  -0.000000000003 -0.000000000000 -0.000008431219
   49    Si     0.67888  11.54087   0.67888  -0.000004918364  0.000004918361 -0.000004922130
   50    Si     3.39437  11.54087   3.39437   0.000004918358  0.000004918361  0.000004922130
   51    Si     0.67888  14.25638   3.39437  -0.000002775579  0.000000200559  0.000002771759
   52    Si     3.39437  14.25638   0.67888   0.000002775573  0.000000200559 -0.000002771759
   53    Si     4.75213  12.89863   2.03662  -0.000002760298 -0.000002760295  0.000000196320
   54    Si     4.75213  15.61412   4.75213  -0.000006051419  0.000006051416 -0.000006034558
   55    Si     2.03662  12.89863   4.75213   0.000000200556 -0.000002775576 -0.000002771759
   56    Si     2.03662  15.61412   2.03662  -0.000000000003  0.000008425818  0.000000000000
   57    Si     0.67888  11.54087   6.10987  -0.000002760298  0.000002760295  0.000000196320
   58    Si     3.39437  11.54087   8.82538   0.000006051414  0.000006051416 -0.000006034558
   59    Si     0.67888  14.25638   8.82538  -0.000002775579 -0.000000200559 -0.000002771759
   60    Si     3.39437  14.25638   6.10987   0.000008425815 -0.000000000000 -0.000000000000
   61    Si     4.75213  12.89863   7.46762  -0.000006051419 -0.000006051416  0.000006034558
   62    Si     4.75213  15.61412  10.18313  -0.000002760298  0.000002760295 -0.000000196320
   63    Si     2.03662  12.89863  10.18313  -0.000000000003 -0.000008425818  0.000000000000
   64    Si     2.03662  15.61412   7.46762   0.000000200556  0.000002775576  0.000002771759
   65    Si     0.67888  11.54087  11.54087  -0.000006051419  0.000006051416  0.000006034558
   66    Si     3.39437  11.54087  14.25638   0.000002760292  0.000002760295 -0.000000196320
   67    Si     0.67888  14.25638  14.25638  -0.000008425821 -0.000000000000  0.000000000000
   68    Si     3.39437  14.25638  11.54087   0.000002775573 -0.000000200559  0.000002771759
   69    Si     4.75213  12.89863  12.89863  -0.000004918364 -0.000004918361 -0.000004922130
   70    Si     4.75213  15.61412  15.61412  -0.000004918364  0.000004918361  0.000004922130
   71    Si     2.03662  12.89863  15.61412  -0.000000200561 -0.000002775576  0.000002771759
   72    Si     2.03662  15.61412  12.89863  -0.000000200561  0.000002775576 -0.000002771759
   73    Si     6.10987   0.67888   0.67888  -0.000000200561 -0.000002775576 -0.000002771759
   74    Si     8.82538   0.67888   3.39437  -0.000004918364 -0.000004918361  0.000004922130
   75    Si     6.10987   3.39437   3.39437  -0.000000200561  0.000002775576  0.000002771759
   76    Si     8.82538   3.39437   0.67888  -0.000004918364  0.000004918361 -0.000004922130
   77    Si    10.18313   2.03662   2.03662  -0.000000000003 -0.000000000000 -0.000000000000
   78    Si    10.18313   4.75213   4.75213   0.000000200556 -0.000002775576 -0.000002771759
   79    Si     7.46762   2.03662   4.75213   0.000002775573 -0.000000200559 -0.000002771759
   80    Si     7.46762   4.75213   2.03662   0.000002760292 -0.000002760295 -0.000000196320
   81    Si     6.10987   0.67888   6.10987  -0.000000000003 -0.000008425818 -0.000000000000
   82    Si     8.82538   0.67888   8.82538  -0.000006051419 -0.000006051416 -0.000006034558
   83    Si     6.10987   3.39437   8.82538   0.000000200556  0.000002775576 -0.000002771759
   84    Si     8.82538   3.39437   6.10987  -0.000002760298  0.000002760295  0.000000196320
   85    Si    10.18313   2.03662   7.46762  -0.000000000003  0.000000000000  0.000008431219
   86    Si    10.18313   4.75213  10.18313  -0.000000000003 -0.000008425818  0.000000000000
   87    Si     7.46762   2.03662  10.18313   0.000008425815 -0.000000000000 -0.000000000000
   88    Si     7.46762   4.75213   7.46762   0.000004918358 -0.000004918361  0.000004922130
   89    Si     6.10987   0.67888  11.54087   0.000000200556 -0.000002775576  0.000002771759
   90    Si     8.82538   0.67888  14.25638  -0.000002760298 -0.000002760295 -0.000000196320
   91    Si     6.10987   3.39437  14.25638  -0.000000000003  0.000008425818 -0.000000000000
   92    Si     8.82538   3.39437  11.54087  -0.000006051419  0.000006051416  0.000006034558
   93    Si    10.18313   2.03662  12.89863  -0.000000000003 -0.000000000000 -0.000008431219
   94    Si    10.18313   4.75213  15.61412  -0.000000200561 -0.000002775576  0.000002771759
   95    Si     7.46762   2.03662  15.61412   0.000002775573  0.000000200559  0.000002771759
   96    Si     7.46762   4.75213  12.89863   0.000006051414 -0.000006051416 -0.000006034558
   97    Si     6.10987   6.10987   0.67888  -0.000000000003 -0.000000000000 -0.000008431219
   98    Si     8.82538   6.10987   3.39437  -0.000002775579  0.000000200559  0.000002771759
   99    Si     6.10987   8.82538   3.39437   0.000000200556 -0.000002775576  0.000002771759
  100    Si     8.82538   8.82538   0.67888  -0.000006051419 -0.000006051416 -0.000006034558
  101    Si    10.18313   7.46762   2.03662  -0.000000000003  0.000008425818  0.000000000000
  102    Si    10.18313  10.18313   4.75213  -0.000000000003 -0.000000000000 -0.000008431219
  103    Si     7.46762   7.46762   4.75213   0.000004918358  0.000004918361 -0.000004922130
  104    Si     7.46762  10.18313   2.03662   0.000008425815  0.000000000000  0.000000000000
  105    Si     6.10987   6.10987   6.10987  -0.000000000003  0.000000000000  0.000000000000
  106    Si     8.82538   6.10987   8.82538  -0.000002775579 -0.000000200559 -0.000002771759
  107    Si     6.10987   8.82538   8.82538  -0.000000200561 -0.000002775576 -0.000002771759
  108    Si     8.82538   8.82538   6.10987  -0.000002760298 -0.000002760295 -0.000000196320
  109    Si    10.18313   7.46762   7.46762   0.000000200556  0.000002775576  0.000002771759
  110    Si    10.18313  10.18313  10.18313  -0.000000000003 -0.000000000000  0.000000000000
  111    Si     7.46762   7.46762  10.18313   0.000002760292  0.000002760295  0.000000196320
  112    Si     7.46762  10.18313   7.46762   0.000002775573  0.000000200559  0.000002771759
  113    Si     6.10987   6.10987  11.54087  -0.000000000003 -0.000000000000  0.000008431219
  114    Si     8.82538   6.10987  14.25638  -0.000008425821 -0.000000000000  0.000000000000
  115    Si     6.10987   8.82538  14.25638  -0.000000000003 -0.000008425818 -0.000000000000
  116    Si     8.82538   8.82538  11.54087  -0.000004918364 -0.000004918361  0.000004922130
  117    Si    10.18313   7.46762  12.89863  -0.000000200561  0.000002775576 -0.000002771759
  118    Si    10.18313  10.18313  15.61412  -0.000000000003  0.000000000000  0.000008431219
  119    Si     7.46762   7.46762  15.61412   0.000006051414  0.000006051416  0.000006034558
  120    Si     7.46762  10.18313  12.89863   0.000002775573 -0.000000200559 -0.000002771759
  121    Si     6.10987  11.54087   0.67888   0.000000200556  0.000002775576 -0.000002771759
  122    Si     8.82538  11.54087   3.39437  -0.000006051419  0.000006051416  0.000006034558
  123    Si     6.10987  14.25638   3.39437  -0.000000000003 -0.000000000000  0.000008431219
  124    Si     8.82538  14.25638   0.67888  -0.000002775579 -0.000000200559 -0.000002771759
  125    Si    10.18313  12.89863   2.03662  -0.000000000003 -0.000008425818  0.000000000000
  126    Si    10.18313  15.61412   4.75213  -0.000000200561  0.000002775576 -0.000002771759
  127    Si     7.46762  12.89863   4.75213   0.000006051414 -0.000006051416 -0.000006034558
  128    Si     7.46762  15.61412   2.03662   0.000002760292  0.000002760295  0.000000196320
  129    Si     6.10987  11.54087   6.10987  -0.000000000003  0.000008425818  0.000000000000
  130    Si     8.82538  11.54087   8.82538  -0.000004918364  0.000004918361 -0.000004922130
  131    Si     6.10987  14.25638   8.82538  -0.000000000003 -0.000000000000 -0.000008431219
  132    Si     8.82538  14.25638   6.10987  -0.000008425821  0.000000000000 -0.000000000000
  133    Si    10.18313  12.89863   7.46762  -0.000000200561 -0.000002775576  0.000002771759
  134    Si    10.18313  15.61412  10.18313  -0.000000000003  0.000008425818  0.000000000000
  135    Si     7.46762  12.89863  10.18313   0.000002760292 -0.000002760295 -0.000000196320
  136    Si     7.46762  15.61412   7.46762   0.000006051414  0.000006051416  0.000006034558
  137    Si     6.10987  11.54087  11.54087  -0.000000200561  0.000002775576  0.000002771759
  138    Si     8.82538  11.54087  14.25638  -0.000002760298  0.000002760295  0.000000196320
  139    Si     6.10987  14.25638  14.25638  -0.000000000003  0.000000000000  0.000000000000
  140    Si     8.82538  14.25638  11.54087  -0.000002775579  0.000000200559  0.000002771759
  141    Si    10.18313  12.89863  12.89863   0.000000200556 -0.000002775576 -0.000002771759
  142    Si    10.18313  15.61412  15.61412   0.000000200556  0.000002775576  0.000002771759
  143    Si     7.46762  12.89863  15.61412   0.000004918358 -0.000004918361  0.000004922130
  144    Si     7.46762  15.61412  12.89863   0.000004918358  0.000004918361 -0.000004922130
  145    Si    11.54087   0.67888   0.67888   0.000004918358 -0.000004918361 -0.000004922130
  146    Si    14.25638   0.67888   3.39437   0.000000200556 -0.000002775576  0.000002771759
  147    Si    11.54087   3.39437   3.39437   0.000004918358  0.000004918361  0.000004922130
  148    Si    14.25638   3.39437   0.67888   0.000000200556  0.000002775576 -0.000002771759
  149    Si    15.61412   2.03662   2.03662   0.000008425815 -0.000000000000 -0.000000000000
  150    Si    15.61412   4.75213   4.75213   0.000006051414 -0.000006051416 -0.000006034558
  151    Si    12.89863   2.03662   4.75213  -0.000002775579  0.000000200559 -0.000002771759
  152    Si    12.89863   4.75213   2.03662  -0.000002760298 -0.000002760295  0.000000196320
  153    Si    11.54087   0.67888   6.10987   0.000002760292 -0.000002760295  0.000000196320
  154    Si    14.25638   0.67888   8.82538  -0.000000200561 -0.000002775576 -0.000002771759
  155    Si    11.54087   3.39437   8.82538   0.000006051414  0.000006051416 -0.000006034558
  156    Si    14.25638   3.39437   6.10987  -0.000000000003  0.000008425818 -0.000000000000
  157    Si    15.61412   2.03662   7.46762   0.000002775573  0.000000200559  0.000002771759
  158    Si    15.61412   4.75213  10.18313   0.000002760292 -0.000002760295 -0.000000196320
  159    Si    12.89863   2.03662  10.18313  -0.000008425821 -0.000000000000 -0.000000000000
  160    Si    12.89863   4.75213   7.46762  -0.000006051419 -0.000006051416  0.000006034558
  161    Si    11.54087   0.67888  11.54087   0.000006051414 -0.000006051416  0.000006034558
  162    Si    14.25638   0.67888  14.25638  -0.000000000003 -0.000008425818  0.000000000000
  163    Si    11.54087   3.39437  14.25638   0.000002760292  0.000002760295 -0.000000196320
  164    Si    14.25638   3.39437  11.54087  -0.000000200561  0.000002775576  0.000002771759
  165    Si    15.61412   2.03662  12.89863   0.000002775573 -0.000000200559 -0.000002771759
  166    Si    15.61412   4.75213  15.61412   0.000004918358 -0.000004918361  0.000004922130
  167    Si    12.89863   2.03662  15.61412  -0.000002775579 -0.000000200559  0.000002771759
  168    Si    12.89863   4.75213  12.89863  -0.000004918364 -0.000004918361 -0.000004922130
  169    Si    11.54087   6.10987   0.67888   0.000002775573  0.000000200559 -0.000002771759
  170    Si    14.25638   6.10987   3.39437  -0.000000000003 -0.000000000000  0.000008431219
  171    Si    11.54087   8.82538   3.39437   0.000006051414 -0.000006051416  0.000006034558
  172    Si    14.25638   8.82538   0.67888  -0.000000200561 -0.000002775576 -0.000002771759
  173    Si    15.61412   7.46762   2.03662   0.000002760292  0.000002760295  0.000000196320
  174    Si    15.61412  10.18313   4.75213   0.000002775573 -0.000000200559 -0.000002771759
  175    Si    12.89863   7.46762   4.75213  -0.000006051419  0.000006051416 -0.000006034558
  176    Si    12.89863  10.18313   2.03662  -0.000008425821  0.000000000000 -0.000000000000
  177    Si    11.54087   6.10987   6.10987   0.000008425815  0.000000000000 -0.000000000000
  178    Si    14.25638   6.10987   8.82538  -0.000000000003 -0.000000000000 -0.000008431219
  179    Si    11.54087   8.82538   8.82538   0.000004918358 -0.000004918361 -0.000004922130
  180    Si    14.25638   8.82538   6.10987  -0.000000000003 -0.000008425818 -0.000000000000
  181    Si    15.61412   7.46762   7.46762   0.000006051414  0.000006051416  0.000006034558
  182    Si    15.61412  10.18313  10.18313   0.000008425815 -0.000000000000  0.000000000000
  183    Si    12.89863   7.46762  10.18313  -0.000002760298  0.000002760295 -0.000000196320
  184    Si    12.89863  10.18313   7.46762  -0.000002775579 -0.000000200559  0.000002771759
  185    Si    11.54087   6.10987  11.54087   0.000002775573 -0.000000200559  0.000002771759
  186    Si    14.25638   6.10987  14.25638  -0.000000000003  0.000000000000 -0.000000000000
  187    Si    11.54087   8.82538  14.25638   0.000002760292 -0.000002760295  0.000000196320
  188    Si    14.25638   8.82538  11.54087   0.000000200556 -0.000002775576  0.000002771759
  189    Si    15.61412   7.46762  12.89863   0.000004918358  0.000004918361 -0.000004922130
  190    Si    15.61412  10.18313  15.61412   0.000002775573  0.000000200559  0.000002771759
  191    Si    12.89863   7.46762  15.61412  -0.000004918364  0.000004918361  0.000004922130
  192    Si    12.89863  10.18313  12.89863  -0.000002775579  0.000000200559 -0.000002771759
  193    Si    11.54087  11.54087   0.67888   0.000006051414  0.000006051416 -0.000006034558
  194    Si    14.25638  11.54087   3.39437  -0.000000200561  0.000002775576  0.000002771759
  195    Si    11.54087  14.25638   3.39437   0.000002775573 -0.000000200559  0.000002771759
  196    Si    14.25638  14.25638   0.67888  -0.000000000003 -0.000000000000 -0.000008431219
  197    Si    15.61412  12.89863   2.03662   0.000002760292 -0.000002760295 -0.000000196320
  198    Si    15.61412  15.61412   4.75213   0.000004918358  0.000004918361 -0.000004922130
  199    Si    12.89863  12.89863   4.75213  -0.000004918364 -0.000004918361 -0.000004922130
  200    Si    12.89863  15.61412   2.03662  -0.000002760298  0.000002760295 -0.000000196320
  201    Si    11.54087  11.54087   6.10987   0.000002760292  0.000002760295 -0.000000196320
  202    Si    14.25638  11.54087   8.82538   0.000000200556  0.000002775576 -0.000002771759
  203    Si    11.54087  14.25638   8.82538   0.000002775573  0.000000200559 -0.000002771759
  204    Si    14.25638  14.25638   6.10987  -0.000000000003  0.000000000000 -0.000000000000
  205    Si    15.61412  12.89863   7.46762   0.000004918358 -0.000004918361  0.000004922130
  206    Si    15.61412  15.61412  10.18313   0.000002760292  0.000002760295  0.000000196320
  207    Si    12.89863  12.89863  10.18313  -0.000002760298 -0.000002760295  0.000000196320
  208    Si    12.89863  15.61412   7.46762  -0.000004918364  0.000004918361  0.000004922130
  209    Si    11.54087  11.54087  11.54087   0.000004918358  0.000004918361  0.000004922130
  210    Si    14.25638  11.54087  14.25638  -0.000000000003  0.000008425818 -0.000000000000
  211    Si    11.54087  14.25638  14.25638   0.000008425815 -0.000000000000  0.000000000000
  212    Si    14.25638  14.25638  11.54087  -0.000000000003 -0.000000000000  0.000008431219
  213    Si    15.61412  12.89863  12.89863   0.000006051414 -0.000006051416 -0.000006034558
  214    Si    15.61412  15.61412  15.61412   0.000006051414  0.000006051416  0.000006034558
  215    Si    12.89863  12.89863  15.61412  -0.000006051419 -0.000006051416  0.000006034558
  216    Si    12.89863  15.61412  12.89863  -0.000006051419  0.000006051416 -0.000006034558
coordinates.forces>

***********************************************************
***********************************************************
       Fractional coordinates of the final structure       
***********************************************************
***********************************************************

     1     Si     0.04166667000000   0.04166667000000   0.04166667000000
     2     Si     0.20833333000000   0.04166667000000   0.20833333000000
     3     Si     0.04166667000000   0.20833333000000   0.20833333000000
     4     Si     0.20833333000000   0.20833333000000   0.04166667000000
     5     Si     0.29166667000000   0.12500000000000   0.12500000000000
     6     Si     0.29166667000000   0.29166667000000   0.29166667000000
     7     Si     0.12500000000000   0.12500000000000   0.29166667000000
     8     Si     0.12500000000000   0.29166667000000   0.12500000000000
     9     Si     0.04166667000000   0.04166667000000   0.37500000000000
    10     Si     0.20833333000000   0.04166667000000   0.54166667000000
    11     Si     0.04166667000000   0.20833333000000   0.54166667000000
    12     Si     0.20833333000000   0.20833333000000   0.37500000000000
    13     Si     0.29166667000000   0.12500000000000   0.45833333000000
    14     Si     0.29166667000000   0.29166667000000   0.62500000000000
    15     Si     0.12500000000000   0.12500000000000   0.62500000000000
    16     Si     0.12500000000000   0.29166667000000   0.45833333000000
    17     Si     0.04166667000000   0.04166667000000   0.70833333000000
    18     Si     0.20833333000000   0.04166667000000   0.87500000000000
    19     Si     0.04166667000000   0.20833333000000   0.87500000000000
    20     Si     0.20833333000000   0.20833333000000   0.70833333000000
    21     Si     0.29166667000000   0.12500000000000   0.79166667000000
    22     Si     0.29166667000000   0.29166667000000   0.95833333000000
    23     Si     0.12500000000000   0.12500000000000   0.95833333000000
    24     Si     0.12500000000000   0.29166667000000   0.79166667000000
    25     Si     0.04166667000000   0.37500000000000   0.04166667000000
    26     Si     0.20833333000000   0.37500000000000   0.20833333000000
    27     Si     0.04166667000000   0.54166667000000   0.20833333000000
    28     Si     0.20833333000000   0.54166667000000   0.04166667000000
    29     Si     0.29166667000000   0.45833333000000   0.12500000000000
    30     Si     0.29166667000000   0.62500000000000   0.29166667000000
    31     Si     0.12500000000000   0.45833333000000   0.29166667000000
    32     Si     0.12500000000000   0.62500000000000   0.12500000000000
    33     Si     0.04166667000000   0.37500000000000   0.37500000000000
    34     Si     0.20833333000000   0.37500000000000   0.54166667000000
    35     Si     0.04166667000000   0.54166667000000   0.54166667000000
    36     Si     0.20833333000000   0.54166667000000   0.37500000000000
    37     Si     0.29166667000000   0.45833333000000   0.45833333000000
    38     Si     0.29166667000000   0.62500000000000   0.62500000000000
    39     Si     0.12500000000000   0.45833333000000   0.62500000000000
    40     Si     0.12500000000000   0.62500000000000   0.45833333000000
    41     Si     0.04166667000000   0.37500000000000   0.70833333000000
    42     Si     0.20833333000000   0.37500000000000   0.87500000000000
    43     Si     0.04166667000000   0.54166667000000   0.87500000000000
    44     Si     0.20833333000000   0.54166667000000   0.70833333000000
    45     Si     0.29166667000000   0.45833333000000   0.79166667000000
    46     Si     0.29166667000000   0.62500000000000   0.95833333000000
    47     Si     0.12500000000000   0.45833333000000   0.95833333000000
    48     Si     0.12500000000000   0.62500000000000   0.79166667000000
    49     Si     0.04166667000000   0.70833333000000   0.04166667000000
    50     Si     0.20833333000000   0.70833333000000   0.20833333000000
    51     Si     0.04166667000000   0.87500000000000   0.20833333000000
    52     Si     0.20833333000000   0.87500000000000   0.04166667000000
    53     Si     0.29166667000000   0.79166667000000   0.12500000000000
    54     Si     0.29166667000000   0.95833333000000   0.29166667000000
    55     Si     0.12500000000000   0.79166667000000   0.29166667000000
    56     Si     0.12500000000000   0.95833333000000   0.12500000000000
    57     Si     0.04166667000000   0.70833333000000   0.37500000000000
    58     Si     0.20833333000000   0.70833333000000   0.54166667000000
    59     Si     0.04166667000000   0.87500000000000   0.54166667000000
    60     Si     0.20833333000000   0.87500000000000   0.37500000000000
    61     Si     0.29166667000000   0.79166667000000   0.45833333000000
    62     Si     0.29166667000000   0.95833333000000   0.62500000000000
    63     Si     0.12500000000000   0.79166667000000   0.62500000000000
    64     Si     0.12500000000000   0.95833333000000   0.45833333000000
    65     Si     0.04166667000000   0.70833333000000   0.70833333000000
    66     Si     0.20833333000000   0.70833333000000   0.87500000000000
    67     Si     0.04166667000000   0.87500000000000   0.87500000000000
    68     Si     0.20833333000000   0.87500000000000   0.70833333000000
    69     Si     0.29166667000000   0.79166667000000   0.79166667000000
    70     Si     0.29166667000000   0.95833333000000   0.95833333000000
    71     Si     0.12500000000000   0.79166667000000   0.95833333000000
    72     Si     0.12500000000000   0.95833333000000   0.79166667000000
    73     Si     0.37500000000000   0.04166667000000   0.04166667000000
    74     Si     0.54166667000000   0.04166667000000   0.20833333000000
    75     Si     0.37500000000000   0.20833333000000   0.20833333000000
    76     Si     0.54166667000000   0.20833333000000   0.04166667000000
    77     Si     0.62500000000000   0.12500000000000   0.12500000000000
    78     Si     0.62500000000000   0.29166667000000   0.29166667000000
    79     Si     0.45833333000000   0.12500000000000   0.29166667000000
    80     Si     0.45833333000000   0.29166667000000   0.12500000000000
    81     Si     0.37500000000000   0.04166667000000   0.37500000000000
    82     Si     0.54166667000000   0.04166667000000   0.54166667000000
    83     Si     0.37500000000000   0.20833333000000   0.54166667000000
    84     Si     0.54166667000000   0.20833333000000   0.37500000000000
    85     Si     0.62500000000000   0.12500000000000   0.45833333000000
    86     Si     0.62500000000000   0.29166667000000   0.62500000000000
    87     Si     0.45833333000000   0.12500000000000   0.62500000000000
    88     Si     0.45833333000000   0.29166667000000   0.45833333000000
    89     Si     0.37500000000000   0.04166667000000   0.70833333000000
    90     Si     0.54166667000000   0.04166667000000   0.87500000000000
    91     Si     0.37500000000000   0.20833333000000   0.87500000000000
    92     Si     0.54166667000000   0.20833333000000   0.70833333000000
    93     Si     0.62500000000000   0.12500000000000   0.79166667000000
    94     Si     0.62500000000000   0.29166667000000   0.95833333000000
    95     Si     0.45833333000000   0.12500000000000   0.95833333000000
    96     Si     0.45833333000000   0.29166667000000   0.79166667000000
    97     Si     0.37500000000000   0.37500000000000   0.04166667000000
    98     Si     0.54166667000000   0.37500000000000   0.20833333000000
    99     Si     0.37500000000000   0.54166667000000   0.20833333000000
   100     Si     0.54166667000000   0.54166667000000   0.04166667000000
   101     Si     0.62500000000000   0.45833333000000   0.12500000000000
   102     Si     0.62500000000000   0.62500000000000   0.29166667000000
   103     Si     0.45833333000000   0.45833333000000   0.29166667000000
   104     Si     0.45833333000000   0.62500000000000   0.12500000000000
   105     Si     0.37500000000000   0.37500000000000   0.37500000000000
   106     Si     0.54166667000000   0.37500000000000   0.54166667000000
   107     Si     0.37500000000000   0.54166667000000   0.54166667000000
   108     Si     0.54166667000000   0.54166667000000   0.37500000000000
   109     Si     0.62500000000000   0.45833333000000   0.45833333000000
   110     Si     0.62500000000000   0.62500000000000   0.62500000000000
   111     Si     0.45833333000000   0.45833333000000   0.62500000000000
   112     Si     0.45833333000000   0.62500000000000   0.45833333000000
   113     Si     0.37500000000000   0.37500000000000   0.70833333000000
   114     Si     0.54166667000000   0.37500000000000   0.87500000000000
   115     Si     0.37500000000000   0.54166667000000   0.87500000000000
   116     Si     0.54166667000000   0.54166667000000   0.70833333000000
   117     Si     0.62500000000000   0.45833333000000   0.79166667000000
   118     Si     0.62500000000000   0.62500000000000   0.95833333000000
   119     Si     0.45833333000000   0.45833333000000   0.95833333000000
   120     Si     0.45833333000000   0.62500000000000   0.79166667000000
   121     Si     0.37500000000000   0.70833333000000   0.04166667000000
   122     Si     0.54166667000000   0.70833333000000   0.20833333000000
   123     Si     0.37500000000000   0.87500000000000   0.20833333000000
   124     Si     0.54166667000000   0.87500000000000   0.04166667000000
   125     Si     0.62500000000000   0.79166667000000   0.12500000000000
   126     Si     0.62500000000000   0.95833333000000   0.29166667000000
   127     Si     0.45833333000000   0.79166667000000   0.29166667000000
   128     Si     0.45833333000000   0.95833333000000   0.12500000000000
   129     Si     0.37500000000000   0.70833333000000   0.37500000000000
   130     Si     0.54166667000000   0.70833333000000   0.54166667000000
   131     Si     0.37500000000000   0.87500000000000   0.54166667000000
   132     Si     0.54166667000000   0.87500000000000   0.37500000000000
   133     Si     0.62500000000000   0.79166667000000   0.45833333000000
   134     Si     0.62500000000000   0.95833333000000   0.62500000000000
   135     Si     0.45833333000000   0.79166667000000   0.62500000000000
   136     Si     0.45833333000000   0.95833333000000   0.45833333000000
   137     Si     0.37500000000000   0.70833333000000   0.70833333000000
   138     Si     0.54166667000000   0.70833333000000   0.87500000000000
   139     Si     0.37500000000000   0.87500000000000   0.87500000000000
   140     Si     0.54166667000000   0.87500000000000   0.70833333000000
   141     Si     0.62500000000000   0.79166667000000   0.79166667000000
   142     Si     0.62500000000000   0.95833333000000   0.95833333000000
   143     Si     0.45833333000000   0.79166667000000   0.95833333000000
   144     Si     0.45833333000000   0.95833333000000   0.79166667000000
   145     Si     0.70833333000000   0.04166667000000   0.04166667000000
   146     Si     0.87500000000000   0.04166667000000   0.20833333000000
   147     Si     0.70833333000000   0.20833333000000   0.20833333000000
   148     Si     0.87500000000000   0.20833333000000   0.04166667000000
   149     Si     0.95833333000000   0.12500000000000   0.12500000000000
   150     Si     0.95833333000000   0.29166667000000   0.29166667000000
   151     Si     0.79166667000000   0.12500000000000   0.29166667000000
   152     Si     0.79166667000000   0.29166667000000   0.12500000000000
   153     Si     0.70833333000000   0.04166667000000   0.37500000000000
   154     Si     0.87500000000000   0.04166667000000   0.54166667000000
   155     Si     0.70833333000000   0.20833333000000   0.54166667000000
   156     Si     0.87500000000000   0.20833333000000   0.37500000000000
   157     Si     0.95833333000000   0.12500000000000   0.45833333000000
   158     Si     0.95833333000000   0.29166667000000   0.62500000000000
   159     Si     0.79166667000000   0.12500000000000   0.62500000000000
   160     Si     0.79166667000000   0.29166667000000   0.45833333000000
   161     Si     0.70833333000000   0.04166667000000   0.70833333000000
   162     Si     0.87500000000000   0.04166667000000   0.87500000000000
   163     Si     0.70833333000000   0.20833333000000   0.87500000000000
   164     Si     0.87500000000000   0.20833333000000   0.70833333000000
   165     Si     0.95833333000000   0.12500000000000   0.79166667000000
   166     Si     0.95833333000000   0.29166667000000   0.95833333000000
   167     Si     0.79166667000000   0.12500000000000   0.95833333000000
   168     Si     0.79166667000000   0.29166667000000   0.79166667000000
   169     Si     0.70833333000000   0.37500000000000   0.04166667000000
   170     Si     0.87500000000000   0.37500000000000   0.20833333000000
   171     Si     0.70833333000000   0.54166667000000   0.20833333000000
   172     Si     0.87500000000000   0.54166667000000   0.04166667000000
   173     Si     0.95833333000000   0.45833333000000   0.12500000000000
   174     Si     0.95833333000000   0.62500000000000   0.29166667000000
   175     Si     0.79166667000000   0.45833333000000   0.29166667000000
   176     Si     0.79166667000000   0.62500000000000   0.12500000000000
   177     Si     0.70833333000000   0.37500000000000   0.37500000000000
   178     Si     0.87500000000000   0.37500000000000   0.54166667000000
   179     Si     0.70833333000000   0.54166667000000   0.54166667000000
   180     Si     0.87500000000000   0.54166667000000   0.37500000000000
   181     Si     0.95833333000000   0.45833333000000   0.45833333000000
   182     Si     0.95833333000000   0.62500000000000   0.62500000000000
   183     Si     0.79166667000000   0.45833333000000   0.62500000000000
   184     Si     0.79166667000000   0.62500000000000   0.45833333000000
   185     Si     0.70833333000000   0.37500000000000   0.70833333000000
   186     Si     0.87500000000000   0.37500000000000   0.87500000000000
   187     Si     0.70833333000000   0.54166667000000   0.87500000000000
   188     Si     0.87500000000000   0.54166667000000   0.70833333000000
   189     Si     0.95833333000000   0.45833333000000   0.79166667000000
   190     Si     0.95833333000000   0.62500000000000   0.95833333000000
   191     Si     0.79166667000000   0.45833333000000   0.95833333000000
   192     Si     0.79166667000000   0.62500000000000   0.79166667000000
   193     Si     0.70833333000000   0.70833333000000   0.04166667000000
   194     Si     0.87500000000000   0.70833333000000   0.20833333000000
   195     Si     0.70833333000000   0.87500000000000   0.20833333000000
   196     Si     0.87500000000000   0.87500000000000   0.04166667000000
   197     Si     0.95833333000000   0.79166667000000   0.12500000000000
   198     Si     0.95833333000000   0.95833333000000   0.29166667000000
   199     Si     0.79166667000000   0.79166667000000   0.29166667000000
   200     Si     0.79166667000000   0.95833333000000   0.12500000000000
   201     Si     0.70833333000000   0.70833333000000   0.37500000000000
   202     Si     0.87500000000000   0.70833333000000   0.54166667000000
   203     Si     0.70833333000000   0.87500000000000   0.54166667000000
   204     Si     0.87500000000000   0.87500000000000   0.37500000000000
   205     Si     0.95833333000000   0.79166667000000   0.45833333000000
   206     Si     0.95833333000000   0.95833333000000   0.62500000000000
   207     Si     0.79166667000000   0.79166667000000   0.62500000000000
   208     Si     0.79166667000000   0.95833333000000   0.45833333000000
   209     Si     0.70833333000000   0.70833333000000   0.70833333000000
   210     Si     0.87500000000000   0.70833333000000   0.87500000000000
   211     Si     0.70833333000000   0.87500000000000   0.87500000000000
   212     Si     0.87500000000000   0.87500000000000   0.70833333000000
   213     Si     0.95833333000000   0.79166667000000   0.79166667000000
   214     Si     0.95833333000000   0.95833333000000   0.95833333000000
   215     Si     0.79166667000000   0.79166667000000   0.95833333000000
   216     Si     0.79166667000000   0.95833333000000   0.79166667000000

***********************************************************
***********************************************************
               Computational Time (second)                 
***********************************************************
***********************************************************

   Elapsed.Time.        53.203

                               Min_ID   Min_Time       Max_ID   Max_Time
   Total Computational Time =    49       51.642          0       53.203
   readfile                 =    86        3.112          2        3.132
   truncation               =     1        8.656         91        8.697
   MD_pac                   =     0        0.008         68        0.010
   OutData                  =    32       11.007          0       12.561
   HWF                      =     0        0.000          0        0.000
   DFT                      =    91       28.791          1       28.832

*** In DFT ***

   Set_OLP_Kin              =    87        0.290         43        0.503
   Set_Nonlocal             =    43        0.218         87        0.432
   Set_ProExpn_VNA          =    75        2.944         54        3.165
   Set_Hamiltonian          =    53        1.443         29        1.443
   Poisson                  =    77        0.019         50        0.019
   Diagonalization          =    36       12.130          1       12.260
   Mixing_DM                =    82        0.127         46        0.127
   Force                    =     4        3.339         53        3.339
   Total_Energy             =    76        0.186         50        0.195
   Set_Aden_Grid            =    14        0.542         24        0.585
   Set_Orbitals_Grid        =     1        0.223         82        0.429
   Set_Density_Grid         =    14        3.480         61        3.500
   RestartFileDFT           =    14        0.112         35        0.156
   Mulliken_Charge          =    75        0.094         23        0.094
   FFT(2D)_Density          =     1        0.145         11        0.176
   Others                   =    52        2.693         75        3.104
