***********************************************************
***********************************************************

  This calculation was performed by OpenMX Ver. 4.0 GPU
  using 16 MPI processes and 1 OpenMP threads.

  Fri Aug 21 09:46:27 2026

***********************************************************
***********************************************************

#
#  The file was generated by the OpenMX Viewer

#  Bravais lattice type: CUB
#  Reciprocal vector b1 (1/Ang):      1.15691      0.00000      0.00000 
#  Reciprocal vector b2 (1/Ang):      0.00000      1.15691      0.00000 
#  Reciprocal vector b3 (1/Ang):      0.00000      0.00000      1.15691 

#

System.CurrrentDirectory         ./
System.Name                     s5a_cnc_g11
level.of.stdout                   1
level.of.fileout                  1
DATA.PATH                       ../../DFT_DATA19

Species.Number                     1
<Definition.of.Atomic.Species
  Si    Si7.0-s2p2d1      Si_PBE19
Definition.of.Atomic.Species>

Atoms.Number                     216
Atoms.SpeciesAndCoordinates.Unit   FRAC
<Atoms.SpeciesAndCoordinates
     1   Si    0.04473547   0.04166667   0.04166667   2.0  2.0
     2   Si    0.20833333   0.04166667   0.20833333   2.0  2.0
     3   Si    0.04166667   0.20833333   0.20833333   2.0  2.0
     4   Si    0.20833333   0.20833333   0.04166667   2.0  2.0
     5   Si    0.29166667   0.12500000   0.12500000   2.0  2.0
     6   Si    0.29166667   0.29166667   0.29166667   2.0  2.0
     7   Si    0.12500000   0.12500000   0.29166667   2.0  2.0
     8   Si    0.12500000   0.29166667   0.12500000   2.0  2.0
     9   Si    0.04166667   0.04166667   0.37500000   2.0  2.0
    10   Si    0.20833333   0.04166667   0.54166667   2.0  2.0
    11   Si    0.04166667   0.20833333   0.54166667   2.0  2.0
    12   Si    0.20833333   0.20833333   0.37500000   2.0  2.0
    13   Si    0.29166667   0.12500000   0.45833333   2.0  2.0
    14   Si    0.29166667   0.29166667   0.62500000   2.0  2.0
    15   Si    0.12500000   0.12500000   0.62500000   2.0  2.0
    16   Si    0.12500000   0.29166667   0.45833333   2.0  2.0
    17   Si    0.04166667   0.04166667   0.70833333   2.0  2.0
    18   Si    0.20833333   0.04166667   0.87500000   2.0  2.0
    19   Si    0.04166667   0.20833333   0.87500000   2.0  2.0
    20   Si    0.20833333   0.20833333   0.70833333   2.0  2.0
    21   Si    0.29166667   0.12500000   0.79166667   2.0  2.0
    22   Si    0.29166667   0.29166667   0.95833333   2.0  2.0
    23   Si    0.12500000   0.12500000   0.95833333   2.0  2.0
    24   Si    0.12500000   0.29166667   0.79166667   2.0  2.0
    25   Si    0.04166667   0.37500000   0.04166667   2.0  2.0
    26   Si    0.20833333   0.37500000   0.20833333   2.0  2.0
    27   Si    0.04166667   0.54166667   0.20833333   2.0  2.0
    28   Si    0.20833333   0.54166667   0.04166667   2.0  2.0
    29   Si    0.29166667   0.45833333   0.12500000   2.0  2.0
    30   Si    0.29166667   0.62500000   0.29166667   2.0  2.0
    31   Si    0.12500000   0.45833333   0.29166667   2.0  2.0
    32   Si    0.12500000   0.62500000   0.12500000   2.0  2.0
    33   Si    0.04166667   0.37500000   0.37500000   2.0  2.0
    34   Si    0.20833333   0.37500000   0.54166667   2.0  2.0
    35   Si    0.04166667   0.54166667   0.54166667   2.0  2.0
    36   Si    0.20833333   0.54166667   0.37500000   2.0  2.0
    37   Si    0.29166667   0.45833333   0.45833333   2.0  2.0
    38   Si    0.29166667   0.62500000   0.62500000   2.0  2.0
    39   Si    0.12500000   0.45833333   0.62500000   2.0  2.0
    40   Si    0.12500000   0.62500000   0.45833333   2.0  2.0
    41   Si    0.04166667   0.37500000   0.70833333   2.0  2.0
    42   Si    0.20833333   0.37500000   0.87500000   2.0  2.0
    43   Si    0.04166667   0.54166667   0.87500000   2.0  2.0
    44   Si    0.20833333   0.54166667   0.70833333   2.0  2.0
    45   Si    0.29166667   0.45833333   0.79166667   2.0  2.0
    46   Si    0.29166667   0.62500000   0.95833333   2.0  2.0
    47   Si    0.12500000   0.45833333   0.95833333   2.0  2.0
    48   Si    0.12500000   0.62500000   0.79166667   2.0  2.0
    49   Si    0.04166667   0.70833333   0.04166667   2.0  2.0
    50   Si    0.20833333   0.70833333   0.20833333   2.0  2.0
    51   Si    0.04166667   0.87500000   0.20833333   2.0  2.0
    52   Si    0.20833333   0.87500000   0.04166667   2.0  2.0
    53   Si    0.29166667   0.79166667   0.12500000   2.0  2.0
    54   Si    0.29166667   0.95833333   0.29166667   2.0  2.0
    55   Si    0.12500000   0.79166667   0.29166667   2.0  2.0
    56   Si    0.12500000   0.95833333   0.12500000   2.0  2.0
    57   Si    0.04166667   0.70833333   0.37500000   2.0  2.0
    58   Si    0.20833333   0.70833333   0.54166667   2.0  2.0
    59   Si    0.04166667   0.87500000   0.54166667   2.0  2.0
    60   Si    0.20833333   0.87500000   0.37500000   2.0  2.0
    61   Si    0.29166667   0.79166667   0.45833333   2.0  2.0
    62   Si    0.29166667   0.95833333   0.62500000   2.0  2.0
    63   Si    0.12500000   0.79166667   0.62500000   2.0  2.0
    64   Si    0.12500000   0.95833333   0.45833333   2.0  2.0
    65   Si    0.04166667   0.70833333   0.70833333   2.0  2.0
    66   Si    0.20833333   0.70833333   0.87500000   2.0  2.0
    67   Si    0.04166667   0.87500000   0.87500000   2.0  2.0
    68   Si    0.20833333   0.87500000   0.70833333   2.0  2.0
    69   Si    0.29166667   0.79166667   0.79166667   2.0  2.0
    70   Si    0.29166667   0.95833333   0.95833333   2.0  2.0
    71   Si    0.12500000   0.79166667   0.95833333   2.0  2.0
    72   Si    0.12500000   0.95833333   0.79166667   2.0  2.0
    73   Si    0.37500000   0.04166667   0.04166667   2.0  2.0
    74   Si    0.54166667   0.04166667   0.20833333   2.0  2.0
    75   Si    0.37500000   0.20833333   0.20833333   2.0  2.0
    76   Si    0.54166667   0.20833333   0.04166667   2.0  2.0
    77   Si    0.62500000   0.12500000   0.12500000   2.0  2.0
    78   Si    0.62500000   0.29166667   0.29166667   2.0  2.0
    79   Si    0.45833333   0.12500000   0.29166667   2.0  2.0
    80   Si    0.45833333   0.29166667   0.12500000   2.0  2.0
    81   Si    0.37500000   0.04166667   0.37500000   2.0  2.0
    82   Si    0.54166667   0.04166667   0.54166667   2.0  2.0
    83   Si    0.37500000   0.20833333   0.54166667   2.0  2.0
    84   Si    0.54166667   0.20833333   0.37500000   2.0  2.0
    85   Si    0.62500000   0.12500000   0.45833333   2.0  2.0
    86   Si    0.62500000   0.29166667   0.62500000   2.0  2.0
    87   Si    0.45833333   0.12500000   0.62500000   2.0  2.0
    88   Si    0.45833333   0.29166667   0.45833333   2.0  2.0
    89   Si    0.37500000   0.04166667   0.70833333   2.0  2.0
    90   Si    0.54166667   0.04166667   0.87500000   2.0  2.0
    91   Si    0.37500000   0.20833333   0.87500000   2.0  2.0
    92   Si    0.54166667   0.20833333   0.70833333   2.0  2.0
    93   Si    0.62500000   0.12500000   0.79166667   2.0  2.0
    94   Si    0.62500000   0.29166667   0.95833333   2.0  2.0
    95   Si    0.45833333   0.12500000   0.95833333   2.0  2.0
    96   Si    0.45833333   0.29166667   0.79166667   2.0  2.0
    97   Si    0.37500000   0.37500000   0.04166667   2.0  2.0
    98   Si    0.54166667   0.37500000   0.20833333   2.0  2.0
    99   Si    0.37500000   0.54166667   0.20833333   2.0  2.0
   100   Si    0.54166667   0.54166667   0.04166667   2.0  2.0
   101   Si    0.62500000   0.45833333   0.12500000   2.0  2.0
   102   Si    0.62500000   0.62500000   0.29166667   2.0  2.0
   103   Si    0.45833333   0.45833333   0.29166667   2.0  2.0
   104   Si    0.45833333   0.62500000   0.12500000   2.0  2.0
   105   Si    0.37500000   0.37500000   0.37500000   2.0  2.0
   106   Si    0.54166667   0.37500000   0.54166667   2.0  2.0
   107   Si    0.37500000   0.54166667   0.54166667   2.0  2.0
   108   Si    0.54166667   0.54166667   0.37500000   2.0  2.0
   109   Si    0.62500000   0.45833333   0.45833333   2.0  2.0
   110   Si    0.62500000   0.62500000   0.62500000   2.0  2.0
   111   Si    0.45833333   0.45833333   0.62500000   2.0  2.0
   112   Si    0.45833333   0.62500000   0.45833333   2.0  2.0
   113   Si    0.37500000   0.37500000   0.70833333   2.0  2.0
   114   Si    0.54166667   0.37500000   0.87500000   2.0  2.0
   115   Si    0.37500000   0.54166667   0.87500000   2.0  2.0
   116   Si    0.54166667   0.54166667   0.70833333   2.0  2.0
   117   Si    0.62500000   0.45833333   0.79166667   2.0  2.0
   118   Si    0.62500000   0.62500000   0.95833333   2.0  2.0
   119   Si    0.45833333   0.45833333   0.95833333   2.0  2.0
   120   Si    0.45833333   0.62500000   0.79166667   2.0  2.0
   121   Si    0.37500000   0.70833333   0.04166667   2.0  2.0
   122   Si    0.54166667   0.70833333   0.20833333   2.0  2.0
   123   Si    0.37500000   0.87500000   0.20833333   2.0  2.0
   124   Si    0.54166667   0.87500000   0.04166667   2.0  2.0
   125   Si    0.62500000   0.79166667   0.12500000   2.0  2.0
   126   Si    0.62500000   0.95833333   0.29166667   2.0  2.0
   127   Si    0.45833333   0.79166667   0.29166667   2.0  2.0
   128   Si    0.45833333   0.95833333   0.12500000   2.0  2.0
   129   Si    0.37500000   0.70833333   0.37500000   2.0  2.0
   130   Si    0.54166667   0.70833333   0.54166667   2.0  2.0
   131   Si    0.37500000   0.87500000   0.54166667   2.0  2.0
   132   Si    0.54166667   0.87500000   0.37500000   2.0  2.0
   133   Si    0.62500000   0.79166667   0.45833333   2.0  2.0
   134   Si    0.62500000   0.95833333   0.62500000   2.0  2.0
   135   Si    0.45833333   0.79166667   0.62500000   2.0  2.0
   136   Si    0.45833333   0.95833333   0.45833333   2.0  2.0
   137   Si    0.37500000   0.70833333   0.70833333   2.0  2.0
   138   Si    0.54166667   0.70833333   0.87500000   2.0  2.0
   139   Si    0.37500000   0.87500000   0.87500000   2.0  2.0
   140   Si    0.54166667   0.87500000   0.70833333   2.0  2.0
   141   Si    0.62500000   0.79166667   0.79166667   2.0  2.0
   142   Si    0.62500000   0.95833333   0.95833333   2.0  2.0
   143   Si    0.45833333   0.79166667   0.95833333   2.0  2.0
   144   Si    0.45833333   0.95833333   0.79166667   2.0  2.0
   145   Si    0.70833333   0.04166667   0.04166667   2.0  2.0
   146   Si    0.87500000   0.04166667   0.20833333   2.0  2.0
   147   Si    0.70833333   0.20833333   0.20833333   2.0  2.0
   148   Si    0.87500000   0.20833333   0.04166667   2.0  2.0
   149   Si    0.95833333   0.12500000   0.12500000   2.0  2.0
   150   Si    0.95833333   0.29166667   0.29166667   2.0  2.0
   151   Si    0.79166667   0.12500000   0.29166667   2.0  2.0
   152   Si    0.79166667   0.29166667   0.12500000   2.0  2.0
   153   Si    0.70833333   0.04166667   0.37500000   2.0  2.0
   154   Si    0.87500000   0.04166667   0.54166667   2.0  2.0
   155   Si    0.70833333   0.20833333   0.54166667   2.0  2.0
   156   Si    0.87500000   0.20833333   0.37500000   2.0  2.0
   157   Si    0.95833333   0.12500000   0.45833333   2.0  2.0
   158   Si    0.95833333   0.29166667   0.62500000   2.0  2.0
   159   Si    0.79166667   0.12500000   0.62500000   2.0  2.0
   160   Si    0.79166667   0.29166667   0.45833333   2.0  2.0
   161   Si    0.70833333   0.04166667   0.70833333   2.0  2.0
   162   Si    0.87500000   0.04166667   0.87500000   2.0  2.0
   163   Si    0.70833333   0.20833333   0.87500000   2.0  2.0
   164   Si    0.87500000   0.20833333   0.70833333   2.0  2.0
   165   Si    0.95833333   0.12500000   0.79166667   2.0  2.0
   166   Si    0.95833333   0.29166667   0.95833333   2.0  2.0
   167   Si    0.79166667   0.12500000   0.95833333   2.0  2.0
   168   Si    0.79166667   0.29166667   0.79166667   2.0  2.0
   169   Si    0.70833333   0.37500000   0.04166667   2.0  2.0
   170   Si    0.87500000   0.37500000   0.20833333   2.0  2.0
   171   Si    0.70833333   0.54166667   0.20833333   2.0  2.0
   172   Si    0.87500000   0.54166667   0.04166667   2.0  2.0
   173   Si    0.95833333   0.45833333   0.12500000   2.0  2.0
   174   Si    0.95833333   0.62500000   0.29166667   2.0  2.0
   175   Si    0.79166667   0.45833333   0.29166667   2.0  2.0
   176   Si    0.79166667   0.62500000   0.12500000   2.0  2.0
   177   Si    0.70833333   0.37500000   0.37500000   2.0  2.0
   178   Si    0.87500000   0.37500000   0.54166667   2.0  2.0
   179   Si    0.70833333   0.54166667   0.54166667   2.0  2.0
   180   Si    0.87500000   0.54166667   0.37500000   2.0  2.0
   181   Si    0.95833333   0.45833333   0.45833333   2.0  2.0
   182   Si    0.95833333   0.62500000   0.62500000   2.0  2.0
   183   Si    0.79166667   0.45833333   0.62500000   2.0  2.0
   184   Si    0.79166667   0.62500000   0.45833333   2.0  2.0
   185   Si    0.70833333   0.37500000   0.70833333   2.0  2.0
   186   Si    0.87500000   0.37500000   0.87500000   2.0  2.0
   187   Si    0.70833333   0.54166667   0.87500000   2.0  2.0
   188   Si    0.87500000   0.54166667   0.70833333   2.0  2.0
   189   Si    0.95833333   0.45833333   0.79166667   2.0  2.0
   190   Si    0.95833333   0.62500000   0.95833333   2.0  2.0
   191   Si    0.79166667   0.45833333   0.95833333   2.0  2.0
   192   Si    0.79166667   0.62500000   0.79166667   2.0  2.0
   193   Si    0.70833333   0.70833333   0.04166667   2.0  2.0
   194   Si    0.87500000   0.70833333   0.20833333   2.0  2.0
   195   Si    0.70833333   0.87500000   0.20833333   2.0  2.0
   196   Si    0.87500000   0.87500000   0.04166667   2.0  2.0
   197   Si    0.95833333   0.79166667   0.12500000   2.0  2.0
   198   Si    0.95833333   0.95833333   0.29166667   2.0  2.0
   199   Si    0.79166667   0.79166667   0.29166667   2.0  2.0
   200   Si    0.79166667   0.95833333   0.12500000   2.0  2.0
   201   Si    0.70833333   0.70833333   0.37500000   2.0  2.0
   202   Si    0.87500000   0.70833333   0.54166667   2.0  2.0
   203   Si    0.70833333   0.87500000   0.54166667   2.0  2.0
   204   Si    0.87500000   0.87500000   0.37500000   2.0  2.0
   205   Si    0.95833333   0.79166667   0.45833333   2.0  2.0
   206   Si    0.95833333   0.95833333   0.62500000   2.0  2.0
   207   Si    0.79166667   0.79166667   0.62500000   2.0  2.0
   208   Si    0.79166667   0.95833333   0.45833333   2.0  2.0
   209   Si    0.70833333   0.70833333   0.70833333   2.0  2.0
   210   Si    0.87500000   0.70833333   0.87500000   2.0  2.0
   211   Si    0.70833333   0.87500000   0.87500000   2.0  2.0
   212   Si    0.87500000   0.87500000   0.70833333   2.0  2.0
   213   Si    0.95833333   0.79166667   0.79166667   2.0  2.0
   214   Si    0.95833333   0.95833333   0.95833333   2.0  2.0
   215   Si    0.79166667   0.79166667   0.95833333   2.0  2.0
   216   Si    0.79166667   0.95833333   0.79166667   2.0  2.0
Atoms.SpeciesAndCoordinates>

Atoms.UnitVectors.Unit             Ang
<Atoms.UnitVectors
     16.2930000     0.0000000     0.0000000
      0.0000000    16.2930000     0.0000000
      0.0000000     0.0000000    16.2930000
Atoms.UnitVectors>

#
# SCF or Electronic System
#

scf.XcType                  GGA-PBE        # LDA|LSDA-CA|LSDA-PW|GGA-PBE
scf.SpinPolarization        NC        # On|Off|NC
scf.ElectronicTemperature  300.0       # default=300 (K)
scf.energycutoff           200.0       # default=150 (Ry)
scf.maxIter                 60          # converge, do not truncate
scf.EigenvalueSolver       cluster     # DC|GDC|Cluster|Band
scf.Kgrid                  1 1 1       # Gamma-only for the cluster solver
scf.Mixing.Type           rmm-diisk    # Simple|Rmm-Diis|Gr-Pulay|Kerker|Rmm-Diisk
scf.Init.Mixing.Weight     0.30        # default=0.30 
scf.Min.Mixing.Weight      0.001       # default=0.001 
scf.Max.Mixing.Weight      0.700       # default=0.40 
scf.Mixing.History          7          # default=5
scf.Mixing.StartPulay       5          # default=6
scf.criterion             1.0e-13      # convergence run
scf.eigen.lib             gpusolver

#
# MD or Geometry Optimization
#

MD.Type                      Opt      # Nomd|Opt|NVE|NVT_VS|NVT_NH
MD.maxIter                    1        # default=1
MD.TimeStep                   1        # default=0.5 (fs)
MD.Opt.criterion         1.0e-5        # default=1.0e-4 (Hartree/bohr)

#
# Band dispersion 
#

Band.dispersion              off        # on|off, default=off
<Band.KPath.UnitCell
3.56  0.00  0.00
0.00  3.56  0.00
0.00  0.00  3.56
Band.KPath.UnitCell>

# if <Band.KPath.UnitCell does not exist,
#     the reciprical lattice vector is employed. 
Band.Nkpath                5
<Band.kpath                
   25  0.0 0.0 0.0   1.0 0.0 0.0   g X
   25  1.0 0.0 0.0   1.0 0.5 0.0   X W
   25  1.0 0.5 0.0   0.5 0.5 0.5   W L
   25  0.5 0.5 0.5   0.0 0.0 0.0   L g
   25  0.0 0.0 0.0   1.0 0.0 0.0   g X 
Band.kpath>

#
# MO output
#

MO.fileout                       off    # on|off
num.HOMOs                         1    # default=2
num.LUMOs                         1    # default=2
MO.Nkpoint                        2    # default=1 
<MO.kpoint
  0.0  0.0  0.0
  0.0  0.0  0.2
MO.kpoint>

#
# DOS and PDOS
#

Dos.fileout                   off        # on|off, default=off
#Dos.Erange              -25.0  20.0    # default = -20 20 
#Dos.Kgrid                12 12 12      # default = Kgrid1 Kgrid2 Kgrid3
#FermiSurfer.fileout          off       



***********************************************************
***********************************************************

  Required cutoff energy (Ryd) for 3D-grids = 200.0000
      Used cutoff energy (Ryd) for 3D-grids = 204.0591, 204.0591, 204.0591
  Num. of grids of a-, b-, and c-axes = 140, 140, 140

  Num.Grid1.   140
  Num.Grid2.   140
  Num.Grid3.   140


  Cell_Volume =  29187.686966108606 (Bohr^3)
  GridVol     =      0.010636912160 (Bohr^3)
  Cell vectors (bohr) of the grid cell (gtv)
    gtv_a =  0.219923610942,  0.000000000000,  0.000000000000
    gtv_b =  0.000000000000,  0.219923610942,  0.000000000000
    gtv_c =  0.000000000000,  0.000000000000,  0.219923610942
    |gtv_a| =  0.219923610942
    |gtv_b| =  0.219923610942
    |gtv_c| =  0.219923610942

***********************************************************
***********************************************************


***********************************************************
***********************************************************
                  SCF history at MD= 1                    
***********************************************************
***********************************************************

   SCF=   1  NormRD=  1.000000000000  Uele= -248.069588200212
   SCF=   2  NormRD=  9.938464149602  Uele= -248.069588200212
   SCF=   3  NormRD=  9.908901364709  Uele= -248.119998777744
   SCF=   4  NormRD=  4.961196402168  Uele= -256.096811201417
   SCF=   5  NormRD=  0.971413723126  Uele= -259.973066475136
   SCF=   6  NormRD=  0.019478494153  Uele= -260.742768001430
   SCF=   7  NormRD=  0.009235900122  Uele= -260.722912915924
   SCF=   8  NormRD=  0.013221017966  Uele= -260.724506835180
   SCF=   9  NormRD=  0.003909644572  Uele= -260.724341164137
   SCF=  10  NormRD=  0.003595854565  Uele= -260.722555964582
   SCF=  11  NormRD=  0.001202530757  Uele= -260.721033934486
   SCF=  12  NormRD=  0.000269653687  Uele= -260.720918815501
   SCF=  13  NormRD=  0.000263927211  Uele= -260.720783599142
   SCF=  14  NormRD=  0.000128899109  Uele= -260.720731018967
   SCF=  15  NormRD=  0.000139184680  Uele= -260.720729416770
   SCF=  16  NormRD=  0.000033213014  Uele= -260.720738781074
   SCF=  17  NormRD=  0.000037336842  Uele= -260.720735134222
   SCF=  18  NormRD=  0.000014749395  Uele= -260.720734021006
   SCF=  19  NormRD=  0.000010878747  Uele= -260.720733634462
   SCF=  20  NormRD=  0.000002792527  Uele= -260.720733570841
   SCF=  21  NormRD=  0.000001784957  Uele= -260.720733331061
   SCF=  22  NormRD=  0.000002582183  Uele= -260.720733201499
   SCF=  23  NormRD=  0.000001902073  Uele= -260.720733193541
   SCF=  24  NormRD=  0.000000994954  Uele= -260.720733188121
   SCF=  25  NormRD=  0.000000711623  Uele= -260.720733184637
   SCF=  26  NormRD=  0.000000630194  Uele= -260.720733181194
   SCF=  27  NormRD=  0.000000559960  Uele= -260.720733181427
   SCF=  28  NormRD=  0.000000692353  Uele= -260.720733185331
   SCF=  29  NormRD=  0.000000262608  Uele= -260.720733186353
   SCF=  30  NormRD=  0.000000081798  Uele= -260.720733185834
   SCF=  31  NormRD=  0.000000164523  Uele= -260.720733185724
   SCF=  32  NormRD=  0.000000160365  Uele= -260.720733185792
   SCF=  33  NormRD=  0.000000117575  Uele= -260.720733185367
   SCF=  34  NormRD=  0.000000082322  Uele= -260.720733185139
   SCF=  35  NormRD=  0.000000047835  Uele= -260.720733185101
   SCF=  36  NormRD=  0.000000026463  Uele= -260.720733185289
   SCF=  37  NormRD=  0.000000020051  Uele= -260.720733185294
   SCF=  38  NormRD=  0.000000029472  Uele= -260.720733185279
   SCF=  39  NormRD=  0.000000014353  Uele= -260.720733185311
   SCF=  40  NormRD=  0.000000011321  Uele= -260.720733185322
   SCF=  41  NormRD=  0.000000005869  Uele= -260.720733185302
   SCF=  42  NormRD=  0.000000010737  Uele= -260.720733185282
   SCF=  43  NormRD=  0.000000007926  Uele= -260.720733185276
   SCF=  44  NormRD=  0.000000007814  Uele= -260.720733185316
   SCF=  45  NormRD=  0.000000002878  Uele= -260.720733185300
   SCF=  46  NormRD=  0.000000001201  Uele= -260.720733185296
   SCF=  47  NormRD=  0.000000001915  Uele= -260.720733185298
   SCF=  48  NormRD=  0.000000002658  Uele= -260.720733185300
   SCF=  49  NormRD=  0.000000001381  Uele= -260.720733185296
   SCF=  50  NormRD=  0.000000001020  Uele= -260.720733185295
   SCF=  51  NormRD=  0.000000000648  Uele= -260.720733185296
   SCF=  52  NormRD=  0.000000000446  Uele= -260.720733185297
   SCF=  53  NormRD=  0.000000000489  Uele= -260.720733185298
   SCF=  54  NormRD=  0.000000000427  Uele= -260.720733185297
   SCF=  55  NormRD=  0.000000000204  Uele= -260.720733185297
   SCF=  56  NormRD=  0.000000000214  Uele= -260.720733185297
   SCF=  57  NormRD=  0.000000000117  Uele= -260.720733185297
   SCF=  58  NormRD=  0.000000000201  Uele= -260.720733185297
   SCF=  59  NormRD=  0.000000000154  Uele= -260.720733185297
   SCF=  60  NormRD=  0.000000000164  Uele= -260.720733185298

*******************************************************
        Total energy (Hartree) at MD = 1        
*******************************************************

  Uele.       -260.720733185298

  Ukin.        328.508220081904
  UH0.      -15767.674440125642
  UH1.           3.367123760232
  Una.        -365.567554736498
  Unl.         133.995629295159
  Uxc0.       -153.405504669352
  Uxc1.       -153.405504669352
  Ucore.     15086.873065869964
  Uhub.          0.000000000000
  Ucs.           0.000000000000
  Uzs.           0.000000000000
  Uzo.           0.000000000000
  Uef.           0.000000000000
  UvdW.          0.000000000000
  Uch.           0.000000000000
  Utot.       -887.308965193584

  UpV.           0.000000000000
  Enpy.       -887.308965193584
  Note:

  Utot = Ukin+UH0+UH1+Una+Unl+Uxc0+Uxc1+Ucore+Uhub+Ucs+Uzs+Uzo+Uef+UvdW+Uch

  Uele:   band energy
  Ukin:   kinetic energy
  UH0:    electric part of screened Coulomb energy
  UH1:    difference electron-electron Coulomb energy
  Una:    neutral atom potential energy
  Unl:    non-local potential energy
  Uxc0:   exchange-correlation energy for alpha spin
  Uxc1:   exchange-correlation energy for beta spin
  Ucore:  core-core Coulomb energy
  Uhub:   LDA+U energy
  Ucs:    constraint energy for spin orientation
  Uzs:    Zeeman term for spin magnetic moment
  Uzo:    Zeeman term for orbital magnetic moment
  Uef:    electric energy by electric field
  UvdW:   semi-empirical vdW energy
  Uch:    penalty term to create a core hole

  UpV:    pressure times volume
  Enpy:   Enthalpy = Utot + UpV
  (see also PRB 72, 045121(2005) for the energy contributions)



  Chemical potential (Hartree)      -0.101319539239

***********************************************************
***********************************************************
      Eigenvalues (Hartree) for non-collinear KS-eq.       
***********************************************************
***********************************************************

   Chemical Potential (Hartree) =  -0.10131953923886
   Number of States             = 864.00000000000045
   HOMO = 864
   Eigenvalues

          1  -0.55477106343070
          2  -0.55477106343070
          3  -0.53743181267182
          4  -0.53743181267182
          5  -0.53737814600474
          6  -0.53737814600474
          7  -0.53734694598413
          8  -0.53734694598413
          9  -0.53734665380729
         10  -0.53734665380729
         11  -0.53731621398587
         12  -0.53731621398587
         13  -0.53727386024085
         14  -0.53727386024085
         15  -0.52048685130798
         16  -0.52048685130798
         17  -0.52034465180539
         18  -0.52034465180539
         19  -0.52028748918623
         20  -0.52028748918623
         21  -0.52028621618734
         22  -0.52028621618734
         23  -0.52028285359910
         24  -0.52028285359910
         25  -0.52028172971628
         26  -0.52028172971628
         27  -0.52027738191170
         28  -0.52027738191170
         29  -0.52027683659062
         30  -0.52027683659062
         31  -0.52027326288961
         32  -0.52027326288961
         33  -0.52027199281826
         34  -0.52027199281826
         35  -0.52021652597666
         36  -0.52021652597666
         37  -0.52009481067015
         38  -0.52009481067015
         39  -0.50477521337724
         40  -0.50477521337724
         41  -0.50466498266979
         42  -0.50466498266979
         43  -0.50464015649071
         44  -0.50464015649071
         45  -0.50463119195929
         46  -0.50463119195929
         47  -0.50462050921880
         48  -0.50462050921880
         49  -0.50461216808804
         50  -0.50461216808804
         51  -0.50458883535598
         52  -0.50458883535598
         53  -0.50448873031576
         54  -0.50448873031576
         55  -0.48556446474805
         56  -0.48556446474805
         57  -0.48547836698503
         58  -0.48547836698503
         59  -0.48544509164437
         60  -0.48544509164437
         61  -0.48544461333703
         62  -0.48544461333703
         63  -0.48541335409520
         64  -0.48541335409520
         65  -0.48533975027853
         66  -0.48533975027853
         67  -0.47174895048817
         68  -0.47174895048817
         69  -0.47143089727162
         70  -0.47143089727162
         71  -0.47130269036668
         72  -0.47130269036668
         73  -0.47130264372999
         74  -0.47130264372999
         75  -0.47127823269273
         76  -0.47127823269273
         77  -0.47127777413945
         78  -0.47127777413945
         79  -0.47127608582401
         80  -0.47127608582401
         81  -0.47127006362677
         82  -0.47127006362677
         83  -0.47126946678441
         84  -0.47126946678441
         85  -0.47126510301763
         86  -0.47126510301763
         87  -0.47126353831795
         88  -0.47126353831795
         89  -0.47126131950383
         90  -0.47126131950383
         91  -0.47126041585755
         92  -0.47126041585755
         93  -0.47125819535841
         94  -0.47125819535841
         95  -0.47125661950682
         96  -0.47125661950682
         97  -0.47125228104467
         98  -0.47125228104466
         99  -0.47125208675411
        100  -0.47125208675411
        101  -0.47124606907229
        102  -0.47124606907229
        103  -0.47124454957260
        104  -0.47124454957260
        105  -0.47124384791025
        106  -0.47124384791025
        107  -0.47122067712595
        108  -0.47122067712595
        109  -0.47122024066912
        110  -0.47122024066912
        111  -0.47110407854879
        112  -0.47110407854879
        113  -0.47083494051060
        114  -0.47083494051060
        115  -0.46424980073616
        116  -0.46424980073616
        117  -0.46403279431879
        118  -0.46403279431879
        119  -0.46390715514567
        120  -0.46390715514567
        121  -0.46388526467111
        122  -0.46388526467111
        123  -0.46387517113380
        124  -0.46387517113380
        125  -0.46387470264769
        126  -0.46387470264769
        127  -0.46386931137769
        128  -0.46386931137769
        129  -0.46386744517484
        130  -0.46386744517484
        131  -0.46386473500194
        132  -0.46386473500194
        133  -0.46386351523805
        134  -0.46386351523805
        135  -0.46386294915680
        136  -0.46386294915680
        137  -0.46386236983663
        138  -0.46386236983663
        139  -0.46386106650680
        140  -0.46386106650680
        141  -0.46386010607892
        142  -0.46386010607892
        143  -0.46385967764047
        144  -0.46385967764047
        145  -0.46385834049761
        146  -0.46385834049761
        147  -0.46385627763119
        148  -0.46385627763119
        149  -0.46385439851592
        150  -0.46385439851592
        151  -0.46384866073807
        152  -0.46384866073807
        153  -0.46384865650615
        154  -0.46384865650615
        155  -0.46383842708701
        156  -0.46383842708701
        157  -0.46381626261303
        158  -0.46381626261303
        159  -0.46369384857609
        160  -0.46369384857609
        161  -0.46343935140943
        162  -0.46343935140943
        163  -0.43571462819480
        164  -0.43571462819480
        165  -0.43561117498765
        166  -0.43561117498765
        167  -0.43553280728500
        168  -0.43553280728500
        169  -0.43552973417492
        170  -0.43552973417492
        171  -0.43551742472301
        172  -0.43551742472301
        173  -0.43551447727311
        174  -0.43551447727311
        175  -0.43549729141782
        176  -0.43549729141782
        177  -0.43549468348080
        178  -0.43549468348080
        179  -0.43548272577606
        180  -0.43548272577606
        181  -0.43547922544057
        182  -0.43547922544057
        183  -0.43540561313952
        184  -0.43540561313952
        185  -0.43529601032725
        186  -0.43529601032725
        187  -0.40336718834024
        188  -0.40336718834024
        189  -0.40330637018173
        190  -0.40330637018173
        191  -0.40324707353459
        192  -0.40324707353459
        193  -0.40324684859798
        194  -0.40324684859798
        195  -0.40319544268915
        196  -0.40319544268915
        197  -0.40314629017962
        198  -0.40314629017962
        199  -0.39921434609564
        200  -0.39921434609564
        201  -0.39903529851058
        202  -0.39903529851058
        203  -0.39883310021655
        204  -0.39883310021655
        205  -0.39882150418978
        206  -0.39882150418978
        207  -0.39881470409999
        208  -0.39881470409999
        209  -0.39880812907637
        210  -0.39880812907637
        211  -0.39880387513014
        212  -0.39880387513014
        213  -0.39880183662680
        214  -0.39880183662680
        215  -0.39880180938304
        216  -0.39880180938304
        217  -0.39879944747189
        218  -0.39879944747189
        219  -0.39879908495742
        220  -0.39879908495742
        221  -0.39879902321559
        222  -0.39879902321559
        223  -0.39879823915754
        224  -0.39879823915754
        225  -0.39879810248927
        226  -0.39879810248927
        227  -0.39879738402937
        228  -0.39879738402937
        229  -0.39879586539427
        230  -0.39879586539427
        231  -0.39879513335513
        232  -0.39879513335512
        233  -0.39879335100524
        234  -0.39879335100524
        235  -0.39878914649022
        236  -0.39878914649022
        237  -0.39878276994210
        238  -0.39878276994210
        239  -0.39877577158577
        240  -0.39877577158577
        241  -0.39876468994283
        242  -0.39876468994283
        243  -0.39856999867443
        244  -0.39856999867443
        245  -0.39836274648395
        246  -0.39836274648395
        247  -0.36499086241242
        248  -0.36499086241242
        249  -0.36490510181316
        250  -0.36490510181316
        251  -0.36479706390257
        252  -0.36479706390257
        253  -0.36479331332046
        254  -0.36479331332046
        255  -0.36478683934457
        256  -0.36478683934457
        257  -0.36478618466688
        258  -0.36478618466688
        259  -0.36475469959012
        260  -0.36475469959012
        261  -0.36475446836294
        262  -0.36475446836294
        263  -0.36474798082114
        264  -0.36474798082114
        265  -0.36474432782886
        266  -0.36474432782886
        267  -0.36464811563192
        268  -0.36464811563192
        269  -0.36457121285151
        270  -0.36457121285151
        271  -0.35912926837294
        272  -0.35912926837294
        273  -0.35890905557870
        274  -0.35890905557870
        275  -0.35876938352325
        276  -0.35876938352325
        277  -0.35874878227687
        278  -0.35874878227687
        279  -0.35874816038340
        280  -0.35874816038340
        281  -0.35874127064854
        282  -0.35874127064854
        283  -0.35873709497377
        284  -0.35873709497377
        285  -0.35873300108868
        286  -0.35873300108868
        287  -0.35872787396580
        288  -0.35872787396580
        289  -0.35872759392344
        290  -0.35872759392344
        291  -0.35872550206556
        292  -0.35872550206556
        293  -0.35872513689601
        294  -0.35872513689601
        295  -0.35872307341269
        296  -0.35872307341269
        297  -0.35872277139155
        298  -0.35872277139155
        299  -0.35872074261099
        300  -0.35872074261099
        301  -0.35872012595396
        302  -0.35872012595396
        303  -0.35871540350438
        304  -0.35871540350438
        305  -0.35871070661249
        306  -0.35871070661249
        307  -0.35870723676235
        308  -0.35870723676235
        309  -0.35870050913410
        310  -0.35870050913410
        311  -0.35869956724624
        312  -0.35869956724624
        313  -0.35868012064678
        314  -0.35868012064678
        315  -0.35853578099155
        316  -0.35853578099155
        317  -0.35828181241374
        318  -0.35828181241374
        319  -0.32375444986946
        320  -0.32375444986946
        321  -0.32375360689602
        322  -0.32375360689602
        323  -0.32346072362811
        324  -0.32346072362811
        325  -0.32345623260987
        326  -0.32345623260987
        327  -0.32344290106982
        328  -0.32344290106982
        329  -0.32343923769161
        330  -0.32343923769161
        331  -0.32343891128428
        332  -0.32343891128428
        333  -0.32343807726157
        334  -0.32343807726157
        335  -0.32343222505863
        336  -0.32343222505863
        337  -0.32343136880124
        338  -0.32343136880124
        339  -0.32342689630798
        340  -0.32342689630798
        341  -0.32342689316212
        342  -0.32342689316212
        343  -0.32342370812131
        344  -0.32342370812131
        345  -0.32342352825853
        346  -0.32342352825853
        347  -0.32341946551040
        348  -0.32341946551040
        349  -0.32341852384308
        350  -0.32341852384308
        351  -0.32341262656555
        352  -0.32341262656555
        353  -0.32341165224431
        354  -0.32341165224431
        355  -0.32341137251296
        356  -0.32341137251296
        357  -0.32340834798665
        358  -0.32340834798665
        359  -0.32339392064129
        360  -0.32339392064129
        361  -0.32338941300424
        362  -0.32338941300424
        363  -0.32311343390165
        364  -0.32311343390165
        365  -0.32308277569705
        366  -0.32308277569705
        367  -0.31205778150405
        368  -0.31205778150405
        369  -0.31204534834724
        370  -0.31204534834724
        371  -0.31199018757190
        372  -0.31199018757190
        373  -0.31196334406227
        374  -0.31196334406227
        375  -0.31195722395710
        376  -0.31195722395710
        377  -0.31193129922104
        378  -0.31193129922104
        379  -0.31187510293909
        380  -0.31187510293909
        381  -0.31185422929864
        382  -0.31185422929864
        383  -0.30024887054572
        384  -0.30024887054572
        385  -0.30023415342520
        386  -0.30023415342520
        387  -0.30015983523863
        388  -0.30015983523863
        389  -0.30015951206039
        390  -0.30015951206039
        391  -0.30007835296477
        392  -0.30007835296477
        393  -0.30007135425698
        394  -0.30007135425698
        395  -0.27813759826428
        396  -0.27813759826428
        397  -0.27802318556053
        398  -0.27802318556052
        399  -0.27801606070315
        400  -0.27801606070315
        401  -0.27800748522266
        402  -0.27800748522266
        403  -0.27800555527506
        404  -0.27800555527506
        405  -0.27800006132185
        406  -0.27800006132185
        407  -0.27797594710374
        408  -0.27797594710374
        409  -0.27797098000522
        410  -0.27797098000522
        411  -0.27796930881770
        412  -0.27796930881770
        413  -0.27795997239996
        414  -0.27795997239996
        415  -0.27795471470914
        416  -0.27795471470914
        417  -0.27784126750618
        418  -0.27784126750618
        419  -0.25272863798060
        420  -0.25272863798060
        421  -0.25262948945068
        422  -0.25262948945068
        423  -0.25252390643750
        424  -0.25252390643750
        425  -0.25252364524790
        426  -0.25252364524790
        427  -0.25251763930115
        428  -0.25251763930115
        429  -0.25251277340673
        430  -0.25251277340673
        431  -0.25251099722844
        432  -0.25251099722844
        433  -0.25250562974434
        434  -0.25250562974434
        435  -0.25250513906551
        436  -0.25250513906551
        437  -0.25249971543683
        438  -0.25249971543683
        439  -0.25241875147951
        440  -0.25241875147951
        441  -0.25234466361532
        442  -0.25234466361532
        443  -0.24997012985799
        444  -0.24997012985799
        445  -0.24984235813546
        446  -0.24984235813546
        447  -0.24979941342066
        448  -0.24979941342066
        449  -0.24978002415828
        450  -0.24978002415828
        451  -0.24975430678481
        452  -0.24975430678481
        453  -0.24975160971087
        454  -0.24975160971087
        455  -0.24974553096887
        456  -0.24974553096887
        457  -0.24974106895409
        458  -0.24974106895409
        459  -0.24973898330732
        460  -0.24973898330732
        461  -0.24973861518746
        462  -0.24973861518746
        463  -0.24973779208368
        464  -0.24973779208368
        465  -0.24973666080957
        466  -0.24973666080957
        467  -0.24973437551943
        468  -0.24973437551943
        469  -0.24973341354597
        470  -0.24973341354597
        471  -0.24973258725469
        472  -0.24973258725469
        473  -0.24973226286585
        474  -0.24973226286585
        475  -0.24972999675500
        476  -0.24972999675500
        477  -0.24972611626387
        478  -0.24972611626387
        479  -0.24971995576483
        480  -0.24971995576483
        481  -0.24971858671227
        482  -0.24971858671227
        483  -0.24969273876234
        484  -0.24969273876234
        485  -0.24967602678693
        486  -0.24967602678693
        487  -0.24962587265340
        488  -0.24962587265340
        489  -0.24951487744321
        490  -0.24951487744321
        491  -0.24707262193580
        492  -0.24707262193580
        493  -0.24706862194288
        494  -0.24706862194288
        495  -0.24701993739306
        496  -0.24701993739306
        497  -0.24693260193453
        498  -0.24693260193453
        499  -0.24691699272112
        500  -0.24691699272112
        501  -0.24691325682627
        502  -0.24691325682627
        503  -0.24690979710107
        504  -0.24690979710107
        505  -0.24690686653987
        506  -0.24690686653987
        507  -0.24690527027740
        508  -0.24690527027740
        509  -0.24690514837271
        510  -0.24690514837271
        511  -0.24690175837815
        512  -0.24690175837815
        513  -0.24689904334810
        514  -0.24689904334810
        515  -0.24689584648783
        516  -0.24689584648783
        517  -0.24689162700074
        518  -0.24689162700074
        519  -0.24688985266633
        520  -0.24688985266633
        521  -0.24688975162294
        522  -0.24688975162294
        523  -0.24688792096592
        524  -0.24688792096592
        525  -0.24688464047221
        526  -0.24688464047221
        527  -0.24688122131334
        528  -0.24688122131334
        529  -0.24687697291128
        530  -0.24687697291128
        531  -0.24686146201029
        532  -0.24686146201029
        533  -0.24676799323786
        534  -0.24676799323786
        535  -0.24670126708279
        536  -0.24670126708279
        537  -0.24668131926917
        538  -0.24668131926917
        539  -0.22061985694742
        540  -0.22061985694742
        541  -0.22056955439286
        542  -0.22056955439286
        543  -0.22056590008834
        544  -0.22056590008834
        545  -0.22056354245368
        546  -0.22056354245368
        547  -0.22055785278897
        548  -0.22055785278897
        549  -0.22051892265452
        550  -0.22051892265452
        551  -0.21802595616391
        552  -0.21802595616391
        553  -0.21795970731641
        554  -0.21795970731641
        555  -0.21783131350350
        556  -0.21783131350350
        557  -0.21778984865004
        558  -0.21778984865004
        559  -0.21777143415897
        560  -0.21777143415897
        561  -0.21776353700257
        562  -0.21776353700256
        563  -0.21776275644059
        564  -0.21776275644059
        565  -0.21775860591561
        566  -0.21775860591561
        567  -0.21775529869225
        568  -0.21775529869225
        569  -0.21775439497993
        570  -0.21775439497993
        571  -0.21775425083953
        572  -0.21775425083953
        573  -0.21775325346746
        574  -0.21775325346746
        575  -0.21775000859568
        576  -0.21775000859568
        577  -0.21774931160506
        578  -0.21774931160506
        579  -0.21774869017647
        580  -0.21774869017647
        581  -0.21774767609349
        582  -0.21774767609349
        583  -0.21774455379350
        584  -0.21774455379350
        585  -0.21774033012594
        586  -0.21774033012594
        587  -0.21773925630033
        588  -0.21773925630033
        589  -0.21772991595028
        590  -0.21772991595028
        591  -0.21771490175682
        592  -0.21771490175681
        593  -0.21767336822437
        594  -0.21767336822437
        595  -0.21753629437966
        596  -0.21753629437966
        597  -0.21749258655975
        598  -0.21749258655975
        599  -0.20478519820562
        600  -0.20478519820562
        601  -0.20461542966820
        602  -0.20461542966820
        603  -0.20458278856157
        604  -0.20458278856157
        605  -0.20458249570370
        606  -0.20458249570370
        607  -0.20457681857980
        608  -0.20457681857980
        609  -0.20457164083550
        610  -0.20457164083550
        611  -0.20457027583781
        612  -0.20457027583781
        613  -0.20457004291592
        614  -0.20457004291592
        615  -0.20456448815903
        616  -0.20456448815903
        617  -0.20455747066556
        618  -0.20455747066556
        619  -0.20454251288169
        620  -0.20454251288169
        621  -0.20447923476746
        622  -0.20447923476746
        623  -0.20429061477774
        624  -0.20429061477774
        625  -0.20424855134355
        626  -0.20424855134355
        627  -0.20423276574957
        628  -0.20423276574957
        629  -0.20419066883951
        630  -0.20419066883951
        631  -0.20418426417058
        632  -0.20418426417058
        633  -0.20418416418062
        634  -0.20418416418062
        635  -0.20417750620345
        636  -0.20417750620345
        637  -0.20417645729387
        638  -0.20417645729387
        639  -0.20416965909725
        640  -0.20416965909725
        641  -0.20412492890278
        642  -0.20412492890278
        643  -0.20409712806142
        644  -0.20409712806142
        645  -0.20399209748682
        646  -0.20399209748682
        647  -0.20020209214839
        648  -0.20020209214839
        649  -0.20015802311523
        650  -0.20015802311523
        651  -0.19999540195135
        652  -0.19999540195135
        653  -0.19998347132636
        654  -0.19998347132636
        655  -0.19997447487419
        656  -0.19997447487419
        657  -0.19995808595301
        658  -0.19995808595301
        659  -0.19995260691718
        660  -0.19995260691718
        661  -0.19995237445802
        662  -0.19995237445802
        663  -0.19995091445658
        664  -0.19995091445658
        665  -0.19995003844442
        666  -0.19995003844442
        667  -0.19994708605019
        668  -0.19994708605019
        669  -0.19994343247976
        670  -0.19994343247976
        671  -0.19993935897797
        672  -0.19993935897797
        673  -0.19993639702090
        674  -0.19993639702090
        675  -0.19993272236102
        676  -0.19993272236102
        677  -0.19993222389556
        678  -0.19993222389556
        679  -0.19993064552240
        680  -0.19993064552240
        681  -0.19992916161772
        682  -0.19992916161772
        683  -0.19992484767931
        684  -0.19992484767931
        685  -0.19990725674927
        686  -0.19990725674927
        687  -0.19990118918286
        688  -0.19990118918286
        689  -0.19988733701834
        690  -0.19988733701834
        691  -0.19970295545281
        692  -0.19970295545281
        693  -0.19966051310266
        694  -0.19966051310266
        695  -0.19349125713676
        696  -0.19349125713676
        697  -0.19343358722522
        698  -0.19343358722522
        699  -0.19338680646104
        700  -0.19338680646104
        701  -0.19337075501122
        702  -0.19337075501122
        703  -0.19336969329344
        704  -0.19336969329344
        705  -0.19336419421755
        706  -0.19336419421755
        707  -0.19335172074715
        708  -0.19335172074715
        709  -0.19334599383522
        710  -0.19334599383522
        711  -0.19334523413902
        712  -0.19334523413902
        713  -0.19332983178772
        714  -0.19332983178772
        715  -0.19327078466877
        716  -0.19327078466877
        717  -0.19322473766852
        718  -0.19322473766852
        719  -0.19058826382236
        720  -0.19058826382236
        721  -0.19049168468042
        722  -0.19049168468042
        723  -0.19047179948951
        724  -0.19047179948951
        725  -0.19047149055176
        726  -0.19047149055176
        727  -0.19044101948099
        728  -0.19044101948099
        729  -0.19033548170476
        730  -0.19033548170476
        731  -0.18136877132942
        732  -0.18136877132942
        733  -0.18118235218057
        734  -0.18118235218057
        735  -0.18108226253447
        736  -0.18108226253447
        737  -0.18107748443770
        738  -0.18107748443770
        739  -0.18107273457022
        740  -0.18107273457022
        741  -0.18105463223252
        742  -0.18105463223252
        743  -0.18105421016926
        744  -0.18105421016926
        745  -0.18104436526751
        746  -0.18104436526751
        747  -0.18104335243504
        748  -0.18104335243504
        749  -0.18104313246658
        750  -0.18104313246658
        751  -0.18103964562055
        752  -0.18103964562055
        753  -0.18103940436084
        754  -0.18103940436084
        755  -0.18103276216507
        756  -0.18103276216507
        757  -0.18103234859377
        758  -0.18103234859377
        759  -0.18102890770713
        760  -0.18102890770713
        761  -0.18102862622820
        762  -0.18102862622820
        763  -0.18102690349209
        764  -0.18102690349209
        765  -0.18101830662905
        766  -0.18101830662905
        767  -0.18101783469336
        768  -0.18101783469336
        769  -0.18100066291238
        770  -0.18100066291238
        771  -0.18099335661023
        772  -0.18099335661023
        773  -0.18099154259492
        774  -0.18099154259492
        775  -0.18086857632912
        776  -0.18086857632912
        777  -0.18067421869643
        778  -0.18067421869643
        779  -0.15980447678446
        780  -0.15980447678446
        781  -0.15962379532715
        782  -0.15962379532715
        783  -0.15959413853444
        784  -0.15959413853444
        785  -0.15958563728856
        786  -0.15958563728856
        787  -0.15957882899308
        788  -0.15957882899308
        789  -0.15957880796773
        790  -0.15957880796773
        791  -0.15957853582926
        792  -0.15957853582926
        793  -0.15957179078042
        794  -0.15957179078042
        795  -0.15957168509278
        796  -0.15957168509278
        797  -0.15956243248421
        798  -0.15956243248421
        799  -0.15953424605413
        800  -0.15953424605413
        801  -0.15935503138128
        802  -0.15935503138128
        803  -0.15275703675700
        804  -0.15275703675700
        805  -0.15250455485491
        806  -0.15250455485491
        807  -0.15247970604768
        808  -0.15247970604768
        809  -0.15247541711525
        810  -0.15247541711525
        811  -0.15246880511214
        812  -0.15246880511214
        813  -0.15246172789870
        814  -0.15246172789870
        815  -0.15245760250733
        816  -0.15245760250733
        817  -0.15245299182817
        818  -0.15245299182817
        819  -0.15245032217973
        820  -0.15245032217973
        821  -0.15244645653039
        822  -0.15244645653039
        823  -0.15244029510853
        824  -0.15244029510853
        825  -0.15243502898427
        826  -0.15243502898427
        827  -0.15243016260576
        828  -0.15243016260576
        829  -0.15242538948071
        830  -0.15242538948071
        831  -0.15238902184721
        832  -0.15238902184721
        833  -0.15211180986961
        834  -0.15211180986961
        835  -0.13655706487402
        836  -0.13655706487402
        837  -0.13636259455097
        838  -0.13636259455097
        839  -0.13632505221370
        840  -0.13632505221370
        841  -0.13632253526976
        842  -0.13632253526976
        843  -0.13630473162324
        844  -0.13630473162324
        845  -0.13630196416127
        846  -0.13630196416127
        847  -0.13629991065079
        848  -0.13629991065079
        849  -0.13629724664454
        850  -0.13629724664453
        851  -0.13628053133195
        852  -0.13628053133195
        853  -0.13627684464906
        854  -0.13627684464906
        855  -0.13622791812220
        856  -0.13622791812220
        857  -0.13601572269482
        858  -0.13601572269482
        859  -0.11586484347620
        860  -0.11586484347620
        861  -0.11578339122576
        862  -0.11578339122576
        863  -0.11569770070683
        864  -0.11569770070683
        865  -0.08586066016511
        866  -0.08586066016511
        867  -0.08584322081793
        868  -0.08584322081793
        869  -0.08575975192592
        870  -0.08575975192592
        871  -0.08575966752141
        872  -0.08575966752141
        873  -0.08570442387452
        874  -0.08570442387452
        875  -0.08569158973882
        876  -0.08569158973882
        877  -0.08531923007707
        878  -0.08531923007707
        879  -0.08529224210990
        880  -0.08529224210990
        881  -0.08524303436532
        882  -0.08524303436532
        883  -0.08524238262544
        884  -0.08524238262544
        885  -0.08518083499824
        886  -0.08518083499824
        887  -0.08514703083553
        888  -0.08514703083553
        889  -0.05302527209355
        890  -0.05302527209355
        891  -0.05299452160763
        892  -0.05299452160763
        893  -0.05285957428185
        894  -0.05285957428185
        895  -0.05285646645131
        896  -0.05285646645131
        897  -0.05285130058672
        898  -0.05285130058672
        899  -0.05285046307194
        900  -0.05285046307194
        901  -0.05284636898906
        902  -0.05284636898906
        903  -0.05284461459666
        904  -0.05284461459666
        905  -0.05283867859837
        906  -0.05283867859837
        907  -0.05283748087843
        908  -0.05283748087843
        909  -0.05272901322244
        910  -0.05272901322244
        911  -0.05269835611539
        912  -0.05269835611539
        913  -0.04919159585800
        914  -0.04919159585800
        915  -0.04916167809658
        916  -0.04916167809658
        917  -0.04910157516577
        918  -0.04910157516577
        919  -0.04910134627413
        920  -0.04910134627413
        921  -0.04904556953345
        922  -0.04904556953345
        923  -0.04901589662111
        924  -0.04901589662111
        925  -0.04446522558297
        926  -0.04446522558297
        927  -0.04444998173185
        928  -0.04444998173185
        929  -0.04442131244842
        930  -0.04442131244842
        931  -0.04439954183027
        932  -0.04439954183027
        933  -0.04439648004951
        934  -0.04439648004951
        935  -0.04437256243564
        936  -0.04437256243564
        937  -0.04435240002559
        938  -0.04435240002558
        939  -0.04433220991134
        940  -0.04433220991134
        941  -0.03429472749920
        942  -0.03429472749920
        943  -0.03428379028663
        944  -0.03428379028663
        945  -0.03402329550585
        946  -0.03402329550585
        947  -0.03400469352331
        948  -0.03400469352331
        949  -0.03399899508944
        950  -0.03399899508944
        951  -0.03399477122932
        952  -0.03399477122932
        953  -0.03399306708513
        954  -0.03399306708513
        955  -0.03399165684241
        956  -0.03399165684241
        957  -0.03398911573480
        958  -0.03398911573480
        959  -0.03398549568088
        960  -0.03398549568088
        961  -0.03398262823031
        962  -0.03398262823031
        963  -0.03397968403780
        964  -0.03397968403780
        965  -0.03397395205377
        966  -0.03397395205377
        967  -0.03397068326377
        968  -0.03397068326377
        969  -0.03396776662028
        970  -0.03396776662028
        971  -0.03396576565468
        972  -0.03396576565468
        973  -0.03396336308691
        974  -0.03396336308691
        975  -0.03396024181020
        976  -0.03396024181020
        977  -0.03395858205481
        978  -0.03395858205481
        979  -0.03395355126160
        980  -0.03395355126160
        981  -0.03394921741601
        982  -0.03394921741601
        983  -0.03393167023029
        984  -0.03393167023029
        985  -0.03369841433689
        986  -0.03369841433689
        987  -0.03368766003196
        988  -0.03368766003196
        989  -0.02864712059755
        990  -0.02864712059755
        991  -0.02859817657663
        992  -0.02859817657663
        993  -0.02856181118982
        994  -0.02856181118982
        995  -0.02855912426378
        996  -0.02855912426378
        997  -0.02851516940137
        998  -0.02851516940137
        999  -0.02846821413689
       1000  -0.02846821413689
       1001  -0.01957797359174
       1002  -0.01957797359174
       1003  -0.01952754256519
       1004  -0.01952754256519
       1005  -0.01947693331959
       1006  -0.01947693331959
       1007  -0.00684980635368
       1008  -0.00684980635368
       1009  -0.00677079851763
       1010  -0.00677079851763
       1011  -0.00664688556982
       1012  -0.00664688556982
       1013  -0.00657412732172
       1014  -0.00657412732172
       1015  -0.00652200724195
       1016  -0.00652200724195
       1017  -0.00650668446722
       1018  -0.00650668446722
       1019  -0.00649734493245
       1020  -0.00649734493245
       1021  -0.00649450856731
       1022  -0.00649450856731
       1023  -0.00649106734224
       1024  -0.00649106734224
       1025  -0.00648945815582
       1026  -0.00648945815582
       1027  -0.00648852971146
       1028  -0.00648852971146
       1029  -0.00648833752172
       1030  -0.00648833752172
       1031  -0.00648808009447
       1032  -0.00648808009447
       1033  -0.00648783195240
       1034  -0.00648783195240
       1035  -0.00648679487469
       1036  -0.00648679487469
       1037  -0.00648583059421
       1038  -0.00648583059421
       1039  -0.00648159503831
       1040  -0.00648159503831
       1041  -0.00647897007549
       1042  -0.00647897007549
       1043  -0.00647015064977
       1044  -0.00647015064977
       1045  -0.00645660532365
       1046  -0.00645660532365
       1047  -0.00640830725783
       1048  -0.00640830725783
       1049  -0.00635987258004
       1050  -0.00635987258004
       1051  -0.00630933794662
       1052  -0.00630933794662
       1053  -0.00625195793395
       1054  -0.00625195793395
       1055  -0.00508371198702
       1056  -0.00508371198702
       1057  -0.00504837677072
       1058  -0.00504837677072
       1059  -0.00497218998580
       1060  -0.00497218998580
       1061  -0.00488810250747
       1062  -0.00488810250747
       1063  -0.00485399436976
       1064  -0.00485399436976
       1065  -0.00484946050257
       1066  -0.00484946050257
       1067  -0.00484379657101
       1068  -0.00484379657101
       1069  -0.00483928928931
       1070  -0.00483928928930
       1071  -0.00483767501312
       1072  -0.00483767501312
       1073  -0.00483540220359
       1074  -0.00483540220359
       1075  -0.00483516247851
       1076  -0.00483516247851
       1077  -0.00483485082926
       1078  -0.00483485082926
       1079  -0.00483115169588
       1080  -0.00483115169588
       1081  -0.00483093905646
       1082  -0.00483093905646
       1083  -0.00483076887366
       1084  -0.00483076887366
       1085  -0.00482831890299
       1086  -0.00482831890299
       1087  -0.00482626826388
       1088  -0.00482626826388
       1089  -0.00482172956556
       1090  -0.00482172956556
       1091  -0.00481538359754
       1092  -0.00481538359754
       1093  -0.00481026908479
       1094  -0.00481026908479
       1095  -0.00477187545335
       1096  -0.00477187545334
       1097  -0.00467481974154
       1098  -0.00467481974154
       1099  -0.00456695961437
       1100  -0.00456695961437
       1101  -0.00450718808320
       1102  -0.00450718808320
       1103   0.00075337776617
       1104   0.00075337776618
       1105   0.00078784775355
       1106   0.00078784775355
       1107   0.00086955361594
       1108   0.00086955361594
       1109   0.00087012419260
       1110   0.00087012419260
       1111   0.00087571547473
       1112   0.00087571547473
       1113   0.00087993695667
       1114   0.00087993695667
       1115   0.00090052756468
       1116   0.00090052756468
       1117   0.00090477199866
       1118   0.00090477199866
       1119   0.00090890790378
       1120   0.00090890790378
       1121   0.00091017845633
       1122   0.00091017845633
       1123   0.00100411985801
       1124   0.00100411985801
       1125   0.00104487677602
       1126   0.00104487677602
       1127   0.01830910925732
       1128   0.01830910925732
       1129   0.01834678146570
       1130   0.01834678146570
       1131   0.01856964246412
       1132   0.01856964246412
       1133   0.01857949061141
       1134   0.01857949061141
       1135   0.01859269639211
       1136   0.01859269639212
       1137   0.01859521735504
       1138   0.01859521735504
       1139   0.01859733503313
       1140   0.01859733503313
       1141   0.01860287019294
       1142   0.01860287019294
       1143   0.01860487211816
       1144   0.01860487211816
       1145   0.01860750981496
       1146   0.01860750981496
       1147   0.01861346164793
       1148   0.01861346164793
       1149   0.01861683977414
       1150   0.01861683977414
       1151   0.01862627091505
       1152   0.01862627091505
       1153   0.01863448278925
       1154   0.01863448278925
       1155   0.01877364321724
       1156   0.01877364321724
       1157   0.01881298960989
       1158   0.01881298960989
       1159   0.01936997415470
       1160   0.01936997415470
       1161   0.01944152484628
       1162   0.01944152484629
       1163   0.01947926549458
       1164   0.01947926549458
       1165   0.01949458687686
       1166   0.01949458687686
       1167   0.01952029885214
       1168   0.01952029885214
       1169   0.01952169266000
       1170   0.01952169266000
       1171   0.01952328573516
       1172   0.01952328573516
       1173   0.01952489657877
       1174   0.01952489657877
       1175   0.01955447301511
       1176   0.01955447301511
       1177   0.01956309441690
       1178   0.01956309441690
       1179   0.01967966871714
       1180   0.01967966871714
       1181   0.01975785063205
       1182   0.01975785063205
       1183   0.03010173362926
       1184   0.03010173362926
       1185   0.03239064126711
       1186   0.03239064126711
       1187   0.03248332898853
       1188   0.03248332898853
       1189   0.03248594415319
       1190   0.03248594415319
       1191   0.03257109454185
       1192   0.03257109454185
       1193   0.03257142936955
       1194   0.03257142936955
       1195   0.03257579916432
       1196   0.03257579916432
       1197   0.03257743742074
       1198   0.03257743742074
       1199   0.03258216257780
       1200   0.03258216257780
       1201   0.03258631537112
       1202   0.03258631537112
       1203   0.03264416784600
       1204   0.03264416784600
       1205   0.03265973357622
       1206   0.03265973357622
       1207   0.03274191933221
       1208   0.03274191933221
       1209   0.03761758704568
       1210   0.03761758704568
       1211   0.03774893487227
       1212   0.03774893487227
       1213   0.03779680135018
       1214   0.03779680135019
       1215   0.03784596549959
       1216   0.03784596549959
       1217   0.03787188447459
       1218   0.03787188447459
       1219   0.03793203888896
       1220   0.03793203888896
       1221   0.03793403259337
       1222   0.03793403259337
       1223   0.03794008010030
       1224   0.03794008010030
       1225   0.03794339386381
       1226   0.03794339386381
       1227   0.03794542371843
       1228   0.03794542371843
       1229   0.03794575855984
       1230   0.03794575855984
       1231   0.03794977755632
       1232   0.03794977755632
       1233   0.03795366776503
       1234   0.03795366776503
       1235   0.03795712361902
       1236   0.03795712361902
       1237   0.03795828023422
       1238   0.03795828023422
       1239   0.03796064976360
       1240   0.03796064976360
       1241   0.03796278688119
       1242   0.03796278688119
       1243   0.03797036294776
       1244   0.03797036294776
       1245   0.03797181757238
       1246   0.03797181757238
       1247   0.03802713137483
       1248   0.03802713137483
       1249   0.03805481415018
       1250   0.03805481415018
       1251   0.03808064649777
       1252   0.03808064649777
       1253   0.03814697130479
       1254   0.03814697130479
       1255   0.03825331957634
       1256   0.03825331957634
       1257   0.04342736284594
       1258   0.04342736284594
       1259   0.04343335185583
       1260   0.04343335185583
       1261   0.04345040942598
       1262   0.04345040942598
       1263   0.04354919950435
       1264   0.04354919950435
       1265   0.04360313401450
       1266   0.04360313401450
       1267   0.04363488867028
       1268   0.04363488867028
       1269   0.04364085299062
       1270   0.04364085299062
       1271   0.04364092555148
       1272   0.04364092555148
       1273   0.04364504416408
       1274   0.04364504416408
       1275   0.04364532934017
       1276   0.04364532934017
       1277   0.04364953800259
       1278   0.04364953800259
       1279   0.04365026190216
       1280   0.04365026190216
       1281   0.04365517132757
       1282   0.04365517132757
       1283   0.04365535440836
       1284   0.04365535440836
       1285   0.04365906996591
       1286   0.04365906996591
       1287   0.04365940959585
       1288   0.04365940959585
       1289   0.04366413645853
       1290   0.04366413645853
       1291   0.04366471796824
       1292   0.04366471796824
       1293   0.04366982734955
       1294   0.04366982734955
       1295   0.04370023150316
       1296   0.04370023150316
       1297   0.04375090767937
       1298   0.04375090767937
       1299   0.04384800947239
       1300   0.04384800947239
       1301   0.04386908153994
       1302   0.04386908153994
       1303   0.04387000652393
       1304   0.04387000652393
       1305   0.04700501029407
       1306   0.04700501029407
       1307   0.04704039705380
       1308   0.04704039705380
       1309   0.04714251637912
       1310   0.04714251637912
       1311   0.04714252523702
       1312   0.04714252523702
       1313   0.04714839686156
       1314   0.04714839686156
       1315   0.04715084694546
       1316   0.04715084694546
       1317   0.04715179556075
       1318   0.04715179556075
       1319   0.04715187060838
       1320   0.04715187060838
       1321   0.04715512236902
       1322   0.04715512236902
       1323   0.04716162402363
       1324   0.04716162402363
       1325   0.04727208225862
       1326   0.04727208225862
       1327   0.04728679126179
       1328   0.04728679126179
       1329   0.04879402287684
       1330   0.04879402287684
       1331   0.04880364781432
       1332   0.04880364781432
       1333   0.04895149325772
       1334   0.04895149325772
       1335   0.04897112527449
       1336   0.04897112527449
       1337   0.04897946641189
       1338   0.04897946641189
       1339   0.04901510167243
       1340   0.04901510167243
       1341   0.04902650547405
       1342   0.04902650547405
       1343   0.04902936171604
       1344   0.04902936171604
       1345   0.04903383358381
       1346   0.04903383358381
       1347   0.04903447892566
       1348   0.04903447892566
       1349   0.04903531363691
       1350   0.04903531363691
       1351   0.04904150747699
       1352   0.04904150747699
       1353   0.04904508710183
       1354   0.04904508710183
       1355   0.04904974065686
       1356   0.04904974065686
       1357   0.04905081052424
       1358   0.04905081052424
       1359   0.04905154130747
       1360   0.04905154130747
       1361   0.04905601178553
       1362   0.04905601178553
       1363   0.04905945572036
       1364   0.04905945572036
       1365   0.04907117217842
       1366   0.04907117217842
       1367   0.04911072674798
       1368   0.04911072674798
       1369   0.04912493517242
       1370   0.04912493517242
       1371   0.04913364475140
       1372   0.04913364475140
       1373   0.04934778037022
       1374   0.04934778037022
       1375   0.04936993455951
       1376   0.04936993455951
       1377   0.06098323020911
       1378   0.06098323020911
       1379   0.06098574319411
       1380   0.06098574319411
       1381   0.06114906962968
       1382   0.06114906962968
       1383   0.06115112334942
       1384   0.06115112334942
       1385   0.06124703692403
       1386   0.06124703692403
       1387   0.06124867734737
       1388   0.06124867734737
       1389   0.06125009737900
       1390   0.06125009737900
       1391   0.06125397095409
       1392   0.06125397095409
       1393   0.06125397849013
       1394   0.06125397849013
       1395   0.06125789961795
       1396   0.06125789961795
       1397   0.06125846923485
       1398   0.06125846923485
       1399   0.06126013050001
       1400   0.06126013050001
       1401   0.06126136431868
       1402   0.06126136431868
       1403   0.06126204657967
       1404   0.06126204657967
       1405   0.06126215773462
       1406   0.06126215773462
       1407   0.06126590571481
       1408   0.06126590571481
       1409   0.06126870313398
       1410   0.06126870313398
       1411   0.06127045446906
       1412   0.06127045446906
       1413   0.06127165458661
       1414   0.06127165458661
       1415   0.06127314382712
       1416   0.06127314382712
       1417   0.06137022079207
       1418   0.06137022079207
       1419   0.06137140456881
       1420   0.06137140456881
       1421   0.06157264828404
       1422   0.06157264828404
       1423   0.06158069475104
       1424   0.06158069475104
       1425   0.06585692037054
       1426   0.06585692037054
       1427   0.06589110257670
       1428   0.06589110257670
       1429   0.06590310291517
       1430   0.06590310291517
       1431   0.06590993821817
       1432   0.06590993821817
       1433   0.06592690824668
       1434   0.06592690824668
       1435   0.06595378355374
       1436   0.06595378355374
       1437   0.10850151057981
       1438   0.10850151057981
       1439   0.10859612226589
       1440   0.10859612226589
       1441   0.10862498071633
       1442   0.10862498071633
       1443   0.10865113426343
       1444   0.10865113426343
       1445   0.10865217737305
       1446   0.10865217737305
       1447   0.10867029282424
       1448   0.10867029282424
       1449   0.10867448560293
       1450   0.10867448560293
       1451   0.10868799236598
       1452   0.10868799236598
       1453   0.10869279184312
       1454   0.10869279184312
       1455   0.10871163712802
       1456   0.10871163712802
       1457   0.10874341437843
       1458   0.10874341437843
       1459   0.10883777349610
       1460   0.10883777349610
       1461   0.11648099913992
       1462   0.11648099913992
       1463   0.11654769398782
       1464   0.11654769398782
       1465   0.11655474051260
       1466   0.11655474051260
       1467   0.11659135514038
       1468   0.11659135514038
       1469   0.11661233419753
       1470   0.11661233419753
       1471   0.11661412941819
       1472   0.11661412941819
       1473   0.11661786431198
       1474   0.11661786431198
       1475   0.11661913575825
       1476   0.11661913575825
       1477   0.11663884918097
       1478   0.11663884918097
       1479   0.11667041147429
       1480   0.11667041147429
       1481   0.11668036152889
       1482   0.11668036152889
       1483   0.11673202644750
       1484   0.11673202644750
       1485   0.13229409959085
       1486   0.13229409959085
       1487   0.13234866509826
       1488   0.13234866509826
       1489   0.13241328602441
       1490   0.13241328602441
       1491   0.13244024207401
       1492   0.13244024207401
       1493   0.13248307419835
       1494   0.13248307419835
       1495   0.13248712220291
       1496   0.13248712220291
       1497   0.13249372634531
       1498   0.13249372634532
       1499   0.13249807657468
       1500   0.13249807657468
       1501   0.13252896610855
       1502   0.13252896610855
       1503   0.13256048509259
       1504   0.13256048509259
       1505   0.13261474113829
       1506   0.13261474113829
       1507   0.13266666101542
       1508   0.13266666101542
       1509   0.13894882855868
       1510   0.13894882855868
       1511   0.13899223731594
       1512   0.13899223731594
       1513   0.13906180465034
       1514   0.13906180465034
       1515   0.13910500373559
       1516   0.13910500373559
       1517   0.13910972813891
       1518   0.13910972813891
       1519   0.13922230505177
       1520   0.13922230505177
       1521   0.13922576572992
       1522   0.13922576572992
       1523   0.13923134492789
       1524   0.13923134492789
       1525   0.13923785249281
       1526   0.13923785249281
       1527   0.13923900337320
       1528   0.13923900337320
       1529   0.13923914227277
       1530   0.13923914227277
       1531   0.13924277935697
       1532   0.13924277935697
       1533   0.13924432704988
       1534   0.13924432704988
       1535   0.13924743605079
       1536   0.13924743605079
       1537   0.13924793723183
       1538   0.13924793723183
       1539   0.13924933785952
       1540   0.13924933785952
       1541   0.13925758252335
       1542   0.13925758252335
       1543   0.13926111334506
       1544   0.13926111334506
       1545   0.13926468131202
       1546   0.13926468131202
       1547   0.13934826856870
       1548   0.13934826856870
       1549   0.13935811205138
       1550   0.13935811205138
       1551   0.13939007478096
       1552   0.13939007478096
       1553   0.13942606232270
       1554   0.13942606232270
       1555   0.13949340597885
       1556   0.13949340597885
       1557   0.14053830024050
       1558   0.14053830024050
       1559   0.14055911733647
       1560   0.14055911733647
       1561   0.14057907323485
       1562   0.14057907323485
       1563   0.14059102280346
       1564   0.14059102280346
       1565   0.14061227891615
       1566   0.14061227891615
       1567   0.14062001975221
       1568   0.14062001975221
       1569   0.14062056573774
       1570   0.14062056573774
       1571   0.14062795688343
       1572   0.14062795688343
       1573   0.14066832791992
       1574   0.14066832791992
       1575   0.14067888698352
       1576   0.14067888698352
       1577   0.14070187058081
       1578   0.14070187058081
       1579   0.14072117323194
       1580   0.14072117323194
       1581   0.14674325941502
       1582   0.14674325941502
       1583   0.14676752771853
       1584   0.14676752771853
       1585   0.14680790092403
       1586   0.14680790092403
       1587   0.14688417058683
       1588   0.14688417058683
       1589   0.14689764913367
       1590   0.14689764913367
       1591   0.14699366635786
       1592   0.14699366635786
       1593   0.14699711811094
       1594   0.14699711811094
       1595   0.14699820236895
       1596   0.14699820236895
       1597   0.14699840439686
       1598   0.14699840439686
       1599   0.14700017666883
       1600   0.14700017666883
       1601   0.14700166650915
       1602   0.14700166650915
       1603   0.14700202933589
       1604   0.14700202933589
       1605   0.14700559745811
       1606   0.14700559745811
       1607   0.14700652308403
       1608   0.14700652308403
       1609   0.14700805481496
       1610   0.14700805481496
       1611   0.14700996288056
       1612   0.14700996288056
       1613   0.14701032215321
       1614   0.14701032215321
       1615   0.14701115895284
       1616   0.14701115895284
       1617   0.14701479699397
       1618   0.14701479699397
       1619   0.14710016434767
       1620   0.14710016434767
       1621   0.14712557632780
       1622   0.14712557632780
       1623   0.14716099374947
       1624   0.14716099374947
       1625   0.14723117806078
       1626   0.14723117806078
       1627   0.14725699574191
       1628   0.14725699574191
       1629   0.14988709588408
       1630   0.14988709588408
       1631   0.14996821762755
       1632   0.14996821762755
       1633   0.15006236714335
       1634   0.15006236714335
       1635   0.15012727408179
       1636   0.15012727408179
       1637   0.15013831673553
       1638   0.15013831673553
       1639   0.15014613620471
       1640   0.15014613620471
       1641   0.15015346673342
       1642   0.15015346673342
       1643   0.15015492585403
       1644   0.15015492585403
       1645   0.15016252290440
       1646   0.15016252290440
       1647   0.15016390168797
       1648   0.15016390168797
       1649   0.15016621171326
       1650   0.15016621171326
       1651   0.15016892917437
       1652   0.15016892917437
       1653   0.15017165156152
       1654   0.15017165156152
       1655   0.15017382695963
       1656   0.15017382695963
       1657   0.15017586147603
       1658   0.15017586147603
       1659   0.15017710961646
       1660   0.15017710961646
       1661   0.15018446423337
       1662   0.15018446423337
       1663   0.15018554374121
       1664   0.15018554374121
       1665   0.15019555487771
       1666   0.15019555487771
       1667   0.15019612176525
       1668   0.15019612176525
       1669   0.15021325166293
       1670   0.15021325166293
       1671   0.15029988351341
       1672   0.15029988351341
       1673   0.15042282726817
       1674   0.15042282726817
       1675   0.15046784236207
       1676   0.15046784236207
       1677   0.15177185135304
       1678   0.15177185135304
       1679   0.15183712665028
       1680   0.15183712665028
       1681   0.15184471149185
       1682   0.15184471149185
       1683   0.15185375567147
       1684   0.15185375567147
       1685   0.15185803057723
       1686   0.15185803057723
       1687   0.15193361245875
       1688   0.15193361245875
       1689   0.15639813313763
       1690   0.15639813313763
       1691   0.15642450441337
       1692   0.15642450441337
       1693   0.15654663405142
       1694   0.15654663405142
       1695   0.15655330470575
       1696   0.15655330470575
       1697   0.15655398749063
       1698   0.15655398749063
       1699   0.15655445858648
       1700   0.15655445858648
       1701   0.15655484741317
       1702   0.15655484741317
       1703   0.15655487907534
       1704   0.15655487907534
       1705   0.15656203402489
       1706   0.15656203402489
       1707   0.15656679938874
       1708   0.15656679938874
       1709   0.15667465696291
       1710   0.15667465696291
       1711   0.15668816442328
       1712   0.15668816442328
       1713   0.15726890552628
       1714   0.15726890552628
       1715   0.15728226230211
       1716   0.15728226230211
       1717   0.15728498590569
       1718   0.15728498590569
       1719   0.15733891637338
       1720   0.15733891637338
       1721   0.15734440868324
       1722   0.15734440868324
       1723   0.15737109017457
       1724   0.15737109017457
       1725   0.15737256903633
       1726   0.15737256903633
       1727   0.15740090083927
       1728   0.15740090083927
       1729   0.15740358981347
       1730   0.15740358981347
       1731   0.15750745684942
       1732   0.15750745684942
       1733   0.15751067070406
       1734   0.15751067070406
       1735   0.15753062730050
       1736   0.15753062730050
       1737   0.17718165414284
       1738   0.17718165414284
       1739   0.17718710785789
       1740   0.17718710785789
       1741   0.17943859846661
       1742   0.17943859846661
       1743   0.17945124288858
       1744   0.17945124288858
       1745   0.17955672789083
       1746   0.17955672789083
       1747   0.17956193456498
       1748   0.17956193456498
       1749   0.17958523361150
       1750   0.17958523361150
       1751   0.17958554911574
       1752   0.17958554911574
       1753   0.17959131514320
       1754   0.17959131514320
       1755   0.17959686349109
       1756   0.17959686349109
       1757   0.17961149217124
       1758   0.17961149217124
       1759   0.17962183637427
       1760   0.17962183637427
       1761   0.17973283319335
       1762   0.17973283319335
       1763   0.17973718615026
       1764   0.17973718615026
       1765   0.18233433563953
       1766   0.18233433563954
       1767   0.18236998376908
       1768   0.18236998376908
       1769   0.18241170216054
       1770   0.18241170216054
       1771   0.18245149692360
       1772   0.18245149692360
       1773   0.18245778733767
       1774   0.18245778733767
       1775   0.18246189214092
       1776   0.18246189214092
       1777   0.18246451676152
       1778   0.18246451676152
       1779   0.18247475444892
       1780   0.18247475444892
       1781   0.18249595432210
       1782   0.18249595432210
       1783   0.18251990638798
       1784   0.18251990638798
       1785   0.18256151595973
       1786   0.18256151595973
       1787   0.18261026379213
       1788   0.18261026379213
       1789   0.19966473364129
       1790   0.19966473364129
       1791   0.19973109986690
       1792   0.19973109986690
       1793   0.19974726284971
       1794   0.19974726284971
       1795   0.19975270662708
       1796   0.19975270662708
       1797   0.19976181682374
       1798   0.19976181682374
       1799   0.19981980845494
       1800   0.19981980845494
       1801   0.20409926616338
       1802   0.20409926616338
       1803   0.20410962522178
       1804   0.20410962522178
       1805   0.20415200219364
       1806   0.20415200219364
       1807   0.20416004598323
       1808   0.20416004598323
       1809   0.20425207631705
       1810   0.20425207631705
       1811   0.20425987356032
       1812   0.20425987356032
       1813   0.20426362448858
       1814   0.20426362448858
       1815   0.20426406653378
       1816   0.20426406653378
       1817   0.20427092356364
       1818   0.20427092356364
       1819   0.20427199744330
       1820   0.20427199744330
       1821   0.20427413638704
       1822   0.20427413638704
       1823   0.20428369799044
       1824   0.20428369799044
       1825   0.20437179410079
       1826   0.20437179410079
       1827   0.20438241662830
       1828   0.20438241662830
       1829   0.20443366279380
       1830   0.20443366279380
       1831   0.20444755410291
       1832   0.20444755410291
       1833   0.21005671844535
       1834   0.21005671844535
       1835   0.21015681252980
       1836   0.21015681252980
       1837   0.21016536499244
       1838   0.21016536499244
       1839   0.21019700683514
       1840   0.21019700683514
       1841   0.21023229676995
       1842   0.21023229676995
       1843   0.21027419629274
       1844   0.21027419629274
       1845   0.21028013184908
       1846   0.21028013184908
       1847   0.21037003143980
       1848   0.21037003143980
       1849   0.23669140204097
       1850   0.23669140204097
       1851   0.23678538866743
       1852   0.23678538866743
       1853   0.23682814586251
       1854   0.23682814586251
       1855   0.23686300099623
       1856   0.23686300099623
       1857   0.23689687542696
       1858   0.23689687542696
       1859   0.23699541016206
       1860   0.23699541016206
       1861   0.23699920837475
       1862   0.23699920837475
       1863   0.23699938331331
       1864   0.23699938331331
       1865   0.23700263611694
       1866   0.23700263611694
       1867   0.23700591515581
       1868   0.23700591515581
       1869   0.23700616845703
       1870   0.23700616845703
       1871   0.23700628702111
       1872   0.23700628702112
       1873   0.23700995378705
       1874   0.23700995378705
       1875   0.23701011463877
       1876   0.23701011463877
       1877   0.23701045764720
       1878   0.23701045764720
       1879   0.23701386572156
       1880   0.23701386572156
       1881   0.23701599788048
       1882   0.23701599788048
       1883   0.23701702459389
       1884   0.23701702459389
       1885   0.23702245475239
       1886   0.23702245475239
       1887   0.23712163132776
       1888   0.23712163132776
       1889   0.23714697552520
       1890   0.23714697552520
       1891   0.23718437072776
       1892   0.23718437072776
       1893   0.23722557610830
       1894   0.23722557610830
       1895   0.23729698159467
       1896   0.23729698159467
       1897   0.24801183959877
       1898   0.24801183959877
       1899   0.24809388344234
       1900   0.24809388344234
       1901   0.24809626717152
       1902   0.24809626717152
       1903   0.24810094928676
       1904   0.24810094928676
       1905   0.24815627681929
       1906   0.24815627681929
       1907   0.24817775842074
       1908   0.24817775842074
       1909   0.24819433724144
       1910   0.24819433724144
       1911   0.24821363093692
       1912   0.24821363093692
       1913   0.24826799348543
       1914   0.24826799348543
       1915   0.24827346048350
       1916   0.24827346048350
       1917   0.24827834776457
       1918   0.24827834776457
       1919   0.24835312802468
       1920   0.24835312802468
       1921   0.26215266031096
       1922   0.26215266031096
       1923   0.26231474047574
       1924   0.26231474047574
       1925   0.26234711856909
       1926   0.26234711856909
       1927   0.26234997186490
       1928   0.26234997186490
       1929   0.26238235430471
       1930   0.26238235430471
       1931   0.26250007661758
       1932   0.26250007661758
       1933   0.26410839421506
       1934   0.26410839421506
       1935   0.26419176107608
       1936   0.26419176107608
       1937   0.26421200597087
       1938   0.26421200597087
       1939   0.26421925460242
       1940   0.26421925460242
       1941   0.26422954867729
       1942   0.26422954867729
       1943   0.26428672463560
       1944   0.26428672463560
       1945   0.26546738081511
       1946   0.26546738081511
       1947   0.26557271854775
       1948   0.26557271854775
       1949   0.26559465978192
       1950   0.26559465978192
       1951   0.26563705235386
       1952   0.26563705235386
       1953   0.26563931068476
       1954   0.26563931068477
       1955   0.26573062349756
       1956   0.26573062349756
       1957   0.26573347045243
       1958   0.26573347045244
       1959   0.26573745580213
       1960   0.26573745580213
       1961   0.26574060750362
       1962   0.26574060750362
       1963   0.26574340007759
       1964   0.26574340007759
       1965   0.26574542597416
       1966   0.26574542597416
       1967   0.26574602707946
       1968   0.26574602707946
       1969   0.26574620917993
       1970   0.26574620917993
       1971   0.26574721482777
       1972   0.26574721482777
       1973   0.26574874936477
       1974   0.26574874936477
       1975   0.26575165097200
       1976   0.26575165097200
       1977   0.26575523439876
       1978   0.26575523439876
       1979   0.26575876330466
       1980   0.26575876330466
       1981   0.26576286213969
       1982   0.26576286213969
       1983   0.26584639705186
       1984   0.26584639705186
       1985   0.26584660618975
       1986   0.26584660618975
       1987   0.26588094996945

***********************************************************
***********************************************************
              History of geometry optimization             
***********************************************************
***********************************************************

  MD_iter   SD_scaling     |Maximum force|   Maximum step        Utot
                           (Hartree/Bohr)        (Ang)         (Hartree)

    1       1.25981732       0.01363150       0.00908766    -887.30896519

***********************************************************
***********************************************************
                   Mulliken populations                    
***********************************************************
***********************************************************

   Total spin moment (muB)   0.000000000   Angles (Deg) 92.558716255   0.000000000

               Up       Down      Sum      Diff        theta      phi
    1   Si   1.99971  1.99971   3.99942   0.00000    90.00000    0.00000
    2   Si   2.00046  2.00046   4.00092   0.00000    90.00000    0.00000
    3   Si   1.99996  1.99996   3.99991   0.00000    90.00000    0.00000
    4   Si   2.00046  2.00046   4.00092   0.00000    90.00000    0.00000
    5   Si   2.00034  2.00034   4.00067   0.00000    90.00000    0.00000
    6   Si   2.00008  2.00008   4.00017   0.00000    90.00000    0.00000
    7   Si   2.00005  2.00005   4.00009   0.00000    90.00000    0.00000
    8   Si   2.00005  2.00005   4.00009   0.00000    90.00000    0.00000
    9   Si   1.99997  1.99997   3.99994   0.00000    90.00000    0.00000
   10   Si   2.00007  2.00007   4.00014   0.00000    90.00000    0.00000
   11   Si   2.00008  2.00008   4.00016   0.00000    90.00000    0.00000
   12   Si   1.99992  1.99992   3.99985   0.00000    90.00000    0.00000
   13   Si   1.99998  1.99998   3.99996   0.00000     2.97407    0.00000
   14   Si   1.99998  1.99998   3.99995   0.00000    90.00000    0.00000
   15   Si   2.00003  2.00003   4.00006   0.00000    90.00000    0.00000
   16   Si   1.99996  1.99996   3.99992   0.00000    90.00000    0.00000
   17   Si   2.00008  2.00008   4.00017   0.00000    90.00000    0.00000
   18   Si   2.00035  2.00035   4.00070   0.00000    90.00000    0.00000
   19   Si   2.00006  2.00006   4.00012   0.00000    90.00000    0.00000
   20   Si   2.00010  2.00010   4.00020   0.00000   176.56653    0.00000
   21   Si   1.99990  1.99990   3.99981   0.00000    90.00000    0.00000
   22   Si   2.00001  2.00001   4.00001   0.00000    90.00000    0.00000
   23   Si   1.99864  1.99864   3.99728   0.00000    90.00000    0.00000
   24   Si   2.00000  2.00000   3.99999   0.00000    90.00000    0.00000
   25   Si   1.99997  1.99997   3.99994   0.00000    90.00000    0.00000
   26   Si   1.99992  1.99992   3.99985   0.00000    90.00000    0.00000
   27   Si   2.00008  2.00008   4.00016   0.00000    60.93011    0.00000
   28   Si   2.00007  2.00007   4.00014   0.00000    90.00000    0.00000
   29   Si   1.99998  1.99998   3.99996   0.00000    90.00000    0.00000
   30   Si   1.99998  1.99998   3.99995   0.00000    90.00000    0.00000
   31   Si   1.99996  1.99996   3.99992   0.00000    90.00000    0.00000
   32   Si   2.00003  2.00003   4.00006   0.00000    90.00000    0.00000
   33   Si   1.99998  1.99998   3.99996   0.00000    90.00000    0.00000
   34   Si   1.99997  1.99997   3.99994   0.00000    90.00000    0.00000
   35   Si   2.00007  2.00007   4.00014   0.00000    90.00000    0.00000
   36   Si   1.99997  1.99997   3.99994   0.00000    90.00000    0.00000
   37   Si   2.00008  2.00008   4.00017   0.00000     8.93680    0.00000
   38   Si   1.99996  1.99996   3.99992   0.00000    90.00000    0.00000
   39   Si   1.99994  1.99994   3.99988   0.00000    90.00000    0.00000
   40   Si   1.99994  1.99994   3.99988   0.00000    90.00000    0.00000
   41   Si   1.99995  1.99995   3.99990   0.00000    90.00000    0.00000
   42   Si   1.99998  1.99998   3.99995   0.00000    90.00000    0.00000
   43   Si   1.99997  1.99997   3.99994   0.00000    90.00000    0.00000
   44   Si   2.00008  2.00008   4.00015   0.00000    90.00000    0.00000
   45   Si   2.00008  2.00008   4.00016   0.00000    90.00000    0.00000
   46   Si   1.99998  1.99998   3.99996   0.00000    90.00000    0.00000
   47   Si   1.99998  1.99998   3.99995   0.00000    90.00000    0.00000
   48   Si   1.99995  1.99995   3.99989   0.00000    90.00000    0.00000
   49   Si   2.00008  2.00008   4.00017   0.00000    90.00000    0.00000
   50   Si   2.00010  2.00010   4.00020   0.00000    90.00000    0.00000
   51   Si   2.00006  2.00006   4.00012   0.00000    90.00000    0.00000
   52   Si   2.00035  2.00035   4.00070   0.00000   162.19867    0.00000
   53   Si   1.99990  1.99990   3.99981   0.00000    90.00000    0.00000
   54   Si   2.00001  2.00001   4.00001   0.00000    90.00000    0.00000
   55   Si   2.00000  2.00000   3.99999   0.00000    90.00000    0.00000
   56   Si   1.99864  1.99864   3.99728   0.00000     8.68821    0.00000
   57   Si   1.99995  1.99995   3.99990   0.00000     3.38657    0.00000
   58   Si   2.00008  2.00008   4.00015   0.00000    90.00000    0.00000
   59   Si   1.99997  1.99997   3.99994   0.00000    90.00000    0.00000
   60   Si   1.99998  1.99998   3.99995   0.00000    90.00000    0.00000
   61   Si   2.00008  2.00008   4.00016   0.00000    90.00000    0.00000
   62   Si   1.99998  1.99998   3.99996   0.00000    90.00000    0.00000
   63   Si   1.99995  1.99995   3.99989   0.00000    90.00000    0.00000
   64   Si   1.99998  1.99998   3.99995   0.00000    90.00000    0.00000
   65   Si   2.00009  2.00009   4.00019   0.00000   152.64159    0.00000
   66   Si   1.99992  1.99992   3.99985   0.00000    90.00000    0.00000
   67   Si   1.99985  1.99985   3.99969   0.00000    90.00000    0.00000
   68   Si   1.99992  1.99992   3.99985   0.00000    90.00000    0.00000
   69   Si   2.00008  2.00008   4.00017   0.00000    90.00000    0.00000
   70   Si   2.00045  2.00045   4.00089   0.00000    90.00000    0.00000
   71   Si   2.00005  2.00005   4.00010   0.00000    90.00000    0.00000
   72   Si   2.00005  2.00005   4.00010   0.00000    90.00000    0.00000
   73   Si   1.99979  1.99979   3.99958   0.00000    90.00000    0.00000
   74   Si   2.00008  2.00008   4.00016   0.00000    90.00000    0.00000
   75   Si   1.99988  1.99988   3.99975   0.00000    90.00000    0.00000
   76   Si   2.00008  2.00008   4.00016   0.00000    90.00000    0.00000
   77   Si   2.00003  2.00003   4.00006   0.00000    90.00000    0.00000
   78   Si   1.99998  1.99998   3.99997   0.00000    90.00000    0.00000
   79   Si   1.99997  1.99997   3.99995   0.00000    90.00000    0.00000
   80   Si   1.99997  1.99997   3.99995   0.00000    90.00000    0.00000
   81   Si   1.99992  1.99992   3.99984   0.00000    90.00000    0.00000
   82   Si   2.00007  2.00007   4.00015   0.00000    90.00000    0.00000
   83   Si   1.99996  1.99996   3.99993   0.00000    90.00000    0.00000
   84   Si   1.99997  1.99997   3.99993   0.00000    90.00000    0.00000
   85   Si   1.99995  1.99995   3.99991   0.00000    90.00000    0.00000
   86   Si   1.99996  1.99996   3.99992   0.00000    90.00000    0.00000
   87   Si   1.99996  1.99996   3.99992   0.00000    90.00000    0.00000
   88   Si   2.00008  2.00008   4.00016   0.00000    90.00000    0.00000
   89   Si   1.99993  1.99993   3.99987   0.00000    90.00000    0.00000
   90   Si   1.99997  1.99997   3.99994   0.00000    90.00000    0.00000
   91   Si   1.99997  1.99997   3.99994   0.00000    90.00000    0.00000
   92   Si   2.00008  2.00008   4.00015   0.00000    90.00000    0.00000
   93   Si   1.99995  1.99995   3.99991   0.00000    90.00000    0.00000
   94   Si   1.99996  1.99996   3.99993   0.00000    90.00000    0.00000
   95   Si   1.99996  1.99996   3.99991   0.00000    90.00000    0.00000
   96   Si   2.00006  2.00006   4.00012   0.00000    90.00000    0.00000
   97   Si   1.99992  1.99992   3.99984   0.00000    90.00000    0.00000
   98   Si   1.99997  1.99997   3.99993   0.00000    90.00000    0.00000
   99   Si   1.99996  1.99996   3.99993   0.00000    90.00000    0.00000
  100   Si   2.00007  2.00007   4.00015   0.00000    90.00000    0.00000
  101   Si   1.99995  1.99995   3.99991   0.00000    90.00000    0.00000
  102   Si   1.99996  1.99996   3.99992   0.00000    90.00000    0.00000
  103   Si   2.00008  2.00008   4.00016   0.00000    90.00000    0.00000
  104   Si   1.99996  1.99996   3.99992   0.00000    90.00000    0.00000
  105   Si   2.00002  2.00002   4.00004   0.00000   152.47964    0.00000
  106   Si   1.99997  1.99997   3.99994   0.00000    90.00000    0.00000
  107   Si   1.99997  1.99997   3.99994   0.00000   167.17199    0.00000
  108   Si   1.99997  1.99997   3.99994   0.00000    90.00000    0.00000
  109   Si   1.99997  1.99997   3.99994   0.00000    90.00000    0.00000
  110   Si   2.00002  2.00002   4.00005   0.00000    90.00000    0.00000
  111   Si   1.99997  1.99997   3.99993   0.00000    90.00000    0.00000
  112   Si   1.99997  1.99997   3.99993   0.00000    90.00000    0.00000
  113   Si   1.99996  1.99996   3.99992   0.00000    90.00000    0.00000
  114   Si   1.99996  1.99996   3.99992   0.00000    90.00000    0.00000
  115   Si   1.99995  1.99995   3.99991   0.00000   175.43960    0.00000
  116   Si   2.00008  2.00008   4.00016   0.00000   110.81539  180.00000
  117   Si   1.99997  1.99997   3.99994   0.00000    90.00000    0.00000
  118   Si   1.99995  1.99995   3.99991   0.00000    90.00000    0.00000
  119   Si   2.00008  2.00008   4.00015   0.00000    90.00000    0.00000
  120   Si   1.99997  1.99997   3.99993   0.00000    90.00000    0.00000
  121   Si   1.99993  1.99993   3.99987   0.00000    90.00000    0.00000
  122   Si   2.00008  2.00008   4.00015   0.00000    90.00000    0.00000
  123   Si   1.99997  1.99997   3.99994   0.00000    90.00000    0.00000
  124   Si   1.99997  1.99997   3.99994   0.00000    90.00000    0.00000
  125   Si   1.99995  1.99995   3.99991   0.00000    90.00000    0.00000
  126   Si   1.99996  1.99996   3.99993   0.00000    90.00000    0.00000
  127   Si   2.00006  2.00006   4.00012   0.00000    90.00000    0.00000
  128   Si   1.99996  1.99996   3.99991   0.00000    90.00000    0.00000
  129   Si   1.99996  1.99996   3.99992   0.00000    90.00000    0.00000
  130   Si   2.00008  2.00008   4.00016   0.00000    90.00000    0.00000
  131   Si   1.99995  1.99995   3.99991   0.00000    90.00000    0.00000
  132   Si   1.99996  1.99996   3.99992   0.00000    90.00000    0.00000
  133   Si   1.99997  1.99997   3.99994   0.00000   154.29888    0.00000
  134   Si   1.99995  1.99995   3.99991   0.00000    90.00000    0.00000
  135   Si   1.99997  1.99997   3.99993   0.00000    90.00000    0.00000
  136   Si   2.00008  2.00008   4.00015   0.00000   166.33581    0.00000
  137   Si   1.99997  1.99997   3.99994   0.00000    90.00000    0.00000
  138   Si   1.99997  1.99997   3.99993   0.00000    90.00000    0.00000
  139   Si   1.99993  1.99993   3.99986   0.00000    90.00000    0.00000
  140   Si   1.99997  1.99997   3.99993   0.00000   162.27640    0.00000
  141   Si   1.99998  1.99998   3.99997   0.00000    90.00000    0.00000
  142   Si   1.99998  1.99998   3.99996   0.00000    90.00000    0.00000
  143   Si   2.00009  2.00009   4.00017   0.00000    90.00000    0.00000
  144   Si   2.00009  2.00009   4.00017   0.00000    90.00000    0.00000
  145   Si   2.00025  2.00025   4.00050   0.00000    90.00000    0.00000
  146   Si   1.99957  1.99957   3.99914   0.00000    90.00000    0.00000
  147   Si   2.00006  2.00006   4.00012   0.00000    90.00000    0.00000
  148   Si   1.99957  1.99957   3.99914   0.00000    90.00000    0.00000
  149   Si   2.00151  2.00151   4.00303   0.00000    90.00000    0.00000
  150   Si   2.00005  2.00005   4.00010   0.00000    90.00000    0.00000
  151   Si   2.00004  2.00004   4.00007   0.00000    90.00000    0.00000
  152   Si   2.00004  2.00004   4.00007   0.00000    90.00000    0.00000
  153   Si   2.00000  2.00000   4.00000   0.00000    90.00000    0.00000
  154   Si   1.99998  1.99998   3.99996   0.00000    90.00000    0.00000
  155   Si   2.00008  2.00008   4.00016   0.00000    90.00000    0.00000
  156   Si   1.99994  1.99994   3.99987   0.00000    90.00000    0.00000
  157   Si   1.99996  1.99996   3.99992   0.00000    90.00000    0.00000
  158   Si   1.99998  1.99998   3.99996   0.00000    90.00000    0.00000
  159   Si   1.99995  1.99995   3.99989   0.00000    90.00000    0.00000
  160   Si   2.00006  2.00006   4.00013   0.00000    90.00000    0.00000
  161   Si   2.00011  2.00011   4.00021   0.00000    90.00000    0.00000
  162   Si   1.99957  1.99957   3.99913   0.00000   176.50434    0.00000
  163   Si   2.00005  2.00005   4.00011   0.00000    90.00000    0.00000
  164   Si   2.00001  2.00001   4.00003   0.00000    90.00000    0.00000
  165   Si   1.99987  1.99987   3.99975   0.00000    90.00000    0.00000
  166   Si   1.99998  1.99998   3.99996   0.00000    90.00000    0.00000
  167   Si   1.99964  1.99964   3.99927   0.00000    90.00000    0.00000
  168   Si   2.00008  2.00008   4.00016   0.00000    90.00000    0.00000
  169   Si   2.00000  2.00000   4.00000   0.00000    90.00000    0.00000
  170   Si   1.99994  1.99994   3.99987   0.00000    90.00000    0.00000
  171   Si   2.00008  2.00008   4.00016   0.00000    90.00000    0.00000
  172   Si   1.99998  1.99998   3.99996   0.00000   176.27209    0.00000
  173   Si   1.99996  1.99996   3.99992   0.00000    90.00000    0.00000
  174   Si   1.99998  1.99998   3.99996   0.00000    90.00000    0.00000
  175   Si   2.00006  2.00006   4.00013   0.00000    90.00000    0.00000
  176   Si   1.99995  1.99995   3.99989   0.00000    90.00000    0.00000
  177   Si   1.99995  1.99995   3.99991   0.00000    90.00000    0.00000
  178   Si   1.99995  1.99995   3.99991   0.00000    90.00000    0.00000
  179   Si   2.00008  2.00008   4.00016   0.00000    43.16007    0.00000
  180   Si   1.99995  1.99995   3.99991   0.00000    90.00000    0.00000
  181   Si   2.00009  2.00009   4.00018   0.00000    90.00000    0.00000
  182   Si   1.99998  1.99998   3.99995   0.00000    90.00000    0.00000
  183   Si   1.99996  1.99996   3.99993   0.00000    90.00000    0.00000
  184   Si   1.99996  1.99996   3.99993   0.00000   145.26046    0.00000
  185   Si   1.99997  1.99997   3.99994   0.00000    90.00000    0.00000
  186   Si   2.00007  2.00007   4.00013   0.00000    90.00000    0.00000
  187   Si   1.99997  1.99997   3.99995   0.00000    90.00000    0.00000
  188   Si   1.99996  1.99996   3.99993   0.00000    90.00000    0.00000
  189   Si   2.00009  2.00009   4.00018   0.00000    90.00000    0.00000
  190   Si   1.99996  1.99996   3.99992   0.00000    90.00000    0.00000
  191   Si   2.00007  2.00007   4.00014   0.00000     9.76399    0.00000
  192   Si   1.99996  1.99996   3.99992   0.00000    90.00000    0.00000
  193   Si   2.00011  2.00011   4.00021   0.00000    90.00000    0.00000
  194   Si   2.00001  2.00001   4.00003   0.00000    90.00000    0.00000
  195   Si   2.00005  2.00005   4.00011   0.00000    90.00000    0.00000
  196   Si   1.99957  1.99957   3.99913   0.00000     2.25201    0.00000
  197   Si   1.99987  1.99987   3.99975   0.00000    90.00000    0.00000
  198   Si   1.99998  1.99998   3.99996   0.00000    90.00000    0.00000
  199   Si   2.00008  2.00008   4.00016   0.00000    90.00000    0.00000
  200   Si   1.99964  1.99964   3.99927   0.00000    90.00000    0.00000
  201   Si   1.99997  1.99997   3.99994   0.00000    90.00000    0.00000
  202   Si   1.99996  1.99996   3.99993   0.00000    90.00000    0.00000
  203   Si   1.99997  1.99997   3.99995   0.00000    90.00000    0.00000
  204   Si   2.00007  2.00007   4.00013   0.00000    90.00000    0.00000
  205   Si   2.00009  2.00009   4.00018   0.00000    90.00000    0.00000
  206   Si   1.99996  1.99996   3.99992   0.00000    90.00000    0.00000
  207   Si   1.99996  1.99996   3.99992   0.00000    90.00000    0.00000
  208   Si   2.00007  2.00007   4.00014   0.00000    90.00000    0.00000
  209   Si   2.00008  2.00008   4.00015   0.00000    90.00000    0.00000
  210   Si   1.99994  1.99994   3.99987   0.00000    90.00000    0.00000
  211   Si   1.99994  1.99994   3.99988   0.00000    33.10818    0.00000
  212   Si   1.99994  1.99994   3.99987   0.00000    90.00000    0.00000
  213   Si   2.00005  2.00005   4.00010   0.00000    90.00000    0.00000
  214   Si   2.00158  2.00158   4.00317   0.00000    90.00000    0.00000
  215   Si   2.00014  2.00014   4.00028   0.00000    90.00000    0.00000
  216   Si   2.00014  2.00014   4.00028   0.00000    90.00000    0.00000

 Sum of MulP: up   =   432.00000 down          =   432.00000
              total=   864.00000 ideal(neutral)=   864.00000


  Decomposed Mulliken populations

    1   Si          Up spin      Down spin     Sum           Diff           Angles(Deg)
            multiple
  s           0    0.628249728  0.628249728   1.256499455   0.000000000    90.0000    0.0000
   sum over m      0.628249728  0.628249728   1.256499455   0.000000000
  s           1    0.001084210  0.001084210   0.002168419   0.000000000    90.0000    0.0000
   sum over m      0.001084210  0.001084210   0.002168419   0.000000000
   sum over m+mul  0.629333937  0.629333937   1.258667874   0.000000000
  px          0    0.419526567  0.419526567   0.839053135   0.000000000    90.0000    0.0000
  py          0    0.419472619  0.419472619   0.838945238   0.000000000    90.0000    0.0000
  pz          0    0.419472620  0.419472620   0.838945240   0.000000000    90.0000    0.0000
   sum over m      1.258471806  1.258471806   2.516943612   0.000000000
  px          1    0.003113329  0.003113329   0.006226657   0.000000000    90.0000    0.0000
  py          1    0.003191469  0.003191469   0.006382937   0.000000000    90.0000    0.0000
  pz          1    0.003191468  0.003191468   0.006382937   0.000000000    90.0000    0.0000
   sum over m      0.009496266  0.009496266   0.018992531   0.000000000
   sum over m+mul  1.267968072  1.267968072   2.535936143   0.000000000
  d3z^2-r^2   0    0.011991863  0.011991863   0.023983727   0.000000000    90.0000    0.0000
  dx^2-y^2    0    0.011974300  0.011974300   0.023948599   0.000000000    90.0000    0.0000
  dxy         0    0.026140189  0.026140189   0.052280378   0.000000000    90.0000    0.0000
  dxz         0    0.026140189  0.026140189   0.052280378   0.000000000    90.0000    0.0000
  dyz         0    0.026162846  0.026162846   0.052325691   0.000000000    90.0000    0.0000
   sum over m      0.102409387  0.102409387   0.204818774   0.000000000
   sum over m+mul  0.102409387  0.102409387   0.204818774   0.000000000

    2   Si          Up spin      Down spin     Sum           Diff           Angles(Deg)
            multiple
  s           0    0.628468341  0.628468341   1.256936681   0.000000000    90.0000    0.0000
   sum over m      0.628468341  0.628468341   1.256936681   0.000000000
  s           1    0.001090434  0.001090434   0.002180868   0.000000000    90.0000    0.0000
   sum over m      0.001090434  0.001090434   0.002180868   0.000000000
   sum over m+mul  0.629558775  0.629558775   1.259117550   0.000000000
  px          0    0.419577634  0.419577634   0.839155268   0.000000000    90.0000    0.0000
  py          0    0.419684233  0.419684233   0.839368466   0.000000000    90.0000    0.0000
  pz          0    0.419663128  0.419663128   0.839326255   0.000000000    90.0000    0.0000
   sum over m      1.258924994  1.258924994   2.517849989   0.000000000
  px          1    0.003229900  0.003229900   0.006459799   0.000000000    90.0000    0.0000
  py          1    0.003152179  0.003152179   0.006304359   0.000000000    90.0000    0.0000
  pz          1    0.003235657  0.003235657   0.006471314   0.000000000    90.0000    0.0000
   sum over m      0.009617736  0.009617736   0.019235472   0.000000000
   sum over m+mul  1.268542731  1.268542731   2.537085461   0.000000000
  d3z^2-r^2   0    0.011950180  0.011950180   0.023900361   0.000000000    90.0000    0.0000
  dx^2-y^2    0    0.011942310  0.011942310   0.023884619   0.000000000    90.0000    0.0000
  dxy         0    0.026148623  0.026148623   0.052297245   0.000000000    90.0000    0.0000
  dxz         0    0.026148616  0.026148616   0.052297231   0.000000000    90.0000    0.0000
  dyz         0    0.026167388  0.026167388   0.052334776   0.000000000    90.0000    0.0000
   sum over m      0.102357117  0.102357117   0.204714233   0.000000000
   sum over m+mul  0.102357117  0.102357117   0.204714233   0.000000000

    3   Si          Up spin      Down spin     Sum           Diff           Angles(Deg)
            multiple
  s           0    0.628377922  0.628377922   1.256755845   0.000000000    90.0000    0.0000
   sum over m      0.628377922  0.628377922   1.256755845   0.000000000
  s           1    0.001025732  0.001025732   0.002051464   0.000000000    90.0000    0.0000
   sum over m      0.001025732  0.001025732   0.002051464   0.000000000
   sum over m+mul  0.629403654  0.629403654   1.258807309   0.000000000
  px          0    0.419743225  0.419743225   0.839486450   0.000000000    90.0000    0.0000
  py          0    0.419429098  0.419429098   0.838858197   0.000000000    90.0000    0.0000
  pz          0    0.419429102  0.419429102   0.838858203   0.000000000    90.0000    0.0000
   sum over m      1.258601425  1.258601425   2.517202850   0.000000000
  px          1    0.003171975  0.003171975   0.006343950   0.000000000    90.0000    0.0000
  py          1    0.003164269  0.003164269   0.006328539   0.000000000    90.0000    0.0000
  pz          1    0.003164269  0.003164269   0.006328538   0.000000000    90.0000    0.0000
   sum over m      0.009500514  0.009500514   0.019001028   0.000000000
   sum over m+mul  1.268101939  1.268101939   2.536203878   0.000000000
  d3z^2-r^2   0    0.011941850  0.011941850   0.023883699   0.000000000    90.0000    0.0000
  dx^2-y^2    0    0.011969965  0.011969965   0.023939930   0.000000000    90.0000    0.0000
  dxy         0    0.026166508  0.026166508   0.052333015   0.000000000    90.0000    0.0000
  dxz         0    0.026166508  0.026166508   0.052333016   0.000000000    90.0000    0.0000
  dyz         0    0.026207045  0.026207045   0.052414091   0.000000000    90.0000    0.0000
   sum over m      0.102451875  0.102451875   0.204903751   0.000000000
   sum over m+mul  0.102451875  0.102451875   0.204903751   0.000000000

    4   Si          Up spin      Down spin     Sum           Diff           Angles(Deg)
            multiple
  s           0    0.628468340  0.628468340   1.256936681   0.000000000    90.0000    0.0000
   sum over m      0.628468340  0.628468340   1.256936681   0.000000000
  s           1    0.001090434  0.001090434   0.002180868   0.000000000    90.0000    0.0000
   sum over m      0.001090434  0.001090434   0.002180868   0.000000000
   sum over m+mul  0.629558775  0.629558775   1.259117549   0.000000000
  px          0    0.419577633  0.419577633   0.839155266   0.000000000    90.0000    0.0000
  py          0    0.419663124  0.419663124   0.839326249   0.000000000    90.0000    0.0000
  pz          0    0.419684237  0.419684237   0.839368473   0.000000000    90.0000    0.0000
   sum over m      1.258924994  1.258924994   2.517849988   0.000000000
  px          1    0.003229900  0.003229900   0.006459799   0.000000000    90.0000    0.0000
  py          1    0.003235657  0.003235657   0.006471315   0.000000000    90.0000    0.0000
  pz          1    0.003152179  0.003152179   0.006304358   0.000000000    90.0000    0.0000
   sum over m      0.009617736  0.009617736   0.019235472   0.000000000
   sum over m+mul  1.268542730  1.268542730   2.537085461   0.000000000
  d3z^2-r^2   0    0.011942878  0.011942878   0.023885756   0.000000000    90.0000    0.0000
  dx^2-y^2    0    0.011949612  0.011949612   0.023899224   0.000000000    90.0000    0.0000
  dxy         0    0.026148616  0.026148616   0.052297231   0.000000000    90.0000    0.0000
  dxz         0    0.026148623  0.026148623   0.052297246   0.000000000    90.0000    0.0000
  dyz         0    0.026167388  0.026167388   0.052334776   0.000000000    90.0000    0.0000
   sum over m      0.102357117  0.102357117   0.204714233   0.000000000
   sum over m+mul  0.102357117  0.102357117   0.204714233   0.000000000

    5   Si          Up spin      Down spin     Sum           Diff           Angles(Deg)
            multiple
  s           0    0.628465427  0.628465427   1.256930853   0.000000000    90.0000    0.0000
   sum over m      0.628465427  0.628465427   1.256930853   0.000000000
  s           1    0.000988054  0.000988054   0.001976108   0.000000000    90.0000    0.0000
   sum over m      0.000988054  0.000988054   0.001976108   0.000000000
   sum over m+mul  0.629453481  0.629453481   1.258906962   0.000000000
  px          0    0.419734203  0.419734203   0.839468406   0.000000000    90.0000    0.0000
  py          0    0.419616358  0.419616358   0.839232716   0.000000000    90.0000    0.0000
  pz          0    0.419616361  0.419616361   0.839232722   0.000000000    90.0000    0.0000
   sum over m      1.258966922  1.258966922   2.517933844   0.000000000
  px          1    0.003166990  0.003166990   0.006333980   0.000000000    90.0000    0.0000
  py          1    0.003185283  0.003185283   0.006370566   0.000000000    90.0000    0.0000
  pz          1    0.003185283  0.003185283   0.006370566   0.000000000    90.0000    0.0000
   sum over m      0.009537556  0.009537556   0.019075112   0.000000000
   sum over m+mul  1.268504478  1.268504478   2.537008956   0.000000000
  d3z^2-r^2   0    0.011947305  0.011947305   0.023894610   0.000000000    90.0000    0.0000
  dx^2-y^2    0    0.011950226  0.011950226   0.023900451   0.000000000    90.0000    0.0000
  dxy         0    0.026163422  0.026163422   0.052326844   0.000000000    90.0000    0.0000
  dxz         0    0.026163422  0.026163422   0.052326845   0.000000000    90.0000    0.0000
  dyz         0    0.026152981  0.026152981   0.052305963   0.000000000    90.0000    0.0000
   sum over m      0.102377356  0.102377356   0.204754713   0.000000000
   sum over m+mul  0.102377356  0.102377356   0.204754713   0.000000000

    6   Si          Up spin      Down spin     Sum           Diff           Angles(Deg)
            multiple
  s           0    0.628485921  0.628485921   1.256971842   0.000000000    90.0000    0.0000
   sum over m      0.628485921  0.628485921   1.256971842   0.000000000
  s           1    0.001007222  0.001007222   0.002014445   0.000000000    90.0000    0.0000
   sum over m      0.001007222  0.001007222   0.002014445   0.000000000
   sum over m+mul  0.629493143  0.629493143   1.258986287   0.000000000
  px          0    0.419577935  0.419577935   0.839155869   0.000000000    90.0000    0.0000
  py          0    0.419577739  0.419577739   0.839155478   0.000000000    90.0000    0.0000
  pz          0    0.419577742  0.419577742   0.839155483   0.000000000    90.0000    0.0000
   sum over m      1.258733415  1.258733415   2.517466830   0.000000000
  px          1    0.003164463  0.003164463   0.006328926   0.000000000    90.0000    0.0000
  py          1    0.003163130  0.003163130   0.006326261   0.000000000    90.0000    0.0000
  pz          1    0.003163130  0.003163130   0.006326261   0.000000000    90.0000    0.0000
   sum over m      0.009490724  0.009490724   0.018981448   0.000000000
   sum over m+mul  1.268224139  1.268224139   2.536448278   0.000000000
  d3z^2-r^2   0    0.011947023  0.011947023   0.023894046   0.000000000    90.0000    0.0000
  dx^2-y^2    0    0.011945609  0.011945609   0.023891217   0.000000000    90.0000    0.0000
  dxy         0    0.026158470  0.026158470   0.052316941   0.000000000    90.0000    0.0000
  dxz         0    0.026158470  0.026158470   0.052316941   0.000000000    90.0000    0.0000
  dyz         0    0.026156388  0.026156388   0.052312776   0.000000000    90.0000    0.0000
   sum over m      0.102365961  0.102365961   0.204731921   0.000000000
   sum over m+mul  0.102365961  0.102365961   0.204731921   0.000000000

    7   Si          Up spin      Down spin     Sum           Diff           Angles(Deg)
            multiple
  s           0    0.628459033  0.628459033   1.256918067   0.000000000    90.0000    0.0000
   sum over m      0.628459033  0.628459033   1.256918067   0.000000000
  s           1    0.000979950  0.000979950   0.001959900   0.000000000    90.0000    0.0000
   sum over m      0.000979950  0.000979950   0.001959900   0.000000000
   sum over m+mul  0.629438983  0.629438983   1.258877967   0.000000000
  px          0    0.419523034  0.419523034   0.839046069   0.000000000    90.0000    0.0000
  py          0    0.419564638  0.419564638   0.839129276   0.000000000    90.0000    0.0000
  pz          0    0.419682733  0.419682733   0.839365466   0.000000000    90.0000    0.0000
   sum over m      1.258770405  1.258770405   2.517540810   0.000000000
  px          1    0.003150673  0.003150673   0.006301347   0.000000000    90.0000    0.0000
  py          1    0.003157059  0.003157059   0.006314117   0.000000000    90.0000    0.0000
  pz          1    0.003155313  0.003155313   0.006310625   0.000000000    90.0000    0.0000
   sum over m      0.009463045  0.009463045   0.018926090   0.000000000
   sum over m+mul  1.268233450  1.268233450   2.536466899   0.000000000
  d3z^2-r^2   0    0.011944013  0.011944013   0.023888026   0.000000000    90.0000    0.0000
  dx^2-y^2    0    0.011949905  0.011949905   0.023899810   0.000000000    90.0000    0.0000
  dxy         0    0.026152603  0.026152603   0.052305207   0.000000000    90.0000    0.0000
  dxz         0    0.026164173  0.026164173   0.052328347   0.000000000    90.0000    0.0000
  dyz         0    0.026163173  0.026163173   0.052326346   0.000000000    90.0000    0.0000
   sum over m      0.102373868  0.102373868   0.204747736   0.000000000
   sum over m+mul  0.102373868  0.102373868   0.204747736   0.000000000

    8   Si          Up spin      Down spin     Sum           Diff           Angles(Deg)
            multiple
  s           0    0.628459034  0.628459034   1.256918069   0.000000000   174.7974    0.0000
   sum over m      0.628459034  0.628459034   1.256918069   0.000000000
  s           1    0.000979950  0.000979950   0.001959900   0.000000000    90.0000    0.0000
   sum over m      0.000979950  0.000979950   0.001959900   0.000000000
   sum over m+mul  0.629438984  0.629438984   1.258877969   0.000000000
  px          0    0.419523034  0.419523034   0.839046068   0.000000000    90.0000    0.0000
  py          0    0.419682732  0.419682732   0.839365463   0.000000000    90.0000    0.0000
  pz          0    0.419564640  0.419564640   0.839129281   0.000000000    90.0000    0.0000
   sum over m      1.258770406  1.258770406   2.517540812   0.000000000
  px          1    0.003150673  0.003150673   0.006301346   0.000000000    90.0000    0.0000
  py          1    0.003155313  0.003155313   0.006310625   0.000000000    90.0000    0.0000
  pz          1    0.003157059  0.003157059   0.006314118   0.000000000    90.0000    0.0000
   sum over m      0.009463045  0.009463045   0.018926089   0.000000000
   sum over m+mul  1.268233451  1.268233451   2.536466901   0.000000000
  d3z^2-r^2   0    0.011950398  0.011950398   0.023900796   0.000000000    90.0000    0.0000
  dx^2-y^2    0    0.011943520  0.011943520   0.023887040   0.000000000    90.0000    0.0000
  dxy         0    0.026164173  0.026164173   0.052328347   0.000000000    90.0000    0.0000
  dxz         0    0.026152603  0.026152603   0.052305207   0.000000000    90.0000    0.0000
  dyz         0    0.026163173  0.026163173   0.052326346   0.000000000    90.0000    0.0000
   sum over m      0.102373868  0.102373868   0.204747735   0.000000000
   sum over m+mul  0.102373868  0.102373868   0.204747735   0.000000000

    9   Si          Up spin      Down spin     Sum           Diff           Angles(Deg)
            multiple
  s           0    0.628451288  0.628451288   1.256902575   0.000000000    90.0000    0.0000
   sum over m      0.628451288  0.628451288   1.256902575   0.000000000
  s           1    0.000982130  0.000982130   0.001964261   0.000000000    90.0000    0.0000
   sum over m      0.000982130  0.000982130   0.001964261   0.000000000
   sum over m+mul  0.629433418  0.629433418   1.258866836   0.000000000
  px          0    0.419555374  0.419555374   0.839110749   0.000000000    90.0000    0.0000
  py          0    0.419555234  0.419555234   0.839110469   0.000000000    90.0000    0.0000
  pz          0    0.419589306  0.419589306   0.839178613   0.000000000    90.0000    0.0000
   sum over m      1.258699915  1.258699915   2.517399830   0.000000000
  px          1    0.003154668  0.003154668   0.006309336   0.000000000    90.0000    0.0000
  py          1    0.003154705  0.003154705   0.006309411   0.000000000    90.0000    0.0000
  pz          1    0.003158600  0.003158600   0.006317200   0.000000000    90.0000    0.0000
   sum over m      0.009467973  0.009467973   0.018935947   0.000000000
   sum over m+mul  1.268167889  1.268167889   2.536335777   0.000000000
  d3z^2-r^2   0    0.011946556  0.011946556   0.023893113   0.000000000    90.0000    0.0000
  dx^2-y^2    0    0.011946426  0.011946426   0.023892852   0.000000000    90.0000    0.0000
  dxy         0    0.026159192  0.026159192   0.052318384   0.000000000    90.0000    0.0000
  dxz         0    0.026158380  0.026158380   0.052316759   0.000000000    90.0000    0.0000
  dyz         0    0.026158567  0.026158567   0.052317134   0.000000000    90.0000    0.0000
   sum over m      0.102369121  0.102369121   0.204738242   0.000000000
   sum over m+mul  0.102369121  0.102369121   0.204738242   0.000000000

   10   Si          Up spin      Down spin     Sum           Diff           Angles(Deg)
            multiple
  s           0    0.628489698  0.628489698   1.256979397   0.000000000    90.0000    0.0000
   sum over m      0.628489698  0.628489698   1.256979397   0.000000000
  s           1    0.001002410  0.001002410   0.002004820   0.000000000    90.0000    0.0000
   sum over m      0.001002410  0.001002410   0.002004820   0.000000000
   sum over m+mul  0.629492108  0.629492108   1.258984217   0.000000000
  px          0    0.419574597  0.419574597   0.839149193   0.000000000    90.0000    0.0000
  py          0    0.419574234  0.419574234   0.839148467   0.000000000    90.0000    0.0000
  pz          0    0.419575016  0.419575016   0.839150031   0.000000000    90.0000    0.0000
   sum over m      1.258723846  1.258723846   2.517447692   0.000000000
  px          1    0.003163130  0.003163130   0.006326259   0.000000000    90.0000    0.0000
  py          1    0.003161868  0.003161868   0.006323735   0.000000000    90.0000    0.0000
  pz          1    0.003163071  0.003163071   0.006326142   0.000000000    90.0000    0.0000
   sum over m      0.009488068  0.009488068   0.018976137   0.000000000
   sum over m+mul  1.268211914  1.268211914   2.536423829   0.000000000
  d3z^2-r^2   0    0.011946307  0.011946307   0.023892613   0.000000000    90.0000    0.0000
  dx^2-y^2    0    0.011946989  0.011946989   0.023893978   0.000000000    90.0000    0.0000
  dxy         0    0.026158157  0.026158157   0.052316314   0.000000000    90.0000    0.0000
  dxz         0    0.026157996  0.026157996   0.052315992   0.000000000    90.0000    0.0000
  dyz         0    0.026157118  0.026157118   0.052314236   0.000000000    90.0000    0.0000
   sum over m      0.102366567  0.102366567   0.204733133   0.000000000
   sum over m+mul  0.102366567  0.102366567   0.204733133   0.000000000

   11   Si          Up spin      Down spin     Sum           Diff           Angles(Deg)
            multiple
  s           0    0.628488397  0.628488397   1.256976795   0.000000000    90.0000    0.0000
   sum over m      0.628488397  0.628488397   1.256976795   0.000000000
  s           1    0.001001676  0.001001676   0.002003351   0.000000000    90.0000    0.0000
   sum over m      0.001001676  0.001001676   0.002003351   0.000000000
   sum over m+mul  0.629490073  0.629490073   1.258980146   0.000000000
  px          0    0.419578385  0.419578385   0.839156769   0.000000000    90.0000    0.0000
  py          0    0.419578066  0.419578066   0.839156132   0.000000000    90.0000    0.0000
  pz          0    0.419578130  0.419578130   0.839156260   0.000000000    90.0000    0.0000
   sum over m      1.258734581  1.258734581   2.517469162   0.000000000
  px          1    0.003162692  0.003162692   0.006325385   0.000000000    90.0000    0.0000
  py          1    0.003162683  0.003162683   0.006325367   0.000000000    90.0000    0.0000
  pz          1    0.003162660  0.003162660   0.006325321   0.000000000    90.0000    0.0000
   sum over m      0.009488036  0.009488036   0.018976072   0.000000000
   sum over m+mul  1.268222617  1.268222617   2.536445234   0.000000000
  d3z^2-r^2   0    0.011946316  0.011946316   0.023892632   0.000000000    90.0000    0.0000
  dx^2-y^2    0    0.011946339  0.011946339   0.023892677   0.000000000    90.0000    0.0000
  dxy         0    0.026158393  0.026158393   0.052316786   0.000000000    90.0000    0.0000
  dxz         0    0.026158474  0.026158474   0.052316948   0.000000000    90.0000    0.0000
  dyz         0    0.026158368  0.026158368   0.052316736   0.000000000    90.0000    0.0000
   sum over m      0.102367889  0.102367889   0.204735778   0.000000000
   sum over m+mul  0.102367889  0.102367889   0.204735778   0.000000000

   12   Si          Up spin      Down spin     Sum           Diff           Angles(Deg)
            multiple
  s           0    0.628442681  0.628442681   1.256885363   0.000000000    90.0000    0.0000
   sum over m      0.628442681  0.628442681   1.256885363   0.000000000
  s           1    0.000986034  0.000986034   0.001972068   0.000000000    90.0000    0.0000
   sum over m      0.000986034  0.000986034   0.001972068   0.000000000
   sum over m+mul  0.629428715  0.629428715   1.258857430   0.000000000
  px          0    0.419530152  0.419530152   0.839060303   0.000000000    90.0000    0.0000
  py          0    0.419547283  0.419547283   0.839094567   0.000000000    90.0000    0.0000
  pz          0    0.419578564  0.419578564   0.839157128   0.000000000    90.0000    0.0000
   sum over m      1.258655999  1.258655999   2.517311997   0.000000000
  px          1    0.003159483  0.003159483   0.006318965   0.000000000    90.0000    0.0000
  py          1    0.003153452  0.003153452   0.006306905   0.000000000    90.0000    0.0000
  pz          1    0.003157308  0.003157308   0.006314616   0.000000000    90.0000    0.0000
   sum over m      0.009470243  0.009470243   0.018940486   0.000000000
   sum over m+mul  1.268126242  1.268126242   2.536252484   0.000000000
  d3z^2-r^2   0    0.011946110  0.011946110   0.023892219   0.000000000    90.0000    0.0000
  dx^2-y^2    0    0.011945734  0.011945734   0.023891468   0.000000000    90.0000    0.0000
  dxy         0    0.026158271  0.026158271   0.052316541   0.000000000    90.0000    0.0000
  dxz         0    0.026161010  0.026161010   0.052322019   0.000000000    90.0000    0.0000
  dyz         0    0.026157525  0.026157525   0.052315050   0.000000000    90.0000    0.0000
   sum over m      0.102368649  0.102368649   0.204737298   0.000000000
   sum over m+mul  0.102368649  0.102368649   0.204737298   0.000000000

   13   Si          Up spin      Down spin     Sum           Diff           Angles(Deg)
            multiple
  s           0    0.628448287  0.628448287   1.256896574   0.000000000    90.0000    0.0000
   sum over m      0.628448287  0.628448287   1.256896574   0.000000000
  s           1    0.000980950  0.000980950   0.001961900   0.000000000    90.0000    0.0000
   sum over m      0.000980950  0.000980950   0.001961900   0.000000000
   sum over m+mul  0.629429237  0.629429237   1.258858474   0.000000000
  px          0    0.419562205  0.419562205   0.839124411   0.000000000    90.0000    0.0000
  py          0    0.419595226  0.419595226   0.839190452   0.000000000    90.0000    0.0000
  pz          0    0.419560537  0.419560537   0.839121074   0.000000000    90.0000    0.0000
   sum over m      1.258717968  1.258717968   2.517435936   0.000000000
  px          1    0.003154273  0.003154273   0.006308545   0.000000000    90.0000    0.0000
  py          1    0.003156981  0.003156981   0.006313962   0.000000000    90.0000    0.0000
  pz          1    0.003155744  0.003155744   0.006311488   0.000000000    90.0000    0.0000
   sum over m      0.009466998  0.009466998   0.018933995   0.000000000
   sum over m+mul  1.268184966  1.268184966   2.536369932   0.000000000
  d3z^2-r^2   0    0.011945542  0.011945542   0.023891083   0.000000000    90.0000    0.0000
  dx^2-y^2    0    0.011946512  0.011946512   0.023893025   0.000000000    90.0000    0.0000
  dxy         0    0.026158109  0.026158109   0.052316219   0.000000000    90.0000    0.0000
  dxz         0    0.026159242  0.026159242   0.052318484   0.000000000    90.0000    0.0000
  dyz         0    0.026157178  0.026157178   0.052314356   0.000000000    90.0000    0.0000
   sum over m      0.102366583  0.102366583   0.204733166   0.000000000
   sum over m+mul  0.102366583  0.102366583   0.204733166   0.000000000

   14   Si          Up spin      Down spin     Sum           Diff           Angles(Deg)
            multiple
  s           0    0.628449797  0.628449797   1.256899595   0.000000000    90.0000    0.0000
   sum over m      0.628449797  0.628449797   1.256899595   0.000000000
  s           1    0.000980118  0.000980118   0.001960236   0.000000000    90.0000    0.0000
   sum over m      0.000980118  0.000980118   0.001960236   0.000000000
   sum over m+mul  0.629429915  0.629429915   1.258859830   0.000000000
  px          0    0.419573758  0.419573758   0.839147516   0.000000000    90.0000    0.0000
  py          0    0.419546071  0.419546071   0.839092141   0.000000000    90.0000    0.0000
  pz          0    0.419594563  0.419594563   0.839189127   0.000000000    90.0000    0.0000
   sum over m      1.258714392  1.258714392   2.517428784   0.000000000
  px          1    0.003151082  0.003151082   0.006302163   0.000000000    90.0000    0.0000
  py          1    0.003157288  0.003157288   0.006314576   0.000000000    90.0000    0.0000
  pz          1    0.003157335  0.003157335   0.006314670   0.000000000    90.0000    0.0000
   sum over m      0.009465704  0.009465704   0.018931409   0.000000000
   sum over m+mul  1.268180096  1.268180096   2.536360193   0.000000000
  d3z^2-r^2   0    0.011946541  0.011946541   0.023893082   0.000000000    90.0000    0.0000
  dx^2-y^2    0    0.011946610  0.011946610   0.023893220   0.000000000    90.0000    0.0000
  dxy         0    0.026158814  0.026158814   0.052317629   0.000000000    90.0000    0.0000
  dxz         0    0.026158821  0.026158821   0.052317642   0.000000000    90.0000    0.0000
  dyz         0    0.026156135  0.026156135   0.052312269   0.000000000    90.0000    0.0000
   sum over m      0.102366921  0.102366921   0.204733842   0.000000000
   sum over m+mul  0.102366921  0.102366921   0.204733842   0.000000000

   15   Si          Up spin      Down spin     Sum           Diff           Angles(Deg)
            multiple
  s           0    0.628500130  0.628500130   1.257000259   0.000000000    90.0000    0.0000
   sum over m      0.628500130  0.628500130   1.257000259   0.000000000
  s           1    0.000998171  0.000998171   0.001996342   0.000000000    90.0000    0.0000
   sum over m      0.000998171  0.000998171   0.001996342   0.000000000
   sum over m+mul  0.629498301  0.629498301   1.258996601   0.000000000
  px          0    0.419547674  0.419547674   0.839095348   0.000000000    90.0000    0.0000
  py          0    0.419560722  0.419560722   0.839121444   0.000000000    90.0000    0.0000
  pz          0    0.419556715  0.419556715   0.839113429   0.000000000    90.0000    0.0000
   sum over m      1.258665111  1.258665111   2.517330222   0.000000000
  px          1    0.003167121  0.003167121   0.006334242   0.000000000    90.0000    0.0000
  py          1    0.003164561  0.003164561   0.006329123   0.000000000    90.0000    0.0000
  pz          1    0.003164433  0.003164433   0.006328866   0.000000000    90.0000    0.0000
   sum over m      0.009496115  0.009496115   0.018992230   0.000000000
   sum over m+mul  1.268161226  1.268161226   2.536322452   0.000000000
  d3z^2-r^2   0    0.011946893  0.011946893   0.023893785   0.000000000    90.0000    0.0000
  dx^2-y^2    0    0.011946292  0.011946292   0.023892584   0.000000000    90.0000    0.0000
  dxy         0    0.026158251  0.026158251   0.052316502   0.000000000    90.0000    0.0000
  dxz         0    0.026157589  0.026157589   0.052315177   0.000000000    90.0000    0.0000
  dyz         0    0.026160283  0.026160283   0.052320566   0.000000000    90.0000    0.0000
   sum over m      0.102369307  0.102369307   0.204738614   0.000000000
   sum over m+mul  0.102369307  0.102369307   0.204738614   0.000000000

   16   Si          Up spin      Down spin     Sum           Diff           Angles(Deg)
            multiple
  s           0    0.628453791  0.628453791   1.256907581   0.000000000    90.0000    0.0000
   sum over m      0.628453791  0.628453791   1.256907581   0.000000000
  s           1    0.000982366  0.000982366   0.001964731   0.000000000    90.0000    0.0000
   sum over m      0.000982366  0.000982366   0.001964731   0.000000000
   sum over m+mul  0.629436156  0.629436156   1.258872313   0.000000000
  px          0    0.419581561  0.419581561   0.839163121   0.000000000    90.0000    0.0000
  py          0    0.419552803  0.419552803   0.839105605   0.000000000    90.0000    0.0000
  pz          0    0.419553233  0.419553233   0.839106467   0.000000000    90.0000    0.0000
   sum over m      1.258687597  1.258687597   2.517375193   0.000000000
  px          1    0.003158600  0.003158600   0.006317199   0.000000000    90.0000    0.0000
  py          1    0.003152260  0.003152260   0.006304520   0.000000000    90.0000    0.0000
  pz          1    0.003153700  0.003153700   0.006307400   0.000000000    90.0000    0.0000
   sum over m      0.009464559  0.009464559   0.018929119   0.000000000
   sum over m+mul  1.268152156  1.268152156   2.536304312   0.000000000
  d3z^2-r^2   0    0.011945825  0.011945825   0.023891650   0.000000000    90.0000    0.0000
  dx^2-y^2    0    0.011946230  0.011946230   0.023892460   0.000000000    90.0000    0.0000
  dxy         0    0.026157346  0.026157346   0.052314692   0.000000000    90.0000    0.0000
  dxz         0    0.026160030  0.026160030   0.052320060   0.000000000    90.0000    0.0000
  dyz         0    0.026159769  0.026159769   0.052319538   0.000000000    90.0000    0.0000
   sum over m      0.102369200  0.102369200   0.204738400   0.000000000
   sum over m+mul  0.102369200  0.102369200   0.204738400   0.000000000

   17   Si          Up spin      Down spin     Sum           Diff           Angles(Deg)
            multiple
  s           0    0.628488987  0.628488987   1.256977974   0.000000000    90.0000    0.0000
   sum over m      0.628488987  0.628488987   1.256977974   0.000000000
  s           1    0.001002092  0.001002092   0.002004184   0.000000000    90.0000    0.0000
   sum over m      0.001002092  0.001002092   0.002004184   0.000000000
   sum over m+mul  0.629491079  0.629491079   1.258982158   0.000000000
  px          0    0.419578337  0.419578337   0.839156674   0.000000000    90.0000    0.0000
  py          0    0.419578182  0.419578182   0.839156364   0.000000000    90.0000    0.0000
  pz          0    0.419578743  0.419578743   0.839157486   0.000000000    90.0000    0.0000
   sum over m      1.258735262  1.258735262   2.517470525   0.000000000
  px          1    0.003162555  0.003162555   0.006325110   0.000000000    90.0000    0.0000
  py          1    0.003162597  0.003162597   0.006325194   0.000000000    90.0000    0.0000
  pz          1    0.003163195  0.003163195   0.006326389   0.000000000    90.0000    0.0000
   sum over m      0.009488347  0.009488347   0.018976693   0.000000000
   sum over m+mul  1.268223609  1.268223609   2.536447218   0.000000000
  d3z^2-r^2   0    0.011946334  0.011946334   0.023892668   0.000000000    90.0000    0.0000
  dx^2-y^2    0    0.011946366  0.011946366   0.023892732   0.000000000    90.0000    0.0000
  dxy         0    0.026158511  0.026158511   0.052317022   0.000000000    90.0000    0.0000
  dxz         0    0.026158222  0.026158222   0.052316444   0.000000000    90.0000    0.0000
  dyz         0    0.026158408  0.026158408   0.052316816   0.000000000    90.0000    0.0000
   sum over m      0.102367841  0.102367841   0.204735682   0.000000000
   sum over m+mul  0.102367841  0.102367841   0.204735682   0.000000000

   18   Si          Up spin      Down spin     Sum           Diff           Angles(Deg)
            multiple
  s           0    0.628421821  0.628421821   1.256843642   0.000000000    90.0000    0.0000
   sum over m      0.628421821  0.628421821   1.256843642   0.000000000
  s           1    0.001068793  0.001068793   0.002137587   0.000000000    90.0000    0.0000
   sum over m      0.001068793  0.001068793   0.002137587   0.000000000
   sum over m+mul  0.629490615  0.629490615   1.258981229   0.000000000
  px          0    0.419561120  0.419561120   0.839122241   0.000000000    90.0000    0.0000
  py          0    0.419667614  0.419667614   0.839335227   0.000000000    90.0000    0.0000
  pz          0    0.419680302  0.419680302   0.839360605   0.000000000    90.0000    0.0000
   sum over m      1.258909036  1.258909036   2.517818072   0.000000000
  px          1    0.003220434  0.003220434   0.006440868   0.000000000    90.0000    0.0000
  py          1    0.003142976  0.003142976   0.006285953   0.000000000    90.0000    0.0000
  pz          1    0.003229857  0.003229857   0.006459714   0.000000000    90.0000    0.0000
   sum over m      0.009593268  0.009593268   0.019186535   0.000000000
   sum over m+mul  1.268502304  1.268502304   2.537004608   0.000000000
  d3z^2-r^2   0    0.011950476  0.011950476   0.023900953   0.000000000    90.0000    0.0000
  dx^2-y^2    0    0.011942424  0.011942424   0.023884848   0.000000000    90.0000    0.0000
  dxy         0    0.026149336  0.026149336   0.052298673   0.000000000    90.0000    0.0000
  dxz         0    0.026148826  0.026148826   0.052297652   0.000000000    90.0000    0.0000
  dyz         0    0.026167606  0.026167606   0.052335212   0.000000000    90.0000    0.0000
   sum over m      0.102358669  0.102358669   0.204717337   0.000000000
   sum over m+mul  0.102358669  0.102358669   0.204717337   0.000000000

   19   Si          Up spin      Down spin     Sum           Diff           Angles(Deg)
            multiple
  s           0    0.628577901  0.628577901   1.257155801   0.000000000    90.0000    0.0000
   sum over m      0.628577901  0.628577901   1.257155801   0.000000000
  s           1    0.000951432  0.000951432   0.001902865   0.000000000    90.0000    0.0000
   sum over m      0.000951432  0.000951432   0.001902865   0.000000000
   sum over m+mul  0.629529333  0.629529333   1.259058666   0.000000000
  px          0    0.419390334  0.419390334   0.838780668   0.000000000    90.0000    0.0000
  py          0    0.419672972  0.419672972   0.839345943   0.000000000    90.0000    0.0000
  pz          0    0.419706560  0.419706560   0.839413120   0.000000000    90.0000    0.0000
   sum over m      1.258769866  1.258769866   2.517539732   0.000000000
  px          1    0.003147129  0.003147129   0.006294258   0.000000000    90.0000    0.0000
  py          1    0.003153730  0.003153730   0.006307459   0.000000000    90.0000    0.0000
  pz          1    0.003157291  0.003157291   0.006314583   0.000000000    90.0000    0.0000
   sum over m      0.009458150  0.009458150   0.018916300   0.000000000
   sum over m+mul  1.268228016  1.268228016   2.536456032   0.000000000
  d3z^2-r^2   0    0.011951518  0.011951518   0.023903035   0.000000000    90.0000    0.0000
  dx^2-y^2    0    0.011925680  0.011925680   0.023851361   0.000000000    90.0000    0.0000
  dxy         0    0.026153643  0.026153643   0.052307287   0.000000000    90.0000    0.0000
  dxz         0    0.026153147  0.026153147   0.052306294   0.000000000    90.0000    0.0000
  dyz         0    0.026119660  0.026119660   0.052239321   0.000000000    90.0000    0.0000
   sum over m      0.102303649  0.102303649   0.204607297   0.000000000
   sum over m+mul  0.102303649  0.102303649   0.204607297   0.000000000

   20   Si          Up spin      Down spin     Sum           Diff           Angles(Deg)
            multiple
  s           0    0.628485763  0.628485763   1.256971525   0.000000000    90.0000    0.0000
   sum over m      0.628485763  0.628485763   1.256971525   0.000000000
  s           1    0.001002246  0.001002246   0.002004492   0.000000000    90.0000    0.0000
   sum over m      0.001002246  0.001002246   0.002004492   0.000000000
   sum over m+mul  0.629488009  0.629488009   1.258976017   0.000000000
  px          0    0.419584783  0.419584783   0.839169566   0.000000000    90.0000    0.0000
  py          0    0.419585041  0.419585041   0.839170082   0.000000000    90.0000    0.0000
  pz          0    0.419577884  0.419577884   0.839155769   0.000000000    90.0000    0.0000
   sum over m      1.258747708  1.258747708   2.517495417   0.000000000
  px          1    0.003163803  0.003163803   0.006327605   0.000000000    90.0000    0.0000
  py          1    0.003164188  0.003164188   0.006328376   0.000000000    90.0000    0.0000
  pz          1    0.003163834  0.003163834   0.006327668   0.000000000    90.0000    0.0000
   sum over m      0.009491825  0.009491825   0.018983650   0.000000000
   sum over m+mul  1.268239533  1.268239533   2.536479067   0.000000000
  d3z^2-r^2   0    0.011948387  0.011948387   0.023896774   0.000000000    90.0000    0.0000
  dx^2-y^2    0    0.011945375  0.011945375   0.023890749   0.000000000    90.0000    0.0000
  dxy         0    0.026161563  0.026161563   0.052323126   0.000000000    90.0000    0.0000
  dxz         0    0.026153134  0.026153134   0.052306267   0.000000000    90.0000    0.0000
  dyz         0    0.026161802  0.026161802   0.052323604   0.000000000    90.0000    0.0000
   sum over m      0.102370260  0.102370260   0.204740519   0.000000000
   sum over m+mul  0.102370260  0.102370260   0.204740519   0.000000000

   21   Si          Up spin      Down spin     Sum           Diff           Angles(Deg)
            multiple
  s           0    0.628365831  0.628365831   1.256731662   0.000000000    90.0000    0.0000
   sum over m      0.628365831  0.628365831   1.256731662   0.000000000
  s           1    0.000971796  0.000971796   0.001943592   0.000000000    90.0000    0.0000
   sum over m      0.000971796  0.000971796   0.001943592   0.000000000
   sum over m+mul  0.629337627  0.629337627   1.258675254   0.000000000
  px          0    0.419580994  0.419580994   0.839161989   0.000000000    90.0000    0.0000
  py          0    0.419625095  0.419625095   0.839250190   0.000000000    90.0000    0.0000
  pz          0    0.419531813  0.419531813   0.839063626   0.000000000    90.0000    0.0000
   sum over m      1.258737902  1.258737902   2.517475805   0.000000000
  px          1    0.003150559  0.003150559   0.006301118   0.000000000    90.0000    0.0000
  py          1    0.003159151  0.003159151   0.006318303   0.000000000    90.0000    0.0000
  pz          1    0.003157806  0.003157806   0.006315612   0.000000000    90.0000    0.0000
   sum over m      0.009467516  0.009467516   0.018935033   0.000000000
   sum over m+mul  1.268205419  1.268205419   2.536410837   0.000000000
  d3z^2-r^2   0    0.011947130  0.011947130   0.023894260   0.000000000    90.0000    0.0000
  dx^2-y^2    0    0.011948165  0.011948165   0.023896331   0.000000000    90.0000    0.0000
  dxy         0    0.026162675  0.026162675   0.052325351   0.000000000    90.0000    0.0000
  dxz         0    0.026151903  0.026151903   0.052303806   0.000000000    90.0000    0.0000
  dyz         0    0.026151700  0.026151700   0.052303401   0.000000000    90.0000    0.0000
   sum over m      0.102361574  0.102361574   0.204723148   0.000000000
   sum over m+mul  0.102361574  0.102361574   0.204723148   0.000000000

   22   Si          Up spin      Down spin     Sum           Diff           Angles(Deg)
            multiple
  s           0    0.628406419  0.628406419   1.256812838   0.000000000    90.0000    0.0000
   sum over m      0.628406419  0.628406419   1.256812838   0.000000000
  s           1    0.000992690  0.000992690   0.001985380   0.000000000    90.0000    0.0000
   sum over m      0.000992690  0.000992690   0.001985380   0.000000000
   sum over m+mul  0.629399109  0.629399109   1.258798218   0.000000000
  px          0    0.419597764  0.419597764   0.839195528   0.000000000    90.0000    0.0000
  py          0    0.419548577  0.419548577   0.839097154   0.000000000    90.0000    0.0000
  pz          0    0.419609046  0.419609046   0.839218092   0.000000000    90.0000    0.0000
   sum over m      1.258755387  1.258755387   2.517510774   0.000000000
  px          1    0.003159349  0.003159349   0.006318698   0.000000000    90.0000    0.0000
  py          1    0.003166594  0.003166594   0.006333188   0.000000000    90.0000    0.0000
  pz          1    0.003165496  0.003165496   0.006330991   0.000000000    90.0000    0.0000
   sum over m      0.009491439  0.009491439   0.018982877   0.000000000
   sum over m+mul  1.268246826  1.268246826   2.536493652   0.000000000
  d3z^2-r^2   0    0.011951121  0.011951121   0.023902241   0.000000000    90.0000    0.0000
  dx^2-y^2    0    0.011943716  0.011943716   0.023887432   0.000000000    90.0000    0.0000
  dxy         0    0.026151143  0.026151143   0.052302285   0.000000000    90.0000    0.0000
  dxz         0    0.026162488  0.026162488   0.052324977   0.000000000    90.0000    0.0000
  dyz         0    0.026151508  0.026151508   0.052303017   0.000000000    90.0000    0.0000
   sum over m      0.102359976  0.102359976   0.204719952   0.000000000
   sum over m+mul  0.102359976  0.102359976   0.204719952   0.000000000

   23   Si          Up spin      Down spin     Sum           Diff           Angles(Deg)
            multiple
  s           0    0.624957949  0.624957949   1.249915897   0.000000000    90.0000    0.0000
   sum over m      0.624957949  0.624957949   1.249915897   0.000000000
  s           1    0.001098375  0.001098375   0.002196750   0.000000000    90.0000    0.0000
   sum over m      0.001098375  0.001098375   0.002196750   0.000000000
   sum over m+mul  0.626056323  0.626056323   1.252112647   0.000000000
  px          0    0.419811448  0.419811448   0.839622896   0.000000000    90.0000    0.0000
  py          0    0.419498309  0.419498309   0.838996619   0.000000000    90.0000    0.0000
  pz          0    0.419521725  0.419521725   0.839043450   0.000000000    90.0000    0.0000
   sum over m      1.258831482  1.258831482   2.517662964   0.000000000
  px          1    0.003331226  0.003331226   0.006662453   0.000000000    90.0000    0.0000
  py          1    0.003350978  0.003350978   0.006701956   0.000000000    90.0000    0.0000
  pz          1    0.003346562  0.003346562   0.006693124   0.000000000    90.0000    0.0000
   sum over m      0.010028767  0.010028767   0.020057533   0.000000000
   sum over m+mul  1.268860249  1.268860249   2.537720497   0.000000000
  d3z^2-r^2   0    0.012271718  0.012271718   0.024543436   0.000000000    90.0000    0.0000
  dx^2-y^2    0    0.012139825  0.012139825   0.024279649   0.000000000    90.0000    0.0000
  dxy         0    0.026303486  0.026303486   0.052606973   0.000000000    90.0000    0.0000
  dxz         0    0.026303519  0.026303519   0.052607038   0.000000000    90.0000    0.0000
  dyz         0    0.026704597  0.026704597   0.053409194   0.000000000    90.0000    0.0000
   sum over m      0.103723145  0.103723145   0.207446290   0.000000000
   sum over m+mul  0.103723145  0.103723145   0.207446290   0.000000000

   24   Si          Up spin      Down spin     Sum           Diff           Angles(Deg)
            multiple
  s           0    0.628530981  0.628530981   1.257061961   0.000000000    90.0000    0.0000
   sum over m      0.628530981  0.628530981   1.257061961   0.000000000
  s           1    0.000997221  0.000997221   0.001994443   0.000000000    90.0000    0.0000
   sum over m      0.000997221  0.000997221   0.001994443   0.000000000
   sum over m+mul  0.629528202  0.629528202   1.259056404   0.000000000
  px          0    0.419499262  0.419499262   0.838998523   0.000000000    90.0000    0.0000
  py          0    0.419552140  0.419552140   0.839104280   0.000000000    90.0000    0.0000
  pz          0    0.419552162  0.419552162   0.839104324   0.000000000    90.0000    0.0000
   sum over m      1.258603564  1.258603564   2.517207127   0.000000000
  px          1    0.003176673  0.003176673   0.006353346   0.000000000    90.0000    0.0000
  py          1    0.003154743  0.003154743   0.006309487   0.000000000    90.0000    0.0000
  pz          1    0.003154698  0.003154698   0.006309396   0.000000000    90.0000    0.0000
   sum over m      0.009486114  0.009486114   0.018972229   0.000000000
   sum over m+mul  1.268089678  1.268089678   2.536179356   0.000000000
  d3z^2-r^2   0    0.011953888  0.011953888   0.023907777   0.000000000    90.0000    0.0000
  dx^2-y^2    0    0.011937672  0.011937672   0.023875345   0.000000000    90.0000    0.0000
  dxy         0    0.026168788  0.026168788   0.052337576   0.000000000    90.0000    0.0000
  dxz         0    0.026168791  0.026168791   0.052337583   0.000000000    90.0000    0.0000
  dyz         0    0.026148237  0.026148237   0.052296474   0.000000000    90.0000    0.0000
   sum over m      0.102377377  0.102377377   0.204754755   0.000000000
   sum over m+mul  0.102377377  0.102377377   0.204754755   0.000000000

   25   Si          Up spin      Down spin     Sum           Diff           Angles(Deg)
            multiple
  s           0    0.628451288  0.628451288   1.256902575   0.000000000    90.0000    0.0000
   sum over m      0.628451288  0.628451288   1.256902575   0.000000000
  s           1    0.000982131  0.000982131   0.001964262   0.000000000    90.0000    0.0000
   sum over m      0.000982131  0.000982131   0.001964262   0.000000000
   sum over m+mul  0.629433419  0.629433419   1.258866837   0.000000000
  px          0    0.419555373  0.419555373   0.839110746   0.000000000    90.0000    0.0000
  py          0    0.419589304  0.419589304   0.839178609   0.000000000    90.0000    0.0000
  pz          0    0.419555236  0.419555236   0.839110472   0.000000000    90.0000    0.0000
   sum over m      1.258699914  1.258699914   2.517399827   0.000000000
  px          1    0.003154668  0.003154668   0.006309336   0.000000000    90.0000    0.0000
  py          1    0.003158600  0.003158600   0.006317200   0.000000000    90.0000    0.0000
  pz          1    0.003154706  0.003154706   0.006309411   0.000000000    90.0000    0.0000
   sum over m      0.009467974  0.009467974   0.018935947   0.000000000
   sum over m+mul  1.268167887  1.268167887   2.536335775   0.000000000
  d3z^2-r^2   0    0.011946472  0.011946472   0.023892944   0.000000000    90.0000    0.0000
  dx^2-y^2    0    0.011946510  0.011946510   0.023893020   0.000000000    90.0000    0.0000
  dxy         0    0.026158380  0.026158380   0.052316759   0.000000000    90.0000    0.0000
  dxz         0    0.026159192  0.026159192   0.052318384   0.000000000    90.0000    0.0000
  dyz         0    0.026158567  0.026158567   0.052317134   0.000000000    90.0000    0.0000
   sum over m      0.102369121  0.102369121   0.204738242   0.000000000
   sum over m+mul  0.102369121  0.102369121   0.204738242   0.000000000

   26   Si          Up spin      Down spin     Sum           Diff           Angles(Deg)
            multiple
  s           0    0.628442681  0.628442681   1.256885363   0.000000000    90.0000    0.0000
   sum over m      0.628442681  0.628442681   1.256885363   0.000000000
  s           1    0.000986034  0.000986034   0.001972069   0.000000000    90.0000    0.0000
   sum over m      0.000986034  0.000986034   0.001972069   0.000000000
   sum over m+mul  0.629428716  0.629428716   1.258857432   0.000000000
  px          0    0.419530150  0.419530150   0.839060301   0.000000000    90.0000    0.0000
  py          0    0.419578562  0.419578562   0.839157124   0.000000000    90.0000    0.0000
  pz          0    0.419547285  0.419547285   0.839094570   0.000000000    90.0000    0.0000
   sum over m      1.258655997  1.258655997   2.517311994   0.000000000
  px          1    0.003159483  0.003159483   0.006318965   0.000000000    90.0000    0.0000
  py          1    0.003157308  0.003157308   0.006314616   0.000000000    90.0000    0.0000
  pz          1    0.003153453  0.003153453   0.006306905   0.000000000    90.0000    0.0000
   sum over m      0.009470243  0.009470243   0.018940487   0.000000000
   sum over m+mul  1.268126241  1.268126241   2.536252481   0.000000000
  d3z^2-r^2   0    0.011947976  0.011947976   0.023895952   0.000000000    90.0000    0.0000
  dx^2-y^2    0    0.011943867  0.011943867   0.023887735   0.000000000    90.0000    0.0000
  dxy         0    0.026161010  0.026161010   0.052322019   0.000000000    90.0000    0.0000
  dxz         0    0.026158271  0.026158271   0.052316541   0.000000000    90.0000    0.0000
  dyz         0    0.026157525  0.026157525   0.052315050   0.000000000    90.0000    0.0000
   sum over m      0.102368649  0.102368649   0.204737298   0.000000000
   sum over m+mul  0.102368649  0.102368649   0.204737298   0.000000000

   27   Si          Up spin      Down spin     Sum           Diff           Angles(Deg)
            multiple
  s           0    0.628488397  0.628488397   1.256976795   0.000000000    90.0000    0.0000
   sum over m      0.628488397  0.628488397   1.256976795   0.000000000
  s           1    0.001001676  0.001001676   0.002003351   0.000000000    90.0000    0.0000
   sum over m      0.001001676  0.001001676   0.002003351   0.000000000
   sum over m+mul  0.629490073  0.629490073   1.258980146   0.000000000
  px          0    0.419578385  0.419578385   0.839156769   0.000000000    90.0000    0.0000
  py          0    0.419578127  0.419578127   0.839156254   0.000000000    90.0000    0.0000
  pz          0    0.419578069  0.419578069   0.839156138   0.000000000    90.0000    0.0000
   sum over m      1.258734581  1.258734581   2.517469162   0.000000000
  px          1    0.003162692  0.003162692   0.006325385   0.000000000    90.0000    0.0000
  py          1    0.003162661  0.003162661   0.006325321   0.000000000    90.0000    0.0000
  pz          1    0.003162683  0.003162683   0.006325366   0.000000000    90.0000    0.0000
   sum over m      0.009488036  0.009488036   0.018976072   0.000000000
   sum over m+mul  1.268222617  1.268222617   2.536445234   0.000000000
  d3z^2-r^2   0    0.011946336  0.011946336   0.023892671   0.000000000    90.0000    0.0000
  dx^2-y^2    0    0.011946319  0.011946319   0.023892638   0.000000000    90.0000    0.0000
  dxy         0    0.026158474  0.026158474   0.052316948   0.000000000    90.0000    0.0000
  dxz         0    0.026158393  0.026158393   0.052316786   0.000000000    90.0000    0.0000
  dyz         0    0.026158368  0.026158368   0.052316736   0.000000000    90.0000    0.0000
   sum over m      0.102367889  0.102367889   0.204735778   0.000000000
   sum over m+mul  0.102367889  0.102367889   0.204735778   0.000000000

   28   Si          Up spin      Down spin     Sum           Diff           Angles(Deg)
            multiple
  s           0    0.628489698  0.628489698   1.256979397   0.000000000    90.0000    0.0000
   sum over m      0.628489698  0.628489698   1.256979397   0.000000000
  s           1    0.001002410  0.001002410   0.002004820   0.000000000    90.0000    0.0000
   sum over m      0.001002410  0.001002410   0.002004820   0.000000000
   sum over m+mul  0.629492108  0.629492108   1.258984217   0.000000000
  px          0    0.419574597  0.419574597   0.839149193   0.000000000    90.0000    0.0000
  py          0    0.419575013  0.419575013   0.839150026   0.000000000    90.0000    0.0000
  pz          0    0.419574236  0.419574236   0.839148473   0.000000000    90.0000    0.0000
   sum over m      1.258723846  1.258723846   2.517447692   0.000000000
  px          1    0.003163130  0.003163130   0.006326259   0.000000000    90.0000    0.0000
  py          1    0.003163071  0.003163071   0.006326142   0.000000000    90.0000    0.0000
  pz          1    0.003161867  0.003161867   0.006323735   0.000000000    90.0000    0.0000
   sum over m      0.009488068  0.009488068   0.018976137   0.000000000
   sum over m+mul  1.268211914  1.268211914   2.536423829   0.000000000
  d3z^2-r^2   0    0.011947079  0.011947079   0.023894158   0.000000000    90.0000    0.0000
  dx^2-y^2    0    0.011946217  0.011946217   0.023892434   0.000000000    90.0000    0.0000
  dxy         0    0.026157996  0.026157996   0.052315992   0.000000000    90.0000    0.0000
  dxz         0    0.026158157  0.026158157   0.052316314   0.000000000    90.0000    0.0000
  dyz         0    0.026157118  0.026157118   0.052314236   0.000000000    90.0000    0.0000
   sum over m      0.102366567  0.102366567   0.204733133   0.000000000
   sum over m+mul  0.102366567  0.102366567   0.204733133   0.000000000

   29   Si          Up spin      Down spin     Sum           Diff           Angles(Deg)
            multiple
  s           0    0.628448287  0.628448287   1.256896574   0.000000000    90.0000    0.0000
   sum over m      0.628448287  0.628448287   1.256896574   0.000000000
  s           1    0.000980949  0.000980949   0.001961898   0.000000000    90.0000    0.0000
   sum over m      0.000980949  0.000980949   0.001961898   0.000000000
   sum over m+mul  0.629429236  0.629429236   1.258858472   0.000000000
  px          0    0.419562207  0.419562207   0.839124413   0.000000000    90.0000    0.0000
  py          0    0.419560535  0.419560535   0.839121071   0.000000000    90.0000    0.0000
  pz          0    0.419595228  0.419595228   0.839190455   0.000000000    90.0000    0.0000
   sum over m      1.258717970  1.258717970   2.517435940   0.000000000
  px          1    0.003154273  0.003154273   0.006308545   0.000000000    90.0000    0.0000
  py          1    0.003155744  0.003155744   0.006311487   0.000000000    90.0000    0.0000
  pz          1    0.003156981  0.003156981   0.006313962   0.000000000    90.0000    0.0000
   sum over m      0.009466997  0.009466997   0.018933994   0.000000000
   sum over m+mul  1.268184967  1.268184967   2.536369934   0.000000000
  d3z^2-r^2   0    0.011946845  0.011946845   0.023893691   0.000000000    90.0000    0.0000
  dx^2-y^2    0    0.011945208  0.011945208   0.023890417   0.000000000    90.0000    0.0000
  dxy         0    0.026159242  0.026159242   0.052318484   0.000000000    90.0000    0.0000
  dxz         0    0.026158109  0.026158109   0.052316219   0.000000000    90.0000    0.0000
  dyz         0    0.026157178  0.026157178   0.052314356   0.000000000    90.0000    0.0000
   sum over m      0.102366583  0.102366583   0.204733166   0.000000000
   sum over m+mul  0.102366583  0.102366583   0.204733166   0.000000000

   30   Si          Up spin      Down spin     Sum           Diff           Angles(Deg)
            multiple
  s           0    0.628449798  0.628449798   1.256899595   0.000000000    90.0000    0.0000
   sum over m      0.628449798  0.628449798   1.256899595   0.000000000
  s           1    0.000980118  0.000980118   0.001960237   0.000000000    90.0000    0.0000
   sum over m      0.000980118  0.000980118   0.001960237   0.000000000
   sum over m+mul  0.629429916  0.629429916   1.258859832   0.000000000
  px          0    0.419573757  0.419573757   0.839147513   0.000000000    90.0000    0.0000
  py          0    0.419594561  0.419594561   0.839189123   0.000000000    90.0000    0.0000
  pz          0    0.419546072  0.419546072   0.839092145   0.000000000    90.0000    0.0000
   sum over m      1.258714390  1.258714390   2.517428781   0.000000000
  px          1    0.003151082  0.003151082   0.006302163   0.000000000    90.0000    0.0000
  py          1    0.003157335  0.003157335   0.006314670   0.000000000    90.0000    0.0000
  pz          1    0.003157288  0.003157288   0.006314576   0.000000000    90.0000    0.0000
   sum over m      0.009465705  0.009465705   0.018931410   0.000000000
   sum over m+mul  1.268180095  1.268180095   2.536360190   0.000000000
  d3z^2-r^2   0    0.011945978  0.011945978   0.023891956   0.000000000    90.0000    0.0000
  dx^2-y^2    0    0.011947173  0.011947173   0.023894346   0.000000000    90.0000    0.0000
  dxy         0    0.026158821  0.026158821   0.052317642   0.000000000    90.0000    0.0000
  dxz         0    0.026158814  0.026158814   0.052317629   0.000000000    90.0000    0.0000
  dyz         0    0.026156135  0.026156135   0.052312269   0.000000000    90.0000    0.0000
   sum over m      0.102366921  0.102366921   0.204733842   0.000000000
   sum over m+mul  0.102366921  0.102366921   0.204733842   0.000000000

   31   Si          Up spin      Down spin     Sum           Diff           Angles(Deg)
            multiple
  s           0    0.628453791  0.628453791   1.256907581   0.000000000    90.0000    0.0000
   sum over m      0.628453791  0.628453791   1.256907581   0.000000000
  s           1    0.000982366  0.000982366   0.001964731   0.000000000    90.0000    0.0000
   sum over m      0.000982366  0.000982366   0.001964731   0.000000000
   sum over m+mul  0.629436156  0.629436156   1.258872313   0.000000000
  px          0    0.419581561  0.419581561   0.839163121   0.000000000    90.0000    0.0000
  py          0    0.419553231  0.419553231   0.839106461   0.000000000    90.0000    0.0000
  pz          0    0.419552806  0.419552806   0.839105611   0.000000000    90.0000    0.0000
   sum over m      1.258687597  1.258687597   2.517375193   0.000000000
  px          1    0.003158600  0.003158600   0.006317199   0.000000000    90.0000    0.0000
  py          1    0.003153700  0.003153700   0.006307399   0.000000000    90.0000    0.0000
  pz          1    0.003152260  0.003152260   0.006304520   0.000000000    90.0000    0.0000
   sum over m      0.009464559  0.009464559   0.018929119   0.000000000
   sum over m+mul  1.268152156  1.268152156   2.536304312   0.000000000
  d3z^2-r^2   0    0.011947575  0.011947575   0.023895150   0.000000000    90.0000    0.0000
  dx^2-y^2    0    0.011944480  0.011944480   0.023888960   0.000000000    90.0000    0.0000
  dxy         0    0.026160030  0.026160030   0.052320060   0.000000000    90.0000    0.0000
  dxz         0    0.026157346  0.026157346   0.052314692   0.000000000    90.0000    0.0000
  dyz         0    0.026159769  0.026159769   0.052319538   0.000000000    90.0000    0.0000
   sum over m      0.102369200  0.102369200   0.204738400   0.000000000
   sum over m+mul  0.102369200  0.102369200   0.204738400   0.000000000

   32   Si          Up spin      Down spin     Sum           Diff           Angles(Deg)
            multiple
  s           0    0.628500130  0.628500130   1.257000259   0.000000000    90.0000    0.0000
   sum over m      0.628500130  0.628500130   1.257000259   0.000000000
  s           1    0.000998171  0.000998171   0.001996342   0.000000000    90.0000    0.0000
   sum over m      0.000998171  0.000998171   0.001996342   0.000000000
   sum over m+mul  0.629498301  0.629498301   1.258996601   0.000000000
  px          0    0.419547674  0.419547674   0.839095348   0.000000000    90.0000    0.0000
  py          0    0.419556711  0.419556711   0.839113422   0.000000000    90.0000    0.0000
  pz          0    0.419560726  0.419560726   0.839121452   0.000000000    90.0000    0.0000
   sum over m      1.258665111  1.258665111   2.517330222   0.000000000
  px          1    0.003167121  0.003167121   0.006334242   0.000000000    90.0000    0.0000
  py          1    0.003164433  0.003164433   0.006328865   0.000000000    90.0000    0.0000
  pz          1    0.003164561  0.003164561   0.006329123   0.000000000    90.0000    0.0000
   sum over m      0.009496115  0.009496115   0.018992230   0.000000000
   sum over m+mul  1.268161226  1.268161226   2.536322452   0.000000000
  d3z^2-r^2   0    0.011946874  0.011946874   0.023893747   0.000000000    90.0000    0.0000
  dx^2-y^2    0    0.011946311  0.011946311   0.023892622   0.000000000    90.0000    0.0000
  dxy         0    0.026157588  0.026157588   0.052315177   0.000000000    90.0000    0.0000
  dxz         0    0.026158251  0.026158251   0.052316502   0.000000000    90.0000    0.0000
  dyz         0    0.026160283  0.026160283   0.052320566   0.000000000    90.0000    0.0000
   sum over m      0.102369307  0.102369307   0.204738614   0.000000000
   sum over m+mul  0.102369307  0.102369307   0.204738614   0.000000000

   33   Si          Up spin      Down spin     Sum           Diff           Angles(Deg)
            multiple
  s           0    0.628425754  0.628425754   1.256851508   0.000000000    90.0000    0.0000
   sum over m      0.628425754  0.628425754   1.256851508   0.000000000
  s           1    0.000974422  0.000974422   0.001948845   0.000000000    90.0000    0.0000
   sum over m      0.000974422  0.000974422   0.001948845   0.000000000
   sum over m+mul  0.629400176  0.629400176   1.258800353   0.000000000
  px          0    0.419650783  0.419650783   0.839301566   0.000000000    90.0000    0.0000
  py          0    0.419541593  0.419541593   0.839083185   0.000000000    90.0000    0.0000
  pz          0    0.419541595  0.419541595   0.839083190   0.000000000    90.0000    0.0000
   sum over m      1.258733971  1.258733971   2.517467941   0.000000000
  px          1    0.003146774  0.003146774   0.006293548   0.000000000    90.0000    0.0000
  py          1    0.003161286  0.003161286   0.006322572   0.000000000    90.0000    0.0000
  pz          1    0.003161286  0.003161286   0.006322573   0.000000000    90.0000    0.0000
   sum over m      0.009469346  0.009469346   0.018938693   0.000000000
   sum over m+mul  1.268203317  1.268203317   2.536406634   0.000000000
  d3z^2-r^2   0    0.011943774  0.011943774   0.023887549   0.000000000    90.0000    0.0000
  dx^2-y^2    0    0.011954008  0.011954008   0.023908016   0.000000000    90.0000    0.0000
  dxy         0    0.026155973  0.026155973   0.052311946   0.000000000    90.0000    0.0000
  dxz         0    0.026155973  0.026155973   0.052311946   0.000000000    90.0000    0.0000
  dyz         0    0.026165601  0.026165601   0.052331202   0.000000000    90.0000    0.0000
   sum over m      0.102375330  0.102375330   0.204750659   0.000000000
   sum over m+mul  0.102375330  0.102375330   0.204750659   0.000000000

   34   Si          Up spin      Down spin     Sum           Diff           Angles(Deg)
            multiple
  s           0    0.628449242  0.628449242   1.256898484   0.000000000    90.0000    0.0000
   sum over m      0.628449242  0.628449242   1.256898484   0.000000000
  s           1    0.000981352  0.000981352   0.001962705   0.000000000    90.0000    0.0000
   sum over m      0.000981352  0.000981352   0.001962705   0.000000000
   sum over m+mul  0.629430595  0.629430595   1.258861189   0.000000000
  px          0    0.419550806  0.419550806   0.839101612   0.000000000    90.0000    0.0000
  py          0    0.419592088  0.419592088   0.839184175   0.000000000    90.0000    0.0000
  pz          0    0.419556104  0.419556104   0.839112208   0.000000000    90.0000    0.0000
   sum over m      1.258698998  1.258698998   2.517397995   0.000000000
  px          1    0.003156463  0.003156463   0.006312926   0.000000000    90.0000    0.0000
  py          1    0.003158071  0.003158071   0.006316143   0.000000000    90.0000    0.0000
  pz          1    0.003155607  0.003155607   0.006311214   0.000000000    90.0000    0.0000
   sum over m      0.009470141  0.009470141   0.018940282   0.000000000
   sum over m+mul  1.268169139  1.268169139   2.536338277   0.000000000
  d3z^2-r^2   0    0.011947793  0.011947793   0.023895586   0.000000000    90.0000    0.0000
  dx^2-y^2    0    0.011948037  0.011948037   0.023896074   0.000000000    90.0000    0.0000
  dxy         0    0.026159297  0.026159297   0.052318594   0.000000000    90.0000    0.0000
  dxz         0    0.026158569  0.026158569   0.052317137   0.000000000    90.0000    0.0000
  dyz         0    0.026158479  0.026158479   0.052316959   0.000000000    90.0000    0.0000
   sum over m      0.102372175  0.102372175   0.204744350   0.000000000
   sum over m+mul  0.102372175  0.102372175   0.204744350   0.000000000

   35   Si          Up spin      Down spin     Sum           Diff           Angles(Deg)
            multiple
  s           0    0.628492823  0.628492823   1.256985646   0.000000000    90.0000    0.0000
   sum over m      0.628492823  0.628492823   1.256985646   0.000000000
  s           1    0.001002940  0.001002940   0.002005881   0.000000000    90.0000    0.0000
   sum over m      0.001002940  0.001002940   0.002005881   0.000000000
   sum over m+mul  0.629495763  0.629495763   1.258991527   0.000000000
  px          0    0.419572698  0.419572698   0.839145396   0.000000000    90.0000    0.0000
  py          0    0.419571709  0.419571709   0.839143418   0.000000000    90.0000    0.0000
  pz          0    0.419571712  0.419571712   0.839143425   0.000000000    90.0000    0.0000
   sum over m      1.258716119  1.258716119   2.517432238   0.000000000
  px          1    0.003164304  0.003164304   0.006328608   0.000000000    90.0000    0.0000
  py          1    0.003164162  0.003164162   0.006328323   0.000000000    90.0000    0.0000
  pz          1    0.003164161  0.003164161   0.006328323   0.000000000    90.0000    0.0000
   sum over m      0.009492627  0.009492627   0.018985254   0.000000000
   sum over m+mul  1.268208746  1.268208746   2.536417492   0.000000000
  d3z^2-r^2   0    0.011946385  0.011946385   0.023892770   0.000000000    90.0000    0.0000
  dx^2-y^2    0    0.011946618  0.011946618   0.023893235   0.000000000    90.0000    0.0000
  dxy         0    0.026158303  0.026158303   0.052316605   0.000000000    90.0000    0.0000
  dxz         0    0.026158303  0.026158303   0.052316605   0.000000000    90.0000    0.0000
  dyz         0    0.026158287  0.026158287   0.052316574   0.000000000    90.0000    0.0000
   sum over m      0.102367895  0.102367895   0.204735790   0.000000000
   sum over m+mul  0.102367895  0.102367895   0.204735790   0.000000000

   36   Si          Up spin      Down spin     Sum           Diff           Angles(Deg)
            multiple
  s           0    0.628449242  0.628449242   1.256898484   0.000000000    90.0000    0.0000
   sum over m      0.628449242  0.628449242   1.256898484   0.000000000
  s           1    0.000981352  0.000981352   0.001962704   0.000000000    90.0000    0.0000
   sum over m      0.000981352  0.000981352   0.001962704   0.000000000
   sum over m+mul  0.629430594  0.629430594   1.258861188   0.000000000
  px          0    0.419550807  0.419550807   0.839101615   0.000000000    90.0000    0.0000
  py          0    0.419556102  0.419556102   0.839112205   0.000000000    90.0000    0.0000
  pz          0    0.419592090  0.419592090   0.839184179   0.000000000    90.0000    0.0000
   sum over m      1.258698999  1.258698999   2.517397999   0.000000000
  px          1    0.003156463  0.003156463   0.006312926   0.000000000    90.0000    0.0000
  py          1    0.003155607  0.003155607   0.006311213   0.000000000    90.0000    0.0000
  pz          1    0.003158071  0.003158071   0.006316142   0.000000000    90.0000    0.0000
   sum over m      0.009470141  0.009470141   0.018940281   0.000000000
   sum over m+mul  1.268169140  1.268169140   2.536338280   0.000000000
  d3z^2-r^2   0    0.011947136  0.011947136   0.023894273   0.000000000    90.0000    0.0000
  dx^2-y^2    0    0.011948694  0.011948694   0.023897388   0.000000000    90.0000    0.0000
  dxy         0    0.026158568  0.026158568   0.052317137   0.000000000    90.0000    0.0000
  dxz         0    0.026159297  0.026159297   0.052318594   0.000000000    90.0000    0.0000
  dyz         0    0.026158479  0.026158479   0.052316958   0.000000000    90.0000    0.0000
   sum over m      0.102372175  0.102372175   0.204744350   0.000000000
   sum over m+mul  0.102372175  0.102372175   0.204744350   0.000000000

   37   Si          Up spin      Down spin     Sum           Diff           Angles(Deg)
            multiple
  s           0    0.628488177  0.628488177   1.256976354   0.000000000    90.0000    0.0000
   sum over m      0.628488177  0.628488177   1.256976354   0.000000000
  s           1    0.001002217  0.001002217   0.002004433   0.000000000    90.0000    0.0000
   sum over m      0.001002217  0.001002217   0.002004433   0.000000000
   sum over m+mul  0.629490393  0.629490393   1.258980787   0.000000000
  px          0    0.419587629  0.419587629   0.839175257   0.000000000    90.0000    0.0000
  py          0    0.419577258  0.419577258   0.839154517   0.000000000    90.0000    0.0000
  pz          0    0.419577261  0.419577261   0.839154522   0.000000000    90.0000    0.0000
   sum over m      1.258742148  1.258742148   2.517484296   0.000000000
  px          1    0.003161523  0.003161523   0.006323047   0.000000000    90.0000    0.0000
  py          1    0.003162568  0.003162568   0.006325136   0.000000000    90.0000    0.0000
  pz          1    0.003162568  0.003162568   0.006325136   0.000000000    90.0000    0.0000
   sum over m      0.009486660  0.009486660   0.018973319   0.000000000
   sum over m+mul  1.268228808  1.268228808   2.536457615   0.000000000
  d3z^2-r^2   0    0.011946105  0.011946105   0.023892210   0.000000000    90.0000    0.0000
  dx^2-y^2    0    0.011945781  0.011945781   0.023891562   0.000000000    90.0000    0.0000
  dxy         0    0.026158563  0.026158563   0.052317126   0.000000000    90.0000    0.0000
  dxz         0    0.026158563  0.026158563   0.052317126   0.000000000    90.0000    0.0000
  dyz         0    0.026156168  0.026156168   0.052312336   0.000000000    90.0000    0.0000
   sum over m      0.102365180  0.102365180   0.204730360   0.000000000
   sum over m+mul  0.102365180  0.102365180   0.204730360   0.000000000

   38   Si          Up spin      Down spin     Sum           Diff           Angles(Deg)
            multiple
  s           0    0.628439602  0.628439602   1.256879205   0.000000000    90.0000    0.0000
   sum over m      0.628439602  0.628439602   1.256879205   0.000000000
  s           1    0.000979298  0.000979298   0.001958596   0.000000000    90.0000    0.0000
   sum over m      0.000979298  0.000979298   0.001958596   0.000000000
   sum over m+mul  0.629418900  0.629418900   1.258837801   0.000000000
  px          0    0.419615015  0.419615015   0.839230029   0.000000000    90.0000    0.0000
  py          0    0.419546638  0.419546638   0.839093276   0.000000000    90.0000    0.0000
  pz          0    0.419546640  0.419546640   0.839093281   0.000000000    90.0000    0.0000
   sum over m      1.258708293  1.258708293   2.517416586   0.000000000
  px          1    0.003155898  0.003155898   0.006311796   0.000000000    90.0000    0.0000
  py          1    0.003156322  0.003156322   0.006312644   0.000000000    90.0000    0.0000
  pz          1    0.003156322  0.003156322   0.006312644   0.000000000    90.0000    0.0000
   sum over m      0.009468542  0.009468542   0.018937084   0.000000000
   sum over m+mul  1.268176835  1.268176835   2.536353670   0.000000000
  d3z^2-r^2   0    0.011946145  0.011946145   0.023892289   0.000000000    90.0000    0.0000
  dx^2-y^2    0    0.011945934  0.011945934   0.023891868   0.000000000    90.0000    0.0000
  dxy         0    0.026158621  0.026158621   0.052317242   0.000000000    90.0000    0.0000
  dxz         0    0.026158621  0.026158621   0.052317242   0.000000000    90.0000    0.0000
  dyz         0    0.026156685  0.026156685   0.052313370   0.000000000    90.0000    0.0000
   sum over m      0.102366005  0.102366005   0.204732011   0.000000000
   sum over m+mul  0.102366005  0.102366005   0.204732011   0.000000000

   39   Si          Up spin      Down spin     Sum           Diff           Angles(Deg)
            multiple
  s           0    0.628453027  0.628453027   1.256906053   0.000000000    90.0000    0.0000
   sum over m      0.628453027  0.628453027   1.256906053   0.000000000
  s           1    0.000982870  0.000982870   0.001965740   0.000000000    90.0000    0.0000
   sum over m      0.000982870  0.000982870   0.001965740   0.000000000
   sum over m+mul  0.629435897  0.629435897   1.258871793   0.000000000
  px          0    0.419516908  0.419516908   0.839033815   0.000000000    90.0000    0.0000
  py          0    0.419603165  0.419603165   0.839206331   0.000000000    90.0000    0.0000
  pz          0    0.419545150  0.419545150   0.839090300   0.000000000    90.0000    0.0000
   sum over m      1.258665223  1.258665223   2.517330447   0.000000000
  px          1    0.003162889  0.003162889   0.006325777   0.000000000    90.0000    0.0000
  py          1    0.003154223  0.003154223   0.006308447   0.000000000    90.0000    0.0000
  pz          1    0.003153604  0.003153604   0.006307209   0.000000000    90.0000    0.0000
   sum over m      0.009470716  0.009470716   0.018941433   0.000000000
   sum over m+mul  1.268135940  1.268135940   2.536271879   0.000000000
  d3z^2-r^2   0    0.011948150  0.011948150   0.023896299   0.000000000    90.0000    0.0000
  dx^2-y^2    0    0.011942313  0.011942313   0.023884626   0.000000000    90.0000    0.0000
  dxy         0    0.026160495  0.026160495   0.052320990   0.000000000    90.0000    0.0000
  dxz         0    0.026160954  0.026160954   0.052321909   0.000000000    90.0000    0.0000
  dyz         0    0.026156814  0.026156814   0.052313628   0.000000000    90.0000    0.0000
   sum over m      0.102368726  0.102368726   0.204737453   0.000000000
   sum over m+mul  0.102368726  0.102368726   0.204737453   0.000000000

   40   Si          Up spin      Down spin     Sum           Diff           Angles(Deg)
            multiple
  s           0    0.628453026  0.628453026   1.256906052   0.000000000    90.0000    0.0000
   sum over m      0.628453026  0.628453026   1.256906052   0.000000000
  s           1    0.000982870  0.000982870   0.001965740   0.000000000    90.0000    0.0000
   sum over m      0.000982870  0.000982870   0.001965740   0.000000000
   sum over m+mul  0.629435896  0.629435896   1.258871792   0.000000000
  px          0    0.419516908  0.419516908   0.839033816   0.000000000    90.0000    0.0000
  py          0    0.419545148  0.419545148   0.839090295   0.000000000    90.0000    0.0000
  pz          0    0.419603167  0.419603167   0.839206334   0.000000000    90.0000    0.0000
   sum over m      1.258665222  1.258665222   2.517330445   0.000000000
  px          1    0.003162889  0.003162889   0.006325778   0.000000000    90.0000    0.0000
  py          1    0.003153604  0.003153604   0.006307209   0.000000000    90.0000    0.0000
  pz          1    0.003154223  0.003154223   0.006308447   0.000000000    90.0000    0.0000
   sum over m      0.009470717  0.009470717   0.018941433   0.000000000
   sum over m+mul  1.268135939  1.268135939   2.536271878   0.000000000
  d3z^2-r^2   0    0.011948320  0.011948320   0.023896640   0.000000000    90.0000    0.0000
  dx^2-y^2    0    0.011942143  0.011942143   0.023884286   0.000000000    90.0000    0.0000
  dxy         0    0.026160954  0.026160954   0.052321909   0.000000000    90.0000    0.0000
  dxz         0    0.026160495  0.026160495   0.052320990   0.000000000    90.0000    0.0000
  dyz         0    0.026156814  0.026156814   0.052313628   0.000000000    90.0000    0.0000
   sum over m      0.102368727  0.102368727   0.204737453   0.000000000
   sum over m+mul  0.102368727  0.102368727   0.204737453   0.000000000

   41   Si          Up spin      Down spin     Sum           Diff           Angles(Deg)
            multiple
  s           0    0.628466422  0.628466422   1.256932844   0.000000000    90.0000    0.0000
   sum over m      0.628466422  0.628466422   1.256932844   0.000000000
  s           1    0.000985649  0.000985649   0.001971297   0.000000000    90.0000    0.0000
   sum over m      0.000985649  0.000985649   0.001971297   0.000000000
   sum over m+mul  0.629452071  0.629452071   1.258904142   0.000000000
  px          0    0.419511766  0.419511766   0.839023532   0.000000000    90.0000    0.0000
  py          0    0.419593434  0.419593434   0.839186868   0.000000000    90.0000    0.0000
  pz          0    0.419560018  0.419560018   0.839120036   0.000000000    90.0000    0.0000
   sum over m      1.258665218  1.258665218   2.517330436   0.000000000
  px          1    0.003165198  0.003165198   0.006330396   0.000000000    90.0000    0.0000
  py          1    0.003153000  0.003153000   0.006306000   0.000000000    90.0000    0.0000
  pz          1    0.003149764  0.003149764   0.006299527   0.000000000    90.0000    0.0000
   sum over m      0.009467962  0.009467962   0.018935923   0.000000000
   sum over m+mul  1.268133179  1.268133179   2.536266359   0.000000000
  d3z^2-r^2   0    0.011949277  0.011949277   0.023898554   0.000000000    90.0000    0.0000
  dx^2-y^2    0    0.011939555  0.011939555   0.023879109   0.000000000    90.0000    0.0000
  dxy         0    0.026160793  0.026160793   0.052321587   0.000000000    90.0000    0.0000
  dxz         0    0.026161313  0.026161313   0.052322627   0.000000000    90.0000    0.0000
  dyz         0    0.026152611  0.026152611   0.052305221   0.000000000    90.0000    0.0000
   sum over m      0.102363549  0.102363549   0.204727098   0.000000000
   sum over m+mul  0.102363549  0.102363549   0.204727098   0.000000000

   42   Si          Up spin      Down spin     Sum           Diff           Angles(Deg)
            multiple
  s           0    0.628437215  0.628437215   1.256874430   0.000000000    90.0000    0.0000
   sum over m      0.628437215  0.628437215   1.256874430   0.000000000
  s           1    0.000979350  0.000979350   0.001958700   0.000000000    90.0000    0.0000
   sum over m      0.000979350  0.000979350   0.001958700   0.000000000
   sum over m+mul  0.629416565  0.629416565   1.258833130   0.000000000
  px          0    0.419612187  0.419612187   0.839224374   0.000000000    90.0000    0.0000
  py          0    0.419547264  0.419547264   0.839094528   0.000000000    90.0000    0.0000
  pz          0    0.419554405  0.419554405   0.839108809   0.000000000    90.0000    0.0000
   sum over m      1.258713856  1.258713856   2.517427712   0.000000000
  px          1    0.003158158  0.003158158   0.006316315   0.000000000    90.0000    0.0000
  py          1    0.003157603  0.003157603   0.006315207   0.000000000    90.0000    0.0000
  pz          1    0.003157909  0.003157909   0.006315817   0.000000000    90.0000    0.0000
   sum over m      0.009473669  0.009473669   0.018947339   0.000000000
   sum over m+mul  1.268187525  1.268187525   2.536375051   0.000000000
  d3z^2-r^2   0    0.011941797  0.011941797   0.023883595   0.000000000    90.0000    0.0000
  dx^2-y^2    0    0.011952158  0.011952158   0.023904315   0.000000000    90.0000    0.0000
  dxy         0    0.026153194  0.026153194   0.052306389   0.000000000    90.0000    0.0000
  dxz         0    0.026161621  0.026161621   0.052323242   0.000000000    90.0000    0.0000
  dyz         0    0.026162316  0.026162316   0.052324632   0.000000000    90.0000    0.0000
   sum over m      0.102371087  0.102371087   0.204742173   0.000000000
   sum over m+mul  0.102371087  0.102371087   0.204742173   0.000000000

   43   Si          Up spin      Down spin     Sum           Diff           Angles(Deg)
            multiple
  s           0    0.628450651  0.628450651   1.256901302   0.000000000    90.0000    0.0000
   sum over m      0.628450651  0.628450651   1.256901302   0.000000000
  s           1    0.000981664  0.000981664   0.001963327   0.000000000    90.0000    0.0000
   sum over m      0.000981664  0.000981664   0.001963327   0.000000000
   sum over m+mul  0.629432315  0.629432315   1.258864629   0.000000000
  px          0    0.419555437  0.419555437   0.839110873   0.000000000    90.0000    0.0000
  py          0    0.419555183  0.419555183   0.839110367   0.000000000    90.0000    0.0000
  pz          0    0.419588512  0.419588512   0.839177024   0.000000000    90.0000    0.0000
   sum over m      1.258699132  1.258699132   2.517398264   0.000000000
  px          1    0.003154817  0.003154817   0.006309634   0.000000000    90.0000    0.0000
  py          1    0.003154780  0.003154780   0.006309560   0.000000000    90.0000    0.0000
  pz          1    0.003158049  0.003158049   0.006316097   0.000000000    90.0000    0.0000
   sum over m      0.009467646  0.009467646   0.018935292   0.000000000
   sum over m+mul  1.268166778  1.268166778   2.536333556   0.000000000
  d3z^2-r^2   0    0.011946536  0.011946536   0.023893073   0.000000000    90.0000    0.0000
  dx^2-y^2    0    0.011946379  0.011946379   0.023892757   0.000000000    90.0000    0.0000
  dxy         0    0.026159153  0.026159153   0.052318306   0.000000000    90.0000    0.0000
  dxz         0    0.026158553  0.026158553   0.052317106   0.000000000    90.0000    0.0000
  dyz         0    0.026158527  0.026158527   0.052317055   0.000000000    90.0000    0.0000
   sum over m      0.102369148  0.102369148   0.204738297   0.000000000
   sum over m+mul  0.102369148  0.102369148   0.204738297   0.000000000

   44   Si          Up spin      Down spin     Sum           Diff           Angles(Deg)
            multiple
  s           0    0.628489969  0.628489969   1.256979938   0.000000000    90.0000    0.0000
   sum over m      0.628489969  0.628489969   1.256979938   0.000000000
  s           1    0.001002902  0.001002902   0.002005803   0.000000000    90.0000    0.0000
   sum over m      0.001002902  0.001002902   0.002005803   0.000000000
   sum over m+mul  0.629492870  0.629492870   1.258985741   0.000000000
  px          0    0.419568153  0.419568153   0.839136306   0.000000000    90.0000    0.0000
  py          0    0.419573448  0.419573448   0.839146896   0.000000000    90.0000    0.0000
  pz          0    0.419576042  0.419576042   0.839152084   0.000000000    90.0000    0.0000
   sum over m      1.258717643  1.258717643   2.517435287   0.000000000
  px          1    0.003165941  0.003165941   0.006331883   0.000000000    90.0000    0.0000
  py          1    0.003165082  0.003165082   0.006330164   0.000000000    90.0000    0.0000
  pz          1    0.003164307  0.003164307   0.006328615   0.000000000    90.0000    0.0000
   sum over m      0.009495331  0.009495331   0.018990662   0.000000000
   sum over m+mul  1.268212974  1.268212974   2.536425949   0.000000000
  d3z^2-r^2   0    0.011946845  0.011946845   0.023893690   0.000000000    90.0000    0.0000
  dx^2-y^2    0    0.011948544  0.011948544   0.023897088   0.000000000    90.0000    0.0000
  dxy         0    0.026157862  0.026157862   0.052315724   0.000000000    90.0000    0.0000
  dxz         0    0.026159110  0.026159110   0.052318220   0.000000000    90.0000    0.0000
  dyz         0    0.026158292  0.026158292   0.052316584   0.000000000    90.0000    0.0000
   sum over m      0.102370653  0.102370653   0.204741306   0.000000000
   sum over m+mul  0.102370653  0.102370653   0.204741306   0.000000000

   45   Si          Up spin      Down spin     Sum           Diff           Angles(Deg)
            multiple
  s           0    0.628490523  0.628490523   1.256981045   0.000000000    90.0000    0.0000
   sum over m      0.628490523  0.628490523   1.256981045   0.000000000
  s           1    0.001001656  0.001001656   0.002003313   0.000000000    90.0000    0.0000
   sum over m      0.001001656  0.001001656   0.002003313   0.000000000
   sum over m+mul  0.629492179  0.629492179   1.258984358   0.000000000
  px          0    0.419591108  0.419591108   0.839182217   0.000000000    90.0000    0.0000
  py          0    0.419578516  0.419578516   0.839157032   0.000000000    90.0000    0.0000
  pz          0    0.419563417  0.419563417   0.839126834   0.000000000    90.0000    0.0000
   sum over m      1.258733041  1.258733041   2.517466083   0.000000000
  px          1    0.003160556  0.003160556   0.006321113   0.000000000    90.0000    0.0000
  py          1    0.003163566  0.003163566   0.006327131   0.000000000    90.0000    0.0000
  pz          1    0.003166759  0.003166759   0.006333519   0.000000000    90.0000    0.0000
   sum over m      0.009490881  0.009490881   0.018981762   0.000000000
   sum over m+mul  1.268223923  1.268223923   2.536447845   0.000000000
  d3z^2-r^2   0    0.011945792  0.011945792   0.023891585   0.000000000    90.0000    0.0000
  dx^2-y^2    0    0.011946917  0.011946917   0.023893834   0.000000000    90.0000    0.0000
  dxy         0    0.026158635  0.026158635   0.052317269   0.000000000    90.0000    0.0000
  dxz         0    0.026158108  0.026158108   0.052316216   0.000000000    90.0000    0.0000
  dyz         0    0.026155947  0.026155947   0.052311895   0.000000000    90.0000    0.0000
   sum over m      0.102365399  0.102365399   0.204730798   0.000000000
   sum over m+mul  0.102365399  0.102365399   0.204730798   0.000000000

   46   Si          Up spin      Down spin     Sum           Diff           Angles(Deg)
            multiple
  s           0    0.628448287  0.628448287   1.256896575   0.000000000    90.0000    0.0000
   sum over m      0.628448287  0.628448287   1.256896575   0.000000000
  s           1    0.000980955  0.000980955   0.001961910   0.000000000    90.0000    0.0000
   sum over m      0.000980955  0.000980955   0.001961910   0.000000000
   sum over m+mul  0.629429242  0.629429242   1.258858485   0.000000000
  px          0    0.419562207  0.419562207   0.839124413   0.000000000    90.0000    0.0000
  py          0    0.419593930  0.419593930   0.839187860   0.000000000    90.0000    0.0000
  pz          0    0.419561838  0.419561838   0.839123677   0.000000000    90.0000    0.0000
   sum over m      1.258717975  1.258717975   2.517435950   0.000000000
  px          1    0.003154276  0.003154276   0.006308553   0.000000000    90.0000    0.0000
  py          1    0.003159000  0.003159000   0.006318000   0.000000000    90.0000    0.0000
  pz          1    0.003153742  0.003153742   0.006307484   0.000000000    90.0000    0.0000
   sum over m      0.009467018  0.009467018   0.018934036   0.000000000
   sum over m+mul  1.268184993  1.268184993   2.536369986   0.000000000
  d3z^2-r^2   0    0.011946740  0.011946740   0.023893480   0.000000000    90.0000    0.0000
  dx^2-y^2    0    0.011945315  0.011945315   0.023890629   0.000000000    90.0000    0.0000
  dxy         0    0.026158725  0.026158725   0.052317449   0.000000000    90.0000    0.0000
  dxz         0    0.026158630  0.026158630   0.052317259   0.000000000    90.0000    0.0000
  dyz         0    0.026157177  0.026157177   0.052314354   0.000000000    90.0000    0.0000
   sum over m      0.102366586  0.102366586   0.204733172   0.000000000
   sum over m+mul  0.102366586  0.102366586   0.204733172   0.000000000

   47   Si          Up spin      Down spin     Sum           Diff           Angles(Deg)
            multiple
  s           0    0.628450306  0.628450306   1.256900613   0.000000000    90.0000    0.0000
   sum over m      0.628450306  0.628450306   1.256900613   0.000000000
  s           1    0.000979581  0.000979581   0.001959162   0.000000000    90.0000    0.0000
   sum over m      0.000979581  0.000979581   0.001959162   0.000000000
   sum over m+mul  0.629429887  0.629429887   1.258859774   0.000000000
  px          0    0.419584336  0.419584336   0.839168672   0.000000000    90.0000    0.0000
  py          0    0.419559987  0.419559987   0.839119974   0.000000000    90.0000    0.0000
  pz          0    0.419564011  0.419564011   0.839128021   0.000000000    90.0000    0.0000
   sum over m      1.258708334  1.258708334   2.517416667   0.000000000
  px          1    0.003159752  0.003159752   0.006319504   0.000000000    90.0000    0.0000
  py          1    0.003153818  0.003153818   0.006307636   0.000000000    90.0000    0.0000
  pz          1    0.003153949  0.003153949   0.006307899   0.000000000    90.0000    0.0000
   sum over m      0.009467520  0.009467520   0.018935040   0.000000000
   sum over m+mul  1.268175853  1.268175853   2.536351707   0.000000000
  d3z^2-r^2   0    0.011946897  0.011946897   0.023893794   0.000000000    90.0000    0.0000
  dx^2-y^2    0    0.011946405  0.011946405   0.023892809   0.000000000    90.0000    0.0000
  dxy         0    0.026158119  0.026158119   0.052316237   0.000000000    90.0000    0.0000
  dxz         0    0.026158781  0.026158781   0.052317563   0.000000000    90.0000    0.0000
  dyz         0    0.026161333  0.026161333   0.052322665   0.000000000    90.0000    0.0000
   sum over m      0.102371535  0.102371535   0.204743069   0.000000000
   sum over m+mul  0.102371535  0.102371535   0.204743069   0.000000000

   48   Si          Up spin      Down spin     Sum           Diff           Angles(Deg)
            multiple
  s           0    0.628442968  0.628442968   1.256885935   0.000000000    90.0000    0.0000
   sum over m      0.628442968  0.628442968   1.256885935   0.000000000
  s           1    0.000979456  0.000979456   0.001958911   0.000000000    90.0000    0.0000
   sum over m      0.000979456  0.000979456   0.001958911   0.000000000
   sum over m+mul  0.629422423  0.629422423   1.258844847   0.000000000
  px          0    0.419540507  0.419540507   0.839081015   0.000000000    90.0000    0.0000
  py          0    0.419545553  0.419545553   0.839091107   0.000000000    90.0000    0.0000
  pz          0    0.419603138  0.419603138   0.839206275   0.000000000    90.0000    0.0000
   sum over m      1.258689198  1.258689198   2.517378397   0.000000000
  px          1    0.003156987  0.003156987   0.006313974   0.000000000    90.0000    0.0000
  py          1    0.003155339  0.003155339   0.006310677   0.000000000    90.0000    0.0000
  pz          1    0.003154514  0.003154514   0.006309028   0.000000000    90.0000    0.0000
   sum over m      0.009466839  0.009466839   0.018933679   0.000000000
   sum over m+mul  1.268156038  1.268156038   2.536312076   0.000000000
  d3z^2-r^2   0    0.011947690  0.011947690   0.023895380   0.000000000    90.0000    0.0000
  dx^2-y^2    0    0.011944298  0.011944298   0.023888597   0.000000000    90.0000    0.0000
  dxy         0    0.026160388  0.026160388   0.052320776   0.000000000    90.0000    0.0000
  dxz         0    0.026157245  0.026157245   0.052314489   0.000000000    90.0000    0.0000
  dyz         0    0.026159148  0.026159148   0.052318297   0.000000000    90.0000    0.0000
   sum over m      0.102368770  0.102368770   0.204737539   0.000000000
   sum over m+mul  0.102368770  0.102368770   0.204737539   0.000000000

   49   Si          Up spin      Down spin     Sum           Diff           Angles(Deg)
            multiple
  s           0    0.628488987  0.628488987   1.256977974   0.000000000    90.0000    0.0000
   sum over m      0.628488987  0.628488987   1.256977974   0.000000000
  s           1    0.001002092  0.001002092   0.002004184   0.000000000    90.0000    0.0000
   sum over m      0.001002092  0.001002092   0.002004184   0.000000000
   sum over m+mul  0.629491079  0.629491079   1.258982158   0.000000000
  px          0    0.419578337  0.419578337   0.839156674   0.000000000    90.0000    0.0000
  py          0    0.419578741  0.419578741   0.839157481   0.000000000    90.0000    0.0000
  pz          0    0.419578185  0.419578185   0.839156370   0.000000000    90.0000    0.0000
   sum over m      1.258735262  1.258735262   2.517470525   0.000000000
  px          1    0.003162555  0.003162555   0.006325110   0.000000000    90.0000    0.0000
  py          1    0.003163195  0.003163195   0.006326389   0.000000000    90.0000    0.0000
  pz          1    0.003162597  0.003162597   0.006325194   0.000000000    90.0000    0.0000
   sum over m      0.009488347  0.009488347   0.018976693   0.000000000
   sum over m+mul  1.268223609  1.268223609   2.536447218   0.000000000
  d3z^2-r^2   0    0.011946369  0.011946369   0.023892738   0.000000000    90.0000    0.0000
  dx^2-y^2    0    0.011946331  0.011946331   0.023892662   0.000000000    90.0000    0.0000
  dxy         0    0.026158222  0.026158222   0.052316444   0.000000000    90.0000    0.0000
  dxz         0    0.026158511  0.026158511   0.052317022   0.000000000    90.0000    0.0000
  dyz         0    0.026158408  0.026158408   0.052316816   0.000000000    90.0000    0.0000
   sum over m      0.102367841  0.102367841   0.204735682   0.000000000
   sum over m+mul  0.102367841  0.102367841   0.204735682   0.000000000

   50   Si          Up spin      Down spin     Sum           Diff           Angles(Deg)
            multiple
  s           0    0.628485763  0.628485763   1.256971525   0.000000000    90.0000    0.0000
   sum over m      0.628485763  0.628485763   1.256971525   0.000000000
  s           1    0.001002246  0.001002246   0.002004492   0.000000000    90.0000    0.0000
   sum over m      0.001002246  0.001002246   0.002004492   0.000000000
   sum over m+mul  0.629488009  0.629488009   1.258976017   0.000000000
  px          0    0.419584783  0.419584783   0.839169566   0.000000000    90.0000    0.0000
  py          0    0.419577882  0.419577882   0.839155763   0.000000000    90.0000    0.0000
  pz          0    0.419585044  0.419585044   0.839170088   0.000000000    90.0000    0.0000
   sum over m      1.258747708  1.258747708   2.517495417   0.000000000
  px          1    0.003163803  0.003163803   0.006327605   0.000000000    90.0000    0.0000
  py          1    0.003163834  0.003163834   0.006327668   0.000000000    90.0000    0.0000
  pz          1    0.003164188  0.003164188   0.006328376   0.000000000    90.0000    0.0000
   sum over m      0.009491825  0.009491825   0.018983650   0.000000000
   sum over m+mul  1.268239533  1.268239533   2.536479067   0.000000000
  d3z^2-r^2   0    0.011941755  0.011941755   0.023883509   0.000000000    90.0000    0.0000
  dx^2-y^2    0    0.011952007  0.011952007   0.023904014   0.000000000    90.0000    0.0000
  dxy         0    0.026153134  0.026153134   0.052306267   0.000000000    90.0000    0.0000
  dxz         0    0.026161563  0.026161563   0.052323126   0.000000000    90.0000    0.0000
  dyz         0    0.026161802  0.026161802   0.052323604   0.000000000    90.0000    0.0000
   sum over m      0.102370260  0.102370260   0.204740519   0.000000000
   sum over m+mul  0.102370260  0.102370260   0.204740519   0.000000000

   51   Si          Up spin      Down spin     Sum           Diff           Angles(Deg)
            multiple
  s           0    0.628577901  0.628577901   1.257155801   0.000000000    90.0000    0.0000
   sum over m      0.628577901  0.628577901   1.257155801   0.000000000
  s           1    0.000951433  0.000951433   0.001902866   0.000000000    90.0000    0.0000
   sum over m      0.000951433  0.000951433   0.001902866   0.000000000
   sum over m+mul  0.629529334  0.629529334   1.259058667   0.000000000
  px          0    0.419390333  0.419390333   0.838780666   0.000000000    90.0000    0.0000
  py          0    0.419706558  0.419706558   0.839413116   0.000000000    90.0000    0.0000
  pz          0    0.419672973  0.419672973   0.839345946   0.000000000    90.0000    0.0000
   sum over m      1.258769864  1.258769864   2.517539728   0.000000000
  px          1    0.003147129  0.003147129   0.006294258   0.000000000    90.0000    0.0000
  py          1    0.003157291  0.003157291   0.006314583   0.000000000    90.0000    0.0000
  pz          1    0.003153730  0.003153730   0.006307460   0.000000000    90.0000    0.0000
   sum over m      0.009458150  0.009458150   0.018916301   0.000000000
   sum over m+mul  1.268228014  1.268228014   2.536456029   0.000000000
  d3z^2-r^2   0    0.011951379  0.011951379   0.023902758   0.000000000    90.0000    0.0000
  dx^2-y^2    0    0.011925819  0.011925819   0.023851638   0.000000000    90.0000    0.0000
  dxy         0    0.026153147  0.026153147   0.052306294   0.000000000    90.0000    0.0000
  dxz         0    0.026153643  0.026153643   0.052307287   0.000000000    90.0000    0.0000
  dyz         0    0.026119660  0.026119660   0.052239321   0.000000000    90.0000    0.0000
   sum over m      0.102303649  0.102303649   0.204607297   0.000000000
   sum over m+mul  0.102303649  0.102303649   0.204607297   0.000000000

   52   Si          Up spin      Down spin     Sum           Diff           Angles(Deg)
            multiple
  s           0    0.628421821  0.628421821   1.256843642   0.000000000    90.0000    0.0000
   sum over m      0.628421821  0.628421821   1.256843642   0.000000000
  s           1    0.001068794  0.001068794   0.002137588   0.000000000    90.0000    0.0000
   sum over m      0.001068794  0.001068794   0.002137588   0.000000000
   sum over m+mul  0.629490615  0.629490615   1.258981230   0.000000000
  px          0    0.419561120  0.419561120   0.839122239   0.000000000    90.0000    0.0000
  py          0    0.419680301  0.419680301   0.839360601   0.000000000    90.0000    0.0000
  pz          0    0.419667615  0.419667615   0.839335231   0.000000000    90.0000    0.0000
   sum over m      1.258909035  1.258909035   2.517818071   0.000000000
  px          1    0.003220434  0.003220434   0.006440868   0.000000000    90.0000    0.0000
  py          1    0.003229857  0.003229857   0.006459714   0.000000000    90.0000    0.0000
  pz          1    0.003142977  0.003142977   0.006285953   0.000000000    90.0000    0.0000
   sum over m      0.009593268  0.009593268   0.019186536   0.000000000
   sum over m+mul  1.268502303  1.268502303   2.537004607   0.000000000
  d3z^2-r^2   0    0.011943036  0.011943036   0.023886072   0.000000000    90.0000    0.0000
  dx^2-y^2    0    0.011949864  0.011949864   0.023899729   0.000000000    90.0000    0.0000
  dxy         0    0.026148826  0.026148826   0.052297652   0.000000000    90.0000    0.0000
  dxz         0    0.026149336  0.026149336   0.052298673   0.000000000    90.0000    0.0000
  dyz         0    0.026167606  0.026167606   0.052335212   0.000000000    90.0000    0.0000
   sum over m      0.102358669  0.102358669   0.204717337   0.000000000
   sum over m+mul  0.102358669  0.102358669   0.204717337   0.000000000

   53   Si          Up spin      Down spin     Sum           Diff           Angles(Deg)
            multiple
  s           0    0.628365831  0.628365831   1.256731662   0.000000000    90.0000    0.0000
   sum over m      0.628365831  0.628365831   1.256731662   0.000000000
  s           1    0.000971795  0.000971795   0.001943591   0.000000000    90.0000    0.0000
   sum over m      0.000971795  0.000971795   0.001943591   0.000000000
   sum over m+mul  0.629337626  0.629337626   1.258675252   0.000000000
  px          0    0.419580996  0.419580996   0.839161991   0.000000000    90.0000    0.0000
  py          0    0.419531811  0.419531811   0.839063623   0.000000000    90.0000    0.0000
  pz          0    0.419625097  0.419625097   0.839250193   0.000000000    90.0000    0.0000
   sum over m      1.258737904  1.258737904   2.517475808   0.000000000
  px          1    0.003150559  0.003150559   0.006301117   0.000000000    90.0000    0.0000
  py          1    0.003157806  0.003157806   0.006315612   0.000000000    90.0000    0.0000
  pz          1    0.003159151  0.003159151   0.006318303   0.000000000    90.0000    0.0000
   sum over m      0.009467516  0.009467516   0.018935032   0.000000000
   sum over m+mul  1.268205420  1.268205420   2.536410840   0.000000000
  d3z^2-r^2   0    0.011951428  0.011951428   0.023902856   0.000000000    90.0000    0.0000
  dx^2-y^2    0    0.011943867  0.011943867   0.023887735   0.000000000    90.0000    0.0000
  dxy         0    0.026151903  0.026151903   0.052303806   0.000000000    90.0000    0.0000
  dxz         0    0.026162675  0.026162675   0.052325351   0.000000000    90.0000    0.0000
  dyz         0    0.026151700  0.026151700   0.052303401   0.000000000    90.0000    0.0000
   sum over m      0.102361574  0.102361574   0.204723149   0.000000000
   sum over m+mul  0.102361574  0.102361574   0.204723149   0.000000000

   54   Si          Up spin      Down spin     Sum           Diff           Angles(Deg)
            multiple
  s           0    0.628406419  0.628406419   1.256812838   0.000000000    90.0000    0.0000
   sum over m      0.628406419  0.628406419   1.256812838   0.000000000
  s           1    0.000992690  0.000992690   0.001985380   0.000000000    90.0000    0.0000
   sum over m      0.000992690  0.000992690   0.001985380   0.000000000
   sum over m+mul  0.629399109  0.629399109   1.258798218   0.000000000
  px          0    0.419597764  0.419597764   0.839195528   0.000000000    90.0000    0.0000
  py          0    0.419609043  0.419609043   0.839218085   0.000000000    90.0000    0.0000
  pz          0    0.419548581  0.419548581   0.839097162   0.000000000    90.0000    0.0000
   sum over m      1.258755387  1.258755387   2.517510774   0.000000000
  px          1    0.003159349  0.003159349   0.006318698   0.000000000    90.0000    0.0000
  py          1    0.003165496  0.003165496   0.006330992   0.000000000    90.0000    0.0000
  pz          1    0.003166594  0.003166594   0.006333188   0.000000000    90.0000    0.0000
   sum over m      0.009491439  0.009491439   0.018982877   0.000000000
   sum over m+mul  1.268246826  1.268246826   2.536493652   0.000000000
  d3z^2-r^2   0    0.011946941  0.011946941   0.023893881   0.000000000    90.0000    0.0000
  dx^2-y^2    0    0.011947896  0.011947896   0.023895792   0.000000000    90.0000    0.0000
  dxy         0    0.026162488  0.026162488   0.052324977   0.000000000    90.0000    0.0000
  dxz         0    0.026151143  0.026151143   0.052302285   0.000000000    90.0000    0.0000
  dyz         0    0.026151508  0.026151508   0.052303017   0.000000000    90.0000    0.0000
   sum over m      0.102359976  0.102359976   0.204719952   0.000000000
   sum over m+mul  0.102359976  0.102359976   0.204719952   0.000000000

   55   Si          Up spin      Down spin     Sum           Diff           Angles(Deg)
            multiple
  s           0    0.628530981  0.628530981   1.257061961   0.000000000    90.0000    0.0000
   sum over m      0.628530981  0.628530981   1.257061961   0.000000000
  s           1    0.000997221  0.000997221   0.001994443   0.000000000    90.0000    0.0000
   sum over m      0.000997221  0.000997221   0.001994443   0.000000000
   sum over m+mul  0.629528202  0.629528202   1.259056404   0.000000000
  px          0    0.419499262  0.419499262   0.838998523   0.000000000    90.0000    0.0000
  py          0    0.419552159  0.419552159   0.839104318   0.000000000    90.0000    0.0000
  pz          0    0.419552143  0.419552143   0.839104286   0.000000000    90.0000    0.0000
   sum over m      1.258603564  1.258603564   2.517207127   0.000000000
  px          1    0.003176673  0.003176673   0.006353346   0.000000000    90.0000    0.0000
  py          1    0.003154698  0.003154698   0.006309395   0.000000000    90.0000    0.0000
  pz          1    0.003154744  0.003154744   0.006309487   0.000000000    90.0000    0.0000
   sum over m      0.009486114  0.009486114   0.018972229   0.000000000
   sum over m+mul  1.268089678  1.268089678   2.536179356   0.000000000
  d3z^2-r^2   0    0.011953891  0.011953891   0.023907783   0.000000000    90.0000    0.0000
  dx^2-y^2    0    0.011937669  0.011937669   0.023875339   0.000000000    90.0000    0.0000
  dxy         0    0.026168791  0.026168791   0.052337583   0.000000000    90.0000    0.0000
  dxz         0    0.026168788  0.026168788   0.052337577   0.000000000    90.0000    0.0000
  dyz         0    0.026148237  0.026148237   0.052296474   0.000000000    90.0000    0.0000
   sum over m      0.102377377  0.102377377   0.204754755   0.000000000
   sum over m+mul  0.102377377  0.102377377   0.204754755   0.000000000

   56   Si          Up spin      Down spin     Sum           Diff           Angles(Deg)
            multiple
  s           0    0.624957950  0.624957950   1.249915899   0.000000000    90.0000    0.0000
   sum over m      0.624957950  0.624957950   1.249915899   0.000000000
  s           1    0.001098375  0.001098375   0.002196749   0.000000000    90.0000    0.0000
   sum over m      0.001098375  0.001098375   0.002196749   0.000000000
   sum over m+mul  0.626056324  0.626056324   1.252112649   0.000000000
  px          0    0.419811449  0.419811449   0.839622898   0.000000000    90.0000    0.0000
  py          0    0.419521724  0.419521724   0.839043447   0.000000000    90.0000    0.0000
  pz          0    0.419498311  0.419498311   0.838996621   0.000000000    90.0000    0.0000
   sum over m      1.258831483  1.258831483   2.517662966   0.000000000
  px          1    0.003331226  0.003331226   0.006662452   0.000000000    90.0000    0.0000
  py          1    0.003346562  0.003346562   0.006693124   0.000000000    90.0000    0.0000
  pz          1    0.003350978  0.003350978   0.006701957   0.000000000    90.0000    0.0000
   sum over m      0.010028766  0.010028766   0.020057532   0.000000000
   sum over m+mul  1.268860249  1.268860249   2.537720499   0.000000000
  d3z^2-r^2   0    0.012271563  0.012271563   0.024543126   0.000000000    90.0000    0.0000
  dx^2-y^2    0    0.012139979  0.012139979   0.024279959   0.000000000    90.0000    0.0000
  dxy         0    0.026303519  0.026303519   0.052607038   0.000000000    90.0000    0.0000
  dxz         0    0.026303486  0.026303486   0.052606973   0.000000000    90.0000    0.0000
  dyz         0    0.026704597  0.026704597   0.053409194   0.000000000    90.0000    0.0000
   sum over m      0.103723144  0.103723144   0.207446289   0.000000000
   sum over m+mul  0.103723144  0.103723144   0.207446289   0.000000000

   57   Si          Up spin      Down spin     Sum           Diff           Angles(Deg)
            multiple
  s           0    0.628466422  0.628466422   1.256932844   0.000000000    90.0000    0.0000
   sum over m      0.628466422  0.628466422   1.256932844   0.000000000
  s           1    0.000985648  0.000985648   0.001971296   0.000000000    90.0000    0.0000
   sum over m      0.000985648  0.000985648   0.001971296   0.000000000
   sum over m+mul  0.629452070  0.629452070   1.258904140   0.000000000
  px          0    0.419511767  0.419511767   0.839023534   0.000000000    90.0000    0.0000
  py          0    0.419560016  0.419560016   0.839120033   0.000000000    90.0000    0.0000
  pz          0    0.419593436  0.419593436   0.839186872   0.000000000    90.0000    0.0000
   sum over m      1.258665219  1.258665219   2.517330439   0.000000000
  px          1    0.003165198  0.003165198   0.006330396   0.000000000    90.0000    0.0000
  py          1    0.003149763  0.003149763   0.006299527   0.000000000    90.0000    0.0000
  pz          1    0.003153000  0.003153000   0.006306000   0.000000000    90.0000    0.0000
   sum over m      0.009467961  0.009467961   0.018935923   0.000000000
   sum over m+mul  1.268133181  1.268133181   2.536266361   0.000000000
  d3z^2-r^2   0    0.011949383  0.011949383   0.023898765   0.000000000    90.0000    0.0000
  dx^2-y^2    0    0.011939449  0.011939449   0.023878898   0.000000000    90.0000    0.0000
  dxy         0    0.026161313  0.026161313   0.052322626   0.000000000    90.0000    0.0000
  dxz         0    0.026160793  0.026160793   0.052321587   0.000000000    90.0000    0.0000
  dyz         0    0.026152611  0.026152611   0.052305221   0.000000000    90.0000    0.0000
   sum over m      0.102363549  0.102363549   0.204727098   0.000000000
   sum over m+mul  0.102363549  0.102363549   0.204727098   0.000000000

   58   Si          Up spin      Down spin     Sum           Diff           Angles(Deg)
            multiple
  s           0    0.628489969  0.628489969   1.256979938   0.000000000    90.0000    0.0000
   sum over m      0.628489969  0.628489969   1.256979938   0.000000000
  s           1    0.001002902  0.001002902   0.002005803   0.000000000    90.0000    0.0000
   sum over m      0.001002902  0.001002902   0.002005803   0.000000000
   sum over m+mul  0.629492870  0.629492870   1.258985741   0.000000000
  px          0    0.419568153  0.419568153   0.839136306   0.000000000    90.0000    0.0000
  py          0    0.419576038  0.419576038   0.839152077   0.000000000    90.0000    0.0000
  pz          0    0.419573452  0.419573452   0.839146904   0.000000000    90.0000    0.0000
   sum over m      1.258717643  1.258717643   2.517435287   0.000000000
  px          1    0.003165941  0.003165941   0.006331883   0.000000000    90.0000    0.0000
  py          1    0.003164308  0.003164308   0.006328615   0.000000000    90.0000    0.0000
  pz          1    0.003165082  0.003165082   0.006330164   0.000000000    90.0000    0.0000
   sum over m      0.009495331  0.009495331   0.018990662   0.000000000
   sum over m+mul  1.268212974  1.268212974   2.536425949   0.000000000
  d3z^2-r^2   0    0.011947608  0.011947608   0.023895215   0.000000000    90.0000    0.0000
  dx^2-y^2    0    0.011947781  0.011947781   0.023895563   0.000000000    90.0000    0.0000
  dxy         0    0.026159110  0.026159110   0.052318220   0.000000000    90.0000    0.0000
  dxz         0    0.026157862  0.026157862   0.052315724   0.000000000    90.0000    0.0000
  dyz         0    0.026158292  0.026158292   0.052316584   0.000000000    90.0000    0.0000
   sum over m      0.102370653  0.102370653   0.204741306   0.000000000
   sum over m+mul  0.102370653  0.102370653   0.204741306   0.000000000

   59   Si          Up spin      Down spin     Sum           Diff           Angles(Deg)
            multiple
  s           0    0.628450651  0.628450651   1.256901302   0.000000000    90.0000    0.0000
   sum over m      0.628450651  0.628450651   1.256901302   0.000000000
  s           1    0.000981664  0.000981664   0.001963328   0.000000000    90.0000    0.0000
   sum over m      0.000981664  0.000981664   0.001963328   0.000000000
   sum over m+mul  0.629432315  0.629432315   1.258864631   0.000000000
  px          0    0.419555435  0.419555435   0.839110871   0.000000000    90.0000    0.0000
  py          0    0.419588510  0.419588510   0.839177020   0.000000000    90.0000    0.0000
  pz          0    0.419555185  0.419555185   0.839110370   0.000000000    90.0000    0.0000
   sum over m      1.258699130  1.258699130   2.517398261   0.000000000
  px          1    0.003154817  0.003154817   0.006309634   0.000000000    90.0000    0.0000
  py          1    0.003158049  0.003158049   0.006316098   0.000000000    90.0000    0.0000
  pz          1    0.003154780  0.003154780   0.006309560   0.000000000    90.0000    0.0000
   sum over m      0.009467646  0.009467646   0.018935292   0.000000000
   sum over m+mul  1.268166777  1.268166777   2.536333553   0.000000000
  d3z^2-r^2   0    0.011946411  0.011946411   0.023892822   0.000000000    90.0000    0.0000
  dx^2-y^2    0    0.011946504  0.011946504   0.023893008   0.000000000    90.0000    0.0000
  dxy         0    0.026158553  0.026158553   0.052317106   0.000000000    90.0000    0.0000
  dxz         0    0.026159153  0.026159153   0.052318306   0.000000000    90.0000    0.0000
  dyz         0    0.026158527  0.026158527   0.052317055   0.000000000    90.0000    0.0000
   sum over m      0.102369148  0.102369148   0.204738297   0.000000000
   sum over m+mul  0.102369148  0.102369148   0.204738297   0.000000000

   60   Si          Up spin      Down spin     Sum           Diff           Angles(Deg)
            multiple
  s           0    0.628437215  0.628437215   1.256874430   0.000000000    90.0000    0.0000
   sum over m      0.628437215  0.628437215   1.256874430   0.000000000
  s           1    0.000979350  0.000979350   0.001958700   0.000000000    90.0000    0.0000
   sum over m      0.000979350  0.000979350   0.001958700   0.000000000
   sum over m+mul  0.629416565  0.629416565   1.258833130   0.000000000
  px          0    0.419612187  0.419612187   0.839224374   0.000000000    90.0000    0.0000
  py          0    0.419554402  0.419554402   0.839108804   0.000000000    90.0000    0.0000
  pz          0    0.419547267  0.419547267   0.839094534   0.000000000    90.0000    0.0000
   sum over m      1.258713856  1.258713856   2.517427712   0.000000000
  px          1    0.003158158  0.003158158   0.006316315   0.000000000    90.0000    0.0000
  py          1    0.003157908  0.003157908   0.006315816   0.000000000    90.0000    0.0000
  pz          1    0.003157604  0.003157604   0.006315207   0.000000000    90.0000    0.0000
   sum over m      0.009473669  0.009473669   0.018947339   0.000000000
   sum over m+mul  1.268187525  1.268187525   2.536375051   0.000000000
  d3z^2-r^2   0    0.011948427  0.011948427   0.023896855   0.000000000    90.0000    0.0000
  dx^2-y^2    0    0.011945528  0.011945528   0.023891055   0.000000000    90.0000    0.0000
  dxy         0    0.026161621  0.026161621   0.052323242   0.000000000    90.0000    0.0000
  dxz         0    0.026153194  0.026153194   0.052306389   0.000000000    90.0000    0.0000
  dyz         0    0.026162316  0.026162316   0.052324632   0.000000000    90.0000    0.0000
   sum over m      0.102371087  0.102371087   0.204742173   0.000000000
   sum over m+mul  0.102371087  0.102371087   0.204742173   0.000000000

   61   Si          Up spin      Down spin     Sum           Diff           Angles(Deg)
            multiple
  s           0    0.628490523  0.628490523   1.256981045   0.000000000    90.0000    0.0000
   sum over m      0.628490523  0.628490523   1.256981045   0.000000000
  s           1    0.001001656  0.001001656   0.002003313   0.000000000    90.0000    0.0000
   sum over m      0.001001656  0.001001656   0.002003313   0.000000000
   sum over m+mul  0.629492179  0.629492179   1.258984358   0.000000000
  px          0    0.419591108  0.419591108   0.839182217   0.000000000    90.0000    0.0000
  py          0    0.419563413  0.419563413   0.839126827   0.000000000    90.0000    0.0000
  pz          0    0.419578520  0.419578520   0.839157039   0.000000000    90.0000    0.0000
   sum over m      1.258733041  1.258733041   2.517466083   0.000000000
  px          1    0.003160556  0.003160556   0.006321113   0.000000000    90.0000    0.0000
  py          1    0.003166760  0.003166760   0.006333519   0.000000000    90.0000    0.0000
  pz          1    0.003163565  0.003163565   0.006327131   0.000000000    90.0000    0.0000
   sum over m      0.009490881  0.009490881   0.018981762   0.000000000
   sum over m+mul  1.268223923  1.268223923   2.536447845   0.000000000
  d3z^2-r^2   0    0.011946250  0.011946250   0.023892499   0.000000000    90.0000    0.0000
  dx^2-y^2    0    0.011946460  0.011946460   0.023892919   0.000000000    90.0000    0.0000
  dxy         0    0.026158108  0.026158108   0.052316216   0.000000000    90.0000    0.0000
  dxz         0    0.026158635  0.026158635   0.052317269   0.000000000    90.0000    0.0000
  dyz         0    0.026155947  0.026155947   0.052311895   0.000000000    90.0000    0.0000
   sum over m      0.102365399  0.102365399   0.204730798   0.000000000
   sum over m+mul  0.102365399  0.102365399   0.204730798   0.000000000

   62   Si          Up spin      Down spin     Sum           Diff           Angles(Deg)
            multiple
  s           0    0.628448287  0.628448287   1.256896575   0.000000000    90.0000    0.0000
   sum over m      0.628448287  0.628448287   1.256896575   0.000000000
  s           1    0.000980954  0.000980954   0.001961908   0.000000000    90.0000    0.0000
   sum over m      0.000980954  0.000980954   0.001961908   0.000000000
   sum over m+mul  0.629429242  0.629429242   1.258858483   0.000000000
  px          0    0.419562208  0.419562208   0.839124416   0.000000000    90.0000    0.0000
  py          0    0.419561837  0.419561837   0.839123673   0.000000000    90.0000    0.0000
  pz          0    0.419593932  0.419593932   0.839187864   0.000000000    90.0000    0.0000
   sum over m      1.258717977  1.258717977   2.517435953   0.000000000
  px          1    0.003154276  0.003154276   0.006308552   0.000000000    90.0000    0.0000
  py          1    0.003153742  0.003153742   0.006307483   0.000000000    90.0000    0.0000
  pz          1    0.003159000  0.003159000   0.006318000   0.000000000    90.0000    0.0000
   sum over m      0.009467018  0.009467018   0.018934036   0.000000000
   sum over m+mul  1.268184994  1.268184994   2.536369989   0.000000000
  d3z^2-r^2   0    0.011945648  0.011945648   0.023891297   0.000000000    90.0000    0.0000
  dx^2-y^2    0    0.011946406  0.011946406   0.023892813   0.000000000    90.0000    0.0000
  dxy         0    0.026158630  0.026158630   0.052317259   0.000000000    90.0000    0.0000
  dxz         0    0.026158725  0.026158725   0.052317449   0.000000000    90.0000    0.0000
  dyz         0    0.026157177  0.026157177   0.052314354   0.000000000    90.0000    0.0000
   sum over m      0.102366586  0.102366586   0.204733172   0.000000000
   sum over m+mul  0.102366586  0.102366586   0.204733172   0.000000000

   63   Si          Up spin      Down spin     Sum           Diff           Angles(Deg)
            multiple
  s           0    0.628442968  0.628442968   1.256885937   0.000000000    90.0000    0.0000
   sum over m      0.628442968  0.628442968   1.256885937   0.000000000
  s           1    0.000979456  0.000979456   0.001958912   0.000000000    90.0000    0.0000
   sum over m      0.000979456  0.000979456   0.001958912   0.000000000
   sum over m+mul  0.629422424  0.629422424   1.258844848   0.000000000
  px          0    0.419540507  0.419540507   0.839081014   0.000000000    90.0000    0.0000
  py          0    0.419603136  0.419603136   0.839206273   0.000000000    90.0000    0.0000
  pz          0    0.419545556  0.419545556   0.839091112   0.000000000    90.0000    0.0000
   sum over m      1.258689199  1.258689199   2.517378399   0.000000000
  px          1    0.003156987  0.003156987   0.006313973   0.000000000    90.0000    0.0000
  py          1    0.003154514  0.003154514   0.006309028   0.000000000    90.0000    0.0000
  pz          1    0.003155339  0.003155339   0.006310677   0.000000000    90.0000    0.0000
   sum over m      0.009466839  0.009466839   0.018933678   0.000000000
   sum over m+mul  1.268156038  1.268156038   2.536312077   0.000000000
  d3z^2-r^2   0    0.011945771  0.011945771   0.023891541   0.000000000    90.0000    0.0000
  dx^2-y^2    0    0.011946218  0.011946218   0.023892436   0.000000000    90.0000    0.0000
  dxy         0    0.026157245  0.026157245   0.052314489   0.000000000    90.0000    0.0000
  dxz         0    0.026160388  0.026160388   0.052320776   0.000000000    90.0000    0.0000
  dyz         0    0.026159148  0.026159148   0.052318297   0.000000000    90.0000    0.0000
   sum over m      0.102368769  0.102368769   0.204737539   0.000000000
   sum over m+mul  0.102368769  0.102368769   0.204737539   0.000000000

   64   Si          Up spin      Down spin     Sum           Diff           Angles(Deg)
            multiple
  s           0    0.628450306  0.628450306   1.256900613   0.000000000    90.0000    0.0000
   sum over m      0.628450306  0.628450306   1.256900613   0.000000000
  s           1    0.000979581  0.000979581   0.001959162   0.000000000    90.0000    0.0000
   sum over m      0.000979581  0.000979581   0.001959162   0.000000000
   sum over m+mul  0.629429887  0.629429887   1.258859774   0.000000000
  px          0    0.419584336  0.419584336   0.839168672   0.000000000    90.0000    0.0000
  py          0    0.419564008  0.419564008   0.839128015   0.000000000    90.0000    0.0000
  pz          0    0.419559990  0.419559990   0.839119980   0.000000000    90.0000    0.0000
   sum over m      1.258708334  1.258708334   2.517416667   0.000000000
  px          1    0.003159752  0.003159752   0.006319504   0.000000000    90.0000    0.0000
  py          1    0.003153949  0.003153949   0.006307899   0.000000000    90.0000    0.0000
  pz          1    0.003153818  0.003153818   0.006307637   0.000000000    90.0000    0.0000
   sum over m      0.009467520  0.009467520   0.018935040   0.000000000
   sum over m+mul  1.268175853  1.268175853   2.536351707   0.000000000
  d3z^2-r^2   0    0.011946917  0.011946917   0.023893834   0.000000000    90.0000    0.0000
  dx^2-y^2    0    0.011946385  0.011946385   0.023892770   0.000000000    90.0000    0.0000
  dxy         0    0.026158781  0.026158781   0.052317563   0.000000000    90.0000    0.0000
  dxz         0    0.026158119  0.026158119   0.052316237   0.000000000    90.0000    0.0000
  dyz         0    0.026161333  0.026161333   0.052322665   0.000000000    90.0000    0.0000
   sum over m      0.102371535  0.102371535   0.204743069   0.000000000
   sum over m+mul  0.102371535  0.102371535   0.204743069   0.000000000

   65   Si          Up spin      Down spin     Sum           Diff           Angles(Deg)
            multiple
  s           0    0.628477291  0.628477291   1.256954582   0.000000000    90.0000    0.0000
   sum over m      0.628477291  0.628477291   1.256954582   0.000000000
  s           1    0.000998867  0.000998867   0.001997734   0.000000000    90.0000    0.0000
   sum over m      0.000998867  0.000998867   0.001997734   0.000000000
   sum over m+mul  0.629476158  0.629476158   1.258952316   0.000000000
  px          0    0.419617814  0.419617814   0.839235629   0.000000000    90.0000    0.0000
  py          0    0.419566623  0.419566623   0.839133246   0.000000000    90.0000    0.0000
  pz          0    0.419566627  0.419566627   0.839133253   0.000000000    90.0000    0.0000
   sum over m      1.258751064  1.258751064   2.517502129   0.000000000
  px          1    0.003154002  0.003154002   0.006308004   0.000000000    90.0000    0.0000
  py          1    0.003169123  0.003169123   0.006338246   0.000000000    90.0000    0.0000
  pz          1    0.003169123  0.003169123   0.006338246   0.000000000    90.0000    0.0000
   sum over m      0.009492248  0.009492248   0.018984497   0.000000000
   sum over m+mul  1.268243313  1.268243313   2.536486625   0.000000000
  d3z^2-r^2   0    0.011943645  0.011943645   0.023887289   0.000000000    90.0000    0.0000
  dx^2-y^2    0    0.011953765  0.011953765   0.023907531   0.000000000    90.0000    0.0000
  dxy         0    0.026155887  0.026155887   0.052311774   0.000000000    90.0000    0.0000
  dxz         0    0.026155887  0.026155887   0.052311774   0.000000000    90.0000    0.0000
  dyz         0    0.026165056  0.026165056   0.052330113   0.000000000    90.0000    0.0000
   sum over m      0.102374240  0.102374240   0.204748480   0.000000000
   sum over m+mul  0.102374240  0.102374240   0.204748480   0.000000000

   66   Si          Up spin      Down spin     Sum           Diff           Angles(Deg)
            multiple
  s           0    0.628442669  0.628442669   1.256885339   0.000000000    90.0000    0.0000
   sum over m      0.628442669  0.628442669   1.256885339   0.000000000
  s           1    0.000986072  0.000986072   0.001972144   0.000000000    90.0000    0.0000
   sum over m      0.000986072  0.000986072   0.001972144   0.000000000
   sum over m+mul  0.629428741  0.629428741   1.258857483   0.000000000
  px          0    0.419530146  0.419530146   0.839060293   0.000000000    90.0000    0.0000
  py          0    0.419545162  0.419545162   0.839090324   0.000000000    90.0000    0.0000
  pz          0    0.419580683  0.419580683   0.839161367   0.000000000    90.0000    0.0000
   sum over m      1.258655992  1.258655992   2.517311984   0.000000000
  px          1    0.003159484  0.003159484   0.006318968   0.000000000    90.0000    0.0000
  py          1    0.003154100  0.003154100   0.006308199   0.000000000    90.0000    0.0000
  pz          1    0.003156683  0.003156683   0.006313367   0.000000000    90.0000    0.0000
   sum over m      0.009470267  0.009470267   0.018940534   0.000000000
   sum over m+mul  1.268126259  1.268126259   2.536252518   0.000000000
  d3z^2-r^2   0    0.011948081  0.011948081   0.023896163   0.000000000    90.0000    0.0000
  dx^2-y^2    0    0.011943761  0.011943761   0.023887522   0.000000000    90.0000    0.0000
  dxy         0    0.026161527  0.026161527   0.052323054   0.000000000    90.0000    0.0000
  dxz         0    0.026157749  0.026157749   0.052315499   0.000000000    90.0000    0.0000
  dyz         0    0.026157524  0.026157524   0.052315049   0.000000000    90.0000    0.0000
   sum over m      0.102368643  0.102368643   0.204737287   0.000000000
   sum over m+mul  0.102368643  0.102368643   0.204737287   0.000000000

   67   Si          Up spin      Down spin     Sum           Diff           Angles(Deg)
            multiple
  s           0    0.628326302  0.628326302   1.256652603   0.000000000    90.0000    0.0000
   sum over m      0.628326302  0.628326302   1.256652603   0.000000000
  s           1    0.001001317  0.001001317   0.002002633   0.000000000    90.0000    0.0000
   sum over m      0.001001317  0.001001317   0.002002633   0.000000000
   sum over m+mul  0.629327618  0.629327618   1.258655237   0.000000000
  px          0    0.419776890  0.419776890   0.839553780   0.000000000    90.0000    0.0000
  py          0    0.419404273  0.419404273   0.838808546   0.000000000    90.0000    0.0000
  pz          0    0.419404276  0.419404276   0.838808552   0.000000000    90.0000    0.0000
   sum over m      1.258585439  1.258585439   2.517170878   0.000000000
  px          1    0.003165185  0.003165185   0.006330370   0.000000000    90.0000    0.0000
  py          1    0.003156986  0.003156986   0.006313972   0.000000000    90.0000    0.0000
  pz          1    0.003156986  0.003156986   0.006313972   0.000000000    90.0000    0.0000
   sum over m      0.009479157  0.009479157   0.018958314   0.000000000
   sum over m+mul  1.268064596  1.268064596   2.536129191   0.000000000
  d3z^2-r^2   0    0.011941976  0.011941976   0.023883953   0.000000000    90.0000    0.0000
  dx^2-y^2    0    0.011970192  0.011970192   0.023940385   0.000000000    90.0000    0.0000
  dxy         0    0.026166635  0.026166635   0.052333271   0.000000000    90.0000    0.0000
  dxz         0    0.026166635  0.026166635   0.052333271   0.000000000    90.0000    0.0000
  dyz         0    0.026207686  0.026207686   0.052415371   0.000000000    90.0000    0.0000
   sum over m      0.102453125  0.102453125   0.204906250   0.000000000
   sum over m+mul  0.102453125  0.102453125   0.204906250   0.000000000

   68   Si          Up spin      Down spin     Sum           Diff           Angles(Deg)
            multiple
  s           0    0.628442669  0.628442669   1.256885339   0.000000000    90.0000    0.0000
   sum over m      0.628442669  0.628442669   1.256885339   0.000000000
  s           1    0.000986073  0.000986073   0.001972145   0.000000000    90.0000    0.0000
   sum over m      0.000986073  0.000986073   0.001972145   0.000000000
   sum over m+mul  0.629428742  0.629428742   1.258857484   0.000000000
  px          0    0.419530145  0.419530145   0.839060290   0.000000000    90.0000    0.0000
  py          0    0.419580681  0.419580681   0.839161363   0.000000000    90.0000    0.0000
  pz          0    0.419545164  0.419545164   0.839090328   0.000000000    90.0000    0.0000
   sum over m      1.258655990  1.258655990   2.517311981   0.000000000
  px          1    0.003159484  0.003159484   0.006318968   0.000000000    90.0000    0.0000
  py          1    0.003156684  0.003156684   0.006313367   0.000000000    90.0000    0.0000
  pz          1    0.003154100  0.003154100   0.006308200   0.000000000    90.0000    0.0000
   sum over m      0.009470267  0.009470267   0.018940535   0.000000000
   sum over m+mul  1.268126258  1.268126258   2.536252516   0.000000000
  d3z^2-r^2   0    0.011946003  0.011946003   0.023892005   0.000000000    90.0000    0.0000
  dx^2-y^2    0    0.011945840  0.011945840   0.023891679   0.000000000    90.0000    0.0000
  dxy         0    0.026157749  0.026157749   0.052315499   0.000000000    90.0000    0.0000
  dxz         0    0.026161527  0.026161527   0.052323054   0.000000000    90.0000    0.0000
  dyz         0    0.026157525  0.026157525   0.052315049   0.000000000    90.0000    0.0000
   sum over m      0.102368643  0.102368643   0.204737287   0.000000000
   sum over m+mul  0.102368643  0.102368643   0.204737287   0.000000000

   69   Si          Up spin      Down spin     Sum           Diff           Angles(Deg)
            multiple
  s           0    0.628485953  0.628485953   1.256971905   0.000000000    90.0000    0.0000
   sum over m      0.628485953  0.628485953   1.256971905   0.000000000
  s           1    0.001007185  0.001007185   0.002014370   0.000000000    90.0000    0.0000
   sum over m      0.001007185  0.001007185   0.002014370   0.000000000
   sum over m+mul  0.629493138  0.629493138   1.258986276   0.000000000
  px          0    0.419577927  0.419577927   0.839155854   0.000000000    90.0000    0.0000
  py          0    0.419577745  0.419577745   0.839155491   0.000000000    90.0000    0.0000
  pz          0    0.419577748  0.419577748   0.839155496   0.000000000    90.0000    0.0000
   sum over m      1.258733420  1.258733420   2.517466841   0.000000000
  px          1    0.003164470  0.003164470   0.006328941   0.000000000    90.0000    0.0000
  py          1    0.003163123  0.003163123   0.006326247   0.000000000    90.0000    0.0000
  pz          1    0.003163123  0.003163123   0.006326246   0.000000000    90.0000    0.0000
   sum over m      0.009490717  0.009490717   0.018981433   0.000000000
   sum over m+mul  1.268224137  1.268224137   2.536448274   0.000000000
  d3z^2-r^2   0    0.011947024  0.011947024   0.023894049   0.000000000    90.0000    0.0000
  dx^2-y^2    0    0.011945610  0.011945610   0.023891220   0.000000000    90.0000    0.0000
  dxy         0    0.026158469  0.026158469   0.052316938   0.000000000    90.0000    0.0000
  dxz         0    0.026158469  0.026158469   0.052316938   0.000000000    90.0000    0.0000
  dyz         0    0.026156388  0.026156388   0.052312776   0.000000000    90.0000    0.0000
   sum over m      0.102365961  0.102365961   0.204731921   0.000000000
   sum over m+mul  0.102365961  0.102365961   0.204731921   0.000000000

   70   Si          Up spin      Down spin     Sum           Diff           Angles(Deg)
            multiple
  s           0    0.628511953  0.628511953   1.257023905   0.000000000    90.0000    0.0000
   sum over m      0.628511953  0.628511953   1.257023905   0.000000000
  s           1    0.001009887  0.001009887   0.002019774   0.000000000    90.0000    0.0000
   sum over m      0.001009887  0.001009887   0.002019774   0.000000000
   sum over m+mul  0.629521840  0.629521840   1.259043679   0.000000000
  px          0    0.419700578  0.419700578   0.839401156   0.000000000    90.0000    0.0000
  py          0    0.419646626  0.419646626   0.839293251   0.000000000    90.0000    0.0000
  pz          0    0.419646628  0.419646628   0.839293257   0.000000000    90.0000    0.0000
   sum over m      1.258993832  1.258993832   2.517987665   0.000000000
  px          1    0.003171048  0.003171048   0.006342095   0.000000000    90.0000    0.0000
  py          1    0.003191484  0.003191484   0.006382968   0.000000000    90.0000    0.0000
  pz          1    0.003191484  0.003191484   0.006382968   0.000000000    90.0000    0.0000
   sum over m      0.009554015  0.009554015   0.019108031   0.000000000
   sum over m+mul  1.268547848  1.268547848   2.537095695   0.000000000
  d3z^2-r^2   0    0.011947189  0.011947189   0.023894379   0.000000000    90.0000    0.0000
  dx^2-y^2    0    0.011949893  0.011949893   0.023899786   0.000000000    90.0000    0.0000
  dxy         0    0.026163263  0.026163263   0.052326525   0.000000000    90.0000    0.0000
  dxz         0    0.026163263  0.026163263   0.052326525   0.000000000    90.0000    0.0000
  dyz         0    0.026152533  0.026152533   0.052305066   0.000000000    90.0000    0.0000
   sum over m      0.102376141  0.102376141   0.204752281   0.000000000
   sum over m+mul  0.102376141  0.102376141   0.204752281   0.000000000

   71   Si          Up spin      Down spin     Sum           Diff           Angles(Deg)
            multiple
  s           0    0.628468825  0.628468825   1.256937650   0.000000000    90.0000    0.0000
   sum over m      0.628468825  0.628468825   1.256937650   0.000000000
  s           1    0.000982222  0.000982222   0.001964445   0.000000000    90.0000    0.0000
   sum over m      0.000982222  0.000982222   0.001964445   0.000000000
   sum over m+mul  0.629451048  0.629451048   1.258902095   0.000000000
  px          0    0.419564737  0.419564737   0.839129475   0.000000000    90.0000    0.0000
  py          0    0.419629519  0.419629519   0.839259039   0.000000000    90.0000    0.0000
  pz          0    0.419571385  0.419571385   0.839142770   0.000000000    90.0000    0.0000
   sum over m      1.258765642  1.258765642   2.517531284   0.000000000
  px          1    0.003152606  0.003152606   0.006305212   0.000000000    90.0000    0.0000
  py          1    0.003152087  0.003152087   0.006304174   0.000000000    90.0000    0.0000
  pz          1    0.003155001  0.003155001   0.006310003   0.000000000    90.0000    0.0000
   sum over m      0.009459694  0.009459694   0.018919388   0.000000000
   sum over m+mul  1.268225336  1.268225336   2.536450672   0.000000000
  d3z^2-r^2   0    0.011950434  0.011950434   0.023900869   0.000000000    90.0000    0.0000
  dx^2-y^2    0    0.011943391  0.011943391   0.023886782   0.000000000    90.0000    0.0000
  dxy         0    0.026164405  0.026164405   0.052328809   0.000000000    90.0000    0.0000
  dxz         0    0.026152267  0.026152267   0.052304533   0.000000000    90.0000    0.0000
  dyz         0    0.026163562  0.026163562   0.052327125   0.000000000    90.0000    0.0000
   sum over m      0.102374059  0.102374059   0.204748118   0.000000000
   sum over m+mul  0.102374059  0.102374059   0.204748118   0.000000000

   72   Si          Up spin      Down spin     Sum           Diff           Angles(Deg)
            multiple
  s           0    0.628468825  0.628468825   1.256937650   0.000000000    90.0000    0.0000
   sum over m      0.628468825  0.628468825   1.256937650   0.000000000
  s           1    0.000982222  0.000982222   0.001964445   0.000000000    90.0000    0.0000
   sum over m      0.000982222  0.000982222   0.001964445   0.000000000
   sum over m+mul  0.629451047  0.629451047   1.258902095   0.000000000
  px          0    0.419564737  0.419564737   0.839129475   0.000000000    90.0000    0.0000
  py          0    0.419571382  0.419571382   0.839142765   0.000000000    90.0000    0.0000
  pz          0    0.419629522  0.419629522   0.839259045   0.000000000    90.0000    0.0000
   sum over m      1.258765642  1.258765642   2.517531284   0.000000000
  px          1    0.003152606  0.003152606   0.006305212   0.000000000    90.0000    0.0000
  py          1    0.003155001  0.003155001   0.006310002   0.000000000    90.0000    0.0000
  pz          1    0.003152087  0.003152087   0.006304174   0.000000000    90.0000    0.0000
   sum over m      0.009459694  0.009459694   0.018919388   0.000000000
   sum over m+mul  1.268225336  1.268225336   2.536450672   0.000000000
  d3z^2-r^2   0    0.011943762  0.011943762   0.023887524   0.000000000    90.0000    0.0000
  dx^2-y^2    0    0.011950064  0.011950064   0.023900127   0.000000000    90.0000    0.0000
  dxy         0    0.026152267  0.026152267   0.052304533   0.000000000    90.0000    0.0000
  dxz         0    0.026164405  0.026164405   0.052328810   0.000000000    90.0000    0.0000
  dyz         0    0.026163562  0.026163562   0.052327125   0.000000000    90.0000    0.0000
   sum over m      0.102374059  0.102374059   0.204748118   0.000000000
   sum over m+mul  0.102374059  0.102374059   0.204748118   0.000000000

   73   Si          Up spin      Down spin     Sum           Diff           Angles(Deg)
            multiple
  s           0    0.628405582  0.628405582   1.256811165   0.000000000    90.0000    0.0000
   sum over m      0.628405582  0.628405582   1.256811165   0.000000000
  s           1    0.000963682  0.000963682   0.001927364   0.000000000    90.0000    0.0000
   sum over m      0.000963682  0.000963682   0.001927364   0.000000000
   sum over m+mul  0.629369264  0.629369264   1.258738529   0.000000000
  px          0    0.419530983  0.419530983   0.839061966   0.000000000    90.0000    0.0000
  py          0    0.419545273  0.419545273   0.839090546   0.000000000    90.0000    0.0000
  pz          0    0.419545276  0.419545276   0.839090552   0.000000000    90.0000    0.0000
   sum over m      1.258621532  1.258621532   2.517243064   0.000000000
  px          1    0.003117373  0.003117373   0.006234745   0.000000000    90.0000    0.0000
  py          1    0.003154821  0.003154821   0.006309643   0.000000000    90.0000    0.0000
  pz          1    0.003154821  0.003154821   0.006309643   0.000000000    90.0000    0.0000
   sum over m      0.009427015  0.009427015   0.018854031   0.000000000
   sum over m+mul  1.268048547  1.268048547   2.536097095   0.000000000
  d3z^2-r^2   0    0.011945154  0.011945154   0.023890307   0.000000000    90.0000    0.0000
  dx^2-y^2    0    0.011945304  0.011945304   0.023890607   0.000000000    90.0000    0.0000
  dxy         0    0.026159431  0.026159431   0.052318862   0.000000000    90.0000    0.0000
  dxz         0    0.026159431  0.026159431   0.052318862   0.000000000    90.0000    0.0000
  dyz         0    0.026161047  0.026161047   0.052322094   0.000000000    90.0000    0.0000
   sum over m      0.102370366  0.102370366   0.204740733   0.000000000
   sum over m+mul  0.102370366  0.102370366   0.204740733   0.000000000

   74   Si          Up spin      Down spin     Sum           Diff           Angles(Deg)
            multiple
  s           0    0.628488434  0.628488434   1.256976867   0.000000000    90.0000    0.0000
   sum over m      0.628488434  0.628488434   1.256976867   0.000000000
  s           1    0.001001740  0.001001740   0.002003481   0.000000000    90.0000    0.0000
   sum over m      0.001001740  0.001001740   0.002003481   0.000000000
   sum over m+mul  0.629490174  0.629490174   1.258980348   0.000000000
  px          0    0.419578091  0.419578091   0.839156182   0.000000000    90.0000    0.0000
  py          0    0.419578538  0.419578538   0.839157076   0.000000000    90.0000    0.0000
  pz          0    0.419578077  0.419578077   0.839156154   0.000000000    90.0000    0.0000
   sum over m      1.258734706  1.258734706   2.517469413   0.000000000
  px          1    0.003162829  0.003162829   0.006325657   0.000000000    90.0000    0.0000
  py          1    0.003162683  0.003162683   0.006325365   0.000000000    90.0000    0.0000
  pz          1    0.003162695  0.003162695   0.006325389   0.000000000    90.0000    0.0000
   sum over m      0.009488206  0.009488206   0.018976412   0.000000000
   sum over m+mul  1.268222912  1.268222912   2.536445824   0.000000000
  d3z^2-r^2   0    0.011946332  0.011946332   0.023892663   0.000000000    90.0000    0.0000
  dx^2-y^2    0    0.011946321  0.011946321   0.023892642   0.000000000    90.0000    0.0000
  dxy         0    0.026158469  0.026158469   0.052316938   0.000000000    90.0000    0.0000
  dxz         0    0.026158362  0.026158362   0.052316724   0.000000000    90.0000    0.0000
  dyz         0    0.026158414  0.026158414   0.052316829   0.000000000    90.0000    0.0000
   sum over m      0.102367898  0.102367898   0.204735797   0.000000000
   sum over m+mul  0.102367898  0.102367898   0.204735797   0.000000000

   75   Si          Up spin      Down spin     Sum           Diff           Angles(Deg)
            multiple
  s           0    0.628430316  0.628430316   1.256860632   0.000000000    90.0000    0.0000
   sum over m      0.628430316  0.628430316   1.256860632   0.000000000
  s           1    0.000986869  0.000986869   0.001973737   0.000000000    90.0000    0.0000
   sum over m      0.000986869  0.000986869   0.001973737   0.000000000
   sum over m+mul  0.629417185  0.629417185   1.258834369   0.000000000
  px          0    0.419571264  0.419571264   0.839142528   0.000000000    90.0000    0.0000
  py          0    0.419522447  0.419522447   0.839044894   0.000000000    90.0000    0.0000
  pz          0    0.419522450  0.419522450   0.839044900   0.000000000    90.0000    0.0000
   sum over m      1.258616161  1.258616161   2.517232321   0.000000000
  px          1    0.003159783  0.003159783   0.006319565   0.000000000    90.0000    0.0000
  py          1    0.003157142  0.003157142   0.006314285   0.000000000    90.0000    0.0000
  pz          1    0.003157143  0.003157143   0.006314285   0.000000000    90.0000    0.0000
   sum over m      0.009474068  0.009474068   0.018948135   0.000000000
   sum over m+mul  1.268090228  1.268090228   2.536180457   0.000000000
  d3z^2-r^2   0    0.011945493  0.011945493   0.023890986   0.000000000    90.0000    0.0000
  dx^2-y^2    0    0.011946121  0.011946121   0.023892243   0.000000000    90.0000    0.0000
  dxy         0    0.026158509  0.026158509   0.052317018   0.000000000    90.0000    0.0000
  dxz         0    0.026158509  0.026158509   0.052317019   0.000000000    90.0000    0.0000
  dyz         0    0.026160052  0.026160052   0.052320103   0.000000000    90.0000    0.0000
   sum over m      0.102368685  0.102368685   0.204737369   0.000000000
   sum over m+mul  0.102368685  0.102368685   0.204737369   0.000000000

   76   Si          Up spin      Down spin     Sum           Diff           Angles(Deg)
            multiple
  s           0    0.628488434  0.628488434   1.256976867   0.000000000    90.0000    0.0000
   sum over m      0.628488434  0.628488434   1.256976867   0.000000000
  s           1    0.001001740  0.001001740   0.002003481   0.000000000    90.0000    0.0000
   sum over m      0.001001740  0.001001740   0.002003481   0.000000000
   sum over m+mul  0.629490174  0.629490174   1.258980348   0.000000000
  px          0    0.419578091  0.419578091   0.839156182   0.000000000    90.0000    0.0000
  py          0    0.419578074  0.419578074   0.839156149   0.000000000    90.0000    0.0000
  pz          0    0.419578541  0.419578541   0.839157082   0.000000000    90.0000    0.0000
   sum over m      1.258734706  1.258734706   2.517469413   0.000000000
  px          1    0.003162829  0.003162829   0.006325657   0.000000000    90.0000    0.0000
  py          1    0.003162695  0.003162695   0.006325389   0.000000000    90.0000    0.0000
  pz          1    0.003162682  0.003162682   0.006325365   0.000000000    90.0000    0.0000
   sum over m      0.009488206  0.009488206   0.018976412   0.000000000
   sum over m+mul  1.268222912  1.268222912   2.536445824   0.000000000
  d3z^2-r^2   0    0.011946326  0.011946326   0.023892651   0.000000000    90.0000    0.0000
  dx^2-y^2    0    0.011946327  0.011946327   0.023892654   0.000000000    90.0000    0.0000
  dxy         0    0.026158362  0.026158362   0.052316724   0.000000000    90.0000    0.0000
  dxz         0    0.026158469  0.026158469   0.052316938   0.000000000    90.0000    0.0000
  dyz         0    0.026158414  0.026158414   0.052316829   0.000000000    90.0000    0.0000
   sum over m      0.102367898  0.102367898   0.204735797   0.000000000
   sum over m+mul  0.102367898  0.102367898   0.204735797   0.000000000

   77   Si          Up spin      Down spin     Sum           Diff           Angles(Deg)
            multiple
  s           0    0.628499015  0.628499015   1.256998029   0.000000000    90.0000    0.0000
   sum over m      0.628499015  0.628499015   1.256998029   0.000000000
  s           1    0.000999780  0.000999780   0.001999560   0.000000000    90.0000    0.0000
   sum over m      0.000999780  0.000999780   0.001999560   0.000000000
   sum over m+mul  0.629498795  0.629498795   1.258997590   0.000000000
  px          0    0.419550863  0.419550863   0.839101726   0.000000000    90.0000    0.0000
  py          0    0.419554956  0.419554956   0.839109913   0.000000000    90.0000    0.0000
  pz          0    0.419554960  0.419554960   0.839109920   0.000000000    90.0000    0.0000
   sum over m      1.258660779  1.258660779   2.517321559   0.000000000
  px          1    0.003168144  0.003168144   0.006336287   0.000000000    90.0000    0.0000
  py          1    0.003166224  0.003166224   0.006332448   0.000000000    90.0000    0.0000
  pz          1    0.003166224  0.003166224   0.006332448   0.000000000    90.0000    0.0000
   sum over m      0.009500592  0.009500592   0.019001183   0.000000000
   sum over m+mul  1.268161371  1.268161371   2.536322742   0.000000000
  d3z^2-r^2   0    0.011946648  0.011946648   0.023893296   0.000000000    90.0000    0.0000
  dx^2-y^2    0    0.011946269  0.011946269   0.023892538   0.000000000    90.0000    0.0000
  dxy         0    0.026159006  0.026159006   0.052318011   0.000000000    90.0000    0.0000
  dxz         0    0.026159006  0.026159006   0.052318011   0.000000000    90.0000    0.0000
  dyz         0    0.026158045  0.026158045   0.052316090   0.000000000    90.0000    0.0000
   sum over m      0.102368973  0.102368973   0.204737945   0.000000000
   sum over m+mul  0.102368973  0.102368973   0.204737945   0.000000000

   78   Si          Up spin      Down spin     Sum           Diff           Angles(Deg)
            multiple
  s           0    0.628454648  0.628454648   1.256909296   0.000000000    90.0000    0.0000
   sum over m      0.628454648  0.628454648   1.256909296   0.000000000
  s           1    0.000983409  0.000983409   0.001966817   0.000000000    90.0000    0.0000
   sum over m      0.000983409  0.000983409   0.001966817   0.000000000
   sum over m+mul  0.629438057  0.629438057   1.258876113   0.000000000
  px          0    0.419594268  0.419594268   0.839188537   0.000000000    90.0000    0.0000
  py          0    0.419558228  0.419558228   0.839116457   0.000000000    90.0000    0.0000
  pz          0    0.419558231  0.419558231   0.839116463   0.000000000    90.0000    0.0000
   sum over m      1.258710728  1.258710728   2.517421456   0.000000000
  px          1    0.003157101  0.003157101   0.006314201   0.000000000    90.0000    0.0000
  py          1    0.003155832  0.003155832   0.006311665   0.000000000    90.0000    0.0000
  pz          1    0.003155832  0.003155832   0.006311665   0.000000000    90.0000    0.0000
   sum over m      0.009468765  0.009468765   0.018937531   0.000000000
   sum over m+mul  1.268179493  1.268179493   2.536358987   0.000000000
  d3z^2-r^2   0    0.011945290  0.011945290   0.023890580   0.000000000    90.0000    0.0000
  dx^2-y^2    0    0.011946338  0.011946338   0.023892677   0.000000000    90.0000    0.0000
  dxy         0    0.026158488  0.026158488   0.052316975   0.000000000    90.0000    0.0000
  dxz         0    0.026158488  0.026158488   0.052316975   0.000000000    90.0000    0.0000
  dyz         0    0.026157938  0.026157938   0.052315877   0.000000000    90.0000    0.0000
   sum over m      0.102366542  0.102366542   0.204733084   0.000000000
   sum over m+mul  0.102366542  0.102366542   0.204733084   0.000000000

   79   Si          Up spin      Down spin     Sum           Diff           Angles(Deg)
            multiple
  s           0    0.628453453  0.628453453   1.256906905   0.000000000    90.0000    0.0000
   sum over m      0.628453453  0.628453453   1.256906905   0.000000000
  s           1    0.000982650  0.000982650   0.001965299   0.000000000    90.0000    0.0000
   sum over m      0.000982650  0.000982650   0.001965299   0.000000000
   sum over m+mul  0.629436102  0.629436102   1.258872204   0.000000000
  px          0    0.419558417  0.419558417   0.839116835   0.000000000    90.0000    0.0000
  py          0    0.419585399  0.419585399   0.839170798   0.000000000    90.0000    0.0000
  pz          0    0.419555582  0.419555582   0.839111163   0.000000000    90.0000    0.0000
   sum over m      1.258699398  1.258699398   2.517398796   0.000000000
  px          1    0.003155623  0.003155623   0.006311246   0.000000000    90.0000    0.0000
  py          1    0.003158680  0.003158680   0.006317359   0.000000000    90.0000    0.0000
  pz          1    0.003154545  0.003154545   0.006309090   0.000000000    90.0000    0.0000
   sum over m      0.009468847  0.009468847   0.018937695   0.000000000
   sum over m+mul  1.268168245  1.268168245   2.536336491   0.000000000
  d3z^2-r^2   0    0.011947243  0.011947243   0.023894486   0.000000000    90.0000    0.0000
  dx^2-y^2    0    0.011945231  0.011945231   0.023890462   0.000000000    90.0000    0.0000
  dxy         0    0.026159364  0.026159364   0.052318728   0.000000000    90.0000    0.0000
  dxz         0    0.026158508  0.026158508   0.052317017   0.000000000    90.0000    0.0000
  dyz         0    0.026158822  0.026158822   0.052317644   0.000000000    90.0000    0.0000
   sum over m      0.102369168  0.102369168   0.204738336   0.000000000
   sum over m+mul  0.102369168  0.102369168   0.204738336   0.000000000

   80   Si          Up spin      Down spin     Sum           Diff           Angles(Deg)
            multiple
  s           0    0.628453453  0.628453453   1.256906905   0.000000000    90.0000    0.0000
   sum over m      0.628453453  0.628453453   1.256906905   0.000000000
  s           1    0.000982649  0.000982649   0.001965298   0.000000000    90.0000    0.0000
   sum over m      0.000982649  0.000982649   0.001965298   0.000000000
   sum over m+mul  0.629436102  0.629436102   1.258872203   0.000000000
  px          0    0.419558419  0.419558419   0.839116837   0.000000000    90.0000    0.0000
  py          0    0.419555580  0.419555580   0.839111160   0.000000000    90.0000    0.0000
  pz          0    0.419585401  0.419585401   0.839170802   0.000000000    90.0000    0.0000
   sum over m      1.258699400  1.258699400   2.517398799   0.000000000
  px          1    0.003155623  0.003155623   0.006311246   0.000000000    90.0000    0.0000
  py          1    0.003154545  0.003154545   0.006309089   0.000000000    90.0000    0.0000
  pz          1    0.003158679  0.003158679   0.006317359   0.000000000    90.0000    0.0000
   sum over m      0.009468847  0.009468847   0.018937694   0.000000000
   sum over m+mul  1.268168247  1.268168247   2.536336493   0.000000000
  d3z^2-r^2   0    0.011945111  0.011945111   0.023890223   0.000000000    90.0000    0.0000
  dx^2-y^2    0    0.011947363  0.011947363   0.023894725   0.000000000    90.0000    0.0000
  dxy         0    0.026158508  0.026158508   0.052317017   0.000000000    90.0000    0.0000
  dxz         0    0.026159364  0.026159364   0.052318728   0.000000000    90.0000    0.0000
  dyz         0    0.026158822  0.026158822   0.052317644   0.000000000    90.0000    0.0000
   sum over m      0.102369168  0.102369168   0.204738337   0.000000000
   sum over m+mul  0.102369168  0.102369168   0.204738337   0.000000000

   81   Si          Up spin      Down spin     Sum           Diff           Angles(Deg)
            multiple
  s           0    0.628427680  0.628427680   1.256855360   0.000000000    90.0000    0.0000
   sum over m      0.628427680  0.628427680   1.256855360   0.000000000
  s           1    0.000977646  0.000977646   0.001955291   0.000000000    90.0000    0.0000
   sum over m      0.000977646  0.000977646   0.001955291   0.000000000
   sum over m+mul  0.629405325  0.629405325   1.258810651   0.000000000
  px          0    0.419539771  0.419539771   0.839079541   0.000000000    90.0000    0.0000
  py          0    0.419601576  0.419601576   0.839203152   0.000000000    90.0000    0.0000
  pz          0    0.419535836  0.419535836   0.839071672   0.000000000    90.0000    0.0000
   sum over m      1.258677183  1.258677183   2.517354365   0.000000000
  px          1    0.003155484  0.003155484   0.006310969   0.000000000    90.0000    0.0000
  py          1    0.003155902  0.003155902   0.006311804   0.000000000    90.0000    0.0000
  pz          1    0.003157453  0.003157453   0.006314906   0.000000000    90.0000    0.0000
   sum over m      0.009468839  0.009468839   0.018937678   0.000000000
   sum over m+mul  1.268146022  1.268146022   2.536292044   0.000000000
  d3z^2-r^2   0    0.011945599  0.011945599   0.023891198   0.000000000    90.0000    0.0000
  dx^2-y^2    0    0.011948133  0.011948133   0.023896266   0.000000000    90.0000    0.0000
  dxy         0    0.026158149  0.026158149   0.052316299   0.000000000    90.0000    0.0000
  dxz         0    0.026159699  0.026159699   0.052319398   0.000000000    90.0000    0.0000
  dyz         0    0.026159447  0.026159447   0.052318895   0.000000000    90.0000    0.0000
   sum over m      0.102371028  0.102371028   0.204742056   0.000000000
   sum over m+mul  0.102371028  0.102371028   0.204742056   0.000000000

   82   Si          Up spin      Down spin     Sum           Diff           Angles(Deg)
            multiple
  s           0    0.628490958  0.628490958   1.256981916   0.000000000    90.0000    0.0000
   sum over m      0.628490958  0.628490958   1.256981916   0.000000000
  s           1    0.001003306  0.001003306   0.002006611   0.000000000    90.0000    0.0000
   sum over m      0.001003306  0.001003306   0.002006611   0.000000000
   sum over m+mul  0.629494263  0.629494263   1.258988527   0.000000000
  px          0    0.419572728  0.419572728   0.839145456   0.000000000    90.0000    0.0000
  py          0    0.419571343  0.419571343   0.839142686   0.000000000    90.0000    0.0000
  pz          0    0.419573512  0.419573512   0.839147023   0.000000000    90.0000    0.0000
   sum over m      1.258717583  1.258717583   2.517435165   0.000000000
  px          1    0.003164414  0.003164414   0.006328829   0.000000000    90.0000    0.0000
  py          1    0.003164275  0.003164275   0.006328550   0.000000000    90.0000    0.0000
  pz          1    0.003164567  0.003164567   0.006329133   0.000000000    90.0000    0.0000
   sum over m      0.009493256  0.009493256   0.018986512   0.000000000
   sum over m+mul  1.268210839  1.268210839   2.536421677   0.000000000
  d3z^2-r^2   0    0.011946146  0.011946146   0.023892292   0.000000000    90.0000    0.0000
  dx^2-y^2    0    0.011946186  0.011946186   0.023892372   0.000000000    90.0000    0.0000
  dxy         0    0.026158421  0.026158421   0.052316841   0.000000000    90.0000    0.0000
  dxz         0    0.026158439  0.026158439   0.052316879   0.000000000    90.0000    0.0000
  dyz         0    0.026158312  0.026158312   0.052316624   0.000000000    90.0000    0.0000
   sum over m      0.102367504  0.102367504   0.204735008   0.000000000
   sum over m+mul  0.102367504  0.102367504   0.204735008   0.000000000

   83   Si          Up spin      Down spin     Sum           Diff           Angles(Deg)
            multiple
  s           0    0.628451102  0.628451102   1.256902204   0.000000000    90.0000    0.0000
   sum over m      0.628451102  0.628451102   1.256902204   0.000000000
  s           1    0.000982163  0.000982163   0.001964326   0.000000000    90.0000    0.0000
   sum over m      0.000982163  0.000982163   0.001964326   0.000000000
   sum over m+mul  0.629433265  0.629433265   1.258866530   0.000000000
  px          0    0.419583988  0.419583988   0.839167977   0.000000000    90.0000    0.0000
  py          0    0.419554789  0.419554789   0.839109579   0.000000000    90.0000    0.0000
  pz          0    0.419553065  0.419553065   0.839106131   0.000000000    90.0000    0.0000
   sum over m      1.258691843  1.258691843   2.517383686   0.000000000
  px          1    0.003157853  0.003157853   0.006315706   0.000000000    90.0000    0.0000
  py          1    0.003154914  0.003154914   0.006309829   0.000000000    90.0000    0.0000
  pz          1    0.003154996  0.003154996   0.006309992   0.000000000    90.0000    0.0000
   sum over m      0.009467763  0.009467763   0.018935527   0.000000000
   sum over m+mul  1.268159606  1.268159606   2.536319213   0.000000000
  d3z^2-r^2   0    0.011945784  0.011945784   0.023891569   0.000000000    90.0000    0.0000
  dx^2-y^2    0    0.011946625  0.011946625   0.023893249   0.000000000    90.0000    0.0000
  dxy         0    0.026158478  0.026158478   0.052316957   0.000000000    90.0000    0.0000
  dxz         0    0.026158731  0.026158731   0.052317462   0.000000000    90.0000    0.0000
  dyz         0    0.026160639  0.026160639   0.052321277   0.000000000    90.0000    0.0000
   sum over m      0.102370257  0.102370257   0.204740514   0.000000000
   sum over m+mul  0.102370257  0.102370257   0.204740514   0.000000000

   84   Si          Up spin      Down spin     Sum           Diff           Angles(Deg)
            multiple
  s           0    0.628451601  0.628451601   1.256903203   0.000000000    90.0000    0.0000
   sum over m      0.628451601  0.628451601   1.256903203   0.000000000
  s           1    0.000982251  0.000982251   0.001964502   0.000000000    90.0000    0.0000
   sum over m      0.000982251  0.000982251   0.001964502   0.000000000
   sum over m+mul  0.629433852  0.629433852   1.258867705   0.000000000
  px          0    0.419554587  0.419554587   0.839109173   0.000000000    90.0000    0.0000
  py          0    0.419551093  0.419551093   0.839102186   0.000000000    90.0000    0.0000
  pz          0    0.419588914  0.419588914   0.839177827   0.000000000    90.0000    0.0000
   sum over m      1.258694593  1.258694593   2.517389186   0.000000000
  px          1    0.003154691  0.003154691   0.006309381   0.000000000    90.0000    0.0000
  py          1    0.003155715  0.003155715   0.006311429   0.000000000    90.0000    0.0000
  pz          1    0.003158250  0.003158250   0.006316501   0.000000000    90.0000    0.0000
   sum over m      0.009468656  0.009468656   0.018937311   0.000000000
   sum over m+mul  1.268163249  1.268163249   2.536326498   0.000000000
  d3z^2-r^2   0    0.011946125  0.011946125   0.023892250   0.000000000    90.0000    0.0000
  dx^2-y^2    0    0.011946838  0.011946838   0.023893676   0.000000000    90.0000    0.0000
  dxy         0    0.026158573  0.026158573   0.052317145   0.000000000    90.0000    0.0000
  dxz         0    0.026158627  0.026158627   0.052317253   0.000000000    90.0000    0.0000
  dyz         0    0.026158888  0.026158888   0.052317775   0.000000000    90.0000    0.0000
   sum over m      0.102369050  0.102369050   0.204738100   0.000000000
   sum over m+mul  0.102369050  0.102369050   0.204738100   0.000000000

   85   Si          Up spin      Down spin     Sum           Diff           Angles(Deg)
            multiple
  s           0    0.628446368  0.628446368   1.256892737   0.000000000    90.0000    0.0000
   sum over m      0.628446368  0.628446368   1.256892737   0.000000000
  s           1    0.000978764  0.000978764   0.001957528   0.000000000    90.0000    0.0000
   sum over m      0.000978764  0.000978764   0.001957528   0.000000000
   sum over m+mul  0.629425133  0.629425133   1.258850265   0.000000000
  px          0    0.419550390  0.419550390   0.839100780   0.000000000    90.0000    0.0000
  py          0    0.419539008  0.419539008   0.839078016   0.000000000    90.0000    0.0000
  pz          0    0.419599247  0.419599247   0.839198494   0.000000000    90.0000    0.0000
   sum over m      1.258688645  1.258688645   2.517377290   0.000000000
  px          1    0.003156730  0.003156730   0.006313460   0.000000000    90.0000    0.0000
  py          1    0.003157974  0.003157974   0.006315949   0.000000000    90.0000    0.0000
  pz          1    0.003156317  0.003156317   0.006312633   0.000000000    90.0000    0.0000
   sum over m      0.009471021  0.009471021   0.018942043   0.000000000
   sum over m+mul  1.268159666  1.268159666   2.536319332   0.000000000
  d3z^2-r^2   0    0.011947360  0.011947360   0.023894720   0.000000000    90.0000    0.0000
  dx^2-y^2    0    0.011945851  0.011945851   0.023891701   0.000000000    90.0000    0.0000
  dxy         0    0.026159597  0.026159597   0.052319194   0.000000000    90.0000    0.0000
  dxz         0    0.026158204  0.026158204   0.052316407   0.000000000    90.0000    0.0000
  dyz         0    0.026158484  0.026158484   0.052316967   0.000000000    90.0000    0.0000
   sum over m      0.102369495  0.102369495   0.204738989   0.000000000
   sum over m+mul  0.102369495  0.102369495   0.204738989   0.000000000

   86   Si          Up spin      Down spin     Sum           Diff           Angles(Deg)
            multiple
  s           0    0.628439541  0.628439541   1.256879082   0.000000000    90.0000    0.0000
   sum over m      0.628439541  0.628439541   1.256879082   0.000000000
  s           1    0.000978377  0.000978377   0.001956755   0.000000000    90.0000    0.0000
   sum over m      0.000978377  0.000978377   0.001956755   0.000000000
   sum over m+mul  0.629417919  0.629417919   1.258835837   0.000000000
  px          0    0.419547530  0.419547530   0.839095059   0.000000000    90.0000    0.0000
  py          0    0.419607893  0.419607893   0.839215785   0.000000000    90.0000    0.0000
  pz          0    0.419550621  0.419550621   0.839101242   0.000000000    90.0000    0.0000
   sum over m      1.258706043  1.258706043   2.517412086   0.000000000
  px          1    0.003156478  0.003156478   0.006312956   0.000000000    90.0000    0.0000
  py          1    0.003156559  0.003156559   0.006313117   0.000000000    90.0000    0.0000
  pz          1    0.003156001  0.003156001   0.006312001   0.000000000    90.0000    0.0000
   sum over m      0.009469037  0.009469037   0.018938074   0.000000000
   sum over m+mul  1.268175080  1.268175080   2.536350161   0.000000000
  d3z^2-r^2   0    0.011946191  0.011946191   0.023892383   0.000000000    90.0000    0.0000
  dx^2-y^2    0    0.011946535  0.011946535   0.023893070   0.000000000    90.0000    0.0000
  dxy         0    0.026158019  0.026158019   0.052316038   0.000000000    90.0000    0.0000
  dxz         0    0.026159017  0.026159017   0.052318034   0.000000000    90.0000    0.0000
  dyz         0    0.026158295  0.026158295   0.052316590   0.000000000    90.0000    0.0000
   sum over m      0.102368057  0.102368057   0.204736114   0.000000000
   sum over m+mul  0.102368057  0.102368057   0.204736114   0.000000000

   87   Si          Up spin      Down spin     Sum           Diff           Angles(Deg)
            multiple
  s           0    0.628433243  0.628433243   1.256866486   0.000000000    90.0000    0.0000
   sum over m      0.628433243  0.628433243   1.256866486   0.000000000
  s           1    0.000978689  0.000978689   0.001957378   0.000000000    90.0000    0.0000
   sum over m      0.000978689  0.000978689   0.001957378   0.000000000
   sum over m+mul  0.629411932  0.629411932   1.258823864   0.000000000
  px          0    0.419603205  0.419603205   0.839206410   0.000000000    90.0000    0.0000
  py          0    0.419555725  0.419555725   0.839111450   0.000000000    90.0000    0.0000
  pz          0    0.419553673  0.419553673   0.839107346   0.000000000    90.0000    0.0000
   sum over m      1.258712603  1.258712603   2.517425206   0.000000000
  px          1    0.003156887  0.003156887   0.006313773   0.000000000    90.0000    0.0000
  py          1    0.003154847  0.003154847   0.006309695   0.000000000    90.0000    0.0000
  pz          1    0.003157241  0.003157241   0.006314482   0.000000000    90.0000    0.0000
   sum over m      0.009468975  0.009468975   0.018937950   0.000000000
   sum over m+mul  1.268181578  1.268181578   2.536363156   0.000000000
  d3z^2-r^2   0    0.011945466  0.011945466   0.023890932   0.000000000    90.0000    0.0000
  dx^2-y^2    0    0.011946855  0.011946855   0.023893710   0.000000000    90.0000    0.0000
  dxy         0    0.026157851  0.026157851   0.052315703   0.000000000    90.0000    0.0000
  dxz         0    0.026158782  0.026158782   0.052317564   0.000000000    90.0000    0.0000
  dyz         0    0.026158972  0.026158972   0.052317945   0.000000000    90.0000    0.0000
   sum over m      0.102367926  0.102367926   0.204735853   0.000000000
   sum over m+mul  0.102367926  0.102367926   0.204735853   0.000000000

   88   Si          Up spin      Down spin     Sum           Diff           Angles(Deg)
            multiple
  s           0    0.628488846  0.628488846   1.256977692   0.000000000    90.0000    0.0000
   sum over m      0.628488846  0.628488846   1.256977692   0.000000000
  s           1    0.001002119  0.001002119   0.002004238   0.000000000    90.0000    0.0000
   sum over m      0.001002119  0.001002119   0.002004238   0.000000000
   sum over m+mul  0.629490965  0.629490965   1.258981931   0.000000000
  px          0    0.419578090  0.419578090   0.839156181   0.000000000    90.0000    0.0000
  py          0    0.419576063  0.419576063   0.839152126   0.000000000    90.0000    0.0000
  pz          0    0.419574895  0.419574895   0.839149791   0.000000000    90.0000    0.0000
   sum over m      1.258729048  1.258729048   2.517458097   0.000000000
  px          1    0.003162682  0.003162682   0.006325364   0.000000000    90.0000    0.0000
  py          1    0.003163188  0.003163188   0.006326376   0.000000000    90.0000    0.0000
  pz          1    0.003163167  0.003163167   0.006326334   0.000000000    90.0000    0.0000
   sum over m      0.009489037  0.009489037   0.018978073   0.000000000
   sum over m+mul  1.268218085  1.268218085   2.536436170   0.000000000
  d3z^2-r^2   0    0.011946503  0.011946503   0.023893006   0.000000000    90.0000    0.0000
  dx^2-y^2    0    0.011946358  0.011946358   0.023892716   0.000000000    90.0000    0.0000
  dxy         0    0.026158855  0.026158855   0.052317711   0.000000000    90.0000    0.0000
  dxz         0    0.026158293  0.026158293   0.052316587   0.000000000    90.0000    0.0000
  dyz         0    0.026158586  0.026158586   0.052317172   0.000000000    90.0000    0.0000
   sum over m      0.102368596  0.102368596   0.204737191   0.000000000
   sum over m+mul  0.102368596  0.102368596   0.204737191   0.000000000

   89   Si          Up spin      Down spin     Sum           Diff           Angles(Deg)
            multiple
  s           0    0.628438533  0.628438533   1.256877066   0.000000000    90.0000    0.0000
   sum over m      0.628438533  0.628438533   1.256877066   0.000000000
  s           1    0.000980499  0.000980499   0.001960998   0.000000000    90.0000    0.0000
   sum over m      0.000980499  0.000980499   0.001960998   0.000000000
   sum over m+mul  0.629419032  0.629419032   1.258838063   0.000000000
  px          0    0.419580824  0.419580824   0.839161647   0.000000000    90.0000    0.0000
  py          0    0.419551258  0.419551258   0.839102517   0.000000000    90.0000    0.0000
  pz          0    0.419543496  0.419543496   0.839086993   0.000000000    90.0000    0.0000
   sum over m      1.258675579  1.258675579   2.517351157   0.000000000
  px          1    0.003157065  0.003157065   0.006314131   0.000000000    90.0000    0.0000
  py          1    0.003153653  0.003153653   0.006307305   0.000000000    90.0000    0.0000
  pz          1    0.003155798  0.003155798   0.006311596   0.000000000    90.0000    0.0000
   sum over m      0.009466516  0.009466516   0.018933032   0.000000000
   sum over m+mul  1.268142094  1.268142094   2.536284189   0.000000000
  d3z^2-r^2   0    0.011945654  0.011945654   0.023891309   0.000000000    90.0000    0.0000
  dx^2-y^2    0    0.011948145  0.011948145   0.023896289   0.000000000    90.0000    0.0000
  dxy         0    0.026158252  0.026158252   0.052316504   0.000000000    90.0000    0.0000
  dxz         0    0.026159336  0.026159336   0.052318672   0.000000000    90.0000    0.0000
  dyz         0    0.026160070  0.026160070   0.052320139   0.000000000    90.0000    0.0000
   sum over m      0.102371457  0.102371457   0.204742913   0.000000000
   sum over m+mul  0.102371457  0.102371457   0.204742913   0.000000000

   90   Si          Up spin      Down spin     Sum           Diff           Angles(Deg)
            multiple
  s           0    0.628450688  0.628450688   1.256901377   0.000000000    90.0000    0.0000
   sum over m      0.628450688  0.628450688   1.256901377   0.000000000
  s           1    0.000981730  0.000981730   0.001963461   0.000000000    90.0000    0.0000
   sum over m      0.000981730  0.000981730   0.001963461   0.000000000
   sum over m+mul  0.629432419  0.629432419   1.258864838   0.000000000
  px          0    0.419555144  0.419555144   0.839110288   0.000000000    90.0000    0.0000
  py          0    0.419555589  0.419555589   0.839111178   0.000000000    90.0000    0.0000
  pz          0    0.419588521  0.419588521   0.839177043   0.000000000    90.0000    0.0000
   sum over m      1.258699254  1.258699254   2.517398509   0.000000000
  px          1    0.003154953  0.003154953   0.006309906   0.000000000    90.0000    0.0000
  py          1    0.003154807  0.003154807   0.006309614   0.000000000    90.0000    0.0000
  pz          1    0.003158061  0.003158061   0.006316121   0.000000000    90.0000    0.0000
   sum over m      0.009467820  0.009467820   0.018935641   0.000000000
   sum over m+mul  1.268167075  1.268167075   2.536334149   0.000000000
  d3z^2-r^2   0    0.011946532  0.011946532   0.023893065   0.000000000    90.0000    0.0000
  dx^2-y^2    0    0.011946381  0.011946381   0.023892762   0.000000000    90.0000    0.0000
  dxy         0    0.026159149  0.026159149   0.052318297   0.000000000    90.0000    0.0000
  dxz         0    0.026158522  0.026158522   0.052317043   0.000000000    90.0000    0.0000
  dyz         0    0.026158575  0.026158575   0.052317149   0.000000000    90.0000    0.0000
   sum over m      0.102369158  0.102369158   0.204738316   0.000000000
   sum over m+mul  0.102369158  0.102369158   0.204738316   0.000000000

   91   Si          Up spin      Down spin     Sum           Diff           Angles(Deg)
            multiple
  s           0    0.628458137  0.628458137   1.256916273   0.000000000    90.0000    0.0000
   sum over m      0.628458137  0.628458137   1.256916273   0.000000000
  s           1    0.000983430  0.000983430   0.001966861   0.000000000    90.0000    0.0000
   sum over m      0.000983430  0.000983430   0.001966861   0.000000000
   sum over m+mul  0.629441567  0.629441567   1.258883134   0.000000000
  px          0    0.419540310  0.419540310   0.839080619   0.000000000    90.0000    0.0000
  py          0    0.419609378  0.419609378   0.839218757   0.000000000    90.0000    0.0000
  pz          0    0.419551365  0.419551365   0.839102729   0.000000000    90.0000    0.0000
   sum over m      1.258701053  1.258701053   2.517402105   0.000000000
  px          1    0.003154838  0.003154838   0.006309676   0.000000000    90.0000    0.0000
  py          1    0.003153799  0.003153799   0.006307598   0.000000000    90.0000    0.0000
  pz          1    0.003153157  0.003153157   0.006306314   0.000000000    90.0000    0.0000
   sum over m      0.009461794  0.009461794   0.018923588   0.000000000
   sum over m+mul  1.268162847  1.268162847   2.536325693   0.000000000
  d3z^2-r^2   0    0.011945387  0.011945387   0.023890774   0.000000000    90.0000    0.0000
  dx^2-y^2    0    0.011946461  0.011946461   0.023892921   0.000000000    90.0000    0.0000
  dxy         0    0.026157227  0.026157227   0.052314455   0.000000000    90.0000    0.0000
  dxz         0    0.026157680  0.026157680   0.052315359   0.000000000    90.0000    0.0000
  dyz         0    0.026158992  0.026158992   0.052317984   0.000000000    90.0000    0.0000
   sum over m      0.102365747  0.102365747   0.204731494   0.000000000
   sum over m+mul  0.102365747  0.102365747   0.204731494   0.000000000

   92   Si          Up spin      Down spin     Sum           Diff           Angles(Deg)
            multiple
  s           0    0.628490602  0.628490602   1.256981205   0.000000000    90.0000    0.0000
   sum over m      0.628490602  0.628490602   1.256981205   0.000000000
  s           1    0.001002789  0.001002789   0.002005578   0.000000000    90.0000    0.0000
   sum over m      0.001002789  0.001002789   0.002005578   0.000000000
   sum over m+mul  0.629493391  0.629493391   1.258986782   0.000000000
  px          0    0.419573264  0.419573264   0.839146528   0.000000000    90.0000    0.0000
  py          0    0.419576712  0.419576712   0.839153424   0.000000000    90.0000    0.0000
  pz          0    0.419572173  0.419572173   0.839144346   0.000000000    90.0000    0.0000
   sum over m      1.258722149  1.258722149   2.517444298   0.000000000
  px          1    0.003164382  0.003164382   0.006328764   0.000000000    90.0000    0.0000
  py          1    0.003163429  0.003163429   0.006326859   0.000000000    90.0000    0.0000
  pz          1    0.003164109  0.003164109   0.006328219   0.000000000    90.0000    0.0000
   sum over m      0.009491921  0.009491921   0.018983842   0.000000000
   sum over m+mul  1.268214070  1.268214070   2.536428139   0.000000000
  d3z^2-r^2   0    0.011946671  0.011946671   0.023893342   0.000000000    90.0000    0.0000
  dx^2-y^2    0    0.011945804  0.011945804   0.023891608   0.000000000    90.0000    0.0000
  dxy         0    0.026158829  0.026158829   0.052317659   0.000000000    90.0000    0.0000
  dxz         0    0.026158410  0.026158410   0.052316820   0.000000000    90.0000    0.0000
  dyz         0    0.026157981  0.026157981   0.052315961   0.000000000    90.0000    0.0000
   sum over m      0.102367695  0.102367695   0.204735390   0.000000000
   sum over m+mul  0.102367695  0.102367695   0.204735390   0.000000000

   93   Si          Up spin      Down spin     Sum           Diff           Angles(Deg)
            multiple
  s           0    0.628437233  0.628437233   1.256874467   0.000000000    90.0000    0.0000
   sum over m      0.628437233  0.628437233   1.256874467   0.000000000
  s           1    0.000977859  0.000977859   0.001955717   0.000000000    90.0000    0.0000
   sum over m      0.000977859  0.000977859   0.001955717   0.000000000
   sum over m+mul  0.629415092  0.629415092   1.258830184   0.000000000
  px          0    0.419544861  0.419544861   0.839089721   0.000000000    90.0000    0.0000
  py          0    0.419550675  0.419550675   0.839101349   0.000000000    90.0000    0.0000
  pz          0    0.419605656  0.419605656   0.839211312   0.000000000    90.0000    0.0000
   sum over m      1.258701191  1.258701191   2.517402383   0.000000000
  px          1    0.003155718  0.003155718   0.006311436   0.000000000    90.0000    0.0000
  py          1    0.003155771  0.003155771   0.006311543   0.000000000    90.0000    0.0000
  pz          1    0.003157197  0.003157197   0.006314393   0.000000000    90.0000    0.0000
   sum over m      0.009468686  0.009468686   0.018937373   0.000000000
   sum over m+mul  1.268169878  1.268169878   2.536339756   0.000000000
  d3z^2-r^2   0    0.011945751  0.011945751   0.023891502   0.000000000    90.0000    0.0000
  dx^2-y^2    0    0.011947459  0.011947459   0.023894918   0.000000000    90.0000    0.0000
  dxy         0    0.026158109  0.026158109   0.052316218   0.000000000    90.0000    0.0000
  dxz         0    0.026159007  0.026159007   0.052318015   0.000000000    90.0000    0.0000
  dyz         0    0.026158222  0.026158222   0.052316444   0.000000000    90.0000    0.0000
   sum over m      0.102368549  0.102368549   0.204737097   0.000000000
   sum over m+mul  0.102368549  0.102368549   0.204737097   0.000000000

   94   Si          Up spin      Down spin     Sum           Diff           Angles(Deg)
            multiple
  s           0    0.628448056  0.628448056   1.256896113   0.000000000    90.0000    0.0000
   sum over m      0.628448056  0.628448056   1.256896113   0.000000000
  s           1    0.000980770  0.000980770   0.001961540   0.000000000    90.0000    0.0000
   sum over m      0.000980770  0.000980770   0.001961540   0.000000000
   sum over m+mul  0.629428826  0.629428826   1.258857653   0.000000000
  px          0    0.419585929  0.419585929   0.839171857   0.000000000    90.0000    0.0000
  py          0    0.419555321  0.419555321   0.839110641   0.000000000    90.0000    0.0000
  pz          0    0.419558340  0.419558340   0.839116681   0.000000000    90.0000    0.0000
   sum over m      1.258699589  1.258699589   2.517399179   0.000000000
  px          1    0.003157337  0.003157337   0.006314673   0.000000000    90.0000    0.0000
  py          1    0.003154945  0.003154945   0.006309890   0.000000000    90.0000    0.0000
  pz          1    0.003154145  0.003154145   0.006308289   0.000000000    90.0000    0.0000
   sum over m      0.009466426  0.009466426   0.018932852   0.000000000
   sum over m+mul  1.268166016  1.268166016   2.536332031   0.000000000
  d3z^2-r^2   0    0.011947727  0.011947727   0.023895455   0.000000000    90.0000    0.0000
  dx^2-y^2    0    0.011945550  0.011945550   0.023891100   0.000000000    90.0000    0.0000
  dxy         0    0.026159110  0.026159110   0.052318221   0.000000000    90.0000    0.0000
  dxz         0    0.026157751  0.026157751   0.052315502   0.000000000    90.0000    0.0000
  dyz         0    0.026158844  0.026158844   0.052317687   0.000000000    90.0000    0.0000
   sum over m      0.102368982  0.102368982   0.204737965   0.000000000
   sum over m+mul  0.102368982  0.102368982   0.204737965   0.000000000

   95   Si          Up spin      Down spin     Sum           Diff           Angles(Deg)
            multiple
  s           0    0.628451900  0.628451900   1.256903800   0.000000000    90.0000    0.0000
   sum over m      0.628451900  0.628451900   1.256903800   0.000000000
  s           1    0.000982478  0.000982478   0.001964955   0.000000000    90.0000    0.0000
   sum over m      0.000982478  0.000982478   0.001964955   0.000000000
   sum over m+mul  0.629434378  0.629434378   1.258868755   0.000000000
  px          0    0.419554406  0.419554406   0.839108812   0.000000000    90.0000    0.0000
  py          0    0.419584665  0.419584665   0.839169330   0.000000000    90.0000    0.0000
  pz          0    0.419551282  0.419551282   0.839102564   0.000000000    90.0000    0.0000
   sum over m      1.258690353  1.258690353   2.517380706   0.000000000
  px          1    0.003152629  0.003152629   0.006305258   0.000000000    90.0000    0.0000
  py          1    0.003157044  0.003157044   0.006314089   0.000000000    90.0000    0.0000
  pz          1    0.003153802  0.003153802   0.006307604   0.000000000    90.0000    0.0000
   sum over m      0.009463476  0.009463476   0.018926951   0.000000000
   sum over m+mul  1.268153829  1.268153829   2.536307657   0.000000000
  d3z^2-r^2   0    0.011946194  0.011946194   0.023892388   0.000000000    90.0000    0.0000
  dx^2-y^2    0    0.011946593  0.011946593   0.023893186   0.000000000    90.0000    0.0000
  dxy         0    0.026157591  0.026157591   0.052315181   0.000000000    90.0000    0.0000
  dxz         0    0.026158110  0.026158110   0.052316220   0.000000000    90.0000    0.0000
  dyz         0    0.026158618  0.026158618   0.052317235   0.000000000    90.0000    0.0000
   sum over m      0.102367105  0.102367105   0.204734210   0.000000000
   sum over m+mul  0.102367105  0.102367105   0.204734210   0.000000000

   96   Si          Up spin      Down spin     Sum           Diff           Angles(Deg)
            multiple
  s           0    0.628488608  0.628488608   1.256977216   0.000000000    90.0000    0.0000
   sum over m      0.628488608  0.628488608   1.256977216   0.000000000
  s           1    0.001001922  0.001001922   0.002003844   0.000000000    90.0000    0.0000
   sum over m      0.001001922  0.001001922   0.002003844   0.000000000
   sum over m+mul  0.629490530  0.629490530   1.258981060   0.000000000
  px          0    0.419566127  0.419566127   0.839132254   0.000000000    90.0000    0.0000
  py          0    0.419569627  0.419569627   0.839139253   0.000000000    90.0000    0.0000
  pz          0    0.419569628  0.419569628   0.839139255   0.000000000    90.0000    0.0000
   sum over m      1.258705382  1.258705382   2.517410763   0.000000000
  px          1    0.003165490  0.003165490   0.006330979   0.000000000    90.0000    0.0000
  py          1    0.003163293  0.003163293   0.006326587   0.000000000    90.0000    0.0000
  pz          1    0.003163287  0.003163287   0.006326575   0.000000000    90.0000    0.0000
   sum over m      0.009492070  0.009492070   0.018984141   0.000000000
   sum over m+mul  1.268197452  1.268197452   2.536394904   0.000000000
  d3z^2-r^2   0    0.011947525  0.011947525   0.023895051   0.000000000    90.0000    0.0000
  dx^2-y^2    0    0.011946454  0.011946454   0.023892908   0.000000000    90.0000    0.0000
  dxy         0    0.026158445  0.026158445   0.052316890   0.000000000    90.0000    0.0000
  dxz         0    0.026158444  0.026158444   0.052316888   0.000000000    90.0000    0.0000
  dyz         0    0.026159573  0.026159573   0.052319146   0.000000000    90.0000    0.0000
   sum over m      0.102370441  0.102370441   0.204740883   0.000000000
   sum over m+mul  0.102370441  0.102370441   0.204740883   0.000000000

   97   Si          Up spin      Down spin     Sum           Diff           Angles(Deg)
            multiple
  s           0    0.628427679  0.628427679   1.256855358   0.000000000    90.0000    0.0000
   sum over m      0.628427679  0.628427679   1.256855358   0.000000000
  s           1    0.000977646  0.000977646   0.001955291   0.000000000    90.0000    0.0000
   sum over m      0.000977646  0.000977646   0.001955291   0.000000000
   sum over m+mul  0.629405325  0.629405325   1.258810649   0.000000000
  px          0    0.419539771  0.419539771   0.839079542   0.000000000    90.0000    0.0000
  py          0    0.419535834  0.419535834   0.839071667   0.000000000    90.0000    0.0000
  pz          0    0.419601577  0.419601577   0.839203155   0.000000000    90.0000    0.0000
   sum over m      1.258677182  1.258677182   2.517354363   0.000000000
  px          1    0.003155485  0.003155485   0.006310969   0.000000000    90.0000    0.0000
  py          1    0.003157453  0.003157453   0.006314906   0.000000000    90.0000    0.0000
  pz          1    0.003155902  0.003155902   0.006311804   0.000000000    90.0000    0.0000
   sum over m      0.009468839  0.009468839   0.018937679   0.000000000
   sum over m+mul  1.268146021  1.268146021   2.536292042   0.000000000
  d3z^2-r^2   0    0.011949263  0.011949263   0.023898526   0.000000000    90.0000    0.0000
  dx^2-y^2    0    0.011944469  0.011944469   0.023888939   0.000000000    90.0000    0.0000
  dxy         0    0.026159699  0.026159699   0.052319398   0.000000000    90.0000    0.0000
  dxz         0    0.026158149  0.026158149   0.052316299   0.000000000    90.0000    0.0000
  dyz         0    0.026159447  0.026159447   0.052318895   0.000000000    90.0000    0.0000
   sum over m      0.102371028  0.102371028   0.204742056   0.000000000
   sum over m+mul  0.102371028  0.102371028   0.204742056   0.000000000

   98   Si          Up spin      Down spin     Sum           Diff           Angles(Deg)
            multiple
  s           0    0.628451601  0.628451601   1.256903203   0.000000000    90.0000    0.0000
   sum over m      0.628451601  0.628451601   1.256903203   0.000000000
  s           1    0.000982252  0.000982252   0.001964503   0.000000000    90.0000    0.0000
   sum over m      0.000982252  0.000982252   0.001964503   0.000000000
   sum over m+mul  0.629433853  0.629433853   1.258867706   0.000000000
  px          0    0.419554585  0.419554585   0.839109171   0.000000000    90.0000    0.0000
  py          0    0.419588912  0.419588912   0.839177824   0.000000000    90.0000    0.0000
  pz          0    0.419551095  0.419551095   0.839102189   0.000000000    90.0000    0.0000
   sum over m      1.258694592  1.258694592   2.517389183   0.000000000
  px          1    0.003154691  0.003154691   0.006309381   0.000000000    90.0000    0.0000
  py          1    0.003158250  0.003158250   0.006316501   0.000000000    90.0000    0.0000
  pz          1    0.003155715  0.003155715   0.006311430   0.000000000    90.0000    0.0000
   sum over m      0.009468656  0.009468656   0.018937312   0.000000000
   sum over m+mul  1.268163248  1.268163248   2.536326495   0.000000000
  d3z^2-r^2   0    0.011946339  0.011946339   0.023892678   0.000000000    90.0000    0.0000
  dx^2-y^2    0    0.011946624  0.011946624   0.023893248   0.000000000    90.0000    0.0000
  dxy         0    0.026158627  0.026158627   0.052317253   0.000000000    90.0000    0.0000
  dxz         0    0.026158573  0.026158573   0.052317146   0.000000000    90.0000    0.0000
  dyz         0    0.026158888  0.026158888   0.052317775   0.000000000    90.0000    0.0000
   sum over m      0.102369050  0.102369050   0.204738099   0.000000000
   sum over m+mul  0.102369050  0.102369050   0.204738099   0.000000000

   99   Si          Up spin      Down spin     Sum           Diff           Angles(Deg)
            multiple
  s           0    0.628451102  0.628451102   1.256902204   0.000000000    90.0000    0.0000
   sum over m      0.628451102  0.628451102   1.256902204   0.000000000
  s           1    0.000982163  0.000982163   0.001964326   0.000000000    90.0000    0.0000
   sum over m      0.000982163  0.000982163   0.001964326   0.000000000
   sum over m+mul  0.629433265  0.629433265   1.258866530   0.000000000
  px          0    0.419583988  0.419583988   0.839167977   0.000000000    90.0000    0.0000
  py          0    0.419553062  0.419553062   0.839106125   0.000000000    90.0000    0.0000
  pz          0    0.419554792  0.419554792   0.839109585   0.000000000    90.0000    0.0000
   sum over m      1.258691843  1.258691843   2.517383686   0.000000000
  px          1    0.003157853  0.003157853   0.006315706   0.000000000    90.0000    0.0000
  py          1    0.003154996  0.003154996   0.006309992   0.000000000    90.0000    0.0000
  pz          1    0.003154915  0.003154915   0.006309829   0.000000000    90.0000    0.0000
   sum over m      0.009467763  0.009467763   0.018935527   0.000000000
   sum over m+mul  1.268159606  1.268159606   2.536319213   0.000000000
  d3z^2-r^2   0    0.011945868  0.011945868   0.023891737   0.000000000    90.0000    0.0000
  dx^2-y^2    0    0.011946541  0.011946541   0.023893081   0.000000000    90.0000    0.0000
  dxy         0    0.026158731  0.026158731   0.052317462   0.000000000    90.0000    0.0000
  dxz         0    0.026158478  0.026158478   0.052316957   0.000000000    90.0000    0.0000
  dyz         0    0.026160639  0.026160639   0.052321277   0.000000000    90.0000    0.0000
   sum over m      0.102370257  0.102370257   0.204740514   0.000000000
   sum over m+mul  0.102370257  0.102370257   0.204740514   0.000000000

  100   Si          Up spin      Down spin     Sum           Diff           Angles(Deg)
            multiple
  s           0    0.628490958  0.628490958   1.256981916   0.000000000    90.0000    0.0000
   sum over m      0.628490958  0.628490958   1.256981916   0.000000000
  s           1    0.001003306  0.001003306   0.002006611   0.000000000    90.0000    0.0000
   sum over m      0.001003306  0.001003306   0.002006611   0.000000000
   sum over m+mul  0.629494263  0.629494263   1.258988527   0.000000000
  px          0    0.419572728  0.419572728   0.839145456   0.000000000    90.0000    0.0000
  py          0    0.419573508  0.419573508   0.839147016   0.000000000    90.0000    0.0000
  pz          0    0.419571347  0.419571347   0.839142694   0.000000000    90.0000    0.0000
   sum over m      1.258717583  1.258717583   2.517435165   0.000000000
  px          1    0.003164414  0.003164414   0.006328829   0.000000000    90.0000    0.0000
  py          1    0.003164567  0.003164567   0.006329134   0.000000000    90.0000    0.0000
  pz          1    0.003164275  0.003164275   0.006328550   0.000000000    90.0000    0.0000
   sum over m      0.009493256  0.009493256   0.018986512   0.000000000
   sum over m+mul  1.268210839  1.268210839   2.536421677   0.000000000
  d3z^2-r^2   0    0.011946155  0.011946155   0.023892309   0.000000000    90.0000    0.0000
  dx^2-y^2    0    0.011946177  0.011946177   0.023892355   0.000000000    90.0000    0.0000
  dxy         0    0.026158439  0.026158439   0.052316879   0.000000000    90.0000    0.0000
  dxz         0    0.026158421  0.026158421   0.052316841   0.000000000    90.0000    0.0000
  dyz         0    0.026158312  0.026158312   0.052316624   0.000000000    90.0000    0.0000
   sum over m      0.102367504  0.102367504   0.204735008   0.000000000
   sum over m+mul  0.102367504  0.102367504   0.204735008   0.000000000

  101   Si          Up spin      Down spin     Sum           Diff           Angles(Deg)
            multiple
  s           0    0.628446369  0.628446369   1.256892738   0.000000000    90.0000    0.0000
   sum over m      0.628446369  0.628446369   1.256892738   0.000000000
  s           1    0.000978764  0.000978764   0.001957529   0.000000000    90.0000    0.0000
   sum over m      0.000978764  0.000978764   0.001957529   0.000000000
   sum over m+mul  0.629425133  0.629425133   1.258850267   0.000000000
  px          0    0.419550390  0.419550390   0.839100780   0.000000000    90.0000    0.0000
  py          0    0.419599245  0.419599245   0.839198491   0.000000000    90.0000    0.0000
  pz          0    0.419539011  0.419539011   0.839078021   0.000000000    90.0000    0.0000
   sum over m      1.258688646  1.258688646   2.517377292   0.000000000
  px          1    0.003156730  0.003156730   0.006313460   0.000000000    90.0000    0.0000
  py          1    0.003156317  0.003156317   0.006312633   0.000000000    90.0000    0.0000
  pz          1    0.003157975  0.003157975   0.006315949   0.000000000    90.0000    0.0000
   sum over m      0.009471021  0.009471021   0.018942042   0.000000000
   sum over m+mul  1.268159667  1.268159667   2.536319334   0.000000000
  d3z^2-r^2   0    0.011946164  0.011946164   0.023892328   0.000000000    90.0000    0.0000
  dx^2-y^2    0    0.011947046  0.011947046   0.023894093   0.000000000    90.0000    0.0000
  dxy         0    0.026158204  0.026158204   0.052316407   0.000000000    90.0000    0.0000
  dxz         0    0.026159597  0.026159597   0.052319194   0.000000000    90.0000    0.0000
  dyz         0    0.026158484  0.026158484   0.052316967   0.000000000    90.0000    0.0000
   sum over m      0.102369494  0.102369494   0.204738989   0.000000000
   sum over m+mul  0.102369494  0.102369494   0.204738989   0.000000000

  102   Si          Up spin      Down spin     Sum           Diff           Angles(Deg)
            multiple
  s           0    0.628439540  0.628439540   1.256879081   0.000000000    90.0000    0.0000
   sum over m      0.628439540  0.628439540   1.256879081   0.000000000
  s           1    0.000978377  0.000978377   0.001956755   0.000000000    90.0000    0.0000
   sum over m      0.000978377  0.000978377   0.001956755   0.000000000
   sum over m+mul  0.629417918  0.629417918   1.258835836   0.000000000
  px          0    0.419547530  0.419547530   0.839095059   0.000000000    90.0000    0.0000
  py          0    0.419550618  0.419550618   0.839101237   0.000000000    90.0000    0.0000
  pz          0    0.419607894  0.419607894   0.839215788   0.000000000    90.0000    0.0000
   sum over m      1.258706042  1.258706042   2.517412084   0.000000000
  px          1    0.003156478  0.003156478   0.006312957   0.000000000    90.0000    0.0000
  py          1    0.003156000  0.003156000   0.006312001   0.000000000    90.0000    0.0000
  pz          1    0.003156559  0.003156559   0.006313117   0.000000000    90.0000    0.0000
   sum over m      0.009469037  0.009469037   0.018938075   0.000000000
   sum over m+mul  1.268175080  1.268175080   2.536350159   0.000000000
  d3z^2-r^2   0    0.011946749  0.011946749   0.023893499   0.000000000    90.0000    0.0000
  dx^2-y^2    0    0.011945977  0.011945977   0.023891954   0.000000000    90.0000    0.0000
  dxy         0    0.026159017  0.026159017   0.052318034   0.000000000    90.0000    0.0000
  dxz         0    0.026158019  0.026158019   0.052316038   0.000000000    90.0000    0.0000
  dyz         0    0.026158295  0.026158295   0.052316590   0.000000000    90.0000    0.0000
   sum over m      0.102368057  0.102368057   0.204736115   0.000000000
   sum over m+mul  0.102368057  0.102368057   0.204736115   0.000000000

  103   Si          Up spin      Down spin     Sum           Diff           Angles(Deg)
            multiple
  s           0    0.628488846  0.628488846   1.256977692   0.000000000    90.0000    0.0000
   sum over m      0.628488846  0.628488846   1.256977692   0.000000000
  s           1    0.001002119  0.001002119   0.002004238   0.000000000    90.0000    0.0000
   sum over m      0.001002119  0.001002119   0.002004238   0.000000000
   sum over m+mul  0.629490965  0.629490965   1.258981931   0.000000000
  px          0    0.419578090  0.419578090   0.839156181   0.000000000    90.0000    0.0000
  py          0    0.419574893  0.419574893   0.839149785   0.000000000    90.0000    0.0000
  pz          0    0.419576066  0.419576066   0.839152131   0.000000000    90.0000    0.0000
   sum over m      1.258729048  1.258729048   2.517458097   0.000000000
  px          1    0.003162682  0.003162682   0.006325364   0.000000000    90.0000    0.0000
  py          1    0.003163167  0.003163167   0.006326334   0.000000000    90.0000    0.0000
  pz          1    0.003163188  0.003163188   0.006326375   0.000000000    90.0000    0.0000
   sum over m      0.009489037  0.009489037   0.018978073   0.000000000
   sum over m+mul  1.268218085  1.268218085   2.536436170   0.000000000
  d3z^2-r^2   0    0.011946199  0.011946199   0.023892399   0.000000000    90.0000    0.0000
  dx^2-y^2    0    0.011946662  0.011946662   0.023893323   0.000000000    90.0000    0.0000
  dxy         0    0.026158293  0.026158293   0.052316587   0.000000000    90.0000    0.0000
  dxz         0    0.026158855  0.026158855   0.052317711   0.000000000    90.0000    0.0000
  dyz         0    0.026158586  0.026158586   0.052317172   0.000000000    90.0000    0.0000
   sum over m      0.102368596  0.102368596   0.204737191   0.000000000
   sum over m+mul  0.102368596  0.102368596   0.204737191   0.000000000

  104   Si          Up spin      Down spin     Sum           Diff           Angles(Deg)
            multiple
  s           0    0.628433243  0.628433243   1.256866486   0.000000000    90.0000    0.0000
   sum over m      0.628433243  0.628433243   1.256866486   0.000000000
  s           1    0.000978689  0.000978689   0.001957378   0.000000000    90.0000    0.0000
   sum over m      0.000978689  0.000978689   0.001957378   0.000000000
   sum over m+mul  0.629411932  0.629411932   1.258823864   0.000000000
  px          0    0.419603205  0.419603205   0.839206410   0.000000000    90.0000    0.0000
  py          0    0.419553670  0.419553670   0.839107341   0.000000000    90.0000    0.0000
  pz          0    0.419555728  0.419555728   0.839111456   0.000000000    90.0000    0.0000
   sum over m      1.258712603  1.258712603   2.517425206   0.000000000
  px          1    0.003156887  0.003156887   0.006313773   0.000000000    90.0000    0.0000
  py          1    0.003157240  0.003157240   0.006314481   0.000000000    90.0000    0.0000
  pz          1    0.003154848  0.003154848   0.006309696   0.000000000    90.0000    0.0000
   sum over m      0.009468975  0.009468975   0.018937950   0.000000000
   sum over m+mul  1.268181578  1.268181578   2.536363156   0.000000000
  d3z^2-r^2   0    0.011946467  0.011946467   0.023892933   0.000000000    90.0000    0.0000
  dx^2-y^2    0    0.011945854  0.011945854   0.023891709   0.000000000    90.0000    0.0000
  dxy         0    0.026158782  0.026158782   0.052317564   0.000000000    90.0000    0.0000
  dxz         0    0.026157851  0.026157851   0.052315703   0.000000000    90.0000    0.0000
  dyz         0    0.026158972  0.026158972   0.052317945   0.000000000    90.0000    0.0000
   sum over m      0.102367927  0.102367927   0.204735853   0.000000000
   sum over m+mul  0.102367927  0.102367927   0.204735853   0.000000000

  105   Si          Up spin      Down spin     Sum           Diff           Angles(Deg)
            multiple
  s           0    0.628502168  0.628502168   1.257004336   0.000000000    90.0000    0.0000
   sum over m      0.628502168  0.628502168   1.257004336   0.000000000
  s           1    0.001001412  0.001001412   0.002002824   0.000000000    90.0000    0.0000
   sum over m      0.001001412  0.001001412   0.002002824   0.000000000
   sum over m+mul  0.629503580  0.629503580   1.259007160   0.000000000
  px          0    0.419546188  0.419546188   0.839092375   0.000000000    90.0000    0.0000
  py          0    0.419552877  0.419552877   0.839105753   0.000000000    90.0000    0.0000
  pz          0    0.419552880  0.419552880   0.839105761   0.000000000    90.0000    0.0000
   sum over m      1.258651945  1.258651945   2.517303889   0.000000000
  px          1    0.003166609  0.003166609   0.006333218   0.000000000    90.0000    0.0000
  py          1    0.003165733  0.003165733   0.006331465   0.000000000    90.0000    0.0000
  pz          1    0.003165733  0.003165733   0.006331465   0.000000000    90.0000    0.0000
   sum over m      0.009498074  0.009498074   0.018996149   0.000000000
   sum over m+mul  1.268150019  1.268150019   2.536300038   0.000000000
  d3z^2-r^2   0    0.011946482  0.011946482   0.023892965   0.000000000    90.0000    0.0000
  dx^2-y^2    0    0.011945745  0.011945745   0.023891490   0.000000000    90.0000    0.0000
  dxy         0    0.026157890  0.026157890   0.052315780   0.000000000    90.0000    0.0000
  dxz         0    0.026157890  0.026157890   0.052315780   0.000000000    90.0000    0.0000
  dyz         0    0.026159304  0.026159304   0.052318608   0.000000000    90.0000    0.0000
   sum over m      0.102367312  0.102367312   0.204734623   0.000000000
   sum over m+mul  0.102367312  0.102367312   0.204734623   0.000000000

  106   Si          Up spin      Down spin     Sum           Diff           Angles(Deg)
            multiple
  s           0    0.628450603  0.628450603   1.256901207   0.000000000    90.0000    0.0000
   sum over m      0.628450603  0.628450603   1.256901207   0.000000000
  s           1    0.000981722  0.000981722   0.001963444   0.000000000    90.0000    0.0000
   sum over m      0.000981722  0.000981722   0.001963444   0.000000000
   sum over m+mul  0.629432325  0.629432325   1.258864650   0.000000000
  px          0    0.419555259  0.419555259   0.839110517   0.000000000    90.0000    0.0000
  py          0    0.419588693  0.419588693   0.839177385   0.000000000    90.0000    0.0000
  pz          0    0.419555134  0.419555134   0.839110269   0.000000000    90.0000    0.0000
   sum over m      1.258699086  1.258699086   2.517398171   0.000000000
  px          1    0.003154800  0.003154800   0.006309600   0.000000000    90.0000    0.0000
  py          1    0.003158029  0.003158029   0.006316057   0.000000000    90.0000    0.0000
  pz          1    0.003154839  0.003154839   0.006309677   0.000000000    90.0000    0.0000
   sum over m      0.009467667  0.009467667   0.018935334   0.000000000
   sum over m+mul  1.268166753  1.268166753   2.536333506   0.000000000
  d3z^2-r^2   0    0.011946415  0.011946415   0.023892829   0.000000000    90.0000    0.0000
  dx^2-y^2    0    0.011946487  0.011946487   0.023892975   0.000000000    90.0000    0.0000
  dxy         0    0.026158587  0.026158587   0.052317173   0.000000000    90.0000    0.0000
  dxz         0    0.026159032  0.026159032   0.052318064   0.000000000    90.0000    0.0000
  dyz         0    0.026158556  0.026158556   0.052317113   0.000000000    90.0000    0.0000
   sum over m      0.102369077  0.102369077   0.204738155   0.000000000
   sum over m+mul  0.102369077  0.102369077   0.204738155   0.000000000

  107   Si          Up spin      Down spin     Sum           Diff           Angles(Deg)
            multiple
  s           0    0.628449985  0.628449985   1.256899970   0.000000000    90.0000    0.0000
   sum over m      0.628449985  0.628449985   1.256899970   0.000000000
  s           1    0.000981202  0.000981202   0.001962404   0.000000000    90.0000    0.0000
   sum over m      0.000981202  0.000981202   0.001962404   0.000000000
   sum over m+mul  0.629431187  0.629431187   1.258862374   0.000000000
  px          0    0.419586487  0.419586487   0.839172974   0.000000000    90.0000    0.0000
  py          0    0.419556503  0.419556503   0.839113007   0.000000000    90.0000    0.0000
  pz          0    0.419556506  0.419556506   0.839113013   0.000000000    90.0000    0.0000
   sum over m      1.258699497  1.258699497   2.517398994   0.000000000
  px          1    0.003158461  0.003158461   0.006316921   0.000000000    90.0000    0.0000
  py          1    0.003154717  0.003154717   0.006309434   0.000000000    90.0000    0.0000
  pz          1    0.003154717  0.003154717   0.006309434   0.000000000    90.0000    0.0000
   sum over m      0.009467895  0.009467895   0.018935789   0.000000000
   sum over m+mul  1.268167392  1.268167392   2.536334783   0.000000000
  d3z^2-r^2   0    0.011946359  0.011946359   0.023892718   0.000000000    90.0000    0.0000
  dx^2-y^2    0    0.011946181  0.011946181   0.023892363   0.000000000    90.0000    0.0000
  dxy         0    0.026158590  0.026158590   0.052317180   0.000000000    90.0000    0.0000
  dxz         0    0.026158590  0.026158590   0.052317180   0.000000000    90.0000    0.0000
  dyz         0    0.026160402  0.026160402   0.052320803   0.000000000    90.0000    0.0000
   sum over m      0.102370122  0.102370122   0.204740244   0.000000000
   sum over m+mul  0.102370122  0.102370122   0.204740244   0.000000000

  108   Si          Up spin      Down spin     Sum           Diff           Angles(Deg)
            multiple
  s           0    0.628450603  0.628450603   1.256901206   0.000000000    90.0000    0.0000
   sum over m      0.628450603  0.628450603   1.256901206   0.000000000
  s           1    0.000981721  0.000981721   0.001963443   0.000000000    90.0000    0.0000
   sum over m      0.000981721  0.000981721   0.001963443   0.000000000
   sum over m+mul  0.629432325  0.629432325   1.258864649   0.000000000
  px          0    0.419555260  0.419555260   0.839110520   0.000000000    90.0000    0.0000
  py          0    0.419555133  0.419555133   0.839110265   0.000000000    90.0000    0.0000
  pz          0    0.419588695  0.419588695   0.839177389   0.000000000    90.0000    0.0000
   sum over m      1.258699087  1.258699087   2.517398175   0.000000000
  px          1    0.003154800  0.003154800   0.006309600   0.000000000    90.0000    0.0000
  py          1    0.003154839  0.003154839   0.006309677   0.000000000    90.0000    0.0000
  pz          1    0.003158029  0.003158029   0.006316057   0.000000000    90.0000    0.0000
   sum over m      0.009467667  0.009467667   0.018935334   0.000000000
   sum over m+mul  1.268166754  1.268166754   2.536333508   0.000000000
  d3z^2-r^2   0    0.011946514  0.011946514   0.023893027   0.000000000    90.0000    0.0000
  dx^2-y^2    0    0.011946389  0.011946389   0.023892777   0.000000000    90.0000    0.0000
  dxy         0    0.026159032  0.026159032   0.052318064   0.000000000    90.0000    0.0000
  dxz         0    0.026158587  0.026158587   0.052317173   0.000000000    90.0000    0.0000
  dyz         0    0.026158556  0.026158556   0.052317113   0.000000000    90.0000    0.0000
   sum over m      0.102369077  0.102369077   0.204738155   0.000000000
   sum over m+mul  0.102369077  0.102369077   0.204738155   0.000000000

  109   Si          Up spin      Down spin     Sum           Diff           Angles(Deg)
            multiple
  s           0    0.628450676  0.628450676   1.256901353   0.000000000    90.0000    0.0000
   sum over m      0.628450676  0.628450676   1.256901353   0.000000000
  s           1    0.000981905  0.000981905   0.001963810   0.000000000    90.0000    0.0000
   sum over m      0.000981905  0.000981905   0.001963810   0.000000000
   sum over m+mul  0.629432582  0.629432582   1.258865163   0.000000000
  px          0    0.419591649  0.419591649   0.839183297   0.000000000    90.0000    0.0000
  py          0    0.419555090  0.419555090   0.839110180   0.000000000    90.0000    0.0000
  pz          0    0.419555093  0.419555093   0.839110186   0.000000000    90.0000    0.0000
   sum over m      1.258701831  1.258701831   2.517403663   0.000000000
  px          1    0.003157541  0.003157541   0.006315082   0.000000000    90.0000    0.0000
  py          1    0.003155104  0.003155104   0.006310208   0.000000000    90.0000    0.0000
  pz          1    0.003155104  0.003155104   0.006310208   0.000000000    90.0000    0.0000
   sum over m      0.009467749  0.009467749   0.018935499   0.000000000
   sum over m+mul  1.268169581  1.268169581   2.536339162   0.000000000
  d3z^2-r^2   0    0.011946634  0.011946634   0.023893268   0.000000000    90.0000    0.0000
  dx^2-y^2    0    0.011946490  0.011946490   0.023892980   0.000000000    90.0000    0.0000
  dxy         0    0.026158702  0.026158702   0.052317404   0.000000000    90.0000    0.0000
  dxz         0    0.026158702  0.026158702   0.052317404   0.000000000    90.0000    0.0000
  dyz         0    0.026158399  0.026158399   0.052316797   0.000000000    90.0000    0.0000
   sum over m      0.102368927  0.102368927   0.204737854   0.000000000
   sum over m+mul  0.102368927  0.102368927   0.204737854   0.000000000

  110   Si          Up spin      Down spin     Sum           Diff           Angles(Deg)
            multiple
  s           0    0.628500490  0.628500490   1.257000981   0.000000000    90.0000    0.0000
   sum over m      0.628500490  0.628500490   1.257000981   0.000000000
  s           1    0.001000511  0.001000511   0.002001022   0.000000000    90.0000    0.0000
   sum over m      0.001000511  0.001000511   0.002001022   0.000000000
   sum over m+mul  0.629501001  0.629501001   1.259002003   0.000000000
  px          0    0.419554967  0.419554967   0.839109934   0.000000000    90.0000    0.0000
  py          0    0.419551807  0.419551807   0.839103613   0.000000000    90.0000    0.0000
  pz          0    0.419551810  0.419551810   0.839103620   0.000000000    90.0000    0.0000
   sum over m      1.258658584  1.258658584   2.517317168   0.000000000
  px          1    0.003164914  0.003164914   0.006329827   0.000000000    90.0000    0.0000
  py          1    0.003165717  0.003165717   0.006331434   0.000000000    90.0000    0.0000
  pz          1    0.003165717  0.003165717   0.006331434   0.000000000    90.0000    0.0000
   sum over m      0.009496347  0.009496347   0.018992694   0.000000000
   sum over m+mul  1.268154931  1.268154931   2.536309862   0.000000000
  d3z^2-r^2   0    0.011946611  0.011946611   0.023893223   0.000000000    90.0000    0.0000
  dx^2-y^2    0    0.011946397  0.011946397   0.023892794   0.000000000    90.0000    0.0000
  dxy         0    0.026158172  0.026158172   0.052316344   0.000000000    90.0000    0.0000
  dxz         0    0.026158172  0.026158172   0.052316344   0.000000000    90.0000    0.0000
  dyz         0    0.026157349  0.026157349   0.052314698   0.000000000    90.0000    0.0000
   sum over m      0.102366701  0.102366701   0.204733403   0.000000000
   sum over m+mul  0.102366701  0.102366701   0.204733403   0.000000000

  111   Si          Up spin      Down spin     Sum           Diff           Angles(Deg)
            multiple
  s           0    0.628450955  0.628450955   1.256901910   0.000000000    90.0000    0.0000
   sum over m      0.628450955  0.628450955   1.256901910   0.000000000
  s           1    0.000981633  0.000981633   0.001963267   0.000000000    90.0000    0.0000
   sum over m      0.000981633  0.000981633   0.001963267   0.000000000
   sum over m+mul  0.629432588  0.629432588   1.258865176   0.000000000
  px          0    0.419552160  0.419552160   0.839104321   0.000000000    90.0000    0.0000
  py          0    0.419555150  0.419555150   0.839110301   0.000000000    90.0000    0.0000
  pz          0    0.419588547  0.419588547   0.839177095   0.000000000    90.0000    0.0000
   sum over m      1.258695858  1.258695858   2.517391716   0.000000000
  px          1    0.003155359  0.003155359   0.006310718   0.000000000    90.0000    0.0000
  py          1    0.003154564  0.003154564   0.006309127   0.000000000    90.0000    0.0000
  pz          1    0.003157804  0.003157804   0.006315608   0.000000000    90.0000    0.0000
   sum over m      0.009467726  0.009467726   0.018935453   0.000000000
   sum over m+mul  1.268163585  1.268163585   2.536327169   0.000000000
  d3z^2-r^2   0    0.011946294  0.011946294   0.023892587   0.000000000    90.0000    0.0000
  dx^2-y^2    0    0.011946383  0.011946383   0.023892766   0.000000000    90.0000    0.0000
  dxy         0    0.026159004  0.026159004   0.052318007   0.000000000    90.0000    0.0000
  dxz         0    0.026158484  0.026158484   0.052316968   0.000000000    90.0000    0.0000
  dyz         0    0.026159305  0.026159305   0.052318610   0.000000000    90.0000    0.0000
   sum over m      0.102369469  0.102369469   0.204738939   0.000000000
   sum over m+mul  0.102369469  0.102369469   0.204738939   0.000000000

  112   Si          Up spin      Down spin     Sum           Diff           Angles(Deg)
            multiple
  s           0    0.628450955  0.628450955   1.256901910   0.000000000    90.0000    0.0000
   sum over m      0.628450955  0.628450955   1.256901910   0.000000000
  s           1    0.000981634  0.000981634   0.001963268   0.000000000    90.0000    0.0000
   sum over m      0.000981634  0.000981634   0.001963268   0.000000000
   sum over m+mul  0.629432589  0.629432589   1.258865178   0.000000000
  px          0    0.419552159  0.419552159   0.839104318   0.000000000    90.0000    0.0000
  py          0    0.419588545  0.419588545   0.839177091   0.000000000    90.0000    0.0000
  pz          0    0.419555152  0.419555152   0.839110304   0.000000000    90.0000    0.0000
   sum over m      1.258695857  1.258695857   2.517391713   0.000000000
  px          1    0.003155359  0.003155359   0.006310718   0.000000000    90.0000    0.0000
  py          1    0.003157804  0.003157804   0.006315608   0.000000000    90.0000    0.0000
  pz          1    0.003154564  0.003154564   0.006309128   0.000000000    90.0000    0.0000
   sum over m      0.009467727  0.009467727   0.018935453   0.000000000
   sum over m+mul  1.268163583  1.268163583   2.536327167   0.000000000
  d3z^2-r^2   0    0.011946188  0.011946188   0.023892375   0.000000000    90.0000    0.0000
  dx^2-y^2    0    0.011946489  0.011946489   0.023892978   0.000000000    90.0000    0.0000
  dxy         0    0.026158484  0.026158484   0.052316968   0.000000000    90.0000    0.0000
  dxz         0    0.026159004  0.026159004   0.052318008   0.000000000    90.0000    0.0000
  dyz         0    0.026159305  0.026159305   0.052318610   0.000000000    90.0000    0.0000
   sum over m      0.102369469  0.102369469   0.204738939   0.000000000
   sum over m+mul  0.102369469  0.102369469   0.204738939   0.000000000

  113   Si          Up spin      Down spin     Sum           Diff           Angles(Deg)
            multiple
  s           0    0.628439041  0.628439041   1.256878082   0.000000000    90.0000    0.0000
   sum over m      0.628439041  0.628439041   1.256878082   0.000000000
  s           1    0.000977640  0.000977640   0.001955279   0.000000000    90.0000    0.0000
   sum over m      0.000977640  0.000977640   0.001955279   0.000000000
   sum over m+mul  0.629416681  0.629416681   1.258833361   0.000000000
  px          0    0.419546019  0.419546019   0.839092038   0.000000000    90.0000    0.0000
  py          0    0.419549574  0.419549574   0.839099148   0.000000000    90.0000    0.0000
  pz          0    0.419607587  0.419607587   0.839215173   0.000000000    90.0000    0.0000
   sum over m      1.258703180  1.258703180   2.517406359   0.000000000
  px          1    0.003155726  0.003155726   0.006311452   0.000000000    90.0000    0.0000
  py          1    0.003157040  0.003157040   0.006314080   0.000000000    90.0000    0.0000
  pz          1    0.003157657  0.003157657   0.006315314   0.000000000    90.0000    0.0000
   sum over m      0.009470423  0.009470423   0.018940845   0.000000000
   sum over m+mul  1.268173602  1.268173602   2.536347205   0.000000000
  d3z^2-r^2   0    0.011946047  0.011946047   0.023892094   0.000000000    90.0000    0.0000
  dx^2-y^2    0    0.011946278  0.011946278   0.023892555   0.000000000    90.0000    0.0000
  dxy         0    0.026159325  0.026159325   0.052318651   0.000000000    90.0000    0.0000
  dxz         0    0.026158866  0.026158866   0.052317733   0.000000000    90.0000    0.0000
  dyz         0    0.026159888  0.026159888   0.052319777   0.000000000    90.0000    0.0000
   sum over m      0.102370405  0.102370405   0.204740810   0.000000000
   sum over m+mul  0.102370405  0.102370405   0.204740810   0.000000000

  114   Si          Up spin      Down spin     Sum           Diff           Angles(Deg)
            multiple
  s           0    0.628439051  0.628439051   1.256878103   0.000000000    90.0000    0.0000
   sum over m      0.628439051  0.628439051   1.256878103   0.000000000
  s           1    0.000978329  0.000978329   0.001956658   0.000000000    90.0000    0.0000
   sum over m      0.000978329  0.000978329   0.001956658   0.000000000
   sum over m+mul  0.629417380  0.629417380   1.258834761   0.000000000
  px          0    0.419606259  0.419606259   0.839212517   0.000000000    90.0000    0.0000
  py          0    0.419547153  0.419547153   0.839094306   0.000000000    90.0000    0.0000
  pz          0    0.419551698  0.419551698   0.839103395   0.000000000    90.0000    0.0000
   sum over m      1.258705109  1.258705109   2.517410218   0.000000000
  px          1    0.003157154  0.003157154   0.006314309   0.000000000    90.0000    0.0000
  py          1    0.003156261  0.003156261   0.006312523   0.000000000    90.0000    0.0000
  pz          1    0.003155583  0.003155583   0.006311165   0.000000000    90.0000    0.0000
   sum over m      0.009468998  0.009468998   0.018937997   0.000000000
   sum over m+mul  1.268174108  1.268174108   2.536348215   0.000000000
  d3z^2-r^2   0    0.011946498  0.011946498   0.023892995   0.000000000    90.0000    0.0000
  dx^2-y^2    0    0.011946352  0.011946352   0.023892703   0.000000000    90.0000    0.0000
  dxy         0    0.026158495  0.026158495   0.052316990   0.000000000    90.0000    0.0000
  dxz         0    0.026158914  0.026158914   0.052317829   0.000000000    90.0000    0.0000
  dyz         0    0.026158525  0.026158525   0.052317049   0.000000000    90.0000    0.0000
   sum over m      0.102368783  0.102368783   0.204737566   0.000000000
   sum over m+mul  0.102368783  0.102368783   0.204737566   0.000000000

  115   Si          Up spin      Down spin     Sum           Diff           Angles(Deg)
            multiple
  s           0    0.628440275  0.628440275   1.256880550   0.000000000    90.0000    0.0000
   sum over m      0.628440275  0.628440275   1.256880550   0.000000000
  s           1    0.000979254  0.000979254   0.001958507   0.000000000    90.0000    0.0000
   sum over m      0.000979254  0.000979254   0.001958507   0.000000000
   sum over m+mul  0.629419529  0.629419529   1.258839057   0.000000000
  px          0    0.419542925  0.419542925   0.839085849   0.000000000    90.0000    0.0000
  py          0    0.419603401  0.419603401   0.839206803   0.000000000    90.0000    0.0000
  pz          0    0.419547123  0.419547123   0.839094245   0.000000000    90.0000    0.0000
   sum over m      1.258693449  1.258693449   2.517386897   0.000000000
  px          1    0.003156241  0.003156241   0.006312483   0.000000000    90.0000    0.0000
  py          1    0.003157246  0.003157246   0.006314493   0.000000000    90.0000    0.0000
  pz          1    0.003156545  0.003156545   0.006313089   0.000000000    90.0000    0.0000
   sum over m      0.009470032  0.009470032   0.018940065   0.000000000
   sum over m+mul  1.268163481  1.268163481   2.536326962   0.000000000
  d3z^2-r^2   0    0.011945813  0.011945813   0.023891627   0.000000000    90.0000    0.0000
  dx^2-y^2    0    0.011946528  0.011946528   0.023893057   0.000000000    90.0000    0.0000
  dxy         0    0.026158629  0.026158629   0.052317258   0.000000000    90.0000    0.0000
  dxz         0    0.026158835  0.026158835   0.052317671   0.000000000    90.0000    0.0000
  dyz         0    0.026160017  0.026160017   0.052320034   0.000000000    90.0000    0.0000
   sum over m      0.102369823  0.102369823   0.204739647   0.000000000
   sum over m+mul  0.102369823  0.102369823   0.204739647   0.000000000

  116   Si          Up spin      Down spin     Sum           Diff           Angles(Deg)
            multiple
  s           0    0.628488349  0.628488349   1.256976698   0.000000000    90.0000    0.0000
   sum over m      0.628488349  0.628488349   1.256976698   0.000000000
  s           1    0.001001730  0.001001730   0.002003459   0.000000000    90.0000    0.0000
   sum over m      0.001001730  0.001001730   0.002003459   0.000000000
   sum over m+mul  0.629490078  0.629490078   1.258980157   0.000000000
  px          0    0.419578211  0.419578211   0.839156422   0.000000000    90.0000    0.0000
  py          0    0.419578084  0.419578084   0.839156168   0.000000000    90.0000    0.0000
  pz          0    0.419578251  0.419578251   0.839156502   0.000000000    90.0000    0.0000
   sum over m      1.258734546  1.258734546   2.517469092   0.000000000
  px          1    0.003162675  0.003162675   0.006325349   0.000000000    90.0000    0.0000
  py          1    0.003162713  0.003162713   0.006325426   0.000000000    90.0000    0.0000
  pz          1    0.003162663  0.003162663   0.006325326   0.000000000    90.0000    0.0000
   sum over m      0.009488051  0.009488051   0.018976102   0.000000000
   sum over m+mul  1.268222597  1.268222597   2.536445194   0.000000000
  d3z^2-r^2   0    0.011946313  0.011946313   0.023892626   0.000000000    90.0000    0.0000
  dx^2-y^2    0    0.011946329  0.011946329   0.023892658   0.000000000    90.0000    0.0000
  dxy         0    0.026158353  0.026158353   0.052316706   0.000000000    90.0000    0.0000
  dxz         0    0.026158427  0.026158427   0.052316854   0.000000000    90.0000    0.0000
  dyz         0    0.026158397  0.026158397   0.052316793   0.000000000    90.0000    0.0000
   sum over m      0.102367819  0.102367819   0.204735638   0.000000000
   sum over m+mul  0.102367819  0.102367819   0.204735638   0.000000000

  117   Si          Up spin      Down spin     Sum           Diff           Angles(Deg)
            multiple
  s           0    0.628450368  0.628450368   1.256900737   0.000000000    90.0000    0.0000
   sum over m      0.628450368  0.628450368   1.256900737   0.000000000
  s           1    0.000981289  0.000981289   0.001962579   0.000000000    90.0000    0.0000
   sum over m      0.000981289  0.000981289   0.001962579   0.000000000
   sum over m+mul  0.629431658  0.629431658   1.258863316   0.000000000
  px          0    0.419588595  0.419588595   0.839177190   0.000000000    90.0000    0.0000
  py          0    0.419558288  0.419558288   0.839116577   0.000000000    90.0000    0.0000
  pz          0    0.419557553  0.419557553   0.839115106   0.000000000    90.0000    0.0000
   sum over m      1.258704436  1.258704436   2.517408873   0.000000000
  px          1    0.003158089  0.003158089   0.006316177   0.000000000    90.0000    0.0000
  py          1    0.003154370  0.003154370   0.006308740   0.000000000    90.0000    0.0000
  pz          1    0.003154312  0.003154312   0.006308623   0.000000000    90.0000    0.0000
   sum over m      0.009466770  0.009466770   0.018933540   0.000000000
   sum over m+mul  1.268171206  1.268171206   2.536342413   0.000000000
  d3z^2-r^2   0    0.011946634  0.011946634   0.023893269   0.000000000    90.0000    0.0000
  dx^2-y^2    0    0.011946159  0.011946159   0.023892318   0.000000000    90.0000    0.0000
  dxy         0    0.026158659  0.026158659   0.052317319   0.000000000    90.0000    0.0000
  dxz         0    0.026158121  0.026158121   0.052316241   0.000000000    90.0000    0.0000
  dyz         0    0.026158916  0.026158916   0.052317833   0.000000000    90.0000    0.0000
   sum over m      0.102368490  0.102368490   0.204736980   0.000000000
   sum over m+mul  0.102368490  0.102368490   0.204736980   0.000000000

  118   Si          Up spin      Down spin     Sum           Diff           Angles(Deg)
            multiple
  s           0    0.628446367  0.628446367   1.256892734   0.000000000    90.0000    0.0000
   sum over m      0.628446367  0.628446367   1.256892734   0.000000000
  s           1    0.000978765  0.000978765   0.001957529   0.000000000    90.0000    0.0000
   sum over m      0.000978765  0.000978765   0.001957529   0.000000000
   sum over m+mul  0.629425132  0.629425132   1.258850263   0.000000000
  px          0    0.419550397  0.419550397   0.839100794   0.000000000    90.0000    0.0000
  py          0    0.419541240  0.419541240   0.839082480   0.000000000    90.0000    0.0000
  pz          0    0.419597013  0.419597013   0.839194027   0.000000000    90.0000    0.0000
   sum over m      1.258688650  1.258688650   2.517377301   0.000000000
  px          1    0.003156721  0.003156721   0.006313442   0.000000000    90.0000    0.0000
  py          1    0.003155688  0.003155688   0.006311377   0.000000000    90.0000    0.0000
  pz          1    0.003158594  0.003158594   0.006317187   0.000000000    90.0000    0.0000
   sum over m      0.009471003  0.009471003   0.018942006   0.000000000
   sum over m+mul  1.268159653  1.268159653   2.536319307   0.000000000
  d3z^2-r^2   0    0.011946334  0.011946334   0.023892669   0.000000000    90.0000    0.0000
  dx^2-y^2    0    0.011946876  0.011946876   0.023893752   0.000000000    90.0000    0.0000
  dxy         0    0.026158662  0.026158662   0.052317323   0.000000000    90.0000    0.0000
  dxz         0    0.026159138  0.026159138   0.052318277   0.000000000    90.0000    0.0000
  dyz         0    0.026158484  0.026158484   0.052316968   0.000000000    90.0000    0.0000
   sum over m      0.102369494  0.102369494   0.204738989   0.000000000
   sum over m+mul  0.102369494  0.102369494   0.204738989   0.000000000

  119   Si          Up spin      Down spin     Sum           Diff           Angles(Deg)
            multiple
  s           0    0.628484793  0.628484793   1.256969586   0.000000000    90.0000    0.0000
   sum over m      0.628484793  0.628484793   1.256969586   0.000000000
  s           1    0.001003146  0.001003146   0.002006293   0.000000000    90.0000    0.0000
   sum over m      0.001003146  0.001003146   0.002006293   0.000000000
   sum over m+mul  0.629487939  0.629487939   1.258975879   0.000000000
  px          0    0.419570210  0.419570210   0.839140421   0.000000000    90.0000    0.0000
  py          0    0.419578686  0.419578686   0.839157372   0.000000000    90.0000    0.0000
  pz          0    0.419580744  0.419580744   0.839161487   0.000000000    90.0000    0.0000
   sum over m      1.258729640  1.258729640   2.517459279   0.000000000
  px          1    0.003164109  0.003164109   0.006328217   0.000000000    90.0000    0.0000
  py          1    0.003165084  0.003165084   0.006330168   0.000000000    90.0000    0.0000
  pz          1    0.003162694  0.003162694   0.006325389   0.000000000    90.0000    0.0000
   sum over m      0.009491887  0.009491887   0.018983773   0.000000000
   sum over m+mul  1.268221526  1.268221526   2.536443053   0.000000000
  d3z^2-r^2   0    0.011946336  0.011946336   0.023892672   0.000000000    90.0000    0.0000
  dx^2-y^2    0    0.011945610  0.011945610   0.023891220   0.000000000    90.0000    0.0000
  dxy         0    0.026158696  0.026158696   0.052317393   0.000000000    90.0000    0.0000
  dxz         0    0.026157766  0.026157766   0.052315533   0.000000000    90.0000    0.0000
  dyz         0    0.026158428  0.026158428   0.052316857   0.000000000    90.0000    0.0000
   sum over m      0.102366837  0.102366837   0.204733675   0.000000000
   sum over m+mul  0.102366837  0.102366837   0.204733675   0.000000000

  120   Si          Up spin      Down spin     Sum           Diff           Angles(Deg)
            multiple
  s           0    0.628451101  0.628451101   1.256902202   0.000000000    90.0000    0.0000
   sum over m      0.628451101  0.628451101   1.256902202   0.000000000
  s           1    0.000982111  0.000982111   0.001964222   0.000000000    90.0000    0.0000
   sum over m      0.000982111  0.000982111   0.001964222   0.000000000
   sum over m+mul  0.629433212  0.629433212   1.258866424   0.000000000
  px          0    0.419555140  0.419555140   0.839110280   0.000000000    90.0000    0.0000
  py          0    0.419585338  0.419585338   0.839170675   0.000000000    90.0000    0.0000
  pz          0    0.419553111  0.419553111   0.839106222   0.000000000    90.0000    0.0000
   sum over m      1.258693588  1.258693588   2.517387177   0.000000000
  px          1    0.003154805  0.003154805   0.006309610   0.000000000    90.0000    0.0000
  py          1    0.003158531  0.003158531   0.006317062   0.000000000    90.0000    0.0000
  pz          1    0.003155314  0.003155314   0.006310627   0.000000000    90.0000    0.0000
   sum over m      0.009468650  0.009468650   0.018937299   0.000000000
   sum over m+mul  1.268162238  1.268162238   2.536324476   0.000000000
  d3z^2-r^2   0    0.011946294  0.011946294   0.023892588   0.000000000    90.0000    0.0000
  dx^2-y^2    0    0.011946827  0.011946827   0.023893654   0.000000000    90.0000    0.0000
  dxy         0    0.026158453  0.026158453   0.052316906   0.000000000    90.0000    0.0000
  dxz         0    0.026159535  0.026159535   0.052319070   0.000000000    90.0000    0.0000
  dyz         0    0.026158746  0.026158746   0.052317491   0.000000000    90.0000    0.0000
   sum over m      0.102369854  0.102369854   0.204739708   0.000000000
   sum over m+mul  0.102369854  0.102369854   0.204739708   0.000000000

  121   Si          Up spin      Down spin     Sum           Diff           Angles(Deg)
            multiple
  s           0    0.628438533  0.628438533   1.256877066   0.000000000    90.0000    0.0000
   sum over m      0.628438533  0.628438533   1.256877066   0.000000000
  s           1    0.000980499  0.000980499   0.001960998   0.000000000    90.0000    0.0000
   sum over m      0.000980499  0.000980499   0.001960998   0.000000000
   sum over m+mul  0.629419032  0.629419032   1.258838063   0.000000000
  px          0    0.419580824  0.419580824   0.839161647   0.000000000    90.0000    0.0000
  py          0    0.419543494  0.419543494   0.839086987   0.000000000    90.0000    0.0000
  pz          0    0.419551261  0.419551261   0.839102523   0.000000000    90.0000    0.0000
   sum over m      1.258675579  1.258675579   2.517351157   0.000000000
  px          1    0.003157065  0.003157065   0.006314131   0.000000000    90.0000    0.0000
  py          1    0.003155798  0.003155798   0.006311595   0.000000000    90.0000    0.0000
  pz          1    0.003153653  0.003153653   0.006307306   0.000000000    90.0000    0.0000
   sum over m      0.009466516  0.009466516   0.018933032   0.000000000
   sum over m+mul  1.268142094  1.268142094   2.536284189   0.000000000
  d3z^2-r^2   0    0.011949147  0.011949147   0.023898294   0.000000000    90.0000    0.0000
  dx^2-y^2    0    0.011944652  0.011944652   0.023889304   0.000000000    90.0000    0.0000
  dxy         0    0.026159336  0.026159336   0.052318672   0.000000000    90.0000    0.0000
  dxz         0    0.026158252  0.026158252   0.052316504   0.000000000    90.0000    0.0000
  dyz         0    0.026160070  0.026160070   0.052320139   0.000000000    90.0000    0.0000
   sum over m      0.102371457  0.102371457   0.204742913   0.000000000
   sum over m+mul  0.102371457  0.102371457   0.204742913   0.000000000

  122   Si          Up spin      Down spin     Sum           Diff           Angles(Deg)
            multiple
  s           0    0.628490602  0.628490602   1.256981205   0.000000000    90.0000    0.0000
   sum over m      0.628490602  0.628490602   1.256981205   0.000000000
  s           1    0.001002789  0.001002789   0.002005578   0.000000000    90.0000    0.0000
   sum over m      0.001002789  0.001002789   0.002005578   0.000000000
   sum over m+mul  0.629493391  0.629493391   1.258986782   0.000000000
  px          0    0.419573264  0.419573264   0.839146528   0.000000000    90.0000    0.0000
  py          0    0.419572169  0.419572169   0.839144339   0.000000000    90.0000    0.0000
  pz          0    0.419576715  0.419576715   0.839153431   0.000000000    90.0000    0.0000
   sum over m      1.258722149  1.258722149   2.517444298   0.000000000
  px          1    0.003164382  0.003164382   0.006328764   0.000000000    90.0000    0.0000
  py          1    0.003164110  0.003164110   0.006328219   0.000000000    90.0000    0.0000
  pz          1    0.003163429  0.003163429   0.006326858   0.000000000    90.0000    0.0000
   sum over m      0.009491921  0.009491921   0.018983842   0.000000000
   sum over m+mul  1.268214070  1.268214070   2.536428139   0.000000000
  d3z^2-r^2   0    0.011946367  0.011946367   0.023892734   0.000000000    90.0000    0.0000
  dx^2-y^2    0    0.011946108  0.011946108   0.023892216   0.000000000    90.0000    0.0000
  dxy         0    0.026158410  0.026158410   0.052316820   0.000000000    90.0000    0.0000
  dxz         0    0.026158830  0.026158830   0.052317659   0.000000000    90.0000    0.0000
  dyz         0    0.026157981  0.026157981   0.052315961   0.000000000    90.0000    0.0000
   sum over m      0.102367695  0.102367695   0.204735390   0.000000000
   sum over m+mul  0.102367695  0.102367695   0.204735390   0.000000000

  123   Si          Up spin      Down spin     Sum           Diff           Angles(Deg)
            multiple
  s           0    0.628458136  0.628458136   1.256916272   0.000000000    90.0000    0.0000
   sum over m      0.628458136  0.628458136   1.256916272   0.000000000
  s           1    0.000983430  0.000983430   0.001966860   0.000000000    90.0000    0.0000
   sum over m      0.000983430  0.000983430   0.001966860   0.000000000
   sum over m+mul  0.629441566  0.629441566   1.258883132   0.000000000
  px          0    0.419540310  0.419540310   0.839080619   0.000000000    90.0000    0.0000
  py          0    0.419551362  0.419551362   0.839102724   0.000000000    90.0000    0.0000
  pz          0    0.419609380  0.419609380   0.839218760   0.000000000    90.0000    0.0000
   sum over m      1.258701052  1.258701052   2.517402103   0.000000000
  px          1    0.003154838  0.003154838   0.006309676   0.000000000    90.0000    0.0000
  py          1    0.003153157  0.003153157   0.006306314   0.000000000    90.0000    0.0000
  pz          1    0.003153799  0.003153799   0.006307599   0.000000000    90.0000    0.0000
   sum over m      0.009461794  0.009461794   0.018923588   0.000000000
   sum over m+mul  1.268162846  1.268162846   2.536325692   0.000000000
  d3z^2-r^2   0    0.011945551  0.011945551   0.023891103   0.000000000    90.0000    0.0000
  dx^2-y^2    0    0.011946297  0.011946297   0.023892593   0.000000000    90.0000    0.0000
  dxy         0    0.026157680  0.026157680   0.052315359   0.000000000    90.0000    0.0000
  dxz         0    0.026157227  0.026157227   0.052314455   0.000000000    90.0000    0.0000
  dyz         0    0.026158992  0.026158992   0.052317984   0.000000000    90.0000    0.0000
   sum over m      0.102365747  0.102365747   0.204731494   0.000000000
   sum over m+mul  0.102365747  0.102365747   0.204731494   0.000000000

  124   Si          Up spin      Down spin     Sum           Diff           Angles(Deg)
            multiple
  s           0    0.628450688  0.628450688   1.256901377   0.000000000    90.0000    0.0000
   sum over m      0.628450688  0.628450688   1.256901377   0.000000000
  s           1    0.000981731  0.000981731   0.001963462   0.000000000    90.0000    0.0000
   sum over m      0.000981731  0.000981731   0.001963462   0.000000000
   sum over m+mul  0.629432420  0.629432420   1.258864839   0.000000000
  px          0    0.419555143  0.419555143   0.839110285   0.000000000    90.0000    0.0000
  py          0    0.419588520  0.419588520   0.839177039   0.000000000    90.0000    0.0000
  pz          0    0.419555590  0.419555590   0.839111181   0.000000000    90.0000    0.0000
   sum over m      1.258699253  1.258699253   2.517398505   0.000000000
  px          1    0.003154953  0.003154953   0.006309906   0.000000000    90.0000    0.0000
  py          1    0.003158061  0.003158061   0.006316121   0.000000000    90.0000    0.0000
  pz          1    0.003154807  0.003154807   0.006309614   0.000000000    90.0000    0.0000
   sum over m      0.009467821  0.009467821   0.018935641   0.000000000
   sum over m+mul  1.268167073  1.268167073   2.536334147   0.000000000
  d3z^2-r^2   0    0.011946421  0.011946421   0.023892841   0.000000000    90.0000    0.0000
  dx^2-y^2    0    0.011946492  0.011946492   0.023892985   0.000000000    90.0000    0.0000
  dxy         0    0.026158521  0.026158521   0.052317043   0.000000000    90.0000    0.0000
  dxz         0    0.026159149  0.026159149   0.052318297   0.000000000    90.0000    0.0000
  dyz         0    0.026158575  0.026158575   0.052317149   0.000000000    90.0000    0.0000
   sum over m      0.102369158  0.102369158   0.204738316   0.000000000
   sum over m+mul  0.102369158  0.102369158   0.204738316   0.000000000

  125   Si          Up spin      Down spin     Sum           Diff           Angles(Deg)
            multiple
  s           0    0.628437234  0.628437234   1.256874468   0.000000000    90.0000    0.0000
   sum over m      0.628437234  0.628437234   1.256874468   0.000000000
  s           1    0.000977859  0.000977859   0.001955718   0.000000000    90.0000    0.0000
   sum over m      0.000977859  0.000977859   0.001955718   0.000000000
   sum over m+mul  0.629415093  0.629415093   1.258830186   0.000000000
  px          0    0.419544861  0.419544861   0.839089721   0.000000000    90.0000    0.0000
  py          0    0.419605655  0.419605655   0.839211309   0.000000000    90.0000    0.0000
  pz          0    0.419550677  0.419550677   0.839101354   0.000000000    90.0000    0.0000
   sum over m      1.258701192  1.258701192   2.517402385   0.000000000
  px          1    0.003155718  0.003155718   0.006311436   0.000000000    90.0000    0.0000
  py          1    0.003157197  0.003157197   0.006314393   0.000000000    90.0000    0.0000
  pz          1    0.003155772  0.003155772   0.006311543   0.000000000    90.0000    0.0000
   sum over m      0.009468686  0.009468686   0.018937372   0.000000000
   sum over m+mul  1.268169878  1.268169878   2.536339757   0.000000000
  d3z^2-r^2   0    0.011947672  0.011947672   0.023895344   0.000000000    90.0000    0.0000
  dx^2-y^2    0    0.011945538  0.011945538   0.023891075   0.000000000    90.0000    0.0000
  dxy         0    0.026159007  0.026159007   0.052318015   0.000000000    90.0000    0.0000
  dxz         0    0.026158109  0.026158109   0.052316218   0.000000000    90.0000    0.0000
  dyz         0    0.026158222  0.026158222   0.052316444   0.000000000    90.0000    0.0000
   sum over m      0.102368548  0.102368548   0.204737097   0.000000000
   sum over m+mul  0.102368548  0.102368548   0.204737097   0.000000000

  126   Si          Up spin      Down spin     Sum           Diff           Angles(Deg)
            multiple
  s           0    0.628448056  0.628448056   1.256896113   0.000000000    90.0000    0.0000
   sum over m      0.628448056  0.628448056   1.256896113   0.000000000
  s           1    0.000980770  0.000980770   0.001961540   0.000000000    90.0000    0.0000
   sum over m      0.000980770  0.000980770   0.001961540   0.000000000
   sum over m+mul  0.629428826  0.629428826   1.258857653   0.000000000
  px          0    0.419585929  0.419585929   0.839171857   0.000000000    90.0000    0.0000
  py          0    0.419558337  0.419558337   0.839116675   0.000000000    90.0000    0.0000
  pz          0    0.419555323  0.419555323   0.839110647   0.000000000    90.0000    0.0000
   sum over m      1.258699589  1.258699589   2.517399179   0.000000000
  px          1    0.003157337  0.003157337   0.006314673   0.000000000    90.0000    0.0000
  py          1    0.003154144  0.003154144   0.006308289   0.000000000    90.0000    0.0000
  pz          1    0.003154945  0.003154945   0.006309890   0.000000000    90.0000    0.0000
   sum over m      0.009466426  0.009466426   0.018932852   0.000000000
   sum over m+mul  1.268166016  1.268166016   2.536332031   0.000000000
  d3z^2-r^2   0    0.011945636  0.011945636   0.023891272   0.000000000    90.0000    0.0000
  dx^2-y^2    0    0.011947641  0.011947641   0.023895283   0.000000000    90.0000    0.0000
  dxy         0    0.026157751  0.026157751   0.052315502   0.000000000    90.0000    0.0000
  dxz         0    0.026159110  0.026159110   0.052318221   0.000000000    90.0000    0.0000
  dyz         0    0.026158844  0.026158844   0.052317687   0.000000000    90.0000    0.0000
   sum over m      0.102368982  0.102368982   0.204737965   0.000000000
   sum over m+mul  0.102368982  0.102368982   0.204737965   0.000000000

  127   Si          Up spin      Down spin     Sum           Diff           Angles(Deg)
            multiple
  s           0    0.628488608  0.628488608   1.256977216   0.000000000    90.0000    0.0000
   sum over m      0.628488608  0.628488608   1.256977216   0.000000000
  s           1    0.001001922  0.001001922   0.002003844   0.000000000    90.0000    0.0000
   sum over m      0.001001922  0.001001922   0.002003844   0.000000000
   sum over m+mul  0.629490530  0.629490530   1.258981060   0.000000000
  px          0    0.419566127  0.419566127   0.839132254   0.000000000    90.0000    0.0000
  py          0    0.419569624  0.419569624   0.839139248   0.000000000    90.0000    0.0000
  pz          0    0.419569630  0.419569630   0.839139260   0.000000000    90.0000    0.0000
   sum over m      1.258705382  1.258705382   2.517410763   0.000000000
  px          1    0.003165490  0.003165490   0.006330979   0.000000000    90.0000    0.0000
  py          1    0.003163288  0.003163288   0.006326575   0.000000000    90.0000    0.0000
  pz          1    0.003163293  0.003163293   0.006326586   0.000000000    90.0000    0.0000
   sum over m      0.009492070  0.009492070   0.018984141   0.000000000
   sum over m+mul  1.268197452  1.268197452   2.536394904   0.000000000
  d3z^2-r^2   0    0.011947525  0.011947525   0.023895051   0.000000000    90.0000    0.0000
  dx^2-y^2    0    0.011946454  0.011946454   0.023892908   0.000000000    90.0000    0.0000
  dxy         0    0.026158444  0.026158444   0.052316888   0.000000000    90.0000    0.0000
  dxz         0    0.026158445  0.026158445   0.052316890   0.000000000    90.0000    0.0000
  dyz         0    0.026159573  0.026159573   0.052319146   0.000000000    90.0000    0.0000
   sum over m      0.102370441  0.102370441   0.204740883   0.000000000
   sum over m+mul  0.102370441  0.102370441   0.204740883   0.000000000

  128   Si          Up spin      Down spin     Sum           Diff           Angles(Deg)
            multiple
  s           0    0.628451900  0.628451900   1.256903800   0.000000000    90.0000    0.0000
   sum over m      0.628451900  0.628451900   1.256903800   0.000000000
  s           1    0.000982477  0.000982477   0.001964954   0.000000000    90.0000    0.0000
   sum over m      0.000982477  0.000982477   0.001964954   0.000000000
   sum over m+mul  0.629434377  0.629434377   1.258868754   0.000000000
  px          0    0.419554407  0.419554407   0.839108815   0.000000000    90.0000    0.0000
  py          0    0.419551280  0.419551280   0.839102560   0.000000000    90.0000    0.0000
  pz          0    0.419584667  0.419584667   0.839169334   0.000000000    90.0000    0.0000
   sum over m      1.258690354  1.258690354   2.517380709   0.000000000
  px          1    0.003152629  0.003152629   0.006305258   0.000000000    90.0000    0.0000
  py          1    0.003153802  0.003153802   0.006307604   0.000000000    90.0000    0.0000
  pz          1    0.003157044  0.003157044   0.006314089   0.000000000    90.0000    0.0000
   sum over m      0.009463475  0.009463475   0.018926951   0.000000000
   sum over m+mul  1.268153830  1.268153830   2.536307660   0.000000000
  d3z^2-r^2   0    0.011946298  0.011946298   0.023892596   0.000000000    90.0000    0.0000
  dx^2-y^2    0    0.011946489  0.011946489   0.023892977   0.000000000    90.0000    0.0000
  dxy         0    0.026158110  0.026158110   0.052316219   0.000000000    90.0000    0.0000
  dxz         0    0.026157591  0.026157591   0.052315181   0.000000000    90.0000    0.0000
  dyz         0    0.026158618  0.026158618   0.052317235   0.000000000    90.0000    0.0000
   sum over m      0.102367105  0.102367105   0.204734210   0.000000000
   sum over m+mul  0.102367105  0.102367105   0.204734210   0.000000000

  129   Si          Up spin      Down spin     Sum           Diff           Angles(Deg)
            multiple
  s           0    0.628439042  0.628439042   1.256878083   0.000000000    90.0000    0.0000
   sum over m      0.628439042  0.628439042   1.256878083   0.000000000
  s           1    0.000977640  0.000977640   0.001955279   0.000000000    90.0000    0.0000
   sum over m      0.000977640  0.000977640   0.001955279   0.000000000
   sum over m+mul  0.629416681  0.629416681   1.258833363   0.000000000
  px          0    0.419546019  0.419546019   0.839092038   0.000000000    90.0000    0.0000
  py          0    0.419607585  0.419607585   0.839215171   0.000000000    90.0000    0.0000
  pz          0    0.419549576  0.419549576   0.839099153   0.000000000    90.0000    0.0000
   sum over m      1.258703181  1.258703181   2.517406361   0.000000000
  px          1    0.003155726  0.003155726   0.006311452   0.000000000    90.0000    0.0000
  py          1    0.003157657  0.003157657   0.006315313   0.000000000    90.0000    0.0000
  pz          1    0.003157040  0.003157040   0.006314080   0.000000000    90.0000    0.0000
   sum over m      0.009470422  0.009470422   0.018940845   0.000000000
   sum over m+mul  1.268173603  1.268173603   2.536347206   0.000000000
  d3z^2-r^2   0    0.011945877  0.011945877   0.023891754   0.000000000    90.0000    0.0000
  dx^2-y^2    0    0.011946448  0.011946448   0.023892895   0.000000000    90.0000    0.0000
  dxy         0    0.026158866  0.026158866   0.052317733   0.000000000    90.0000    0.0000
  dxz         0    0.026159325  0.026159325   0.052318651   0.000000000    90.0000    0.0000
  dyz         0    0.026159888  0.026159888   0.052319777   0.000000000    90.0000    0.0000
   sum over m      0.102370405  0.102370405   0.204740809   0.000000000
   sum over m+mul  0.102370405  0.102370405   0.204740809   0.000000000

  130   Si          Up spin      Down spin     Sum           Diff           Angles(Deg)
            multiple
  s           0    0.628488349  0.628488349   1.256976698   0.000000000    90.0000    0.0000
   sum over m      0.628488349  0.628488349   1.256976698   0.000000000
  s           1    0.001001730  0.001001730   0.002003459   0.000000000    90.0000    0.0000
   sum over m      0.001001730  0.001001730   0.002003459   0.000000000
   sum over m+mul  0.629490078  0.629490078   1.258980157   0.000000000
  px          0    0.419578211  0.419578211   0.839156422   0.000000000    90.0000    0.0000
  py          0    0.419578248  0.419578248   0.839156497   0.000000000    90.0000    0.0000
  pz          0    0.419578087  0.419578087   0.839156173   0.000000000    90.0000    0.0000
   sum over m      1.258734546  1.258734546   2.517469092   0.000000000
  px          1    0.003162675  0.003162675   0.006325349   0.000000000    90.0000    0.0000
  py          1    0.003162663  0.003162663   0.006325327   0.000000000    90.0000    0.0000
  pz          1    0.003162713  0.003162713   0.006325426   0.000000000    90.0000    0.0000
   sum over m      0.009488051  0.009488051   0.018976102   0.000000000
   sum over m+mul  1.268222597  1.268222597   2.536445194   0.000000000
  d3z^2-r^2   0    0.011946320  0.011946320   0.023892640   0.000000000    90.0000    0.0000
  dx^2-y^2    0    0.011946322  0.011946322   0.023892644   0.000000000    90.0000    0.0000
  dxy         0    0.026158427  0.026158427   0.052316854   0.000000000    90.0000    0.0000
  dxz         0    0.026158353  0.026158353   0.052316706   0.000000000    90.0000    0.0000
  dyz         0    0.026158397  0.026158397   0.052316793   0.000000000    90.0000    0.0000
   sum over m      0.102367819  0.102367819   0.204735638   0.000000000
   sum over m+mul  0.102367819  0.102367819   0.204735638   0.000000000

  131   Si          Up spin      Down spin     Sum           Diff           Angles(Deg)
            multiple
  s           0    0.628440274  0.628440274   1.256880549   0.000000000    90.0000    0.0000
   sum over m      0.628440274  0.628440274   1.256880549   0.000000000
  s           1    0.000979253  0.000979253   0.001958507   0.000000000    90.0000    0.0000
   sum over m      0.000979253  0.000979253   0.001958507   0.000000000
   sum over m+mul  0.629419528  0.629419528   1.258839056   0.000000000
  px          0    0.419542925  0.419542925   0.839085850   0.000000000    90.0000    0.0000
  py          0    0.419547120  0.419547120   0.839094240   0.000000000    90.0000    0.0000
  pz          0    0.419603403  0.419603403   0.839206806   0.000000000    90.0000    0.0000
   sum over m      1.258693448  1.258693448   2.517386896   0.000000000
  px          1    0.003156242  0.003156242   0.006312483   0.000000000    90.0000    0.0000
  py          1    0.003156544  0.003156544   0.006313089   0.000000000    90.0000    0.0000
  pz          1    0.003157246  0.003157246   0.006314493   0.000000000    90.0000    0.0000
   sum over m      0.009470033  0.009470033   0.018940065   0.000000000
   sum over m+mul  1.268163480  1.268163480   2.536326961   0.000000000
  d3z^2-r^2   0    0.011945900  0.011945900   0.023891799   0.000000000    90.0000    0.0000
  dx^2-y^2    0    0.011946442  0.011946442   0.023892885   0.000000000    90.0000    0.0000
  dxy         0    0.026158835  0.026158835   0.052317671   0.000000000    90.0000    0.0000
  dxz         0    0.026158629  0.026158629   0.052317258   0.000000000    90.0000    0.0000
  dyz         0    0.026160017  0.026160017   0.052320034   0.000000000    90.0000    0.0000
   sum over m      0.102369824  0.102369824   0.204739647   0.000000000
   sum over m+mul  0.102369824  0.102369824   0.204739647   0.000000000

  132   Si          Up spin      Down spin     Sum           Diff           Angles(Deg)
            multiple
  s           0    0.628439051  0.628439051   1.256878103   0.000000000    90.0000    0.0000
   sum over m      0.628439051  0.628439051   1.256878103   0.000000000
  s           1    0.000978329  0.000978329   0.001956658   0.000000000    90.0000    0.0000
   sum over m      0.000978329  0.000978329   0.001956658   0.000000000
   sum over m+mul  0.629417380  0.629417380   1.258834761   0.000000000
  px          0    0.419606259  0.419606259   0.839212517   0.000000000    90.0000    0.0000
  py          0    0.419551695  0.419551695   0.839103390   0.000000000    90.0000    0.0000
  pz          0    0.419547156  0.419547156   0.839094311   0.000000000    90.0000    0.0000
   sum over m      1.258705109  1.258705109   2.517410218   0.000000000
  px          1    0.003157154  0.003157154   0.006314309   0.000000000    90.0000    0.0000
  py          1    0.003155582  0.003155582   0.006311165   0.000000000    90.0000    0.0000
  pz          1    0.003156262  0.003156262   0.006312523   0.000000000    90.0000    0.0000
   sum over m      0.009468998  0.009468998   0.018937997   0.000000000
   sum over m+mul  1.268174108  1.268174108   2.536348215   0.000000000
  d3z^2-r^2   0    0.011946801  0.011946801   0.023893603   0.000000000    90.0000    0.0000
  dx^2-y^2    0    0.011946048  0.011946048   0.023892096   0.000000000    90.0000    0.0000
  dxy         0    0.026158914  0.026158914   0.052317828   0.000000000    90.0000    0.0000
  dxz         0    0.026158495  0.026158495   0.052316990   0.000000000    90.0000    0.0000
  dyz         0    0.026158525  0.026158525   0.052317049   0.000000000    90.0000    0.0000
   sum over m      0.102368783  0.102368783   0.204737566   0.000000000
   sum over m+mul  0.102368783  0.102368783   0.204737566   0.000000000

  133   Si          Up spin      Down spin     Sum           Diff           Angles(Deg)
            multiple
  s           0    0.628450368  0.628450368   1.256900737   0.000000000    90.0000    0.0000
   sum over m      0.628450368  0.628450368   1.256900737   0.000000000
  s           1    0.000981289  0.000981289   0.001962579   0.000000000    90.0000    0.0000
   sum over m      0.000981289  0.000981289   0.001962579   0.000000000
   sum over m+mul  0.629431658  0.629431658   1.258863316   0.000000000
  px          0    0.419588595  0.419588595   0.839177190   0.000000000    90.0000    0.0000
  py          0    0.419557550  0.419557550   0.839115100   0.000000000    90.0000    0.0000
  pz          0    0.419558291  0.419558291   0.839116582   0.000000000    90.0000    0.0000
   sum over m      1.258704436  1.258704436   2.517408873   0.000000000
  px          1    0.003158089  0.003158089   0.006316177   0.000000000    90.0000    0.0000
  py          1    0.003154311  0.003154311   0.006308623   0.000000000    90.0000    0.0000
  pz          1    0.003154370  0.003154370   0.006308740   0.000000000    90.0000    0.0000
   sum over m      0.009466770  0.009466770   0.018933540   0.000000000
   sum over m+mul  1.268171206  1.268171206   2.536342413   0.000000000
  d3z^2-r^2   0    0.011946247  0.011946247   0.023892493   0.000000000    90.0000    0.0000
  dx^2-y^2    0    0.011946547  0.011946547   0.023893094   0.000000000    90.0000    0.0000
  dxy         0    0.026158121  0.026158121   0.052316241   0.000000000    90.0000    0.0000
  dxz         0    0.026158659  0.026158659   0.052317319   0.000000000    90.0000    0.0000
  dyz         0    0.026158916  0.026158916   0.052317833   0.000000000    90.0000    0.0000
   sum over m      0.102368490  0.102368490   0.204736980   0.000000000
   sum over m+mul  0.102368490  0.102368490   0.204736980   0.000000000

  134   Si          Up spin      Down spin     Sum           Diff           Angles(Deg)
            multiple
  s           0    0.628446368  0.628446368   1.256892736   0.000000000    90.0000    0.0000
   sum over m      0.628446368  0.628446368   1.256892736   0.000000000
  s           1    0.000978765  0.000978765   0.001957529   0.000000000    90.0000    0.0000
   sum over m      0.000978765  0.000978765   0.001957529   0.000000000
   sum over m+mul  0.629425132  0.629425132   1.258850265   0.000000000
  px          0    0.419550397  0.419550397   0.839100794   0.000000000    90.0000    0.0000
  py          0    0.419597012  0.419597012   0.839194024   0.000000000    90.0000    0.0000
  pz          0    0.419541242  0.419541242   0.839082485   0.000000000    90.0000    0.0000
   sum over m      1.258688651  1.258688651   2.517377303   0.000000000
  px          1    0.003156721  0.003156721   0.006313441   0.000000000    90.0000    0.0000
  py          1    0.003158593  0.003158593   0.006317187   0.000000000    90.0000    0.0000
  pz          1    0.003155689  0.003155689   0.006311377   0.000000000    90.0000    0.0000
   sum over m      0.009471003  0.009471003   0.018942005   0.000000000
   sum over m+mul  1.268159654  1.268159654   2.536319308   0.000000000
  d3z^2-r^2   0    0.011947190  0.011947190   0.023894379   0.000000000    90.0000    0.0000
  dx^2-y^2    0    0.011946021  0.011946021   0.023892041   0.000000000    90.0000    0.0000
  dxy         0    0.026159138  0.026159138   0.052318277   0.000000000    90.0000    0.0000
  dxz         0    0.026158662  0.026158662   0.052317323   0.000000000    90.0000    0.0000
  dyz         0    0.026158484  0.026158484   0.052316968   0.000000000    90.0000    0.0000
   sum over m      0.102369494  0.102369494   0.204738988   0.000000000
   sum over m+mul  0.102369494  0.102369494   0.204738988   0.000000000

  135   Si          Up spin      Down spin     Sum           Diff           Angles(Deg)
            multiple
  s           0    0.628451101  0.628451101   1.256902202   0.000000000    90.0000    0.0000
   sum over m      0.628451101  0.628451101   1.256902202   0.000000000
  s           1    0.000982110  0.000982110   0.001964221   0.000000000    90.0000    0.0000
   sum over m      0.000982110  0.000982110   0.001964221   0.000000000
   sum over m+mul  0.629433211  0.629433211   1.258866423   0.000000000
  px          0    0.419555141  0.419555141   0.839110282   0.000000000    90.0000    0.0000
  py          0    0.419553109  0.419553109   0.839106218   0.000000000    90.0000    0.0000
  pz          0    0.419585340  0.419585340   0.839170679   0.000000000    90.0000    0.0000
   sum over m      1.258693590  1.258693590   2.517387180   0.000000000
  px          1    0.003154805  0.003154805   0.006309609   0.000000000    90.0000    0.0000
  py          1    0.003155313  0.003155313   0.006310627   0.000000000    90.0000    0.0000
  pz          1    0.003158531  0.003158531   0.006317062   0.000000000    90.0000    0.0000
   sum over m      0.009468649  0.009468649   0.018937299   0.000000000
   sum over m+mul  1.268162239  1.268162239   2.536324479   0.000000000
  d3z^2-r^2   0    0.011946704  0.011946704   0.023893407   0.000000000    90.0000    0.0000
  dx^2-y^2    0    0.011946417  0.011946417   0.023892835   0.000000000    90.0000    0.0000
  dxy         0    0.026159535  0.026159535   0.052319069   0.000000000    90.0000    0.0000
  dxz         0    0.026158453  0.026158453   0.052316906   0.000000000    90.0000    0.0000
  dyz         0    0.026158746  0.026158746   0.052317491   0.000000000    90.0000    0.0000
   sum over m      0.102369854  0.102369854   0.204739708   0.000000000
   sum over m+mul  0.102369854  0.102369854   0.204739708   0.000000000

  136   Si          Up spin      Down spin     Sum           Diff           Angles(Deg)
            multiple
  s           0    0.628484793  0.628484793   1.256969586   0.000000000    90.0000    0.0000
   sum over m      0.628484793  0.628484793   1.256969586   0.000000000
  s           1    0.001003146  0.001003146   0.002006293   0.000000000    90.0000    0.0000
   sum over m      0.001003146  0.001003146   0.002006293   0.000000000
   sum over m+mul  0.629487939  0.629487939   1.258975879   0.000000000
  px          0    0.419570210  0.419570210   0.839140421   0.000000000    90.0000    0.0000
  py          0    0.419580740  0.419580740   0.839161480   0.000000000    90.0000    0.0000
  pz          0    0.419578689  0.419578689   0.839157379   0.000000000    90.0000    0.0000
   sum over m      1.258729640  1.258729640   2.517459279   0.000000000
  px          1    0.003164109  0.003164109   0.006328217   0.000000000    90.0000    0.0000
  py          1    0.003162695  0.003162695   0.006325389   0.000000000    90.0000    0.0000
  pz          1    0.003165084  0.003165084   0.006330167   0.000000000    90.0000    0.0000
   sum over m      0.009491887  0.009491887   0.018983773   0.000000000
   sum over m+mul  1.268221526  1.268221526   2.536443053   0.000000000
  d3z^2-r^2   0    0.011945335  0.011945335   0.023890670   0.000000000    90.0000    0.0000
  dx^2-y^2    0    0.011946611  0.011946611   0.023893222   0.000000000    90.0000    0.0000
  dxy         0    0.026157766  0.026157766   0.052315533   0.000000000    90.0000    0.0000
  dxz         0    0.026158696  0.026158696   0.052317393   0.000000000    90.0000    0.0000
  dyz         0    0.026158428  0.026158428   0.052316857   0.000000000    90.0000    0.0000
   sum over m      0.102366837  0.102366837   0.204733675   0.000000000
   sum over m+mul  0.102366837  0.102366837   0.204733675   0.000000000

  137   Si          Up spin      Down spin     Sum           Diff           Angles(Deg)
            multiple
  s           0    0.628452351  0.628452351   1.256904702   0.000000000    90.0000    0.0000
   sum over m      0.628452351  0.628452351   1.256904702   0.000000000
  s           1    0.000982809  0.000982809   0.001965618   0.000000000    90.0000    0.0000
   sum over m      0.000982809  0.000982809   0.001965618   0.000000000
   sum over m+mul  0.629435160  0.629435160   1.258870320   0.000000000
  px          0    0.419582870  0.419582870   0.839165740   0.000000000    90.0000    0.0000
  py          0    0.419556165  0.419556165   0.839112331   0.000000000    90.0000    0.0000
  pz          0    0.419556168  0.419556168   0.839112336   0.000000000    90.0000    0.0000
   sum over m      1.258695204  1.258695204   2.517390407   0.000000000
  px          1    0.003159237  0.003159237   0.006318473   0.000000000    90.0000    0.0000
  py          1    0.003155117  0.003155117   0.006310235   0.000000000    90.0000    0.0000
  pz          1    0.003155118  0.003155118   0.006310235   0.000000000    90.0000    0.0000
   sum over m      0.009469472  0.009469472   0.018938943   0.000000000
   sum over m+mul  1.268164675  1.268164675   2.536329351   0.000000000
  d3z^2-r^2   0    0.011946505  0.011946505   0.023893009   0.000000000    90.0000    0.0000
  dx^2-y^2    0    0.011945838  0.011945838   0.023891676   0.000000000    90.0000    0.0000
  dxy         0    0.026158420  0.026158420   0.052316840   0.000000000    90.0000    0.0000
  dxz         0    0.026158420  0.026158420   0.052316840   0.000000000    90.0000    0.0000
  dyz         0    0.026160354  0.026160354   0.052320707   0.000000000    90.0000    0.0000
   sum over m      0.102369536  0.102369536   0.204739073   0.000000000
   sum over m+mul  0.102369536  0.102369536   0.204739073   0.000000000

  138   Si          Up spin      Down spin     Sum           Diff           Angles(Deg)
            multiple
  s           0    0.628451601  0.628451601   1.256903202   0.000000000    90.0000    0.0000
   sum over m      0.628451601  0.628451601   1.256903202   0.000000000
  s           1    0.000982248  0.000982248   0.001964496   0.000000000    90.0000    0.0000
   sum over m      0.000982248  0.000982248   0.001964496   0.000000000
   sum over m+mul  0.629433849  0.629433849   1.258867698   0.000000000
  px          0    0.419554586  0.419554586   0.839109172   0.000000000    90.0000    0.0000
  py          0    0.419555519  0.419555519   0.839111037   0.000000000    90.0000    0.0000
  pz          0    0.419584498  0.419584498   0.839168996   0.000000000    90.0000    0.0000
   sum over m      1.258694603  1.258694603   2.517389205   0.000000000
  px          1    0.003154692  0.003154692   0.006309384   0.000000000    90.0000    0.0000
  py          1    0.003155008  0.003155008   0.006310015   0.000000000    90.0000    0.0000
  pz          1    0.003158955  0.003158955   0.006317911   0.000000000    90.0000    0.0000
   sum over m      0.009468655  0.009468655   0.018937310   0.000000000
   sum over m+mul  1.268163258  1.268163258   2.536326515   0.000000000
  d3z^2-r^2   0    0.011946444  0.011946444   0.023892888   0.000000000    90.0000    0.0000
  dx^2-y^2    0    0.011946518  0.011946518   0.023893036   0.000000000    90.0000    0.0000
  dxy         0    0.026159145  0.026159145   0.052318290   0.000000000    90.0000    0.0000
  dxz         0    0.026158053  0.026158053   0.052316106   0.000000000    90.0000    0.0000
  dyz         0    0.026158887  0.026158887   0.052317775   0.000000000    90.0000    0.0000
   sum over m      0.102369047  0.102369047   0.204738095   0.000000000
   sum over m+mul  0.102369047  0.102369047   0.204738095   0.000000000

  139   Si          Up spin      Down spin     Sum           Diff           Angles(Deg)
            multiple
  s           0    0.628480159  0.628480159   1.256960319   0.000000000    90.0000    0.0000
   sum over m      0.628480159  0.628480159   1.256960319   0.000000000
  s           1    0.001005497  0.001005497   0.002010994   0.000000000    90.0000    0.0000
   sum over m      0.001005497  0.001005497   0.002010994   0.000000000
   sum over m+mul  0.629485657  0.629485657   1.258971313   0.000000000
  px          0    0.419534591  0.419534591   0.839069182   0.000000000    90.0000    0.0000
  py          0    0.419519190  0.419519190   0.839038380   0.000000000    90.0000    0.0000
  pz          0    0.419519194  0.419519194   0.839038387   0.000000000    90.0000    0.0000
   sum over m      1.258572975  1.258572975   2.517145950   0.000000000
  px          1    0.003167196  0.003167196   0.006334393   0.000000000    90.0000    0.0000
  py          1    0.003167750  0.003167750   0.006335501   0.000000000    90.0000    0.0000
  pz          1    0.003167751  0.003167751   0.006335501   0.000000000    90.0000    0.0000
   sum over m      0.009502697  0.009502697   0.019005394   0.000000000
   sum over m+mul  1.268075672  1.268075672   2.536151344   0.000000000
  d3z^2-r^2   0    0.011945471  0.011945471   0.023890943   0.000000000    90.0000    0.0000
  dx^2-y^2    0    0.011946028  0.011946028   0.023892055   0.000000000    90.0000    0.0000
  dxy         0    0.026157981  0.026157981   0.052315961   0.000000000    90.0000    0.0000
  dxz         0    0.026157981  0.026157981   0.052315961   0.000000000    90.0000    0.0000
  dyz         0    0.026159000  0.026159000   0.052318000   0.000000000    90.0000    0.0000
   sum over m      0.102366460  0.102366460   0.204732920   0.000000000
   sum over m+mul  0.102366460  0.102366460   0.204732920   0.000000000

  140   Si          Up spin      Down spin     Sum           Diff           Angles(Deg)
            multiple
  s           0    0.628451601  0.628451601   1.256903202   0.000000000    90.0000    0.0000
   sum over m      0.628451601  0.628451601   1.256903202   0.000000000
  s           1    0.000982249  0.000982249   0.001964498   0.000000000    90.0000    0.0000
   sum over m      0.000982249  0.000982249   0.001964498   0.000000000
   sum over m+mul  0.629433850  0.629433850   1.258867699   0.000000000
  px          0    0.419554585  0.419554585   0.839109169   0.000000000    90.0000    0.0000
  py          0    0.419584496  0.419584496   0.839168992   0.000000000    90.0000    0.0000
  pz          0    0.419555520  0.419555520   0.839111040   0.000000000    90.0000    0.0000
   sum over m      1.258694601  1.258694601   2.517389202   0.000000000
  px          1    0.003154692  0.003154692   0.006309384   0.000000000    90.0000    0.0000
  py          1    0.003158955  0.003158955   0.006317911   0.000000000    90.0000    0.0000
  pz          1    0.003155008  0.003155008   0.006310016   0.000000000    90.0000    0.0000
   sum over m      0.009468655  0.009468655   0.018937311   0.000000000
   sum over m+mul  1.268163256  1.268163256   2.536326513   0.000000000
  d3z^2-r^2   0    0.011946019  0.011946019   0.023892037   0.000000000    90.0000    0.0000
  dx^2-y^2    0    0.011946943  0.011946943   0.023893886   0.000000000    90.0000    0.0000
  dxy         0    0.026158053  0.026158053   0.052316106   0.000000000    90.0000    0.0000
  dxz         0    0.026159145  0.026159145   0.052318290   0.000000000    90.0000    0.0000
  dyz         0    0.026158887  0.026158887   0.052317775   0.000000000    90.0000    0.0000
   sum over m      0.102369047  0.102369047   0.204738095   0.000000000
   sum over m+mul  0.102369047  0.102369047   0.204738095   0.000000000

  141   Si          Up spin      Down spin     Sum           Diff           Angles(Deg)
            multiple
  s           0    0.628454663  0.628454663   1.256909326   0.000000000    90.0000    0.0000
   sum over m      0.628454663  0.628454663   1.256909326   0.000000000
  s           1    0.000983368  0.000983368   0.001966737   0.000000000    90.0000    0.0000
   sum over m      0.000983368  0.000983368   0.001966737   0.000000000
   sum over m+mul  0.629438032  0.629438032   1.258876063   0.000000000
  px          0    0.419594279  0.419594279   0.839188558   0.000000000    90.0000    0.0000
  py          0    0.419558238  0.419558238   0.839116476   0.000000000    90.0000    0.0000
  pz          0    0.419558241  0.419558241   0.839116482   0.000000000    90.0000    0.0000
   sum over m      1.258710758  1.258710758   2.517421515   0.000000000
  px          1    0.003157073  0.003157073   0.006314146   0.000000000    90.0000    0.0000
  py          1    0.003155820  0.003155820   0.006311640   0.000000000    90.0000    0.0000
  pz          1    0.003155820  0.003155820   0.006311641   0.000000000    90.0000    0.0000
   sum over m      0.009468713  0.009468713   0.018937427   0.000000000
   sum over m+mul  1.268179471  1.268179471   2.536358942   0.000000000
  d3z^2-r^2   0    0.011945290  0.011945290   0.023890580   0.000000000    90.0000    0.0000
  dx^2-y^2    0    0.011946338  0.011946338   0.023892677   0.000000000    90.0000    0.0000
  dxy         0    0.026158487  0.026158487   0.052316974   0.000000000    90.0000    0.0000
  dxz         0    0.026158487  0.026158487   0.052316974   0.000000000    90.0000    0.0000
  dyz         0    0.026157939  0.026157939   0.052315878   0.000000000    90.0000    0.0000
   sum over m      0.102366541  0.102366541   0.204733083   0.000000000
   sum over m+mul  0.102366541  0.102366541   0.204733083   0.000000000

  142   Si          Up spin      Down spin     Sum           Diff           Angles(Deg)
            multiple
  s           0    0.628449185  0.628449185   1.256898371   0.000000000    90.0000    0.0000
   sum over m      0.628449185  0.628449185   1.256898371   0.000000000
  s           1    0.000981183  0.000981183   0.001962367   0.000000000    90.0000    0.0000
   sum over m      0.000981183  0.000981183   0.001962367   0.000000000
   sum over m+mul  0.629430369  0.629430369   1.258860737   0.000000000
  px          0    0.419587519  0.419587519   0.839175038   0.000000000    90.0000    0.0000
  py          0    0.419558238  0.419558238   0.839116476   0.000000000    90.0000    0.0000
  pz          0    0.419558241  0.419558241   0.839116482   0.000000000    90.0000    0.0000
   sum over m      1.258703998  1.258703998   2.517407995   0.000000000
  px          1    0.003160770  0.003160770   0.006321541   0.000000000    90.0000    0.0000
  py          1    0.003155607  0.003155607   0.006311215   0.000000000    90.0000    0.0000
  pz          1    0.003155608  0.003155608   0.006311215   0.000000000    90.0000    0.0000
   sum over m      0.009471985  0.009471985   0.018943971   0.000000000
   sum over m+mul  1.268175983  1.268175983   2.536351966   0.000000000
  d3z^2-r^2   0    0.011946671  0.011946671   0.023893342   0.000000000    90.0000    0.0000
  dx^2-y^2    0    0.011946364  0.011946364   0.023892727   0.000000000    90.0000    0.0000
  dxy         0    0.026159536  0.026159536   0.052319072   0.000000000    90.0000    0.0000
  dxz         0    0.026159536  0.026159536   0.052319072   0.000000000    90.0000    0.0000
  dyz         0    0.026159095  0.026159095   0.052318190   0.000000000    90.0000    0.0000
   sum over m      0.102371201  0.102371201   0.204742402   0.000000000
   sum over m+mul  0.102371201  0.102371201   0.204742402   0.000000000

  143   Si          Up spin      Down spin     Sum           Diff           Angles(Deg)
            multiple
  s           0    0.628491195  0.628491195   1.256982391   0.000000000    90.0000    0.0000
   sum over m      0.628491195  0.628491195   1.256982391   0.000000000
  s           1    0.001002665  0.001002665   0.002005330   0.000000000    90.0000    0.0000
   sum over m      0.001002665  0.001002665   0.002005330   0.000000000
   sum over m+mul  0.629493860  0.629493860   1.258987721   0.000000000
  px          0    0.419581359  0.419581359   0.839162718   0.000000000    90.0000    0.0000
  py          0    0.419578524  0.419578524   0.839157048   0.000000000    90.0000    0.0000
  pz          0    0.419574975  0.419574975   0.839149951   0.000000000    90.0000    0.0000
   sum over m      1.258734859  1.258734859   2.517469717   0.000000000
  px          1    0.003163523  0.003163523   0.006327046   0.000000000    90.0000    0.0000
  py          1    0.003162430  0.003162430   0.006324860   0.000000000    90.0000    0.0000
  pz          1    0.003163314  0.003163314   0.006326629   0.000000000    90.0000    0.0000
   sum over m      0.009489267  0.009489267   0.018978535   0.000000000
   sum over m+mul  1.268224126  1.268224126   2.536448252   0.000000000
  d3z^2-r^2   0    0.011944912  0.011944912   0.023889824   0.000000000    90.0000    0.0000
  dx^2-y^2    0    0.011947303  0.011947303   0.023894606   0.000000000    90.0000    0.0000
  dxy         0    0.026157833  0.026157833   0.052315665   0.000000000    90.0000    0.0000
  dxz         0    0.026159204  0.026159204   0.052318408   0.000000000    90.0000    0.0000
  dyz         0    0.026158663  0.026158663   0.052317326   0.000000000    90.0000    0.0000
   sum over m      0.102367915  0.102367915   0.204735830   0.000000000
   sum over m+mul  0.102367915  0.102367915   0.204735830   0.000000000

  144   Si          Up spin      Down spin     Sum           Diff           Angles(Deg)
            multiple
  s           0    0.628491195  0.628491195   1.256982391   0.000000000    90.0000    0.0000
   sum over m      0.628491195  0.628491195   1.256982391   0.000000000
  s           1    0.001002665  0.001002665   0.002005330   0.000000000    90.0000    0.0000
   sum over m      0.001002665  0.001002665   0.002005330   0.000000000
   sum over m+mul  0.629493860  0.629493860   1.258987721   0.000000000
  px          0    0.419581359  0.419581359   0.839162718   0.000000000    90.0000    0.0000
  py          0    0.419574973  0.419574973   0.839149945   0.000000000    90.0000    0.0000
  pz          0    0.419578527  0.419578527   0.839157054   0.000000000    90.0000    0.0000
   sum over m      1.258734859  1.258734859   2.517469717   0.000000000
  px          1    0.003163523  0.003163523   0.006327046   0.000000000    90.0000    0.0000
  py          1    0.003163315  0.003163315   0.006326629   0.000000000    90.0000    0.0000
  pz          1    0.003162430  0.003162430   0.006324860   0.000000000    90.0000    0.0000
   sum over m      0.009489267  0.009489267   0.018978535   0.000000000
   sum over m+mul  1.268224126  1.268224126   2.536448252   0.000000000
  d3z^2-r^2   0    0.011947148  0.011947148   0.023894295   0.000000000    90.0000    0.0000
  dx^2-y^2    0    0.011945068  0.011945068   0.023890135   0.000000000    90.0000    0.0000
  dxy         0    0.026159204  0.026159204   0.052318408   0.000000000    90.0000    0.0000
  dxz         0    0.026157833  0.026157833   0.052315665   0.000000000    90.0000    0.0000
  dyz         0    0.026158663  0.026158663   0.052317326   0.000000000    90.0000    0.0000
   sum over m      0.102367915  0.102367915   0.204735830   0.000000000
   sum over m+mul  0.102367915  0.102367915   0.204735830   0.000000000

  145   Si          Up spin      Down spin     Sum           Diff           Angles(Deg)
            multiple
  s           0    0.628534608  0.628534608   1.257069215   0.000000000    90.0000    0.0000
   sum over m      0.628534608  0.628534608   1.257069215   0.000000000
  s           1    0.001018569  0.001018569   0.002037139   0.000000000    90.0000    0.0000
   sum over m      0.001018569  0.001018569   0.002037139   0.000000000
   sum over m+mul  0.629553177  0.629553177   1.259106354   0.000000000
  px          0    0.419632215  0.419632215   0.839264430   0.000000000    90.0000    0.0000
  py          0    0.419587925  0.419587925   0.839175849   0.000000000    90.0000    0.0000
  pz          0    0.419587927  0.419587927   0.839175855   0.000000000    90.0000    0.0000
   sum over m      1.258808067  1.258808067   2.517616134   0.000000000
  px          1    0.003200654  0.003200654   0.006401307   0.000000000    90.0000    0.0000
  py          1    0.003162178  0.003162178   0.006324355   0.000000000    90.0000    0.0000
  pz          1    0.003162178  0.003162178   0.006324355   0.000000000    90.0000    0.0000
   sum over m      0.009525009  0.009525009   0.019050018   0.000000000
   sum over m+mul  1.268333076  1.268333076   2.536666152   0.000000000
  d3z^2-r^2   0    0.011947499  0.011947499   0.023894997   0.000000000    90.0000    0.0000
  dx^2-y^2    0    0.011947206  0.011947206   0.023894412   0.000000000    90.0000    0.0000
  dxy         0    0.026157388  0.026157388   0.052314776   0.000000000    90.0000    0.0000
  dxz         0    0.026157388  0.026157388   0.052314776   0.000000000    90.0000    0.0000
  dyz         0    0.026156429  0.026156429   0.052312858   0.000000000    90.0000    0.0000
   sum over m      0.102365909  0.102365909   0.204731818   0.000000000
   sum over m+mul  0.102365909  0.102365909   0.204731818   0.000000000

  146   Si          Up spin      Down spin     Sum           Diff           Angles(Deg)
            multiple
  s           0    0.628465967  0.628465967   1.256931935   0.000000000    90.0000    0.0000
   sum over m      0.628465967  0.628465967   1.256931935   0.000000000
  s           1    0.000897027  0.000897027   0.001794053   0.000000000    90.0000    0.0000
   sum over m      0.000897027  0.000897027   0.001794053   0.000000000
   sum over m+mul  0.629362994  0.629362994   1.258725988   0.000000000
  px          0    0.419558879  0.419558879   0.839117758   0.000000000    90.0000    0.0000
  py          0    0.419464846  0.419464846   0.838929693   0.000000000    90.0000    0.0000
  pz          0    0.419437677  0.419437677   0.838875354   0.000000000    90.0000    0.0000
   sum over m      1.258461402  1.258461402   2.516922804   0.000000000
  px          1    0.003094448  0.003094448   0.006188897   0.000000000    90.0000    0.0000
  py          1    0.003167397  0.003167397   0.006334794   0.000000000    90.0000    0.0000
  pz          1    0.003090743  0.003090743   0.006181486   0.000000000    90.0000    0.0000
   sum over m      0.009352589  0.009352589   0.018705177   0.000000000
   sum over m+mul  1.267813991  1.267813991   2.535627981   0.000000000
  d3z^2-r^2   0    0.011944652  0.011944652   0.023889304   0.000000000    90.0000    0.0000
  dx^2-y^2    0    0.011954411  0.011954411   0.023908821   0.000000000    90.0000    0.0000
  dxy         0    0.026168786  0.026168786   0.052337571   0.000000000    90.0000    0.0000
  dxz         0    0.026176684  0.026176684   0.052353367   0.000000000    90.0000    0.0000
  dyz         0    0.026149813  0.026149813   0.052299626   0.000000000    90.0000    0.0000
   sum over m      0.102394344  0.102394344   0.204788689   0.000000000
   sum over m+mul  0.102394344  0.102394344   0.204788689   0.000000000

  147   Si          Up spin      Down spin     Sum           Diff           Angles(Deg)
            multiple
  s           0    0.628467330  0.628467330   1.256934659   0.000000000    90.0000    0.0000
   sum over m      0.628467330  0.628467330   1.256934659   0.000000000
  s           1    0.000997213  0.000997213   0.001994426   0.000000000    90.0000    0.0000
   sum over m      0.000997213  0.000997213   0.001994426   0.000000000
   sum over m+mul  0.629464543  0.629464543   1.258929085   0.000000000
  px          0    0.419583657  0.419583657   0.839167315   0.000000000    90.0000    0.0000
  py          0    0.419573620  0.419573620   0.839147241   0.000000000    90.0000    0.0000
  pz          0    0.419573623  0.419573623   0.839147246   0.000000000    90.0000    0.0000
   sum over m      1.258730901  1.258730901   2.517461801   0.000000000
  px          1    0.003163966  0.003163966   0.006327931   0.000000000    90.0000    0.0000
  py          1    0.003165581  0.003165581   0.006331162   0.000000000    90.0000    0.0000
  pz          1    0.003165581  0.003165581   0.006331162   0.000000000    90.0000    0.0000
   sum over m      0.009495127  0.009495127   0.018990255   0.000000000
   sum over m+mul  1.268226028  1.268226028   2.536452056   0.000000000
  d3z^2-r^2   0    0.011947330  0.011947330   0.023894659   0.000000000    90.0000    0.0000
  dx^2-y^2    0    0.011946104  0.011946104   0.023892209   0.000000000    90.0000    0.0000
  dxy         0    0.026159787  0.026159787   0.052319573   0.000000000    90.0000    0.0000
  dxz         0    0.026159787  0.026159787   0.052319573   0.000000000    90.0000    0.0000
  dyz         0    0.026157750  0.026157750   0.052315500   0.000000000    90.0000    0.0000
   sum over m      0.102370757  0.102370757   0.204741515   0.000000000
   sum over m+mul  0.102370757  0.102370757   0.204741515   0.000000000

  148   Si          Up spin      Down spin     Sum           Diff           Angles(Deg)
            multiple
  s           0    0.628465967  0.628465967   1.256931935   0.000000000    90.0000    0.0000
   sum over m      0.628465967  0.628465967   1.256931935   0.000000000
  s           1    0.000897027  0.000897027   0.001794053   0.000000000    90.0000    0.0000
   sum over m      0.000897027  0.000897027   0.001794053   0.000000000
   sum over m+mul  0.629362994  0.629362994   1.258725988   0.000000000
  px          0    0.419558879  0.419558879   0.839117758   0.000000000    90.0000    0.0000
  py          0    0.419437674  0.419437674   0.838875348   0.000000000    90.0000    0.0000
  pz          0    0.419464849  0.419464849   0.838929698   0.000000000    90.0000    0.0000
   sum over m      1.258461402  1.258461402   2.516922804   0.000000000
  px          1    0.003094449  0.003094449   0.006188897   0.000000000    90.0000    0.0000
  py          1    0.003090743  0.003090743   0.006181486   0.000000000    90.0000    0.0000
  pz          1    0.003167397  0.003167397   0.006334795   0.000000000    90.0000    0.0000
   sum over m      0.009352589  0.009352589   0.018705177   0.000000000
   sum over m+mul  1.267813990  1.267813990   2.535627981   0.000000000
  d3z^2-r^2   0    0.011955322  0.011955322   0.023910643   0.000000000    90.0000    0.0000
  dx^2-y^2    0    0.011943741  0.011943741   0.023887482   0.000000000    90.0000    0.0000
  dxy         0    0.026176683  0.026176683   0.052353367   0.000000000    90.0000    0.0000
  dxz         0    0.026168786  0.026168786   0.052337571   0.000000000    90.0000    0.0000
  dyz         0    0.026149813  0.026149813   0.052299626   0.000000000    90.0000    0.0000
   sum over m      0.102394344  0.102394344   0.204788689   0.000000000
   sum over m+mul  0.102394344  0.102394344   0.204788689   0.000000000

  149   Si          Up spin      Down spin     Sum           Diff           Angles(Deg)
            multiple
  s           0    0.632004278  0.632004278   1.264008557   0.000000000    90.0000    0.0000
   sum over m      0.632004278  0.632004278   1.264008557   0.000000000
  s           1    0.000901185  0.000901185   0.001802371   0.000000000    90.0000    0.0000
   sum over m      0.000901185  0.000901185   0.001802371   0.000000000
   sum over m+mul  0.632905464  0.632905464   1.265810927   0.000000000
  px          0    0.419373937  0.419373937   0.838747874   0.000000000    90.0000    0.0000
  py          0    0.419611415  0.419611415   0.839222830   0.000000000    90.0000    0.0000
  pz          0    0.419611417  0.419611417   0.839222834   0.000000000    90.0000    0.0000
   sum over m      1.258596769  1.258596769   2.517193538   0.000000000
  px          1    0.002970744  0.002970744   0.005941489   0.000000000    90.0000    0.0000
  py          1    0.002980178  0.002980178   0.005960355   0.000000000    90.0000    0.0000
  pz          1    0.002980178  0.002980178   0.005960355   0.000000000    90.0000    0.0000
   sum over m      0.008931100  0.008931100   0.017862199   0.000000000
   sum over m+mul  1.267527869  1.267527869   2.535055738   0.000000000
  d3z^2-r^2   0    0.011655696  0.011655696   0.023311393   0.000000000    90.0000    0.0000
  dx^2-y^2    0    0.011776576  0.011776576   0.023553152   0.000000000    90.0000    0.0000
  dxy         0    0.026002644  0.026002644   0.052005287   0.000000000    90.0000    0.0000
  dxz         0    0.026002644  0.026002644   0.052005287   0.000000000    90.0000    0.0000
  dyz         0    0.025644041  0.025644041   0.051288083   0.000000000    90.0000    0.0000
   sum over m      0.101081601  0.101081601   0.202163201   0.000000000
   sum over m+mul  0.101081601  0.101081601   0.202163201   0.000000000

  150   Si          Up spin      Down spin     Sum           Diff           Angles(Deg)
            multiple
  s           0    0.628416134  0.628416134   1.256832267   0.000000000    90.0000    0.0000
   sum over m      0.628416134  0.628416134   1.256832267   0.000000000
  s           1    0.000986330  0.000986330   0.001972660   0.000000000    90.0000    0.0000
   sum over m      0.000986330  0.000986330   0.001972660   0.000000000
   sum over m+mul  0.629402464  0.629402464   1.258804927   0.000000000
  px          0    0.419666701  0.419666701   0.839333402   0.000000000    90.0000    0.0000
  py          0    0.419573354  0.419573354   0.839146708   0.000000000    90.0000    0.0000
  pz          0    0.419573358  0.419573358   0.839146715   0.000000000    90.0000    0.0000
   sum over m      1.258813413  1.258813413   2.517626825   0.000000000
  px          1    0.003146051  0.003146051   0.006292103   0.000000000    90.0000    0.0000
  py          1    0.003164222  0.003164222   0.006328444   0.000000000    90.0000    0.0000
  pz          1    0.003164222  0.003164222   0.006328443   0.000000000    90.0000    0.0000
   sum over m      0.009474495  0.009474495   0.018948989   0.000000000
   sum over m+mul  1.268287907  1.268287907   2.536575815   0.000000000
  d3z^2-r^2   0    0.011938896  0.011938896   0.023877792   0.000000000    90.0000    0.0000
  dx^2-y^2    0    0.011955016  0.011955016   0.023910033   0.000000000    90.0000    0.0000
  dxy         0    0.026147654  0.026147654   0.052295307   0.000000000    90.0000    0.0000
  dxz         0    0.026147654  0.026147654   0.052295307   0.000000000    90.0000    0.0000
  dyz         0    0.026170808  0.026170808   0.052341616   0.000000000    90.0000    0.0000
   sum over m      0.102360028  0.102360028   0.204720056   0.000000000
   sum over m+mul  0.102360028  0.102360028   0.204720056   0.000000000

  151   Si          Up spin      Down spin     Sum           Diff           Angles(Deg)
            multiple
  s           0    0.628532787  0.628532787   1.257065575   0.000000000    90.0000    0.0000
   sum over m      0.628532787  0.628532787   1.257065575   0.000000000
  s           1    0.000991323  0.000991323   0.001982646   0.000000000    90.0000    0.0000
   sum over m      0.000991323  0.000991323   0.001982646   0.000000000
   sum over m+mul  0.629524110  0.629524110   1.259048221   0.000000000
  px          0    0.419529440  0.419529440   0.839058881   0.000000000    90.0000    0.0000
  py          0    0.419556650  0.419556650   0.839113300   0.000000000    90.0000    0.0000
  pz          0    0.419578032  0.419578032   0.839156063   0.000000000    90.0000    0.0000
   sum over m      1.258664122  1.258664122   2.517328244   0.000000000
  px          1    0.003160330  0.003160330   0.006320660   0.000000000    90.0000    0.0000
  py          1    0.003156960  0.003156960   0.006313919   0.000000000    90.0000    0.0000
  pz          1    0.003152484  0.003152484   0.006304969   0.000000000    90.0000    0.0000
   sum over m      0.009469774  0.009469774   0.018939548   0.000000000
   sum over m+mul  1.268133896  1.268133896   2.536267792   0.000000000
  d3z^2-r^2   0    0.011945748  0.011945748   0.023891495   0.000000000    90.0000    0.0000
  dx^2-y^2    0    0.011945571  0.011945571   0.023891142   0.000000000    90.0000    0.0000
  dxy         0    0.026154246  0.026154246   0.052308492   0.000000000    90.0000    0.0000
  dxz         0    0.026167705  0.026167705   0.052335410   0.000000000    90.0000    0.0000
  dyz         0    0.026165107  0.026165107   0.052330214   0.000000000    90.0000    0.0000
   sum over m      0.102378376  0.102378376   0.204756753   0.000000000
   sum over m+mul  0.102378376  0.102378376   0.204756753   0.000000000

  152   Si          Up spin      Down spin     Sum           Diff           Angles(Deg)
            multiple
  s           0    0.628532787  0.628532787   1.257065575   0.000000000    90.0000    0.0000
   sum over m      0.628532787  0.628532787   1.257065575   0.000000000
  s           1    0.000991322  0.000991322   0.001982645   0.000000000    90.0000    0.0000
   sum over m      0.000991322  0.000991322   0.001982645   0.000000000
   sum over m+mul  0.629524110  0.629524110   1.259048220   0.000000000
  px          0    0.419529442  0.419529442   0.839058883   0.000000000    90.0000    0.0000
  py          0    0.419578030  0.419578030   0.839156060   0.000000000    90.0000    0.0000
  pz          0    0.419556652  0.419556652   0.839113304   0.000000000    90.0000    0.0000
   sum over m      1.258664124  1.258664124   2.517328248   0.000000000
  px          1    0.003160330  0.003160330   0.006320660   0.000000000    90.0000    0.0000
  py          1    0.003152484  0.003152484   0.006304968   0.000000000    90.0000    0.0000
  pz          1    0.003156960  0.003156960   0.006313919   0.000000000    90.0000    0.0000
   sum over m      0.009469774  0.009469774   0.018939547   0.000000000
   sum over m+mul  1.268133897  1.268133897   2.536267795   0.000000000
  d3z^2-r^2   0    0.011942651  0.011942651   0.023885302   0.000000000    90.0000    0.0000
  dx^2-y^2    0    0.011948668  0.011948668   0.023897336   0.000000000    90.0000    0.0000
  dxy         0    0.026167705  0.026167705   0.052335409   0.000000000    90.0000    0.0000
  dxz         0    0.026154246  0.026154246   0.052308492   0.000000000    90.0000    0.0000
  dyz         0    0.026165107  0.026165107   0.052330214   0.000000000    90.0000    0.0000
   sum over m      0.102378376  0.102378376   0.204756753   0.000000000
   sum over m+mul  0.102378376  0.102378376   0.204756753   0.000000000

  153   Si          Up spin      Down spin     Sum           Diff           Angles(Deg)
            multiple
  s           0    0.628462739  0.628462739   1.256925478   0.000000000    90.0000    0.0000
   sum over m      0.628462739  0.628462739   1.256925478   0.000000000
  s           1    0.000982687  0.000982687   0.001965375   0.000000000    90.0000    0.0000
   sum over m      0.000982687  0.000982687   0.001965375   0.000000000
   sum over m+mul  0.629445426  0.629445426   1.258890853   0.000000000
  px          0    0.419561505  0.419561505   0.839123009   0.000000000    90.0000    0.0000
  py          0    0.419559650  0.419559650   0.839119300   0.000000000    90.0000    0.0000
  pz          0    0.419599200  0.419599200   0.839198400   0.000000000    90.0000    0.0000
   sum over m      1.258720355  1.258720355   2.517440710   0.000000000
  px          1    0.003156086  0.003156086   0.006312172   0.000000000    90.0000    0.0000
  py          1    0.003155903  0.003155903   0.006311806   0.000000000    90.0000    0.0000
  pz          1    0.003157344  0.003157344   0.006314687   0.000000000    90.0000    0.0000
   sum over m      0.009469333  0.009469333   0.018938666   0.000000000
   sum over m+mul  1.268189688  1.268189688   2.536379376   0.000000000
  d3z^2-r^2   0    0.011947238  0.011947238   0.023894476   0.000000000    90.0000    0.0000
  dx^2-y^2    0    0.011944974  0.011944974   0.023889948   0.000000000    90.0000    0.0000
  dxy         0    0.026159288  0.026159288   0.052318576   0.000000000    90.0000    0.0000
  dxz         0    0.026158251  0.026158251   0.052316502   0.000000000    90.0000    0.0000
  dyz         0    0.026157550  0.026157550   0.052315101   0.000000000    90.0000    0.0000
   sum over m      0.102367301  0.102367301   0.204734602   0.000000000
   sum over m+mul  0.102367301  0.102367301   0.204734602   0.000000000

  154   Si          Up spin      Down spin     Sum           Diff           Angles(Deg)
            multiple
  s           0    0.628449310  0.628449310   1.256898621   0.000000000    90.0000    0.0000
   sum over m      0.628449310  0.628449310   1.256898621   0.000000000
  s           1    0.000980962  0.000980962   0.001961925   0.000000000    90.0000    0.0000
   sum over m      0.000980962  0.000980962   0.001961925   0.000000000
   sum over m+mul  0.629430273  0.629430273   1.258860546   0.000000000
  px          0    0.419592087  0.419592087   0.839184175   0.000000000    90.0000    0.0000
  py          0    0.419559284  0.419559284   0.839118568   0.000000000    90.0000    0.0000
  pz          0    0.419558450  0.419558450   0.839116900   0.000000000    90.0000    0.0000
   sum over m      1.258709821  1.258709821   2.517419643   0.000000000
  px          1    0.003157624  0.003157624   0.006315247   0.000000000    90.0000    0.0000
  py          1    0.003155610  0.003155610   0.006311221   0.000000000    90.0000    0.0000
  pz          1    0.003154505  0.003154505   0.006309010   0.000000000    90.0000    0.0000
   sum over m      0.009467739  0.009467739   0.018935478   0.000000000
   sum over m+mul  1.268177561  1.268177561   2.536355121   0.000000000
  d3z^2-r^2   0    0.011946436  0.011946436   0.023892872   0.000000000    90.0000    0.0000
  dx^2-y^2    0    0.011945772  0.011945772   0.023891543   0.000000000    90.0000    0.0000
  dxy         0    0.026158813  0.026158813   0.052317625   0.000000000    90.0000    0.0000
  dxz         0    0.026158963  0.026158963   0.052317926   0.000000000    90.0000    0.0000
  dyz         0    0.026160425  0.026160425   0.052320850   0.000000000    90.0000    0.0000
   sum over m      0.102370408  0.102370408   0.204740816   0.000000000
   sum over m+mul  0.102370408  0.102370408   0.204740816   0.000000000

  155   Si          Up spin      Down spin     Sum           Diff           Angles(Deg)
            multiple
  s           0    0.628491275  0.628491275   1.256982549   0.000000000    90.0000    0.0000
   sum over m      0.628491275  0.628491275   1.256982549   0.000000000
  s           1    0.001002774  0.001002774   0.002005548   0.000000000    90.0000    0.0000
   sum over m      0.001002774  0.001002774   0.002005548   0.000000000
   sum over m+mul  0.629494049  0.629494049   1.258988097   0.000000000
  px          0    0.419577137  0.419577137   0.839154274   0.000000000    90.0000    0.0000
  py          0    0.419572918  0.419572918   0.839145836   0.000000000    90.0000    0.0000
  pz          0    0.419574493  0.419574493   0.839148987   0.000000000    90.0000    0.0000
   sum over m      1.258724549  1.258724549   2.517449097   0.000000000
  px          1    0.003164426  0.003164426   0.006328852   0.000000000    90.0000    0.0000
  py          1    0.003164236  0.003164236   0.006328472   0.000000000    90.0000    0.0000
  pz          1    0.003164101  0.003164101   0.006328201   0.000000000    90.0000    0.0000
   sum over m      0.009492762  0.009492762   0.018985525   0.000000000
   sum over m+mul  1.268217311  1.268217311   2.536434622   0.000000000
  d3z^2-r^2   0    0.011946888  0.011946888   0.023893777   0.000000000    90.0000    0.0000
  dx^2-y^2    0    0.011946110  0.011946110   0.023892220   0.000000000    90.0000    0.0000
  dxy         0    0.026158465  0.026158465   0.052316931   0.000000000    90.0000    0.0000
  dxz         0    0.026158253  0.026158253   0.052316506   0.000000000    90.0000    0.0000
  dyz         0    0.026156863  0.026156863   0.052313725   0.000000000    90.0000    0.0000
   sum over m      0.102366580  0.102366580   0.204733159   0.000000000
   sum over m+mul  0.102366580  0.102366580   0.204733159   0.000000000

  156   Si          Up spin      Down spin     Sum           Diff           Angles(Deg)
            multiple
  s           0    0.628441393  0.628441393   1.256882787   0.000000000    90.0000    0.0000
   sum over m      0.628441393  0.628441393   1.256882787   0.000000000
  s           1    0.000977825  0.000977825   0.001955650   0.000000000    90.0000    0.0000
   sum over m      0.000977825  0.000977825   0.001955650   0.000000000
   sum over m+mul  0.629419218  0.629419218   1.258838436   0.000000000
  px          0    0.419540453  0.419540453   0.839080905   0.000000000    90.0000    0.0000
  py          0    0.419598330  0.419598330   0.839196660   0.000000000    90.0000    0.0000
  pz          0    0.419546431  0.419546431   0.839092862   0.000000000    90.0000    0.0000
   sum over m      1.258685213  1.258685213   2.517370427   0.000000000
  px          1    0.003155208  0.003155208   0.006310416   0.000000000    90.0000    0.0000
  py          1    0.003155492  0.003155492   0.006310985   0.000000000    90.0000    0.0000
  pz          1    0.003154682  0.003154682   0.006309364   0.000000000    90.0000    0.0000
   sum over m      0.009465383  0.009465383   0.018930765   0.000000000
   sum over m+mul  1.268150596  1.268150596   2.536301192   0.000000000
  d3z^2-r^2   0    0.011944113  0.011944113   0.023888227   0.000000000    90.0000    0.0000
  dx^2-y^2    0    0.011947696  0.011947696   0.023895393   0.000000000    90.0000    0.0000
  dxy         0    0.026155051  0.026155051   0.052310102   0.000000000    90.0000    0.0000
  dxz         0    0.026164399  0.026164399   0.052328799   0.000000000    90.0000    0.0000
  dyz         0    0.026155156  0.026155156   0.052310312   0.000000000    90.0000    0.0000
   sum over m      0.102366416  0.102366416   0.204732832   0.000000000
   sum over m+mul  0.102366416  0.102366416   0.204732832   0.000000000

  157   Si          Up spin      Down spin     Sum           Diff           Angles(Deg)
            multiple
  s           0    0.628451236  0.628451236   1.256902471   0.000000000    90.0000    0.0000
   sum over m      0.628451236  0.628451236   1.256902471   0.000000000
  s           1    0.000983799  0.000983799   0.001967598   0.000000000    90.0000    0.0000
   sum over m      0.000983799  0.000983799   0.001967598   0.000000000
   sum over m+mul  0.629435035  0.629435035   1.258870069   0.000000000
  px          0    0.419559302  0.419559302   0.839118603   0.000000000    90.0000    0.0000
  py          0    0.419579874  0.419579874   0.839159748   0.000000000    90.0000    0.0000
  pz          0    0.419550755  0.419550755   0.839101511   0.000000000    90.0000    0.0000
   sum over m      1.258689931  1.258689931   2.517379862   0.000000000
  px          1    0.003153130  0.003153130   0.006306261   0.000000000    90.0000    0.0000
  py          1    0.003158862  0.003158862   0.006317723   0.000000000    90.0000    0.0000
  pz          1    0.003155897  0.003155897   0.006311794   0.000000000    90.0000    0.0000
   sum over m      0.009467889  0.009467889   0.018935778   0.000000000
   sum over m+mul  1.268157820  1.268157820   2.536315641   0.000000000
  d3z^2-r^2   0    0.011945894  0.011945894   0.023891788   0.000000000    90.0000    0.0000
  dx^2-y^2    0    0.011946640  0.011946640   0.023893279   0.000000000    90.0000    0.0000
  dxy         0    0.026158338  0.026158338   0.052316677   0.000000000    90.0000    0.0000
  dxz         0    0.026159583  0.026159583   0.052319165   0.000000000    90.0000    0.0000
  dyz         0    0.026156393  0.026156393   0.052312786   0.000000000    90.0000    0.0000
   sum over m      0.102366848  0.102366848   0.204733696   0.000000000
   sum over m+mul  0.102366848  0.102366848   0.204733696   0.000000000

  158   Si          Up spin      Down spin     Sum           Diff           Angles(Deg)
            multiple
  s           0    0.628447694  0.628447694   1.256895388   0.000000000    90.0000    0.0000
   sum over m      0.628447694  0.628447694   1.256895388   0.000000000
  s           1    0.000980965  0.000980965   0.001961929   0.000000000    90.0000    0.0000
   sum over m      0.000980965  0.000980965   0.001961929   0.000000000
   sum over m+mul  0.629428659  0.629428659   1.258857317   0.000000000
  px          0    0.419562494  0.419562494   0.839124989   0.000000000    90.0000    0.0000
  py          0    0.419557793  0.419557793   0.839115586   0.000000000    90.0000    0.0000
  pz          0    0.419590313  0.419590313   0.839180626   0.000000000    90.0000    0.0000
   sum over m      1.258710601  1.258710601   2.517421201   0.000000000
  px          1    0.003154323  0.003154323   0.006308645   0.000000000    90.0000    0.0000
  py          1    0.003157354  0.003157354   0.006314709   0.000000000    90.0000    0.0000
  pz          1    0.003158984  0.003158984   0.006317969   0.000000000    90.0000    0.0000
   sum over m      0.009470661  0.009470661   0.018941323   0.000000000
   sum over m+mul  1.268181262  1.268181262   2.536362524   0.000000000
  d3z^2-r^2   0    0.011947205  0.011947205   0.023894411   0.000000000    90.0000    0.0000
  dx^2-y^2    0    0.011946685  0.011946685   0.023893370   0.000000000    90.0000    0.0000
  dxy         0    0.026160326  0.026160326   0.052320651   0.000000000    90.0000    0.0000
  dxz         0    0.026157025  0.026157025   0.052314051   0.000000000    90.0000    0.0000
  dyz         0    0.026157902  0.026157902   0.052315804   0.000000000    90.0000    0.0000
   sum over m      0.102369143  0.102369143   0.204738287   0.000000000
   sum over m+mul  0.102369143  0.102369143   0.204738287   0.000000000

  159   Si          Up spin      Down spin     Sum           Diff           Angles(Deg)
            multiple
  s           0    0.628442346  0.628442346   1.256884692   0.000000000    90.0000    0.0000
   sum over m      0.628442346  0.628442346   1.256884692   0.000000000
  s           1    0.000979697  0.000979697   0.001959393   0.000000000    90.0000    0.0000
   sum over m      0.000979697  0.000979697   0.001959393   0.000000000
   sum over m+mul  0.629422042  0.629422042   1.258844085   0.000000000
  px          0    0.419598590  0.419598590   0.839197179   0.000000000    90.0000    0.0000
  py          0    0.419540436  0.419540436   0.839080871   0.000000000    90.0000    0.0000
  pz          0    0.419542427  0.419542427   0.839084855   0.000000000    90.0000    0.0000
   sum over m      1.258681453  1.258681453   2.517362905   0.000000000
  px          1    0.003157549  0.003157549   0.006315097   0.000000000    90.0000    0.0000
  py          1    0.003157603  0.003157603   0.006315206   0.000000000    90.0000    0.0000
  pz          1    0.003155674  0.003155674   0.006311348   0.000000000    90.0000    0.0000
   sum over m      0.009470826  0.009470826   0.018941651   0.000000000
   sum over m+mul  1.268152278  1.268152278   2.536304556   0.000000000
  d3z^2-r^2   0    0.011947275  0.011947275   0.023894551   0.000000000    90.0000    0.0000
  dx^2-y^2    0    0.011946402  0.011946402   0.023892804   0.000000000    90.0000    0.0000
  dxy         0    0.026158946  0.026158946   0.052317891   0.000000000    90.0000    0.0000
  dxz         0    0.026158301  0.026158301   0.052316603   0.000000000    90.0000    0.0000
  dyz         0    0.026160343  0.026160343   0.052320687   0.000000000    90.0000    0.0000
   sum over m      0.102371268  0.102371268   0.204742536   0.000000000
   sum over m+mul  0.102371268  0.102371268   0.204742536   0.000000000

  160   Si          Up spin      Down spin     Sum           Diff           Angles(Deg)
            multiple
  s           0    0.628492785  0.628492785   1.256985570   0.000000000    90.0000    0.0000
   sum over m      0.628492785  0.628492785   1.256985570   0.000000000
  s           1    0.001005019  0.001005019   0.002010038   0.000000000    90.0000    0.0000
   sum over m      0.001005019  0.001005019   0.002010038   0.000000000
   sum over m+mul  0.629497804  0.629497804   1.258995608   0.000000000
  px          0    0.419554026  0.419554026   0.839108053   0.000000000    90.0000    0.0000
  py          0    0.419581767  0.419581767   0.839163534   0.000000000    90.0000    0.0000
  pz          0    0.419566038  0.419566038   0.839132075   0.000000000    90.0000    0.0000
   sum over m      1.258701831  1.258701831   2.517403662   0.000000000
  px          1    0.003167988  0.003167988   0.006335977   0.000000000    90.0000    0.0000
  py          1    0.003161819  0.003161819   0.006323638   0.000000000    90.0000    0.0000
  pz          1    0.003165142  0.003165142   0.006330284   0.000000000    90.0000    0.0000
   sum over m      0.009494949  0.009494949   0.018989899   0.000000000
   sum over m+mul  1.268196780  1.268196780   2.536393561   0.000000000
  d3z^2-r^2   0    0.011946219  0.011946219   0.023892438   0.000000000    90.0000    0.0000
  dx^2-y^2    0    0.011946137  0.011946137   0.023892275   0.000000000    90.0000    0.0000
  dxy         0    0.026158726  0.026158726   0.052317452   0.000000000    90.0000    0.0000
  dxz         0    0.026158093  0.026158093   0.052316186   0.000000000    90.0000    0.0000
  dyz         0    0.026160803  0.026160803   0.052321605   0.000000000    90.0000    0.0000
   sum over m      0.102369978  0.102369978   0.204739956   0.000000000
   sum over m+mul  0.102369978  0.102369978   0.204739956   0.000000000

  161   Si          Up spin      Down spin     Sum           Diff           Angles(Deg)
            multiple
  s           0    0.628503435  0.628503435   1.257006870   0.000000000    90.0000    0.0000
   sum over m      0.628503435  0.628503435   1.257006870   0.000000000
  s           1    0.001004273  0.001004273   0.002008546   0.000000000    90.0000    0.0000
   sum over m      0.001004273  0.001004273   0.002008546   0.000000000
   sum over m+mul  0.629507708  0.629507708   1.259015416   0.000000000
  px          0    0.419578864  0.419578864   0.839157727   0.000000000    90.0000    0.0000
  py          0    0.419576976  0.419576976   0.839153952   0.000000000    90.0000    0.0000
  pz          0    0.419583158  0.419583158   0.839166317   0.000000000    90.0000    0.0000
   sum over m      1.258738998  1.258738998   2.517477997   0.000000000
  px          1    0.003165585  0.003165585   0.006331170   0.000000000    90.0000    0.0000
  py          1    0.003165382  0.003165382   0.006330764   0.000000000    90.0000    0.0000
  pz          1    0.003163604  0.003163604   0.006327207   0.000000000    90.0000    0.0000
   sum over m      0.009494570  0.009494570   0.018989141   0.000000000
   sum over m+mul  1.268233569  1.268233569   2.536467138   0.000000000
  d3z^2-r^2   0    0.011946947  0.011946947   0.023893893   0.000000000    90.0000    0.0000
  dx^2-y^2    0    0.011944825  0.011944825   0.023889651   0.000000000    90.0000    0.0000
  dxy         0    0.026158580  0.026158580   0.052317160   0.000000000    90.0000    0.0000
  dxz         0    0.026158070  0.026158070   0.052316140   0.000000000    90.0000    0.0000
  dyz         0    0.026157362  0.026157362   0.052314723   0.000000000    90.0000    0.0000
   sum over m      0.102365784  0.102365784   0.204731567   0.000000000
   sum over m+mul  0.102365784  0.102365784   0.204731567   0.000000000

  162   Si          Up spin      Down spin     Sum           Diff           Angles(Deg)
            multiple
  s           0    0.628459819  0.628459819   1.256919637   0.000000000    90.0000    0.0000
   sum over m      0.628459819  0.628459819   1.256919637   0.000000000
  s           1    0.000894503  0.000894503   0.001789006   0.000000000    90.0000    0.0000
   sum over m      0.000894503  0.000894503   0.001789006   0.000000000
   sum over m+mul  0.629354321  0.629354321   1.258708643   0.000000000
  px          0    0.419517214  0.419517214   0.839034428   0.000000000    90.0000    0.0000
  py          0    0.419515117  0.419515117   0.839030234   0.000000000    90.0000    0.0000
  pz          0    0.419429664  0.419429664   0.838859328   0.000000000    90.0000    0.0000
   sum over m      1.258461995  1.258461995   2.516923991   0.000000000
  px          1    0.003093241  0.003093241   0.006186483   0.000000000    90.0000    0.0000
  py          1    0.003169794  0.003169794   0.006339589   0.000000000    90.0000    0.0000
  pz          1    0.003093158  0.003093158   0.006186315   0.000000000    90.0000    0.0000
   sum over m      0.009356193  0.009356193   0.018712387   0.000000000
   sum over m+mul  1.267818189  1.267818189   2.535636377   0.000000000
  d3z^2-r^2   0    0.011944618  0.011944618   0.023889237   0.000000000    90.0000    0.0000
  dx^2-y^2    0    0.011954385  0.011954385   0.023908770   0.000000000    90.0000    0.0000
  dxy         0    0.026168694  0.026168694   0.052337389   0.000000000    90.0000    0.0000
  dxz         0    0.026177141  0.026177141   0.052354282   0.000000000    90.0000    0.0000
  dyz         0    0.026149225  0.026149225   0.052298450   0.000000000    90.0000    0.0000
   sum over m      0.102394063  0.102394063   0.204788127   0.000000000
   sum over m+mul  0.102394063  0.102394063   0.204788127   0.000000000

  163   Si          Up spin      Down spin     Sum           Diff           Angles(Deg)
            multiple
  s           0    0.628469974  0.628469974   1.256939948   0.000000000    90.0000    0.0000
   sum over m      0.628469974  0.628469974   1.256939948   0.000000000
  s           1    0.000977158  0.000977158   0.001954316   0.000000000    90.0000    0.0000
   sum over m      0.000977158  0.000977158   0.001954316   0.000000000
   sum over m+mul  0.629447132  0.629447132   1.258894264   0.000000000
  px          0    0.419570736  0.419570736   0.839141471   0.000000000    90.0000    0.0000
  py          0    0.419584852  0.419584852   0.839169704   0.000000000    90.0000    0.0000
  pz          0    0.419618242  0.419618242   0.839236484   0.000000000    90.0000    0.0000
   sum over m      1.258773830  1.258773830   2.517547659   0.000000000
  px          1    0.003153097  0.003153097   0.006306193   0.000000000    90.0000    0.0000
  py          1    0.003153298  0.003153298   0.006306596   0.000000000    90.0000    0.0000
  pz          1    0.003156523  0.003156523   0.006313045   0.000000000    90.0000    0.0000
   sum over m      0.009462917  0.009462917   0.018925835   0.000000000
   sum over m+mul  1.268236747  1.268236747   2.536473494   0.000000000
  d3z^2-r^2   0    0.011947543  0.011947543   0.023895087   0.000000000    90.0000    0.0000
  dx^2-y^2    0    0.011946827  0.011946827   0.023893655   0.000000000    90.0000    0.0000
  dxy         0    0.026159389  0.026159389   0.052318777   0.000000000    90.0000    0.0000
  dxz         0    0.026158870  0.026158870   0.052317740   0.000000000    90.0000    0.0000
  dyz         0    0.026157645  0.026157645   0.052315290   0.000000000    90.0000    0.0000
   sum over m      0.102370274  0.102370274   0.204740548   0.000000000
   sum over m+mul  0.102370274  0.102370274   0.204740548   0.000000000

  164   Si          Up spin      Down spin     Sum           Diff           Angles(Deg)
            multiple
  s           0    0.628458829  0.628458829   1.256917658   0.000000000    90.0000    0.0000
   sum over m      0.628458829  0.628458829   1.256917658   0.000000000
  s           1    0.000977188  0.000977188   0.001954377   0.000000000    90.0000    0.0000
   sum over m      0.000977188  0.000977188   0.001954377   0.000000000
   sum over m+mul  0.629436017  0.629436017   1.258872035   0.000000000
  px          0    0.419614592  0.419614592   0.839229185   0.000000000    90.0000    0.0000
  py          0    0.419562537  0.419562537   0.839125075   0.000000000    90.0000    0.0000
  pz          0    0.419565408  0.419565408   0.839130816   0.000000000    90.0000    0.0000
   sum over m      1.258742537  1.258742537   2.517485075   0.000000000
  px          1    0.003153306  0.003153306   0.006306612   0.000000000    90.0000    0.0000
  py          1    0.003156500  0.003156500   0.006313001   0.000000000    90.0000    0.0000
  pz          1    0.003155149  0.003155149   0.006310299   0.000000000    90.0000    0.0000
   sum over m      0.009464956  0.009464956   0.018929912   0.000000000
   sum over m+mul  1.268207493  1.268207493   2.536414987   0.000000000
  d3z^2-r^2   0    0.011946926  0.011946926   0.023893852   0.000000000    90.0000    0.0000
  dx^2-y^2    0    0.011947205  0.011947205   0.023894410   0.000000000    90.0000    0.0000
  dxy         0    0.026159369  0.026159369   0.052318738   0.000000000    90.0000    0.0000
  dxz         0    0.026156269  0.026156269   0.052312537   0.000000000    90.0000    0.0000
  dyz         0    0.026160311  0.026160311   0.052320623   0.000000000    90.0000    0.0000
   sum over m      0.102370080  0.102370080   0.204740160   0.000000000
   sum over m+mul  0.102370080  0.102370080   0.204740160   0.000000000

  165   Si          Up spin      Down spin     Sum           Diff           Angles(Deg)
            multiple
  s           0    0.628435644  0.628435644   1.256871288   0.000000000    90.0000    0.0000
   sum over m      0.628435644  0.628435644   1.256871288   0.000000000
  s           1    0.000981437  0.000981437   0.001962874   0.000000000    90.0000    0.0000
   sum over m      0.000981437  0.000981437   0.001962874   0.000000000
   sum over m+mul  0.629417081  0.629417081   1.258834162   0.000000000
  px          0    0.419575018  0.419575018   0.839150036   0.000000000    90.0000    0.0000
  py          0    0.419568700  0.419568700   0.839137399   0.000000000    90.0000    0.0000
  pz          0    0.419477957  0.419477957   0.838955914   0.000000000    90.0000    0.0000
   sum over m      1.258621675  1.258621675   2.517243349   0.000000000
  px          1    0.003160015  0.003160015   0.006320030   0.000000000    90.0000    0.0000
  py          1    0.003157197  0.003157197   0.006314394   0.000000000    90.0000    0.0000
  pz          1    0.003156252  0.003156252   0.006312504   0.000000000    90.0000    0.0000
   sum over m      0.009473464  0.009473464   0.018946928   0.000000000
   sum over m+mul  1.268095139  1.268095139   2.536190277   0.000000000
  d3z^2-r^2   0    0.011948025  0.011948025   0.023896051   0.000000000    90.0000    0.0000
  dx^2-y^2    0    0.011942549  0.011942549   0.023885097   0.000000000    90.0000    0.0000
  dxy         0    0.026164690  0.026164690   0.052329380   0.000000000    90.0000    0.0000
  dxz         0    0.026152174  0.026152174   0.052304348   0.000000000    90.0000    0.0000
  dyz         0    0.026154388  0.026154388   0.052308776   0.000000000    90.0000    0.0000
   sum over m      0.102361826  0.102361826   0.204723652   0.000000000
   sum over m+mul  0.102361826  0.102361826   0.204723652   0.000000000

  166   Si          Up spin      Down spin     Sum           Diff           Angles(Deg)
            multiple
  s           0    0.628472071  0.628472071   1.256944143   0.000000000    90.0000    0.0000
   sum over m      0.628472071  0.628472071   1.256944143   0.000000000
  s           1    0.001001121  0.001001121   0.002002242   0.000000000    90.0000    0.0000
   sum over m      0.001001121  0.001001121   0.002002242   0.000000000
   sum over m+mul  0.629473193  0.629473193   1.258946385   0.000000000
  px          0    0.419598634  0.419598634   0.839197267   0.000000000    90.0000    0.0000
  py          0    0.419497465  0.419497465   0.838994930   0.000000000    90.0000    0.0000
  pz          0    0.419557129  0.419557129   0.839114258   0.000000000    90.0000    0.0000
   sum over m      1.258653228  1.258653228   2.517306455   0.000000000
  px          1    0.003168277  0.003168277   0.006336554   0.000000000    90.0000    0.0000
  py          1    0.003163744  0.003163744   0.006327489   0.000000000    90.0000    0.0000
  pz          1    0.003161547  0.003161547   0.006323095   0.000000000    90.0000    0.0000
   sum over m      0.009493569  0.009493569   0.018987138   0.000000000
   sum over m+mul  1.268146796  1.268146796   2.536293593   0.000000000
  d3z^2-r^2   0    0.011941248  0.011941248   0.023882496   0.000000000    90.0000    0.0000
  dx^2-y^2    0    0.011948976  0.011948976   0.023897951   0.000000000    90.0000    0.0000
  dxy         0    0.026151633  0.026151633   0.052303267   0.000000000    90.0000    0.0000
  dxz         0    0.026164573  0.026164573   0.052329145   0.000000000    90.0000    0.0000
  dyz         0    0.026154015  0.026154015   0.052308030   0.000000000    90.0000    0.0000
   sum over m      0.102360445  0.102360445   0.204720890   0.000000000
   sum over m+mul  0.102360445  0.102360445   0.204720890   0.000000000

  167   Si          Up spin      Down spin     Sum           Diff           Angles(Deg)
            multiple
  s           0    0.628433548  0.628433548   1.256867096   0.000000000    90.0000    0.0000
   sum over m      0.628433548  0.628433548   1.256867096   0.000000000
  s           1    0.000970535  0.000970535   0.001941069   0.000000000    90.0000    0.0000
   sum over m      0.000970535  0.000970535   0.001941069   0.000000000
   sum over m+mul  0.629404083  0.629404083   1.258808166   0.000000000
  px          0    0.419448769  0.419448769   0.838897538   0.000000000    90.0000    0.0000
  py          0    0.419528277  0.419528277   0.839056554   0.000000000    90.0000    0.0000
  pz          0    0.419493335  0.419493335   0.838986671   0.000000000    90.0000    0.0000
   sum over m      1.258470382  1.258470382   2.516940763   0.000000000
  px          1    0.003143674  0.003143674   0.006287349   0.000000000    90.0000    0.0000
  py          1    0.003130872  0.003130872   0.006261744   0.000000000    90.0000    0.0000
  pz          1    0.003126992  0.003126992   0.006253983   0.000000000    90.0000    0.0000
   sum over m      0.009401538  0.009401538   0.018803076   0.000000000
   sum over m+mul  1.267871920  1.267871920   2.535743839   0.000000000
  d3z^2-r^2   0    0.011945863  0.011945863   0.023891726   0.000000000    90.0000    0.0000
  dx^2-y^2    0    0.011942540  0.011942540   0.023885080   0.000000000    90.0000    0.0000
  dxy         0    0.026153680  0.026153680   0.052307360   0.000000000    90.0000    0.0000
  dxz         0    0.026153860  0.026153860   0.052307719   0.000000000    90.0000    0.0000
  dyz         0    0.026164201  0.026164201   0.052328402   0.000000000    90.0000    0.0000
   sum over m      0.102360144  0.102360144   0.204720287   0.000000000
   sum over m+mul  0.102360144  0.102360144   0.204720287   0.000000000

  168   Si          Up spin      Down spin     Sum           Diff           Angles(Deg)
            multiple
  s           0    0.628491723  0.628491723   1.256983446   0.000000000    90.0000    0.0000
   sum over m      0.628491723  0.628491723   1.256983446   0.000000000
  s           1    0.000996661  0.000996661   0.001993321   0.000000000    90.0000    0.0000
   sum over m      0.000996661  0.000996661   0.001993321   0.000000000
   sum over m+mul  0.629488383  0.629488383   1.258976767   0.000000000
  px          0    0.419578221  0.419578221   0.839156442   0.000000000    90.0000    0.0000
  py          0    0.419578694  0.419578694   0.839157387   0.000000000    90.0000    0.0000
  pz          0    0.419578713  0.419578713   0.839157425   0.000000000    90.0000    0.0000
   sum over m      1.258735627  1.258735627   2.517471255   0.000000000
  px          1    0.003161000  0.003161000   0.006322001   0.000000000    90.0000    0.0000
  py          1    0.003162370  0.003162370   0.006324740   0.000000000    90.0000    0.0000
  pz          1    0.003162357  0.003162357   0.006324713   0.000000000    90.0000    0.0000
   sum over m      0.009485727  0.009485727   0.018971454   0.000000000
   sum over m+mul  1.268221354  1.268221354   2.536442709   0.000000000
  d3z^2-r^2   0    0.011945625  0.011945625   0.023891250   0.000000000    90.0000    0.0000
  dx^2-y^2    0    0.011947081  0.011947081   0.023894162   0.000000000    90.0000    0.0000
  dxy         0    0.026158285  0.026158285   0.052316571   0.000000000    90.0000    0.0000
  dxz         0    0.026158286  0.026158286   0.052316573   0.000000000    90.0000    0.0000
  dyz         0    0.026160341  0.026160341   0.052320682   0.000000000    90.0000    0.0000
   sum over m      0.102369619  0.102369619   0.204739237   0.000000000
   sum over m+mul  0.102369619  0.102369619   0.204739237   0.000000000

  169   Si          Up spin      Down spin     Sum           Diff           Angles(Deg)
            multiple
  s           0    0.628462739  0.628462739   1.256925478   0.000000000    90.0000    0.0000
   sum over m      0.628462739  0.628462739   1.256925478   0.000000000
  s           1    0.000982688  0.000982688   0.001965376   0.000000000    90.0000    0.0000
   sum over m      0.000982688  0.000982688   0.001965376   0.000000000
   sum over m+mul  0.629445427  0.629445427   1.258890854   0.000000000
  px          0    0.419561503  0.419561503   0.839123007   0.000000000    90.0000    0.0000
  py          0    0.419599198  0.419599198   0.839198396   0.000000000    90.0000    0.0000
  pz          0    0.419559652  0.419559652   0.839119304   0.000000000    90.0000    0.0000
   sum over m      1.258720353  1.258720353   2.517440707   0.000000000
  px          1    0.003156086  0.003156086   0.006312172   0.000000000    90.0000    0.0000
  py          1    0.003157344  0.003157344   0.006314687   0.000000000    90.0000    0.0000
  pz          1    0.003155903  0.003155903   0.006311807   0.000000000    90.0000    0.0000
   sum over m      0.009469333  0.009469333   0.018938667   0.000000000
   sum over m+mul  1.268189687  1.268189687   2.536379373   0.000000000
  d3z^2-r^2   0    0.011944005  0.011944005   0.023888009   0.000000000    90.0000    0.0000
  dx^2-y^2    0    0.011948207  0.011948207   0.023896414   0.000000000    90.0000    0.0000
  dxy         0    0.026158251  0.026158251   0.052316502   0.000000000    90.0000    0.0000
  dxz         0    0.026159288  0.026159288   0.052318576   0.000000000    90.0000    0.0000
  dyz         0    0.026157550  0.026157550   0.052315101   0.000000000    90.0000    0.0000
   sum over m      0.102367301  0.102367301   0.204734602   0.000000000
   sum over m+mul  0.102367301  0.102367301   0.204734602   0.000000000

  170   Si          Up spin      Down spin     Sum           Diff           Angles(Deg)
            multiple
  s           0    0.628441393  0.628441393   1.256882785   0.000000000    90.0000    0.0000
   sum over m      0.628441393  0.628441393   1.256882785   0.000000000
  s           1    0.000977825  0.000977825   0.001955649   0.000000000    90.0000    0.0000
   sum over m      0.000977825  0.000977825   0.001955649   0.000000000
   sum over m+mul  0.629419217  0.629419217   1.258838435   0.000000000
  px          0    0.419540453  0.419540453   0.839080906   0.000000000    90.0000    0.0000
  py          0    0.419546429  0.419546429   0.839092857   0.000000000    90.0000    0.0000
  pz          0    0.419598331  0.419598331   0.839196662   0.000000000    90.0000    0.0000
   sum over m      1.258685213  1.258685213   2.517370425   0.000000000
  px          1    0.003155208  0.003155208   0.006310417   0.000000000    90.0000    0.0000
  py          1    0.003154682  0.003154682   0.006309364   0.000000000    90.0000    0.0000
  pz          1    0.003155492  0.003155492   0.006310985   0.000000000    90.0000    0.0000
   sum over m      0.009465383  0.009465383   0.018930766   0.000000000
   sum over m+mul  1.268150595  1.268150595   2.536301191   0.000000000
  d3z^2-r^2   0    0.011951208  0.011951208   0.023902417   0.000000000    90.0000    0.0000
  dx^2-y^2    0    0.011940602  0.011940602   0.023881203   0.000000000    90.0000    0.0000
  dxy         0    0.026164399  0.026164399   0.052328799   0.000000000    90.0000    0.0000
  dxz         0    0.026155051  0.026155051   0.052310102   0.000000000    90.0000    0.0000
  dyz         0    0.026155156  0.026155156   0.052310312   0.000000000    90.0000    0.0000
   sum over m      0.102366416  0.102366416   0.204732832   0.000000000
   sum over m+mul  0.102366416  0.102366416   0.204732832   0.000000000

  171   Si          Up spin      Down spin     Sum           Diff           Angles(Deg)
            multiple
  s           0    0.628491275  0.628491275   1.256982549   0.000000000    90.0000    0.0000
   sum over m      0.628491275  0.628491275   1.256982549   0.000000000
  s           1    0.001002774  0.001002774   0.002005548   0.000000000    90.0000    0.0000
   sum over m      0.001002774  0.001002774   0.002005548   0.000000000
   sum over m+mul  0.629494049  0.629494049   1.258988097   0.000000000
  px          0    0.419577137  0.419577137   0.839154274   0.000000000    90.0000    0.0000
  py          0    0.419574490  0.419574490   0.839148980   0.000000000    90.0000    0.0000
  pz          0    0.419572922  0.419572922   0.839145843   0.000000000    90.0000    0.0000
   sum over m      1.258724549  1.258724549   2.517449097   0.000000000
  px          1    0.003164426  0.003164426   0.006328852   0.000000000    90.0000    0.0000
  py          1    0.003164101  0.003164101   0.006328202   0.000000000    90.0000    0.0000
  pz          1    0.003164236  0.003164236   0.006328471   0.000000000    90.0000    0.0000
   sum over m      0.009492762  0.009492762   0.018985525   0.000000000
   sum over m+mul  1.268217311  1.268217311   2.536434622   0.000000000
  d3z^2-r^2   0    0.011946793  0.011946793   0.023893587   0.000000000    90.0000    0.0000
  dx^2-y^2    0    0.011946205  0.011946205   0.023892410   0.000000000    90.0000    0.0000
  dxy         0    0.026158253  0.026158253   0.052316506   0.000000000    90.0000    0.0000
  dxz         0    0.026158465  0.026158465   0.052316931   0.000000000    90.0000    0.0000
  dyz         0    0.026156863  0.026156863   0.052313725   0.000000000    90.0000    0.0000
   sum over m      0.102366580  0.102366580   0.204733159   0.000000000
   sum over m+mul  0.102366580  0.102366580   0.204733159   0.000000000

  172   Si          Up spin      Down spin     Sum           Diff           Angles(Deg)
            multiple
  s           0    0.628449310  0.628449310   1.256898621   0.000000000    90.0000    0.0000
   sum over m      0.628449310  0.628449310   1.256898621   0.000000000
  s           1    0.000980962  0.000980962   0.001961925   0.000000000    90.0000    0.0000
   sum over m      0.000980962  0.000980962   0.001961925   0.000000000
   sum over m+mul  0.629430273  0.629430273   1.258860546   0.000000000
  px          0    0.419592087  0.419592087   0.839184175   0.000000000    90.0000    0.0000
  py          0    0.419558447  0.419558447   0.839116894   0.000000000    90.0000    0.0000
  pz          0    0.419559287  0.419559287   0.839118574   0.000000000    90.0000    0.0000
   sum over m      1.258709821  1.258709821   2.517419643   0.000000000
  px          1    0.003157624  0.003157624   0.006315247   0.000000000    90.0000    0.0000
  py          1    0.003154505  0.003154505   0.006309010   0.000000000    90.0000    0.0000
  pz          1    0.003155611  0.003155611   0.006311221   0.000000000    90.0000    0.0000
   sum over m      0.009467739  0.009467739   0.018935478   0.000000000
   sum over m+mul  1.268177561  1.268177561   2.536355121   0.000000000
  d3z^2-r^2   0    0.011945669  0.011945669   0.023891338   0.000000000    90.0000    0.0000
  dx^2-y^2    0    0.011946539  0.011946539   0.023893077   0.000000000    90.0000    0.0000
  dxy         0    0.026158963  0.026158963   0.052317926   0.000000000    90.0000    0.0000
  dxz         0    0.026158813  0.026158813   0.052317625   0.000000000    90.0000    0.0000
  dyz         0    0.026160425  0.026160425   0.052320850   0.000000000    90.0000    0.0000
   sum over m      0.102370408  0.102370408   0.204740816   0.000000000
   sum over m+mul  0.102370408  0.102370408   0.204740816   0.000000000

  173   Si          Up spin      Down spin     Sum           Diff           Angles(Deg)
            multiple
  s           0    0.628451236  0.628451236   1.256902471   0.000000000    90.0000    0.0000
   sum over m      0.628451236  0.628451236   1.256902471   0.000000000
  s           1    0.000983798  0.000983798   0.001967597   0.000000000    90.0000    0.0000
   sum over m      0.000983798  0.000983798   0.001967597   0.000000000
   sum over m+mul  0.629435034  0.629435034   1.258870068   0.000000000
  px          0    0.419559303  0.419559303   0.839118606   0.000000000    90.0000    0.0000
  py          0    0.419550754  0.419550754   0.839101508   0.000000000    90.0000    0.0000
  pz          0    0.419579876  0.419579876   0.839159752   0.000000000    90.0000    0.0000
   sum over m      1.258689933  1.258689933   2.517379865   0.000000000
  px          1    0.003153130  0.003153130   0.006306261   0.000000000    90.0000    0.0000
  py          1    0.003155897  0.003155897   0.006311794   0.000000000    90.0000    0.0000
  pz          1    0.003158862  0.003158862   0.006317723   0.000000000    90.0000    0.0000
   sum over m      0.009467889  0.009467889   0.018935778   0.000000000
   sum over m+mul  1.268157822  1.268157822   2.536315643   0.000000000
  d3z^2-r^2   0    0.011946085  0.011946085   0.023892171   0.000000000    90.0000    0.0000
  dx^2-y^2    0    0.011946449  0.011946449   0.023892897   0.000000000    90.0000    0.0000
  dxy         0    0.026159583  0.026159583   0.052319165   0.000000000    90.0000    0.0000
  dxz         0    0.026158339  0.026158339   0.052316677   0.000000000    90.0000    0.0000
  dyz         0    0.026156393  0.026156393   0.052312786   0.000000000    90.0000    0.0000
   sum over m      0.102366848  0.102366848   0.204733696   0.000000000
   sum over m+mul  0.102366848  0.102366848   0.204733696   0.000000000

  174   Si          Up spin      Down spin     Sum           Diff           Angles(Deg)
            multiple
  s           0    0.628447694  0.628447694   1.256895388   0.000000000    90.0000    0.0000
   sum over m      0.628447694  0.628447694   1.256895388   0.000000000
  s           1    0.000980965  0.000980965   0.001961930   0.000000000    90.0000    0.0000
   sum over m      0.000980965  0.000980965   0.001961930   0.000000000
   sum over m+mul  0.629428659  0.629428659   1.258857319   0.000000000
  px          0    0.419562493  0.419562493   0.839124986   0.000000000    90.0000    0.0000
  py          0    0.419590311  0.419590311   0.839180622   0.000000000    90.0000    0.0000
  pz          0    0.419557795  0.419557795   0.839115589   0.000000000    90.0000    0.0000
   sum over m      1.258710599  1.258710599   2.517421198   0.000000000
  px          1    0.003154323  0.003154323   0.006308646   0.000000000    90.0000    0.0000
  py          1    0.003158984  0.003158984   0.006317969   0.000000000    90.0000    0.0000
  pz          1    0.003157355  0.003157355   0.006314709   0.000000000    90.0000    0.0000
   sum over m      0.009470662  0.009470662   0.018941323   0.000000000
   sum over m+mul  1.268181261  1.268181261   2.536362521   0.000000000
  d3z^2-r^2   0    0.011945329  0.011945329   0.023890658   0.000000000    90.0000    0.0000
  dx^2-y^2    0    0.011948561  0.011948561   0.023897122   0.000000000    90.0000    0.0000
  dxy         0    0.026157025  0.026157025   0.052314051   0.000000000    90.0000    0.0000
  dxz         0    0.026160326  0.026160326   0.052320651   0.000000000    90.0000    0.0000
  dyz         0    0.026157902  0.026157902   0.052315804   0.000000000    90.0000    0.0000
   sum over m      0.102369143  0.102369143   0.204738286   0.000000000
   sum over m+mul  0.102369143  0.102369143   0.204738286   0.000000000

  175   Si          Up spin      Down spin     Sum           Diff           Angles(Deg)
            multiple
  s           0    0.628492785  0.628492785   1.256985570   0.000000000    90.0000    0.0000
   sum over m      0.628492785  0.628492785   1.256985570   0.000000000
  s           1    0.001005019  0.001005019   0.002010038   0.000000000    90.0000    0.0000
   sum over m      0.001005019  0.001005019   0.002010038   0.000000000
   sum over m+mul  0.629497804  0.629497804   1.258995608   0.000000000
  px          0    0.419554026  0.419554026   0.839108053   0.000000000    90.0000    0.0000
  py          0    0.419566034  0.419566034   0.839132068   0.000000000    90.0000    0.0000
  pz          0    0.419581771  0.419581771   0.839163541   0.000000000    90.0000    0.0000
   sum over m      1.258701831  1.258701831   2.517403662   0.000000000
  px          1    0.003167988  0.003167988   0.006335977   0.000000000    90.0000    0.0000
  py          1    0.003165142  0.003165142   0.006330285   0.000000000    90.0000    0.0000
  pz          1    0.003161819  0.003161819   0.006323637   0.000000000    90.0000    0.0000
   sum over m      0.009494949  0.009494949   0.018989899   0.000000000
   sum over m+mul  1.268196780  1.268196780   2.536393561   0.000000000
  d3z^2-r^2   0    0.011946797  0.011946797   0.023893594   0.000000000    90.0000    0.0000
  dx^2-y^2    0    0.011945559  0.011945559   0.023891119   0.000000000    90.0000    0.0000
  dxy         0    0.026158093  0.026158093   0.052316186   0.000000000    90.0000    0.0000
  dxz         0    0.026158726  0.026158726   0.052317452   0.000000000    90.0000    0.0000
  dyz         0    0.026160803  0.026160803   0.052321605   0.000000000    90.0000    0.0000
   sum over m      0.102369978  0.102369978   0.204739956   0.000000000
   sum over m+mul  0.102369978  0.102369978   0.204739956   0.000000000

  176   Si          Up spin      Down spin     Sum           Diff           Angles(Deg)
            multiple
  s           0    0.628442346  0.628442346   1.256884692   0.000000000    90.0000    0.0000
   sum over m      0.628442346  0.628442346   1.256884692   0.000000000
  s           1    0.000979697  0.000979697   0.001959393   0.000000000    90.0000    0.0000
   sum over m      0.000979697  0.000979697   0.001959393   0.000000000
   sum over m+mul  0.629422042  0.629422042   1.258844085   0.000000000
  px          0    0.419598590  0.419598590   0.839197179   0.000000000    90.0000    0.0000
  py          0    0.419542425  0.419542425   0.839084849   0.000000000    90.0000    0.0000
  pz          0    0.419540438  0.419540438   0.839080876   0.000000000    90.0000    0.0000
   sum over m      1.258681453  1.258681453   2.517362905   0.000000000
  px          1    0.003157549  0.003157549   0.006315097   0.000000000    90.0000    0.0000
  py          1    0.003155674  0.003155674   0.006311347   0.000000000    90.0000    0.0000
  pz          1    0.003157603  0.003157603   0.006315207   0.000000000    90.0000    0.0000
   sum over m      0.009470826  0.009470826   0.018941651   0.000000000
   sum over m+mul  1.268152278  1.268152278   2.536304556   0.000000000
  d3z^2-r^2   0    0.011945911  0.011945911   0.023891822   0.000000000    90.0000    0.0000
  dx^2-y^2    0    0.011947767  0.011947767   0.023895533   0.000000000    90.0000    0.0000
  dxy         0    0.026158301  0.026158301   0.052316603   0.000000000    90.0000    0.0000
  dxz         0    0.026158946  0.026158946   0.052317891   0.000000000    90.0000    0.0000
  dyz         0    0.026160343  0.026160343   0.052320687   0.000000000    90.0000    0.0000
   sum over m      0.102371268  0.102371268   0.204742536   0.000000000
   sum over m+mul  0.102371268  0.102371268   0.204742536   0.000000000

  177   Si          Up spin      Down spin     Sum           Diff           Angles(Deg)
            multiple
  s           0    0.628440301  0.628440301   1.256880602   0.000000000    90.0000    0.0000
   sum over m      0.628440301  0.628440301   1.256880602   0.000000000
  s           1    0.000979755  0.000979755   0.001959511   0.000000000    90.0000    0.0000
   sum over m      0.000979755  0.000979755   0.001959511   0.000000000
   sum over m+mul  0.629420056  0.629420056   1.258840113   0.000000000
  px          0    0.419607213  0.419607213   0.839214425   0.000000000    90.0000    0.0000
  py          0    0.419545760  0.419545760   0.839091520   0.000000000    90.0000    0.0000
  pz          0    0.419545763  0.419545763   0.839091526   0.000000000    90.0000    0.0000
   sum over m      1.258698736  1.258698736   2.517397471   0.000000000
  px          1    0.003157719  0.003157719   0.006315438   0.000000000    90.0000    0.0000
  py          1    0.003155818  0.003155818   0.006311637   0.000000000    90.0000    0.0000
  pz          1    0.003155819  0.003155819   0.006311637   0.000000000    90.0000    0.0000
   sum over m      0.009469356  0.009469356   0.018938712   0.000000000
   sum over m+mul  1.268168092  1.268168092   2.536336184   0.000000000
  d3z^2-r^2   0    0.011946821  0.011946821   0.023893642   0.000000000    90.0000    0.0000
  dx^2-y^2    0    0.011946500  0.011946500   0.023892999   0.000000000    90.0000    0.0000
  dxy         0    0.026157946  0.026157946   0.052315892   0.000000000    90.0000    0.0000
  dxz         0    0.026157946  0.026157946   0.052315892   0.000000000    90.0000    0.0000
  dyz         0    0.026157485  0.026157485   0.052314969   0.000000000    90.0000    0.0000
   sum over m      0.102366697  0.102366697   0.204733394   0.000000000
   sum over m+mul  0.102366697  0.102366697   0.204733394   0.000000000

  178   Si          Up spin      Down spin     Sum           Diff           Angles(Deg)
            multiple
  s           0    0.628441334  0.628441334   1.256882667   0.000000000    90.0000    0.0000
   sum over m      0.628441334  0.628441334   1.256882667   0.000000000
  s           1    0.000979062  0.000979062   0.001958123   0.000000000    90.0000    0.0000
   sum over m      0.000979062  0.000979062   0.001958123   0.000000000
   sum over m+mul  0.629420395  0.629420395   1.258840791   0.000000000
  px          0    0.419551480  0.419551480   0.839102959   0.000000000    90.0000    0.0000
  py          0    0.419544180  0.419544180   0.839088361   0.000000000    90.0000    0.0000
  pz          0    0.419604546  0.419604546   0.839209092   0.000000000    90.0000    0.0000
   sum over m      1.258700206  1.258700206   2.517400412   0.000000000
  px          1    0.003154895  0.003154895   0.006309791   0.000000000    90.0000    0.0000
  py          1    0.003156393  0.003156393   0.006312786   0.000000000    90.0000    0.0000
  pz          1    0.003156247  0.003156247   0.006312494   0.000000000    90.0000    0.0000
   sum over m      0.009467535  0.009467535   0.018935071   0.000000000
   sum over m+mul  1.268167741  1.268167741   2.536335482   0.000000000
  d3z^2-r^2   0    0.011945131  0.011945131   0.023890262   0.000000000    90.0000    0.0000
  dx^2-y^2    0    0.011944901  0.011944901   0.023889802   0.000000000    90.0000    0.0000
  dxy         0    0.026158227  0.026158227   0.052316455   0.000000000    90.0000    0.0000
  dxz         0    0.026158873  0.026158873   0.052317746   0.000000000    90.0000    0.0000
  dyz         0    0.026158656  0.026158656   0.052317312   0.000000000    90.0000    0.0000
   sum over m      0.102365788  0.102365788   0.204731576   0.000000000
   sum over m+mul  0.102365788  0.102365788   0.204731576   0.000000000

  179   Si          Up spin      Down spin     Sum           Diff           Angles(Deg)
            multiple
  s           0    0.628488972  0.628488972   1.256977943   0.000000000    90.0000    0.0000
   sum over m      0.628488972  0.628488972   1.256977943   0.000000000
  s           1    0.001002149  0.001002149   0.002004299   0.000000000    90.0000    0.0000
   sum over m      0.001002149  0.001002149   0.002004299   0.000000000
   sum over m+mul  0.629491121  0.629491121   1.258982242   0.000000000
  px          0    0.419580248  0.419580248   0.839160497   0.000000000    90.0000    0.0000
  py          0    0.419576715  0.419576715   0.839153431   0.000000000    90.0000    0.0000
  pz          0    0.419576718  0.419576718   0.839153436   0.000000000    90.0000    0.0000
   sum over m      1.258733682  1.258733682   2.517467363   0.000000000
  px          1    0.003162275  0.003162275   0.006324551   0.000000000    90.0000    0.0000
  py          1    0.003162808  0.003162808   0.006325616   0.000000000    90.0000    0.0000
  pz          1    0.003162808  0.003162808   0.006325616   0.000000000    90.0000    0.0000
   sum over m      0.009487891  0.009487891   0.018975782   0.000000000
   sum over m+mul  1.268221573  1.268221573   2.536443146   0.000000000
  d3z^2-r^2   0    0.011946365  0.011946365   0.023892729   0.000000000    90.0000    0.0000
  dx^2-y^2    0    0.011946605  0.011946605   0.023893211   0.000000000    90.0000    0.0000
  dxy         0    0.026158428  0.026158428   0.052316856   0.000000000    90.0000    0.0000
  dxz         0    0.026158428  0.026158428   0.052316856   0.000000000    90.0000    0.0000
  dyz         0    0.026157141  0.026157141   0.052314283   0.000000000    90.0000    0.0000
   sum over m      0.102366967  0.102366967   0.204733934   0.000000000
   sum over m+mul  0.102366967  0.102366967   0.204733934   0.000000000

  180   Si          Up spin      Down spin     Sum           Diff           Angles(Deg)
            multiple
  s           0    0.628441334  0.628441334   1.256882669   0.000000000    90.0000    0.0000
   sum over m      0.628441334  0.628441334   1.256882669   0.000000000
  s           1    0.000979062  0.000979062   0.001958124   0.000000000    90.0000    0.0000
   sum over m      0.000979062  0.000979062   0.001958124   0.000000000
   sum over m+mul  0.629420396  0.629420396   1.258840792   0.000000000
  px          0    0.419551479  0.419551479   0.839102959   0.000000000    90.0000    0.0000
  py          0    0.419604545  0.419604545   0.839209089   0.000000000    90.0000    0.0000
  pz          0    0.419544183  0.419544183   0.839088366   0.000000000    90.0000    0.0000
   sum over m      1.258700207  1.258700207   2.517400414   0.000000000
  px          1    0.003154895  0.003154895   0.006309790   0.000000000    90.0000    0.0000
  py          1    0.003156247  0.003156247   0.006312494   0.000000000    90.0000    0.0000
  pz          1    0.003156393  0.003156393   0.006312786   0.000000000    90.0000    0.0000
   sum over m      0.009467535  0.009467535   0.018935070   0.000000000
   sum over m+mul  1.268167742  1.268167742   2.536335484   0.000000000
  d3z^2-r^2   0    0.011945782  0.011945782   0.023891563   0.000000000    90.0000    0.0000
  dx^2-y^2    0    0.011944250  0.011944250   0.023888500   0.000000000    90.0000    0.0000
  dxy         0    0.026158873  0.026158873   0.052317746   0.000000000    90.0000    0.0000
  dxz         0    0.026158227  0.026158227   0.052316455   0.000000000    90.0000    0.0000
  dyz         0    0.026158656  0.026158656   0.052317312   0.000000000    90.0000    0.0000
   sum over m      0.102365788  0.102365788   0.204731576   0.000000000
   sum over m+mul  0.102365788  0.102365788   0.204731576   0.000000000

  181   Si          Up spin      Down spin     Sum           Diff           Angles(Deg)
            multiple
  s           0    0.628479172  0.628479172   1.256958344   0.000000000    90.0000    0.0000
   sum over m      0.628479172  0.628479172   1.256958344   0.000000000
  s           1    0.000999024  0.000999024   0.001998048   0.000000000    90.0000    0.0000
   sum over m      0.000999024  0.000999024   0.001998048   0.000000000
   sum over m+mul  0.629478196  0.629478196   1.258956391   0.000000000
  px          0    0.419605167  0.419605167   0.839210335   0.000000000    90.0000    0.0000
  py          0    0.419573202  0.419573202   0.839146405   0.000000000    90.0000    0.0000
  pz          0    0.419573206  0.419573206   0.839146412   0.000000000    90.0000    0.0000
   sum over m      1.258751576  1.258751576   2.517503151   0.000000000
  px          1    0.003157931  0.003157931   0.006315862   0.000000000    90.0000    0.0000
  py          1    0.003167066  0.003167066   0.006334132   0.000000000    90.0000    0.0000
  pz          1    0.003167066  0.003167066   0.006334132   0.000000000    90.0000    0.0000
   sum over m      0.009492063  0.009492063   0.018984126   0.000000000
   sum over m+mul  1.268243639  1.268243639   2.536487277   0.000000000
  d3z^2-r^2   0    0.011944493  0.011944493   0.023888986   0.000000000    90.0000    0.0000
  dx^2-y^2    0    0.011950510  0.011950510   0.023901019   0.000000000    90.0000    0.0000
  dxy         0    0.026156393  0.026156393   0.052312786   0.000000000    90.0000    0.0000
  dxz         0    0.026156393  0.026156393   0.052312786   0.000000000    90.0000    0.0000
  dyz         0    0.026160611  0.026160611   0.052321222   0.000000000    90.0000    0.0000
   sum over m      0.102368399  0.102368399   0.204736798   0.000000000
   sum over m+mul  0.102368399  0.102368399   0.204736798   0.000000000

  182   Si          Up spin      Down spin     Sum           Diff           Angles(Deg)
            multiple
  s           0    0.628427629  0.628427629   1.256855257   0.000000000    90.0000    0.0000
   sum over m      0.628427629  0.628427629   1.256855257   0.000000000
  s           1    0.000974565  0.000974565   0.001949129   0.000000000    90.0000    0.0000
   sum over m      0.000974565  0.000974565   0.001949129   0.000000000
   sum over m+mul  0.629402193  0.629402193   1.258804386   0.000000000
  px          0    0.419638144  0.419638144   0.839276289   0.000000000    90.0000    0.0000
  py          0    0.419548188  0.419548188   0.839096376   0.000000000    90.0000    0.0000
  pz          0    0.419548191  0.419548191   0.839096382   0.000000000    90.0000    0.0000
   sum over m      1.258734523  1.258734523   2.517469047   0.000000000
  px          1    0.003150705  0.003150705   0.006301411   0.000000000    90.0000    0.0000
  py          1    0.003159216  0.003159216   0.006318432   0.000000000    90.0000    0.0000
  pz          1    0.003159216  0.003159216   0.006318433   0.000000000    90.0000    0.0000
   sum over m      0.009469138  0.009469138   0.018938276   0.000000000
   sum over m+mul  1.268203661  1.268203661   2.536407322   0.000000000
  d3z^2-r^2   0    0.011944624  0.011944624   0.023889247   0.000000000    90.0000    0.0000
  dx^2-y^2    0    0.011950754  0.011950754   0.023901508   0.000000000    90.0000    0.0000
  dxy         0    0.026156479  0.026156479   0.052312957   0.000000000    90.0000    0.0000
  dxz         0    0.026156479  0.026156479   0.052312957   0.000000000    90.0000    0.0000
  dyz         0    0.026161154  0.026161154   0.052322308   0.000000000    90.0000    0.0000
   sum over m      0.102369489  0.102369489   0.204738978   0.000000000
   sum over m+mul  0.102369489  0.102369489   0.204738978   0.000000000

  183   Si          Up spin      Down spin     Sum           Diff           Angles(Deg)
            multiple
  s           0    0.628451072  0.628451072   1.256902143   0.000000000    90.0000    0.0000
   sum over m      0.628451072  0.628451072   1.256902143   0.000000000
  s           1    0.000981348  0.000981348   0.001962696   0.000000000    90.0000    0.0000
   sum over m      0.000981348  0.000981348   0.001962696   0.000000000
   sum over m+mul  0.629432420  0.629432420   1.258864840   0.000000000
  px          0    0.419546110  0.419546110   0.839092219   0.000000000    90.0000    0.0000
  py          0    0.419555991  0.419555991   0.839111983   0.000000000    90.0000    0.0000
  pz          0    0.419589387  0.419589387   0.839178775   0.000000000    90.0000    0.0000
   sum over m      1.258691488  1.258691488   2.517382976   0.000000000
  px          1    0.003155974  0.003155974   0.006311949   0.000000000    90.0000    0.0000
  py          1    0.003154951  0.003154951   0.006309903   0.000000000    90.0000    0.0000
  pz          1    0.003158192  0.003158192   0.006316384   0.000000000    90.0000    0.0000
   sum over m      0.009469117  0.009469117   0.018938235   0.000000000
   sum over m+mul  1.268160606  1.268160606   2.536321211   0.000000000
  d3z^2-r^2   0    0.011946727  0.011946727   0.023893454   0.000000000    90.0000    0.0000
  dx^2-y^2    0    0.011946912  0.011946912   0.023893823   0.000000000    90.0000    0.0000
  dxy         0    0.026158959  0.026158959   0.052317917   0.000000000    90.0000    0.0000
  dxz         0    0.026158439  0.026158439   0.052316879   0.000000000    90.0000    0.0000
  dyz         0    0.026160758  0.026160758   0.052321517   0.000000000    90.0000    0.0000
   sum over m      0.102371795  0.102371795   0.204743590   0.000000000
   sum over m+mul  0.102371795  0.102371795   0.204743590   0.000000000

  184   Si          Up spin      Down spin     Sum           Diff           Angles(Deg)
            multiple
  s           0    0.628451072  0.628451072   1.256902144   0.000000000    90.0000    0.0000
   sum over m      0.628451072  0.628451072   1.256902144   0.000000000
  s           1    0.000981349  0.000981349   0.001962697   0.000000000    90.0000    0.0000
   sum over m      0.000981349  0.000981349   0.001962697   0.000000000
   sum over m+mul  0.629432420  0.629432420   1.258864841   0.000000000
  px          0    0.419546108  0.419546108   0.839092216   0.000000000    90.0000    0.0000
  py          0    0.419589385  0.419589385   0.839178771   0.000000000    90.0000    0.0000
  pz          0    0.419555993  0.419555993   0.839111986   0.000000000    90.0000    0.0000
   sum over m      1.258691487  1.258691487   2.517382973   0.000000000
  px          1    0.003155974  0.003155974   0.006311949   0.000000000    90.0000    0.0000
  py          1    0.003158192  0.003158192   0.006316384   0.000000000    90.0000    0.0000
  pz          1    0.003154952  0.003154952   0.006309903   0.000000000    90.0000    0.0000
   sum over m      0.009469118  0.009469118   0.018938235   0.000000000
   sum over m+mul  1.268160604  1.268160604   2.536321209   0.000000000
  d3z^2-r^2   0    0.011946621  0.011946621   0.023893242   0.000000000    90.0000    0.0000
  dx^2-y^2    0    0.011947017  0.011947017   0.023894035   0.000000000    90.0000    0.0000
  dxy         0    0.026158439  0.026158439   0.052316879   0.000000000    90.0000    0.0000
  dxz         0    0.026158959  0.026158959   0.052317918   0.000000000    90.0000    0.0000
  dyz         0    0.026160758  0.026160758   0.052321517   0.000000000    90.0000    0.0000
   sum over m      0.102371795  0.102371795   0.204743590   0.000000000
   sum over m+mul  0.102371795  0.102371795   0.204743590   0.000000000

  185   Si          Up spin      Down spin     Sum           Diff           Angles(Deg)
            multiple
  s           0    0.628448714  0.628448714   1.256897428   0.000000000    90.0000    0.0000
   sum over m      0.628448714  0.628448714   1.256897428   0.000000000
  s           1    0.000980421  0.000980421   0.001960842   0.000000000    90.0000    0.0000
   sum over m      0.000980421  0.000980421   0.001960842   0.000000000
   sum over m+mul  0.629429135  0.629429135   1.258858270   0.000000000
  px          0    0.419561222  0.419561222   0.839122445   0.000000000    90.0000    0.0000
  py          0    0.419588235  0.419588235   0.839176471   0.000000000    90.0000    0.0000
  pz          0    0.419554842  0.419554842   0.839109684   0.000000000    90.0000    0.0000
   sum over m      1.258704300  1.258704300   2.517408599   0.000000000
  px          1    0.003153542  0.003153542   0.006307084   0.000000000    90.0000    0.0000
  py          1    0.003157643  0.003157643   0.006315287   0.000000000    90.0000    0.0000
  pz          1    0.003154402  0.003154402   0.006308803   0.000000000    90.0000    0.0000
   sum over m      0.009465587  0.009465587   0.018931174   0.000000000
   sum over m+mul  1.268169887  1.268169887   2.536339773   0.000000000
  d3z^2-r^2   0    0.011946314  0.011946314   0.023892628   0.000000000    90.0000    0.0000
  dx^2-y^2    0    0.011947137  0.011947137   0.023894275   0.000000000    90.0000    0.0000
  dxy         0    0.026158635  0.026158635   0.052317269   0.000000000    90.0000    0.0000
  dxz         0    0.026159154  0.026159154   0.052318309   0.000000000    90.0000    0.0000
  dyz         0    0.026157385  0.026157385   0.052314770   0.000000000    90.0000    0.0000
   sum over m      0.102368626  0.102368626   0.204737252   0.000000000
   sum over m+mul  0.102368626  0.102368626   0.204737252   0.000000000

  186   Si          Up spin      Down spin     Sum           Diff           Angles(Deg)
            multiple
  s           0    0.628508657  0.628508657   1.257017315   0.000000000    90.0000    0.0000
   sum over m      0.628508657  0.628508657   1.257017315   0.000000000
  s           1    0.000995776  0.000995776   0.001991552   0.000000000    90.0000    0.0000
   sum over m      0.000995776  0.000995776   0.001991552   0.000000000
   sum over m+mul  0.629504433  0.629504433   1.259008866   0.000000000
  px          0    0.419577942  0.419577942   0.839155884   0.000000000    90.0000    0.0000
  py          0    0.419562130  0.419562130   0.839124261   0.000000000    90.0000    0.0000
  pz          0    0.419559294  0.419559294   0.839118588   0.000000000    90.0000    0.0000
   sum over m      1.258699366  1.258699366   2.517398733   0.000000000
  px          1    0.003160680  0.003160680   0.006321361   0.000000000    90.0000    0.0000
  py          1    0.003165774  0.003165774   0.006331548   0.000000000    90.0000    0.0000
  pz          1    0.003167098  0.003167098   0.006334196   0.000000000    90.0000    0.0000
   sum over m      0.009493552  0.009493552   0.018987104   0.000000000
   sum over m+mul  1.268192919  1.268192919   2.536385837   0.000000000
  d3z^2-r^2   0    0.011944862  0.011944862   0.023889724   0.000000000    90.0000    0.0000
  dx^2-y^2    0    0.011949156  0.011949156   0.023898313   0.000000000    90.0000    0.0000
  dxy         0    0.026155741  0.026155741   0.052311481   0.000000000    90.0000    0.0000
  dxz         0    0.026158839  0.026158839   0.052317677   0.000000000    90.0000    0.0000
  dyz         0    0.026159264  0.026159264   0.052318529   0.000000000    90.0000    0.0000
   sum over m      0.102367862  0.102367862   0.204735724   0.000000000
   sum over m+mul  0.102367862  0.102367862   0.204735724   0.000000000

  187   Si          Up spin      Down spin     Sum           Diff           Angles(Deg)
            multiple
  s           0    0.628450550  0.628450550   1.256901101   0.000000000    90.0000    0.0000
   sum over m      0.628450550  0.628450550   1.256901101   0.000000000
  s           1    0.000981220  0.000981220   0.001962440   0.000000000    90.0000    0.0000
   sum over m      0.000981220  0.000981220   0.001962440   0.000000000
   sum over m+mul  0.629431771  0.629431771   1.258863541   0.000000000
  px          0    0.419559792  0.419559792   0.839119584   0.000000000    90.0000    0.0000
  py          0    0.419557140  0.419557140   0.839114280   0.000000000    90.0000    0.0000
  pz          0    0.419588976  0.419588976   0.839177952   0.000000000    90.0000    0.0000
   sum over m      1.258705908  1.258705908   2.517411816   0.000000000
  px          1    0.003154947  0.003154947   0.006309894   0.000000000    90.0000    0.0000
  py          1    0.003154629  0.003154629   0.006309257   0.000000000    90.0000    0.0000
  pz          1    0.003157999  0.003157999   0.006315999   0.000000000    90.0000    0.0000
   sum over m      0.009467575  0.009467575   0.018935150   0.000000000
   sum over m+mul  1.268173483  1.268173483   2.536346965   0.000000000
  d3z^2-r^2   0    0.011947084  0.011947084   0.023894168   0.000000000    90.0000    0.0000
  dx^2-y^2    0    0.011946355  0.011946355   0.023892710   0.000000000    90.0000    0.0000
  dxy         0    0.026158959  0.026158959   0.052317918   0.000000000    90.0000    0.0000
  dxz         0    0.026158652  0.026158652   0.052317304   0.000000000    90.0000    0.0000
  dyz         0    0.026157049  0.026157049   0.052314099   0.000000000    90.0000    0.0000
   sum over m      0.102368099  0.102368099   0.204736199   0.000000000
   sum over m+mul  0.102368099  0.102368099   0.204736199   0.000000000

  188   Si          Up spin      Down spin     Sum           Diff           Angles(Deg)
            multiple
  s           0    0.628452161  0.628452161   1.256904322   0.000000000    90.0000    0.0000
   sum over m      0.628452161  0.628452161   1.256904322   0.000000000
  s           1    0.000981970  0.000981970   0.001963939   0.000000000    90.0000    0.0000
   sum over m      0.000981970  0.000981970   0.001963939   0.000000000
   sum over m+mul  0.629434130  0.629434130   1.258868261   0.000000000
  px          0    0.419592557  0.419592557   0.839185113   0.000000000    90.0000    0.0000
  py          0    0.419554202  0.419554202   0.839108403   0.000000000    90.0000    0.0000
  pz          0    0.419551857  0.419551857   0.839103713   0.000000000    90.0000    0.0000
   sum over m      1.258698615  1.258698615   2.517397230   0.000000000
  px          1    0.003156504  0.003156504   0.006313007   0.000000000    90.0000    0.0000
  py          1    0.003153998  0.003153998   0.006307995   0.000000000    90.0000    0.0000
  pz          1    0.003154761  0.003154761   0.006309521   0.000000000    90.0000    0.0000
   sum over m      0.009465262  0.009465262   0.018930524   0.000000000
   sum over m+mul  1.268163877  1.268163877   2.536327754   0.000000000
  d3z^2-r^2   0    0.011945836  0.011945836   0.023891673   0.000000000    90.0000    0.0000
  dx^2-y^2    0    0.011944262  0.011944262   0.023888523   0.000000000    90.0000    0.0000
  dxy         0    0.026158975  0.026158975   0.052317950   0.000000000    90.0000    0.0000
  dxz         0    0.026157870  0.026157870   0.052315741   0.000000000    90.0000    0.0000
  dyz         0    0.026159276  0.026159276   0.052318552   0.000000000    90.0000    0.0000
   sum over m      0.102366219  0.102366219   0.204732439   0.000000000
   sum over m+mul  0.102366219  0.102366219   0.204732439   0.000000000

  189   Si          Up spin      Down spin     Sum           Diff           Angles(Deg)
            multiple
  s           0    0.628485445  0.628485445   1.256970890   0.000000000    90.0000    0.0000
   sum over m      0.628485445  0.628485445   1.256970890   0.000000000
  s           1    0.001000979  0.001000979   0.002001958   0.000000000    90.0000    0.0000
   sum over m      0.001000979  0.001000979   0.002001958   0.000000000
   sum over m+mul  0.629486424  0.629486424   1.258972848   0.000000000
  px          0    0.419585464  0.419585464   0.839170928   0.000000000    90.0000    0.0000
  py          0    0.419579852  0.419579852   0.839159704   0.000000000    90.0000    0.0000
  pz          0    0.419580743  0.419580743   0.839161485   0.000000000    90.0000    0.0000
   sum over m      1.258746059  1.258746059   2.517492118   0.000000000
  px          1    0.003162199  0.003162199   0.006324398   0.000000000    90.0000    0.0000
  py          1    0.003163633  0.003163633   0.006327265   0.000000000    90.0000    0.0000
  pz          1    0.003165241  0.003165241   0.006330481   0.000000000    90.0000    0.0000
   sum over m      0.009491072  0.009491072   0.018982145   0.000000000
   sum over m+mul  1.268237131  1.268237131   2.536474262   0.000000000
  d3z^2-r^2   0    0.011945234  0.011945234   0.023890468   0.000000000    90.0000    0.0000
  dx^2-y^2    0    0.011948397  0.011948397   0.023896795   0.000000000    90.0000    0.0000
  dxy         0    0.026156866  0.026156866   0.052313732   0.000000000    90.0000    0.0000
  dxz         0    0.026159646  0.026159646   0.052319292   0.000000000    90.0000    0.0000
  dyz         0    0.026157744  0.026157744   0.052315489   0.000000000    90.0000    0.0000
   sum over m      0.102367888  0.102367888   0.204735776   0.000000000
   sum over m+mul  0.102367888  0.102367888   0.204735776   0.000000000

  190   Si          Up spin      Down spin     Sum           Diff           Angles(Deg)
            multiple
  s           0    0.628451232  0.628451232   1.256902463   0.000000000    90.0000    0.0000
   sum over m      0.628451232  0.628451232   1.256902463   0.000000000
  s           1    0.000983800  0.000983800   0.001967600   0.000000000    90.0000    0.0000
   sum over m      0.000983800  0.000983800   0.001967600   0.000000000
   sum over m+mul  0.629435031  0.629435031   1.258870063   0.000000000
  px          0    0.419559296  0.419559296   0.839118592   0.000000000    90.0000    0.0000
  py          0    0.419584145  0.419584145   0.839168291   0.000000000    90.0000    0.0000
  pz          0    0.419546488  0.419546488   0.839092977   0.000000000    90.0000    0.0000
   sum over m      1.258689930  1.258689930   2.517379860   0.000000000
  px          1    0.003153129  0.003153129   0.006306257   0.000000000    90.0000    0.0000
  py          1    0.003159133  0.003159133   0.006318266   0.000000000    90.0000    0.0000
  pz          1    0.003155616  0.003155616   0.006311232   0.000000000    90.0000    0.0000
   sum over m      0.009467878  0.009467878   0.018935755   0.000000000
   sum over m+mul  1.268157807  1.268157807   2.536315615   0.000000000
  d3z^2-r^2   0    0.011945981  0.011945981   0.023891962   0.000000000    90.0000    0.0000
  dx^2-y^2    0    0.011946554  0.011946554   0.023893109   0.000000000    90.0000    0.0000
  dxy         0    0.026159064  0.026159064   0.052318127   0.000000000    90.0000    0.0000
  dxz         0    0.026158858  0.026158858   0.052317716   0.000000000    90.0000    0.0000
  dyz         0    0.026156393  0.026156393   0.052312786   0.000000000    90.0000    0.0000
   sum over m      0.102366850  0.102366850   0.204733700   0.000000000
   sum over m+mul  0.102366850  0.102366850   0.204733700   0.000000000

  191   Si          Up spin      Down spin     Sum           Diff           Angles(Deg)
            multiple
  s           0    0.628490915  0.628490915   1.256981831   0.000000000    90.0000    0.0000
   sum over m      0.628490915  0.628490915   1.256981831   0.000000000
  s           1    0.001002617  0.001002617   0.002005235   0.000000000    90.0000    0.0000
   sum over m      0.001002617  0.001002617   0.002005235   0.000000000
   sum over m+mul  0.629493533  0.629493533   1.258987065   0.000000000
  px          0    0.419571202  0.419571202   0.839142404   0.000000000    90.0000    0.0000
  py          0    0.419573050  0.419573050   0.839146101   0.000000000    90.0000    0.0000
  pz          0    0.419571070  0.419571070   0.839142140   0.000000000    90.0000    0.0000
   sum over m      1.258715322  1.258715322   2.517430645   0.000000000
  px          1    0.003163181  0.003163181   0.006326362   0.000000000    90.0000    0.0000
  py          1    0.003161933  0.003161933   0.006323866   0.000000000    90.0000    0.0000
  pz          1    0.003163850  0.003163850   0.006327701   0.000000000    90.0000    0.0000
   sum over m      0.009488964  0.009488964   0.018977928   0.000000000
   sum over m+mul  1.268204287  1.268204287   2.536408573   0.000000000
  d3z^2-r^2   0    0.011945872  0.011945872   0.023891745   0.000000000    90.0000    0.0000
  dx^2-y^2    0    0.011947613  0.011947613   0.023895227   0.000000000    90.0000    0.0000
  dxy         0    0.026158246  0.026158246   0.052316492   0.000000000    90.0000    0.0000
  dxz         0    0.026158888  0.026158888   0.052317776   0.000000000    90.0000    0.0000
  dyz         0    0.026159826  0.026159826   0.052319652   0.000000000    90.0000    0.0000
   sum over m      0.102370446  0.102370446   0.204740891   0.000000000
   sum over m+mul  0.102370446  0.102370446   0.204740891   0.000000000

  192   Si          Up spin      Down spin     Sum           Diff           Angles(Deg)
            multiple
  s           0    0.628452070  0.628452070   1.256904140   0.000000000    90.0000    0.0000
   sum over m      0.628452070  0.628452070   1.256904140   0.000000000
  s           1    0.000983449  0.000983449   0.001966898   0.000000000    90.0000    0.0000
   sum over m      0.000983449  0.000983449   0.001966898   0.000000000
   sum over m+mul  0.629435519  0.629435519   1.258871038   0.000000000
  px          0    0.419536691  0.419536691   0.839073383   0.000000000    90.0000    0.0000
  py          0    0.419582090  0.419582090   0.839164180   0.000000000    90.0000    0.0000
  pz          0    0.419564430  0.419564430   0.839128859   0.000000000    90.0000    0.0000
   sum over m      1.258683211  1.258683211   2.517366421   0.000000000
  px          1    0.003158506  0.003158506   0.006317013   0.000000000    90.0000    0.0000
  py          1    0.003158889  0.003158889   0.006317778   0.000000000    90.0000    0.0000
  pz          1    0.003152333  0.003152333   0.006304665   0.000000000    90.0000    0.0000
   sum over m      0.009469728  0.009469728   0.018939456   0.000000000
   sum over m+mul  1.268152939  1.268152939   2.536305877   0.000000000
  d3z^2-r^2   0    0.011946982  0.011946982   0.023893965   0.000000000    90.0000    0.0000
  dx^2-y^2    0    0.011945815  0.011945815   0.023891631   0.000000000    90.0000    0.0000
  dxy         0    0.026158280  0.026158280   0.052316560   0.000000000    90.0000    0.0000
  dxz         0    0.026159433  0.026159433   0.052318866   0.000000000    90.0000    0.0000
  dyz         0    0.026160988  0.026160988   0.052321977   0.000000000    90.0000    0.0000
   sum over m      0.102371499  0.102371499   0.204742999   0.000000000
   sum over m+mul  0.102371499  0.102371499   0.204742999   0.000000000

  193   Si          Up spin      Down spin     Sum           Diff           Angles(Deg)
            multiple
  s           0    0.628503435  0.628503435   1.257006870   0.000000000    90.0000    0.0000
   sum over m      0.628503435  0.628503435   1.257006870   0.000000000
  s           1    0.001004273  0.001004273   0.002008546   0.000000000    90.0000    0.0000
   sum over m      0.001004273  0.001004273   0.002008546   0.000000000
   sum over m+mul  0.629507708  0.629507708   1.259015416   0.000000000
  px          0    0.419578864  0.419578864   0.839157727   0.000000000    90.0000    0.0000
  py          0    0.419583155  0.419583155   0.839166310   0.000000000    90.0000    0.0000
  pz          0    0.419576980  0.419576980   0.839153959   0.000000000    90.0000    0.0000
   sum over m      1.258738998  1.258738998   2.517477997   0.000000000
  px          1    0.003165585  0.003165585   0.006331170   0.000000000    90.0000    0.0000
  py          1    0.003163604  0.003163604   0.006327208   0.000000000    90.0000    0.0000
  pz          1    0.003165382  0.003165382   0.006330764   0.000000000    90.0000    0.0000
   sum over m      0.009494570  0.009494570   0.018989141   0.000000000
   sum over m+mul  1.268233569  1.268233569   2.536467138   0.000000000
  d3z^2-r^2   0    0.011943821  0.011943821   0.023887642   0.000000000    90.0000    0.0000
  dx^2-y^2    0    0.011947951  0.011947951   0.023895902   0.000000000    90.0000    0.0000
  dxy         0    0.026158070  0.026158070   0.052316140   0.000000000    90.0000    0.0000
  dxz         0    0.026158580  0.026158580   0.052317160   0.000000000    90.0000    0.0000
  dyz         0    0.026157362  0.026157362   0.052314723   0.000000000    90.0000    0.0000
   sum over m      0.102365784  0.102365784   0.204731567   0.000000000
   sum over m+mul  0.102365784  0.102365784   0.204731567   0.000000000

  194   Si          Up spin      Down spin     Sum           Diff           Angles(Deg)
            multiple
  s           0    0.628458829  0.628458829   1.256917658   0.000000000    90.0000    0.0000
   sum over m      0.628458829  0.628458829   1.256917658   0.000000000
  s           1    0.000977188  0.000977188   0.001954377   0.000000000    90.0000    0.0000
   sum over m      0.000977188  0.000977188   0.001954377   0.000000000
   sum over m+mul  0.629436017  0.629436017   1.258872035   0.000000000
  px          0    0.419614592  0.419614592   0.839229185   0.000000000    90.0000    0.0000
  py          0    0.419565405  0.419565405   0.839130810   0.000000000    90.0000    0.0000
  pz          0    0.419562540  0.419562540   0.839125080   0.000000000    90.0000    0.0000
   sum over m      1.258742537  1.258742537   2.517485075   0.000000000
  px          1    0.003153306  0.003153306   0.006306612   0.000000000    90.0000    0.0000
  py          1    0.003155149  0.003155149   0.006310299   0.000000000    90.0000    0.0000
  pz          1    0.003156500  0.003156500   0.006313001   0.000000000    90.0000    0.0000
   sum over m      0.009464956  0.009464956   0.018929912   0.000000000
   sum over m+mul  1.268207493  1.268207493   2.536414987   0.000000000
  d3z^2-r^2   0    0.011944883  0.011944883   0.023889766   0.000000000    90.0000    0.0000
  dx^2-y^2    0    0.011949248  0.011949248   0.023898496   0.000000000    90.0000    0.0000
  dxy         0    0.026156269  0.026156269   0.052312537   0.000000000    90.0000    0.0000
  dxz         0    0.026159369  0.026159369   0.052318738   0.000000000    90.0000    0.0000
  dyz         0    0.026160311  0.026160311   0.052320623   0.000000000    90.0000    0.0000
   sum over m      0.102370080  0.102370080   0.204740160   0.000000000
   sum over m+mul  0.102370080  0.102370080   0.204740160   0.000000000

  195   Si          Up spin      Down spin     Sum           Diff           Angles(Deg)
            multiple
  s           0    0.628469974  0.628469974   1.256939948   0.000000000    90.0000    0.0000
   sum over m      0.628469974  0.628469974   1.256939948   0.000000000
  s           1    0.000977159  0.000977159   0.001954318   0.000000000    90.0000    0.0000
   sum over m      0.000977159  0.000977159   0.001954318   0.000000000
   sum over m+mul  0.629447133  0.629447133   1.258894265   0.000000000
  px          0    0.419570734  0.419570734   0.839141469   0.000000000    90.0000    0.0000
  py          0    0.419618240  0.419618240   0.839236480   0.000000000    90.0000    0.0000
  pz          0    0.419584854  0.419584854   0.839169708   0.000000000    90.0000    0.0000
   sum over m      1.258773828  1.258773828   2.517547656   0.000000000
  px          1    0.003153097  0.003153097   0.006306193   0.000000000    90.0000    0.0000
  py          1    0.003156523  0.003156523   0.006313046   0.000000000    90.0000    0.0000
  pz          1    0.003153298  0.003153298   0.006306597   0.000000000    90.0000    0.0000
   sum over m      0.009462918  0.009462918   0.018925835   0.000000000
   sum over m+mul  1.268236746  1.268236746   2.536473491   0.000000000
  d3z^2-r^2   0    0.011947438  0.011947438   0.023894876   0.000000000    90.0000    0.0000
  dx^2-y^2    0    0.011946932  0.011946932   0.023893865   0.000000000    90.0000    0.0000
  dxy         0    0.026158870  0.026158870   0.052317740   0.000000000    90.0000    0.0000
  dxz         0    0.026159389  0.026159389   0.052318777   0.000000000    90.0000    0.0000
  dyz         0    0.026157645  0.026157645   0.052315290   0.000000000    90.0000    0.0000
   sum over m      0.102370274  0.102370274   0.204740548   0.000000000
   sum over m+mul  0.102370274  0.102370274   0.204740548   0.000000000

  196   Si          Up spin      Down spin     Sum           Diff           Angles(Deg)
            multiple
  s           0    0.628459818  0.628459818   1.256919636   0.000000000    90.0000    0.0000
   sum over m      0.628459818  0.628459818   1.256919636   0.000000000
  s           1    0.000894503  0.000894503   0.001789006   0.000000000    90.0000    0.0000
   sum over m      0.000894503  0.000894503   0.001789006   0.000000000
   sum over m+mul  0.629354321  0.629354321   1.258708642   0.000000000
  px          0    0.419517214  0.419517214   0.839034428   0.000000000    90.0000    0.0000
  py          0    0.419429662  0.419429662   0.838859323   0.000000000    90.0000    0.0000
  pz          0    0.419515118  0.419515118   0.839030237   0.000000000    90.0000    0.0000
   sum over m      1.258461994  1.258461994   2.516923988   0.000000000
  px          1    0.003093242  0.003093242   0.006186483   0.000000000    90.0000    0.0000
  py          1    0.003093157  0.003093157   0.006186315   0.000000000    90.0000    0.0000
  pz          1    0.003169795  0.003169795   0.006339589   0.000000000    90.0000    0.0000
   sum over m      0.009356194  0.009356194   0.018712387   0.000000000
   sum over m+mul  1.267818188  1.267818188   2.535636376   0.000000000
  d3z^2-r^2   0    0.011955441  0.011955441   0.023910881   0.000000000    90.0000    0.0000
  dx^2-y^2    0    0.011943563  0.011943563   0.023887126   0.000000000    90.0000    0.0000
  dxy         0    0.026177141  0.026177141   0.052354282   0.000000000    90.0000    0.0000
  dxz         0    0.026168694  0.026168694   0.052337389   0.000000000    90.0000    0.0000
  dyz         0    0.026149225  0.026149225   0.052298450   0.000000000    90.0000    0.0000
   sum over m      0.102394064  0.102394064   0.204788127   0.000000000
   sum over m+mul  0.102394064  0.102394064   0.204788127   0.000000000

  197   Si          Up spin      Down spin     Sum           Diff           Angles(Deg)
            multiple
  s           0    0.628435644  0.628435644   1.256871288   0.000000000    90.0000    0.0000
   sum over m      0.628435644  0.628435644   1.256871288   0.000000000
  s           1    0.000981436  0.000981436   0.001962873   0.000000000    90.0000    0.0000
   sum over m      0.000981436  0.000981436   0.001962873   0.000000000
   sum over m+mul  0.629417080  0.629417080   1.258834160   0.000000000
  px          0    0.419575019  0.419575019   0.839150039   0.000000000    90.0000    0.0000
  py          0    0.419477955  0.419477955   0.838955910   0.000000000    90.0000    0.0000
  pz          0    0.419568702  0.419568702   0.839137403   0.000000000    90.0000    0.0000
   sum over m      1.258621676  1.258621676   2.517243352   0.000000000
  px          1    0.003160015  0.003160015   0.006320030   0.000000000    90.0000    0.0000
  py          1    0.003156252  0.003156252   0.006312504   0.000000000    90.0000    0.0000
  pz          1    0.003157197  0.003157197   0.006314394   0.000000000    90.0000    0.0000
   sum over m      0.009473464  0.009473464   0.018946927   0.000000000
   sum over m+mul  1.268095140  1.268095140   2.536190279   0.000000000
  d3z^2-r^2   0    0.011941441  0.011941441   0.023882882   0.000000000    90.0000    0.0000
  dx^2-y^2    0    0.011949133  0.011949133   0.023898266   0.000000000    90.0000    0.0000
  dxy         0    0.026152174  0.026152174   0.052304348   0.000000000    90.0000    0.0000
  dxz         0    0.026164690  0.026164690   0.052329380   0.000000000    90.0000    0.0000
  dyz         0    0.026154388  0.026154388   0.052308776   0.000000000    90.0000    0.0000
   sum over m      0.102361826  0.102361826   0.204723652   0.000000000
   sum over m+mul  0.102361826  0.102361826   0.204723652   0.000000000

  198   Si          Up spin      Down spin     Sum           Diff           Angles(Deg)
            multiple
  s           0    0.628472071  0.628472071   1.256944143   0.000000000    90.0000    0.0000
   sum over m      0.628472071  0.628472071   1.256944143   0.000000000
  s           1    0.001001121  0.001001121   0.002002242   0.000000000    90.0000    0.0000
   sum over m      0.001001121  0.001001121   0.002002242   0.000000000
   sum over m+mul  0.629473193  0.629473193   1.258946385   0.000000000
  px          0    0.419598634  0.419598634   0.839197267   0.000000000    90.0000    0.0000
  py          0    0.419557126  0.419557126   0.839114252   0.000000000    90.0000    0.0000
  pz          0    0.419497468  0.419497468   0.838994935   0.000000000    90.0000    0.0000
   sum over m      1.258653227  1.258653227   2.517306455   0.000000000
  px          1    0.003168277  0.003168277   0.006336554   0.000000000    90.0000    0.0000
  py          1    0.003161547  0.003161547   0.006323095   0.000000000    90.0000    0.0000
  pz          1    0.003163744  0.003163744   0.006327488   0.000000000    90.0000    0.0000
   sum over m      0.009493569  0.009493569   0.018987138   0.000000000
   sum over m+mul  1.268146796  1.268146796   2.536293592   0.000000000
  d3z^2-r^2   0    0.011947837  0.011947837   0.023895674   0.000000000    90.0000    0.0000
  dx^2-y^2    0    0.011942387  0.011942387   0.023884774   0.000000000    90.0000    0.0000
  dxy         0    0.026164573  0.026164573   0.052329145   0.000000000    90.0000    0.0000
  dxz         0    0.026151633  0.026151633   0.052303267   0.000000000    90.0000    0.0000
  dyz         0    0.026154015  0.026154015   0.052308030   0.000000000    90.0000    0.0000
   sum over m      0.102360445  0.102360445   0.204720890   0.000000000
   sum over m+mul  0.102360445  0.102360445   0.204720890   0.000000000

  199   Si          Up spin      Down spin     Sum           Diff           Angles(Deg)
            multiple
  s           0    0.628491723  0.628491723   1.256983446   0.000000000    90.0000    0.0000
   sum over m      0.628491723  0.628491723   1.256983446   0.000000000
  s           1    0.000996661  0.000996661   0.001993321   0.000000000    90.0000    0.0000
   sum over m      0.000996661  0.000996661   0.001993321   0.000000000
   sum over m+mul  0.629488383  0.629488383   1.258976767   0.000000000
  px          0    0.419578221  0.419578221   0.839156442   0.000000000    90.0000    0.0000
  py          0    0.419578710  0.419578710   0.839157420   0.000000000    90.0000    0.0000
  pz          0    0.419578696  0.419578696   0.839157393   0.000000000    90.0000    0.0000
   sum over m      1.258735627  1.258735627   2.517471255   0.000000000
  px          1    0.003161000  0.003161000   0.006322001   0.000000000    90.0000    0.0000
  py          1    0.003162357  0.003162357   0.006324714   0.000000000    90.0000    0.0000
  pz          1    0.003162370  0.003162370   0.006324740   0.000000000    90.0000    0.0000
   sum over m      0.009485727  0.009485727   0.018971454   0.000000000
   sum over m+mul  1.268221354  1.268221354   2.536442709   0.000000000
  d3z^2-r^2   0    0.011945626  0.011945626   0.023891251   0.000000000    90.0000    0.0000
  dx^2-y^2    0    0.011947080  0.011947080   0.023894161   0.000000000    90.0000    0.0000
  dxy         0    0.026158286  0.026158286   0.052316573   0.000000000    90.0000    0.0000
  dxz         0    0.026158285  0.026158285   0.052316571   0.000000000    90.0000    0.0000
  dyz         0    0.026160341  0.026160341   0.052320682   0.000000000    90.0000    0.0000
   sum over m      0.102369619  0.102369619   0.204739237   0.000000000
   sum over m+mul  0.102369619  0.102369619   0.204739237   0.000000000

  200   Si          Up spin      Down spin     Sum           Diff           Angles(Deg)
            multiple
  s           0    0.628433548  0.628433548   1.256867096   0.000000000    90.0000    0.0000
   sum over m      0.628433548  0.628433548   1.256867096   0.000000000
  s           1    0.000970534  0.000970534   0.001941068   0.000000000    90.0000    0.0000
   sum over m      0.000970534  0.000970534   0.001941068   0.000000000
   sum over m+mul  0.629404082  0.629404082   1.258808164   0.000000000
  px          0    0.419448770  0.419448770   0.838897541   0.000000000    90.0000    0.0000
  py          0    0.419493334  0.419493334   0.838986668   0.000000000    90.0000    0.0000
  pz          0    0.419528279  0.419528279   0.839056558   0.000000000    90.0000    0.0000
   sum over m      1.258470383  1.258470383   2.516940766   0.000000000
  px          1    0.003143674  0.003143674   0.006287348   0.000000000    90.0000    0.0000
  py          1    0.003126991  0.003126991   0.006253983   0.000000000    90.0000    0.0000
  pz          1    0.003130872  0.003130872   0.006261744   0.000000000    90.0000    0.0000
   sum over m      0.009401538  0.009401538   0.018803075   0.000000000
   sum over m+mul  1.267871921  1.267871921   2.535743841   0.000000000
  d3z^2-r^2   0    0.011945922  0.011945922   0.023891845   0.000000000    90.0000    0.0000
  dx^2-y^2    0    0.011942481  0.011942481   0.023884961   0.000000000    90.0000    0.0000
  dxy         0    0.026153860  0.026153860   0.052307719   0.000000000    90.0000    0.0000
  dxz         0    0.026153680  0.026153680   0.052307360   0.000000000    90.0000    0.0000
  dyz         0    0.026164201  0.026164201   0.052328402   0.000000000    90.0000    0.0000
   sum over m      0.102360144  0.102360144   0.204720287   0.000000000
   sum over m+mul  0.102360144  0.102360144   0.204720287   0.000000000

  201   Si          Up spin      Down spin     Sum           Diff           Angles(Deg)
            multiple
  s           0    0.628448714  0.628448714   1.256897428   0.000000000    90.0000    0.0000
   sum over m      0.628448714  0.628448714   1.256897428   0.000000000
  s           1    0.000980421  0.000980421   0.001960841   0.000000000    90.0000    0.0000
   sum over m      0.000980421  0.000980421   0.001960841   0.000000000
   sum over m+mul  0.629429134  0.629429134   1.258858269   0.000000000
  px          0    0.419561224  0.419561224   0.839122447   0.000000000    90.0000    0.0000
  py          0    0.419554840  0.419554840   0.839109680   0.000000000    90.0000    0.0000
  pz          0    0.419588237  0.419588237   0.839176475   0.000000000    90.0000    0.0000
   sum over m      1.258704301  1.258704301   2.517408602   0.000000000
  px          1    0.003153542  0.003153542   0.006307084   0.000000000    90.0000    0.0000
  py          1    0.003154401  0.003154401   0.006308803   0.000000000    90.0000    0.0000
  pz          1    0.003157643  0.003157643   0.006315286   0.000000000    90.0000    0.0000
   sum over m      0.009465587  0.009465587   0.018931173   0.000000000
   sum over m+mul  1.268169888  1.268169888   2.536339776   0.000000000
  d3z^2-r^2   0    0.011946420  0.011946420   0.023892840   0.000000000    90.0000    0.0000
  dx^2-y^2    0    0.011947032  0.011947032   0.023894063   0.000000000    90.0000    0.0000
  dxy         0    0.026159154  0.026159154   0.052318309   0.000000000    90.0000    0.0000
  dxz         0    0.026158635  0.026158635   0.052317270   0.000000000    90.0000    0.0000
  dyz         0    0.026157385  0.026157385   0.052314770   0.000000000    90.0000    0.0000
   sum over m      0.102368626  0.102368626   0.204737252   0.000000000
   sum over m+mul  0.102368626  0.102368626   0.204737252   0.000000000

  202   Si          Up spin      Down spin     Sum           Diff           Angles(Deg)
            multiple
  s           0    0.628452161  0.628452161   1.256904322   0.000000000    90.0000    0.0000
   sum over m      0.628452161  0.628452161   1.256904322   0.000000000
  s           1    0.000981970  0.000981970   0.001963939   0.000000000    90.0000    0.0000
   sum over m      0.000981970  0.000981970   0.001963939   0.000000000
   sum over m+mul  0.629434130  0.629434130   1.258868261   0.000000000
  px          0    0.419592557  0.419592557   0.839185113   0.000000000    90.0000    0.0000
  py          0    0.419551854  0.419551854   0.839103707   0.000000000    90.0000    0.0000
  pz          0    0.419554205  0.419554205   0.839108409   0.000000000    90.0000    0.0000
   sum over m      1.258698615  1.258698615   2.517397230   0.000000000
  px          1    0.003156504  0.003156504   0.006313007   0.000000000    90.0000    0.0000
  py          1    0.003154761  0.003154761   0.006309521   0.000000000    90.0000    0.0000
  pz          1    0.003153998  0.003153998   0.006307996   0.000000000    90.0000    0.0000
   sum over m      0.009465262  0.009465262   0.018930524   0.000000000
   sum over m+mul  1.268163877  1.268163877   2.536327754   0.000000000
  d3z^2-r^2   0    0.011945016  0.011945016   0.023890031   0.000000000    90.0000    0.0000
  dx^2-y^2    0    0.011945082  0.011945082   0.023890165   0.000000000    90.0000    0.0000
  dxy         0    0.026157870  0.026157870   0.052315740   0.000000000    90.0000    0.0000
  dxz         0    0.026158975  0.026158975   0.052317950   0.000000000    90.0000    0.0000
  dyz         0    0.026159276  0.026159276   0.052318552   0.000000000    90.0000    0.0000
   sum over m      0.102366219  0.102366219   0.204732439   0.000000000
   sum over m+mul  0.102366219  0.102366219   0.204732439   0.000000000

  203   Si          Up spin      Down spin     Sum           Diff           Angles(Deg)
            multiple
  s           0    0.628450551  0.628450551   1.256901101   0.000000000    90.0000    0.0000
   sum over m      0.628450551  0.628450551   1.256901101   0.000000000
  s           1    0.000981221  0.000981221   0.001962441   0.000000000    90.0000    0.0000
   sum over m      0.000981221  0.000981221   0.001962441   0.000000000
   sum over m+mul  0.629431771  0.629431771   1.258863543   0.000000000
  px          0    0.419559791  0.419559791   0.839119582   0.000000000    90.0000    0.0000
  py          0    0.419588974  0.419588974   0.839177948   0.000000000    90.0000    0.0000
  pz          0    0.419557142  0.419557142   0.839114283   0.000000000    90.0000    0.0000
   sum over m      1.258705906  1.258705906   2.517411812   0.000000000
  px          1    0.003154947  0.003154947   0.006309894   0.000000000    90.0000    0.0000
  py          1    0.003157999  0.003157999   0.006315999   0.000000000    90.0000    0.0000
  pz          1    0.003154629  0.003154629   0.006309258   0.000000000    90.0000    0.0000
   sum over m      0.009467575  0.009467575   0.018935150   0.000000000
   sum over m+mul  1.268173481  1.268173481   2.536346963   0.000000000
  d3z^2-r^2   0    0.011947074  0.011947074   0.023894148   0.000000000    90.0000    0.0000
  dx^2-y^2    0    0.011946365  0.011946365   0.023892730   0.000000000    90.0000    0.0000
  dxy         0    0.026158652  0.026158652   0.052317304   0.000000000    90.0000    0.0000
  dxz         0    0.026158959  0.026158959   0.052317918   0.000000000    90.0000    0.0000
  dyz         0    0.026157049  0.026157049   0.052314099   0.000000000    90.0000    0.0000
   sum over m      0.102368099  0.102368099   0.204736199   0.000000000
   sum over m+mul  0.102368099  0.102368099   0.204736199   0.000000000

  204   Si          Up spin      Down spin     Sum           Diff           Angles(Deg)
            multiple
  s           0    0.628508657  0.628508657   1.257017315   0.000000000    90.0000    0.0000
   sum over m      0.628508657  0.628508657   1.257017315   0.000000000
  s           1    0.000995776  0.000995776   0.001991552   0.000000000    90.0000    0.0000
   sum over m      0.000995776  0.000995776   0.001991552   0.000000000
   sum over m+mul  0.629504433  0.629504433   1.259008866   0.000000000
  px          0    0.419577942  0.419577942   0.839155884   0.000000000    90.0000    0.0000
  py          0    0.419559290  0.419559290   0.839118581   0.000000000    90.0000    0.0000
  pz          0    0.419562134  0.419562134   0.839124268   0.000000000    90.0000    0.0000
   sum over m      1.258699366  1.258699366   2.517398733   0.000000000
  px          1    0.003160680  0.003160680   0.006321361   0.000000000    90.0000    0.0000
  py          1    0.003167098  0.003167098   0.006334195   0.000000000    90.0000    0.0000
  pz          1    0.003165774  0.003165774   0.006331548   0.000000000    90.0000    0.0000
   sum over m      0.009493552  0.009493552   0.018987104   0.000000000
   sum over m+mul  1.268192919  1.268192919   2.536385837   0.000000000
  d3z^2-r^2   0    0.011946905  0.011946905   0.023893809   0.000000000    90.0000    0.0000
  dx^2-y^2    0    0.011947114  0.011947114   0.023894227   0.000000000    90.0000    0.0000
  dxy         0    0.026158838  0.026158838   0.052317677   0.000000000    90.0000    0.0000
  dxz         0    0.026155741  0.026155741   0.052311482   0.000000000    90.0000    0.0000
  dyz         0    0.026159264  0.026159264   0.052318529   0.000000000    90.0000    0.0000
   sum over m      0.102367862  0.102367862   0.204735724   0.000000000
   sum over m+mul  0.102367862  0.102367862   0.204735724   0.000000000

  205   Si          Up spin      Down spin     Sum           Diff           Angles(Deg)
            multiple
  s           0    0.628485445  0.628485445   1.256970890   0.000000000    90.0000    0.0000
   sum over m      0.628485445  0.628485445   1.256970890   0.000000000
  s           1    0.001000979  0.001000979   0.002001958   0.000000000    90.0000    0.0000
   sum over m      0.001000979  0.001000979   0.002001958   0.000000000
   sum over m+mul  0.629486424  0.629486424   1.258972848   0.000000000
  px          0    0.419585464  0.419585464   0.839170928   0.000000000    90.0000    0.0000
  py          0    0.419580740  0.419580740   0.839161480   0.000000000    90.0000    0.0000
  pz          0    0.419579855  0.419579855   0.839159710   0.000000000    90.0000    0.0000
   sum over m      1.258746059  1.258746059   2.517492118   0.000000000
  px          1    0.003162199  0.003162199   0.006324398   0.000000000    90.0000    0.0000
  py          1    0.003165241  0.003165241   0.006330482   0.000000000    90.0000    0.0000
  pz          1    0.003163633  0.003163633   0.006327265   0.000000000    90.0000    0.0000
   sum over m      0.009491072  0.009491072   0.018982145   0.000000000
   sum over m+mul  1.268237131  1.268237131   2.536474262   0.000000000
  d3z^2-r^2   0    0.011947005  0.011947005   0.023894011   0.000000000    90.0000    0.0000
  dx^2-y^2    0    0.011946626  0.011946626   0.023893252   0.000000000    90.0000    0.0000
  dxy         0    0.026159646  0.026159646   0.052319292   0.000000000    90.0000    0.0000
  dxz         0    0.026156866  0.026156866   0.052313732   0.000000000    90.0000    0.0000
  dyz         0    0.026157744  0.026157744   0.052315489   0.000000000    90.0000    0.0000
   sum over m      0.102367888  0.102367888   0.204735776   0.000000000
   sum over m+mul  0.102367888  0.102367888   0.204735776   0.000000000

  206   Si          Up spin      Down spin     Sum           Diff           Angles(Deg)
            multiple
  s           0    0.628451231  0.628451231   1.256902463   0.000000000    90.0000    0.0000
   sum over m      0.628451231  0.628451231   1.256902463   0.000000000
  s           1    0.000983799  0.000983799   0.001967599   0.000000000    90.0000    0.0000
   sum over m      0.000983799  0.000983799   0.001967599   0.000000000
   sum over m+mul  0.629435031  0.629435031   1.258870062   0.000000000
  px          0    0.419559297  0.419559297   0.839118595   0.000000000    90.0000    0.0000
  py          0    0.419546487  0.419546487   0.839092974   0.000000000    90.0000    0.0000
  pz          0    0.419584147  0.419584147   0.839168295   0.000000000    90.0000    0.0000
   sum over m      1.258689931  1.258689931   2.517379863   0.000000000
  px          1    0.003153129  0.003153129   0.006306257   0.000000000    90.0000    0.0000
  py          1    0.003155616  0.003155616   0.006311231   0.000000000    90.0000    0.0000
  pz          1    0.003159133  0.003159133   0.006318266   0.000000000    90.0000    0.0000
   sum over m      0.009467877  0.009467877   0.018935754   0.000000000
   sum over m+mul  1.268157809  1.268157809   2.536315617   0.000000000
  d3z^2-r^2   0    0.011946001  0.011946001   0.023892003   0.000000000    90.0000    0.0000
  dx^2-y^2    0    0.011946534  0.011946534   0.023893068   0.000000000    90.0000    0.0000
  dxy         0    0.026158858  0.026158858   0.052317715   0.000000000    90.0000    0.0000
  dxz         0    0.026159064  0.026159064   0.052318127   0.000000000    90.0000    0.0000
  dyz         0    0.026156393  0.026156393   0.052312786   0.000000000    90.0000    0.0000
   sum over m      0.102366850  0.102366850   0.204733700   0.000000000
   sum over m+mul  0.102366850  0.102366850   0.204733700   0.000000000

  207   Si          Up spin      Down spin     Sum           Diff           Angles(Deg)
            multiple
  s           0    0.628452070  0.628452070   1.256904140   0.000000000    90.0000    0.0000
   sum over m      0.628452070  0.628452070   1.256904140   0.000000000
  s           1    0.000983449  0.000983449   0.001966897   0.000000000    90.0000    0.0000
   sum over m      0.000983449  0.000983449   0.001966897   0.000000000
   sum over m+mul  0.629435518  0.629435518   1.258871037   0.000000000
  px          0    0.419536693  0.419536693   0.839073385   0.000000000    90.0000    0.0000
  py          0    0.419564428  0.419564428   0.839128856   0.000000000    90.0000    0.0000
  pz          0    0.419582092  0.419582092   0.839164184   0.000000000    90.0000    0.0000
   sum over m      1.258683212  1.258683212   2.517366424   0.000000000
  px          1    0.003158506  0.003158506   0.006317013   0.000000000    90.0000    0.0000
  py          1    0.003152332  0.003152332   0.006304665   0.000000000    90.0000    0.0000
  pz          1    0.003158889  0.003158889   0.006317778   0.000000000    90.0000    0.0000
   sum over m      0.009469728  0.009469728   0.018939455   0.000000000
   sum over m+mul  1.268152940  1.268152940   2.536305880   0.000000000
  d3z^2-r^2   0    0.011946511  0.011946511   0.023893021   0.000000000    90.0000    0.0000
  dx^2-y^2    0    0.011946287  0.011946287   0.023892575   0.000000000    90.0000    0.0000
  dxy         0    0.026159433  0.026159433   0.052318866   0.000000000    90.0000    0.0000
  dxz         0    0.026158280  0.026158280   0.052316560   0.000000000    90.0000    0.0000
  dyz         0    0.026160988  0.026160988   0.052321977   0.000000000    90.0000    0.0000
   sum over m      0.102371499  0.102371499   0.204742999   0.000000000
   sum over m+mul  0.102371499  0.102371499   0.204742999   0.000000000

  208   Si          Up spin      Down spin     Sum           Diff           Angles(Deg)
            multiple
  s           0    0.628490915  0.628490915   1.256981831   0.000000000    90.0000    0.0000
   sum over m      0.628490915  0.628490915   1.256981831   0.000000000
  s           1    0.001002617  0.001002617   0.002005235   0.000000000    90.0000    0.0000
   sum over m      0.001002617  0.001002617   0.002005235   0.000000000
   sum over m+mul  0.629493533  0.629493533   1.258987065   0.000000000
  px          0    0.419571202  0.419571202   0.839142404   0.000000000    90.0000    0.0000
  py          0    0.419571067  0.419571067   0.839142135   0.000000000    90.0000    0.0000
  pz          0    0.419573053  0.419573053   0.839146106   0.000000000    90.0000    0.0000
   sum over m      1.258715322  1.258715322   2.517430645   0.000000000
  px          1    0.003163181  0.003163181   0.006326362   0.000000000    90.0000    0.0000
  py          1    0.003163850  0.003163850   0.006327701   0.000000000    90.0000    0.0000
  pz          1    0.003161933  0.003161933   0.006323865   0.000000000    90.0000    0.0000
   sum over m      0.009488964  0.009488964   0.018977928   0.000000000
   sum over m+mul  1.268204287  1.268204287   2.536408573   0.000000000
  d3z^2-r^2   0    0.011947236  0.011947236   0.023894473   0.000000000    90.0000    0.0000
  dx^2-y^2    0    0.011946249  0.011946249   0.023892499   0.000000000    90.0000    0.0000
  dxy         0    0.026158888  0.026158888   0.052317776   0.000000000    90.0000    0.0000
  dxz         0    0.026158246  0.026158246   0.052316492   0.000000000    90.0000    0.0000
  dyz         0    0.026159826  0.026159826   0.052319652   0.000000000    90.0000    0.0000
   sum over m      0.102370446  0.102370446   0.204740891   0.000000000
   sum over m+mul  0.102370446  0.102370446   0.204740891   0.000000000

  209   Si          Up spin      Down spin     Sum           Diff           Angles(Deg)
            multiple
  s           0    0.628488876  0.628488876   1.256977752   0.000000000    90.0000    0.0000
   sum over m      0.628488876  0.628488876   1.256977752   0.000000000
  s           1    0.001002675  0.001002675   0.002005350   0.000000000    90.0000    0.0000
   sum over m      0.001002675  0.001002675   0.002005350   0.000000000
   sum over m+mul  0.629491551  0.629491551   1.258983102   0.000000000
  px          0    0.419579820  0.419579820   0.839159640   0.000000000    90.0000    0.0000
  py          0    0.419576381  0.419576381   0.839152762   0.000000000    90.0000    0.0000
  pz          0    0.419576384  0.419576384   0.839152768   0.000000000    90.0000    0.0000
   sum over m      1.258732585  1.258732585   2.517465170   0.000000000
  px          1    0.003163346  0.003163346   0.006326692   0.000000000    90.0000    0.0000
  py          1    0.003162061  0.003162061   0.006324123   0.000000000    90.0000    0.0000
  pz          1    0.003162061  0.003162061   0.006324122   0.000000000    90.0000    0.0000
   sum over m      0.009487469  0.009487469   0.018974937   0.000000000
   sum over m+mul  1.268220054  1.268220054   2.536440107   0.000000000
  d3z^2-r^2   0    0.011946781  0.011946781   0.023893562   0.000000000    90.0000    0.0000
  dx^2-y^2    0    0.011946346  0.011946346   0.023892693   0.000000000    90.0000    0.0000
  dxy         0    0.026157888  0.026157888   0.052315776   0.000000000    90.0000    0.0000
  dxz         0    0.026157888  0.026157888   0.052315776   0.000000000    90.0000    0.0000
  dyz         0    0.026156968  0.026156968   0.052313936   0.000000000    90.0000    0.0000
   sum over m      0.102365871  0.102365871   0.204731743   0.000000000
   sum over m+mul  0.102365871  0.102365871   0.204731743   0.000000000

  210   Si          Up spin      Down spin     Sum           Diff           Angles(Deg)
            multiple
  s           0    0.628441443  0.628441443   1.256882886   0.000000000    90.0000    0.0000
   sum over m      0.628441443  0.628441443   1.256882886   0.000000000
  s           1    0.000977854  0.000977854   0.001955708   0.000000000    90.0000    0.0000
   sum over m      0.000977854  0.000977854   0.001955708   0.000000000
   sum over m+mul  0.629419297  0.629419297   1.258838594   0.000000000
  px          0    0.419540456  0.419540456   0.839080913   0.000000000    90.0000    0.0000
  py          0    0.419604481  0.419604481   0.839208963   0.000000000    90.0000    0.0000
  pz          0    0.419540301  0.419540301   0.839080603   0.000000000    90.0000    0.0000
   sum over m      1.258685239  1.258685239   2.517370478   0.000000000
  px          1    0.003155209  0.003155209   0.006310417   0.000000000    90.0000    0.0000
  py          1    0.003155311  0.003155311   0.006310621   0.000000000    90.0000    0.0000
  pz          1    0.003154862  0.003154862   0.006309724   0.000000000    90.0000    0.0000
   sum over m      0.009465381  0.009465381   0.018930762   0.000000000
   sum over m+mul  1.268150620  1.268150620   2.536301240   0.000000000
  d3z^2-r^2   0    0.011951042  0.011951042   0.023902084   0.000000000    90.0000    0.0000
  dx^2-y^2    0    0.011940766  0.011940766   0.023881531   0.000000000    90.0000    0.0000
  dxy         0    0.026163939  0.026163939   0.052327879   0.000000000    90.0000    0.0000
  dxz         0    0.026155509  0.026155509   0.052311018   0.000000000    90.0000    0.0000
  dyz         0    0.026155148  0.026155148   0.052310297   0.000000000    90.0000    0.0000
   sum over m      0.102366404  0.102366404   0.204732808   0.000000000
   sum over m+mul  0.102366404  0.102366404   0.204732808   0.000000000

  211   Si          Up spin      Down spin     Sum           Diff           Angles(Deg)
            multiple
  s           0    0.628418857  0.628418857   1.256837714   0.000000000    90.0000    0.0000
   sum over m      0.628418857  0.628418857   1.256837714   0.000000000
  s           1    0.000974315  0.000974315   0.001948629   0.000000000    90.0000    0.0000
   sum over m      0.000974315  0.000974315   0.001948629   0.000000000
   sum over m+mul  0.629393172  0.629393172   1.258786343   0.000000000
  px          0    0.419611064  0.419611064   0.839222129   0.000000000    90.0000    0.0000
  py          0    0.419542993  0.419542993   0.839085986   0.000000000    90.0000    0.0000
  pz          0    0.419542996  0.419542996   0.839085992   0.000000000    90.0000    0.0000
   sum over m      1.258697053  1.258697053   2.517394107   0.000000000
  px          1    0.003158349  0.003158349   0.006316698   0.000000000    90.0000    0.0000
  py          1    0.003159319  0.003159319   0.006318638   0.000000000    90.0000    0.0000
  pz          1    0.003159319  0.003159319   0.006318638   0.000000000    90.0000    0.0000
   sum over m      0.009476987  0.009476987   0.018953974   0.000000000
   sum over m+mul  1.268174040  1.268174040   2.536348081   0.000000000
  d3z^2-r^2   0    0.011947369  0.011947369   0.023894738   0.000000000    90.0000    0.0000
  dx^2-y^2    0    0.011946254  0.011946254   0.023892507   0.000000000    90.0000    0.0000
  dxy         0    0.026159838  0.026159838   0.052319676   0.000000000    90.0000    0.0000
  dxz         0    0.026159838  0.026159838   0.052319676   0.000000000    90.0000    0.0000
  dyz         0    0.026158266  0.026158266   0.052316532   0.000000000    90.0000    0.0000
   sum over m      0.102371565  0.102371565   0.204743130   0.000000000
   sum over m+mul  0.102371565  0.102371565   0.204743130   0.000000000

  212   Si          Up spin      Down spin     Sum           Diff           Angles(Deg)
            multiple
  s           0    0.628441442  0.628441442   1.256882884   0.000000000    90.0000    0.0000
   sum over m      0.628441442  0.628441442   1.256882884   0.000000000
  s           1    0.000977854  0.000977854   0.001955708   0.000000000    90.0000    0.0000
   sum over m      0.000977854  0.000977854   0.001955708   0.000000000
   sum over m+mul  0.629419296  0.629419296   1.258838592   0.000000000
  px          0    0.419540457  0.419540457   0.839080913   0.000000000    90.0000    0.0000
  py          0    0.419540299  0.419540299   0.839080597   0.000000000    90.0000    0.0000
  pz          0    0.419604483  0.419604483   0.839208965   0.000000000    90.0000    0.0000
   sum over m      1.258685238  1.258685238   2.517370476   0.000000000
  px          1    0.003155209  0.003155209   0.006310418   0.000000000    90.0000    0.0000
  py          1    0.003154862  0.003154862   0.006309723   0.000000000    90.0000    0.0000
  pz          1    0.003155311  0.003155311   0.006310622   0.000000000    90.0000    0.0000
   sum over m      0.009465381  0.009465381   0.018930763   0.000000000
   sum over m+mul  1.268150619  1.268150619   2.536301239   0.000000000
  d3z^2-r^2   0    0.011944280  0.011944280   0.023888560   0.000000000    90.0000    0.0000
  dx^2-y^2    0    0.011947527  0.011947527   0.023895055   0.000000000    90.0000    0.0000
  dxy         0    0.026155509  0.026155509   0.052311018   0.000000000    90.0000    0.0000
  dxz         0    0.026163939  0.026163939   0.052327879   0.000000000    90.0000    0.0000
  dyz         0    0.026155148  0.026155148   0.052310297   0.000000000    90.0000    0.0000
   sum over m      0.102366404  0.102366404   0.204732809   0.000000000
   sum over m+mul  0.102366404  0.102366404   0.204732809   0.000000000

  213   Si          Up spin      Down spin     Sum           Diff           Angles(Deg)
            multiple
  s           0    0.628416316  0.628416316   1.256832631   0.000000000    90.0000    0.0000
   sum over m      0.628416316  0.628416316   1.256832631   0.000000000
  s           1    0.000986168  0.000986168   0.001972337   0.000000000    90.0000    0.0000
   sum over m      0.000986168  0.000986168   0.001972337   0.000000000
   sum over m+mul  0.629402484  0.629402484   1.258804968   0.000000000
  px          0    0.419666757  0.419666757   0.839333513   0.000000000    90.0000    0.0000
  py          0    0.419573401  0.419573401   0.839146801   0.000000000    90.0000    0.0000
  pz          0    0.419573404  0.419573404   0.839146808   0.000000000    90.0000    0.0000
   sum over m      1.258813561  1.258813561   2.517627123   0.000000000
  px          1    0.003146044  0.003146044   0.006292088   0.000000000    90.0000    0.0000
  py          1    0.003164103  0.003164103   0.006328207   0.000000000    90.0000    0.0000
  pz          1    0.003164103  0.003164103   0.006328206   0.000000000    90.0000    0.0000
   sum over m      0.009474250  0.009474250   0.018948501   0.000000000
   sum over m+mul  1.268287812  1.268287812   2.536575623   0.000000000
  d3z^2-r^2   0    0.011938898  0.011938898   0.023877797   0.000000000    90.0000    0.0000
  dx^2-y^2    0    0.011955019  0.011955019   0.023910039   0.000000000    90.0000    0.0000
  dxy         0    0.026147655  0.026147655   0.052295310   0.000000000    90.0000    0.0000
  dxz         0    0.026147655  0.026147655   0.052295310   0.000000000    90.0000    0.0000
  dyz         0    0.026170803  0.026170803   0.052341605   0.000000000    90.0000    0.0000
   sum over m      0.102360030  0.102360030   0.204720060   0.000000000
   sum over m+mul  0.102360030  0.102360030   0.204720060   0.000000000

  214   Si          Up spin      Down spin     Sum           Diff           Angles(Deg)
            multiple
  s           0    0.632013176  0.632013176   1.264026352   0.000000000    90.0000    0.0000
   sum over m      0.632013176  0.632013176   1.264026352   0.000000000
  s           1    0.000917004  0.000917004   0.001834007   0.000000000    90.0000    0.0000
   sum over m      0.000917004  0.000917004   0.001834007   0.000000000
   sum over m+mul  0.632930180  0.632930180   1.265860359   0.000000000
  px          0    0.419363553  0.419363553   0.838727105   0.000000000    90.0000    0.0000
  py          0    0.419627837  0.419627837   0.839255674   0.000000000    90.0000    0.0000
  pz          0    0.419627841  0.419627841   0.839255682   0.000000000    90.0000    0.0000
   sum over m      1.258619231  1.258619231   2.517238461   0.000000000
  px          1    0.002980711  0.002980711   0.005961421   0.000000000    90.0000    0.0000
  py          1    0.002986509  0.002986509   0.005973018   0.000000000    90.0000    0.0000
  pz          1    0.002986509  0.002986509   0.005973018   0.000000000    90.0000    0.0000
   sum over m      0.008953729  0.008953729   0.017907458   0.000000000
   sum over m+mul  1.267572959  1.267572959   2.535145919   0.000000000
  d3z^2-r^2   0    0.011655553  0.011655553   0.023311106   0.000000000    90.0000    0.0000
  dx^2-y^2    0    0.011776331  0.011776331   0.023552662   0.000000000    90.0000    0.0000
  dxy         0    0.026002630  0.026002630   0.052005260   0.000000000    90.0000    0.0000
  dxz         0    0.026002630  0.026002630   0.052005260   0.000000000    90.0000    0.0000
  dyz         0    0.025644008  0.025644008   0.051288016   0.000000000    90.0000    0.0000
   sum over m      0.101081152  0.101081152   0.202162304   0.000000000
   sum over m+mul  0.101081152  0.101081152   0.202162304   0.000000000

  215   Si          Up spin      Down spin     Sum           Diff           Angles(Deg)
            multiple
  s           0    0.628573534  0.628573534   1.257147067   0.000000000    90.0000    0.0000
   sum over m      0.628573534  0.628573534   1.257147067   0.000000000
  s           1    0.001012149  0.001012149   0.002024298   0.000000000    90.0000    0.0000
   sum over m      0.001012149  0.001012149   0.002024298   0.000000000
   sum over m+mul  0.629585682  0.629585682   1.259171365   0.000000000
  px          0    0.419546442  0.419546442   0.839092883   0.000000000    90.0000    0.0000
  py          0    0.419595105  0.419595105   0.839190210   0.000000000    90.0000    0.0000
  pz          0    0.419540684  0.419540684   0.839081368   0.000000000    90.0000    0.0000
   sum over m      1.258682230  1.258682230   2.517364461   0.000000000
  px          1    0.003169048  0.003169048   0.006338097   0.000000000    90.0000    0.0000
  py          1    0.003161198  0.003161198   0.006322396   0.000000000    90.0000    0.0000
  pz          1    0.003163326  0.003163326   0.006326652   0.000000000    90.0000    0.0000
   sum over m      0.009493572  0.009493572   0.018987145   0.000000000
   sum over m+mul  1.268175803  1.268175803   2.536351606   0.000000000
  d3z^2-r^2   0    0.011942351  0.011942351   0.023884701   0.000000000    90.0000    0.0000
  dx^2-y^2    0    0.011948519  0.011948519   0.023897037   0.000000000    90.0000    0.0000
  dxy         0    0.026166951  0.026166951   0.052333901   0.000000000    90.0000    0.0000
  dxz         0    0.026154057  0.026154057   0.052308115   0.000000000    90.0000    0.0000
  dyz         0    0.026164924  0.026164924   0.052329848   0.000000000    90.0000    0.0000
   sum over m      0.102376801  0.102376801   0.204753602   0.000000000
   sum over m+mul  0.102376801  0.102376801   0.204753602   0.000000000

  216   Si          Up spin      Down spin     Sum           Diff           Angles(Deg)
            multiple
  s           0    0.628573534  0.628573534   1.257147067   0.000000000    90.0000    0.0000
   sum over m      0.628573534  0.628573534   1.257147067   0.000000000
  s           1    0.001012149  0.001012149   0.002024298   0.000000000    90.0000    0.0000
   sum over m      0.001012149  0.001012149   0.002024298   0.000000000
   sum over m+mul  0.629585682  0.629585682   1.259171365   0.000000000
  px          0    0.419546442  0.419546442   0.839092883   0.000000000    90.0000    0.0000
  py          0    0.419540680  0.419540680   0.839081361   0.000000000    90.0000    0.0000
  pz          0    0.419595108  0.419595108   0.839190217   0.000000000    90.0000    0.0000
   sum over m      1.258682230  1.258682230   2.517364461   0.000000000
  px          1    0.003169048  0.003169048   0.006338097   0.000000000    90.0000    0.0000
  py          1    0.003163326  0.003163326   0.006326653   0.000000000    90.0000    0.0000
  pz          1    0.003161198  0.003161198   0.006322395   0.000000000    90.0000    0.0000
   sum over m      0.009493572  0.009493572   0.018987145   0.000000000
   sum over m+mul  1.268175803  1.268175803   2.536351605   0.000000000
  d3z^2-r^2   0    0.011945559  0.011945559   0.023891119   0.000000000    90.0000    0.0000
  dx^2-y^2    0    0.011945310  0.011945310   0.023890620   0.000000000    90.0000    0.0000
  dxy         0    0.026154057  0.026154057   0.052308114   0.000000000    90.0000    0.0000
  dxz         0    0.026166951  0.026166951   0.052333901   0.000000000    90.0000    0.0000
  dyz         0    0.026164924  0.026164924   0.052329848   0.000000000    90.0000    0.0000
   sum over m      0.102376801  0.102376801   0.204753602   0.000000000
   sum over m+mul  0.102376801  0.102376801   0.204753602   0.000000000

***********************************************************
***********************************************************
                     Orbital moments                       
***********************************************************
***********************************************************

   Total Orbital Moment (muB)   0.000000000   Angles  (Deg) 90.000000000   0.000000000

          Orbital moment (muB)   theta (Deg)  phi (Deg)
    1   Si   0.00000            90.00000    0.00000
    2   Si   0.00000            90.00000    0.00000
    3   Si   0.00000            90.00000    0.00000
    4   Si   0.00000            90.00000    0.00000
    5   Si   0.00000            90.00000    0.00000
    6   Si   0.00000            90.00000    0.00000
    7   Si   0.00000            90.00000    0.00000
    8   Si   0.00000            90.00000    0.00000
    9   Si   0.00000            90.00000    0.00000
   10   Si   0.00000            90.00000    0.00000
   11   Si   0.00000            90.00000    0.00000
   12   Si   0.00000            90.00000    0.00000
   13   Si   0.00000            90.00000    0.00000
   14   Si   0.00000            90.00000    0.00000
   15   Si   0.00000            90.00000    0.00000
   16   Si   0.00000            90.00000    0.00000
   17   Si   0.00000            90.00000    0.00000
   18   Si   0.00000            90.00000    0.00000
   19   Si   0.00000            90.00000    0.00000
   20   Si   0.00000            90.00000    0.00000
   21   Si   0.00000            90.00000    0.00000
   22   Si   0.00000            90.00000    0.00000
   23   Si   0.00000            90.00000    0.00000
   24   Si   0.00000            90.00000    0.00000
   25   Si   0.00000            90.00000    0.00000
   26   Si   0.00000            90.00000    0.00000
   27   Si   0.00000            90.00000    0.00000
   28   Si   0.00000            90.00000    0.00000
   29   Si   0.00000            90.00000    0.00000
   30   Si   0.00000            90.00000    0.00000
   31   Si   0.00000            90.00000    0.00000
   32   Si   0.00000            90.00000    0.00000
   33   Si   0.00000            90.00000    0.00000
   34   Si   0.00000            90.00000    0.00000
   35   Si   0.00000            90.00000    0.00000
   36   Si   0.00000            90.00000    0.00000
   37   Si   0.00000            90.00000    0.00000
   38   Si   0.00000            90.00000    0.00000
   39   Si   0.00000            90.00000    0.00000
   40   Si   0.00000            90.00000    0.00000
   41   Si   0.00000            90.00000    0.00000
   42   Si   0.00000            90.00000    0.00000
   43   Si   0.00000            90.00000    0.00000
   44   Si   0.00000            90.00000    0.00000
   45   Si   0.00000            90.00000    0.00000
   46   Si   0.00000            90.00000    0.00000
   47   Si   0.00000            90.00000    0.00000
   48   Si   0.00000            90.00000    0.00000
   49   Si   0.00000            90.00000    0.00000
   50   Si   0.00000            90.00000    0.00000
   51   Si   0.00000            90.00000    0.00000
   52   Si   0.00000            90.00000    0.00000
   53   Si   0.00000            90.00000    0.00000
   54   Si   0.00000            90.00000    0.00000
   55   Si   0.00000            90.00000    0.00000
   56   Si   0.00000            90.00000    0.00000
   57   Si   0.00000            90.00000    0.00000
   58   Si   0.00000            90.00000    0.00000
   59   Si   0.00000            90.00000    0.00000
   60   Si   0.00000            90.00000    0.00000
   61   Si   0.00000            90.00000    0.00000
   62   Si   0.00000            90.00000    0.00000
   63   Si   0.00000            90.00000    0.00000
   64   Si   0.00000            90.00000    0.00000
   65   Si   0.00000            90.00000    0.00000
   66   Si   0.00000            90.00000    0.00000
   67   Si   0.00000            90.00000    0.00000
   68   Si   0.00000            90.00000    0.00000
   69   Si   0.00000            90.00000    0.00000
   70   Si   0.00000            90.00000    0.00000
   71   Si   0.00000            90.00000    0.00000
   72   Si   0.00000            90.00000    0.00000
   73   Si   0.00000            90.00000    0.00000
   74   Si   0.00000            90.00000    0.00000
   75   Si   0.00000            90.00000    0.00000
   76   Si   0.00000            90.00000    0.00000
   77   Si   0.00000            90.00000    0.00000
   78   Si   0.00000            90.00000    0.00000
   79   Si   0.00000            90.00000    0.00000
   80   Si   0.00000            90.00000    0.00000
   81   Si   0.00000            90.00000    0.00000
   82   Si   0.00000            90.00000    0.00000
   83   Si   0.00000            90.00000    0.00000
   84   Si   0.00000            90.00000    0.00000
   85   Si   0.00000            90.00000    0.00000
   86   Si   0.00000            90.00000    0.00000
   87   Si   0.00000            90.00000    0.00000
   88   Si   0.00000            90.00000    0.00000
   89   Si   0.00000            90.00000    0.00000
   90   Si   0.00000            90.00000    0.00000
   91   Si   0.00000            90.00000    0.00000
   92   Si   0.00000            90.00000    0.00000
   93   Si   0.00000            90.00000    0.00000
   94   Si   0.00000            90.00000    0.00000
   95   Si   0.00000            90.00000    0.00000
   96   Si   0.00000            90.00000    0.00000
   97   Si   0.00000            90.00000    0.00000
   98   Si   0.00000            90.00000    0.00000
   99   Si   0.00000            90.00000    0.00000
  100   Si   0.00000            90.00000    0.00000
  101   Si   0.00000            90.00000    0.00000
  102   Si   0.00000            90.00000    0.00000
  103   Si   0.00000            90.00000    0.00000
  104   Si   0.00000            90.00000    0.00000
  105   Si   0.00000            90.00000    0.00000
  106   Si   0.00000            90.00000    0.00000
  107   Si   0.00000            90.00000    0.00000
  108   Si   0.00000            90.00000    0.00000
  109   Si   0.00000            90.00000    0.00000
  110   Si   0.00000            90.00000    0.00000
  111   Si   0.00000            90.00000    0.00000
  112   Si   0.00000            90.00000    0.00000
  113   Si   0.00000            90.00000    0.00000
  114   Si   0.00000            90.00000    0.00000
  115   Si   0.00000            90.00000    0.00000
  116   Si   0.00000            90.00000    0.00000
  117   Si   0.00000            90.00000    0.00000
  118   Si   0.00000            90.00000    0.00000
  119   Si   0.00000            90.00000    0.00000
  120   Si   0.00000            90.00000    0.00000
  121   Si   0.00000            90.00000    0.00000
  122   Si   0.00000            90.00000    0.00000
  123   Si   0.00000            90.00000    0.00000
  124   Si   0.00000            90.00000    0.00000
  125   Si   0.00000            90.00000    0.00000
  126   Si   0.00000            90.00000    0.00000
  127   Si   0.00000            90.00000    0.00000
  128   Si   0.00000            90.00000    0.00000
  129   Si   0.00000            90.00000    0.00000
  130   Si   0.00000            90.00000    0.00000
  131   Si   0.00000            90.00000    0.00000
  132   Si   0.00000            90.00000    0.00000
  133   Si   0.00000            90.00000    0.00000
  134   Si   0.00000            90.00000    0.00000
  135   Si   0.00000            90.00000    0.00000
  136   Si   0.00000            90.00000    0.00000
  137   Si   0.00000            90.00000    0.00000
  138   Si   0.00000            90.00000    0.00000
  139   Si   0.00000            90.00000    0.00000
  140   Si   0.00000            90.00000    0.00000
  141   Si   0.00000            90.00000    0.00000
  142   Si   0.00000            90.00000    0.00000
  143   Si   0.00000            90.00000    0.00000
  144   Si   0.00000            90.00000    0.00000
  145   Si   0.00000            90.00000    0.00000
  146   Si   0.00000            90.00000    0.00000
  147   Si   0.00000            90.00000    0.00000
  148   Si   0.00000            90.00000    0.00000
  149   Si   0.00000            90.00000    0.00000
  150   Si   0.00000            90.00000    0.00000
  151   Si   0.00000            90.00000    0.00000
  152   Si   0.00000            90.00000    0.00000
  153   Si   0.00000            90.00000    0.00000
  154   Si   0.00000            90.00000    0.00000
  155   Si   0.00000            90.00000    0.00000
  156   Si   0.00000            90.00000    0.00000
  157   Si   0.00000            90.00000    0.00000
  158   Si   0.00000            90.00000    0.00000
  159   Si   0.00000            90.00000    0.00000
  160   Si   0.00000            90.00000    0.00000
  161   Si   0.00000            90.00000    0.00000
  162   Si   0.00000            90.00000    0.00000
  163   Si   0.00000            90.00000    0.00000
  164   Si   0.00000            90.00000    0.00000
  165   Si   0.00000            90.00000    0.00000
  166   Si   0.00000            90.00000    0.00000
  167   Si   0.00000            90.00000    0.00000
  168   Si   0.00000            90.00000    0.00000
  169   Si   0.00000            90.00000    0.00000
  170   Si   0.00000            90.00000    0.00000
  171   Si   0.00000            90.00000    0.00000
  172   Si   0.00000            90.00000    0.00000
  173   Si   0.00000            90.00000    0.00000
  174   Si   0.00000            90.00000    0.00000
  175   Si   0.00000            90.00000    0.00000
  176   Si   0.00000            90.00000    0.00000
  177   Si   0.00000            90.00000    0.00000
  178   Si   0.00000            90.00000    0.00000
  179   Si   0.00000            90.00000    0.00000
  180   Si   0.00000            90.00000    0.00000
  181   Si   0.00000            90.00000    0.00000
  182   Si   0.00000            90.00000    0.00000
  183   Si   0.00000            90.00000    0.00000
  184   Si   0.00000            90.00000    0.00000
  185   Si   0.00000            90.00000    0.00000
  186   Si   0.00000            90.00000    0.00000
  187   Si   0.00000            90.00000    0.00000
  188   Si   0.00000            90.00000    0.00000
  189   Si   0.00000            90.00000    0.00000
  190   Si   0.00000            90.00000    0.00000
  191   Si   0.00000            90.00000    0.00000
  192   Si   0.00000            90.00000    0.00000
  193   Si   0.00000            90.00000    0.00000
  194   Si   0.00000            90.00000    0.00000
  195   Si   0.00000            90.00000    0.00000
  196   Si   0.00000            90.00000    0.00000
  197   Si   0.00000            90.00000    0.00000
  198   Si   0.00000            90.00000    0.00000
  199   Si   0.00000            90.00000    0.00000
  200   Si   0.00000            90.00000    0.00000
  201   Si   0.00000            90.00000    0.00000
  202   Si   0.00000            90.00000    0.00000
  203   Si   0.00000            90.00000    0.00000
  204   Si   0.00000            90.00000    0.00000
  205   Si   0.00000            90.00000    0.00000
  206   Si   0.00000            90.00000    0.00000
  207   Si   0.00000            90.00000    0.00000
  208   Si   0.00000            90.00000    0.00000
  209   Si   0.00000            90.00000    0.00000
  210   Si   0.00000            90.00000    0.00000
  211   Si   0.00000            90.00000    0.00000
  212   Si   0.00000            90.00000    0.00000
  213   Si   0.00000            90.00000    0.00000
  214   Si   0.00000            90.00000    0.00000
  215   Si   0.00000            90.00000    0.00000
  216   Si   0.00000            90.00000    0.00000


  Decomposed Orbital Moments

    1   Si         Orbital Moment(muB)    Angles (Deg)
            multiple
  s           0    0.000000000           90.0000    0.0000
   sum over m      0.000000000           90.0000    0.0000
  s           1    0.000000000           90.0000    0.0000
   sum over m      0.000000000           90.0000    0.0000
  px          0    0.000000000           90.0000    0.0000
  py          0    0.000000000           90.0000    0.0000
  pz          0    0.000000000           90.0000    0.0000
   sum over m      0.000000000           90.0000    0.0000
  px          1    0.000000000           90.0000    0.0000
  py          1    0.000000000           90.0000    0.0000
  pz          1    0.000000000           90.0000    0.0000
   sum over m      0.000000000           90.0000    0.0000
  d3z^2-r^2   0    0.000000000           90.0000    0.0000
  dx^2-y^2    0    0.000000000           90.0000    0.0000
  dxy         0    0.000000000           90.0000    0.0000
  dxz         0    0.000000000           90.0000    0.0000
  dyz         0    0.000000000           90.0000    0.0000
   sum over m      0.000000000           90.0000    0.0000

    2   Si         Orbital Moment(muB)    Angles (Deg)
            multiple
  s           0    0.000000000           90.0000    0.0000
   sum over m      0.000000000           90.0000    0.0000
  s           1    0.000000000           90.0000    0.0000
   sum over m      0.000000000           90.0000    0.0000
  px          0    0.000000000           90.0000    0.0000
  py          0    0.000000000           90.0000    0.0000
  pz          0    0.000000000           90.0000    0.0000
   sum over m      0.000000000           90.0000    0.0000
  px          1    0.000000000           90.0000    0.0000
  py          1    0.000000000           90.0000    0.0000
  pz          1    0.000000000           90.0000    0.0000
   sum over m      0.000000000           90.0000    0.0000
  d3z^2-r^2   0    0.000000000           90.0000    0.0000
  dx^2-y^2    0    0.000000000           90.0000    0.0000
  dxy         0    0.000000000           90.0000    0.0000
  dxz         0    0.000000000           90.0000    0.0000
  dyz         0    0.000000000           90.0000    0.0000
   sum over m      0.000000000           90.0000    0.0000

    3   Si         Orbital Moment(muB)    Angles (Deg)
            multiple
  s           0    0.000000000           90.0000    0.0000
   sum over m      0.000000000           90.0000    0.0000
  s           1    0.000000000           90.0000    0.0000
   sum over m      0.000000000           90.0000    0.0000
  px          0    0.000000000           90.0000    0.0000
  py          0    0.000000000           90.0000    0.0000
  pz          0    0.000000000           90.0000    0.0000
   sum over m      0.000000000           90.0000    0.0000
  px          1    0.000000000           90.0000    0.0000
  py          1    0.000000000           90.0000    0.0000
  pz          1    0.000000000           90.0000    0.0000
   sum over m      0.000000000           90.0000    0.0000
  d3z^2-r^2   0    0.000000000           90.0000    0.0000
  dx^2-y^2    0    0.000000000           90.0000    0.0000
  dxy         0    0.000000000           90.0000    0.0000
  dxz         0    0.000000000           90.0000    0.0000
  dyz         0    0.000000000           90.0000    0.0000
   sum over m      0.000000000           90.0000    0.0000

    4   Si         Orbital Moment(muB)    Angles (Deg)
            multiple
  s           0    0.000000000           90.0000    0.0000
   sum over m      0.000000000           90.0000    0.0000
  s           1    0.000000000           90.0000    0.0000
   sum over m      0.000000000           90.0000    0.0000
  px          0    0.000000000           90.0000    0.0000
  py          0    0.000000000           90.0000    0.0000
  pz          0    0.000000000           90.0000    0.0000
   sum over m      0.000000000           90.0000    0.0000
  px          1    0.000000000           90.0000    0.0000
  py          1    0.000000000           90.0000    0.0000
  pz          1    0.000000000           90.0000    0.0000
   sum over m      0.000000000           90.0000    0.0000
  d3z^2-r^2   0    0.000000000           90.0000    0.0000
  dx^2-y^2    0    0.000000000           90.0000    0.0000
  dxy         0    0.000000000           90.0000    0.0000
  dxz         0    0.000000000           90.0000    0.0000
  dyz         0    0.000000000           90.0000    0.0000
   sum over m      0.000000000           90.0000    0.0000

    5   Si         Orbital Moment(muB)    Angles (Deg)
            multiple
  s           0    0.000000000           90.0000    0.0000
   sum over m      0.000000000           90.0000    0.0000
  s           1    0.000000000           90.0000    0.0000
   sum over m      0.000000000           90.0000    0.0000
  px          0    0.000000000           90.0000    0.0000
  py          0    0.000000000           90.0000    0.0000
  pz          0    0.000000000           90.0000    0.0000
   sum over m      0.000000000           90.0000    0.0000
  px          1    0.000000000           90.0000    0.0000
  py          1    0.000000000           90.0000    0.0000
  pz          1    0.000000000           90.0000    0.0000
   sum over m      0.000000000           90.0000    0.0000
  d3z^2-r^2   0    0.000000000           90.0000    0.0000
  dx^2-y^2    0    0.000000000           90.0000    0.0000
  dxy         0    0.000000000           90.0000    0.0000
  dxz         0    0.000000000           90.0000    0.0000
  dyz         0    0.000000000           90.0000    0.0000
   sum over m      0.000000000           90.0000    0.0000

    6   Si         Orbital Moment(muB)    Angles (Deg)
            multiple
  s           0    0.000000000           90.0000    0.0000
   sum over m      0.000000000           90.0000    0.0000
  s           1    0.000000000           90.0000    0.0000
   sum over m      0.000000000           90.0000    0.0000
  px          0    0.000000000           90.0000    0.0000
  py          0    0.000000000           90.0000    0.0000
  pz          0    0.000000000           90.0000    0.0000
   sum over m      0.000000000           90.0000    0.0000
  px          1    0.000000000           90.0000    0.0000
  py          1    0.000000000           90.0000    0.0000
  pz          1    0.000000000           90.0000    0.0000
   sum over m      0.000000000           90.0000    0.0000
  d3z^2-r^2   0    0.000000000           90.0000    0.0000
  dx^2-y^2    0    0.000000000           90.0000    0.0000
  dxy         0    0.000000000           90.0000    0.0000
  dxz         0    0.000000000           90.0000    0.0000
  dyz         0    0.000000000           90.0000    0.0000
   sum over m      0.000000000           90.0000    0.0000

    7   Si         Orbital Moment(muB)    Angles (Deg)
            multiple
  s           0    0.000000000           90.0000    0.0000
   sum over m      0.000000000           90.0000    0.0000
  s           1    0.000000000           90.0000    0.0000
   sum over m      0.000000000           90.0000    0.0000
  px          0    0.000000000           90.0000    0.0000
  py          0    0.000000000           90.0000    0.0000
  pz          0    0.000000000           90.0000    0.0000
   sum over m      0.000000000           90.0000    0.0000
  px          1    0.000000000           90.0000    0.0000
  py          1    0.000000000           90.0000    0.0000
  pz          1    0.000000000           90.0000    0.0000
   sum over m      0.000000000           90.0000    0.0000
  d3z^2-r^2   0    0.000000000           90.0000    0.0000
  dx^2-y^2    0    0.000000000           90.0000    0.0000
  dxy         0    0.000000000           90.0000    0.0000
  dxz         0    0.000000000           90.0000    0.0000
  dyz         0    0.000000000           90.0000    0.0000
   sum over m      0.000000000           90.0000    0.0000

    8   Si         Orbital Moment(muB)    Angles (Deg)
            multiple
  s           0    0.000000000           90.0000    0.0000
   sum over m      0.000000000           90.0000    0.0000
  s           1    0.000000000           90.0000    0.0000
   sum over m      0.000000000           90.0000    0.0000
  px          0    0.000000000           90.0000    0.0000
  py          0    0.000000000           90.0000    0.0000
  pz          0    0.000000000           90.0000    0.0000
   sum over m      0.000000000           90.0000    0.0000
  px          1    0.000000000           90.0000    0.0000
  py          1    0.000000000           90.0000    0.0000
  pz          1    0.000000000           90.0000    0.0000
   sum over m      0.000000000           90.0000    0.0000
  d3z^2-r^2   0    0.000000000           90.0000    0.0000
  dx^2-y^2    0    0.000000000           90.0000    0.0000
  dxy         0    0.000000000           90.0000    0.0000
  dxz         0    0.000000000           90.0000    0.0000
  dyz         0    0.000000000           90.0000    0.0000
   sum over m      0.000000000           90.0000    0.0000

    9   Si         Orbital Moment(muB)    Angles (Deg)
            multiple
  s           0    0.000000000           90.0000    0.0000
   sum over m      0.000000000           90.0000    0.0000
  s           1    0.000000000           90.0000    0.0000
   sum over m      0.000000000           90.0000    0.0000
  px          0    0.000000000           90.0000    0.0000
  py          0    0.000000000           90.0000    0.0000
  pz          0    0.000000000           90.0000    0.0000
   sum over m      0.000000000           90.0000    0.0000
  px          1    0.000000000           90.0000    0.0000
  py          1    0.000000000           90.0000    0.0000
  pz          1    0.000000000           90.0000    0.0000
   sum over m      0.000000000           90.0000    0.0000
  d3z^2-r^2   0    0.000000000           90.0000    0.0000
  dx^2-y^2    0    0.000000000           90.0000    0.0000
  dxy         0    0.000000000           90.0000    0.0000
  dxz         0    0.000000000           90.0000    0.0000
  dyz         0    0.000000000           90.0000    0.0000
   sum over m      0.000000000           90.0000    0.0000

   10   Si         Orbital Moment(muB)    Angles (Deg)
            multiple
  s           0    0.000000000           90.0000    0.0000
   sum over m      0.000000000           90.0000    0.0000
  s           1    0.000000000           90.0000    0.0000
   sum over m      0.000000000           90.0000    0.0000
  px          0    0.000000000           90.0000    0.0000
  py          0    0.000000000           90.0000    0.0000
  pz          0    0.000000000           90.0000    0.0000
   sum over m      0.000000000           90.0000    0.0000
  px          1    0.000000000           90.0000    0.0000
  py          1    0.000000000           90.0000    0.0000
  pz          1    0.000000000           90.0000    0.0000
   sum over m      0.000000000           90.0000    0.0000
  d3z^2-r^2   0    0.000000000           90.0000    0.0000
  dx^2-y^2    0    0.000000000           90.0000    0.0000
  dxy         0    0.000000000           90.0000    0.0000
  dxz         0    0.000000000           90.0000    0.0000
  dyz         0    0.000000000           90.0000    0.0000
   sum over m      0.000000000           90.0000    0.0000

   11   Si         Orbital Moment(muB)    Angles (Deg)
            multiple
  s           0    0.000000000           90.0000    0.0000
   sum over m      0.000000000           90.0000    0.0000
  s           1    0.000000000           90.0000    0.0000
   sum over m      0.000000000           90.0000    0.0000
  px          0    0.000000000           90.0000    0.0000
  py          0    0.000000000           90.0000    0.0000
  pz          0    0.000000000           90.0000    0.0000
   sum over m      0.000000000           90.0000    0.0000
  px          1    0.000000000           90.0000    0.0000
  py          1    0.000000000           90.0000    0.0000
  pz          1    0.000000000           90.0000    0.0000
   sum over m      0.000000000           90.0000    0.0000
  d3z^2-r^2   0    0.000000000           90.0000    0.0000
  dx^2-y^2    0    0.000000000           90.0000    0.0000
  dxy         0    0.000000000           90.0000    0.0000
  dxz         0    0.000000000           90.0000    0.0000
  dyz         0    0.000000000           90.0000    0.0000
   sum over m      0.000000000           90.0000    0.0000

   12   Si         Orbital Moment(muB)    Angles (Deg)
            multiple
  s           0    0.000000000           90.0000    0.0000
   sum over m      0.000000000           90.0000    0.0000
  s           1    0.000000000           90.0000    0.0000
   sum over m      0.000000000           90.0000    0.0000
  px          0    0.000000000           90.0000    0.0000
  py          0    0.000000000           90.0000    0.0000
  pz          0    0.000000000           90.0000    0.0000
   sum over m      0.000000000           90.0000    0.0000
  px          1    0.000000000           90.0000    0.0000
  py          1    0.000000000           90.0000    0.0000
  pz          1    0.000000000           90.0000    0.0000
   sum over m      0.000000000           90.0000    0.0000
  d3z^2-r^2   0    0.000000000           90.0000    0.0000
  dx^2-y^2    0    0.000000000           90.0000    0.0000
  dxy         0    0.000000000           90.0000    0.0000
  dxz         0    0.000000000           90.0000    0.0000
  dyz         0    0.000000000           90.0000    0.0000
   sum over m      0.000000000           90.0000    0.0000

   13   Si         Orbital Moment(muB)    Angles (Deg)
            multiple
  s           0    0.000000000           90.0000    0.0000
   sum over m      0.000000000           90.0000    0.0000
  s           1    0.000000000           90.0000    0.0000
   sum over m      0.000000000           90.0000    0.0000
  px          0    0.000000000           90.0000    0.0000
  py          0    0.000000000           90.0000    0.0000
  pz          0    0.000000000           90.0000    0.0000
   sum over m      0.000000000           90.0000    0.0000
  px          1    0.000000000           90.0000    0.0000
  py          1    0.000000000           90.0000    0.0000
  pz          1    0.000000000           90.0000    0.0000
   sum over m      0.000000000           90.0000    0.0000
  d3z^2-r^2   0    0.000000000           90.0000    0.0000
  dx^2-y^2    0    0.000000000           90.0000    0.0000
  dxy         0    0.000000000           90.0000    0.0000
  dxz         0    0.000000000           90.0000    0.0000
  dyz         0    0.000000000           90.0000    0.0000
   sum over m      0.000000000           90.0000    0.0000

   14   Si         Orbital Moment(muB)    Angles (Deg)
            multiple
  s           0    0.000000000           90.0000    0.0000
   sum over m      0.000000000           90.0000    0.0000
  s           1    0.000000000           90.0000    0.0000
   sum over m      0.000000000           90.0000    0.0000
  px          0    0.000000000           90.0000    0.0000
  py          0    0.000000000           90.0000    0.0000
  pz          0    0.000000000           90.0000    0.0000
   sum over m      0.000000000           90.0000    0.0000
  px          1    0.000000000           90.0000    0.0000
  py          1    0.000000000           90.0000    0.0000
  pz          1    0.000000000           90.0000    0.0000
   sum over m      0.000000000           90.0000    0.0000
  d3z^2-r^2   0    0.000000000           90.0000    0.0000
  dx^2-y^2    0    0.000000000           90.0000    0.0000
  dxy         0    0.000000000           90.0000    0.0000
  dxz         0    0.000000000           90.0000    0.0000
  dyz         0    0.000000000           90.0000    0.0000
   sum over m      0.000000000           90.0000    0.0000

   15   Si         Orbital Moment(muB)    Angles (Deg)
            multiple
  s           0    0.000000000           90.0000    0.0000
   sum over m      0.000000000           90.0000    0.0000
  s           1    0.000000000           90.0000    0.0000
   sum over m      0.000000000           90.0000    0.0000
  px          0    0.000000000           90.0000    0.0000
  py          0    0.000000000           90.0000    0.0000
  pz          0    0.000000000           90.0000    0.0000
   sum over m      0.000000000           90.0000    0.0000
  px          1    0.000000000           90.0000    0.0000
  py          1    0.000000000           90.0000    0.0000
  pz          1    0.000000000           90.0000    0.0000
   sum over m      0.000000000           90.0000    0.0000
  d3z^2-r^2   0    0.000000000           90.0000    0.0000
  dx^2-y^2    0    0.000000000           90.0000    0.0000
  dxy         0    0.000000000           90.0000    0.0000
  dxz         0    0.000000000           90.0000    0.0000
  dyz         0    0.000000000           90.0000    0.0000
   sum over m      0.000000000           90.0000    0.0000

   16   Si         Orbital Moment(muB)    Angles (Deg)
            multiple
  s           0    0.000000000           90.0000    0.0000
   sum over m      0.000000000           90.0000    0.0000
  s           1    0.000000000           90.0000    0.0000
   sum over m      0.000000000           90.0000    0.0000
  px          0    0.000000000           90.0000    0.0000
  py          0    0.000000000           90.0000    0.0000
  pz          0    0.000000000           90.0000    0.0000
   sum over m      0.000000000           90.0000    0.0000
  px          1    0.000000000           90.0000    0.0000
  py          1    0.000000000           90.0000    0.0000
  pz          1    0.000000000           90.0000    0.0000
   sum over m      0.000000000           90.0000    0.0000
  d3z^2-r^2   0    0.000000000           90.0000    0.0000
  dx^2-y^2    0    0.000000000           90.0000    0.0000
  dxy         0    0.000000000           90.0000    0.0000
  dxz         0    0.000000000           90.0000    0.0000
  dyz         0    0.000000000           90.0000    0.0000
   sum over m      0.000000000           90.0000    0.0000

   17   Si         Orbital Moment(muB)    Angles (Deg)
            multiple
  s           0    0.000000000           90.0000    0.0000
   sum over m      0.000000000           90.0000    0.0000
  s           1    0.000000000           90.0000    0.0000
   sum over m      0.000000000           90.0000    0.0000
  px          0    0.000000000           90.0000    0.0000
  py          0    0.000000000           90.0000    0.0000
  pz          0    0.000000000           90.0000    0.0000
   sum over m      0.000000000           90.0000    0.0000
  px          1    0.000000000           90.0000    0.0000
  py          1    0.000000000           90.0000    0.0000
  pz          1    0.000000000           90.0000    0.0000
   sum over m      0.000000000           90.0000    0.0000
  d3z^2-r^2   0    0.000000000           90.0000    0.0000
  dx^2-y^2    0    0.000000000           90.0000    0.0000
  dxy         0    0.000000000           90.0000    0.0000
  dxz         0    0.000000000           90.0000    0.0000
  dyz         0    0.000000000           90.0000    0.0000
   sum over m      0.000000000           90.0000    0.0000

   18   Si         Orbital Moment(muB)    Angles (Deg)
            multiple
  s           0    0.000000000           90.0000    0.0000
   sum over m      0.000000000           90.0000    0.0000
  s           1    0.000000000           90.0000    0.0000
   sum over m      0.000000000           90.0000    0.0000
  px          0    0.000000000           90.0000    0.0000
  py          0    0.000000000           90.0000    0.0000
  pz          0    0.000000000           90.0000    0.0000
   sum over m      0.000000000           90.0000    0.0000
  px          1    0.000000000           90.0000    0.0000
  py          1    0.000000000           90.0000    0.0000
  pz          1    0.000000000           90.0000    0.0000
   sum over m      0.000000000           90.0000    0.0000
  d3z^2-r^2   0    0.000000000           90.0000    0.0000
  dx^2-y^2    0    0.000000000           90.0000    0.0000
  dxy         0    0.000000000           90.0000    0.0000
  dxz         0    0.000000000           90.0000    0.0000
  dyz         0    0.000000000           90.0000    0.0000
   sum over m      0.000000000           90.0000    0.0000

   19   Si         Orbital Moment(muB)    Angles (Deg)
            multiple
  s           0    0.000000000           90.0000    0.0000
   sum over m      0.000000000           90.0000    0.0000
  s           1    0.000000000           90.0000    0.0000
   sum over m      0.000000000           90.0000    0.0000
  px          0    0.000000000           90.0000    0.0000
  py          0    0.000000000           90.0000    0.0000
  pz          0    0.000000000           90.0000    0.0000
   sum over m      0.000000000           90.0000    0.0000
  px          1    0.000000000           90.0000    0.0000
  py          1    0.000000000           90.0000    0.0000
  pz          1    0.000000000           90.0000    0.0000
   sum over m      0.000000000           90.0000    0.0000
  d3z^2-r^2   0    0.000000000           90.0000    0.0000
  dx^2-y^2    0    0.000000000           90.0000    0.0000
  dxy         0    0.000000000           90.0000    0.0000
  dxz         0    0.000000000           90.0000    0.0000
  dyz         0    0.000000000           90.0000    0.0000
   sum over m      0.000000000           90.0000    0.0000

   20   Si         Orbital Moment(muB)    Angles (Deg)
            multiple
  s           0    0.000000000           90.0000    0.0000
   sum over m      0.000000000           90.0000    0.0000
  s           1    0.000000000           90.0000    0.0000
   sum over m      0.000000000           90.0000    0.0000
  px          0    0.000000000           90.0000    0.0000
  py          0    0.000000000           90.0000    0.0000
  pz          0    0.000000000           90.0000    0.0000
   sum over m      0.000000000           90.0000    0.0000
  px          1    0.000000000           90.0000    0.0000
  py          1    0.000000000           90.0000    0.0000
  pz          1    0.000000000           90.0000    0.0000
   sum over m      0.000000000           90.0000    0.0000
  d3z^2-r^2   0    0.000000000           90.0000    0.0000
  dx^2-y^2    0    0.000000000           90.0000    0.0000
  dxy         0    0.000000000           90.0000    0.0000
  dxz         0    0.000000000           90.0000    0.0000
  dyz         0    0.000000000           90.0000    0.0000
   sum over m      0.000000000           90.0000    0.0000

   21   Si         Orbital Moment(muB)    Angles (Deg)
            multiple
  s           0    0.000000000           90.0000    0.0000
   sum over m      0.000000000           90.0000    0.0000
  s           1    0.000000000           90.0000    0.0000
   sum over m      0.000000000           90.0000    0.0000
  px          0    0.000000000           90.0000    0.0000
  py          0    0.000000000           90.0000    0.0000
  pz          0    0.000000000           90.0000    0.0000
   sum over m      0.000000000           90.0000    0.0000
  px          1    0.000000000           90.0000    0.0000
  py          1    0.000000000           90.0000    0.0000
  pz          1    0.000000000           90.0000    0.0000
   sum over m      0.000000000           90.0000    0.0000
  d3z^2-r^2   0    0.000000000           90.0000    0.0000
  dx^2-y^2    0    0.000000000           90.0000    0.0000
  dxy         0    0.000000000           90.0000    0.0000
  dxz         0    0.000000000           90.0000    0.0000
  dyz         0    0.000000000           90.0000    0.0000
   sum over m      0.000000000           90.0000    0.0000

   22   Si         Orbital Moment(muB)    Angles (Deg)
            multiple
  s           0    0.000000000           90.0000    0.0000
   sum over m      0.000000000           90.0000    0.0000
  s           1    0.000000000           90.0000    0.0000
   sum over m      0.000000000           90.0000    0.0000
  px          0    0.000000000           90.0000    0.0000
  py          0    0.000000000           90.0000    0.0000
  pz          0    0.000000000           90.0000    0.0000
   sum over m      0.000000000           90.0000    0.0000
  px          1    0.000000000           90.0000    0.0000
  py          1    0.000000000           90.0000    0.0000
  pz          1    0.000000000           90.0000    0.0000
   sum over m      0.000000000           90.0000    0.0000
  d3z^2-r^2   0    0.000000000           90.0000    0.0000
  dx^2-y^2    0    0.000000000           90.0000    0.0000
  dxy         0    0.000000000           90.0000    0.0000
  dxz         0    0.000000000           90.0000    0.0000
  dyz         0    0.000000000           90.0000    0.0000
   sum over m      0.000000000           90.0000    0.0000

   23   Si         Orbital Moment(muB)    Angles (Deg)
            multiple
  s           0    0.000000000           90.0000    0.0000
   sum over m      0.000000000           90.0000    0.0000
  s           1    0.000000000           90.0000    0.0000
   sum over m      0.000000000           90.0000    0.0000
  px          0    0.000000000           90.0000    0.0000
  py          0    0.000000000           90.0000    0.0000
  pz          0    0.000000000           90.0000    0.0000
   sum over m      0.000000000           90.0000    0.0000
  px          1    0.000000000           90.0000    0.0000
  py          1    0.000000000           90.0000    0.0000
  pz          1    0.000000000           90.0000    0.0000
   sum over m      0.000000000           90.0000    0.0000
  d3z^2-r^2   0    0.000000000           90.0000    0.0000
  dx^2-y^2    0    0.000000000           90.0000    0.0000
  dxy         0    0.000000000           90.0000    0.0000
  dxz         0    0.000000000           90.0000    0.0000
  dyz         0    0.000000000           90.0000    0.0000
   sum over m      0.000000000           90.0000    0.0000

   24   Si         Orbital Moment(muB)    Angles (Deg)
            multiple
  s           0    0.000000000           90.0000    0.0000
   sum over m      0.000000000           90.0000    0.0000
  s           1    0.000000000           90.0000    0.0000
   sum over m      0.000000000           90.0000    0.0000
  px          0    0.000000000           90.0000    0.0000
  py          0    0.000000000           90.0000    0.0000
  pz          0    0.000000000           90.0000    0.0000
   sum over m      0.000000000           90.0000    0.0000
  px          1    0.000000000           90.0000    0.0000
  py          1    0.000000000           90.0000    0.0000
  pz          1    0.000000000           90.0000    0.0000
   sum over m      0.000000000           90.0000    0.0000
  d3z^2-r^2   0    0.000000000           90.0000    0.0000
  dx^2-y^2    0    0.000000000           90.0000    0.0000
  dxy         0    0.000000000           90.0000    0.0000
  dxz         0    0.000000000           90.0000    0.0000
  dyz         0    0.000000000           90.0000    0.0000
   sum over m      0.000000000           90.0000    0.0000

   25   Si         Orbital Moment(muB)    Angles (Deg)
            multiple
  s           0    0.000000000           90.0000    0.0000
   sum over m      0.000000000           90.0000    0.0000
  s           1    0.000000000           90.0000    0.0000
   sum over m      0.000000000           90.0000    0.0000
  px          0    0.000000000           90.0000    0.0000
  py          0    0.000000000           90.0000    0.0000
  pz          0    0.000000000           90.0000    0.0000
   sum over m      0.000000000           90.0000    0.0000
  px          1    0.000000000           90.0000    0.0000
  py          1    0.000000000           90.0000    0.0000
  pz          1    0.000000000           90.0000    0.0000
   sum over m      0.000000000           90.0000    0.0000
  d3z^2-r^2   0    0.000000000           90.0000    0.0000
  dx^2-y^2    0    0.000000000           90.0000    0.0000
  dxy         0    0.000000000           90.0000    0.0000
  dxz         0    0.000000000           90.0000    0.0000
  dyz         0    0.000000000           90.0000    0.0000
   sum over m      0.000000000           90.0000    0.0000

   26   Si         Orbital Moment(muB)    Angles (Deg)
            multiple
  s           0    0.000000000           90.0000    0.0000
   sum over m      0.000000000           90.0000    0.0000
  s           1    0.000000000           90.0000    0.0000
   sum over m      0.000000000           90.0000    0.0000
  px          0    0.000000000           90.0000    0.0000
  py          0    0.000000000           90.0000    0.0000
  pz          0    0.000000000           90.0000    0.0000
   sum over m      0.000000000           90.0000    0.0000
  px          1    0.000000000           90.0000    0.0000
  py          1    0.000000000           90.0000    0.0000
  pz          1    0.000000000           90.0000    0.0000
   sum over m      0.000000000           90.0000    0.0000
  d3z^2-r^2   0    0.000000000           90.0000    0.0000
  dx^2-y^2    0    0.000000000           90.0000    0.0000
  dxy         0    0.000000000           90.0000    0.0000
  dxz         0    0.000000000           90.0000    0.0000
  dyz         0    0.000000000           90.0000    0.0000
   sum over m      0.000000000           90.0000    0.0000

   27   Si         Orbital Moment(muB)    Angles (Deg)
            multiple
  s           0    0.000000000           90.0000    0.0000
   sum over m      0.000000000           90.0000    0.0000
  s           1    0.000000000           90.0000    0.0000
   sum over m      0.000000000           90.0000    0.0000
  px          0    0.000000000           90.0000    0.0000
  py          0    0.000000000           90.0000    0.0000
  pz          0    0.000000000           90.0000    0.0000
   sum over m      0.000000000           90.0000    0.0000
  px          1    0.000000000           90.0000    0.0000
  py          1    0.000000000           90.0000    0.0000
  pz          1    0.000000000           90.0000    0.0000
   sum over m      0.000000000           90.0000    0.0000
  d3z^2-r^2   0    0.000000000           90.0000    0.0000
  dx^2-y^2    0    0.000000000           90.0000    0.0000
  dxy         0    0.000000000           90.0000    0.0000
  dxz         0    0.000000000           90.0000    0.0000
  dyz         0    0.000000000           90.0000    0.0000
   sum over m      0.000000000           90.0000    0.0000

   28   Si         Orbital Moment(muB)    Angles (Deg)
            multiple
  s           0    0.000000000           90.0000    0.0000
   sum over m      0.000000000           90.0000    0.0000
  s           1    0.000000000           90.0000    0.0000
   sum over m      0.000000000           90.0000    0.0000
  px          0    0.000000000           90.0000    0.0000
  py          0    0.000000000           90.0000    0.0000
  pz          0    0.000000000           90.0000    0.0000
   sum over m      0.000000000           90.0000    0.0000
  px          1    0.000000000           90.0000    0.0000
  py          1    0.000000000           90.0000    0.0000
  pz          1    0.000000000           90.0000    0.0000
   sum over m      0.000000000           90.0000    0.0000
  d3z^2-r^2   0    0.000000000           90.0000    0.0000
  dx^2-y^2    0    0.000000000           90.0000    0.0000
  dxy         0    0.000000000           90.0000    0.0000
  dxz         0    0.000000000           90.0000    0.0000
  dyz         0    0.000000000           90.0000    0.0000
   sum over m      0.000000000           90.0000    0.0000

   29   Si         Orbital Moment(muB)    Angles (Deg)
            multiple
  s           0    0.000000000           90.0000    0.0000
   sum over m      0.000000000           90.0000    0.0000
  s           1    0.000000000           90.0000    0.0000
   sum over m      0.000000000           90.0000    0.0000
  px          0    0.000000000           90.0000    0.0000
  py          0    0.000000000           90.0000    0.0000
  pz          0    0.000000000           90.0000    0.0000
   sum over m      0.000000000           90.0000    0.0000
  px          1    0.000000000           90.0000    0.0000
  py          1    0.000000000           90.0000    0.0000
  pz          1    0.000000000           90.0000    0.0000
   sum over m      0.000000000           90.0000    0.0000
  d3z^2-r^2   0    0.000000000           90.0000    0.0000
  dx^2-y^2    0    0.000000000           90.0000    0.0000
  dxy         0    0.000000000           90.0000    0.0000
  dxz         0    0.000000000           90.0000    0.0000
  dyz         0    0.000000000           90.0000    0.0000
   sum over m      0.000000000           90.0000    0.0000

   30   Si         Orbital Moment(muB)    Angles (Deg)
            multiple
  s           0    0.000000000           90.0000    0.0000
   sum over m      0.000000000           90.0000    0.0000
  s           1    0.000000000           90.0000    0.0000
   sum over m      0.000000000           90.0000    0.0000
  px          0    0.000000000           90.0000    0.0000
  py          0    0.000000000           90.0000    0.0000
  pz          0    0.000000000           90.0000    0.0000
   sum over m      0.000000000           90.0000    0.0000
  px          1    0.000000000           90.0000    0.0000
  py          1    0.000000000           90.0000    0.0000
  pz          1    0.000000000           90.0000    0.0000
   sum over m      0.000000000           90.0000    0.0000
  d3z^2-r^2   0    0.000000000           90.0000    0.0000
  dx^2-y^2    0    0.000000000           90.0000    0.0000
  dxy         0    0.000000000           90.0000    0.0000
  dxz         0    0.000000000           90.0000    0.0000
  dyz         0    0.000000000           90.0000    0.0000
   sum over m      0.000000000           90.0000    0.0000

   31   Si         Orbital Moment(muB)    Angles (Deg)
            multiple
  s           0    0.000000000           90.0000    0.0000
   sum over m      0.000000000           90.0000    0.0000
  s           1    0.000000000           90.0000    0.0000
   sum over m      0.000000000           90.0000    0.0000
  px          0    0.000000000           90.0000    0.0000
  py          0    0.000000000           90.0000    0.0000
  pz          0    0.000000000           90.0000    0.0000
   sum over m      0.000000000           90.0000    0.0000
  px          1    0.000000000           90.0000    0.0000
  py          1    0.000000000           90.0000    0.0000
  pz          1    0.000000000           90.0000    0.0000
   sum over m      0.000000000           90.0000    0.0000
  d3z^2-r^2   0    0.000000000           90.0000    0.0000
  dx^2-y^2    0    0.000000000           90.0000    0.0000
  dxy         0    0.000000000           90.0000    0.0000
  dxz         0    0.000000000           90.0000    0.0000
  dyz         0    0.000000000           90.0000    0.0000
   sum over m      0.000000000           90.0000    0.0000

   32   Si         Orbital Moment(muB)    Angles (Deg)
            multiple
  s           0    0.000000000           90.0000    0.0000
   sum over m      0.000000000           90.0000    0.0000
  s           1    0.000000000           90.0000    0.0000
   sum over m      0.000000000           90.0000    0.0000
  px          0    0.000000000           90.0000    0.0000
  py          0    0.000000000           90.0000    0.0000
  pz          0    0.000000000           90.0000    0.0000
   sum over m      0.000000000           90.0000    0.0000
  px          1    0.000000000           90.0000    0.0000
  py          1    0.000000000           90.0000    0.0000
  pz          1    0.000000000           90.0000    0.0000
   sum over m      0.000000000           90.0000    0.0000
  d3z^2-r^2   0    0.000000000           90.0000    0.0000
  dx^2-y^2    0    0.000000000           90.0000    0.0000
  dxy         0    0.000000000           90.0000    0.0000
  dxz         0    0.000000000           90.0000    0.0000
  dyz         0    0.000000000           90.0000    0.0000
   sum over m      0.000000000           90.0000    0.0000

   33   Si         Orbital Moment(muB)    Angles (Deg)
            multiple
  s           0    0.000000000           90.0000    0.0000
   sum over m      0.000000000           90.0000    0.0000
  s           1    0.000000000           90.0000    0.0000
   sum over m      0.000000000           90.0000    0.0000
  px          0    0.000000000           90.0000    0.0000
  py          0    0.000000000           90.0000    0.0000
  pz          0    0.000000000           90.0000    0.0000
   sum over m      0.000000000           90.0000    0.0000
  px          1    0.000000000           90.0000    0.0000
  py          1    0.000000000           90.0000    0.0000
  pz          1    0.000000000           90.0000    0.0000
   sum over m      0.000000000           90.0000    0.0000
  d3z^2-r^2   0    0.000000000           90.0000    0.0000
  dx^2-y^2    0    0.000000000           90.0000    0.0000
  dxy         0    0.000000000           90.0000    0.0000
  dxz         0    0.000000000           90.0000    0.0000
  dyz         0    0.000000000           90.0000    0.0000
   sum over m      0.000000000           90.0000    0.0000

   34   Si         Orbital Moment(muB)    Angles (Deg)
            multiple
  s           0    0.000000000           90.0000    0.0000
   sum over m      0.000000000           90.0000    0.0000
  s           1    0.000000000           90.0000    0.0000
   sum over m      0.000000000           90.0000    0.0000
  px          0    0.000000000           90.0000    0.0000
  py          0    0.000000000           90.0000    0.0000
  pz          0    0.000000000           90.0000    0.0000
   sum over m      0.000000000           90.0000    0.0000
  px          1    0.000000000           90.0000    0.0000
  py          1    0.000000000           90.0000    0.0000
  pz          1    0.000000000           90.0000    0.0000
   sum over m      0.000000000           90.0000    0.0000
  d3z^2-r^2   0    0.000000000           90.0000    0.0000
  dx^2-y^2    0    0.000000000           90.0000    0.0000
  dxy         0    0.000000000           90.0000    0.0000
  dxz         0    0.000000000           90.0000    0.0000
  dyz         0    0.000000000           90.0000    0.0000
   sum over m      0.000000000           90.0000    0.0000

   35   Si         Orbital Moment(muB)    Angles (Deg)
            multiple
  s           0    0.000000000           90.0000    0.0000
   sum over m      0.000000000           90.0000    0.0000
  s           1    0.000000000           90.0000    0.0000
   sum over m      0.000000000           90.0000    0.0000
  px          0    0.000000000           90.0000    0.0000
  py          0    0.000000000           90.0000    0.0000
  pz          0    0.000000000           90.0000    0.0000
   sum over m      0.000000000           90.0000    0.0000
  px          1    0.000000000           90.0000    0.0000
  py          1    0.000000000           90.0000    0.0000
  pz          1    0.000000000           90.0000    0.0000
   sum over m      0.000000000           90.0000    0.0000
  d3z^2-r^2   0    0.000000000           90.0000    0.0000
  dx^2-y^2    0    0.000000000           90.0000    0.0000
  dxy         0    0.000000000           90.0000    0.0000
  dxz         0    0.000000000           90.0000    0.0000
  dyz         0    0.000000000           90.0000    0.0000
   sum over m      0.000000000           90.0000    0.0000

   36   Si         Orbital Moment(muB)    Angles (Deg)
            multiple
  s           0    0.000000000           90.0000    0.0000
   sum over m      0.000000000           90.0000    0.0000
  s           1    0.000000000           90.0000    0.0000
   sum over m      0.000000000           90.0000    0.0000
  px          0    0.000000000           90.0000    0.0000
  py          0    0.000000000           90.0000    0.0000
  pz          0    0.000000000           90.0000    0.0000
   sum over m      0.000000000           90.0000    0.0000
  px          1    0.000000000           90.0000    0.0000
  py          1    0.000000000           90.0000    0.0000
  pz          1    0.000000000           90.0000    0.0000
   sum over m      0.000000000           90.0000    0.0000
  d3z^2-r^2   0    0.000000000           90.0000    0.0000
  dx^2-y^2    0    0.000000000           90.0000    0.0000
  dxy         0    0.000000000           90.0000    0.0000
  dxz         0    0.000000000           90.0000    0.0000
  dyz         0    0.000000000           90.0000    0.0000
   sum over m      0.000000000           90.0000    0.0000

   37   Si         Orbital Moment(muB)    Angles (Deg)
            multiple
  s           0    0.000000000           90.0000    0.0000
   sum over m      0.000000000           90.0000    0.0000
  s           1    0.000000000           90.0000    0.0000
   sum over m      0.000000000           90.0000    0.0000
  px          0    0.000000000           90.0000    0.0000
  py          0    0.000000000           90.0000    0.0000
  pz          0    0.000000000           90.0000    0.0000
   sum over m      0.000000000           90.0000    0.0000
  px          1    0.000000000           90.0000    0.0000
  py          1    0.000000000           90.0000    0.0000
  pz          1    0.000000000           90.0000    0.0000
   sum over m      0.000000000           90.0000    0.0000
  d3z^2-r^2   0    0.000000000           90.0000    0.0000
  dx^2-y^2    0    0.000000000           90.0000    0.0000
  dxy         0    0.000000000           90.0000    0.0000
  dxz         0    0.000000000           90.0000    0.0000
  dyz         0    0.000000000           90.0000    0.0000
   sum over m      0.000000000           90.0000    0.0000

   38   Si         Orbital Moment(muB)    Angles (Deg)
            multiple
  s           0    0.000000000           90.0000    0.0000
   sum over m      0.000000000           90.0000    0.0000
  s           1    0.000000000           90.0000    0.0000
   sum over m      0.000000000           90.0000    0.0000
  px          0    0.000000000           90.0000    0.0000
  py          0    0.000000000           90.0000    0.0000
  pz          0    0.000000000           90.0000    0.0000
   sum over m      0.000000000           90.0000    0.0000
  px          1    0.000000000           90.0000    0.0000
  py          1    0.000000000           90.0000    0.0000
  pz          1    0.000000000           90.0000    0.0000
   sum over m      0.000000000           90.0000    0.0000
  d3z^2-r^2   0    0.000000000           90.0000    0.0000
  dx^2-y^2    0    0.000000000           90.0000    0.0000
  dxy         0    0.000000000           90.0000    0.0000
  dxz         0    0.000000000           90.0000    0.0000
  dyz         0    0.000000000           90.0000    0.0000
   sum over m      0.000000000           90.0000    0.0000

   39   Si         Orbital Moment(muB)    Angles (Deg)
            multiple
  s           0    0.000000000           90.0000    0.0000
   sum over m      0.000000000           90.0000    0.0000
  s           1    0.000000000           90.0000    0.0000
   sum over m      0.000000000           90.0000    0.0000
  px          0    0.000000000           90.0000    0.0000
  py          0    0.000000000           90.0000    0.0000
  pz          0    0.000000000           90.0000    0.0000
   sum over m      0.000000000           90.0000    0.0000
  px          1    0.000000000           90.0000    0.0000
  py          1    0.000000000           90.0000    0.0000
  pz          1    0.000000000           90.0000    0.0000
   sum over m      0.000000000           90.0000    0.0000
  d3z^2-r^2   0    0.000000000           90.0000    0.0000
  dx^2-y^2    0    0.000000000           90.0000    0.0000
  dxy         0    0.000000000           90.0000    0.0000
  dxz         0    0.000000000           90.0000    0.0000
  dyz         0    0.000000000           90.0000    0.0000
   sum over m      0.000000000           90.0000    0.0000

   40   Si         Orbital Moment(muB)    Angles (Deg)
            multiple
  s           0    0.000000000           90.0000    0.0000
   sum over m      0.000000000           90.0000    0.0000
  s           1    0.000000000           90.0000    0.0000
   sum over m      0.000000000           90.0000    0.0000
  px          0    0.000000000           90.0000    0.0000
  py          0    0.000000000           90.0000    0.0000
  pz          0    0.000000000           90.0000    0.0000
   sum over m      0.000000000           90.0000    0.0000
  px          1    0.000000000           90.0000    0.0000
  py          1    0.000000000           90.0000    0.0000
  pz          1    0.000000000           90.0000    0.0000
   sum over m      0.000000000           90.0000    0.0000
  d3z^2-r^2   0    0.000000000           90.0000    0.0000
  dx^2-y^2    0    0.000000000           90.0000    0.0000
  dxy         0    0.000000000           90.0000    0.0000
  dxz         0    0.000000000           90.0000    0.0000
  dyz         0    0.000000000           90.0000    0.0000
   sum over m      0.000000000           90.0000    0.0000

   41   Si         Orbital Moment(muB)    Angles (Deg)
            multiple
  s           0    0.000000000           90.0000    0.0000
   sum over m      0.000000000           90.0000    0.0000
  s           1    0.000000000           90.0000    0.0000
   sum over m      0.000000000           90.0000    0.0000
  px          0    0.000000000           90.0000    0.0000
  py          0    0.000000000           90.0000    0.0000
  pz          0    0.000000000           90.0000    0.0000
   sum over m      0.000000000           90.0000    0.0000
  px          1    0.000000000           90.0000    0.0000
  py          1    0.000000000           90.0000    0.0000
  pz          1    0.000000000           90.0000    0.0000
   sum over m      0.000000000           90.0000    0.0000
  d3z^2-r^2   0    0.000000000           90.0000    0.0000
  dx^2-y^2    0    0.000000000           90.0000    0.0000
  dxy         0    0.000000000           90.0000    0.0000
  dxz         0    0.000000000           90.0000    0.0000
  dyz         0    0.000000000           90.0000    0.0000
   sum over m      0.000000000           90.0000    0.0000

   42   Si         Orbital Moment(muB)    Angles (Deg)
            multiple
  s           0    0.000000000           90.0000    0.0000
   sum over m      0.000000000           90.0000    0.0000
  s           1    0.000000000           90.0000    0.0000
   sum over m      0.000000000           90.0000    0.0000
  px          0    0.000000000           90.0000    0.0000
  py          0    0.000000000           90.0000    0.0000
  pz          0    0.000000000           90.0000    0.0000
   sum over m      0.000000000           90.0000    0.0000
  px          1    0.000000000           90.0000    0.0000
  py          1    0.000000000           90.0000    0.0000
  pz          1    0.000000000           90.0000    0.0000
   sum over m      0.000000000           90.0000    0.0000
  d3z^2-r^2   0    0.000000000           90.0000    0.0000
  dx^2-y^2    0    0.000000000           90.0000    0.0000
  dxy         0    0.000000000           90.0000    0.0000
  dxz         0    0.000000000           90.0000    0.0000
  dyz         0    0.000000000           90.0000    0.0000
   sum over m      0.000000000           90.0000    0.0000

   43   Si         Orbital Moment(muB)    Angles (Deg)
            multiple
  s           0    0.000000000           90.0000    0.0000
   sum over m      0.000000000           90.0000    0.0000
  s           1    0.000000000           90.0000    0.0000
   sum over m      0.000000000           90.0000    0.0000
  px          0    0.000000000           90.0000    0.0000
  py          0    0.000000000           90.0000    0.0000
  pz          0    0.000000000           90.0000    0.0000
   sum over m      0.000000000           90.0000    0.0000
  px          1    0.000000000           90.0000    0.0000
  py          1    0.000000000           90.0000    0.0000
  pz          1    0.000000000           90.0000    0.0000
   sum over m      0.000000000           90.0000    0.0000
  d3z^2-r^2   0    0.000000000           90.0000    0.0000
  dx^2-y^2    0    0.000000000           90.0000    0.0000
  dxy         0    0.000000000           90.0000    0.0000
  dxz         0    0.000000000           90.0000    0.0000
  dyz         0    0.000000000           90.0000    0.0000
   sum over m      0.000000000           90.0000    0.0000

   44   Si         Orbital Moment(muB)    Angles (Deg)
            multiple
  s           0    0.000000000           90.0000    0.0000
   sum over m      0.000000000           90.0000    0.0000
  s           1    0.000000000           90.0000    0.0000
   sum over m      0.000000000           90.0000    0.0000
  px          0    0.000000000           90.0000    0.0000
  py          0    0.000000000           90.0000    0.0000
  pz          0    0.000000000           90.0000    0.0000
   sum over m      0.000000000           90.0000    0.0000
  px          1    0.000000000           90.0000    0.0000
  py          1    0.000000000           90.0000    0.0000
  pz          1    0.000000000           90.0000    0.0000
   sum over m      0.000000000           90.0000    0.0000
  d3z^2-r^2   0    0.000000000           90.0000    0.0000
  dx^2-y^2    0    0.000000000           90.0000    0.0000
  dxy         0    0.000000000           90.0000    0.0000
  dxz         0    0.000000000           90.0000    0.0000
  dyz         0    0.000000000           90.0000    0.0000
   sum over m      0.000000000           90.0000    0.0000

   45   Si         Orbital Moment(muB)    Angles (Deg)
            multiple
  s           0    0.000000000           90.0000    0.0000
   sum over m      0.000000000           90.0000    0.0000
  s           1    0.000000000           90.0000    0.0000
   sum over m      0.000000000           90.0000    0.0000
  px          0    0.000000000           90.0000    0.0000
  py          0    0.000000000           90.0000    0.0000
  pz          0    0.000000000           90.0000    0.0000
   sum over m      0.000000000           90.0000    0.0000
  px          1    0.000000000           90.0000    0.0000
  py          1    0.000000000           90.0000    0.0000
  pz          1    0.000000000           90.0000    0.0000
   sum over m      0.000000000           90.0000    0.0000
  d3z^2-r^2   0    0.000000000           90.0000    0.0000
  dx^2-y^2    0    0.000000000           90.0000    0.0000
  dxy         0    0.000000000           90.0000    0.0000
  dxz         0    0.000000000           90.0000    0.0000
  dyz         0    0.000000000           90.0000    0.0000
   sum over m      0.000000000           90.0000    0.0000

   46   Si         Orbital Moment(muB)    Angles (Deg)
            multiple
  s           0    0.000000000           90.0000    0.0000
   sum over m      0.000000000           90.0000    0.0000
  s           1    0.000000000           90.0000    0.0000
   sum over m      0.000000000           90.0000    0.0000
  px          0    0.000000000           90.0000    0.0000
  py          0    0.000000000           90.0000    0.0000
  pz          0    0.000000000           90.0000    0.0000
   sum over m      0.000000000           90.0000    0.0000
  px          1    0.000000000           90.0000    0.0000
  py          1    0.000000000           90.0000    0.0000
  pz          1    0.000000000           90.0000    0.0000
   sum over m      0.000000000           90.0000    0.0000
  d3z^2-r^2   0    0.000000000           90.0000    0.0000
  dx^2-y^2    0    0.000000000           90.0000    0.0000
  dxy         0    0.000000000           90.0000    0.0000
  dxz         0    0.000000000           90.0000    0.0000
  dyz         0    0.000000000           90.0000    0.0000
   sum over m      0.000000000           90.0000    0.0000

   47   Si         Orbital Moment(muB)    Angles (Deg)
            multiple
  s           0    0.000000000           90.0000    0.0000
   sum over m      0.000000000           90.0000    0.0000
  s           1    0.000000000           90.0000    0.0000
   sum over m      0.000000000           90.0000    0.0000
  px          0    0.000000000           90.0000    0.0000
  py          0    0.000000000           90.0000    0.0000
  pz          0    0.000000000           90.0000    0.0000
   sum over m      0.000000000           90.0000    0.0000
  px          1    0.000000000           90.0000    0.0000
  py          1    0.000000000           90.0000    0.0000
  pz          1    0.000000000           90.0000    0.0000
   sum over m      0.000000000           90.0000    0.0000
  d3z^2-r^2   0    0.000000000           90.0000    0.0000
  dx^2-y^2    0    0.000000000           90.0000    0.0000
  dxy         0    0.000000000           90.0000    0.0000
  dxz         0    0.000000000           90.0000    0.0000
  dyz         0    0.000000000           90.0000    0.0000
   sum over m      0.000000000           90.0000    0.0000

   48   Si         Orbital Moment(muB)    Angles (Deg)
            multiple
  s           0    0.000000000           90.0000    0.0000
   sum over m      0.000000000           90.0000    0.0000
  s           1    0.000000000           90.0000    0.0000
   sum over m      0.000000000           90.0000    0.0000
  px          0    0.000000000           90.0000    0.0000
  py          0    0.000000000           90.0000    0.0000
  pz          0    0.000000000           90.0000    0.0000
   sum over m      0.000000000           90.0000    0.0000
  px          1    0.000000000           90.0000    0.0000
  py          1    0.000000000           90.0000    0.0000
  pz          1    0.000000000           90.0000    0.0000
   sum over m      0.000000000           90.0000    0.0000
  d3z^2-r^2   0    0.000000000           90.0000    0.0000
  dx^2-y^2    0    0.000000000           90.0000    0.0000
  dxy         0    0.000000000           90.0000    0.0000
  dxz         0    0.000000000           90.0000    0.0000
  dyz         0    0.000000000           90.0000    0.0000
   sum over m      0.000000000           90.0000    0.0000

   49   Si         Orbital Moment(muB)    Angles (Deg)
            multiple
  s           0    0.000000000           90.0000    0.0000
   sum over m      0.000000000           90.0000    0.0000
  s           1    0.000000000           90.0000    0.0000
   sum over m      0.000000000           90.0000    0.0000
  px          0    0.000000000           90.0000    0.0000
  py          0    0.000000000           90.0000    0.0000
  pz          0    0.000000000           90.0000    0.0000
   sum over m      0.000000000           90.0000    0.0000
  px          1    0.000000000           90.0000    0.0000
  py          1    0.000000000           90.0000    0.0000
  pz          1    0.000000000           90.0000    0.0000
   sum over m      0.000000000           90.0000    0.0000
  d3z^2-r^2   0    0.000000000           90.0000    0.0000
  dx^2-y^2    0    0.000000000           90.0000    0.0000
  dxy         0    0.000000000           90.0000    0.0000
  dxz         0    0.000000000           90.0000    0.0000
  dyz         0    0.000000000           90.0000    0.0000
   sum over m      0.000000000           90.0000    0.0000

   50   Si         Orbital Moment(muB)    Angles (Deg)
            multiple
  s           0    0.000000000           90.0000    0.0000
   sum over m      0.000000000           90.0000    0.0000
  s           1    0.000000000           90.0000    0.0000
   sum over m      0.000000000           90.0000    0.0000
  px          0    0.000000000           90.0000    0.0000
  py          0    0.000000000           90.0000    0.0000
  pz          0    0.000000000           90.0000    0.0000
   sum over m      0.000000000           90.0000    0.0000
  px          1    0.000000000           90.0000    0.0000
  py          1    0.000000000           90.0000    0.0000
  pz          1    0.000000000           90.0000    0.0000
   sum over m      0.000000000           90.0000    0.0000
  d3z^2-r^2   0    0.000000000           90.0000    0.0000
  dx^2-y^2    0    0.000000000           90.0000    0.0000
  dxy         0    0.000000000           90.0000    0.0000
  dxz         0    0.000000000           90.0000    0.0000
  dyz         0    0.000000000           90.0000    0.0000
   sum over m      0.000000000           90.0000    0.0000

   51   Si         Orbital Moment(muB)    Angles (Deg)
            multiple
  s           0    0.000000000           90.0000    0.0000
   sum over m      0.000000000           90.0000    0.0000
  s           1    0.000000000           90.0000    0.0000
   sum over m      0.000000000           90.0000    0.0000
  px          0    0.000000000           90.0000    0.0000
  py          0    0.000000000           90.0000    0.0000
  pz          0    0.000000000           90.0000    0.0000
   sum over m      0.000000000           90.0000    0.0000
  px          1    0.000000000           90.0000    0.0000
  py          1    0.000000000           90.0000    0.0000
  pz          1    0.000000000           90.0000    0.0000
   sum over m      0.000000000           90.0000    0.0000
  d3z^2-r^2   0    0.000000000           90.0000    0.0000
  dx^2-y^2    0    0.000000000           90.0000    0.0000
  dxy         0    0.000000000           90.0000    0.0000
  dxz         0    0.000000000           90.0000    0.0000
  dyz         0    0.000000000           90.0000    0.0000
   sum over m      0.000000000           90.0000    0.0000

   52   Si         Orbital Moment(muB)    Angles (Deg)
            multiple
  s           0    0.000000000           90.0000    0.0000
   sum over m      0.000000000           90.0000    0.0000
  s           1    0.000000000           90.0000    0.0000
   sum over m      0.000000000           90.0000    0.0000
  px          0    0.000000000           90.0000    0.0000
  py          0    0.000000000           90.0000    0.0000
  pz          0    0.000000000           90.0000    0.0000
   sum over m      0.000000000           90.0000    0.0000
  px          1    0.000000000           90.0000    0.0000
  py          1    0.000000000           90.0000    0.0000
  pz          1    0.000000000           90.0000    0.0000
   sum over m      0.000000000           90.0000    0.0000
  d3z^2-r^2   0    0.000000000           90.0000    0.0000
  dx^2-y^2    0    0.000000000           90.0000    0.0000
  dxy         0    0.000000000           90.0000    0.0000
  dxz         0    0.000000000           90.0000    0.0000
  dyz         0    0.000000000           90.0000    0.0000
   sum over m      0.000000000           90.0000    0.0000

   53   Si         Orbital Moment(muB)    Angles (Deg)
            multiple
  s           0    0.000000000           90.0000    0.0000
   sum over m      0.000000000           90.0000    0.0000
  s           1    0.000000000           90.0000    0.0000
   sum over m      0.000000000           90.0000    0.0000
  px          0    0.000000000           90.0000    0.0000
  py          0    0.000000000           90.0000    0.0000
  pz          0    0.000000000           90.0000    0.0000
   sum over m      0.000000000           90.0000    0.0000
  px          1    0.000000000           90.0000    0.0000
  py          1    0.000000000           90.0000    0.0000
  pz          1    0.000000000           90.0000    0.0000
   sum over m      0.000000000           90.0000    0.0000
  d3z^2-r^2   0    0.000000000           90.0000    0.0000
  dx^2-y^2    0    0.000000000           90.0000    0.0000
  dxy         0    0.000000000           90.0000    0.0000
  dxz         0    0.000000000           90.0000    0.0000
  dyz         0    0.000000000           90.0000    0.0000
   sum over m      0.000000000           90.0000    0.0000

   54   Si         Orbital Moment(muB)    Angles (Deg)
            multiple
  s           0    0.000000000           90.0000    0.0000
   sum over m      0.000000000           90.0000    0.0000
  s           1    0.000000000           90.0000    0.0000
   sum over m      0.000000000           90.0000    0.0000
  px          0    0.000000000           90.0000    0.0000
  py          0    0.000000000           90.0000    0.0000
  pz          0    0.000000000           90.0000    0.0000
   sum over m      0.000000000           90.0000    0.0000
  px          1    0.000000000           90.0000    0.0000
  py          1    0.000000000           90.0000    0.0000
  pz          1    0.000000000           90.0000    0.0000
   sum over m      0.000000000           90.0000    0.0000
  d3z^2-r^2   0    0.000000000           90.0000    0.0000
  dx^2-y^2    0    0.000000000           90.0000    0.0000
  dxy         0    0.000000000           90.0000    0.0000
  dxz         0    0.000000000           90.0000    0.0000
  dyz         0    0.000000000           90.0000    0.0000
   sum over m      0.000000000           90.0000    0.0000

   55   Si         Orbital Moment(muB)    Angles (Deg)
            multiple
  s           0    0.000000000           90.0000    0.0000
   sum over m      0.000000000           90.0000    0.0000
  s           1    0.000000000           90.0000    0.0000
   sum over m      0.000000000           90.0000    0.0000
  px          0    0.000000000           90.0000    0.0000
  py          0    0.000000000           90.0000    0.0000
  pz          0    0.000000000           90.0000    0.0000
   sum over m      0.000000000           90.0000    0.0000
  px          1    0.000000000           90.0000    0.0000
  py          1    0.000000000           90.0000    0.0000
  pz          1    0.000000000           90.0000    0.0000
   sum over m      0.000000000           90.0000    0.0000
  d3z^2-r^2   0    0.000000000           90.0000    0.0000
  dx^2-y^2    0    0.000000000           90.0000    0.0000
  dxy         0    0.000000000           90.0000    0.0000
  dxz         0    0.000000000           90.0000    0.0000
  dyz         0    0.000000000           90.0000    0.0000
   sum over m      0.000000000           90.0000    0.0000

   56   Si         Orbital Moment(muB)    Angles (Deg)
            multiple
  s           0    0.000000000           90.0000    0.0000
   sum over m      0.000000000           90.0000    0.0000
  s           1    0.000000000           90.0000    0.0000
   sum over m      0.000000000           90.0000    0.0000
  px          0    0.000000000           90.0000    0.0000
  py          0    0.000000000           90.0000    0.0000
  pz          0    0.000000000           90.0000    0.0000
   sum over m      0.000000000           90.0000    0.0000
  px          1    0.000000000           90.0000    0.0000
  py          1    0.000000000           90.0000    0.0000
  pz          1    0.000000000           90.0000    0.0000
   sum over m      0.000000000           90.0000    0.0000
  d3z^2-r^2   0    0.000000000           90.0000    0.0000
  dx^2-y^2    0    0.000000000           90.0000    0.0000
  dxy         0    0.000000000           90.0000    0.0000
  dxz         0    0.000000000           90.0000    0.0000
  dyz         0    0.000000000           90.0000    0.0000
   sum over m      0.000000000           90.0000    0.0000

   57   Si         Orbital Moment(muB)    Angles (Deg)
            multiple
  s           0    0.000000000           90.0000    0.0000
   sum over m      0.000000000           90.0000    0.0000
  s           1    0.000000000           90.0000    0.0000
   sum over m      0.000000000           90.0000    0.0000
  px          0    0.000000000           90.0000    0.0000
  py          0    0.000000000           90.0000    0.0000
  pz          0    0.000000000           90.0000    0.0000
   sum over m      0.000000000           90.0000    0.0000
  px          1    0.000000000           90.0000    0.0000
  py          1    0.000000000           90.0000    0.0000
  pz          1    0.000000000           90.0000    0.0000
   sum over m      0.000000000           90.0000    0.0000
  d3z^2-r^2   0    0.000000000           90.0000    0.0000
  dx^2-y^2    0    0.000000000           90.0000    0.0000
  dxy         0    0.000000000           90.0000    0.0000
  dxz         0    0.000000000           90.0000    0.0000
  dyz         0    0.000000000           90.0000    0.0000
   sum over m      0.000000000           90.0000    0.0000

   58   Si         Orbital Moment(muB)    Angles (Deg)
            multiple
  s           0    0.000000000           90.0000    0.0000
   sum over m      0.000000000           90.0000    0.0000
  s           1    0.000000000           90.0000    0.0000
   sum over m      0.000000000           90.0000    0.0000
  px          0    0.000000000           90.0000    0.0000
  py          0    0.000000000           90.0000    0.0000
  pz          0    0.000000000           90.0000    0.0000
   sum over m      0.000000000           90.0000    0.0000
  px          1    0.000000000           90.0000    0.0000
  py          1    0.000000000           90.0000    0.0000
  pz          1    0.000000000           90.0000    0.0000
   sum over m      0.000000000           90.0000    0.0000
  d3z^2-r^2   0    0.000000000           90.0000    0.0000
  dx^2-y^2    0    0.000000000           90.0000    0.0000
  dxy         0    0.000000000           90.0000    0.0000
  dxz         0    0.000000000           90.0000    0.0000
  dyz         0    0.000000000           90.0000    0.0000
   sum over m      0.000000000           90.0000    0.0000

   59   Si         Orbital Moment(muB)    Angles (Deg)
            multiple
  s           0    0.000000000           90.0000    0.0000
   sum over m      0.000000000           90.0000    0.0000
  s           1    0.000000000           90.0000    0.0000
   sum over m      0.000000000           90.0000    0.0000
  px          0    0.000000000           90.0000    0.0000
  py          0    0.000000000           90.0000    0.0000
  pz          0    0.000000000           90.0000    0.0000
   sum over m      0.000000000           90.0000    0.0000
  px          1    0.000000000           90.0000    0.0000
  py          1    0.000000000           90.0000    0.0000
  pz          1    0.000000000           90.0000    0.0000
   sum over m      0.000000000           90.0000    0.0000
  d3z^2-r^2   0    0.000000000           90.0000    0.0000
  dx^2-y^2    0    0.000000000           90.0000    0.0000
  dxy         0    0.000000000           90.0000    0.0000
  dxz         0    0.000000000           90.0000    0.0000
  dyz         0    0.000000000           90.0000    0.0000
   sum over m      0.000000000           90.0000    0.0000

   60   Si         Orbital Moment(muB)    Angles (Deg)
            multiple
  s           0    0.000000000           90.0000    0.0000
   sum over m      0.000000000           90.0000    0.0000
  s           1    0.000000000           90.0000    0.0000
   sum over m      0.000000000           90.0000    0.0000
  px          0    0.000000000           90.0000    0.0000
  py          0    0.000000000           90.0000    0.0000
  pz          0    0.000000000           90.0000    0.0000
   sum over m      0.000000000           90.0000    0.0000
  px          1    0.000000000           90.0000    0.0000
  py          1    0.000000000           90.0000    0.0000
  pz          1    0.000000000           90.0000    0.0000
   sum over m      0.000000000           90.0000    0.0000
  d3z^2-r^2   0    0.000000000           90.0000    0.0000
  dx^2-y^2    0    0.000000000           90.0000    0.0000
  dxy         0    0.000000000           90.0000    0.0000
  dxz         0    0.000000000           90.0000    0.0000
  dyz         0    0.000000000           90.0000    0.0000
   sum over m      0.000000000           90.0000    0.0000

   61   Si         Orbital Moment(muB)    Angles (Deg)
            multiple
  s           0    0.000000000           90.0000    0.0000
   sum over m      0.000000000           90.0000    0.0000
  s           1    0.000000000           90.0000    0.0000
   sum over m      0.000000000           90.0000    0.0000
  px          0    0.000000000           90.0000    0.0000
  py          0    0.000000000           90.0000    0.0000
  pz          0    0.000000000           90.0000    0.0000
   sum over m      0.000000000           90.0000    0.0000
  px          1    0.000000000           90.0000    0.0000
  py          1    0.000000000           90.0000    0.0000
  pz          1    0.000000000           90.0000    0.0000
   sum over m      0.000000000           90.0000    0.0000
  d3z^2-r^2   0    0.000000000           90.0000    0.0000
  dx^2-y^2    0    0.000000000           90.0000    0.0000
  dxy         0    0.000000000           90.0000    0.0000
  dxz         0    0.000000000           90.0000    0.0000
  dyz         0    0.000000000           90.0000    0.0000
   sum over m      0.000000000           90.0000    0.0000

   62   Si         Orbital Moment(muB)    Angles (Deg)
            multiple
  s           0    0.000000000           90.0000    0.0000
   sum over m      0.000000000           90.0000    0.0000
  s           1    0.000000000           90.0000    0.0000
   sum over m      0.000000000           90.0000    0.0000
  px          0    0.000000000           90.0000    0.0000
  py          0    0.000000000           90.0000    0.0000
  pz          0    0.000000000           90.0000    0.0000
   sum over m      0.000000000           90.0000    0.0000
  px          1    0.000000000           90.0000    0.0000
  py          1    0.000000000           90.0000    0.0000
  pz          1    0.000000000           90.0000    0.0000
   sum over m      0.000000000           90.0000    0.0000
  d3z^2-r^2   0    0.000000000           90.0000    0.0000
  dx^2-y^2    0    0.000000000           90.0000    0.0000
  dxy         0    0.000000000           90.0000    0.0000
  dxz         0    0.000000000           90.0000    0.0000
  dyz         0    0.000000000           90.0000    0.0000
   sum over m      0.000000000           90.0000    0.0000

   63   Si         Orbital Moment(muB)    Angles (Deg)
            multiple
  s           0    0.000000000           90.0000    0.0000
   sum over m      0.000000000           90.0000    0.0000
  s           1    0.000000000           90.0000    0.0000
   sum over m      0.000000000           90.0000    0.0000
  px          0    0.000000000           90.0000    0.0000
  py          0    0.000000000           90.0000    0.0000
  pz          0    0.000000000           90.0000    0.0000
   sum over m      0.000000000           90.0000    0.0000
  px          1    0.000000000           90.0000    0.0000
  py          1    0.000000000           90.0000    0.0000
  pz          1    0.000000000           90.0000    0.0000
   sum over m      0.000000000           90.0000    0.0000
  d3z^2-r^2   0    0.000000000           90.0000    0.0000
  dx^2-y^2    0    0.000000000           90.0000    0.0000
  dxy         0    0.000000000           90.0000    0.0000
  dxz         0    0.000000000           90.0000    0.0000
  dyz         0    0.000000000           90.0000    0.0000
   sum over m      0.000000000           90.0000    0.0000

   64   Si         Orbital Moment(muB)    Angles (Deg)
            multiple
  s           0    0.000000000           90.0000    0.0000
   sum over m      0.000000000           90.0000    0.0000
  s           1    0.000000000           90.0000    0.0000
   sum over m      0.000000000           90.0000    0.0000
  px          0    0.000000000           90.0000    0.0000
  py          0    0.000000000           90.0000    0.0000
  pz          0    0.000000000           90.0000    0.0000
   sum over m      0.000000000           90.0000    0.0000
  px          1    0.000000000           90.0000    0.0000
  py          1    0.000000000           90.0000    0.0000
  pz          1    0.000000000           90.0000    0.0000
   sum over m      0.000000000           90.0000    0.0000
  d3z^2-r^2   0    0.000000000           90.0000    0.0000
  dx^2-y^2    0    0.000000000           90.0000    0.0000
  dxy         0    0.000000000           90.0000    0.0000
  dxz         0    0.000000000           90.0000    0.0000
  dyz         0    0.000000000           90.0000    0.0000
   sum over m      0.000000000           90.0000    0.0000

   65   Si         Orbital Moment(muB)    Angles (Deg)
            multiple
  s           0    0.000000000           90.0000    0.0000
   sum over m      0.000000000           90.0000    0.0000
  s           1    0.000000000           90.0000    0.0000
   sum over m      0.000000000           90.0000    0.0000
  px          0    0.000000000           90.0000    0.0000
  py          0    0.000000000           90.0000    0.0000
  pz          0    0.000000000           90.0000    0.0000
   sum over m      0.000000000           90.0000    0.0000
  px          1    0.000000000           90.0000    0.0000
  py          1    0.000000000           90.0000    0.0000
  pz          1    0.000000000           90.0000    0.0000
   sum over m      0.000000000           90.0000    0.0000
  d3z^2-r^2   0    0.000000000           90.0000    0.0000
  dx^2-y^2    0    0.000000000           90.0000    0.0000
  dxy         0    0.000000000           90.0000    0.0000
  dxz         0    0.000000000           90.0000    0.0000
  dyz         0    0.000000000           90.0000    0.0000
   sum over m      0.000000000           90.0000    0.0000

   66   Si         Orbital Moment(muB)    Angles (Deg)
            multiple
  s           0    0.000000000           90.0000    0.0000
   sum over m      0.000000000           90.0000    0.0000
  s           1    0.000000000           90.0000    0.0000
   sum over m      0.000000000           90.0000    0.0000
  px          0    0.000000000           90.0000    0.0000
  py          0    0.000000000           90.0000    0.0000
  pz          0    0.000000000           90.0000    0.0000
   sum over m      0.000000000           90.0000    0.0000
  px          1    0.000000000           90.0000    0.0000
  py          1    0.000000000           90.0000    0.0000
  pz          1    0.000000000           90.0000    0.0000
   sum over m      0.000000000           90.0000    0.0000
  d3z^2-r^2   0    0.000000000           90.0000    0.0000
  dx^2-y^2    0    0.000000000           90.0000    0.0000
  dxy         0    0.000000000           90.0000    0.0000
  dxz         0    0.000000000           90.0000    0.0000
  dyz         0    0.000000000           90.0000    0.0000
   sum over m      0.000000000           90.0000    0.0000

   67   Si         Orbital Moment(muB)    Angles (Deg)
            multiple
  s           0    0.000000000           90.0000    0.0000
   sum over m      0.000000000           90.0000    0.0000
  s           1    0.000000000           90.0000    0.0000
   sum over m      0.000000000           90.0000    0.0000
  px          0    0.000000000           90.0000    0.0000
  py          0    0.000000000           90.0000    0.0000
  pz          0    0.000000000           90.0000    0.0000
   sum over m      0.000000000           90.0000    0.0000
  px          1    0.000000000           90.0000    0.0000
  py          1    0.000000000           90.0000    0.0000
  pz          1    0.000000000           90.0000    0.0000
   sum over m      0.000000000           90.0000    0.0000
  d3z^2-r^2   0    0.000000000           90.0000    0.0000
  dx^2-y^2    0    0.000000000           90.0000    0.0000
  dxy         0    0.000000000           90.0000    0.0000
  dxz         0    0.000000000           90.0000    0.0000
  dyz         0    0.000000000           90.0000    0.0000
   sum over m      0.000000000           90.0000    0.0000

   68   Si         Orbital Moment(muB)    Angles (Deg)
            multiple
  s           0    0.000000000           90.0000    0.0000
   sum over m      0.000000000           90.0000    0.0000
  s           1    0.000000000           90.0000    0.0000
   sum over m      0.000000000           90.0000    0.0000
  px          0    0.000000000           90.0000    0.0000
  py          0    0.000000000           90.0000    0.0000
  pz          0    0.000000000           90.0000    0.0000
   sum over m      0.000000000           90.0000    0.0000
  px          1    0.000000000           90.0000    0.0000
  py          1    0.000000000           90.0000    0.0000
  pz          1    0.000000000           90.0000    0.0000
   sum over m      0.000000000           90.0000    0.0000
  d3z^2-r^2   0    0.000000000           90.0000    0.0000
  dx^2-y^2    0    0.000000000           90.0000    0.0000
  dxy         0    0.000000000           90.0000    0.0000
  dxz         0    0.000000000           90.0000    0.0000
  dyz         0    0.000000000           90.0000    0.0000
   sum over m      0.000000000           90.0000    0.0000

   69   Si         Orbital Moment(muB)    Angles (Deg)
            multiple
  s           0    0.000000000           90.0000    0.0000
   sum over m      0.000000000           90.0000    0.0000
  s           1    0.000000000           90.0000    0.0000
   sum over m      0.000000000           90.0000    0.0000
  px          0    0.000000000           90.0000    0.0000
  py          0    0.000000000           90.0000    0.0000
  pz          0    0.000000000           90.0000    0.0000
   sum over m      0.000000000           90.0000    0.0000
  px          1    0.000000000           90.0000    0.0000
  py          1    0.000000000           90.0000    0.0000
  pz          1    0.000000000           90.0000    0.0000
   sum over m      0.000000000           90.0000    0.0000
  d3z^2-r^2   0    0.000000000           90.0000    0.0000
  dx^2-y^2    0    0.000000000           90.0000    0.0000
  dxy         0    0.000000000           90.0000    0.0000
  dxz         0    0.000000000           90.0000    0.0000
  dyz         0    0.000000000           90.0000    0.0000
   sum over m      0.000000000           90.0000    0.0000

   70   Si         Orbital Moment(muB)    Angles (Deg)
            multiple
  s           0    0.000000000           90.0000    0.0000
   sum over m      0.000000000           90.0000    0.0000
  s           1    0.000000000           90.0000    0.0000
   sum over m      0.000000000           90.0000    0.0000
  px          0    0.000000000           90.0000    0.0000
  py          0    0.000000000           90.0000    0.0000
  pz          0    0.000000000           90.0000    0.0000
   sum over m      0.000000000           90.0000    0.0000
  px          1    0.000000000           90.0000    0.0000
  py          1    0.000000000           90.0000    0.0000
  pz          1    0.000000000           90.0000    0.0000
   sum over m      0.000000000           90.0000    0.0000
  d3z^2-r^2   0    0.000000000           90.0000    0.0000
  dx^2-y^2    0    0.000000000           90.0000    0.0000
  dxy         0    0.000000000           90.0000    0.0000
  dxz         0    0.000000000           90.0000    0.0000
  dyz         0    0.000000000           90.0000    0.0000
   sum over m      0.000000000           90.0000    0.0000

   71   Si         Orbital Moment(muB)    Angles (Deg)
            multiple
  s           0    0.000000000           90.0000    0.0000
   sum over m      0.000000000           90.0000    0.0000
  s           1    0.000000000           90.0000    0.0000
   sum over m      0.000000000           90.0000    0.0000
  px          0    0.000000000           90.0000    0.0000
  py          0    0.000000000           90.0000    0.0000
  pz          0    0.000000000           90.0000    0.0000
   sum over m      0.000000000           90.0000    0.0000
  px          1    0.000000000           90.0000    0.0000
  py          1    0.000000000           90.0000    0.0000
  pz          1    0.000000000           90.0000    0.0000
   sum over m      0.000000000           90.0000    0.0000
  d3z^2-r^2   0    0.000000000           90.0000    0.0000
  dx^2-y^2    0    0.000000000           90.0000    0.0000
  dxy         0    0.000000000           90.0000    0.0000
  dxz         0    0.000000000           90.0000    0.0000
  dyz         0    0.000000000           90.0000    0.0000
   sum over m      0.000000000           90.0000    0.0000

   72   Si         Orbital Moment(muB)    Angles (Deg)
            multiple
  s           0    0.000000000           90.0000    0.0000
   sum over m      0.000000000           90.0000    0.0000
  s           1    0.000000000           90.0000    0.0000
   sum over m      0.000000000           90.0000    0.0000
  px          0    0.000000000           90.0000    0.0000
  py          0    0.000000000           90.0000    0.0000
  pz          0    0.000000000           90.0000    0.0000
   sum over m      0.000000000           90.0000    0.0000
  px          1    0.000000000           90.0000    0.0000
  py          1    0.000000000           90.0000    0.0000
  pz          1    0.000000000           90.0000    0.0000
   sum over m      0.000000000           90.0000    0.0000
  d3z^2-r^2   0    0.000000000           90.0000    0.0000
  dx^2-y^2    0    0.000000000           90.0000    0.0000
  dxy         0    0.000000000           90.0000    0.0000
  dxz         0    0.000000000           90.0000    0.0000
  dyz         0    0.000000000           90.0000    0.0000
   sum over m      0.000000000           90.0000    0.0000

   73   Si         Orbital Moment(muB)    Angles (Deg)
            multiple
  s           0    0.000000000           90.0000    0.0000
   sum over m      0.000000000           90.0000    0.0000
  s           1    0.000000000           90.0000    0.0000
   sum over m      0.000000000           90.0000    0.0000
  px          0    0.000000000           90.0000    0.0000
  py          0    0.000000000           90.0000    0.0000
  pz          0    0.000000000           90.0000    0.0000
   sum over m      0.000000000           90.0000    0.0000
  px          1    0.000000000           90.0000    0.0000
  py          1    0.000000000           90.0000    0.0000
  pz          1    0.000000000           90.0000    0.0000
   sum over m      0.000000000           90.0000    0.0000
  d3z^2-r^2   0    0.000000000           90.0000    0.0000
  dx^2-y^2    0    0.000000000           90.0000    0.0000
  dxy         0    0.000000000           90.0000    0.0000
  dxz         0    0.000000000           90.0000    0.0000
  dyz         0    0.000000000           90.0000    0.0000
   sum over m      0.000000000           90.0000    0.0000

   74   Si         Orbital Moment(muB)    Angles (Deg)
            multiple
  s           0    0.000000000           90.0000    0.0000
   sum over m      0.000000000           90.0000    0.0000
  s           1    0.000000000           90.0000    0.0000
   sum over m      0.000000000           90.0000    0.0000
  px          0    0.000000000           90.0000    0.0000
  py          0    0.000000000           90.0000    0.0000
  pz          0    0.000000000           90.0000    0.0000
   sum over m      0.000000000           90.0000    0.0000
  px          1    0.000000000           90.0000    0.0000
  py          1    0.000000000           90.0000    0.0000
  pz          1    0.000000000           90.0000    0.0000
   sum over m      0.000000000           90.0000    0.0000
  d3z^2-r^2   0    0.000000000           90.0000    0.0000
  dx^2-y^2    0    0.000000000           90.0000    0.0000
  dxy         0    0.000000000           90.0000    0.0000
  dxz         0    0.000000000           90.0000    0.0000
  dyz         0    0.000000000           90.0000    0.0000
   sum over m      0.000000000           90.0000    0.0000

   75   Si         Orbital Moment(muB)    Angles (Deg)
            multiple
  s           0    0.000000000           90.0000    0.0000
   sum over m      0.000000000           90.0000    0.0000
  s           1    0.000000000           90.0000    0.0000
   sum over m      0.000000000           90.0000    0.0000
  px          0    0.000000000           90.0000    0.0000
  py          0    0.000000000           90.0000    0.0000
  pz          0    0.000000000           90.0000    0.0000
   sum over m      0.000000000           90.0000    0.0000
  px          1    0.000000000           90.0000    0.0000
  py          1    0.000000000           90.0000    0.0000
  pz          1    0.000000000           90.0000    0.0000
   sum over m      0.000000000           90.0000    0.0000
  d3z^2-r^2   0    0.000000000           90.0000    0.0000
  dx^2-y^2    0    0.000000000           90.0000    0.0000
  dxy         0    0.000000000           90.0000    0.0000
  dxz         0    0.000000000           90.0000    0.0000
  dyz         0    0.000000000           90.0000    0.0000
   sum over m      0.000000000           90.0000    0.0000

   76   Si         Orbital Moment(muB)    Angles (Deg)
            multiple
  s           0    0.000000000           90.0000    0.0000
   sum over m      0.000000000           90.0000    0.0000
  s           1    0.000000000           90.0000    0.0000
   sum over m      0.000000000           90.0000    0.0000
  px          0    0.000000000           90.0000    0.0000
  py          0    0.000000000           90.0000    0.0000
  pz          0    0.000000000           90.0000    0.0000
   sum over m      0.000000000           90.0000    0.0000
  px          1    0.000000000           90.0000    0.0000
  py          1    0.000000000           90.0000    0.0000
  pz          1    0.000000000           90.0000    0.0000
   sum over m      0.000000000           90.0000    0.0000
  d3z^2-r^2   0    0.000000000           90.0000    0.0000
  dx^2-y^2    0    0.000000000           90.0000    0.0000
  dxy         0    0.000000000           90.0000    0.0000
  dxz         0    0.000000000           90.0000    0.0000
  dyz         0    0.000000000           90.0000    0.0000
   sum over m      0.000000000           90.0000    0.0000

   77   Si         Orbital Moment(muB)    Angles (Deg)
            multiple
  s           0    0.000000000           90.0000    0.0000
   sum over m      0.000000000           90.0000    0.0000
  s           1    0.000000000           90.0000    0.0000
   sum over m      0.000000000           90.0000    0.0000
  px          0    0.000000000           90.0000    0.0000
  py          0    0.000000000           90.0000    0.0000
  pz          0    0.000000000           90.0000    0.0000
   sum over m      0.000000000           90.0000    0.0000
  px          1    0.000000000           90.0000    0.0000
  py          1    0.000000000           90.0000    0.0000
  pz          1    0.000000000           90.0000    0.0000
   sum over m      0.000000000           90.0000    0.0000
  d3z^2-r^2   0    0.000000000           90.0000    0.0000
  dx^2-y^2    0    0.000000000           90.0000    0.0000
  dxy         0    0.000000000           90.0000    0.0000
  dxz         0    0.000000000           90.0000    0.0000
  dyz         0    0.000000000           90.0000    0.0000
   sum over m      0.000000000           90.0000    0.0000

   78   Si         Orbital Moment(muB)    Angles (Deg)
            multiple
  s           0    0.000000000           90.0000    0.0000
   sum over m      0.000000000           90.0000    0.0000
  s           1    0.000000000           90.0000    0.0000
   sum over m      0.000000000           90.0000    0.0000
  px          0    0.000000000           90.0000    0.0000
  py          0    0.000000000           90.0000    0.0000
  pz          0    0.000000000           90.0000    0.0000
   sum over m      0.000000000           90.0000    0.0000
  px          1    0.000000000           90.0000    0.0000
  py          1    0.000000000           90.0000    0.0000
  pz          1    0.000000000           90.0000    0.0000
   sum over m      0.000000000           90.0000    0.0000
  d3z^2-r^2   0    0.000000000           90.0000    0.0000
  dx^2-y^2    0    0.000000000           90.0000    0.0000
  dxy         0    0.000000000           90.0000    0.0000
  dxz         0    0.000000000           90.0000    0.0000
  dyz         0    0.000000000           90.0000    0.0000
   sum over m      0.000000000           90.0000    0.0000

   79   Si         Orbital Moment(muB)    Angles (Deg)
            multiple
  s           0    0.000000000           90.0000    0.0000
   sum over m      0.000000000           90.0000    0.0000
  s           1    0.000000000           90.0000    0.0000
   sum over m      0.000000000           90.0000    0.0000
  px          0    0.000000000           90.0000    0.0000
  py          0    0.000000000           90.0000    0.0000
  pz          0    0.000000000           90.0000    0.0000
   sum over m      0.000000000           90.0000    0.0000
  px          1    0.000000000           90.0000    0.0000
  py          1    0.000000000           90.0000    0.0000
  pz          1    0.000000000           90.0000    0.0000
   sum over m      0.000000000           90.0000    0.0000
  d3z^2-r^2   0    0.000000000           90.0000    0.0000
  dx^2-y^2    0    0.000000000           90.0000    0.0000
  dxy         0    0.000000000           90.0000    0.0000
  dxz         0    0.000000000           90.0000    0.0000
  dyz         0    0.000000000           90.0000    0.0000
   sum over m      0.000000000           90.0000    0.0000

   80   Si         Orbital Moment(muB)    Angles (Deg)
            multiple
  s           0    0.000000000           90.0000    0.0000
   sum over m      0.000000000           90.0000    0.0000
  s           1    0.000000000           90.0000    0.0000
   sum over m      0.000000000           90.0000    0.0000
  px          0    0.000000000           90.0000    0.0000
  py          0    0.000000000           90.0000    0.0000
  pz          0    0.000000000           90.0000    0.0000
   sum over m      0.000000000           90.0000    0.0000
  px          1    0.000000000           90.0000    0.0000
  py          1    0.000000000           90.0000    0.0000
  pz          1    0.000000000           90.0000    0.0000
   sum over m      0.000000000           90.0000    0.0000
  d3z^2-r^2   0    0.000000000           90.0000    0.0000
  dx^2-y^2    0    0.000000000           90.0000    0.0000
  dxy         0    0.000000000           90.0000    0.0000
  dxz         0    0.000000000           90.0000    0.0000
  dyz         0    0.000000000           90.0000    0.0000
   sum over m      0.000000000           90.0000    0.0000

   81   Si         Orbital Moment(muB)    Angles (Deg)
            multiple
  s           0    0.000000000           90.0000    0.0000
   sum over m      0.000000000           90.0000    0.0000
  s           1    0.000000000           90.0000    0.0000
   sum over m      0.000000000           90.0000    0.0000
  px          0    0.000000000           90.0000    0.0000
  py          0    0.000000000           90.0000    0.0000
  pz          0    0.000000000           90.0000    0.0000
   sum over m      0.000000000           90.0000    0.0000
  px          1    0.000000000           90.0000    0.0000
  py          1    0.000000000           90.0000    0.0000
  pz          1    0.000000000           90.0000    0.0000
   sum over m      0.000000000           90.0000    0.0000
  d3z^2-r^2   0    0.000000000           90.0000    0.0000
  dx^2-y^2    0    0.000000000           90.0000    0.0000
  dxy         0    0.000000000           90.0000    0.0000
  dxz         0    0.000000000           90.0000    0.0000
  dyz         0    0.000000000           90.0000    0.0000
   sum over m      0.000000000           90.0000    0.0000

   82   Si         Orbital Moment(muB)    Angles (Deg)
            multiple
  s           0    0.000000000           90.0000    0.0000
   sum over m      0.000000000           90.0000    0.0000
  s           1    0.000000000           90.0000    0.0000
   sum over m      0.000000000           90.0000    0.0000
  px          0    0.000000000           90.0000    0.0000
  py          0    0.000000000           90.0000    0.0000
  pz          0    0.000000000           90.0000    0.0000
   sum over m      0.000000000           90.0000    0.0000
  px          1    0.000000000           90.0000    0.0000
  py          1    0.000000000           90.0000    0.0000
  pz          1    0.000000000           90.0000    0.0000
   sum over m      0.000000000           90.0000    0.0000
  d3z^2-r^2   0    0.000000000           90.0000    0.0000
  dx^2-y^2    0    0.000000000           90.0000    0.0000
  dxy         0    0.000000000           90.0000    0.0000
  dxz         0    0.000000000           90.0000    0.0000
  dyz         0    0.000000000           90.0000    0.0000
   sum over m      0.000000000           90.0000    0.0000

   83   Si         Orbital Moment(muB)    Angles (Deg)
            multiple
  s           0    0.000000000           90.0000    0.0000
   sum over m      0.000000000           90.0000    0.0000
  s           1    0.000000000           90.0000    0.0000
   sum over m      0.000000000           90.0000    0.0000
  px          0    0.000000000           90.0000    0.0000
  py          0    0.000000000           90.0000    0.0000
  pz          0    0.000000000           90.0000    0.0000
   sum over m      0.000000000           90.0000    0.0000
  px          1    0.000000000           90.0000    0.0000
  py          1    0.000000000           90.0000    0.0000
  pz          1    0.000000000           90.0000    0.0000
   sum over m      0.000000000           90.0000    0.0000
  d3z^2-r^2   0    0.000000000           90.0000    0.0000
  dx^2-y^2    0    0.000000000           90.0000    0.0000
  dxy         0    0.000000000           90.0000    0.0000
  dxz         0    0.000000000           90.0000    0.0000
  dyz         0    0.000000000           90.0000    0.0000
   sum over m      0.000000000           90.0000    0.0000

   84   Si         Orbital Moment(muB)    Angles (Deg)
            multiple
  s           0    0.000000000           90.0000    0.0000
   sum over m      0.000000000           90.0000    0.0000
  s           1    0.000000000           90.0000    0.0000
   sum over m      0.000000000           90.0000    0.0000
  px          0    0.000000000           90.0000    0.0000
  py          0    0.000000000           90.0000    0.0000
  pz          0    0.000000000           90.0000    0.0000
   sum over m      0.000000000           90.0000    0.0000
  px          1    0.000000000           90.0000    0.0000
  py          1    0.000000000           90.0000    0.0000
  pz          1    0.000000000           90.0000    0.0000
   sum over m      0.000000000           90.0000    0.0000
  d3z^2-r^2   0    0.000000000           90.0000    0.0000
  dx^2-y^2    0    0.000000000           90.0000    0.0000
  dxy         0    0.000000000           90.0000    0.0000
  dxz         0    0.000000000           90.0000    0.0000
  dyz         0    0.000000000           90.0000    0.0000
   sum over m      0.000000000           90.0000    0.0000

   85   Si         Orbital Moment(muB)    Angles (Deg)
            multiple
  s           0    0.000000000           90.0000    0.0000
   sum over m      0.000000000           90.0000    0.0000
  s           1    0.000000000           90.0000    0.0000
   sum over m      0.000000000           90.0000    0.0000
  px          0    0.000000000           90.0000    0.0000
  py          0    0.000000000           90.0000    0.0000
  pz          0    0.000000000           90.0000    0.0000
   sum over m      0.000000000           90.0000    0.0000
  px          1    0.000000000           90.0000    0.0000
  py          1    0.000000000           90.0000    0.0000
  pz          1    0.000000000           90.0000    0.0000
   sum over m      0.000000000           90.0000    0.0000
  d3z^2-r^2   0    0.000000000           90.0000    0.0000
  dx^2-y^2    0    0.000000000           90.0000    0.0000
  dxy         0    0.000000000           90.0000    0.0000
  dxz         0    0.000000000           90.0000    0.0000
  dyz         0    0.000000000           90.0000    0.0000
   sum over m      0.000000000           90.0000    0.0000

   86   Si         Orbital Moment(muB)    Angles (Deg)
            multiple
  s           0    0.000000000           90.0000    0.0000
   sum over m      0.000000000           90.0000    0.0000
  s           1    0.000000000           90.0000    0.0000
   sum over m      0.000000000           90.0000    0.0000
  px          0    0.000000000           90.0000    0.0000
  py          0    0.000000000           90.0000    0.0000
  pz          0    0.000000000           90.0000    0.0000
   sum over m      0.000000000           90.0000    0.0000
  px          1    0.000000000           90.0000    0.0000
  py          1    0.000000000           90.0000    0.0000
  pz          1    0.000000000           90.0000    0.0000
   sum over m      0.000000000           90.0000    0.0000
  d3z^2-r^2   0    0.000000000           90.0000    0.0000
  dx^2-y^2    0    0.000000000           90.0000    0.0000
  dxy         0    0.000000000           90.0000    0.0000
  dxz         0    0.000000000           90.0000    0.0000
  dyz         0    0.000000000           90.0000    0.0000
   sum over m      0.000000000           90.0000    0.0000

   87   Si         Orbital Moment(muB)    Angles (Deg)
            multiple
  s           0    0.000000000           90.0000    0.0000
   sum over m      0.000000000           90.0000    0.0000
  s           1    0.000000000           90.0000    0.0000
   sum over m      0.000000000           90.0000    0.0000
  px          0    0.000000000           90.0000    0.0000
  py          0    0.000000000           90.0000    0.0000
  pz          0    0.000000000           90.0000    0.0000
   sum over m      0.000000000           90.0000    0.0000
  px          1    0.000000000           90.0000    0.0000
  py          1    0.000000000           90.0000    0.0000
  pz          1    0.000000000           90.0000    0.0000
   sum over m      0.000000000           90.0000    0.0000
  d3z^2-r^2   0    0.000000000           90.0000    0.0000
  dx^2-y^2    0    0.000000000           90.0000    0.0000
  dxy         0    0.000000000           90.0000    0.0000
  dxz         0    0.000000000           90.0000    0.0000
  dyz         0    0.000000000           90.0000    0.0000
   sum over m      0.000000000           90.0000    0.0000

   88   Si         Orbital Moment(muB)    Angles (Deg)
            multiple
  s           0    0.000000000           90.0000    0.0000
   sum over m      0.000000000           90.0000    0.0000
  s           1    0.000000000           90.0000    0.0000
   sum over m      0.000000000           90.0000    0.0000
  px          0    0.000000000           90.0000    0.0000
  py          0    0.000000000           90.0000    0.0000
  pz          0    0.000000000           90.0000    0.0000
   sum over m      0.000000000           90.0000    0.0000
  px          1    0.000000000           90.0000    0.0000
  py          1    0.000000000           90.0000    0.0000
  pz          1    0.000000000           90.0000    0.0000
   sum over m      0.000000000           90.0000    0.0000
  d3z^2-r^2   0    0.000000000           90.0000    0.0000
  dx^2-y^2    0    0.000000000           90.0000    0.0000
  dxy         0    0.000000000           90.0000    0.0000
  dxz         0    0.000000000           90.0000    0.0000
  dyz         0    0.000000000           90.0000    0.0000
   sum over m      0.000000000           90.0000    0.0000

   89   Si         Orbital Moment(muB)    Angles (Deg)
            multiple
  s           0    0.000000000           90.0000    0.0000
   sum over m      0.000000000           90.0000    0.0000
  s           1    0.000000000           90.0000    0.0000
   sum over m      0.000000000           90.0000    0.0000
  px          0    0.000000000           90.0000    0.0000
  py          0    0.000000000           90.0000    0.0000
  pz          0    0.000000000           90.0000    0.0000
   sum over m      0.000000000           90.0000    0.0000
  px          1    0.000000000           90.0000    0.0000
  py          1    0.000000000           90.0000    0.0000
  pz          1    0.000000000           90.0000    0.0000
   sum over m      0.000000000           90.0000    0.0000
  d3z^2-r^2   0    0.000000000           90.0000    0.0000
  dx^2-y^2    0    0.000000000           90.0000    0.0000
  dxy         0    0.000000000           90.0000    0.0000
  dxz         0    0.000000000           90.0000    0.0000
  dyz         0    0.000000000           90.0000    0.0000
   sum over m      0.000000000           90.0000    0.0000

   90   Si         Orbital Moment(muB)    Angles (Deg)
            multiple
  s           0    0.000000000           90.0000    0.0000
   sum over m      0.000000000           90.0000    0.0000
  s           1    0.000000000           90.0000    0.0000
   sum over m      0.000000000           90.0000    0.0000
  px          0    0.000000000           90.0000    0.0000
  py          0    0.000000000           90.0000    0.0000
  pz          0    0.000000000           90.0000    0.0000
   sum over m      0.000000000           90.0000    0.0000
  px          1    0.000000000           90.0000    0.0000
  py          1    0.000000000           90.0000    0.0000
  pz          1    0.000000000           90.0000    0.0000
   sum over m      0.000000000           90.0000    0.0000
  d3z^2-r^2   0    0.000000000           90.0000    0.0000
  dx^2-y^2    0    0.000000000           90.0000    0.0000
  dxy         0    0.000000000           90.0000    0.0000
  dxz         0    0.000000000           90.0000    0.0000
  dyz         0    0.000000000           90.0000    0.0000
   sum over m      0.000000000           90.0000    0.0000

   91   Si         Orbital Moment(muB)    Angles (Deg)
            multiple
  s           0    0.000000000           90.0000    0.0000
   sum over m      0.000000000           90.0000    0.0000
  s           1    0.000000000           90.0000    0.0000
   sum over m      0.000000000           90.0000    0.0000
  px          0    0.000000000           90.0000    0.0000
  py          0    0.000000000           90.0000    0.0000
  pz          0    0.000000000           90.0000    0.0000
   sum over m      0.000000000           90.0000    0.0000
  px          1    0.000000000           90.0000    0.0000
  py          1    0.000000000           90.0000    0.0000
  pz          1    0.000000000           90.0000    0.0000
   sum over m      0.000000000           90.0000    0.0000
  d3z^2-r^2   0    0.000000000           90.0000    0.0000
  dx^2-y^2    0    0.000000000           90.0000    0.0000
  dxy         0    0.000000000           90.0000    0.0000
  dxz         0    0.000000000           90.0000    0.0000
  dyz         0    0.000000000           90.0000    0.0000
   sum over m      0.000000000           90.0000    0.0000

   92   Si         Orbital Moment(muB)    Angles (Deg)
            multiple
  s           0    0.000000000           90.0000    0.0000
   sum over m      0.000000000           90.0000    0.0000
  s           1    0.000000000           90.0000    0.0000
   sum over m      0.000000000           90.0000    0.0000
  px          0    0.000000000           90.0000    0.0000
  py          0    0.000000000           90.0000    0.0000
  pz          0    0.000000000           90.0000    0.0000
   sum over m      0.000000000           90.0000    0.0000
  px          1    0.000000000           90.0000    0.0000
  py          1    0.000000000           90.0000    0.0000
  pz          1    0.000000000           90.0000    0.0000
   sum over m      0.000000000           90.0000    0.0000
  d3z^2-r^2   0    0.000000000           90.0000    0.0000
  dx^2-y^2    0    0.000000000           90.0000    0.0000
  dxy         0    0.000000000           90.0000    0.0000
  dxz         0    0.000000000           90.0000    0.0000
  dyz         0    0.000000000           90.0000    0.0000
   sum over m      0.000000000           90.0000    0.0000

   93   Si         Orbital Moment(muB)    Angles (Deg)
            multiple
  s           0    0.000000000           90.0000    0.0000
   sum over m      0.000000000           90.0000    0.0000
  s           1    0.000000000           90.0000    0.0000
   sum over m      0.000000000           90.0000    0.0000
  px          0    0.000000000           90.0000    0.0000
  py          0    0.000000000           90.0000    0.0000
  pz          0    0.000000000           90.0000    0.0000
   sum over m      0.000000000           90.0000    0.0000
  px          1    0.000000000           90.0000    0.0000
  py          1    0.000000000           90.0000    0.0000
  pz          1    0.000000000           90.0000    0.0000
   sum over m      0.000000000           90.0000    0.0000
  d3z^2-r^2   0    0.000000000           90.0000    0.0000
  dx^2-y^2    0    0.000000000           90.0000    0.0000
  dxy         0    0.000000000           90.0000    0.0000
  dxz         0    0.000000000           90.0000    0.0000
  dyz         0    0.000000000           90.0000    0.0000
   sum over m      0.000000000           90.0000    0.0000

   94   Si         Orbital Moment(muB)    Angles (Deg)
            multiple
  s           0    0.000000000           90.0000    0.0000
   sum over m      0.000000000           90.0000    0.0000
  s           1    0.000000000           90.0000    0.0000
   sum over m      0.000000000           90.0000    0.0000
  px          0    0.000000000           90.0000    0.0000
  py          0    0.000000000           90.0000    0.0000
  pz          0    0.000000000           90.0000    0.0000
   sum over m      0.000000000           90.0000    0.0000
  px          1    0.000000000           90.0000    0.0000
  py          1    0.000000000           90.0000    0.0000
  pz          1    0.000000000           90.0000    0.0000
   sum over m      0.000000000           90.0000    0.0000
  d3z^2-r^2   0    0.000000000           90.0000    0.0000
  dx^2-y^2    0    0.000000000           90.0000    0.0000
  dxy         0    0.000000000           90.0000    0.0000
  dxz         0    0.000000000           90.0000    0.0000
  dyz         0    0.000000000           90.0000    0.0000
   sum over m      0.000000000           90.0000    0.0000

   95   Si         Orbital Moment(muB)    Angles (Deg)
            multiple
  s           0    0.000000000           90.0000    0.0000
   sum over m      0.000000000           90.0000    0.0000
  s           1    0.000000000           90.0000    0.0000
   sum over m      0.000000000           90.0000    0.0000
  px          0    0.000000000           90.0000    0.0000
  py          0    0.000000000           90.0000    0.0000
  pz          0    0.000000000           90.0000    0.0000
   sum over m      0.000000000           90.0000    0.0000
  px          1    0.000000000           90.0000    0.0000
  py          1    0.000000000           90.0000    0.0000
  pz          1    0.000000000           90.0000    0.0000
   sum over m      0.000000000           90.0000    0.0000
  d3z^2-r^2   0    0.000000000           90.0000    0.0000
  dx^2-y^2    0    0.000000000           90.0000    0.0000
  dxy         0    0.000000000           90.0000    0.0000
  dxz         0    0.000000000           90.0000    0.0000
  dyz         0    0.000000000           90.0000    0.0000
   sum over m      0.000000000           90.0000    0.0000

   96   Si         Orbital Moment(muB)    Angles (Deg)
            multiple
  s           0    0.000000000           90.0000    0.0000
   sum over m      0.000000000           90.0000    0.0000
  s           1    0.000000000           90.0000    0.0000
   sum over m      0.000000000           90.0000    0.0000
  px          0    0.000000000           90.0000    0.0000
  py          0    0.000000000           90.0000    0.0000
  pz          0    0.000000000           90.0000    0.0000
   sum over m      0.000000000           90.0000    0.0000
  px          1    0.000000000           90.0000    0.0000
  py          1    0.000000000           90.0000    0.0000
  pz          1    0.000000000           90.0000    0.0000
   sum over m      0.000000000           90.0000    0.0000
  d3z^2-r^2   0    0.000000000           90.0000    0.0000
  dx^2-y^2    0    0.000000000           90.0000    0.0000
  dxy         0    0.000000000           90.0000    0.0000
  dxz         0    0.000000000           90.0000    0.0000
  dyz         0    0.000000000           90.0000    0.0000
   sum over m      0.000000000           90.0000    0.0000

   97   Si         Orbital Moment(muB)    Angles (Deg)
            multiple
  s           0    0.000000000           90.0000    0.0000
   sum over m      0.000000000           90.0000    0.0000
  s           1    0.000000000           90.0000    0.0000
   sum over m      0.000000000           90.0000    0.0000
  px          0    0.000000000           90.0000    0.0000
  py          0    0.000000000           90.0000    0.0000
  pz          0    0.000000000           90.0000    0.0000
   sum over m      0.000000000           90.0000    0.0000
  px          1    0.000000000           90.0000    0.0000
  py          1    0.000000000           90.0000    0.0000
  pz          1    0.000000000           90.0000    0.0000
   sum over m      0.000000000           90.0000    0.0000
  d3z^2-r^2   0    0.000000000           90.0000    0.0000
  dx^2-y^2    0    0.000000000           90.0000    0.0000
  dxy         0    0.000000000           90.0000    0.0000
  dxz         0    0.000000000           90.0000    0.0000
  dyz         0    0.000000000           90.0000    0.0000
   sum over m      0.000000000           90.0000    0.0000

   98   Si         Orbital Moment(muB)    Angles (Deg)
            multiple
  s           0    0.000000000           90.0000    0.0000
   sum over m      0.000000000           90.0000    0.0000
  s           1    0.000000000           90.0000    0.0000
   sum over m      0.000000000           90.0000    0.0000
  px          0    0.000000000           90.0000    0.0000
  py          0    0.000000000           90.0000    0.0000
  pz          0    0.000000000           90.0000    0.0000
   sum over m      0.000000000           90.0000    0.0000
  px          1    0.000000000           90.0000    0.0000
  py          1    0.000000000           90.0000    0.0000
  pz          1    0.000000000           90.0000    0.0000
   sum over m      0.000000000           90.0000    0.0000
  d3z^2-r^2   0    0.000000000           90.0000    0.0000
  dx^2-y^2    0    0.000000000           90.0000    0.0000
  dxy         0    0.000000000           90.0000    0.0000
  dxz         0    0.000000000           90.0000    0.0000
  dyz         0    0.000000000           90.0000    0.0000
   sum over m      0.000000000           90.0000    0.0000

   99   Si         Orbital Moment(muB)    Angles (Deg)
            multiple
  s           0    0.000000000           90.0000    0.0000
   sum over m      0.000000000           90.0000    0.0000
  s           1    0.000000000           90.0000    0.0000
   sum over m      0.000000000           90.0000    0.0000
  px          0    0.000000000           90.0000    0.0000
  py          0    0.000000000           90.0000    0.0000
  pz          0    0.000000000           90.0000    0.0000
   sum over m      0.000000000           90.0000    0.0000
  px          1    0.000000000           90.0000    0.0000
  py          1    0.000000000           90.0000    0.0000
  pz          1    0.000000000           90.0000    0.0000
   sum over m      0.000000000           90.0000    0.0000
  d3z^2-r^2   0    0.000000000           90.0000    0.0000
  dx^2-y^2    0    0.000000000           90.0000    0.0000
  dxy         0    0.000000000           90.0000    0.0000
  dxz         0    0.000000000           90.0000    0.0000
  dyz         0    0.000000000           90.0000    0.0000
   sum over m      0.000000000           90.0000    0.0000

  100   Si         Orbital Moment(muB)    Angles (Deg)
            multiple
  s           0    0.000000000           90.0000    0.0000
   sum over m      0.000000000           90.0000    0.0000
  s           1    0.000000000           90.0000    0.0000
   sum over m      0.000000000           90.0000    0.0000
  px          0    0.000000000           90.0000    0.0000
  py          0    0.000000000           90.0000    0.0000
  pz          0    0.000000000           90.0000    0.0000
   sum over m      0.000000000           90.0000    0.0000
  px          1    0.000000000           90.0000    0.0000
  py          1    0.000000000           90.0000    0.0000
  pz          1    0.000000000           90.0000    0.0000
   sum over m      0.000000000           90.0000    0.0000
  d3z^2-r^2   0    0.000000000           90.0000    0.0000
  dx^2-y^2    0    0.000000000           90.0000    0.0000
  dxy         0    0.000000000           90.0000    0.0000
  dxz         0    0.000000000           90.0000    0.0000
  dyz         0    0.000000000           90.0000    0.0000
   sum over m      0.000000000           90.0000    0.0000

  101   Si         Orbital Moment(muB)    Angles (Deg)
            multiple
  s           0    0.000000000           90.0000    0.0000
   sum over m      0.000000000           90.0000    0.0000
  s           1    0.000000000           90.0000    0.0000
   sum over m      0.000000000           90.0000    0.0000
  px          0    0.000000000           90.0000    0.0000
  py          0    0.000000000           90.0000    0.0000
  pz          0    0.000000000           90.0000    0.0000
   sum over m      0.000000000           90.0000    0.0000
  px          1    0.000000000           90.0000    0.0000
  py          1    0.000000000           90.0000    0.0000
  pz          1    0.000000000           90.0000    0.0000
   sum over m      0.000000000           90.0000    0.0000
  d3z^2-r^2   0    0.000000000           90.0000    0.0000
  dx^2-y^2    0    0.000000000           90.0000    0.0000
  dxy         0    0.000000000           90.0000    0.0000
  dxz         0    0.000000000           90.0000    0.0000
  dyz         0    0.000000000           90.0000    0.0000
   sum over m      0.000000000           90.0000    0.0000

  102   Si         Orbital Moment(muB)    Angles (Deg)
            multiple
  s           0    0.000000000           90.0000    0.0000
   sum over m      0.000000000           90.0000    0.0000
  s           1    0.000000000           90.0000    0.0000
   sum over m      0.000000000           90.0000    0.0000
  px          0    0.000000000           90.0000    0.0000
  py          0    0.000000000           90.0000    0.0000
  pz          0    0.000000000           90.0000    0.0000
   sum over m      0.000000000           90.0000    0.0000
  px          1    0.000000000           90.0000    0.0000
  py          1    0.000000000           90.0000    0.0000
  pz          1    0.000000000           90.0000    0.0000
   sum over m      0.000000000           90.0000    0.0000
  d3z^2-r^2   0    0.000000000           90.0000    0.0000
  dx^2-y^2    0    0.000000000           90.0000    0.0000
  dxy         0    0.000000000           90.0000    0.0000
  dxz         0    0.000000000           90.0000    0.0000
  dyz         0    0.000000000           90.0000    0.0000
   sum over m      0.000000000           90.0000    0.0000

  103   Si         Orbital Moment(muB)    Angles (Deg)
            multiple
  s           0    0.000000000           90.0000    0.0000
   sum over m      0.000000000           90.0000    0.0000
  s           1    0.000000000           90.0000    0.0000
   sum over m      0.000000000           90.0000    0.0000
  px          0    0.000000000           90.0000    0.0000
  py          0    0.000000000           90.0000    0.0000
  pz          0    0.000000000           90.0000    0.0000
   sum over m      0.000000000           90.0000    0.0000
  px          1    0.000000000           90.0000    0.0000
  py          1    0.000000000           90.0000    0.0000
  pz          1    0.000000000           90.0000    0.0000
   sum over m      0.000000000           90.0000    0.0000
  d3z^2-r^2   0    0.000000000           90.0000    0.0000
  dx^2-y^2    0    0.000000000           90.0000    0.0000
  dxy         0    0.000000000           90.0000    0.0000
  dxz         0    0.000000000           90.0000    0.0000
  dyz         0    0.000000000           90.0000    0.0000
   sum over m      0.000000000           90.0000    0.0000

  104   Si         Orbital Moment(muB)    Angles (Deg)
            multiple
  s           0    0.000000000           90.0000    0.0000
   sum over m      0.000000000           90.0000    0.0000
  s           1    0.000000000           90.0000    0.0000
   sum over m      0.000000000           90.0000    0.0000
  px          0    0.000000000           90.0000    0.0000
  py          0    0.000000000           90.0000    0.0000
  pz          0    0.000000000           90.0000    0.0000
   sum over m      0.000000000           90.0000    0.0000
  px          1    0.000000000           90.0000    0.0000
  py          1    0.000000000           90.0000    0.0000
  pz          1    0.000000000           90.0000    0.0000
   sum over m      0.000000000           90.0000    0.0000
  d3z^2-r^2   0    0.000000000           90.0000    0.0000
  dx^2-y^2    0    0.000000000           90.0000    0.0000
  dxy         0    0.000000000           90.0000    0.0000
  dxz         0    0.000000000           90.0000    0.0000
  dyz         0    0.000000000           90.0000    0.0000
   sum over m      0.000000000           90.0000    0.0000

  105   Si         Orbital Moment(muB)    Angles (Deg)
            multiple
  s           0    0.000000000           90.0000    0.0000
   sum over m      0.000000000           90.0000    0.0000
  s           1    0.000000000           90.0000    0.0000
   sum over m      0.000000000           90.0000    0.0000
  px          0    0.000000000           90.0000    0.0000
  py          0    0.000000000           90.0000    0.0000
  pz          0    0.000000000           90.0000    0.0000
   sum over m      0.000000000           90.0000    0.0000
  px          1    0.000000000           90.0000    0.0000
  py          1    0.000000000           90.0000    0.0000
  pz          1    0.000000000           90.0000    0.0000
   sum over m      0.000000000           90.0000    0.0000
  d3z^2-r^2   0    0.000000000           90.0000    0.0000
  dx^2-y^2    0    0.000000000           90.0000    0.0000
  dxy         0    0.000000000           90.0000    0.0000
  dxz         0    0.000000000           90.0000    0.0000
  dyz         0    0.000000000           90.0000    0.0000
   sum over m      0.000000000           90.0000    0.0000

  106   Si         Orbital Moment(muB)    Angles (Deg)
            multiple
  s           0    0.000000000           90.0000    0.0000
   sum over m      0.000000000           90.0000    0.0000
  s           1    0.000000000           90.0000    0.0000
   sum over m      0.000000000           90.0000    0.0000
  px          0    0.000000000           90.0000    0.0000
  py          0    0.000000000           90.0000    0.0000
  pz          0    0.000000000           90.0000    0.0000
   sum over m      0.000000000           90.0000    0.0000
  px          1    0.000000000           90.0000    0.0000
  py          1    0.000000000           90.0000    0.0000
  pz          1    0.000000000           90.0000    0.0000
   sum over m      0.000000000           90.0000    0.0000
  d3z^2-r^2   0    0.000000000           90.0000    0.0000
  dx^2-y^2    0    0.000000000           90.0000    0.0000
  dxy         0    0.000000000           90.0000    0.0000
  dxz         0    0.000000000           90.0000    0.0000
  dyz         0    0.000000000           90.0000    0.0000
   sum over m      0.000000000           90.0000    0.0000

  107   Si         Orbital Moment(muB)    Angles (Deg)
            multiple
  s           0    0.000000000           90.0000    0.0000
   sum over m      0.000000000           90.0000    0.0000
  s           1    0.000000000           90.0000    0.0000
   sum over m      0.000000000           90.0000    0.0000
  px          0    0.000000000           90.0000    0.0000
  py          0    0.000000000           90.0000    0.0000
  pz          0    0.000000000           90.0000    0.0000
   sum over m      0.000000000           90.0000    0.0000
  px          1    0.000000000           90.0000    0.0000
  py          1    0.000000000           90.0000    0.0000
  pz          1    0.000000000           90.0000    0.0000
   sum over m      0.000000000           90.0000    0.0000
  d3z^2-r^2   0    0.000000000           90.0000    0.0000
  dx^2-y^2    0    0.000000000           90.0000    0.0000
  dxy         0    0.000000000           90.0000    0.0000
  dxz         0    0.000000000           90.0000    0.0000
  dyz         0    0.000000000           90.0000    0.0000
   sum over m      0.000000000           90.0000    0.0000

  108   Si         Orbital Moment(muB)    Angles (Deg)
            multiple
  s           0    0.000000000           90.0000    0.0000
   sum over m      0.000000000           90.0000    0.0000
  s           1    0.000000000           90.0000    0.0000
   sum over m      0.000000000           90.0000    0.0000
  px          0    0.000000000           90.0000    0.0000
  py          0    0.000000000           90.0000    0.0000
  pz          0    0.000000000           90.0000    0.0000
   sum over m      0.000000000           90.0000    0.0000
  px          1    0.000000000           90.0000    0.0000
  py          1    0.000000000           90.0000    0.0000
  pz          1    0.000000000           90.0000    0.0000
   sum over m      0.000000000           90.0000    0.0000
  d3z^2-r^2   0    0.000000000           90.0000    0.0000
  dx^2-y^2    0    0.000000000           90.0000    0.0000
  dxy         0    0.000000000           90.0000    0.0000
  dxz         0    0.000000000           90.0000    0.0000
  dyz         0    0.000000000           90.0000    0.0000
   sum over m      0.000000000           90.0000    0.0000

  109   Si         Orbital Moment(muB)    Angles (Deg)
            multiple
  s           0    0.000000000           90.0000    0.0000
   sum over m      0.000000000           90.0000    0.0000
  s           1    0.000000000           90.0000    0.0000
   sum over m      0.000000000           90.0000    0.0000
  px          0    0.000000000           90.0000    0.0000
  py          0    0.000000000           90.0000    0.0000
  pz          0    0.000000000           90.0000    0.0000
   sum over m      0.000000000           90.0000    0.0000
  px          1    0.000000000           90.0000    0.0000
  py          1    0.000000000           90.0000    0.0000
  pz          1    0.000000000           90.0000    0.0000
   sum over m      0.000000000           90.0000    0.0000
  d3z^2-r^2   0    0.000000000           90.0000    0.0000
  dx^2-y^2    0    0.000000000           90.0000    0.0000
  dxy         0    0.000000000           90.0000    0.0000
  dxz         0    0.000000000           90.0000    0.0000
  dyz         0    0.000000000           90.0000    0.0000
   sum over m      0.000000000           90.0000    0.0000

  110   Si         Orbital Moment(muB)    Angles (Deg)
            multiple
  s           0    0.000000000           90.0000    0.0000
   sum over m      0.000000000           90.0000    0.0000
  s           1    0.000000000           90.0000    0.0000
   sum over m      0.000000000           90.0000    0.0000
  px          0    0.000000000           90.0000    0.0000
  py          0    0.000000000           90.0000    0.0000
  pz          0    0.000000000           90.0000    0.0000
   sum over m      0.000000000           90.0000    0.0000
  px          1    0.000000000           90.0000    0.0000
  py          1    0.000000000           90.0000    0.0000
  pz          1    0.000000000           90.0000    0.0000
   sum over m      0.000000000           90.0000    0.0000
  d3z^2-r^2   0    0.000000000           90.0000    0.0000
  dx^2-y^2    0    0.000000000           90.0000    0.0000
  dxy         0    0.000000000           90.0000    0.0000
  dxz         0    0.000000000           90.0000    0.0000
  dyz         0    0.000000000           90.0000    0.0000
   sum over m      0.000000000           90.0000    0.0000

  111   Si         Orbital Moment(muB)    Angles (Deg)
            multiple
  s           0    0.000000000           90.0000    0.0000
   sum over m      0.000000000           90.0000    0.0000
  s           1    0.000000000           90.0000    0.0000
   sum over m      0.000000000           90.0000    0.0000
  px          0    0.000000000           90.0000    0.0000
  py          0    0.000000000           90.0000    0.0000
  pz          0    0.000000000           90.0000    0.0000
   sum over m      0.000000000           90.0000    0.0000
  px          1    0.000000000           90.0000    0.0000
  py          1    0.000000000           90.0000    0.0000
  pz          1    0.000000000           90.0000    0.0000
   sum over m      0.000000000           90.0000    0.0000
  d3z^2-r^2   0    0.000000000           90.0000    0.0000
  dx^2-y^2    0    0.000000000           90.0000    0.0000
  dxy         0    0.000000000           90.0000    0.0000
  dxz         0    0.000000000           90.0000    0.0000
  dyz         0    0.000000000           90.0000    0.0000
   sum over m      0.000000000           90.0000    0.0000

  112   Si         Orbital Moment(muB)    Angles (Deg)
            multiple
  s           0    0.000000000           90.0000    0.0000
   sum over m      0.000000000           90.0000    0.0000
  s           1    0.000000000           90.0000    0.0000
   sum over m      0.000000000           90.0000    0.0000
  px          0    0.000000000           90.0000    0.0000
  py          0    0.000000000           90.0000    0.0000
  pz          0    0.000000000           90.0000    0.0000
   sum over m      0.000000000           90.0000    0.0000
  px          1    0.000000000           90.0000    0.0000
  py          1    0.000000000           90.0000    0.0000
  pz          1    0.000000000           90.0000    0.0000
   sum over m      0.000000000           90.0000    0.0000
  d3z^2-r^2   0    0.000000000           90.0000    0.0000
  dx^2-y^2    0    0.000000000           90.0000    0.0000
  dxy         0    0.000000000           90.0000    0.0000
  dxz         0    0.000000000           90.0000    0.0000
  dyz         0    0.000000000           90.0000    0.0000
   sum over m      0.000000000           90.0000    0.0000

  113   Si         Orbital Moment(muB)    Angles (Deg)
            multiple
  s           0    0.000000000           90.0000    0.0000
   sum over m      0.000000000           90.0000    0.0000
  s           1    0.000000000           90.0000    0.0000
   sum over m      0.000000000           90.0000    0.0000
  px          0    0.000000000           90.0000    0.0000
  py          0    0.000000000           90.0000    0.0000
  pz          0    0.000000000           90.0000    0.0000
   sum over m      0.000000000           90.0000    0.0000
  px          1    0.000000000           90.0000    0.0000
  py          1    0.000000000           90.0000    0.0000
  pz          1    0.000000000           90.0000    0.0000
   sum over m      0.000000000           90.0000    0.0000
  d3z^2-r^2   0    0.000000000           90.0000    0.0000
  dx^2-y^2    0    0.000000000           90.0000    0.0000
  dxy         0    0.000000000           90.0000    0.0000
  dxz         0    0.000000000           90.0000    0.0000
  dyz         0    0.000000000           90.0000    0.0000
   sum over m      0.000000000           90.0000    0.0000

  114   Si         Orbital Moment(muB)    Angles (Deg)
            multiple
  s           0    0.000000000           90.0000    0.0000
   sum over m      0.000000000           90.0000    0.0000
  s           1    0.000000000           90.0000    0.0000
   sum over m      0.000000000           90.0000    0.0000
  px          0    0.000000000           90.0000    0.0000
  py          0    0.000000000           90.0000    0.0000
  pz          0    0.000000000           90.0000    0.0000
   sum over m      0.000000000           90.0000    0.0000
  px          1    0.000000000           90.0000    0.0000
  py          1    0.000000000           90.0000    0.0000
  pz          1    0.000000000           90.0000    0.0000
   sum over m      0.000000000           90.0000    0.0000
  d3z^2-r^2   0    0.000000000           90.0000    0.0000
  dx^2-y^2    0    0.000000000           90.0000    0.0000
  dxy         0    0.000000000           90.0000    0.0000
  dxz         0    0.000000000           90.0000    0.0000
  dyz         0    0.000000000           90.0000    0.0000
   sum over m      0.000000000           90.0000    0.0000

  115   Si         Orbital Moment(muB)    Angles (Deg)
            multiple
  s           0    0.000000000           90.0000    0.0000
   sum over m      0.000000000           90.0000    0.0000
  s           1    0.000000000           90.0000    0.0000
   sum over m      0.000000000           90.0000    0.0000
  px          0    0.000000000           90.0000    0.0000
  py          0    0.000000000           90.0000    0.0000
  pz          0    0.000000000           90.0000    0.0000
   sum over m      0.000000000           90.0000    0.0000
  px          1    0.000000000           90.0000    0.0000
  py          1    0.000000000           90.0000    0.0000
  pz          1    0.000000000           90.0000    0.0000
   sum over m      0.000000000           90.0000    0.0000
  d3z^2-r^2   0    0.000000000           90.0000    0.0000
  dx^2-y^2    0    0.000000000           90.0000    0.0000
  dxy         0    0.000000000           90.0000    0.0000
  dxz         0    0.000000000           90.0000    0.0000
  dyz         0    0.000000000           90.0000    0.0000
   sum over m      0.000000000           90.0000    0.0000

  116   Si         Orbital Moment(muB)    Angles (Deg)
            multiple
  s           0    0.000000000           90.0000    0.0000
   sum over m      0.000000000           90.0000    0.0000
  s           1    0.000000000           90.0000    0.0000
   sum over m      0.000000000           90.0000    0.0000
  px          0    0.000000000           90.0000    0.0000
  py          0    0.000000000           90.0000    0.0000
  pz          0    0.000000000           90.0000    0.0000
   sum over m      0.000000000           90.0000    0.0000
  px          1    0.000000000           90.0000    0.0000
  py          1    0.000000000           90.0000    0.0000
  pz          1    0.000000000           90.0000    0.0000
   sum over m      0.000000000           90.0000    0.0000
  d3z^2-r^2   0    0.000000000           90.0000    0.0000
  dx^2-y^2    0    0.000000000           90.0000    0.0000
  dxy         0    0.000000000           90.0000    0.0000
  dxz         0    0.000000000           90.0000    0.0000
  dyz         0    0.000000000           90.0000    0.0000
   sum over m      0.000000000           90.0000    0.0000

  117   Si         Orbital Moment(muB)    Angles (Deg)
            multiple
  s           0    0.000000000           90.0000    0.0000
   sum over m      0.000000000           90.0000    0.0000
  s           1    0.000000000           90.0000    0.0000
   sum over m      0.000000000           90.0000    0.0000
  px          0    0.000000000           90.0000    0.0000
  py          0    0.000000000           90.0000    0.0000
  pz          0    0.000000000           90.0000    0.0000
   sum over m      0.000000000           90.0000    0.0000
  px          1    0.000000000           90.0000    0.0000
  py          1    0.000000000           90.0000    0.0000
  pz          1    0.000000000           90.0000    0.0000
   sum over m      0.000000000           90.0000    0.0000
  d3z^2-r^2   0    0.000000000           90.0000    0.0000
  dx^2-y^2    0    0.000000000           90.0000    0.0000
  dxy         0    0.000000000           90.0000    0.0000
  dxz         0    0.000000000           90.0000    0.0000
  dyz         0    0.000000000           90.0000    0.0000
   sum over m      0.000000000           90.0000    0.0000

  118   Si         Orbital Moment(muB)    Angles (Deg)
            multiple
  s           0    0.000000000           90.0000    0.0000
   sum over m      0.000000000           90.0000    0.0000
  s           1    0.000000000           90.0000    0.0000
   sum over m      0.000000000           90.0000    0.0000
  px          0    0.000000000           90.0000    0.0000
  py          0    0.000000000           90.0000    0.0000
  pz          0    0.000000000           90.0000    0.0000
   sum over m      0.000000000           90.0000    0.0000
  px          1    0.000000000           90.0000    0.0000
  py          1    0.000000000           90.0000    0.0000
  pz          1    0.000000000           90.0000    0.0000
   sum over m      0.000000000           90.0000    0.0000
  d3z^2-r^2   0    0.000000000           90.0000    0.0000
  dx^2-y^2    0    0.000000000           90.0000    0.0000
  dxy         0    0.000000000           90.0000    0.0000
  dxz         0    0.000000000           90.0000    0.0000
  dyz         0    0.000000000           90.0000    0.0000
   sum over m      0.000000000           90.0000    0.0000

  119   Si         Orbital Moment(muB)    Angles (Deg)
            multiple
  s           0    0.000000000           90.0000    0.0000
   sum over m      0.000000000           90.0000    0.0000
  s           1    0.000000000           90.0000    0.0000
   sum over m      0.000000000           90.0000    0.0000
  px          0    0.000000000           90.0000    0.0000
  py          0    0.000000000           90.0000    0.0000
  pz          0    0.000000000           90.0000    0.0000
   sum over m      0.000000000           90.0000    0.0000
  px          1    0.000000000           90.0000    0.0000
  py          1    0.000000000           90.0000    0.0000
  pz          1    0.000000000           90.0000    0.0000
   sum over m      0.000000000           90.0000    0.0000
  d3z^2-r^2   0    0.000000000           90.0000    0.0000
  dx^2-y^2    0    0.000000000           90.0000    0.0000
  dxy         0    0.000000000           90.0000    0.0000
  dxz         0    0.000000000           90.0000    0.0000
  dyz         0    0.000000000           90.0000    0.0000
   sum over m      0.000000000           90.0000    0.0000

  120   Si         Orbital Moment(muB)    Angles (Deg)
            multiple
  s           0    0.000000000           90.0000    0.0000
   sum over m      0.000000000           90.0000    0.0000
  s           1    0.000000000           90.0000    0.0000
   sum over m      0.000000000           90.0000    0.0000
  px          0    0.000000000           90.0000    0.0000
  py          0    0.000000000           90.0000    0.0000
  pz          0    0.000000000           90.0000    0.0000
   sum over m      0.000000000           90.0000    0.0000
  px          1    0.000000000           90.0000    0.0000
  py          1    0.000000000           90.0000    0.0000
  pz          1    0.000000000           90.0000    0.0000
   sum over m      0.000000000           90.0000    0.0000
  d3z^2-r^2   0    0.000000000           90.0000    0.0000
  dx^2-y^2    0    0.000000000           90.0000    0.0000
  dxy         0    0.000000000           90.0000    0.0000
  dxz         0    0.000000000           90.0000    0.0000
  dyz         0    0.000000000           90.0000    0.0000
   sum over m      0.000000000           90.0000    0.0000

  121   Si         Orbital Moment(muB)    Angles (Deg)
            multiple
  s           0    0.000000000           90.0000    0.0000
   sum over m      0.000000000           90.0000    0.0000
  s           1    0.000000000           90.0000    0.0000
   sum over m      0.000000000           90.0000    0.0000
  px          0    0.000000000           90.0000    0.0000
  py          0    0.000000000           90.0000    0.0000
  pz          0    0.000000000           90.0000    0.0000
   sum over m      0.000000000           90.0000    0.0000
  px          1    0.000000000           90.0000    0.0000
  py          1    0.000000000           90.0000    0.0000
  pz          1    0.000000000           90.0000    0.0000
   sum over m      0.000000000           90.0000    0.0000
  d3z^2-r^2   0    0.000000000           90.0000    0.0000
  dx^2-y^2    0    0.000000000           90.0000    0.0000
  dxy         0    0.000000000           90.0000    0.0000
  dxz         0    0.000000000           90.0000    0.0000
  dyz         0    0.000000000           90.0000    0.0000
   sum over m      0.000000000           90.0000    0.0000

  122   Si         Orbital Moment(muB)    Angles (Deg)
            multiple
  s           0    0.000000000           90.0000    0.0000
   sum over m      0.000000000           90.0000    0.0000
  s           1    0.000000000           90.0000    0.0000
   sum over m      0.000000000           90.0000    0.0000
  px          0    0.000000000           90.0000    0.0000
  py          0    0.000000000           90.0000    0.0000
  pz          0    0.000000000           90.0000    0.0000
   sum over m      0.000000000           90.0000    0.0000
  px          1    0.000000000           90.0000    0.0000
  py          1    0.000000000           90.0000    0.0000
  pz          1    0.000000000           90.0000    0.0000
   sum over m      0.000000000           90.0000    0.0000
  d3z^2-r^2   0    0.000000000           90.0000    0.0000
  dx^2-y^2    0    0.000000000           90.0000    0.0000
  dxy         0    0.000000000           90.0000    0.0000
  dxz         0    0.000000000           90.0000    0.0000
  dyz         0    0.000000000           90.0000    0.0000
   sum over m      0.000000000           90.0000    0.0000

  123   Si         Orbital Moment(muB)    Angles (Deg)
            multiple
  s           0    0.000000000           90.0000    0.0000
   sum over m      0.000000000           90.0000    0.0000
  s           1    0.000000000           90.0000    0.0000
   sum over m      0.000000000           90.0000    0.0000
  px          0    0.000000000           90.0000    0.0000
  py          0    0.000000000           90.0000    0.0000
  pz          0    0.000000000           90.0000    0.0000
   sum over m      0.000000000           90.0000    0.0000
  px          1    0.000000000           90.0000    0.0000
  py          1    0.000000000           90.0000    0.0000
  pz          1    0.000000000           90.0000    0.0000
   sum over m      0.000000000           90.0000    0.0000
  d3z^2-r^2   0    0.000000000           90.0000    0.0000
  dx^2-y^2    0    0.000000000           90.0000    0.0000
  dxy         0    0.000000000           90.0000    0.0000
  dxz         0    0.000000000           90.0000    0.0000
  dyz         0    0.000000000           90.0000    0.0000
   sum over m      0.000000000           90.0000    0.0000

  124   Si         Orbital Moment(muB)    Angles (Deg)
            multiple
  s           0    0.000000000           90.0000    0.0000
   sum over m      0.000000000           90.0000    0.0000
  s           1    0.000000000           90.0000    0.0000
   sum over m      0.000000000           90.0000    0.0000
  px          0    0.000000000           90.0000    0.0000
  py          0    0.000000000           90.0000    0.0000
  pz          0    0.000000000           90.0000    0.0000
   sum over m      0.000000000           90.0000    0.0000
  px          1    0.000000000           90.0000    0.0000
  py          1    0.000000000           90.0000    0.0000
  pz          1    0.000000000           90.0000    0.0000
   sum over m      0.000000000           90.0000    0.0000
  d3z^2-r^2   0    0.000000000           90.0000    0.0000
  dx^2-y^2    0    0.000000000           90.0000    0.0000
  dxy         0    0.000000000           90.0000    0.0000
  dxz         0    0.000000000           90.0000    0.0000
  dyz         0    0.000000000           90.0000    0.0000
   sum over m      0.000000000           90.0000    0.0000

  125   Si         Orbital Moment(muB)    Angles (Deg)
            multiple
  s           0    0.000000000           90.0000    0.0000
   sum over m      0.000000000           90.0000    0.0000
  s           1    0.000000000           90.0000    0.0000
   sum over m      0.000000000           90.0000    0.0000
  px          0    0.000000000           90.0000    0.0000
  py          0    0.000000000           90.0000    0.0000
  pz          0    0.000000000           90.0000    0.0000
   sum over m      0.000000000           90.0000    0.0000
  px          1    0.000000000           90.0000    0.0000
  py          1    0.000000000           90.0000    0.0000
  pz          1    0.000000000           90.0000    0.0000
   sum over m      0.000000000           90.0000    0.0000
  d3z^2-r^2   0    0.000000000           90.0000    0.0000
  dx^2-y^2    0    0.000000000           90.0000    0.0000
  dxy         0    0.000000000           90.0000    0.0000
  dxz         0    0.000000000           90.0000    0.0000
  dyz         0    0.000000000           90.0000    0.0000
   sum over m      0.000000000           90.0000    0.0000

  126   Si         Orbital Moment(muB)    Angles (Deg)
            multiple
  s           0    0.000000000           90.0000    0.0000
   sum over m      0.000000000           90.0000    0.0000
  s           1    0.000000000           90.0000    0.0000
   sum over m      0.000000000           90.0000    0.0000
  px          0    0.000000000           90.0000    0.0000
  py          0    0.000000000           90.0000    0.0000
  pz          0    0.000000000           90.0000    0.0000
   sum over m      0.000000000           90.0000    0.0000
  px          1    0.000000000           90.0000    0.0000
  py          1    0.000000000           90.0000    0.0000
  pz          1    0.000000000           90.0000    0.0000
   sum over m      0.000000000           90.0000    0.0000
  d3z^2-r^2   0    0.000000000           90.0000    0.0000
  dx^2-y^2    0    0.000000000           90.0000    0.0000
  dxy         0    0.000000000           90.0000    0.0000
  dxz         0    0.000000000           90.0000    0.0000
  dyz         0    0.000000000           90.0000    0.0000
   sum over m      0.000000000           90.0000    0.0000

  127   Si         Orbital Moment(muB)    Angles (Deg)
            multiple
  s           0    0.000000000           90.0000    0.0000
   sum over m      0.000000000           90.0000    0.0000
  s           1    0.000000000           90.0000    0.0000
   sum over m      0.000000000           90.0000    0.0000
  px          0    0.000000000           90.0000    0.0000
  py          0    0.000000000           90.0000    0.0000
  pz          0    0.000000000           90.0000    0.0000
   sum over m      0.000000000           90.0000    0.0000
  px          1    0.000000000           90.0000    0.0000
  py          1    0.000000000           90.0000    0.0000
  pz          1    0.000000000           90.0000    0.0000
   sum over m      0.000000000           90.0000    0.0000
  d3z^2-r^2   0    0.000000000           90.0000    0.0000
  dx^2-y^2    0    0.000000000           90.0000    0.0000
  dxy         0    0.000000000           90.0000    0.0000
  dxz         0    0.000000000           90.0000    0.0000
  dyz         0    0.000000000           90.0000    0.0000
   sum over m      0.000000000           90.0000    0.0000

  128   Si         Orbital Moment(muB)    Angles (Deg)
            multiple
  s           0    0.000000000           90.0000    0.0000
   sum over m      0.000000000           90.0000    0.0000
  s           1    0.000000000           90.0000    0.0000
   sum over m      0.000000000           90.0000    0.0000
  px          0    0.000000000           90.0000    0.0000
  py          0    0.000000000           90.0000    0.0000
  pz          0    0.000000000           90.0000    0.0000
   sum over m      0.000000000           90.0000    0.0000
  px          1    0.000000000           90.0000    0.0000
  py          1    0.000000000           90.0000    0.0000
  pz          1    0.000000000           90.0000    0.0000
   sum over m      0.000000000           90.0000    0.0000
  d3z^2-r^2   0    0.000000000           90.0000    0.0000
  dx^2-y^2    0    0.000000000           90.0000    0.0000
  dxy         0    0.000000000           90.0000    0.0000
  dxz         0    0.000000000           90.0000    0.0000
  dyz         0    0.000000000           90.0000    0.0000
   sum over m      0.000000000           90.0000    0.0000

  129   Si         Orbital Moment(muB)    Angles (Deg)
            multiple
  s           0    0.000000000           90.0000    0.0000
   sum over m      0.000000000           90.0000    0.0000
  s           1    0.000000000           90.0000    0.0000
   sum over m      0.000000000           90.0000    0.0000
  px          0    0.000000000           90.0000    0.0000
  py          0    0.000000000           90.0000    0.0000
  pz          0    0.000000000           90.0000    0.0000
   sum over m      0.000000000           90.0000    0.0000
  px          1    0.000000000           90.0000    0.0000
  py          1    0.000000000           90.0000    0.0000
  pz          1    0.000000000           90.0000    0.0000
   sum over m      0.000000000           90.0000    0.0000
  d3z^2-r^2   0    0.000000000           90.0000    0.0000
  dx^2-y^2    0    0.000000000           90.0000    0.0000
  dxy         0    0.000000000           90.0000    0.0000
  dxz         0    0.000000000           90.0000    0.0000
  dyz         0    0.000000000           90.0000    0.0000
   sum over m      0.000000000           90.0000    0.0000

  130   Si         Orbital Moment(muB)    Angles (Deg)
            multiple
  s           0    0.000000000           90.0000    0.0000
   sum over m      0.000000000           90.0000    0.0000
  s           1    0.000000000           90.0000    0.0000
   sum over m      0.000000000           90.0000    0.0000
  px          0    0.000000000           90.0000    0.0000
  py          0    0.000000000           90.0000    0.0000
  pz          0    0.000000000           90.0000    0.0000
   sum over m      0.000000000           90.0000    0.0000
  px          1    0.000000000           90.0000    0.0000
  py          1    0.000000000           90.0000    0.0000
  pz          1    0.000000000           90.0000    0.0000
   sum over m      0.000000000           90.0000    0.0000
  d3z^2-r^2   0    0.000000000           90.0000    0.0000
  dx^2-y^2    0    0.000000000           90.0000    0.0000
  dxy         0    0.000000000           90.0000    0.0000
  dxz         0    0.000000000           90.0000    0.0000
  dyz         0    0.000000000           90.0000    0.0000
   sum over m      0.000000000           90.0000    0.0000

  131   Si         Orbital Moment(muB)    Angles (Deg)
            multiple
  s           0    0.000000000           90.0000    0.0000
   sum over m      0.000000000           90.0000    0.0000
  s           1    0.000000000           90.0000    0.0000
   sum over m      0.000000000           90.0000    0.0000
  px          0    0.000000000           90.0000    0.0000
  py          0    0.000000000           90.0000    0.0000
  pz          0    0.000000000           90.0000    0.0000
   sum over m      0.000000000           90.0000    0.0000
  px          1    0.000000000           90.0000    0.0000
  py          1    0.000000000           90.0000    0.0000
  pz          1    0.000000000           90.0000    0.0000
   sum over m      0.000000000           90.0000    0.0000
  d3z^2-r^2   0    0.000000000           90.0000    0.0000
  dx^2-y^2    0    0.000000000           90.0000    0.0000
  dxy         0    0.000000000           90.0000    0.0000
  dxz         0    0.000000000           90.0000    0.0000
  dyz         0    0.000000000           90.0000    0.0000
   sum over m      0.000000000           90.0000    0.0000

  132   Si         Orbital Moment(muB)    Angles (Deg)
            multiple
  s           0    0.000000000           90.0000    0.0000
   sum over m      0.000000000           90.0000    0.0000
  s           1    0.000000000           90.0000    0.0000
   sum over m      0.000000000           90.0000    0.0000
  px          0    0.000000000           90.0000    0.0000
  py          0    0.000000000           90.0000    0.0000
  pz          0    0.000000000           90.0000    0.0000
   sum over m      0.000000000           90.0000    0.0000
  px          1    0.000000000           90.0000    0.0000
  py          1    0.000000000           90.0000    0.0000
  pz          1    0.000000000           90.0000    0.0000
   sum over m      0.000000000           90.0000    0.0000
  d3z^2-r^2   0    0.000000000           90.0000    0.0000
  dx^2-y^2    0    0.000000000           90.0000    0.0000
  dxy         0    0.000000000           90.0000    0.0000
  dxz         0    0.000000000           90.0000    0.0000
  dyz         0    0.000000000           90.0000    0.0000
   sum over m      0.000000000           90.0000    0.0000

  133   Si         Orbital Moment(muB)    Angles (Deg)
            multiple
  s           0    0.000000000           90.0000    0.0000
   sum over m      0.000000000           90.0000    0.0000
  s           1    0.000000000           90.0000    0.0000
   sum over m      0.000000000           90.0000    0.0000
  px          0    0.000000000           90.0000    0.0000
  py          0    0.000000000           90.0000    0.0000
  pz          0    0.000000000           90.0000    0.0000
   sum over m      0.000000000           90.0000    0.0000
  px          1    0.000000000           90.0000    0.0000
  py          1    0.000000000           90.0000    0.0000
  pz          1    0.000000000           90.0000    0.0000
   sum over m      0.000000000           90.0000    0.0000
  d3z^2-r^2   0    0.000000000           90.0000    0.0000
  dx^2-y^2    0    0.000000000           90.0000    0.0000
  dxy         0    0.000000000           90.0000    0.0000
  dxz         0    0.000000000           90.0000    0.0000
  dyz         0    0.000000000           90.0000    0.0000
   sum over m      0.000000000           90.0000    0.0000

  134   Si         Orbital Moment(muB)    Angles (Deg)
            multiple
  s           0    0.000000000           90.0000    0.0000
   sum over m      0.000000000           90.0000    0.0000
  s           1    0.000000000           90.0000    0.0000
   sum over m      0.000000000           90.0000    0.0000
  px          0    0.000000000           90.0000    0.0000
  py          0    0.000000000           90.0000    0.0000
  pz          0    0.000000000           90.0000    0.0000
   sum over m      0.000000000           90.0000    0.0000
  px          1    0.000000000           90.0000    0.0000
  py          1    0.000000000           90.0000    0.0000
  pz          1    0.000000000           90.0000    0.0000
   sum over m      0.000000000           90.0000    0.0000
  d3z^2-r^2   0    0.000000000           90.0000    0.0000
  dx^2-y^2    0    0.000000000           90.0000    0.0000
  dxy         0    0.000000000           90.0000    0.0000
  dxz         0    0.000000000           90.0000    0.0000
  dyz         0    0.000000000           90.0000    0.0000
   sum over m      0.000000000           90.0000    0.0000

  135   Si         Orbital Moment(muB)    Angles (Deg)
            multiple
  s           0    0.000000000           90.0000    0.0000
   sum over m      0.000000000           90.0000    0.0000
  s           1    0.000000000           90.0000    0.0000
   sum over m      0.000000000           90.0000    0.0000
  px          0    0.000000000           90.0000    0.0000
  py          0    0.000000000           90.0000    0.0000
  pz          0    0.000000000           90.0000    0.0000
   sum over m      0.000000000           90.0000    0.0000
  px          1    0.000000000           90.0000    0.0000
  py          1    0.000000000           90.0000    0.0000
  pz          1    0.000000000           90.0000    0.0000
   sum over m      0.000000000           90.0000    0.0000
  d3z^2-r^2   0    0.000000000           90.0000    0.0000
  dx^2-y^2    0    0.000000000           90.0000    0.0000
  dxy         0    0.000000000           90.0000    0.0000
  dxz         0    0.000000000           90.0000    0.0000
  dyz         0    0.000000000           90.0000    0.0000
   sum over m      0.000000000           90.0000    0.0000

  136   Si         Orbital Moment(muB)    Angles (Deg)
            multiple
  s           0    0.000000000           90.0000    0.0000
   sum over m      0.000000000           90.0000    0.0000
  s           1    0.000000000           90.0000    0.0000
   sum over m      0.000000000           90.0000    0.0000
  px          0    0.000000000           90.0000    0.0000
  py          0    0.000000000           90.0000    0.0000
  pz          0    0.000000000           90.0000    0.0000
   sum over m      0.000000000           90.0000    0.0000
  px          1    0.000000000           90.0000    0.0000
  py          1    0.000000000           90.0000    0.0000
  pz          1    0.000000000           90.0000    0.0000
   sum over m      0.000000000           90.0000    0.0000
  d3z^2-r^2   0    0.000000000           90.0000    0.0000
  dx^2-y^2    0    0.000000000           90.0000    0.0000
  dxy         0    0.000000000           90.0000    0.0000
  dxz         0    0.000000000           90.0000    0.0000
  dyz         0    0.000000000           90.0000    0.0000
   sum over m      0.000000000           90.0000    0.0000

  137   Si         Orbital Moment(muB)    Angles (Deg)
            multiple
  s           0    0.000000000           90.0000    0.0000
   sum over m      0.000000000           90.0000    0.0000
  s           1    0.000000000           90.0000    0.0000
   sum over m      0.000000000           90.0000    0.0000
  px          0    0.000000000           90.0000    0.0000
  py          0    0.000000000           90.0000    0.0000
  pz          0    0.000000000           90.0000    0.0000
   sum over m      0.000000000           90.0000    0.0000
  px          1    0.000000000           90.0000    0.0000
  py          1    0.000000000           90.0000    0.0000
  pz          1    0.000000000           90.0000    0.0000
   sum over m      0.000000000           90.0000    0.0000
  d3z^2-r^2   0    0.000000000           90.0000    0.0000
  dx^2-y^2    0    0.000000000           90.0000    0.0000
  dxy         0    0.000000000           90.0000    0.0000
  dxz         0    0.000000000           90.0000    0.0000
  dyz         0    0.000000000           90.0000    0.0000
   sum over m      0.000000000           90.0000    0.0000

  138   Si         Orbital Moment(muB)    Angles (Deg)
            multiple
  s           0    0.000000000           90.0000    0.0000
   sum over m      0.000000000           90.0000    0.0000
  s           1    0.000000000           90.0000    0.0000
   sum over m      0.000000000           90.0000    0.0000
  px          0    0.000000000           90.0000    0.0000
  py          0    0.000000000           90.0000    0.0000
  pz          0    0.000000000           90.0000    0.0000
   sum over m      0.000000000           90.0000    0.0000
  px          1    0.000000000           90.0000    0.0000
  py          1    0.000000000           90.0000    0.0000
  pz          1    0.000000000           90.0000    0.0000
   sum over m      0.000000000           90.0000    0.0000
  d3z^2-r^2   0    0.000000000           90.0000    0.0000
  dx^2-y^2    0    0.000000000           90.0000    0.0000
  dxy         0    0.000000000           90.0000    0.0000
  dxz         0    0.000000000           90.0000    0.0000
  dyz         0    0.000000000           90.0000    0.0000
   sum over m      0.000000000           90.0000    0.0000

  139   Si         Orbital Moment(muB)    Angles (Deg)
            multiple
  s           0    0.000000000           90.0000    0.0000
   sum over m      0.000000000           90.0000    0.0000
  s           1    0.000000000           90.0000    0.0000
   sum over m      0.000000000           90.0000    0.0000
  px          0    0.000000000           90.0000    0.0000
  py          0    0.000000000           90.0000    0.0000
  pz          0    0.000000000           90.0000    0.0000
   sum over m      0.000000000           90.0000    0.0000
  px          1    0.000000000           90.0000    0.0000
  py          1    0.000000000           90.0000    0.0000
  pz          1    0.000000000           90.0000    0.0000
   sum over m      0.000000000           90.0000    0.0000
  d3z^2-r^2   0    0.000000000           90.0000    0.0000
  dx^2-y^2    0    0.000000000           90.0000    0.0000
  dxy         0    0.000000000           90.0000    0.0000
  dxz         0    0.000000000           90.0000    0.0000
  dyz         0    0.000000000           90.0000    0.0000
   sum over m      0.000000000           90.0000    0.0000

  140   Si         Orbital Moment(muB)    Angles (Deg)
            multiple
  s           0    0.000000000           90.0000    0.0000
   sum over m      0.000000000           90.0000    0.0000
  s           1    0.000000000           90.0000    0.0000
   sum over m      0.000000000           90.0000    0.0000
  px          0    0.000000000           90.0000    0.0000
  py          0    0.000000000           90.0000    0.0000
  pz          0    0.000000000           90.0000    0.0000
   sum over m      0.000000000           90.0000    0.0000
  px          1    0.000000000           90.0000    0.0000
  py          1    0.000000000           90.0000    0.0000
  pz          1    0.000000000           90.0000    0.0000
   sum over m      0.000000000           90.0000    0.0000
  d3z^2-r^2   0    0.000000000           90.0000    0.0000
  dx^2-y^2    0    0.000000000           90.0000    0.0000
  dxy         0    0.000000000           90.0000    0.0000
  dxz         0    0.000000000           90.0000    0.0000
  dyz         0    0.000000000           90.0000    0.0000
   sum over m      0.000000000           90.0000    0.0000

  141   Si         Orbital Moment(muB)    Angles (Deg)
            multiple
  s           0    0.000000000           90.0000    0.0000
   sum over m      0.000000000           90.0000    0.0000
  s           1    0.000000000           90.0000    0.0000
   sum over m      0.000000000           90.0000    0.0000
  px          0    0.000000000           90.0000    0.0000
  py          0    0.000000000           90.0000    0.0000
  pz          0    0.000000000           90.0000    0.0000
   sum over m      0.000000000           90.0000    0.0000
  px          1    0.000000000           90.0000    0.0000
  py          1    0.000000000           90.0000    0.0000
  pz          1    0.000000000           90.0000    0.0000
   sum over m      0.000000000           90.0000    0.0000
  d3z^2-r^2   0    0.000000000           90.0000    0.0000
  dx^2-y^2    0    0.000000000           90.0000    0.0000
  dxy         0    0.000000000           90.0000    0.0000
  dxz         0    0.000000000           90.0000    0.0000
  dyz         0    0.000000000           90.0000    0.0000
   sum over m      0.000000000           90.0000    0.0000

  142   Si         Orbital Moment(muB)    Angles (Deg)
            multiple
  s           0    0.000000000           90.0000    0.0000
   sum over m      0.000000000           90.0000    0.0000
  s           1    0.000000000           90.0000    0.0000
   sum over m      0.000000000           90.0000    0.0000
  px          0    0.000000000           90.0000    0.0000
  py          0    0.000000000           90.0000    0.0000
  pz          0    0.000000000           90.0000    0.0000
   sum over m      0.000000000           90.0000    0.0000
  px          1    0.000000000           90.0000    0.0000
  py          1    0.000000000           90.0000    0.0000
  pz          1    0.000000000           90.0000    0.0000
   sum over m      0.000000000           90.0000    0.0000
  d3z^2-r^2   0    0.000000000           90.0000    0.0000
  dx^2-y^2    0    0.000000000           90.0000    0.0000
  dxy         0    0.000000000           90.0000    0.0000
  dxz         0    0.000000000           90.0000    0.0000
  dyz         0    0.000000000           90.0000    0.0000
   sum over m      0.000000000           90.0000    0.0000

  143   Si         Orbital Moment(muB)    Angles (Deg)
            multiple
  s           0    0.000000000           90.0000    0.0000
   sum over m      0.000000000           90.0000    0.0000
  s           1    0.000000000           90.0000    0.0000
   sum over m      0.000000000           90.0000    0.0000
  px          0    0.000000000           90.0000    0.0000
  py          0    0.000000000           90.0000    0.0000
  pz          0    0.000000000           90.0000    0.0000
   sum over m      0.000000000           90.0000    0.0000
  px          1    0.000000000           90.0000    0.0000
  py          1    0.000000000           90.0000    0.0000
  pz          1    0.000000000           90.0000    0.0000
   sum over m      0.000000000           90.0000    0.0000
  d3z^2-r^2   0    0.000000000           90.0000    0.0000
  dx^2-y^2    0    0.000000000           90.0000    0.0000
  dxy         0    0.000000000           90.0000    0.0000
  dxz         0    0.000000000           90.0000    0.0000
  dyz         0    0.000000000           90.0000    0.0000
   sum over m      0.000000000           90.0000    0.0000

  144   Si         Orbital Moment(muB)    Angles (Deg)
            multiple
  s           0    0.000000000           90.0000    0.0000
   sum over m      0.000000000           90.0000    0.0000
  s           1    0.000000000           90.0000    0.0000
   sum over m      0.000000000           90.0000    0.0000
  px          0    0.000000000           90.0000    0.0000
  py          0    0.000000000           90.0000    0.0000
  pz          0    0.000000000           90.0000    0.0000
   sum over m      0.000000000           90.0000    0.0000
  px          1    0.000000000           90.0000    0.0000
  py          1    0.000000000           90.0000    0.0000
  pz          1    0.000000000           90.0000    0.0000
   sum over m      0.000000000           90.0000    0.0000
  d3z^2-r^2   0    0.000000000           90.0000    0.0000
  dx^2-y^2    0    0.000000000           90.0000    0.0000
  dxy         0    0.000000000           90.0000    0.0000
  dxz         0    0.000000000           90.0000    0.0000
  dyz         0    0.000000000           90.0000    0.0000
   sum over m      0.000000000           90.0000    0.0000

  145   Si         Orbital Moment(muB)    Angles (Deg)
            multiple
  s           0    0.000000000           90.0000    0.0000
   sum over m      0.000000000           90.0000    0.0000
  s           1    0.000000000           90.0000    0.0000
   sum over m      0.000000000           90.0000    0.0000
  px          0    0.000000000           90.0000    0.0000
  py          0    0.000000000           90.0000    0.0000
  pz          0    0.000000000           90.0000    0.0000
   sum over m      0.000000000           90.0000    0.0000
  px          1    0.000000000           90.0000    0.0000
  py          1    0.000000000           90.0000    0.0000
  pz          1    0.000000000           90.0000    0.0000
   sum over m      0.000000000           90.0000    0.0000
  d3z^2-r^2   0    0.000000000           90.0000    0.0000
  dx^2-y^2    0    0.000000000           90.0000    0.0000
  dxy         0    0.000000000           90.0000    0.0000
  dxz         0    0.000000000           90.0000    0.0000
  dyz         0    0.000000000           90.0000    0.0000
   sum over m      0.000000000           90.0000    0.0000

  146   Si         Orbital Moment(muB)    Angles (Deg)
            multiple
  s           0    0.000000000           90.0000    0.0000
   sum over m      0.000000000           90.0000    0.0000
  s           1    0.000000000           90.0000    0.0000
   sum over m      0.000000000           90.0000    0.0000
  px          0    0.000000000           90.0000    0.0000
  py          0    0.000000000           90.0000    0.0000
  pz          0    0.000000000           90.0000    0.0000
   sum over m      0.000000000           90.0000    0.0000
  px          1    0.000000000           90.0000    0.0000
  py          1    0.000000000           90.0000    0.0000
  pz          1    0.000000000           90.0000    0.0000
   sum over m      0.000000000           90.0000    0.0000
  d3z^2-r^2   0    0.000000000           90.0000    0.0000
  dx^2-y^2    0    0.000000000           90.0000    0.0000
  dxy         0    0.000000000           90.0000    0.0000
  dxz         0    0.000000000           90.0000    0.0000
  dyz         0    0.000000000           90.0000    0.0000
   sum over m      0.000000000           90.0000    0.0000

  147   Si         Orbital Moment(muB)    Angles (Deg)
            multiple
  s           0    0.000000000           90.0000    0.0000
   sum over m      0.000000000           90.0000    0.0000
  s           1    0.000000000           90.0000    0.0000
   sum over m      0.000000000           90.0000    0.0000
  px          0    0.000000000           90.0000    0.0000
  py          0    0.000000000           90.0000    0.0000
  pz          0    0.000000000           90.0000    0.0000
   sum over m      0.000000000           90.0000    0.0000
  px          1    0.000000000           90.0000    0.0000
  py          1    0.000000000           90.0000    0.0000
  pz          1    0.000000000           90.0000    0.0000
   sum over m      0.000000000           90.0000    0.0000
  d3z^2-r^2   0    0.000000000           90.0000    0.0000
  dx^2-y^2    0    0.000000000           90.0000    0.0000
  dxy         0    0.000000000           90.0000    0.0000
  dxz         0    0.000000000           90.0000    0.0000
  dyz         0    0.000000000           90.0000    0.0000
   sum over m      0.000000000           90.0000    0.0000

  148   Si         Orbital Moment(muB)    Angles (Deg)
            multiple
  s           0    0.000000000           90.0000    0.0000
   sum over m      0.000000000           90.0000    0.0000
  s           1    0.000000000           90.0000    0.0000
   sum over m      0.000000000           90.0000    0.0000
  px          0    0.000000000           90.0000    0.0000
  py          0    0.000000000           90.0000    0.0000
  pz          0    0.000000000           90.0000    0.0000
   sum over m      0.000000000           90.0000    0.0000
  px          1    0.000000000           90.0000    0.0000
  py          1    0.000000000           90.0000    0.0000
  pz          1    0.000000000           90.0000    0.0000
   sum over m      0.000000000           90.0000    0.0000
  d3z^2-r^2   0    0.000000000           90.0000    0.0000
  dx^2-y^2    0    0.000000000           90.0000    0.0000
  dxy         0    0.000000000           90.0000    0.0000
  dxz         0    0.000000000           90.0000    0.0000
  dyz         0    0.000000000           90.0000    0.0000
   sum over m      0.000000000           90.0000    0.0000

  149   Si         Orbital Moment(muB)    Angles (Deg)
            multiple
  s           0    0.000000000           90.0000    0.0000
   sum over m      0.000000000           90.0000    0.0000
  s           1    0.000000000           90.0000    0.0000
   sum over m      0.000000000           90.0000    0.0000
  px          0    0.000000000           90.0000    0.0000
  py          0    0.000000000           90.0000    0.0000
  pz          0    0.000000000           90.0000    0.0000
   sum over m      0.000000000           90.0000    0.0000
  px          1    0.000000000           90.0000    0.0000
  py          1    0.000000000           90.0000    0.0000
  pz          1    0.000000000           90.0000    0.0000
   sum over m      0.000000000           90.0000    0.0000
  d3z^2-r^2   0    0.000000000           90.0000    0.0000
  dx^2-y^2    0    0.000000000           90.0000    0.0000
  dxy         0    0.000000000           90.0000    0.0000
  dxz         0    0.000000000           90.0000    0.0000
  dyz         0    0.000000000           90.0000    0.0000
   sum over m      0.000000000           90.0000    0.0000

  150   Si         Orbital Moment(muB)    Angles (Deg)
            multiple
  s           0    0.000000000           90.0000    0.0000
   sum over m      0.000000000           90.0000    0.0000
  s           1    0.000000000           90.0000    0.0000
   sum over m      0.000000000           90.0000    0.0000
  px          0    0.000000000           90.0000    0.0000
  py          0    0.000000000           90.0000    0.0000
  pz          0    0.000000000           90.0000    0.0000
   sum over m      0.000000000           90.0000    0.0000
  px          1    0.000000000           90.0000    0.0000
  py          1    0.000000000           90.0000    0.0000
  pz          1    0.000000000           90.0000    0.0000
   sum over m      0.000000000           90.0000    0.0000
  d3z^2-r^2   0    0.000000000           90.0000    0.0000
  dx^2-y^2    0    0.000000000           90.0000    0.0000
  dxy         0    0.000000000           90.0000    0.0000
  dxz         0    0.000000000           90.0000    0.0000
  dyz         0    0.000000000           90.0000    0.0000
   sum over m      0.000000000           90.0000    0.0000

  151   Si         Orbital Moment(muB)    Angles (Deg)
            multiple
  s           0    0.000000000           90.0000    0.0000
   sum over m      0.000000000           90.0000    0.0000
  s           1    0.000000000           90.0000    0.0000
   sum over m      0.000000000           90.0000    0.0000
  px          0    0.000000000           90.0000    0.0000
  py          0    0.000000000           90.0000    0.0000
  pz          0    0.000000000           90.0000    0.0000
   sum over m      0.000000000           90.0000    0.0000
  px          1    0.000000000           90.0000    0.0000
  py          1    0.000000000           90.0000    0.0000
  pz          1    0.000000000           90.0000    0.0000
   sum over m      0.000000000           90.0000    0.0000
  d3z^2-r^2   0    0.000000000           90.0000    0.0000
  dx^2-y^2    0    0.000000000           90.0000    0.0000
  dxy         0    0.000000000           90.0000    0.0000
  dxz         0    0.000000000           90.0000    0.0000
  dyz         0    0.000000000           90.0000    0.0000
   sum over m      0.000000000           90.0000    0.0000

  152   Si         Orbital Moment(muB)    Angles (Deg)
            multiple
  s           0    0.000000000           90.0000    0.0000
   sum over m      0.000000000           90.0000    0.0000
  s           1    0.000000000           90.0000    0.0000
   sum over m      0.000000000           90.0000    0.0000
  px          0    0.000000000           90.0000    0.0000
  py          0    0.000000000           90.0000    0.0000
  pz          0    0.000000000           90.0000    0.0000
   sum over m      0.000000000           90.0000    0.0000
  px          1    0.000000000           90.0000    0.0000
  py          1    0.000000000           90.0000    0.0000
  pz          1    0.000000000           90.0000    0.0000
   sum over m      0.000000000           90.0000    0.0000
  d3z^2-r^2   0    0.000000000           90.0000    0.0000
  dx^2-y^2    0    0.000000000           90.0000    0.0000
  dxy         0    0.000000000           90.0000    0.0000
  dxz         0    0.000000000           90.0000    0.0000
  dyz         0    0.000000000           90.0000    0.0000
   sum over m      0.000000000           90.0000    0.0000

  153   Si         Orbital Moment(muB)    Angles (Deg)
            multiple
  s           0    0.000000000           90.0000    0.0000
   sum over m      0.000000000           90.0000    0.0000
  s           1    0.000000000           90.0000    0.0000
   sum over m      0.000000000           90.0000    0.0000
  px          0    0.000000000           90.0000    0.0000
  py          0    0.000000000           90.0000    0.0000
  pz          0    0.000000000           90.0000    0.0000
   sum over m      0.000000000           90.0000    0.0000
  px          1    0.000000000           90.0000    0.0000
  py          1    0.000000000           90.0000    0.0000
  pz          1    0.000000000           90.0000    0.0000
   sum over m      0.000000000           90.0000    0.0000
  d3z^2-r^2   0    0.000000000           90.0000    0.0000
  dx^2-y^2    0    0.000000000           90.0000    0.0000
  dxy         0    0.000000000           90.0000    0.0000
  dxz         0    0.000000000           90.0000    0.0000
  dyz         0    0.000000000           90.0000    0.0000
   sum over m      0.000000000           90.0000    0.0000

  154   Si         Orbital Moment(muB)    Angles (Deg)
            multiple
  s           0    0.000000000           90.0000    0.0000
   sum over m      0.000000000           90.0000    0.0000
  s           1    0.000000000           90.0000    0.0000
   sum over m      0.000000000           90.0000    0.0000
  px          0    0.000000000           90.0000    0.0000
  py          0    0.000000000           90.0000    0.0000
  pz          0    0.000000000           90.0000    0.0000
   sum over m      0.000000000           90.0000    0.0000
  px          1    0.000000000           90.0000    0.0000
  py          1    0.000000000           90.0000    0.0000
  pz          1    0.000000000           90.0000    0.0000
   sum over m      0.000000000           90.0000    0.0000
  d3z^2-r^2   0    0.000000000           90.0000    0.0000
  dx^2-y^2    0    0.000000000           90.0000    0.0000
  dxy         0    0.000000000           90.0000    0.0000
  dxz         0    0.000000000           90.0000    0.0000
  dyz         0    0.000000000           90.0000    0.0000
   sum over m      0.000000000           90.0000    0.0000

  155   Si         Orbital Moment(muB)    Angles (Deg)
            multiple
  s           0    0.000000000           90.0000    0.0000
   sum over m      0.000000000           90.0000    0.0000
  s           1    0.000000000           90.0000    0.0000
   sum over m      0.000000000           90.0000    0.0000
  px          0    0.000000000           90.0000    0.0000
  py          0    0.000000000           90.0000    0.0000
  pz          0    0.000000000           90.0000    0.0000
   sum over m      0.000000000           90.0000    0.0000
  px          1    0.000000000           90.0000    0.0000
  py          1    0.000000000           90.0000    0.0000
  pz          1    0.000000000           90.0000    0.0000
   sum over m      0.000000000           90.0000    0.0000
  d3z^2-r^2   0    0.000000000           90.0000    0.0000
  dx^2-y^2    0    0.000000000           90.0000    0.0000
  dxy         0    0.000000000           90.0000    0.0000
  dxz         0    0.000000000           90.0000    0.0000
  dyz         0    0.000000000           90.0000    0.0000
   sum over m      0.000000000           90.0000    0.0000

  156   Si         Orbital Moment(muB)    Angles (Deg)
            multiple
  s           0    0.000000000           90.0000    0.0000
   sum over m      0.000000000           90.0000    0.0000
  s           1    0.000000000           90.0000    0.0000
   sum over m      0.000000000           90.0000    0.0000
  px          0    0.000000000           90.0000    0.0000
  py          0    0.000000000           90.0000    0.0000
  pz          0    0.000000000           90.0000    0.0000
   sum over m      0.000000000           90.0000    0.0000
  px          1    0.000000000           90.0000    0.0000
  py          1    0.000000000           90.0000    0.0000
  pz          1    0.000000000           90.0000    0.0000
   sum over m      0.000000000           90.0000    0.0000
  d3z^2-r^2   0    0.000000000           90.0000    0.0000
  dx^2-y^2    0    0.000000000           90.0000    0.0000
  dxy         0    0.000000000           90.0000    0.0000
  dxz         0    0.000000000           90.0000    0.0000
  dyz         0    0.000000000           90.0000    0.0000
   sum over m      0.000000000           90.0000    0.0000

  157   Si         Orbital Moment(muB)    Angles (Deg)
            multiple
  s           0    0.000000000           90.0000    0.0000
   sum over m      0.000000000           90.0000    0.0000
  s           1    0.000000000           90.0000    0.0000
   sum over m      0.000000000           90.0000    0.0000
  px          0    0.000000000           90.0000    0.0000
  py          0    0.000000000           90.0000    0.0000
  pz          0    0.000000000           90.0000    0.0000
   sum over m      0.000000000           90.0000    0.0000
  px          1    0.000000000           90.0000    0.0000
  py          1    0.000000000           90.0000    0.0000
  pz          1    0.000000000           90.0000    0.0000
   sum over m      0.000000000           90.0000    0.0000
  d3z^2-r^2   0    0.000000000           90.0000    0.0000
  dx^2-y^2    0    0.000000000           90.0000    0.0000
  dxy         0    0.000000000           90.0000    0.0000
  dxz         0    0.000000000           90.0000    0.0000
  dyz         0    0.000000000           90.0000    0.0000
   sum over m      0.000000000           90.0000    0.0000

  158   Si         Orbital Moment(muB)    Angles (Deg)
            multiple
  s           0    0.000000000           90.0000    0.0000
   sum over m      0.000000000           90.0000    0.0000
  s           1    0.000000000           90.0000    0.0000
   sum over m      0.000000000           90.0000    0.0000
  px          0    0.000000000           90.0000    0.0000
  py          0    0.000000000           90.0000    0.0000
  pz          0    0.000000000           90.0000    0.0000
   sum over m      0.000000000           90.0000    0.0000
  px          1    0.000000000           90.0000    0.0000
  py          1    0.000000000           90.0000    0.0000
  pz          1    0.000000000           90.0000    0.0000
   sum over m      0.000000000           90.0000    0.0000
  d3z^2-r^2   0    0.000000000           90.0000    0.0000
  dx^2-y^2    0    0.000000000           90.0000    0.0000
  dxy         0    0.000000000           90.0000    0.0000
  dxz         0    0.000000000           90.0000    0.0000
  dyz         0    0.000000000           90.0000    0.0000
   sum over m      0.000000000           90.0000    0.0000

  159   Si         Orbital Moment(muB)    Angles (Deg)
            multiple
  s           0    0.000000000           90.0000    0.0000
   sum over m      0.000000000           90.0000    0.0000
  s           1    0.000000000           90.0000    0.0000
   sum over m      0.000000000           90.0000    0.0000
  px          0    0.000000000           90.0000    0.0000
  py          0    0.000000000           90.0000    0.0000
  pz          0    0.000000000           90.0000    0.0000
   sum over m      0.000000000           90.0000    0.0000
  px          1    0.000000000           90.0000    0.0000
  py          1    0.000000000           90.0000    0.0000
  pz          1    0.000000000           90.0000    0.0000
   sum over m      0.000000000           90.0000    0.0000
  d3z^2-r^2   0    0.000000000           90.0000    0.0000
  dx^2-y^2    0    0.000000000           90.0000    0.0000
  dxy         0    0.000000000           90.0000    0.0000
  dxz         0    0.000000000           90.0000    0.0000
  dyz         0    0.000000000           90.0000    0.0000
   sum over m      0.000000000           90.0000    0.0000

  160   Si         Orbital Moment(muB)    Angles (Deg)
            multiple
  s           0    0.000000000           90.0000    0.0000
   sum over m      0.000000000           90.0000    0.0000
  s           1    0.000000000           90.0000    0.0000
   sum over m      0.000000000           90.0000    0.0000
  px          0    0.000000000           90.0000    0.0000
  py          0    0.000000000           90.0000    0.0000
  pz          0    0.000000000           90.0000    0.0000
   sum over m      0.000000000           90.0000    0.0000
  px          1    0.000000000           90.0000    0.0000
  py          1    0.000000000           90.0000    0.0000
  pz          1    0.000000000           90.0000    0.0000
   sum over m      0.000000000           90.0000    0.0000
  d3z^2-r^2   0    0.000000000           90.0000    0.0000
  dx^2-y^2    0    0.000000000           90.0000    0.0000
  dxy         0    0.000000000           90.0000    0.0000
  dxz         0    0.000000000           90.0000    0.0000
  dyz         0    0.000000000           90.0000    0.0000
   sum over m      0.000000000           90.0000    0.0000

  161   Si         Orbital Moment(muB)    Angles (Deg)
            multiple
  s           0    0.000000000           90.0000    0.0000
   sum over m      0.000000000           90.0000    0.0000
  s           1    0.000000000           90.0000    0.0000
   sum over m      0.000000000           90.0000    0.0000
  px          0    0.000000000           90.0000    0.0000
  py          0    0.000000000           90.0000    0.0000
  pz          0    0.000000000           90.0000    0.0000
   sum over m      0.000000000           90.0000    0.0000
  px          1    0.000000000           90.0000    0.0000
  py          1    0.000000000           90.0000    0.0000
  pz          1    0.000000000           90.0000    0.0000
   sum over m      0.000000000           90.0000    0.0000
  d3z^2-r^2   0    0.000000000           90.0000    0.0000
  dx^2-y^2    0    0.000000000           90.0000    0.0000
  dxy         0    0.000000000           90.0000    0.0000
  dxz         0    0.000000000           90.0000    0.0000
  dyz         0    0.000000000           90.0000    0.0000
   sum over m      0.000000000           90.0000    0.0000

  162   Si         Orbital Moment(muB)    Angles (Deg)
            multiple
  s           0    0.000000000           90.0000    0.0000
   sum over m      0.000000000           90.0000    0.0000
  s           1    0.000000000           90.0000    0.0000
   sum over m      0.000000000           90.0000    0.0000
  px          0    0.000000000           90.0000    0.0000
  py          0    0.000000000           90.0000    0.0000
  pz          0    0.000000000           90.0000    0.0000
   sum over m      0.000000000           90.0000    0.0000
  px          1    0.000000000           90.0000    0.0000
  py          1    0.000000000           90.0000    0.0000
  pz          1    0.000000000           90.0000    0.0000
   sum over m      0.000000000           90.0000    0.0000
  d3z^2-r^2   0    0.000000000           90.0000    0.0000
  dx^2-y^2    0    0.000000000           90.0000    0.0000
  dxy         0    0.000000000           90.0000    0.0000
  dxz         0    0.000000000           90.0000    0.0000
  dyz         0    0.000000000           90.0000    0.0000
   sum over m      0.000000000           90.0000    0.0000

  163   Si         Orbital Moment(muB)    Angles (Deg)
            multiple
  s           0    0.000000000           90.0000    0.0000
   sum over m      0.000000000           90.0000    0.0000
  s           1    0.000000000           90.0000    0.0000
   sum over m      0.000000000           90.0000    0.0000
  px          0    0.000000000           90.0000    0.0000
  py          0    0.000000000           90.0000    0.0000
  pz          0    0.000000000           90.0000    0.0000
   sum over m      0.000000000           90.0000    0.0000
  px          1    0.000000000           90.0000    0.0000
  py          1    0.000000000           90.0000    0.0000
  pz          1    0.000000000           90.0000    0.0000
   sum over m      0.000000000           90.0000    0.0000
  d3z^2-r^2   0    0.000000000           90.0000    0.0000
  dx^2-y^2    0    0.000000000           90.0000    0.0000
  dxy         0    0.000000000           90.0000    0.0000
  dxz         0    0.000000000           90.0000    0.0000
  dyz         0    0.000000000           90.0000    0.0000
   sum over m      0.000000000           90.0000    0.0000

  164   Si         Orbital Moment(muB)    Angles (Deg)
            multiple
  s           0    0.000000000           90.0000    0.0000
   sum over m      0.000000000           90.0000    0.0000
  s           1    0.000000000           90.0000    0.0000
   sum over m      0.000000000           90.0000    0.0000
  px          0    0.000000000           90.0000    0.0000
  py          0    0.000000000           90.0000    0.0000
  pz          0    0.000000000           90.0000    0.0000
   sum over m      0.000000000           90.0000    0.0000
  px          1    0.000000000           90.0000    0.0000
  py          1    0.000000000           90.0000    0.0000
  pz          1    0.000000000           90.0000    0.0000
   sum over m      0.000000000           90.0000    0.0000
  d3z^2-r^2   0    0.000000000           90.0000    0.0000
  dx^2-y^2    0    0.000000000           90.0000    0.0000
  dxy         0    0.000000000           90.0000    0.0000
  dxz         0    0.000000000           90.0000    0.0000
  dyz         0    0.000000000           90.0000    0.0000
   sum over m      0.000000000           90.0000    0.0000

  165   Si         Orbital Moment(muB)    Angles (Deg)
            multiple
  s           0    0.000000000           90.0000    0.0000
   sum over m      0.000000000           90.0000    0.0000
  s           1    0.000000000           90.0000    0.0000
   sum over m      0.000000000           90.0000    0.0000
  px          0    0.000000000           90.0000    0.0000
  py          0    0.000000000           90.0000    0.0000
  pz          0    0.000000000           90.0000    0.0000
   sum over m      0.000000000           90.0000    0.0000
  px          1    0.000000000           90.0000    0.0000
  py          1    0.000000000           90.0000    0.0000
  pz          1    0.000000000           90.0000    0.0000
   sum over m      0.000000000           90.0000    0.0000
  d3z^2-r^2   0    0.000000000           90.0000    0.0000
  dx^2-y^2    0    0.000000000           90.0000    0.0000
  dxy         0    0.000000000           90.0000    0.0000
  dxz         0    0.000000000           90.0000    0.0000
  dyz         0    0.000000000           90.0000    0.0000
   sum over m      0.000000000           90.0000    0.0000

  166   Si         Orbital Moment(muB)    Angles (Deg)
            multiple
  s           0    0.000000000           90.0000    0.0000
   sum over m      0.000000000           90.0000    0.0000
  s           1    0.000000000           90.0000    0.0000
   sum over m      0.000000000           90.0000    0.0000
  px          0    0.000000000           90.0000    0.0000
  py          0    0.000000000           90.0000    0.0000
  pz          0    0.000000000           90.0000    0.0000
   sum over m      0.000000000           90.0000    0.0000
  px          1    0.000000000           90.0000    0.0000
  py          1    0.000000000           90.0000    0.0000
  pz          1    0.000000000           90.0000    0.0000
   sum over m      0.000000000           90.0000    0.0000
  d3z^2-r^2   0    0.000000000           90.0000    0.0000
  dx^2-y^2    0    0.000000000           90.0000    0.0000
  dxy         0    0.000000000           90.0000    0.0000
  dxz         0    0.000000000           90.0000    0.0000
  dyz         0    0.000000000           90.0000    0.0000
   sum over m      0.000000000           90.0000    0.0000

  167   Si         Orbital Moment(muB)    Angles (Deg)
            multiple
  s           0    0.000000000           90.0000    0.0000
   sum over m      0.000000000           90.0000    0.0000
  s           1    0.000000000           90.0000    0.0000
   sum over m      0.000000000           90.0000    0.0000
  px          0    0.000000000           90.0000    0.0000
  py          0    0.000000000           90.0000    0.0000
  pz          0    0.000000000           90.0000    0.0000
   sum over m      0.000000000           90.0000    0.0000
  px          1    0.000000000           90.0000    0.0000
  py          1    0.000000000           90.0000    0.0000
  pz          1    0.000000000           90.0000    0.0000
   sum over m      0.000000000           90.0000    0.0000
  d3z^2-r^2   0    0.000000000           90.0000    0.0000
  dx^2-y^2    0    0.000000000           90.0000    0.0000
  dxy         0    0.000000000           90.0000    0.0000
  dxz         0    0.000000000           90.0000    0.0000
  dyz         0    0.000000000           90.0000    0.0000
   sum over m      0.000000000           90.0000    0.0000

  168   Si         Orbital Moment(muB)    Angles (Deg)
            multiple
  s           0    0.000000000           90.0000    0.0000
   sum over m      0.000000000           90.0000    0.0000
  s           1    0.000000000           90.0000    0.0000
   sum over m      0.000000000           90.0000    0.0000
  px          0    0.000000000           90.0000    0.0000
  py          0    0.000000000           90.0000    0.0000
  pz          0    0.000000000           90.0000    0.0000
   sum over m      0.000000000           90.0000    0.0000
  px          1    0.000000000           90.0000    0.0000
  py          1    0.000000000           90.0000    0.0000
  pz          1    0.000000000           90.0000    0.0000
   sum over m      0.000000000           90.0000    0.0000
  d3z^2-r^2   0    0.000000000           90.0000    0.0000
  dx^2-y^2    0    0.000000000           90.0000    0.0000
  dxy         0    0.000000000           90.0000    0.0000
  dxz         0    0.000000000           90.0000    0.0000
  dyz         0    0.000000000           90.0000    0.0000
   sum over m      0.000000000           90.0000    0.0000

  169   Si         Orbital Moment(muB)    Angles (Deg)
            multiple
  s           0    0.000000000           90.0000    0.0000
   sum over m      0.000000000           90.0000    0.0000
  s           1    0.000000000           90.0000    0.0000
   sum over m      0.000000000           90.0000    0.0000
  px          0    0.000000000           90.0000    0.0000
  py          0    0.000000000           90.0000    0.0000
  pz          0    0.000000000           90.0000    0.0000
   sum over m      0.000000000           90.0000    0.0000
  px          1    0.000000000           90.0000    0.0000
  py          1    0.000000000           90.0000    0.0000
  pz          1    0.000000000           90.0000    0.0000
   sum over m      0.000000000           90.0000    0.0000
  d3z^2-r^2   0    0.000000000           90.0000    0.0000
  dx^2-y^2    0    0.000000000           90.0000    0.0000
  dxy         0    0.000000000           90.0000    0.0000
  dxz         0    0.000000000           90.0000    0.0000
  dyz         0    0.000000000           90.0000    0.0000
   sum over m      0.000000000           90.0000    0.0000

  170   Si         Orbital Moment(muB)    Angles (Deg)
            multiple
  s           0    0.000000000           90.0000    0.0000
   sum over m      0.000000000           90.0000    0.0000
  s           1    0.000000000           90.0000    0.0000
   sum over m      0.000000000           90.0000    0.0000
  px          0    0.000000000           90.0000    0.0000
  py          0    0.000000000           90.0000    0.0000
  pz          0    0.000000000           90.0000    0.0000
   sum over m      0.000000000           90.0000    0.0000
  px          1    0.000000000           90.0000    0.0000
  py          1    0.000000000           90.0000    0.0000
  pz          1    0.000000000           90.0000    0.0000
   sum over m      0.000000000           90.0000    0.0000
  d3z^2-r^2   0    0.000000000           90.0000    0.0000
  dx^2-y^2    0    0.000000000           90.0000    0.0000
  dxy         0    0.000000000           90.0000    0.0000
  dxz         0    0.000000000           90.0000    0.0000
  dyz         0    0.000000000           90.0000    0.0000
   sum over m      0.000000000           90.0000    0.0000

  171   Si         Orbital Moment(muB)    Angles (Deg)
            multiple
  s           0    0.000000000           90.0000    0.0000
   sum over m      0.000000000           90.0000    0.0000
  s           1    0.000000000           90.0000    0.0000
   sum over m      0.000000000           90.0000    0.0000
  px          0    0.000000000           90.0000    0.0000
  py          0    0.000000000           90.0000    0.0000
  pz          0    0.000000000           90.0000    0.0000
   sum over m      0.000000000           90.0000    0.0000
  px          1    0.000000000           90.0000    0.0000
  py          1    0.000000000           90.0000    0.0000
  pz          1    0.000000000           90.0000    0.0000
   sum over m      0.000000000           90.0000    0.0000
  d3z^2-r^2   0    0.000000000           90.0000    0.0000
  dx^2-y^2    0    0.000000000           90.0000    0.0000
  dxy         0    0.000000000           90.0000    0.0000
  dxz         0    0.000000000           90.0000    0.0000
  dyz         0    0.000000000           90.0000    0.0000
   sum over m      0.000000000           90.0000    0.0000

  172   Si         Orbital Moment(muB)    Angles (Deg)
            multiple
  s           0    0.000000000           90.0000    0.0000
   sum over m      0.000000000           90.0000    0.0000
  s           1    0.000000000           90.0000    0.0000
   sum over m      0.000000000           90.0000    0.0000
  px          0    0.000000000           90.0000    0.0000
  py          0    0.000000000           90.0000    0.0000
  pz          0    0.000000000           90.0000    0.0000
   sum over m      0.000000000           90.0000    0.0000
  px          1    0.000000000           90.0000    0.0000
  py          1    0.000000000           90.0000    0.0000
  pz          1    0.000000000           90.0000    0.0000
   sum over m      0.000000000           90.0000    0.0000
  d3z^2-r^2   0    0.000000000           90.0000    0.0000
  dx^2-y^2    0    0.000000000           90.0000    0.0000
  dxy         0    0.000000000           90.0000    0.0000
  dxz         0    0.000000000           90.0000    0.0000
  dyz         0    0.000000000           90.0000    0.0000
   sum over m      0.000000000           90.0000    0.0000

  173   Si         Orbital Moment(muB)    Angles (Deg)
            multiple
  s           0    0.000000000           90.0000    0.0000
   sum over m      0.000000000           90.0000    0.0000
  s           1    0.000000000           90.0000    0.0000
   sum over m      0.000000000           90.0000    0.0000
  px          0    0.000000000           90.0000    0.0000
  py          0    0.000000000           90.0000    0.0000
  pz          0    0.000000000           90.0000    0.0000
   sum over m      0.000000000           90.0000    0.0000
  px          1    0.000000000           90.0000    0.0000
  py          1    0.000000000           90.0000    0.0000
  pz          1    0.000000000           90.0000    0.0000
   sum over m      0.000000000           90.0000    0.0000
  d3z^2-r^2   0    0.000000000           90.0000    0.0000
  dx^2-y^2    0    0.000000000           90.0000    0.0000
  dxy         0    0.000000000           90.0000    0.0000
  dxz         0    0.000000000           90.0000    0.0000
  dyz         0    0.000000000           90.0000    0.0000
   sum over m      0.000000000           90.0000    0.0000

  174   Si         Orbital Moment(muB)    Angles (Deg)
            multiple
  s           0    0.000000000           90.0000    0.0000
   sum over m      0.000000000           90.0000    0.0000
  s           1    0.000000000           90.0000    0.0000
   sum over m      0.000000000           90.0000    0.0000
  px          0    0.000000000           90.0000    0.0000
  py          0    0.000000000           90.0000    0.0000
  pz          0    0.000000000           90.0000    0.0000
   sum over m      0.000000000           90.0000    0.0000
  px          1    0.000000000           90.0000    0.0000
  py          1    0.000000000           90.0000    0.0000
  pz          1    0.000000000           90.0000    0.0000
   sum over m      0.000000000           90.0000    0.0000
  d3z^2-r^2   0    0.000000000           90.0000    0.0000
  dx^2-y^2    0    0.000000000           90.0000    0.0000
  dxy         0    0.000000000           90.0000    0.0000
  dxz         0    0.000000000           90.0000    0.0000
  dyz         0    0.000000000           90.0000    0.0000
   sum over m      0.000000000           90.0000    0.0000

  175   Si         Orbital Moment(muB)    Angles (Deg)
            multiple
  s           0    0.000000000           90.0000    0.0000
   sum over m      0.000000000           90.0000    0.0000
  s           1    0.000000000           90.0000    0.0000
   sum over m      0.000000000           90.0000    0.0000
  px          0    0.000000000           90.0000    0.0000
  py          0    0.000000000           90.0000    0.0000
  pz          0    0.000000000           90.0000    0.0000
   sum over m      0.000000000           90.0000    0.0000
  px          1    0.000000000           90.0000    0.0000
  py          1    0.000000000           90.0000    0.0000
  pz          1    0.000000000           90.0000    0.0000
   sum over m      0.000000000           90.0000    0.0000
  d3z^2-r^2   0    0.000000000           90.0000    0.0000
  dx^2-y^2    0    0.000000000           90.0000    0.0000
  dxy         0    0.000000000           90.0000    0.0000
  dxz         0    0.000000000           90.0000    0.0000
  dyz         0    0.000000000           90.0000    0.0000
   sum over m      0.000000000           90.0000    0.0000

  176   Si         Orbital Moment(muB)    Angles (Deg)
            multiple
  s           0    0.000000000           90.0000    0.0000
   sum over m      0.000000000           90.0000    0.0000
  s           1    0.000000000           90.0000    0.0000
   sum over m      0.000000000           90.0000    0.0000
  px          0    0.000000000           90.0000    0.0000
  py          0    0.000000000           90.0000    0.0000
  pz          0    0.000000000           90.0000    0.0000
   sum over m      0.000000000           90.0000    0.0000
  px          1    0.000000000           90.0000    0.0000
  py          1    0.000000000           90.0000    0.0000
  pz          1    0.000000000           90.0000    0.0000
   sum over m      0.000000000           90.0000    0.0000
  d3z^2-r^2   0    0.000000000           90.0000    0.0000
  dx^2-y^2    0    0.000000000           90.0000    0.0000
  dxy         0    0.000000000           90.0000    0.0000
  dxz         0    0.000000000           90.0000    0.0000
  dyz         0    0.000000000           90.0000    0.0000
   sum over m      0.000000000           90.0000    0.0000

  177   Si         Orbital Moment(muB)    Angles (Deg)
            multiple
  s           0    0.000000000           90.0000    0.0000
   sum over m      0.000000000           90.0000    0.0000
  s           1    0.000000000           90.0000    0.0000
   sum over m      0.000000000           90.0000    0.0000
  px          0    0.000000000           90.0000    0.0000
  py          0    0.000000000           90.0000    0.0000
  pz          0    0.000000000           90.0000    0.0000
   sum over m      0.000000000           90.0000    0.0000
  px          1    0.000000000           90.0000    0.0000
  py          1    0.000000000           90.0000    0.0000
  pz          1    0.000000000           90.0000    0.0000
   sum over m      0.000000000           90.0000    0.0000
  d3z^2-r^2   0    0.000000000           90.0000    0.0000
  dx^2-y^2    0    0.000000000           90.0000    0.0000
  dxy         0    0.000000000           90.0000    0.0000
  dxz         0    0.000000000           90.0000    0.0000
  dyz         0    0.000000000           90.0000    0.0000
   sum over m      0.000000000           90.0000    0.0000

  178   Si         Orbital Moment(muB)    Angles (Deg)
            multiple
  s           0    0.000000000           90.0000    0.0000
   sum over m      0.000000000           90.0000    0.0000
  s           1    0.000000000           90.0000    0.0000
   sum over m      0.000000000           90.0000    0.0000
  px          0    0.000000000           90.0000    0.0000
  py          0    0.000000000           90.0000    0.0000
  pz          0    0.000000000           90.0000    0.0000
   sum over m      0.000000000           90.0000    0.0000
  px          1    0.000000000           90.0000    0.0000
  py          1    0.000000000           90.0000    0.0000
  pz          1    0.000000000           90.0000    0.0000
   sum over m      0.000000000           90.0000    0.0000
  d3z^2-r^2   0    0.000000000           90.0000    0.0000
  dx^2-y^2    0    0.000000000           90.0000    0.0000
  dxy         0    0.000000000           90.0000    0.0000
  dxz         0    0.000000000           90.0000    0.0000
  dyz         0    0.000000000           90.0000    0.0000
   sum over m      0.000000000           90.0000    0.0000

  179   Si         Orbital Moment(muB)    Angles (Deg)
            multiple
  s           0    0.000000000           90.0000    0.0000
   sum over m      0.000000000           90.0000    0.0000
  s           1    0.000000000           90.0000    0.0000
   sum over m      0.000000000           90.0000    0.0000
  px          0    0.000000000           90.0000    0.0000
  py          0    0.000000000           90.0000    0.0000
  pz          0    0.000000000           90.0000    0.0000
   sum over m      0.000000000           90.0000    0.0000
  px          1    0.000000000           90.0000    0.0000
  py          1    0.000000000           90.0000    0.0000
  pz          1    0.000000000           90.0000    0.0000
   sum over m      0.000000000           90.0000    0.0000
  d3z^2-r^2   0    0.000000000           90.0000    0.0000
  dx^2-y^2    0    0.000000000           90.0000    0.0000
  dxy         0    0.000000000           90.0000    0.0000
  dxz         0    0.000000000           90.0000    0.0000
  dyz         0    0.000000000           90.0000    0.0000
   sum over m      0.000000000           90.0000    0.0000

  180   Si         Orbital Moment(muB)    Angles (Deg)
            multiple
  s           0    0.000000000           90.0000    0.0000
   sum over m      0.000000000           90.0000    0.0000
  s           1    0.000000000           90.0000    0.0000
   sum over m      0.000000000           90.0000    0.0000
  px          0    0.000000000           90.0000    0.0000
  py          0    0.000000000           90.0000    0.0000
  pz          0    0.000000000           90.0000    0.0000
   sum over m      0.000000000           90.0000    0.0000
  px          1    0.000000000           90.0000    0.0000
  py          1    0.000000000           90.0000    0.0000
  pz          1    0.000000000           90.0000    0.0000
   sum over m      0.000000000           90.0000    0.0000
  d3z^2-r^2   0    0.000000000           90.0000    0.0000
  dx^2-y^2    0    0.000000000           90.0000    0.0000
  dxy         0    0.000000000           90.0000    0.0000
  dxz         0    0.000000000           90.0000    0.0000
  dyz         0    0.000000000           90.0000    0.0000
   sum over m      0.000000000           90.0000    0.0000

  181   Si         Orbital Moment(muB)    Angles (Deg)
            multiple
  s           0    0.000000000           90.0000    0.0000
   sum over m      0.000000000           90.0000    0.0000
  s           1    0.000000000           90.0000    0.0000
   sum over m      0.000000000           90.0000    0.0000
  px          0    0.000000000           90.0000    0.0000
  py          0    0.000000000           90.0000    0.0000
  pz          0    0.000000000           90.0000    0.0000
   sum over m      0.000000000           90.0000    0.0000
  px          1    0.000000000           90.0000    0.0000
  py          1    0.000000000           90.0000    0.0000
  pz          1    0.000000000           90.0000    0.0000
   sum over m      0.000000000           90.0000    0.0000
  d3z^2-r^2   0    0.000000000           90.0000    0.0000
  dx^2-y^2    0    0.000000000           90.0000    0.0000
  dxy         0    0.000000000           90.0000    0.0000
  dxz         0    0.000000000           90.0000    0.0000
  dyz         0    0.000000000           90.0000    0.0000
   sum over m      0.000000000           90.0000    0.0000

  182   Si         Orbital Moment(muB)    Angles (Deg)
            multiple
  s           0    0.000000000           90.0000    0.0000
   sum over m      0.000000000           90.0000    0.0000
  s           1    0.000000000           90.0000    0.0000
   sum over m      0.000000000           90.0000    0.0000
  px          0    0.000000000           90.0000    0.0000
  py          0    0.000000000           90.0000    0.0000
  pz          0    0.000000000           90.0000    0.0000
   sum over m      0.000000000           90.0000    0.0000
  px          1    0.000000000           90.0000    0.0000
  py          1    0.000000000           90.0000    0.0000
  pz          1    0.000000000           90.0000    0.0000
   sum over m      0.000000000           90.0000    0.0000
  d3z^2-r^2   0    0.000000000           90.0000    0.0000
  dx^2-y^2    0    0.000000000           90.0000    0.0000
  dxy         0    0.000000000           90.0000    0.0000
  dxz         0    0.000000000           90.0000    0.0000
  dyz         0    0.000000000           90.0000    0.0000
   sum over m      0.000000000           90.0000    0.0000

  183   Si         Orbital Moment(muB)    Angles (Deg)
            multiple
  s           0    0.000000000           90.0000    0.0000
   sum over m      0.000000000           90.0000    0.0000
  s           1    0.000000000           90.0000    0.0000
   sum over m      0.000000000           90.0000    0.0000
  px          0    0.000000000           90.0000    0.0000
  py          0    0.000000000           90.0000    0.0000
  pz          0    0.000000000           90.0000    0.0000
   sum over m      0.000000000           90.0000    0.0000
  px          1    0.000000000           90.0000    0.0000
  py          1    0.000000000           90.0000    0.0000
  pz          1    0.000000000           90.0000    0.0000
   sum over m      0.000000000           90.0000    0.0000
  d3z^2-r^2   0    0.000000000           90.0000    0.0000
  dx^2-y^2    0    0.000000000           90.0000    0.0000
  dxy         0    0.000000000           90.0000    0.0000
  dxz         0    0.000000000           90.0000    0.0000
  dyz         0    0.000000000           90.0000    0.0000
   sum over m      0.000000000           90.0000    0.0000

  184   Si         Orbital Moment(muB)    Angles (Deg)
            multiple
  s           0    0.000000000           90.0000    0.0000
   sum over m      0.000000000           90.0000    0.0000
  s           1    0.000000000           90.0000    0.0000
   sum over m      0.000000000           90.0000    0.0000
  px          0    0.000000000           90.0000    0.0000
  py          0    0.000000000           90.0000    0.0000
  pz          0    0.000000000           90.0000    0.0000
   sum over m      0.000000000           90.0000    0.0000
  px          1    0.000000000           90.0000    0.0000
  py          1    0.000000000           90.0000    0.0000
  pz          1    0.000000000           90.0000    0.0000
   sum over m      0.000000000           90.0000    0.0000
  d3z^2-r^2   0    0.000000000           90.0000    0.0000
  dx^2-y^2    0    0.000000000           90.0000    0.0000
  dxy         0    0.000000000           90.0000    0.0000
  dxz         0    0.000000000           90.0000    0.0000
  dyz         0    0.000000000           90.0000    0.0000
   sum over m      0.000000000           90.0000    0.0000

  185   Si         Orbital Moment(muB)    Angles (Deg)
            multiple
  s           0    0.000000000           90.0000    0.0000
   sum over m      0.000000000           90.0000    0.0000
  s           1    0.000000000           90.0000    0.0000
   sum over m      0.000000000           90.0000    0.0000
  px          0    0.000000000           90.0000    0.0000
  py          0    0.000000000           90.0000    0.0000
  pz          0    0.000000000           90.0000    0.0000
   sum over m      0.000000000           90.0000    0.0000
  px          1    0.000000000           90.0000    0.0000
  py          1    0.000000000           90.0000    0.0000
  pz          1    0.000000000           90.0000    0.0000
   sum over m      0.000000000           90.0000    0.0000
  d3z^2-r^2   0    0.000000000           90.0000    0.0000
  dx^2-y^2    0    0.000000000           90.0000    0.0000
  dxy         0    0.000000000           90.0000    0.0000
  dxz         0    0.000000000           90.0000    0.0000
  dyz         0    0.000000000           90.0000    0.0000
   sum over m      0.000000000           90.0000    0.0000

  186   Si         Orbital Moment(muB)    Angles (Deg)
            multiple
  s           0    0.000000000           90.0000    0.0000
   sum over m      0.000000000           90.0000    0.0000
  s           1    0.000000000           90.0000    0.0000
   sum over m      0.000000000           90.0000    0.0000
  px          0    0.000000000           90.0000    0.0000
  py          0    0.000000000           90.0000    0.0000
  pz          0    0.000000000           90.0000    0.0000
   sum over m      0.000000000           90.0000    0.0000
  px          1    0.000000000           90.0000    0.0000
  py          1    0.000000000           90.0000    0.0000
  pz          1    0.000000000           90.0000    0.0000
   sum over m      0.000000000           90.0000    0.0000
  d3z^2-r^2   0    0.000000000           90.0000    0.0000
  dx^2-y^2    0    0.000000000           90.0000    0.0000
  dxy         0    0.000000000           90.0000    0.0000
  dxz         0    0.000000000           90.0000    0.0000
  dyz         0    0.000000000           90.0000    0.0000
   sum over m      0.000000000           90.0000    0.0000

  187   Si         Orbital Moment(muB)    Angles (Deg)
            multiple
  s           0    0.000000000           90.0000    0.0000
   sum over m      0.000000000           90.0000    0.0000
  s           1    0.000000000           90.0000    0.0000
   sum over m      0.000000000           90.0000    0.0000
  px          0    0.000000000           90.0000    0.0000
  py          0    0.000000000           90.0000    0.0000
  pz          0    0.000000000           90.0000    0.0000
   sum over m      0.000000000           90.0000    0.0000
  px          1    0.000000000           90.0000    0.0000
  py          1    0.000000000           90.0000    0.0000
  pz          1    0.000000000           90.0000    0.0000
   sum over m      0.000000000           90.0000    0.0000
  d3z^2-r^2   0    0.000000000           90.0000    0.0000
  dx^2-y^2    0    0.000000000           90.0000    0.0000
  dxy         0    0.000000000           90.0000    0.0000
  dxz         0    0.000000000           90.0000    0.0000
  dyz         0    0.000000000           90.0000    0.0000
   sum over m      0.000000000           90.0000    0.0000

  188   Si         Orbital Moment(muB)    Angles (Deg)
            multiple
  s           0    0.000000000           90.0000    0.0000
   sum over m      0.000000000           90.0000    0.0000
  s           1    0.000000000           90.0000    0.0000
   sum over m      0.000000000           90.0000    0.0000
  px          0    0.000000000           90.0000    0.0000
  py          0    0.000000000           90.0000    0.0000
  pz          0    0.000000000           90.0000    0.0000
   sum over m      0.000000000           90.0000    0.0000
  px          1    0.000000000           90.0000    0.0000
  py          1    0.000000000           90.0000    0.0000
  pz          1    0.000000000           90.0000    0.0000
   sum over m      0.000000000           90.0000    0.0000
  d3z^2-r^2   0    0.000000000           90.0000    0.0000
  dx^2-y^2    0    0.000000000           90.0000    0.0000
  dxy         0    0.000000000           90.0000    0.0000
  dxz         0    0.000000000           90.0000    0.0000
  dyz         0    0.000000000           90.0000    0.0000
   sum over m      0.000000000           90.0000    0.0000

  189   Si         Orbital Moment(muB)    Angles (Deg)
            multiple
  s           0    0.000000000           90.0000    0.0000
   sum over m      0.000000000           90.0000    0.0000
  s           1    0.000000000           90.0000    0.0000
   sum over m      0.000000000           90.0000    0.0000
  px          0    0.000000000           90.0000    0.0000
  py          0    0.000000000           90.0000    0.0000
  pz          0    0.000000000           90.0000    0.0000
   sum over m      0.000000000           90.0000    0.0000
  px          1    0.000000000           90.0000    0.0000
  py          1    0.000000000           90.0000    0.0000
  pz          1    0.000000000           90.0000    0.0000
   sum over m      0.000000000           90.0000    0.0000
  d3z^2-r^2   0    0.000000000           90.0000    0.0000
  dx^2-y^2    0    0.000000000           90.0000    0.0000
  dxy         0    0.000000000           90.0000    0.0000
  dxz         0    0.000000000           90.0000    0.0000
  dyz         0    0.000000000           90.0000    0.0000
   sum over m      0.000000000           90.0000    0.0000

  190   Si         Orbital Moment(muB)    Angles (Deg)
            multiple
  s           0    0.000000000           90.0000    0.0000
   sum over m      0.000000000           90.0000    0.0000
  s           1    0.000000000           90.0000    0.0000
   sum over m      0.000000000           90.0000    0.0000
  px          0    0.000000000           90.0000    0.0000
  py          0    0.000000000           90.0000    0.0000
  pz          0    0.000000000           90.0000    0.0000
   sum over m      0.000000000           90.0000    0.0000
  px          1    0.000000000           90.0000    0.0000
  py          1    0.000000000           90.0000    0.0000
  pz          1    0.000000000           90.0000    0.0000
   sum over m      0.000000000           90.0000    0.0000
  d3z^2-r^2   0    0.000000000           90.0000    0.0000
  dx^2-y^2    0    0.000000000           90.0000    0.0000
  dxy         0    0.000000000           90.0000    0.0000
  dxz         0    0.000000000           90.0000    0.0000
  dyz         0    0.000000000           90.0000    0.0000
   sum over m      0.000000000           90.0000    0.0000

  191   Si         Orbital Moment(muB)    Angles (Deg)
            multiple
  s           0    0.000000000           90.0000    0.0000
   sum over m      0.000000000           90.0000    0.0000
  s           1    0.000000000           90.0000    0.0000
   sum over m      0.000000000           90.0000    0.0000
  px          0    0.000000000           90.0000    0.0000
  py          0    0.000000000           90.0000    0.0000
  pz          0    0.000000000           90.0000    0.0000
   sum over m      0.000000000           90.0000    0.0000
  px          1    0.000000000           90.0000    0.0000
  py          1    0.000000000           90.0000    0.0000
  pz          1    0.000000000           90.0000    0.0000
   sum over m      0.000000000           90.0000    0.0000
  d3z^2-r^2   0    0.000000000           90.0000    0.0000
  dx^2-y^2    0    0.000000000           90.0000    0.0000
  dxy         0    0.000000000           90.0000    0.0000
  dxz         0    0.000000000           90.0000    0.0000
  dyz         0    0.000000000           90.0000    0.0000
   sum over m      0.000000000           90.0000    0.0000

  192   Si         Orbital Moment(muB)    Angles (Deg)
            multiple
  s           0    0.000000000           90.0000    0.0000
   sum over m      0.000000000           90.0000    0.0000
  s           1    0.000000000           90.0000    0.0000
   sum over m      0.000000000           90.0000    0.0000
  px          0    0.000000000           90.0000    0.0000
  py          0    0.000000000           90.0000    0.0000
  pz          0    0.000000000           90.0000    0.0000
   sum over m      0.000000000           90.0000    0.0000
  px          1    0.000000000           90.0000    0.0000
  py          1    0.000000000           90.0000    0.0000
  pz          1    0.000000000           90.0000    0.0000
   sum over m      0.000000000           90.0000    0.0000
  d3z^2-r^2   0    0.000000000           90.0000    0.0000
  dx^2-y^2    0    0.000000000           90.0000    0.0000
  dxy         0    0.000000000           90.0000    0.0000
  dxz         0    0.000000000           90.0000    0.0000
  dyz         0    0.000000000           90.0000    0.0000
   sum over m      0.000000000           90.0000    0.0000

  193   Si         Orbital Moment(muB)    Angles (Deg)
            multiple
  s           0    0.000000000           90.0000    0.0000
   sum over m      0.000000000           90.0000    0.0000
  s           1    0.000000000           90.0000    0.0000
   sum over m      0.000000000           90.0000    0.0000
  px          0    0.000000000           90.0000    0.0000
  py          0    0.000000000           90.0000    0.0000
  pz          0    0.000000000           90.0000    0.0000
   sum over m      0.000000000           90.0000    0.0000
  px          1    0.000000000           90.0000    0.0000
  py          1    0.000000000           90.0000    0.0000
  pz          1    0.000000000           90.0000    0.0000
   sum over m      0.000000000           90.0000    0.0000
  d3z^2-r^2   0    0.000000000           90.0000    0.0000
  dx^2-y^2    0    0.000000000           90.0000    0.0000
  dxy         0    0.000000000           90.0000    0.0000
  dxz         0    0.000000000           90.0000    0.0000
  dyz         0    0.000000000           90.0000    0.0000
   sum over m      0.000000000           90.0000    0.0000

  194   Si         Orbital Moment(muB)    Angles (Deg)
            multiple
  s           0    0.000000000           90.0000    0.0000
   sum over m      0.000000000           90.0000    0.0000
  s           1    0.000000000           90.0000    0.0000
   sum over m      0.000000000           90.0000    0.0000
  px          0    0.000000000           90.0000    0.0000
  py          0    0.000000000           90.0000    0.0000
  pz          0    0.000000000           90.0000    0.0000
   sum over m      0.000000000           90.0000    0.0000
  px          1    0.000000000           90.0000    0.0000
  py          1    0.000000000           90.0000    0.0000
  pz          1    0.000000000           90.0000    0.0000
   sum over m      0.000000000           90.0000    0.0000
  d3z^2-r^2   0    0.000000000           90.0000    0.0000
  dx^2-y^2    0    0.000000000           90.0000    0.0000
  dxy         0    0.000000000           90.0000    0.0000
  dxz         0    0.000000000           90.0000    0.0000
  dyz         0    0.000000000           90.0000    0.0000
   sum over m      0.000000000           90.0000    0.0000

  195   Si         Orbital Moment(muB)    Angles (Deg)
            multiple
  s           0    0.000000000           90.0000    0.0000
   sum over m      0.000000000           90.0000    0.0000
  s           1    0.000000000           90.0000    0.0000
   sum over m      0.000000000           90.0000    0.0000
  px          0    0.000000000           90.0000    0.0000
  py          0    0.000000000           90.0000    0.0000
  pz          0    0.000000000           90.0000    0.0000
   sum over m      0.000000000           90.0000    0.0000
  px          1    0.000000000           90.0000    0.0000
  py          1    0.000000000           90.0000    0.0000
  pz          1    0.000000000           90.0000    0.0000
   sum over m      0.000000000           90.0000    0.0000
  d3z^2-r^2   0    0.000000000           90.0000    0.0000
  dx^2-y^2    0    0.000000000           90.0000    0.0000
  dxy         0    0.000000000           90.0000    0.0000
  dxz         0    0.000000000           90.0000    0.0000
  dyz         0    0.000000000           90.0000    0.0000
   sum over m      0.000000000           90.0000    0.0000

  196   Si         Orbital Moment(muB)    Angles (Deg)
            multiple
  s           0    0.000000000           90.0000    0.0000
   sum over m      0.000000000           90.0000    0.0000
  s           1    0.000000000           90.0000    0.0000
   sum over m      0.000000000           90.0000    0.0000
  px          0    0.000000000           90.0000    0.0000
  py          0    0.000000000           90.0000    0.0000
  pz          0    0.000000000           90.0000    0.0000
   sum over m      0.000000000           90.0000    0.0000
  px          1    0.000000000           90.0000    0.0000
  py          1    0.000000000           90.0000    0.0000
  pz          1    0.000000000           90.0000    0.0000
   sum over m      0.000000000           90.0000    0.0000
  d3z^2-r^2   0    0.000000000           90.0000    0.0000
  dx^2-y^2    0    0.000000000           90.0000    0.0000
  dxy         0    0.000000000           90.0000    0.0000
  dxz         0    0.000000000           90.0000    0.0000
  dyz         0    0.000000000           90.0000    0.0000
   sum over m      0.000000000           90.0000    0.0000

  197   Si         Orbital Moment(muB)    Angles (Deg)
            multiple
  s           0    0.000000000           90.0000    0.0000
   sum over m      0.000000000           90.0000    0.0000
  s           1    0.000000000           90.0000    0.0000
   sum over m      0.000000000           90.0000    0.0000
  px          0    0.000000000           90.0000    0.0000
  py          0    0.000000000           90.0000    0.0000
  pz          0    0.000000000           90.0000    0.0000
   sum over m      0.000000000           90.0000    0.0000
  px          1    0.000000000           90.0000    0.0000
  py          1    0.000000000           90.0000    0.0000
  pz          1    0.000000000           90.0000    0.0000
   sum over m      0.000000000           90.0000    0.0000
  d3z^2-r^2   0    0.000000000           90.0000    0.0000
  dx^2-y^2    0    0.000000000           90.0000    0.0000
  dxy         0    0.000000000           90.0000    0.0000
  dxz         0    0.000000000           90.0000    0.0000
  dyz         0    0.000000000           90.0000    0.0000
   sum over m      0.000000000           90.0000    0.0000

  198   Si         Orbital Moment(muB)    Angles (Deg)
            multiple
  s           0    0.000000000           90.0000    0.0000
   sum over m      0.000000000           90.0000    0.0000
  s           1    0.000000000           90.0000    0.0000
   sum over m      0.000000000           90.0000    0.0000
  px          0    0.000000000           90.0000    0.0000
  py          0    0.000000000           90.0000    0.0000
  pz          0    0.000000000           90.0000    0.0000
   sum over m      0.000000000           90.0000    0.0000
  px          1    0.000000000           90.0000    0.0000
  py          1    0.000000000           90.0000    0.0000
  pz          1    0.000000000           90.0000    0.0000
   sum over m      0.000000000           90.0000    0.0000
  d3z^2-r^2   0    0.000000000           90.0000    0.0000
  dx^2-y^2    0    0.000000000           90.0000    0.0000
  dxy         0    0.000000000           90.0000    0.0000
  dxz         0    0.000000000           90.0000    0.0000
  dyz         0    0.000000000           90.0000    0.0000
   sum over m      0.000000000           90.0000    0.0000

  199   Si         Orbital Moment(muB)    Angles (Deg)
            multiple
  s           0    0.000000000           90.0000    0.0000
   sum over m      0.000000000           90.0000    0.0000
  s           1    0.000000000           90.0000    0.0000
   sum over m      0.000000000           90.0000    0.0000
  px          0    0.000000000           90.0000    0.0000
  py          0    0.000000000           90.0000    0.0000
  pz          0    0.000000000           90.0000    0.0000
   sum over m      0.000000000           90.0000    0.0000
  px          1    0.000000000           90.0000    0.0000
  py          1    0.000000000           90.0000    0.0000
  pz          1    0.000000000           90.0000    0.0000
   sum over m      0.000000000           90.0000    0.0000
  d3z^2-r^2   0    0.000000000           90.0000    0.0000
  dx^2-y^2    0    0.000000000           90.0000    0.0000
  dxy         0    0.000000000           90.0000    0.0000
  dxz         0    0.000000000           90.0000    0.0000
  dyz         0    0.000000000           90.0000    0.0000
   sum over m      0.000000000           90.0000    0.0000

  200   Si         Orbital Moment(muB)    Angles (Deg)
            multiple
  s           0    0.000000000           90.0000    0.0000
   sum over m      0.000000000           90.0000    0.0000
  s           1    0.000000000           90.0000    0.0000
   sum over m      0.000000000           90.0000    0.0000
  px          0    0.000000000           90.0000    0.0000
  py          0    0.000000000           90.0000    0.0000
  pz          0    0.000000000           90.0000    0.0000
   sum over m      0.000000000           90.0000    0.0000
  px          1    0.000000000           90.0000    0.0000
  py          1    0.000000000           90.0000    0.0000
  pz          1    0.000000000           90.0000    0.0000
   sum over m      0.000000000           90.0000    0.0000
  d3z^2-r^2   0    0.000000000           90.0000    0.0000
  dx^2-y^2    0    0.000000000           90.0000    0.0000
  dxy         0    0.000000000           90.0000    0.0000
  dxz         0    0.000000000           90.0000    0.0000
  dyz         0    0.000000000           90.0000    0.0000
   sum over m      0.000000000           90.0000    0.0000

  201   Si         Orbital Moment(muB)    Angles (Deg)
            multiple
  s           0    0.000000000           90.0000    0.0000
   sum over m      0.000000000           90.0000    0.0000
  s           1    0.000000000           90.0000    0.0000
   sum over m      0.000000000           90.0000    0.0000
  px          0    0.000000000           90.0000    0.0000
  py          0    0.000000000           90.0000    0.0000
  pz          0    0.000000000           90.0000    0.0000
   sum over m      0.000000000           90.0000    0.0000
  px          1    0.000000000           90.0000    0.0000
  py          1    0.000000000           90.0000    0.0000
  pz          1    0.000000000           90.0000    0.0000
   sum over m      0.000000000           90.0000    0.0000
  d3z^2-r^2   0    0.000000000           90.0000    0.0000
  dx^2-y^2    0    0.000000000           90.0000    0.0000
  dxy         0    0.000000000           90.0000    0.0000
  dxz         0    0.000000000           90.0000    0.0000
  dyz         0    0.000000000           90.0000    0.0000
   sum over m      0.000000000           90.0000    0.0000

  202   Si         Orbital Moment(muB)    Angles (Deg)
            multiple
  s           0    0.000000000           90.0000    0.0000
   sum over m      0.000000000           90.0000    0.0000
  s           1    0.000000000           90.0000    0.0000
   sum over m      0.000000000           90.0000    0.0000
  px          0    0.000000000           90.0000    0.0000
  py          0    0.000000000           90.0000    0.0000
  pz          0    0.000000000           90.0000    0.0000
   sum over m      0.000000000           90.0000    0.0000
  px          1    0.000000000           90.0000    0.0000
  py          1    0.000000000           90.0000    0.0000
  pz          1    0.000000000           90.0000    0.0000
   sum over m      0.000000000           90.0000    0.0000
  d3z^2-r^2   0    0.000000000           90.0000    0.0000
  dx^2-y^2    0    0.000000000           90.0000    0.0000
  dxy         0    0.000000000           90.0000    0.0000
  dxz         0    0.000000000           90.0000    0.0000
  dyz         0    0.000000000           90.0000    0.0000
   sum over m      0.000000000           90.0000    0.0000

  203   Si         Orbital Moment(muB)    Angles (Deg)
            multiple
  s           0    0.000000000           90.0000    0.0000
   sum over m      0.000000000           90.0000    0.0000
  s           1    0.000000000           90.0000    0.0000
   sum over m      0.000000000           90.0000    0.0000
  px          0    0.000000000           90.0000    0.0000
  py          0    0.000000000           90.0000    0.0000
  pz          0    0.000000000           90.0000    0.0000
   sum over m      0.000000000           90.0000    0.0000
  px          1    0.000000000           90.0000    0.0000
  py          1    0.000000000           90.0000    0.0000
  pz          1    0.000000000           90.0000    0.0000
   sum over m      0.000000000           90.0000    0.0000
  d3z^2-r^2   0    0.000000000           90.0000    0.0000
  dx^2-y^2    0    0.000000000           90.0000    0.0000
  dxy         0    0.000000000           90.0000    0.0000
  dxz         0    0.000000000           90.0000    0.0000
  dyz         0    0.000000000           90.0000    0.0000
   sum over m      0.000000000           90.0000    0.0000

  204   Si         Orbital Moment(muB)    Angles (Deg)
            multiple
  s           0    0.000000000           90.0000    0.0000
   sum over m      0.000000000           90.0000    0.0000
  s           1    0.000000000           90.0000    0.0000
   sum over m      0.000000000           90.0000    0.0000
  px          0    0.000000000           90.0000    0.0000
  py          0    0.000000000           90.0000    0.0000
  pz          0    0.000000000           90.0000    0.0000
   sum over m      0.000000000           90.0000    0.0000
  px          1    0.000000000           90.0000    0.0000
  py          1    0.000000000           90.0000    0.0000
  pz          1    0.000000000           90.0000    0.0000
   sum over m      0.000000000           90.0000    0.0000
  d3z^2-r^2   0    0.000000000           90.0000    0.0000
  dx^2-y^2    0    0.000000000           90.0000    0.0000
  dxy         0    0.000000000           90.0000    0.0000
  dxz         0    0.000000000           90.0000    0.0000
  dyz         0    0.000000000           90.0000    0.0000
   sum over m      0.000000000           90.0000    0.0000

  205   Si         Orbital Moment(muB)    Angles (Deg)
            multiple
  s           0    0.000000000           90.0000    0.0000
   sum over m      0.000000000           90.0000    0.0000
  s           1    0.000000000           90.0000    0.0000
   sum over m      0.000000000           90.0000    0.0000
  px          0    0.000000000           90.0000    0.0000
  py          0    0.000000000           90.0000    0.0000
  pz          0    0.000000000           90.0000    0.0000
   sum over m      0.000000000           90.0000    0.0000
  px          1    0.000000000           90.0000    0.0000
  py          1    0.000000000           90.0000    0.0000
  pz          1    0.000000000           90.0000    0.0000
   sum over m      0.000000000           90.0000    0.0000
  d3z^2-r^2   0    0.000000000           90.0000    0.0000
  dx^2-y^2    0    0.000000000           90.0000    0.0000
  dxy         0    0.000000000           90.0000    0.0000
  dxz         0    0.000000000           90.0000    0.0000
  dyz         0    0.000000000           90.0000    0.0000
   sum over m      0.000000000           90.0000    0.0000

  206   Si         Orbital Moment(muB)    Angles (Deg)
            multiple
  s           0    0.000000000           90.0000    0.0000
   sum over m      0.000000000           90.0000    0.0000
  s           1    0.000000000           90.0000    0.0000
   sum over m      0.000000000           90.0000    0.0000
  px          0    0.000000000           90.0000    0.0000
  py          0    0.000000000           90.0000    0.0000
  pz          0    0.000000000           90.0000    0.0000
   sum over m      0.000000000           90.0000    0.0000
  px          1    0.000000000           90.0000    0.0000
  py          1    0.000000000           90.0000    0.0000
  pz          1    0.000000000           90.0000    0.0000
   sum over m      0.000000000           90.0000    0.0000
  d3z^2-r^2   0    0.000000000           90.0000    0.0000
  dx^2-y^2    0    0.000000000           90.0000    0.0000
  dxy         0    0.000000000           90.0000    0.0000
  dxz         0    0.000000000           90.0000    0.0000
  dyz         0    0.000000000           90.0000    0.0000
   sum over m      0.000000000           90.0000    0.0000

  207   Si         Orbital Moment(muB)    Angles (Deg)
            multiple
  s           0    0.000000000           90.0000    0.0000
   sum over m      0.000000000           90.0000    0.0000
  s           1    0.000000000           90.0000    0.0000
   sum over m      0.000000000           90.0000    0.0000
  px          0    0.000000000           90.0000    0.0000
  py          0    0.000000000           90.0000    0.0000
  pz          0    0.000000000           90.0000    0.0000
   sum over m      0.000000000           90.0000    0.0000
  px          1    0.000000000           90.0000    0.0000
  py          1    0.000000000           90.0000    0.0000
  pz          1    0.000000000           90.0000    0.0000
   sum over m      0.000000000           90.0000    0.0000
  d3z^2-r^2   0    0.000000000           90.0000    0.0000
  dx^2-y^2    0    0.000000000           90.0000    0.0000
  dxy         0    0.000000000           90.0000    0.0000
  dxz         0    0.000000000           90.0000    0.0000
  dyz         0    0.000000000           90.0000    0.0000
   sum over m      0.000000000           90.0000    0.0000

  208   Si         Orbital Moment(muB)    Angles (Deg)
            multiple
  s           0    0.000000000           90.0000    0.0000
   sum over m      0.000000000           90.0000    0.0000
  s           1    0.000000000           90.0000    0.0000
   sum over m      0.000000000           90.0000    0.0000
  px          0    0.000000000           90.0000    0.0000
  py          0    0.000000000           90.0000    0.0000
  pz          0    0.000000000           90.0000    0.0000
   sum over m      0.000000000           90.0000    0.0000
  px          1    0.000000000           90.0000    0.0000
  py          1    0.000000000           90.0000    0.0000
  pz          1    0.000000000           90.0000    0.0000
   sum over m      0.000000000           90.0000    0.0000
  d3z^2-r^2   0    0.000000000           90.0000    0.0000
  dx^2-y^2    0    0.000000000           90.0000    0.0000
  dxy         0    0.000000000           90.0000    0.0000
  dxz         0    0.000000000           90.0000    0.0000
  dyz         0    0.000000000           90.0000    0.0000
   sum over m      0.000000000           90.0000    0.0000

  209   Si         Orbital Moment(muB)    Angles (Deg)
            multiple
  s           0    0.000000000           90.0000    0.0000
   sum over m      0.000000000           90.0000    0.0000
  s           1    0.000000000           90.0000    0.0000
   sum over m      0.000000000           90.0000    0.0000
  px          0    0.000000000           90.0000    0.0000
  py          0    0.000000000           90.0000    0.0000
  pz          0    0.000000000           90.0000    0.0000
   sum over m      0.000000000           90.0000    0.0000
  px          1    0.000000000           90.0000    0.0000
  py          1    0.000000000           90.0000    0.0000
  pz          1    0.000000000           90.0000    0.0000
   sum over m      0.000000000           90.0000    0.0000
  d3z^2-r^2   0    0.000000000           90.0000    0.0000
  dx^2-y^2    0    0.000000000           90.0000    0.0000
  dxy         0    0.000000000           90.0000    0.0000
  dxz         0    0.000000000           90.0000    0.0000
  dyz         0    0.000000000           90.0000    0.0000
   sum over m      0.000000000           90.0000    0.0000

  210   Si         Orbital Moment(muB)    Angles (Deg)
            multiple
  s           0    0.000000000           90.0000    0.0000
   sum over m      0.000000000           90.0000    0.0000
  s           1    0.000000000           90.0000    0.0000
   sum over m      0.000000000           90.0000    0.0000
  px          0    0.000000000           90.0000    0.0000
  py          0    0.000000000           90.0000    0.0000
  pz          0    0.000000000           90.0000    0.0000
   sum over m      0.000000000           90.0000    0.0000
  px          1    0.000000000           90.0000    0.0000
  py          1    0.000000000           90.0000    0.0000
  pz          1    0.000000000           90.0000    0.0000
   sum over m      0.000000000           90.0000    0.0000
  d3z^2-r^2   0    0.000000000           90.0000    0.0000
  dx^2-y^2    0    0.000000000           90.0000    0.0000
  dxy         0    0.000000000           90.0000    0.0000
  dxz         0    0.000000000           90.0000    0.0000
  dyz         0    0.000000000           90.0000    0.0000
   sum over m      0.000000000           90.0000    0.0000

  211   Si         Orbital Moment(muB)    Angles (Deg)
            multiple
  s           0    0.000000000           90.0000    0.0000
   sum over m      0.000000000           90.0000    0.0000
  s           1    0.000000000           90.0000    0.0000
   sum over m      0.000000000           90.0000    0.0000
  px          0    0.000000000           90.0000    0.0000
  py          0    0.000000000           90.0000    0.0000
  pz          0    0.000000000           90.0000    0.0000
   sum over m      0.000000000           90.0000    0.0000
  px          1    0.000000000           90.0000    0.0000
  py          1    0.000000000           90.0000    0.0000
  pz          1    0.000000000           90.0000    0.0000
   sum over m      0.000000000           90.0000    0.0000
  d3z^2-r^2   0    0.000000000           90.0000    0.0000
  dx^2-y^2    0    0.000000000           90.0000    0.0000
  dxy         0    0.000000000           90.0000    0.0000
  dxz         0    0.000000000           90.0000    0.0000
  dyz         0    0.000000000           90.0000    0.0000
   sum over m      0.000000000           90.0000    0.0000

  212   Si         Orbital Moment(muB)    Angles (Deg)
            multiple
  s           0    0.000000000           90.0000    0.0000
   sum over m      0.000000000           90.0000    0.0000
  s           1    0.000000000           90.0000    0.0000
   sum over m      0.000000000           90.0000    0.0000
  px          0    0.000000000           90.0000    0.0000
  py          0    0.000000000           90.0000    0.0000
  pz          0    0.000000000           90.0000    0.0000
   sum over m      0.000000000           90.0000    0.0000
  px          1    0.000000000           90.0000    0.0000
  py          1    0.000000000           90.0000    0.0000
  pz          1    0.000000000           90.0000    0.0000
   sum over m      0.000000000           90.0000    0.0000
  d3z^2-r^2   0    0.000000000           90.0000    0.0000
  dx^2-y^2    0    0.000000000           90.0000    0.0000
  dxy         0    0.000000000           90.0000    0.0000
  dxz         0    0.000000000           90.0000    0.0000
  dyz         0    0.000000000           90.0000    0.0000
   sum over m      0.000000000           90.0000    0.0000

  213   Si         Orbital Moment(muB)    Angles (Deg)
            multiple
  s           0    0.000000000           90.0000    0.0000
   sum over m      0.000000000           90.0000    0.0000
  s           1    0.000000000           90.0000    0.0000
   sum over m      0.000000000           90.0000    0.0000
  px          0    0.000000000           90.0000    0.0000
  py          0    0.000000000           90.0000    0.0000
  pz          0    0.000000000           90.0000    0.0000
   sum over m      0.000000000           90.0000    0.0000
  px          1    0.000000000           90.0000    0.0000
  py          1    0.000000000           90.0000    0.0000
  pz          1    0.000000000           90.0000    0.0000
   sum over m      0.000000000           90.0000    0.0000
  d3z^2-r^2   0    0.000000000           90.0000    0.0000
  dx^2-y^2    0    0.000000000           90.0000    0.0000
  dxy         0    0.000000000           90.0000    0.0000
  dxz         0    0.000000000           90.0000    0.0000
  dyz         0    0.000000000           90.0000    0.0000
   sum over m      0.000000000           90.0000    0.0000

  214   Si         Orbital Moment(muB)    Angles (Deg)
            multiple
  s           0    0.000000000           90.0000    0.0000
   sum over m      0.000000000           90.0000    0.0000
  s           1    0.000000000           90.0000    0.0000
   sum over m      0.000000000           90.0000    0.0000
  px          0    0.000000000           90.0000    0.0000
  py          0    0.000000000           90.0000    0.0000
  pz          0    0.000000000           90.0000    0.0000
   sum over m      0.000000000           90.0000    0.0000
  px          1    0.000000000           90.0000    0.0000
  py          1    0.000000000           90.0000    0.0000
  pz          1    0.000000000           90.0000    0.0000
   sum over m      0.000000000           90.0000    0.0000
  d3z^2-r^2   0    0.000000000           90.0000    0.0000
  dx^2-y^2    0    0.000000000           90.0000    0.0000
  dxy         0    0.000000000           90.0000    0.0000
  dxz         0    0.000000000           90.0000    0.0000
  dyz         0    0.000000000           90.0000    0.0000
   sum over m      0.000000000           90.0000    0.0000

  215   Si         Orbital Moment(muB)    Angles (Deg)
            multiple
  s           0    0.000000000           90.0000    0.0000
   sum over m      0.000000000           90.0000    0.0000
  s           1    0.000000000           90.0000    0.0000
   sum over m      0.000000000           90.0000    0.0000
  px          0    0.000000000           90.0000    0.0000
  py          0    0.000000000           90.0000    0.0000
  pz          0    0.000000000           90.0000    0.0000
   sum over m      0.000000000           90.0000    0.0000
  px          1    0.000000000           90.0000    0.0000
  py          1    0.000000000           90.0000    0.0000
  pz          1    0.000000000           90.0000    0.0000
   sum over m      0.000000000           90.0000    0.0000
  d3z^2-r^2   0    0.000000000           90.0000    0.0000
  dx^2-y^2    0    0.000000000           90.0000    0.0000
  dxy         0    0.000000000           90.0000    0.0000
  dxz         0    0.000000000           90.0000    0.0000
  dyz         0    0.000000000           90.0000    0.0000
   sum over m      0.000000000           90.0000    0.0000

  216   Si         Orbital Moment(muB)    Angles (Deg)
            multiple
  s           0    0.000000000           90.0000    0.0000
   sum over m      0.000000000           90.0000    0.0000
  s           1    0.000000000           90.0000    0.0000
   sum over m      0.000000000           90.0000    0.0000
  px          0    0.000000000           90.0000    0.0000
  py          0    0.000000000           90.0000    0.0000
  pz          0    0.000000000           90.0000    0.0000
   sum over m      0.000000000           90.0000    0.0000
  px          1    0.000000000           90.0000    0.0000
  py          1    0.000000000           90.0000    0.0000
  pz          1    0.000000000           90.0000    0.0000
   sum over m      0.000000000           90.0000    0.0000
  d3z^2-r^2   0    0.000000000           90.0000    0.0000
  dx^2-y^2    0    0.000000000           90.0000    0.0000
  dxy         0    0.000000000           90.0000    0.0000
  dxz         0    0.000000000           90.0000    0.0000
  dyz         0    0.000000000           90.0000    0.0000
   sum over m      0.000000000           90.0000    0.0000

***********************************************************
***********************************************************
                    Dipole moment (Debye)                  
***********************************************************
***********************************************************

 Absolute D      460.72902597

                      Dx                Dy                Dz
 Total            269.63326451      264.16769107      264.16769113
 Core           33808.69673541    33807.73609485    33807.73609485
 Electron      -33539.06347090   -33543.56840378   -33543.56840372
 Back ground       -0.00000000       -0.00000000       -0.00000000

***********************************************************
***********************************************************
       xyz-coordinates (Ang) and forces (Hartree/Bohr)  
***********************************************************
***********************************************************

<coordinates.forces
  216
    1    Si     0.72888   0.67888   0.67888  -0.013631496584 -0.000002001529 -0.000002001654
    2    Si     3.39437   0.67888   3.39437   0.000195061749 -0.000124669166  0.000201389179
    3    Si     0.67888   3.39437   3.39437  -0.000433612187  0.000118058780  0.000118388091
    4    Si     3.39437   3.39437   0.67888   0.000195097782  0.000201501848 -0.000125079807
    5    Si     4.75213   2.03662   2.03662  -0.000008523641 -0.000027577363 -0.000027698268
    6    Si     4.75213   4.75213   4.75213  -0.000015186623 -0.000008178989 -0.000008176195
    7    Si     2.03662   2.03662   4.75213  -0.000034200739  0.000037171946 -0.000036344803
    8    Si     2.03662   4.75213   2.03662  -0.000034099871 -0.000036432987  0.000037251091
    9    Si     0.67888   0.67888   6.10987   0.000020661559 -0.000002850195 -0.000000635193
   10    Si     3.39437   0.67888   8.82538   0.000019862301 -0.000008157660 -0.000008160506
   11    Si     0.67888   3.39437   8.82538   0.000005500558  0.000008086496 -0.000010822723
   12    Si     3.39437   3.39437   6.10987   0.000016807704 -0.000020978949  0.000003356785
   13    Si     4.75213   2.03662   7.46762   0.000000011636  0.000007644113  0.000000929630
   14    Si     4.75213   4.75213  10.18313  -0.000003069025  0.000019402543  0.000004682738
   15    Si     2.03662   2.03662  10.18313  -0.000016297225 -0.000000112370 -0.000002760287
   16    Si     2.03662   4.75213   7.46762  -0.000010338793  0.000005955341 -0.000007312721
   17    Si     0.67888   0.67888  11.54087   0.000015374148 -0.000008201925  0.000007925178
   18    Si     3.39437   0.67888  14.25638   0.000189138054  0.000112695188 -0.000191720149
   19    Si     0.67888   3.39437  14.25638  -0.000432167023 -0.000113040009  0.000117146949
   20    Si     3.39437   3.39437  11.54087   0.000022190465 -0.000016430302 -0.000003317778
   21    Si     4.75213   2.03662  12.89863   0.000016981533 -0.000054661036 -0.000024694324
   22    Si     4.75213   4.75213  15.61412   0.000010850807  0.000012849003  0.000064389268
   23    Si     2.03662   2.03662  15.61412   0.003409349407  0.002468382050 -0.002461240138
   24    Si     2.03662   4.75213  12.89863   0.000177947575 -0.000057679753  0.000051969695
   25    Si     0.67888   6.10987   0.67888   0.000020499704 -0.000000646008 -0.000002873366
   26    Si     3.39437   6.10987   3.39437   0.000016839327  0.000003365073 -0.000020961440
   27    Si     0.67888   8.82538   3.39437   0.000005649321 -0.000010767417  0.000008085316
   28    Si     3.39437   8.82538   0.67888   0.000019774200 -0.000008156382 -0.000008161547
   29    Si     4.75213   7.46762   2.03662   0.000000000191  0.000000915287  0.000007649100
   30    Si     4.75213  10.18313   4.75213  -0.000003189947  0.000004690506  0.000019394802
   31    Si     2.03662   7.46762   4.75213  -0.000010344379 -0.000007287166  0.000005920126
   32    Si     2.03662  10.18313   2.03662  -0.000016273593 -0.000002743664 -0.000000287038
   33    Si     0.67888   6.10987   6.10987  -0.000110647836  0.000020539254  0.000020570970
   34    Si     3.39437   6.10987   8.82538   0.000005692632 -0.000014356962 -0.000004390014
   35    Si     0.67888   8.82538   8.82538  -0.000105425900 -0.000008974853 -0.000008956363
   36    Si     3.39437   8.82538   6.10987   0.000005686122 -0.000004377008 -0.000014361614
   37    Si     4.75213   7.46762   7.46762  -0.000008932272  0.000012515398  0.000012515824
   38    Si     4.75213  10.18313  10.18313  -0.000007892414 -0.000004358817 -0.000004355154
   39    Si     2.03662   7.46762  10.18313   0.000061827911  0.000005674399  0.000001441722
   40    Si     2.03662  10.18313   7.46762   0.000061828035  0.000001446413  0.000005685472
   41    Si     0.67888   6.10987  11.54087  -0.000107982892 -0.000019456508  0.000023252876
   42    Si     3.39437   6.10987  14.25638   0.000021125761  0.000011462247  0.000024502770
   43    Si     0.67888   8.82538  14.25638   0.000010931475 -0.000000262798 -0.000000794405
   44    Si     3.39437   8.82538  11.54087   0.000011787458 -0.000007469652  0.000024187940
   45    Si     4.75213   7.46762  12.89863  -0.000009270947  0.000005160267 -0.000031237580
   46    Si     4.75213  10.18313  15.61412  -0.000000018135  0.000001082320 -0.000005630712
   47    Si     2.03662   7.46762  15.61412  -0.000015398874  0.000005635179  0.000003172466
   48    Si     2.03662  10.18313  12.89863  -0.000009468243  0.000010176053 -0.000015932139
   49    Si     0.67888  11.54087   0.67888   0.000015240875  0.000007926176 -0.000008177855
   50    Si     3.39437  11.54087   3.39437   0.000022172892 -0.000003308811 -0.000016336573
   51    Si     0.67888  14.25638   3.39437  -0.000432187832  0.000116811116 -0.000113369553
   52    Si     3.39437  14.25638   0.67888   0.000189182138 -0.000191809773  0.000113111171
   53    Si     4.75213  12.89863   2.03662   0.000016954884 -0.000024693385 -0.000054545133
   54    Si     4.75213  15.61412   4.75213   0.000010895924  0.000064529266  0.000012855397
   55    Si     2.03662  12.89863   4.75213   0.000177947608  0.000051908916 -0.000057730654
   56    Si     2.03662  15.61412   2.03662   0.003409347008 -0.002461151841  0.002468478013
   57    Si     0.67888  11.54087   6.10987  -0.000107965216  0.000023203107 -0.000019499041
   58    Si     3.39437  11.54087   8.82538   0.000011776918  0.000024207385 -0.000007451078
   59    Si     0.67888  14.25638   8.82538   0.000010765622 -0.000000804993 -0.000000224538
   60    Si     3.39437  14.25638   6.10987   0.000021140129  0.000024595476  0.000011475189
   61    Si     4.75213  12.89863   7.46762  -0.000009167729 -0.000031250397  0.000005144055
   62    Si     4.75213  15.61412  10.18313   0.000000026962 -0.000005643915  0.000001086424
   63    Si     2.03662  12.89863  10.18313  -0.000009462792 -0.000015965173  0.000010197367
   64    Si     2.03662  15.61412   7.46762  -0.000015421967  0.000003002519  0.000005647589
   65    Si     0.67888  11.54087  11.54087  -0.000112503749 -0.000011568067 -0.000011618285
   66    Si     3.39437  11.54087  14.25638   0.000016813012 -0.000001363481  0.000022977138
   67    Si     0.67888  14.25638  14.25638  -0.000431698283 -0.000108991325 -0.000109337672
   68    Si     3.39437  14.25638  11.54087   0.000016816615  0.000022974062 -0.000001336513
   69    Si     4.75213  12.89863  12.89863  -0.000015187543 -0.000008134114 -0.000008144544
   70    Si     4.75213  15.61412  15.61412  -0.000009488390  0.000035695580  0.000035820940
   71    Si     2.03662  12.89863  15.61412  -0.000034991252  0.000026407072 -0.000034369593
   72    Si     2.03662  15.61412  12.89863  -0.000035090496 -0.000034286074  0.000026315327
   73    Si     6.10987   0.67888   0.67888   0.000004694982 -0.000002878075 -0.000002874583
   74    Si     8.82538   0.67888   3.39437  -0.000006440507 -0.000005524209  0.000008023213
   75    Si     6.10987   3.39437   3.39437  -0.000002863812  0.000014376200  0.000014377722
   76    Si     8.82538   3.39437   0.67888  -0.000006456128  0.000008018336 -0.000005508612
   77    Si    10.18313   2.03662   2.03662   0.000001362636 -0.000002677018 -0.000002703730
   78    Si    10.18313   4.75213   4.75213  -0.000000771237  0.000000876757  0.000000915800
   79    Si     7.46762   2.03662   4.75213  -0.000000589769 -0.000011289431 -0.000004667956
   80    Si     7.46762   4.75213   2.03662  -0.000000623464 -0.000004669828 -0.000011291343
   81    Si     6.10987   0.67888   6.10987   0.000004377891 -0.000028316375  0.000014481450
   82    Si     8.82538   0.67888   8.82538  -0.000006835881 -0.000008978112 -0.000008956313
   83    Si     6.10987   3.39437   8.82538   0.000000579845 -0.000012231904 -0.000001087988
   84    Si     8.82538   3.39437   6.10987  -0.000005868325  0.000004469908 -0.000000851706
   85    Si    10.18313   2.03662   7.46762   0.000003953487  0.000000891044  0.000006381300
   86    Si    10.18313   4.75213  10.18313  -0.000005001716 -0.000011501648  0.000007282901
   87    Si     7.46762   2.03662  10.18313   0.000011378378 -0.000001939664 -0.000001106267
   88    Si     7.46762   4.75213   7.46762   0.000003126792 -0.000004002444  0.000015437211
   89    Si     6.10987   0.67888  11.54087   0.000005252193  0.000018303233 -0.000011595008
   90    Si     8.82538   0.67888  14.25638  -0.000001156017 -0.000005506137 -0.000000732022
   91    Si     6.10987   3.39437  14.25638  -0.000002095401  0.000011610826 -0.000004471845
   92    Si     8.82538   3.39437  11.54087  -0.000012129900  0.000007492439  0.000007129358
   93    Si    10.18313   2.03662  12.89863  -0.000003411411  0.000010151632 -0.000009089181
   94    Si    10.18313   4.75213  15.61412  -0.000004302294 -0.000000909814 -0.000007273581
   95    Si     7.46762   2.03662  15.61412   0.000003987807  0.000003805562 -0.000000066964
   96    Si     7.46762   4.75213  12.89863   0.000007363696 -0.000012882470 -0.000005013944
   97    Si     6.10987   6.10987   0.67888   0.000004493212  0.000014494733 -0.000028280667
   98    Si     8.82538   6.10987   3.39437  -0.000005886244 -0.000000845180  0.000004477068
   99    Si     6.10987   8.82538   3.39437   0.000000588656 -0.000001093408 -0.000012220956
  100    Si     8.82538   8.82538   0.67888  -0.000006789778 -0.000008974801 -0.000008959559
  101    Si    10.18313   7.46762   2.03662   0.000003943040  0.000006385433  0.000000908727
  102    Si    10.18313  10.18313   4.75213  -0.000004996057  0.000007271189 -0.000011526010
  103    Si     7.46762   7.46762   4.75213   0.000003131457  0.000015420516 -0.000003988553
  104    Si     7.46762  10.18313   2.03662   0.000011365224 -0.000001096556 -0.000001957063
  105    Si     6.10987   6.10987   6.10987   0.000003938247 -0.000003375857 -0.000003375408
  106    Si     8.82538   6.10987   8.82538  -0.000001957530 -0.000000836523 -0.000002886034
  107    Si     6.10987   8.82538   8.82538   0.000000922233 -0.000002889301 -0.000002885028
  108    Si     8.82538   8.82538   6.10987  -0.000001947288 -0.000002859980 -0.000000831153
  109    Si    10.18313   7.46762   7.46762   0.000001925945  0.000002007949  0.000002026019
  110    Si    10.18313  10.18313  10.18313   0.000001050854  0.000000881479  0.000000859226
  111    Si     7.46762   7.46762  10.18313   0.000003882002  0.000003824722 -0.000000060256
  112    Si     7.46762  10.18313   7.46762   0.000003899164 -0.000000076957  0.000003815336
  113    Si     6.10987   6.10987  11.54087   0.000003806946 -0.000003471968  0.000010586373
  114    Si     8.82538   6.10987  14.25638  -0.000010271127  0.000001826323  0.000001476475
  115    Si     6.10987   8.82538  14.25638  -0.000000287658 -0.000008916581  0.000015107483
  116    Si     8.82538   8.82538  11.54087  -0.000007231898 -0.000008170095  0.000008122830
  117    Si    10.18313   7.46762  12.89863  -0.000005870548 -0.000004381997  0.000001514767
  118    Si    10.18313  10.18313  15.61412   0.000003942941  0.000000733739  0.000006221323
  119    Si     7.46762   7.46762  15.61412   0.000013224795  0.000010072452  0.000010915284
  120    Si     7.46762  10.18313  12.89863  -0.000002136194 -0.000008137236 -0.000007059911
  121    Si     6.10987  11.54087   0.67888   0.000005367032 -0.000011604128  0.000018266113
  122    Si     8.82538  11.54087   3.39437  -0.000012128715  0.000007149026  0.000007478958
  123    Si     6.10987  14.25638   3.39437  -0.000002095568 -0.000004492700  0.000011596281
  124    Si     8.82538  14.25638   0.67888  -0.000001188757 -0.000000736877 -0.000005538841
  125    Si    10.18313  12.89863   2.03662  -0.000003427676 -0.000009099658  0.000010160658
  126    Si    10.18313  15.61412   4.75213  -0.000004286344 -0.000007260283 -0.000000922422
  127    Si     7.46762  12.89863   4.75213   0.000007363797 -0.000005065277 -0.000012896788
  128    Si     7.46762  15.61412   2.03662   0.000003970370 -0.000000054893  0.000003824868
  129    Si     6.10987  11.54087   6.10987   0.000003806867  0.000010592833 -0.000003459133
  130    Si     8.82538  11.54087   8.82538  -0.000007224903  0.000008118495 -0.000008161085
  131    Si     6.10987  14.25638   8.82538  -0.000000296410  0.000015122498 -0.000008924202
  132    Si     8.82538  14.25638   6.10987  -0.000010272290  0.000001481447  0.000001827478
  133    Si    10.18313  12.89863   7.46762  -0.000005876266  0.000001492579 -0.000004398005
  134    Si    10.18313  15.61412  10.18313   0.000003953298  0.000006232448  0.000000744279
  135    Si     7.46762  12.89863  10.18313  -0.000002158097 -0.000007029026 -0.000008144224
  136    Si     7.46762  15.61412   7.46762   0.000013238071  0.000010916200  0.000010063700
  137    Si     6.10987  11.54087  11.54087   0.000003064417  0.000006265070  0.000006260340
  138    Si     8.82538  11.54087  14.25638  -0.000005867303  0.000004592772 -0.000000719790
  139    Si     6.10987  14.25638  14.25638  -0.000001997175 -0.000011479683 -0.000011485525
  140    Si     8.82538  14.25638  11.54087  -0.000005883860 -0.000000719907  0.000004606661
  141    Si    10.18313  12.89863  12.89863  -0.000000773530 -0.000006660488 -0.000006691081
  142    Si    10.18313  15.61412  15.61412   0.000002235945  0.000005565499  0.000005587851
  143    Si     7.46762  12.89863  15.61412   0.000004661127 -0.000006359829  0.000018584111
  144    Si     7.46762  15.61412  12.89863   0.000004677839  0.000018572567 -0.000006378834
  145    Si    11.54087   0.67888   0.67888   0.000013432566 -0.000008148485 -0.000008152497
  146    Si    14.25638   0.67888   3.39437   0.000179293287 -0.000112577162 -0.000182474411
  147    Si    11.54087   3.39437   3.39437   0.000006634249  0.000003531358  0.000003555156
  148    Si    14.25638   3.39437   0.67888   0.000179326403 -0.000182545346 -0.000112983743
  149    Si    15.61412   2.03662   2.03662   0.003262979736 -0.002166831238 -0.002166943609
  150    Si    15.61412   4.75213   4.75213   0.000180889531  0.000045691140  0.000045774805
  151    Si    12.89863   2.03662   4.75213   0.000014354137  0.000055149625 -0.000022769842
  152    Si    12.89863   4.75213   2.03662   0.000014313753 -0.000022761563  0.000055026484
  153    Si    11.54087   0.67888   6.10987   0.000006654279 -0.000022727610 -0.000013094779
  154    Si    14.25638   0.67888   8.82538   0.000011123768 -0.000002890956 -0.000002884723
  155    Si    11.54087   3.39437   8.82538   0.000008754169  0.000024322190 -0.000007223173
  156    Si    14.25638   3.39437   6.10987   0.000014138597  0.000031369919 -0.000011734268
  157    Si    15.61412   2.03662   7.46762  -0.000013583542  0.000001250063  0.000000004867
  158    Si    15.61412   4.75213  10.18313  -0.000006427089 -0.000011801945 -0.000011225271
  159    Si    12.89863   2.03662  10.18313  -0.000004478713 -0.000009193120 -0.000001800656
  160    Si    12.89863   4.75213   7.46762  -0.000009179951 -0.000031443531  0.000012888648
  161    Si    11.54087   0.67888  11.54087   0.000012753792  0.000010875624  0.000022916235
  162    Si    14.25638   0.67888  14.25638   0.000178476277  0.000102458640  0.000185401869
  163    Si    11.54087   3.39437  14.25638   0.000000999983 -0.000008811102  0.000010820328
  164    Si    14.25638   3.39437  11.54087   0.000013369564  0.000027768608  0.000007712331
  165    Si    15.61412   2.03662  12.89863  -0.000029304095 -0.000040271972 -0.000029994491
  166    Si    15.61412   4.75213  15.61412  -0.000023879711  0.000019099877  0.000047610641
  167    Si    12.89863   2.03662  15.61412  -0.000005123517  0.000027794031 -0.000025945367
  168    Si    12.89863   4.75213  12.89863  -0.000015178126 -0.000008313563 -0.000008007003
  169    Si    11.54087   6.10987   0.67888   0.000006776103 -0.000013101464 -0.000022699299
  170    Si    14.25638   6.10987   3.39437   0.000014122668 -0.000011720210  0.000031296790
  171    Si    11.54087   8.82538   3.39437   0.000008763515 -0.000007242099  0.000024291324
  172    Si    14.25638   8.82538   0.67888   0.000011040053 -0.000002889002 -0.000002886613
  173    Si    15.61412   7.46762   2.03662  -0.000013590346  0.000000009301  0.000001438082
  174    Si    15.61412  10.18313   4.75213  -0.000006409618 -0.000011208008 -0.000011783583
  175    Si    12.89863   7.46762   4.75213  -0.000009279515  0.000012910193 -0.000031432709
  176    Si    12.89863  10.18313   2.03662  -0.000004503841 -0.000001802458 -0.000009188004
  177    Si    11.54087   6.10987   6.10987   0.000010932384  0.000003430338  0.000003419066
  178    Si    14.25638   6.10987   8.82538   0.000002608749  0.000015200753 -0.000008670210
  179    Si    11.54087   8.82538   8.82538   0.000009845914 -0.000008157079 -0.000008161188
  180    Si    14.25638   8.82538   6.10987   0.000002619372 -0.000008664017  0.000015200069
  181    Si    15.61412   7.46762   7.46762   0.000070101052  0.000010403637  0.000010379693
  182    Si    15.61412  10.18313  10.18313   0.000068237433 -0.000001425738 -0.000001420255
  183    Si    12.89863   7.46762  10.18313  -0.000003466954 -0.000001351519  0.000003351774
  184    Si    12.89863  10.18313   7.46762  -0.000003484141  0.000003350802 -0.000001333887
  185    Si    11.54087   6.10987  11.54087   0.000006663242  0.000002632501 -0.000000620831
  186    Si    14.25638   6.10987  14.25638   0.000014260195 -0.000004840976 -0.000024889273
  187    Si    11.54087   8.82538  14.25638   0.000002661889 -0.000004605138 -0.000014464958
  188    Si    14.25638   8.82538  11.54087   0.000003494509 -0.000001345236 -0.000012312047
  189    Si    15.61412   7.46762  12.89863  -0.000001142612  0.000018491496  0.000000735474
  190    Si    15.61412  10.18313  15.61412  -0.000013573149  0.000003739396  0.000002322203
  191    Si    12.89863   7.46762  15.61412  -0.000005539838  0.000009957994  0.000017350333
  192    Si    12.89863  10.18313  12.89863  -0.000003203067 -0.000003064494  0.000019590620
  193    Si    11.54087  11.54087   0.67888   0.000012857991  0.000022947005  0.000010852776
  194    Si    14.25638  11.54087   3.39437   0.000013383439  0.000007731563  0.000027768748
  195    Si    11.54087  14.25638   3.39437   0.000001017261  0.000010807340 -0.000008805476
  196    Si    14.25638  14.25638   0.67888   0.000178502033  0.000185477992  0.000102862956
  197    Si    15.61412  12.89863   2.03662  -0.000029154700 -0.000030078383 -0.000040347522
  198    Si    15.61412  15.61412   4.75213  -0.000024045595  0.000047531456  0.000018999300
  199    Si    12.89863  12.89863   4.75213  -0.000015177769 -0.000007999615 -0.000008314662
  200    Si    12.89863  15.61412   2.03662  -0.000005106968 -0.000025846408  0.000027912048
  201    Si    11.54087  11.54087   6.10987   0.000006645982 -0.000000634773  0.000002637086
  202    Si    14.25638  11.54087   8.82538   0.000003483848 -0.000012308418 -0.000001341250
  203    Si    11.54087  14.25638   8.82538   0.000002669854 -0.000014471736 -0.000004618512
  204    Si    14.25638  14.25638   6.10987   0.000014247958 -0.000024884282 -0.000004826235
  205    Si    15.61412  12.89863   7.46762  -0.000001142928  0.000000770682  0.000018518430
  206    Si    15.61412  15.61412  10.18313  -0.000013602194  0.000002502732  0.000003751177
  207    Si    12.89863  12.89863  10.18313  -0.000003086958  0.000019595272 -0.000003067267
  208    Si    12.89863  15.61412   7.46762  -0.000005514155  0.000017351441  0.000009960462
  209    Si    11.54087  11.54087  11.54087   0.000011969324  0.000004725894  0.000004741277
  210    Si    14.25638  11.54087  14.25638   0.000014129924  0.000018837079 -0.000024172014
  211    Si    11.54087  14.25638  14.25638   0.000005603516  0.000004634182  0.000004614415
  212    Si    14.25638  14.25638  11.54087   0.000014143704 -0.000024253161  0.000018857869
  213    Si    15.61412  12.89863  12.89863   0.000180894714 -0.000063663815 -0.000063711060
  214    Si    15.61412  15.61412  15.61412   0.003264895469  0.002175708188  0.002175807867
  215    Si    12.89863  12.89863  15.61412   0.000008187557  0.000010903689 -0.000045157196
  216    Si    12.89863  15.61412  12.89863   0.000008244914 -0.000045255804  0.000010917169
coordinates.forces>

***********************************************************
***********************************************************
       Fractional coordinates of the final structure       
***********************************************************
***********************************************************

     1     Si     0.04473547000000   0.04166667000000   0.04166667000000
     2     Si     0.20833333000000   0.04166667000000   0.20833333000000
     3     Si     0.04166667000000   0.20833333000000   0.20833333000000
     4     Si     0.20833333000000   0.20833333000000   0.04166667000000
     5     Si     0.29166667000000   0.12500000000000   0.12500000000000
     6     Si     0.29166667000000   0.29166667000000   0.29166667000000
     7     Si     0.12500000000000   0.12500000000000   0.29166667000000
     8     Si     0.12500000000000   0.29166667000000   0.12500000000000
     9     Si     0.04166667000000   0.04166667000000   0.37500000000000
    10     Si     0.20833333000000   0.04166667000000   0.54166667000000
    11     Si     0.04166667000000   0.20833333000000   0.54166667000000
    12     Si     0.20833333000000   0.20833333000000   0.37500000000000
    13     Si     0.29166667000000   0.12500000000000   0.45833333000000
    14     Si     0.29166667000000   0.29166667000000   0.62500000000000
    15     Si     0.12500000000000   0.12500000000000   0.62500000000000
    16     Si     0.12500000000000   0.29166667000000   0.45833333000000
    17     Si     0.04166667000000   0.04166667000000   0.70833333000000
    18     Si     0.20833333000000   0.04166667000000   0.87500000000000
    19     Si     0.04166667000000   0.20833333000000   0.87500000000000
    20     Si     0.20833333000000   0.20833333000000   0.70833333000000
    21     Si     0.29166667000000   0.12500000000000   0.79166667000000
    22     Si     0.29166667000000   0.29166667000000   0.95833333000000
    23     Si     0.12500000000000   0.12500000000000   0.95833333000000
    24     Si     0.12500000000000   0.29166667000000   0.79166667000000
    25     Si     0.04166667000000   0.37500000000000   0.04166667000000
    26     Si     0.20833333000000   0.37500000000000   0.20833333000000
    27     Si     0.04166667000000   0.54166667000000   0.20833333000000
    28     Si     0.20833333000000   0.54166667000000   0.04166667000000
    29     Si     0.29166667000000   0.45833333000000   0.12500000000000
    30     Si     0.29166667000000   0.62500000000000   0.29166667000000
    31     Si     0.12500000000000   0.45833333000000   0.29166667000000
    32     Si     0.12500000000000   0.62500000000000   0.12500000000000
    33     Si     0.04166667000000   0.37500000000000   0.37500000000000
    34     Si     0.20833333000000   0.37500000000000   0.54166667000000
    35     Si     0.04166667000000   0.54166667000000   0.54166667000000
    36     Si     0.20833333000000   0.54166667000000   0.37500000000000
    37     Si     0.29166667000000   0.45833333000000   0.45833333000000
    38     Si     0.29166667000000   0.62500000000000   0.62500000000000
    39     Si     0.12500000000000   0.45833333000000   0.62500000000000
    40     Si     0.12500000000000   0.62500000000000   0.45833333000000
    41     Si     0.04166667000000   0.37500000000000   0.70833333000000
    42     Si     0.20833333000000   0.37500000000000   0.87500000000000
    43     Si     0.04166667000000   0.54166667000000   0.87500000000000
    44     Si     0.20833333000000   0.54166667000000   0.70833333000000
    45     Si     0.29166667000000   0.45833333000000   0.79166667000000
    46     Si     0.29166667000000   0.62500000000000   0.95833333000000
    47     Si     0.12500000000000   0.45833333000000   0.95833333000000
    48     Si     0.12500000000000   0.62500000000000   0.79166667000000
    49     Si     0.04166667000000   0.70833333000000   0.04166667000000
    50     Si     0.20833333000000   0.70833333000000   0.20833333000000
    51     Si     0.04166667000000   0.87500000000000   0.20833333000000
    52     Si     0.20833333000000   0.87500000000000   0.04166667000000
    53     Si     0.29166667000000   0.79166667000000   0.12500000000000
    54     Si     0.29166667000000   0.95833333000000   0.29166667000000
    55     Si     0.12500000000000   0.79166667000000   0.29166667000000
    56     Si     0.12500000000000   0.95833333000000   0.12500000000000
    57     Si     0.04166667000000   0.70833333000000   0.37500000000000
    58     Si     0.20833333000000   0.70833333000000   0.54166667000000
    59     Si     0.04166667000000   0.87500000000000   0.54166667000000
    60     Si     0.20833333000000   0.87500000000000   0.37500000000000
    61     Si     0.29166667000000   0.79166667000000   0.45833333000000
    62     Si     0.29166667000000   0.95833333000000   0.62500000000000
    63     Si     0.12500000000000   0.79166667000000   0.62500000000000
    64     Si     0.12500000000000   0.95833333000000   0.45833333000000
    65     Si     0.04166667000000   0.70833333000000   0.70833333000000
    66     Si     0.20833333000000   0.70833333000000   0.87500000000000
    67     Si     0.04166667000000   0.87500000000000   0.87500000000000
    68     Si     0.20833333000000   0.87500000000000   0.70833333000000
    69     Si     0.29166667000000   0.79166667000000   0.79166667000000
    70     Si     0.29166667000000   0.95833333000000   0.95833333000000
    71     Si     0.12500000000000   0.79166667000000   0.95833333000000
    72     Si     0.12500000000000   0.95833333000000   0.79166667000000
    73     Si     0.37500000000000   0.04166667000000   0.04166667000000
    74     Si     0.54166667000000   0.04166667000000   0.20833333000000
    75     Si     0.37500000000000   0.20833333000000   0.20833333000000
    76     Si     0.54166667000000   0.20833333000000   0.04166667000000
    77     Si     0.62500000000000   0.12500000000000   0.12500000000000
    78     Si     0.62500000000000   0.29166667000000   0.29166667000000
    79     Si     0.45833333000000   0.12500000000000   0.29166667000000
    80     Si     0.45833333000000   0.29166667000000   0.12500000000000
    81     Si     0.37500000000000   0.04166667000000   0.37500000000000
    82     Si     0.54166667000000   0.04166667000000   0.54166667000000
    83     Si     0.37500000000000   0.20833333000000   0.54166667000000
    84     Si     0.54166667000000   0.20833333000000   0.37500000000000
    85     Si     0.62500000000000   0.12500000000000   0.45833333000000
    86     Si     0.62500000000000   0.29166667000000   0.62500000000000
    87     Si     0.45833333000000   0.12500000000000   0.62500000000000
    88     Si     0.45833333000000   0.29166667000000   0.45833333000000
    89     Si     0.37500000000000   0.04166667000000   0.70833333000000
    90     Si     0.54166667000000   0.04166667000000   0.87500000000000
    91     Si     0.37500000000000   0.20833333000000   0.87500000000000
    92     Si     0.54166667000000   0.20833333000000   0.70833333000000
    93     Si     0.62500000000000   0.12500000000000   0.79166667000000
    94     Si     0.62500000000000   0.29166667000000   0.95833333000000
    95     Si     0.45833333000000   0.12500000000000   0.95833333000000
    96     Si     0.45833333000000   0.29166667000000   0.79166667000000
    97     Si     0.37500000000000   0.37500000000000   0.04166667000000
    98     Si     0.54166667000000   0.37500000000000   0.20833333000000
    99     Si     0.37500000000000   0.54166667000000   0.20833333000000
   100     Si     0.54166667000000   0.54166667000000   0.04166667000000
   101     Si     0.62500000000000   0.45833333000000   0.12500000000000
   102     Si     0.62500000000000   0.62500000000000   0.29166667000000
   103     Si     0.45833333000000   0.45833333000000   0.29166667000000
   104     Si     0.45833333000000   0.62500000000000   0.12500000000000
   105     Si     0.37500000000000   0.37500000000000   0.37500000000000
   106     Si     0.54166667000000   0.37500000000000   0.54166667000000
   107     Si     0.37500000000000   0.54166667000000   0.54166667000000
   108     Si     0.54166667000000   0.54166667000000   0.37500000000000
   109     Si     0.62500000000000   0.45833333000000   0.45833333000000
   110     Si     0.62500000000000   0.62500000000000   0.62500000000000
   111     Si     0.45833333000000   0.45833333000000   0.62500000000000
   112     Si     0.45833333000000   0.62500000000000   0.45833333000000
   113     Si     0.37500000000000   0.37500000000000   0.70833333000000
   114     Si     0.54166667000000   0.37500000000000   0.87500000000000
   115     Si     0.37500000000000   0.54166667000000   0.87500000000000
   116     Si     0.54166667000000   0.54166667000000   0.70833333000000
   117     Si     0.62500000000000   0.45833333000000   0.79166667000000
   118     Si     0.62500000000000   0.62500000000000   0.95833333000000
   119     Si     0.45833333000000   0.45833333000000   0.95833333000000
   120     Si     0.45833333000000   0.62500000000000   0.79166667000000
   121     Si     0.37500000000000   0.70833333000000   0.04166667000000
   122     Si     0.54166667000000   0.70833333000000   0.20833333000000
   123     Si     0.37500000000000   0.87500000000000   0.20833333000000
   124     Si     0.54166667000000   0.87500000000000   0.04166667000000
   125     Si     0.62500000000000   0.79166667000000   0.12500000000000
   126     Si     0.62500000000000   0.95833333000000   0.29166667000000
   127     Si     0.45833333000000   0.79166667000000   0.29166667000000
   128     Si     0.45833333000000   0.95833333000000   0.12500000000000
   129     Si     0.37500000000000   0.70833333000000   0.37500000000000
   130     Si     0.54166667000000   0.70833333000000   0.54166667000000
   131     Si     0.37500000000000   0.87500000000000   0.54166667000000
   132     Si     0.54166667000000   0.87500000000000   0.37500000000000
   133     Si     0.62500000000000   0.79166667000000   0.45833333000000
   134     Si     0.62500000000000   0.95833333000000   0.62500000000000
   135     Si     0.45833333000000   0.79166667000000   0.62500000000000
   136     Si     0.45833333000000   0.95833333000000   0.45833333000000
   137     Si     0.37500000000000   0.70833333000000   0.70833333000000
   138     Si     0.54166667000000   0.70833333000000   0.87500000000000
   139     Si     0.37500000000000   0.87500000000000   0.87500000000000
   140     Si     0.54166667000000   0.87500000000000   0.70833333000000
   141     Si     0.62500000000000   0.79166667000000   0.79166667000000
   142     Si     0.62500000000000   0.95833333000000   0.95833333000000
   143     Si     0.45833333000000   0.79166667000000   0.95833333000000
   144     Si     0.45833333000000   0.95833333000000   0.79166667000000
   145     Si     0.70833333000000   0.04166667000000   0.04166667000000
   146     Si     0.87500000000000   0.04166667000000   0.20833333000000
   147     Si     0.70833333000000   0.20833333000000   0.20833333000000
   148     Si     0.87500000000000   0.20833333000000   0.04166667000000
   149     Si     0.95833333000000   0.12500000000000   0.12500000000000
   150     Si     0.95833333000000   0.29166667000000   0.29166667000000
   151     Si     0.79166667000000   0.12500000000000   0.29166667000000
   152     Si     0.79166667000000   0.29166667000000   0.12500000000000
   153     Si     0.70833333000000   0.04166667000000   0.37500000000000
   154     Si     0.87500000000000   0.04166667000000   0.54166667000000
   155     Si     0.70833333000000   0.20833333000000   0.54166667000000
   156     Si     0.87500000000000   0.20833333000000   0.37500000000000
   157     Si     0.95833333000000   0.12500000000000   0.45833333000000
   158     Si     0.95833333000000   0.29166667000000   0.62500000000000
   159     Si     0.79166667000000   0.12500000000000   0.62500000000000
   160     Si     0.79166667000000   0.29166667000000   0.45833333000000
   161     Si     0.70833333000000   0.04166667000000   0.70833333000000
   162     Si     0.87500000000000   0.04166667000000   0.87500000000000
   163     Si     0.70833333000000   0.20833333000000   0.87500000000000
   164     Si     0.87500000000000   0.20833333000000   0.70833333000000
   165     Si     0.95833333000000   0.12500000000000   0.79166667000000
   166     Si     0.95833333000000   0.29166667000000   0.95833333000000
   167     Si     0.79166667000000   0.12500000000000   0.95833333000000
   168     Si     0.79166667000000   0.29166667000000   0.79166667000000
   169     Si     0.70833333000000   0.37500000000000   0.04166667000000
   170     Si     0.87500000000000   0.37500000000000   0.20833333000000
   171     Si     0.70833333000000   0.54166667000000   0.20833333000000
   172     Si     0.87500000000000   0.54166667000000   0.04166667000000
   173     Si     0.95833333000000   0.45833333000000   0.12500000000000
   174     Si     0.95833333000000   0.62500000000000   0.29166667000000
   175     Si     0.79166667000000   0.45833333000000   0.29166667000000
   176     Si     0.79166667000000   0.62500000000000   0.12500000000000
   177     Si     0.70833333000000   0.37500000000000   0.37500000000000
   178     Si     0.87500000000000   0.37500000000000   0.54166667000000
   179     Si     0.70833333000000   0.54166667000000   0.54166667000000
   180     Si     0.87500000000000   0.54166667000000   0.37500000000000
   181     Si     0.95833333000000   0.45833333000000   0.45833333000000
   182     Si     0.95833333000000   0.62500000000000   0.62500000000000
   183     Si     0.79166667000000   0.45833333000000   0.62500000000000
   184     Si     0.79166667000000   0.62500000000000   0.45833333000000
   185     Si     0.70833333000000   0.37500000000000   0.70833333000000
   186     Si     0.87500000000000   0.37500000000000   0.87500000000000
   187     Si     0.70833333000000   0.54166667000000   0.87500000000000
   188     Si     0.87500000000000   0.54166667000000   0.70833333000000
   189     Si     0.95833333000000   0.45833333000000   0.79166667000000
   190     Si     0.95833333000000   0.62500000000000   0.95833333000000
   191     Si     0.79166667000000   0.45833333000000   0.95833333000000
   192     Si     0.79166667000000   0.62500000000000   0.79166667000000
   193     Si     0.70833333000000   0.70833333000000   0.04166667000000
   194     Si     0.87500000000000   0.70833333000000   0.20833333000000
   195     Si     0.70833333000000   0.87500000000000   0.20833333000000
   196     Si     0.87500000000000   0.87500000000000   0.04166667000000
   197     Si     0.95833333000000   0.79166667000000   0.12500000000000
   198     Si     0.95833333000000   0.95833333000000   0.29166667000000
   199     Si     0.79166667000000   0.79166667000000   0.29166667000000
   200     Si     0.79166667000000   0.95833333000000   0.12500000000000
   201     Si     0.70833333000000   0.70833333000000   0.37500000000000
   202     Si     0.87500000000000   0.70833333000000   0.54166667000000
   203     Si     0.70833333000000   0.87500000000000   0.54166667000000
   204     Si     0.87500000000000   0.87500000000000   0.37500000000000
   205     Si     0.95833333000000   0.79166667000000   0.45833333000000
   206     Si     0.95833333000000   0.95833333000000   0.62500000000000
   207     Si     0.79166667000000   0.79166667000000   0.62500000000000
   208     Si     0.79166667000000   0.95833333000000   0.45833333000000
   209     Si     0.70833333000000   0.70833333000000   0.70833333000000
   210     Si     0.87500000000000   0.70833333000000   0.87500000000000
   211     Si     0.70833333000000   0.87500000000000   0.87500000000000
   212     Si     0.87500000000000   0.87500000000000   0.70833333000000
   213     Si     0.95833333000000   0.79166667000000   0.79166667000000
   214     Si     0.95833333000000   0.95833333000000   0.95833333000000
   215     Si     0.79166667000000   0.79166667000000   0.95833333000000
   216     Si     0.79166667000000   0.95833333000000   0.79166667000000

***********************************************************
***********************************************************
               Computational Time (second)                 
***********************************************************
***********************************************************

   Elapsed.Time.       667.086

                               Min_ID   Min_Time       Max_ID   Max_Time
   Total Computational Time =    12      665.910          0      667.086
   readfile                 =    10        2.422          0        2.422
   truncation               =    10        5.065          4        5.109
   MD_pac                   =     0        0.002          2        0.003
   OutData                  =     8        9.273          0       10.448
   HWF                      =     0        0.000          0        0.000
   DFT                      =     4      649.068         10      649.112

*** In DFT ***

   Set_OLP_Kin              =     2        0.814         12        1.657
   Set_Nonlocal             =    12        0.832          2        1.675
   Set_ProExpn_VNA          =     0       24.236          1       24.621
   Set_Hamiltonian          =     7      244.945          1      244.945
   Poisson                  =    11        1.189         13        1.189
   Diagonalization          =     0      237.434          3      237.435
   Mixing_DM                =     2       13.624         13       13.624
   Force                    =     6       15.277          0       15.277
   Total_Energy             =     7        1.495          0        1.495
   Set_Aden_Grid            =     2        0.398         15        0.419
   Set_Orbitals_Grid        =    10        1.004          4        1.112
   Set_Density_Grid         =     4       86.805          1       86.843
   RestartFileDFT           =    12        0.024          0        0.024
   Mulliken_Charge          =     0        1.804         10        1.804
   FFT(2D)_Density          =    11        3.361          1        3.361
   Others                   =     1       14.495         13       14.886
